n,s1,1_p_s2,s2,beta,q,sqrt_q,rep_no,eigen_mat_rerr,eigen_mat_terr,eigen_mat_ev_time,eigen_mat_cal_translation_time
500,0.0,0.0,0.0,1,1,1,0,9.019323664388912e-15,1.319811913244136e-14,1.3362598419189453,0.18511271476745605
500,0.0,0.0,0.0,1,1,1,1,1.0706333851377756e-14,1.5033430317593963e-14,1.083068609237671,0.14744043350219727
500,0.0,0.0,0.0,1,1,1,2,1.1742708010262445e-14,2.3953045675415834e-14,0.9743239879608154,0.17989635467529297
500,0.0,0.0,0.0,1,1,1,3,8.009539715085931e-15,2.044378556792766e-14,1.3646771907806396,0.14757990837097168
500,0.0,0.0,0.0,1,1,1,4,8.820335894369969e-15,1.858189665791858e-14,0.5041928291320801,0.07600665092468262
500,0.0,0.0,0.0,1,1,1,5,4.641026939439471e-15,9.930757227133818e-15,0.3728368282318115,0.07449913024902344
500,0.0,0.0,0.0,1,1,1,6,8.954787086106591e-15,1.8458104707525324e-14,0.4191446304321289,0.07949185371398926
500,0.0,0.0,0.0,1,1,1,7,9.875087086371707e-15,1.0019109251294436e-14,0.3445606231689453,0.08752155303955078
500,0.0,0.0,0.0,1,1,1,8,6.667838889992956e-15,1.6413287273821033e-14,0.3568134307861328,0.08098864555358887
500,0.0,0.0,0.0,1,1,1,9,1.2624207643991313e-14,2.7433294179381545e-14,0.2943851947784424,0.054531097412109375
500,0.0,0.0,0.0,1,1,1,10,7.819100895265996e-15,1.588278710893358e-14,0.33716559410095215,0.07448363304138184
500,0.0,0.0,0.0,1,1,1,11,7.96016120872383e-15,8.074153716986702e-15,0.30940842628479004,0.07049727439880371
500,0.0,0.0,0.0,1,1,1,12,1.2631623145448814e-14,2.9121935081151597e-14,0.3005661964416504,0.0682220458984375
500,0.0,0.0,0.0,1,1,1,13,1.0733756930695691e-14,2.6610403905252075e-14,0.3025803565979004,0.061515092849731445
500,0.0,0.0,0.0,1,1,1,14,5.916822133298703e-15,8.13195736403482e-15,0.30259037017822266,0.06861567497253418
500,0.0,0.0,0.0,1,1,1,15,1.123452995667602e-14,3.5758532592114385e-14,0.30358219146728516,0.06255197525024414
500,0.0,0.0,0.0,1,1,1,16,1.027305995999102e-14,1.1044905767884262e-14,0.4027721881866455,0.08153557777404785
500,0.0,0.0,0.0,1,1,1,17,1.1265368647648887e-14,1.6718351577865557e-14,0.31876373291015625,0.07460689544677734
500,0.0,0.0,0.0,1,1,1,18,1.599882034979097e-14,3.078662660349532e-14,0.3028860092163086,0.062096595764160156
500,0.0,0.0,0.0,1,1,1,19,1.4303522909419144e-14,2.313103778402844e-14,0.3161196708679199,0.06949448585510254
500,0.0,0.0,0.0,1,1,1,20,1.2844194853700468e-14,1.1601830607332886e-14,0.3666541576385498,0.07200384140014648
500,0.0,0.0,0.0,1,1,1,21,1.2822745506644057e-14,1.759913618335601e-14,0.33965086936950684,0.06751132011413574
500,0.0,0.0,0.0,1,1,1,22,7.192283195361933e-15,1.1353082239732384e-14,0.3208160400390625,0.07577133178710938
500,0.0,0.0,0.0,1,1,1,23,8.74983240692537e-15,2.0585499726695028e-14,0.3975212574005127,0.08640503883361816
500,0.0,0.0,0.0,1,1,1,24,9.289709844651852e-15,1.3595586447615944e-14,0.4606754779815674,0.08820986747741699
500,0.2,0.44000000000000006,0.2,1,1,1,0,0.03928064332879629,0.03065351715211065,0.36939001083374023,0.07441854476928711
500,0.2,0.44000000000000006,0.2,1,1,1,1,0.036736935569953645,0.040720192259571714,0.36421775817871094,0.0725860595703125
500,0.2,0.44000000000000006,0.2,1,1,1,2,0.03769116728075163,0.03535383283069646,0.3519906997680664,0.0765221118927002
500,0.2,0.44000000000000006,0.2,1,1,1,3,0.037616973911889486,0.03480746435820826,0.3522791862487793,0.06900382041931152
500,0.2,0.44000000000000006,0.2,1,1,1,4,0.03397710288454951,0.02974771393093332,0.3482537269592285,0.07351040840148926
500,0.2,0.44000000000000006,0.2,1,1,1,5,0.036922088898787446,0.03912682234803436,0.3625779151916504,0.07351207733154297
500,0.2,0.44000000000000006,0.2,1,1,1,6,0.03459361848879013,0.03628973983032166,0.4084286689758301,0.08304190635681152
500,0.2,0.44000000000000006,0.2,1,1,1,7,0.034778500865828545,0.04172768573770541,0.3671424388885498,0.07549428939819336
500,0.2,0.44000000000000006,0.2,1,1,1,8,0.03825429242988203,0.040267333028681976,0.36409640312194824,0.07851696014404297
500,0.2,0.44000000000000006,0.2,1,1,1,9,0.032415686082823615,0.03051302395473358,0.35807037353515625,0.07551407814025879
500,0.2,0.44000000000000006,0.2,1,1,1,10,0.03530757577796317,0.028625828602463557,0.37369585037231445,0.08350896835327148
500,0.2,0.44000000000000006,0.2,1,1,1,11,0.032937689219463925,0.03860677602585,0.4085676670074463,0.08551359176635742
500,0.2,0.44000000000000006,0.2,1,1,1,12,0.04108763386358011,0.03677247947950631,0.42754054069519043,0.09249544143676758
500,0.2,0.44000000000000006,0.2,1,1,1,13,0.033633717958727834,0.05301824629808105,0.5921072959899902,0.09994840621948242
500,0.2,0.44000000000000006,0.2,1,1,1,14,0.037912452270663755,0.04029406201794383,0.42809581756591797,0.08733773231506348
500,0.2,0.44000000000000006,0.2,1,1,1,15,0.03316470260662858,0.03742251239982634,0.41466307640075684,0.08197283744812012
500,0.2,0.44000000000000006,0.2,1,1,1,16,0.039284412021188486,0.03477090343576849,0.4779524803161621,0.09151244163513184
500,0.2,0.44000000000000006,0.2,1,1,1,17,0.04011440273477536,0.04189365696762712,0.4436814785003662,0.0944972038269043
500,0.2,0.44000000000000006,0.2,1,1,1,18,0.03277431202929316,0.036471681196800006,0.48388075828552246,0.09751486778259277
500,0.2,0.44000000000000006,0.2,1,1,1,19,0.036657830701423706,0.03085341944402738,0.5015766620635986,0.10948705673217773
500,0.2,0.44000000000000006,0.2,1,1,1,20,0.03328393295433024,0.037777417417650005,0.8122615814208984,0.12603998184204102
500,0.2,0.44000000000000006,0.2,1,1,1,21,0.04122988374846606,0.03626976730324351,0.5292494297027588,0.1382739543914795
500,0.2,0.44000000000000006,0.2,1,1,1,22,0.03281064635046928,0.03633245973406156,0.5404927730560303,0.11301422119140625
500,0.2,0.44000000000000006,0.2,1,1,1,23,0.03919823345203129,0.030631407053089248,0.503101110458374,0.10852861404418945
500,0.2,0.44000000000000006,0.2,1,1,1,24,0.03483869750319656,0.03442484932454042,0.4934232234954834,0.1090390682220459
500,0.4,0.96,0.4,1,1,1,0,0.07866105932525307,0.05723066796522121,0.6203832626342773,0.12618803977966309
500,0.4,0.96,0.4,1,1,1,1,0.08078215949462088,0.058555243418311274,0.5152378082275391,0.11808252334594727
500,0.4,0.96,0.4,1,1,1,2,0.08091832321920014,0.08066343056500788,0.48436474800109863,0.10854935646057129
500,0.4,0.96,0.4,1,1,1,3,0.06288702019863075,0.07149574153754741,0.49935150146484375,0.11065411567687988
500,0.4,0.96,0.4,1,1,1,4,0.07512763833655972,0.07387251106270036,0.5384714603424072,0.11154675483703613
500,0.4,0.96,0.4,1,1,1,5,0.06709376884658268,0.05700596423384271,0.5195121765136719,0.12549853324890137
500,0.4,0.96,0.4,1,1,1,6,0.06730014390852478,0.06958642196189697,0.6081876754760742,0.15306329727172852
500,0.4,0.96,0.4,1,1,1,7,0.07816336750827817,0.06799773198349453,0.5262546539306641,0.11182856559753418
500,0.4,0.96,0.4,1,1,1,8,0.0711194833112688,0.08426458663705742,0.5037648677825928,0.1125328540802002
500,0.4,0.96,0.4,1,1,1,9,0.06961742137485986,0.06974425927084357,0.49213194847106934,0.11750245094299316
500,0.4,0.96,0.4,1,1,1,10,0.06592031273651898,0.07273736658200029,0.5443000793457031,0.10851907730102539
500,0.4,0.96,0.4,1,1,1,11,0.08949809096433801,0.09881040684177023,0.6752233505249023,0.14806485176086426
500,0.4,0.96,0.4,1,1,1,12,0.0646696634099978,0.07347423722916706,0.5591192245483398,0.11191487312316895
500,0.4,0.96,0.4,1,1,1,13,0.06322532339821202,0.055721542939820484,0.4910721778869629,0.10454201698303223
500,0.4,0.96,0.4,1,1,1,14,0.0689362195512764,0.08123232639273616,0.5242829322814941,0.1105194091796875
500,0.4,0.96,0.4,1,1,1,15,0.06905809215536217,0.06484371911023243,0.4884979724884033,0.10703134536743164
500,0.4,0.96,0.4,1,1,1,16,0.07904639931314694,0.06859409489467186,0.627326488494873,0.12170076370239258
500,0.4,0.96,0.4,1,1,1,17,0.07694674583273219,0.06159247249712958,0.7832658290863037,0.1657731533050537
500,0.4,0.96,0.4,1,1,1,18,0.07326763922528659,0.08185208355844767,0.5557758808135986,0.1137242317199707
500,0.4,0.96,0.4,1,1,1,19,0.059731347420254086,0.07527617899783476,0.49113941192626953,0.10825991630554199
500,0.4,0.96,0.4,1,1,1,20,0.07382772828663856,0.0785866279331571,0.4968714714050293,0.12305068969726562
500,0.4,0.96,0.4,1,1,1,21,0.06727498970429369,0.0763750654790178,0.48272228240966797,0.10451531410217285
500,0.4,0.96,0.4,1,1,1,22,0.07759648517340098,0.0675392129192321,0.7014100551605225,0.1634223461151123
500,0.4,0.96,0.4,1,1,1,23,0.091521066748916,0.07094000975081372,0.5463755130767822,0.12765026092529297
500,0.4,0.96,0.4,1,1,1,24,0.061026781789930054,0.06919253956600595,0.5534942150115967,0.11751413345336914
500,0.6000000000000001,1.5600000000000003,0.6000000000000001,1,1,1,0,0.10664695710563078,0.11388661211338356,0.558570384979248,0.12206578254699707
500,0.6000000000000001,1.5600000000000003,0.6000000000000001,1,1,1,1,0.09385053442758479,0.11891981834276259,0.5036866664886475,0.08950018882751465
500,0.6000000000000001,1.5600000000000003,0.6000000000000001,1,1,1,2,0.10565345294970578,0.13420694684868462,0.5402069091796875,0.11966776847839355
500,0.6000000000000001,1.5600000000000003,0.6000000000000001,1,1,1,3,0.09709334811384378,0.11465026680310476,0.6522684097290039,0.15785670280456543
500,0.6000000000000001,1.5600000000000003,0.6000000000000001,1,1,1,4,0.13967569768163213,0.12007752202218194,0.5226163864135742,0.11007165908813477
500,0.6000000000000001,1.5600000000000003,0.6000000000000001,1,1,1,5,0.09251600662319366,0.10869169498687886,0.49043774604797363,0.10606026649475098
500,0.6000000000000001,1.5600000000000003,0.6000000000000001,1,1,1,6,0.10810795237501845,0.10664631054992886,0.5027170181274414,0.10250043869018555
500,0.6000000000000001,1.5600000000000003,0.6000000000000001,1,1,1,7,0.11808995016499536,0.10540004469106191,0.5196053981781006,0.11228084564208984
500,0.6000000000000001,1.5600000000000003,0.6000000000000001,1,1,1,8,0.10797958099835593,0.10803410212875048,0.6727805137634277,0.11604475975036621
500,0.6000000000000001,1.5600000000000003,0.6000000000000001,1,1,1,9,0.11205380934514918,0.11276485634341114,0.48218321800231934,0.10541296005249023
500,0.6000000000000001,1.5600000000000003,0.6000000000000001,1,1,1,10,0.12900586852500295,0.10392684083677159,0.5617914199829102,0.12759065628051758
500,0.6000000000000001,1.5600000000000003,0.6000000000000001,1,1,1,11,0.11284298877979775,0.0844134539100599,0.5320334434509277,0.11652255058288574
500,0.6000000000000001,1.5600000000000003,0.6000000000000001,1,1,1,12,0.09506899039836449,0.09425515017868205,0.70918869972229,0.14470219612121582
500,0.6000000000000001,1.5600000000000003,0.6000000000000001,1,1,1,13,0.10556992289865338,0.13458042780051915,0.8755507469177246,0.15733003616333008
500,0.6000000000000001,1.5600000000000003,0.6000000000000001,1,1,1,14,0.12498961892751945,0.10300221556226886,0.5154573917388916,0.10850167274475098
500,0.6000000000000001,1.5600000000000003,0.6000000000000001,1,1,1,15,0.09862457710775643,0.10496095346795291,0.5288834571838379,0.11349821090698242
500,0.6000000000000001,1.5600000000000003,0.6000000000000001,1,1,1,16,0.10346602333485184,0.10542497017584865,0.49511241912841797,0.11114025115966797
500,0.6000000000000001,1.5600000000000003,0.6000000000000001,1,1,1,17,0.11849419105866958,0.10446695346508751,0.5014557838439941,0.11551523208618164
500,0.6000000000000001,1.5600000000000003,0.6000000000000001,1,1,1,18,0.11625495025996041,0.10234912894870579,0.49164390563964844,0.11955952644348145
500,0.6000000000000001,1.5600000000000003,0.6000000000000001,1,1,1,19,0.09951586467728099,0.10641586295826301,0.5483458042144775,0.14975523948669434
500,0.6000000000000001,1.5600000000000003,0.6000000000000001,1,1,1,20,0.11031889129761027,0.12321918807454553,0.5941886901855469,0.13804388046264648
500,0.6000000000000001,1.5600000000000003,0.6000000000000001,1,1,1,21,0.10503049758249211,0.11114627921361395,0.6236073970794678,0.13348031044006348
500,0.6000000000000001,1.5600000000000003,0.6000000000000001,1,1,1,22,0.09760642974315725,0.11253002893455852,0.6083948612213135,0.1475362777709961
500,0.6000000000000001,1.5600000000000003,0.6000000000000001,1,1,1,23,0.095329982571588,0.0858807426417861,0.6862115859985352,0.13271617889404297
500,0.6000000000000001,1.5600000000000003,0.6000000000000001,1,1,1,24,0.10787697737587669,0.1168047002234032,0.8107073307037354,0.1615302562713623
500,0.8,2.2399999999999998,0.8,1,1,1,0,0.14873728416289275,0.14086741711588507,0.5654408931732178,0.13642358779907227
500,0.8,2.2399999999999998,0.8,1,1,1,1,0.1356949043277533,0.13445992894719844,0.6307032108306885,0.12274622917175293
500,0.8,2.2399999999999998,0.8,1,1,1,2,0.1372512058528952,0.14688057472095448,0.5449562072753906,0.11277365684509277
500,0.8,2.2399999999999998,0.8,1,1,1,3,0.13601212588963651,0.13444998512911852,0.6130526065826416,0.11325311660766602
500,0.8,2.2399999999999998,0.8,1,1,1,4,0.17974813716873522,0.12712728076230714,0.5706620216369629,0.14755654335021973
500,0.8,2.2399999999999998,0.8,1,1,1,5,0.12788282843220755,0.14632089505360527,0.6327924728393555,0.1559295654296875
500,0.8,2.2399999999999998,0.8,1,1,1,6,0.1406106177021489,0.17437886293978427,0.6475772857666016,0.10007929801940918
500,0.8,2.2399999999999998,0.8,1,1,1,7,0.16197555278352418,0.20410251753179287,0.6751930713653564,0.14397311210632324
500,0.8,2.2399999999999998,0.8,1,1,1,8,0.15049975349234235,0.16813028575088607,0.7910923957824707,0.13298845291137695
500,0.8,2.2399999999999998,0.8,1,1,1,9,0.14057131028080436,0.13187027380537777,0.6254544258117676,0.14861583709716797
500,0.8,2.2399999999999998,0.8,1,1,1,10,0.14569506639607258,0.15314791711297837,0.7115581035614014,0.17051124572753906
500,0.8,2.2399999999999998,0.8,1,1,1,11,0.13186901812755597,0.13841707996326189,0.6340420246124268,0.15113377571105957
500,0.8,2.2399999999999998,0.8,1,1,1,12,0.13042365756000093,0.1272331946639596,0.642592191696167,0.16295456886291504
500,0.8,2.2399999999999998,0.8,1,1,1,13,0.16307150122294845,0.14258804242264578,0.8455424308776855,0.13802838325500488
500,0.8,2.2399999999999998,0.8,1,1,1,14,0.13049955059478843,0.12396168254368492,0.6635608673095703,0.15123963356018066
500,0.8,2.2399999999999998,0.8,1,1,1,15,0.12889234595719232,0.13629772395863737,0.8086729049682617,0.13506412506103516
500,0.8,2.2399999999999998,0.8,1,1,1,16,0.1382518248487978,0.13593745042041097,0.5834119319915771,0.13468432426452637
500,0.8,2.2399999999999998,0.8,1,1,1,17,0.14293006727100419,0.1490605804208532,0.5845043659210205,0.13440465927124023
500,0.8,2.2399999999999998,0.8,1,1,1,18,0.14480690496858978,0.15355939612562933,0.6324770450592041,0.13219308853149414
500,0.8,2.2399999999999998,0.8,1,1,1,19,0.12810252050951532,0.15278959319390098,0.5690891742706299,0.15961742401123047
500,0.8,2.2399999999999998,0.8,1,1,1,20,0.15671853836095093,0.14240172896153494,0.9345474243164062,0.15603423118591309
500,0.8,2.2399999999999998,0.8,1,1,1,21,0.1305624422279699,0.12177297570264842,0.5699388980865479,0.13323521614074707
500,0.8,2.2399999999999998,0.8,1,1,1,22,0.1517648773085111,0.13401358682143832,0.6107056140899658,0.10594844818115234
500,0.8,2.2399999999999998,0.8,1,1,1,23,0.14199930905698038,0.14399403947942502,0.5812673568725586,0.13642096519470215
500,0.8,2.2399999999999998,0.8,1,1,1,24,0.12330308354578585,0.1255463104632572,0.5714521408081055,0.1439347267150879
500,1.0,3.0,1.0,1,1,1,0,0.1566249266923387,0.1895127992907191,0.9584367275238037,0.2011401653289795
500,1.0,3.0,1.0,1,1,1,1,0.1651126783595055,0.15522303476394708,1.0152013301849365,0.16342377662658691
500,1.0,3.0,1.0,1,1,1,2,0.1971459608773341,0.17187455366682317,0.6168124675750732,0.12251472473144531
500,1.0,3.0,1.0,1,1,1,3,0.17819306103732513,0.1751291034133833,0.5766351222991943,0.1345539093017578
500,1.0,3.0,1.0,1,1,1,4,0.1803324983098572,0.20641843810967084,0.7259409427642822,0.1761786937713623
500,1.0,3.0,1.0,1,1,1,5,0.15883398385101136,0.1655799713188158,0.6020317077636719,0.13420391082763672
500,1.0,3.0,1.0,1,1,1,6,0.16665492930845704,0.1699350574660017,0.6462991237640381,0.15959835052490234
500,1.0,3.0,1.0,1,1,1,7,0.16477219991046993,0.14599650385202848,0.6043829917907715,0.14803099632263184
500,1.0,3.0,1.0,1,1,1,8,0.16202341181586766,0.1788075603595364,0.9228222370147705,0.1951007843017578
500,1.0,3.0,1.0,1,1,1,9,0.1790115432183302,0.1839249257294191,1.0788319110870361,0.19223785400390625
500,1.0,3.0,1.0,1,1,1,10,0.17352527410598642,0.17246484495475958,0.6213910579681396,0.16296148300170898
500,1.0,3.0,1.0,1,1,1,11,0.19122420074023347,0.169535983298586,0.7489726543426514,0.14895892143249512
500,1.0,3.0,1.0,1,1,1,12,0.17555064345780522,0.16180766607301592,0.708404541015625,0.17470574378967285
500,1.0,3.0,1.0,1,1,1,13,0.19415945944274332,0.17972787315470976,0.9243247509002686,0.18104934692382812
500,1.0,3.0,1.0,1,1,1,14,0.1677345839497115,0.14350200587565176,0.6723768711090088,0.14951658248901367
500,1.0,3.0,1.0,1,1,1,15,0.18437453243566154,0.1645542980178075,0.7098166942596436,0.15777301788330078
500,1.0,3.0,1.0,1,1,1,16,0.1719415174485075,0.17409906138293077,0.7400236129760742,0.1820685863494873
500,1.0,3.0,1.0,1,1,1,17,0.16167125717142977,0.16794567338116378,0.7539305686950684,0.21501564979553223
500,1.0,3.0,1.0,1,1,1,18,0.1920668730496375,0.1807055004910512,0.6038079261779785,0.13114500045776367
500,1.0,3.0,1.0,1,1,1,19,0.17186463404245794,0.18944823786761827,0.664710283279419,0.15599727630615234
500,1.0,3.0,1.0,1,1,1,20,0.16730583624492706,0.15919124570707138,0.6180887222290039,0.17495989799499512
500,1.0,3.0,1.0,1,1,1,21,0.17890236887172237,0.1732092855745612,0.8061749935150146,0.19008874893188477
500,1.0,3.0,1.0,1,1,1,22,0.17070273699054025,0.15663265772586152,0.6517598628997803,0.15036225318908691
500,1.0,3.0,1.0,1,1,1,23,0.19068052062372212,0.16844152136170856,0.6195096969604492,0.14703822135925293
500,1.0,3.0,1.0,1,1,1,24,0.18289451919869343,0.1818677223354933,0.6379716396331787,0.16059160232543945
500,1.2000000000000002,3.8400000000000007,1.2000000000000002,1,1,1,0,0.20995337602527636,0.21414710748519797,0.6688742637634277,0.19005393981933594
500,1.2000000000000002,3.8400000000000007,1.2000000000000002,1,1,1,1,0.2291837782021015,0.22791833748829654,0.7529492378234863,0.1615748405456543
500,1.2000000000000002,3.8400000000000007,1.2000000000000002,1,1,1,2,0.20055933525677058,0.18416454299106852,0.6336734294891357,0.1631479263305664
500,1.2000000000000002,3.8400000000000007,1.2000000000000002,1,1,1,3,0.21047969217087295,0.19494879691922504,0.6124069690704346,0.1592268943786621
500,1.2000000000000002,3.8400000000000007,1.2000000000000002,1,1,1,4,0.1966066796149642,0.19417490872889498,0.6361277103424072,0.15350651741027832
500,1.2000000000000002,3.8400000000000007,1.2000000000000002,1,1,1,5,0.22277920614489338,0.20075066704117298,0.9271631240844727,0.18873953819274902
500,1.2000000000000002,3.8400000000000007,1.2000000000000002,1,1,1,6,0.19708271837756988,0.1913699013718163,0.6100661754608154,0.1380620002746582
500,1.2000000000000002,3.8400000000000007,1.2000000000000002,1,1,1,7,0.20913241748146905,0.19770357706078018,0.6697483062744141,0.15740132331848145
500,1.2000000000000002,3.8400000000000007,1.2000000000000002,1,1,1,8,0.2148708950160875,0.18871824575797472,0.977771520614624,0.17920827865600586
500,1.2000000000000002,3.8400000000000007,1.2000000000000002,1,1,1,9,0.21155804047667862,0.20468950033632477,0.8153212070465088,0.19908761978149414
500,1.2000000000000002,3.8400000000000007,1.2000000000000002,1,1,1,10,0.19792995951422315,0.20634442060110572,0.66916823387146,0.15505313873291016
500,1.2000000000000002,3.8400000000000007,1.2000000000000002,1,1,1,11,0.23946667646394493,0.23254701833221772,0.6538703441619873,0.13154172897338867
500,1.2000000000000002,3.8400000000000007,1.2000000000000002,1,1,1,12,0.2467459342236098,0.2978894909425472,0.6079237461090088,0.11651039123535156
500,1.2000000000000002,3.8400000000000007,1.2000000000000002,1,1,1,13,0.21235679696344748,0.22920422406857976,0.6284873485565186,0.13245391845703125
500,1.2000000000000002,3.8400000000000007,1.2000000000000002,1,1,1,14,0.20548892175429045,0.266644345767887,0.9514236450195312,0.18355989456176758
500,1.2000000000000002,3.8400000000000007,1.2000000000000002,1,1,1,15,0.20100569284289158,0.21405386684528335,0.6331932544708252,0.14793896675109863
500,1.2000000000000002,3.8400000000000007,1.2000000000000002,1,1,1,16,0.2099208695552073,0.24598392958925994,0.6181726455688477,0.15804696083068848
500,1.2000000000000002,3.8400000000000007,1.2000000000000002,1,1,1,17,0.23555755286543287,0.2683953631444059,0.6522171497344971,0.16217899322509766
500,1.2000000000000002,3.8400000000000007,1.2000000000000002,1,1,1,18,0.19714153300199894,0.20270355725740422,0.8898553848266602,0.1860673427581787
500,1.2000000000000002,3.8400000000000007,1.2000000000000002,1,1,1,19,0.2090919049575213,0.2305753493543327,0.7409586906433105,0.1686081886291504
500,1.2000000000000002,3.8400000000000007,1.2000000000000002,1,1,1,20,0.21291086635571183,0.20866116857694436,0.6268346309661865,0.12859463691711426
500,1.2000000000000002,3.8400000000000007,1.2000000000000002,1,1,1,21,0.2184695158917669,0.21070981464249688,0.662269115447998,0.13100624084472656
500,1.2000000000000002,3.8400000000000007,1.2000000000000002,1,1,1,22,0.21891972157048115,0.18666951234959728,0.7207386493682861,0.17203736305236816
500,1.2000000000000002,3.8400000000000007,1.2000000000000002,1,1,1,23,0.225415111246838,0.21844721017437033,0.9794232845306396,0.18500351905822754
500,1.2000000000000002,3.8400000000000007,1.2000000000000002,1,1,1,24,0.2001251269030695,0.2247639346078102,0.6189806461334229,0.13602924346923828
500,1.4000000000000001,4.760000000000001,1.4000000000000001,1,1,1,0,0.23647866015037794,0.2566621743514699,0.6314029693603516,0.17756414413452148
500,1.4000000000000001,4.760000000000001,1.4000000000000001,1,1,1,1,0.27448953708677604,0.26373674272651854,0.6247267723083496,0.16109943389892578
500,1.4000000000000001,4.760000000000001,1.4000000000000001,1,1,1,2,0.243076892506753,0.24217705781172216,0.9340319633483887,0.19073271751403809
500,1.4000000000000001,4.760000000000001,1.4000000000000001,1,1,1,3,0.21678187182267986,0.25786973013048625,0.6182613372802734,0.14243173599243164
500,1.4000000000000001,4.760000000000001,1.4000000000000001,1,1,1,4,0.27334018990243636,0.27068281479785344,0.5863549709320068,0.16118955612182617
500,1.4000000000000001,4.760000000000001,1.4000000000000001,1,1,1,5,0.24338747713840575,0.23958274876281782,0.576092004776001,0.13328790664672852
500,1.4000000000000001,4.760000000000001,1.4000000000000001,1,1,1,6,0.2609541716975134,0.24363880745422115,0.6136178970336914,0.1550741195678711
500,1.4000000000000001,4.760000000000001,1.4000000000000001,1,1,1,7,0.2611278498659531,0.26564550339772414,0.8734195232391357,0.18697667121887207
500,1.4000000000000001,4.760000000000001,1.4000000000000001,1,1,1,8,0.2544815806624126,0.24258618582211333,0.6210863590240479,0.1565847396850586
500,1.4000000000000001,4.760000000000001,1.4000000000000001,1,1,1,9,0.2698062789629121,0.21352975701963492,0.6273458003997803,0.13515400886535645
500,1.4000000000000001,4.760000000000001,1.4000000000000001,1,1,1,10,0.24795852564321888,0.31482666942503457,0.6533987522125244,0.12305545806884766
500,1.4000000000000001,4.760000000000001,1.4000000000000001,1,1,1,11,0.23395637862000115,0.22021702361320677,0.678189754486084,0.1600489616394043
500,1.4000000000000001,4.760000000000001,1.4000000000000001,1,1,1,12,0.263235704741336,0.2644408365667439,0.6769850254058838,0.13306570053100586
500,1.4000000000000001,4.760000000000001,1.4000000000000001,1,1,1,13,0.261624290205862,0.2243514436255091,0.5602495670318604,0.11682510375976562
500,1.4000000000000001,4.760000000000001,1.4000000000000001,1,1,1,14,0.29404384629640345,0.22719504243111555,0.5567777156829834,0.12967920303344727
500,1.4000000000000001,4.760000000000001,1.4000000000000001,1,1,1,15,0.2292847425522862,0.2275165371695106,0.5125112533569336,0.11709213256835938
500,1.4000000000000001,4.760000000000001,1.4000000000000001,1,1,1,16,0.21040496936279615,0.2139484692521384,0.5073597431182861,0.12371444702148438
500,1.4000000000000001,4.760000000000001,1.4000000000000001,1,1,1,17,0.2447640644554282,0.2822244149414661,0.6717386245727539,0.12304258346557617
500,1.4000000000000001,4.760000000000001,1.4000000000000001,1,1,1,18,0.24764158452412727,0.21282580270461393,0.819364070892334,0.14494585990905762
500,1.4000000000000001,4.760000000000001,1.4000000000000001,1,1,1,19,0.2624138044673407,0.22829736778559073,0.5482745170593262,0.09943389892578125
500,1.4000000000000001,4.760000000000001,1.4000000000000001,1,1,1,20,0.2718128939466554,0.23522093288597332,0.4900636672973633,0.12405776977539062
500,1.4000000000000001,4.760000000000001,1.4000000000000001,1,1,1,21,0.2196067551861242,0.24260759524514672,0.5316188335418701,0.11805319786071777
500,1.4000000000000001,4.760000000000001,1.4000000000000001,1,1,1,22,0.23241131874998971,0.24696540033781983,0.6122128963470459,0.11451435089111328
500,1.4000000000000001,4.760000000000001,1.4000000000000001,1,1,1,23,0.25663312616287554,0.2446402597103592,0.7072713375091553,0.14153814315795898
500,1.4000000000000001,4.760000000000001,1.4000000000000001,1,1,1,24,0.2892425862587554,0.23171644102496736,0.5768980979919434,0.10141324996948242
500,1.6,5.760000000000001,1.6,1,1,1,0,0.28443011856738537,0.2574918795465469,0.5492057800292969,0.09752726554870605
500,1.6,5.760000000000001,1.6,1,1,1,1,0.3200425115805851,0.27294646307098175,0.5218954086303711,0.13815045356750488
500,1.6,5.760000000000001,1.6,1,1,1,2,0.291452853305949,0.31983639185386875,0.5460495948791504,0.13553428649902344
500,1.6,5.760000000000001,1.6,1,1,1,3,0.3195148431534506,0.24728547055455444,0.6870832443237305,0.12915372848510742
500,1.6,5.760000000000001,1.6,1,1,1,4,0.3665667389698693,0.27212916544499877,0.5302095413208008,0.11343574523925781
500,1.6,5.760000000000001,1.6,1,1,1,5,0.3002705138969729,0.27529168311254015,0.5600934028625488,0.08001232147216797
500,1.6,5.760000000000001,1.6,1,1,1,6,0.3082323597806743,0.29955046615686365,0.5375144481658936,0.10557174682617188
500,1.6,5.760000000000001,1.6,1,1,1,7,0.3156372113520063,0.26040603320642597,0.5097789764404297,0.11253857612609863
500,1.6,5.760000000000001,1.6,1,1,1,8,0.26043837421662164,0.2990209100707344,0.5965900421142578,0.13307499885559082
500,1.6,5.760000000000001,1.6,1,1,1,9,0.27187222774372155,0.29485071627200776,0.6117854118347168,0.1354224681854248
500,1.6,5.760000000000001,1.6,1,1,1,10,0.28824864905532005,0.27456538365406674,0.5393493175506592,0.11702823638916016
500,1.6,5.760000000000001,1.6,1,1,1,11,0.29049484825282745,0.21695275261056365,0.4982595443725586,0.11305022239685059
500,1.6,5.760000000000001,1.6,1,1,1,12,0.2698339199786175,0.26111606397375897,0.5736937522888184,0.12765765190124512
500,1.6,5.760000000000001,1.6,1,1,1,13,0.31524013815541574,0.23860321362559198,0.6025388240814209,0.12045574188232422
500,1.6,5.760000000000001,1.6,1,1,1,14,0.27990148237088425,0.25412749500399684,0.8216514587402344,0.16458344459533691
500,1.6,5.760000000000001,1.6,1,1,1,15,0.26446088185971267,0.25614791273960086,0.5209240913391113,0.12051582336425781
500,1.6,5.760000000000001,1.6,1,1,1,16,0.2676429579288809,0.27967820029995605,0.5563127994537354,0.11351466178894043
500,1.6,5.760000000000001,1.6,1,1,1,17,0.2530543154881962,0.27583345199311804,0.5180859565734863,0.12651515007019043
500,1.6,5.760000000000001,1.6,1,1,1,18,0.30444100785547623,0.31252236436272607,0.5851964950561523,0.09505939483642578
500,1.6,5.760000000000001,1.6,1,1,1,19,0.32578601439386673,0.2616921959533893,0.5803091526031494,0.12462878227233887
500,1.6,5.760000000000001,1.6,1,1,1,20,0.3119285099097344,0.23401026304379915,0.6678228378295898,0.13859820365905762
500,1.6,5.760000000000001,1.6,1,1,1,21,0.29850538700997,0.29105289971972903,0.5057992935180664,0.11651420593261719
500,1.6,5.760000000000001,1.6,1,1,1,22,0.2733694075677224,0.2856868647820506,0.5732395648956299,0.10404753684997559
500,1.6,5.760000000000001,1.6,1,1,1,23,0.2579804801215401,0.3285910357499689,0.5070266723632812,0.1286618709564209
500,1.6,5.760000000000001,1.6,1,1,1,24,0.2882277732614222,0.24909757735947768,0.5714733600616455,0.12506604194641113
500,1.8,6.84,1.8,1,1,1,0,0.34710513159838485,0.39572636067848344,0.5735433101654053,0.12433385848999023
500,1.8,6.84,1.8,1,1,1,1,0.2990768817799605,0.26353972071322357,0.5596415996551514,0.09424519538879395
500,1.8,6.84,1.8,1,1,1,2,0.3305804052128475,0.3363164825954558,0.5566322803497314,0.09950757026672363
500,1.8,6.84,1.8,1,1,1,3,0.31282210980899255,0.3487570579191351,0.5033161640167236,0.12607431411743164
500,1.8,6.84,1.8,1,1,1,4,0.3305855504112388,0.2602889014437165,0.5188190937042236,0.11540865898132324
500,1.8,6.84,1.8,1,1,1,5,0.312893559260692,0.27838226839270874,0.5496339797973633,0.15346312522888184
500,1.8,6.84,1.8,1,1,1,6,0.35234937087493196,0.2564025393374714,0.6549093723297119,0.1220846176147461
500,1.8,6.84,1.8,1,1,1,7,0.33518386546954726,0.3138516201596783,0.5179269313812256,0.11594486236572266
500,1.8,6.84,1.8,1,1,1,8,0.353509979094812,0.35793655871562624,0.5140314102172852,0.11950182914733887
500,1.8,6.84,1.8,1,1,1,9,0.34036611091671176,0.3591408488826747,0.5288238525390625,0.12752389907836914
500,1.8,6.84,1.8,1,1,1,10,0.35734536944870493,0.28944135279346533,0.5994212627410889,0.15153074264526367
500,1.8,6.84,1.8,1,1,1,11,0.304853424124107,0.29964588875463827,0.7174580097198486,0.13010311126708984
500,1.8,6.84,1.8,1,1,1,12,0.3696560458503765,0.25534088080128753,0.6085193157196045,0.09407997131347656
500,1.8,6.84,1.8,1,1,1,13,0.32970071608932233,0.31696920109880905,0.5535335540771484,0.11904096603393555
500,1.8,6.84,1.8,1,1,1,14,0.34465379703269416,0.29974698383764325,0.511847734451294,0.10504817962646484
500,1.8,6.84,1.8,1,1,1,15,0.3063302705284739,0.28739941715564826,0.5575845241546631,0.1254260540008545
500,1.8,6.84,1.8,1,1,1,16,0.31431600064641085,0.35237522378800384,0.585817813873291,0.13843464851379395
500,1.8,6.84,1.8,1,1,1,17,0.3226491707046739,0.3569744389213774,0.7022702693939209,0.11650466918945312
500,1.8,6.84,1.8,1,1,1,18,0.36571118584260437,0.32167256807351635,0.5331294536590576,0.11388397216796875
500,1.8,6.84,1.8,1,1,1,19,0.3185637060902533,0.28300498850636907,0.5535564422607422,0.1165153980255127
500,1.8,6.84,1.8,1,1,1,20,0.3514755873927668,0.4659919716424222,0.5757968425750732,0.09603190422058105
500,1.8,6.84,1.8,1,1,1,21,0.30947783387698646,0.3114521890456533,0.5782985687255859,0.13641786575317383
500,1.8,6.84,1.8,1,1,1,22,0.35499287756822817,0.3026029481282457,0.6189815998077393,0.1314072608947754
500,1.8,6.84,1.8,1,1,1,23,0.3068257861184295,0.3262986397242973,0.5671963691711426,0.10644173622131348
500,1.8,6.84,1.8,1,1,1,24,0.32875322228990833,0.3610331470331924,0.5050125122070312,0.11602020263671875
500,2.0,8.0,2.0,1,1,1,0,0.4057634811486587,0.44967511014584566,0.5419116020202637,0.11741423606872559
500,2.0,8.0,2.0,1,1,1,1,0.4333986626818842,0.5626966065178601,0.5500798225402832,0.11440539360046387
500,2.0,8.0,2.0,1,1,1,2,0.31408935464701954,0.39082568121402783,0.7074813842773438,0.1675708293914795
500,2.0,8.0,2.0,1,1,1,3,0.3849220469425594,0.3522062398631464,0.7576296329498291,0.14353704452514648
500,2.0,8.0,2.0,1,1,1,4,0.3901409248400106,0.4377046880277467,0.6123287677764893,0.1498398780822754
500,2.0,8.0,2.0,1,1,1,5,0.36365360675112074,0.2844993492078916,0.5757427215576172,0.14094281196594238
500,2.0,8.0,2.0,1,1,1,6,0.34287810947456077,0.49566632621675666,0.564572811126709,0.10455203056335449
500,2.0,8.0,2.0,1,1,1,7,0.37869101427947127,0.39278933648199144,0.6165084838867188,0.13643550872802734
500,2.0,8.0,2.0,1,1,1,8,0.3466145200651374,0.40691165820959807,0.6483373641967773,0.12931561470031738
500,2.0,8.0,2.0,1,1,1,9,0.3323283046622608,0.34892908720400323,0.4840092658996582,0.12308168411254883
500,2.0,8.0,2.0,1,1,1,10,0.3517618158903351,0.36076327056596236,0.5102014541625977,0.103515625
500,2.0,8.0,2.0,1,1,1,11,0.3487868061401884,0.3612420210819681,0.5677242279052734,0.10405969619750977
500,2.0,8.0,2.0,1,1,1,12,0.3275333408009194,0.33341595559300374,0.5043776035308838,0.1250612735748291
500,2.0,8.0,2.0,1,1,1,13,0.3580401987920037,0.3736495744016099,0.6302423477172852,0.12575078010559082
500,2.0,8.0,2.0,1,1,1,14,0.4243208362352173,0.3809052689685721,0.6876003742218018,0.15525555610656738
500,2.0,8.0,2.0,1,1,1,15,0.3746497504265825,0.391776022877495,0.5558536052703857,0.10043859481811523
500,2.0,8.0,2.0,1,1,1,16,0.3860401208189213,0.362125497912176,0.5426545143127441,0.10409283638000488
500,2.0,8.0,2.0,1,1,1,17,0.38006645350934265,0.3692383783722581,0.5665585994720459,0.10143494606018066
500,2.0,8.0,2.0,1,1,1,18,0.33946913104192517,0.37259462262630255,0.5288028717041016,0.13104581832885742
500,2.0,8.0,2.0,1,1,1,19,0.4216527453548588,0.32954267215544564,0.6752872467041016,0.12242960929870605
500,2.0,8.0,2.0,1,1,1,20,0.39173917701772126,0.3209672575372208,0.5196504592895508,0.10323858261108398
500,2.0,8.0,2.0,1,1,1,21,0.35155308793309503,0.3594335545695598,0.5680370330810547,0.09752321243286133
500,2.0,8.0,2.0,1,1,1,22,0.3710333585245295,0.3457472611349746,0.5240993499755859,0.09967851638793945
500,2.0,8.0,2.0,1,1,1,23,0.35779495228431274,0.33186853672393657,0.5223963260650635,0.12498235702514648
500,2.0,8.0,2.0,1,1,1,24,0.3598649867123485,0.26480073095326245,0.7864260673522949,0.12911367416381836
500,2.2,9.240000000000002,2.2,1,1,1,0,0.3351258316024577,0.3247998860826717,0.704777717590332,0.13118457794189453
500,2.2,9.240000000000002,2.2,1,1,1,1,0.4636222077008341,0.5345590759300672,0.5526022911071777,0.10708928108215332
500,2.2,9.240000000000002,2.2,1,1,1,2,0.37419576045509223,0.4214533165193407,0.5276827812194824,0.11686205863952637
500,2.2,9.240000000000002,2.2,1,1,1,3,0.40199638761884243,0.4264342941170234,0.5284583568572998,0.1247563362121582
500,2.2,9.240000000000002,2.2,1,1,1,4,0.37829339815193064,0.38142657629915533,0.6436741352081299,0.10253286361694336
500,2.2,9.240000000000002,2.2,1,1,1,5,0.4136797901751609,0.4827045381036125,0.6515421867370605,0.1503314971923828
500,2.2,9.240000000000002,2.2,1,1,1,6,0.3958300023755919,0.4182078766158118,0.6236612796783447,0.12876200675964355
500,2.2,9.240000000000002,2.2,1,1,1,7,0.3604031073735442,0.3668615226331333,0.5559511184692383,0.12101197242736816
500,2.2,9.240000000000002,2.2,1,1,1,8,0.3818139046155546,0.3832683994133802,0.538245677947998,0.11191916465759277
500,2.2,9.240000000000002,2.2,1,1,1,9,0.378386465137019,0.38400978978241757,0.5154790878295898,0.11399459838867188
500,2.2,9.240000000000002,2.2,1,1,1,10,0.36953236228718,0.40881093819120606,0.6239564418792725,0.12099170684814453
500,2.2,9.240000000000002,2.2,1,1,1,11,0.3967635778993821,0.31992300930924394,0.747004508972168,0.13005948066711426
500,2.2,9.240000000000002,2.2,1,1,1,12,0.3918234320910461,0.4305410048238057,0.5185151100158691,0.11307311058044434
500,2.2,9.240000000000002,2.2,1,1,1,13,0.3874776382985005,0.4727146704837942,0.5174555778503418,0.11762857437133789
500,2.2,9.240000000000002,2.2,1,1,1,14,0.3727419628292719,0.4831511365586911,0.5454306602478027,0.10054707527160645
500,2.2,9.240000000000002,2.2,1,1,1,15,0.3986280501991444,0.43999251756973584,0.5174386501312256,0.11914205551147461
500,2.2,9.240000000000002,2.2,1,1,1,16,0.4075087047593754,0.36420321106880704,0.5539474487304688,0.13460516929626465
500,2.2,9.240000000000002,2.2,1,1,1,17,0.42007038115705886,0.40345121706444914,0.7647995948791504,0.12895727157592773
500,2.2,9.240000000000002,2.2,1,1,1,18,0.40595202575965683,0.33457109992401257,0.5495386123657227,0.1126861572265625
500,2.2,9.240000000000002,2.2,1,1,1,19,0.3760715743299,0.3842150466787347,0.5489144325256348,0.10084414482116699
500,2.2,9.240000000000002,2.2,1,1,1,20,0.3889034496681925,0.4574379744290203,0.5571346282958984,0.10898280143737793
500,2.2,9.240000000000002,2.2,1,1,1,21,0.3894681795880969,0.36665505599531867,0.6564962863922119,0.12839221954345703
500,2.2,9.240000000000002,2.2,1,1,1,22,0.4437144597018661,0.48266164444878457,0.7247750759124756,0.14834356307983398
500,2.2,9.240000000000002,2.2,1,1,1,23,0.43803961963276355,0.37856427989228425,0.5092976093292236,0.11562061309814453
500,2.2,9.240000000000002,2.2,1,1,1,24,0.39063172442001276,0.4838987007842429,0.5304937362670898,0.12380242347717285
500,2.4000000000000004,10.560000000000002,2.4000000000000004,1,1,1,0,0.4270409047820905,0.37794004773654766,0.4942176342010498,0.1172945499420166
500,2.4000000000000004,10.560000000000002,2.4000000000000004,1,1,1,1,0.4631155674106177,0.5102561767858945,0.558678150177002,0.1185765266418457
500,2.4000000000000004,10.560000000000002,2.4000000000000004,1,1,1,2,0.43461955989620515,0.4116444697892174,0.7645072937011719,0.14029717445373535
500,2.4000000000000004,10.560000000000002,2.4000000000000004,1,1,1,3,0.49265206733901357,0.47476301402664367,0.5412008762359619,0.11571478843688965
500,2.4000000000000004,10.560000000000002,2.4000000000000004,1,1,1,4,0.4373132908813548,0.3630854197869788,0.537125825881958,0.12241768836975098
500,2.4000000000000004,10.560000000000002,2.4000000000000004,1,1,1,5,0.44128467623195566,0.5075756863380334,0.6884846687316895,0.1345994472503662
500,2.4000000000000004,10.560000000000002,2.4000000000000004,1,1,1,6,0.4542005084794532,0.5394745312941761,0.5591278076171875,0.10288643836975098
500,2.4000000000000004,10.560000000000002,2.4000000000000004,1,1,1,7,0.5035047041458817,0.4732238108210514,0.6475129127502441,0.13071990013122559
500,2.4000000000000004,10.560000000000002,2.4000000000000004,1,1,1,8,0.42537079823347834,0.3907814056331779,0.5663063526153564,0.1413130760192871
500,2.4000000000000004,10.560000000000002,2.4000000000000004,1,1,1,9,0.43265059032777814,0.38245223505330456,0.5427496433258057,0.12394046783447266
500,2.4000000000000004,10.560000000000002,2.4000000000000004,1,1,1,10,0.4347107291959875,0.3809656014557285,0.6244957447052002,0.10457134246826172
500,2.4000000000000004,10.560000000000002,2.4000000000000004,1,1,1,11,0.4492270181615269,0.38934749572491023,0.5923528671264648,0.10348010063171387
500,2.4000000000000004,10.560000000000002,2.4000000000000004,1,1,1,12,0.48326920807271195,0.39015987372178706,0.6042234897613525,0.13162899017333984
500,2.4000000000000004,10.560000000000002,2.4000000000000004,1,1,1,13,0.4526757114278882,0.408896941596959,0.621751070022583,0.12935709953308105
500,2.4000000000000004,10.560000000000002,2.4000000000000004,1,1,1,14,0.42207335264244106,0.3498234809233337,0.5225996971130371,0.11067748069763184
500,2.4000000000000004,10.560000000000002,2.4000000000000004,1,1,1,15,0.4290366313139284,0.4942412140743871,0.5732326507568359,0.10354804992675781
500,2.4000000000000004,10.560000000000002,2.4000000000000004,1,1,1,16,0.46803373366637363,0.5316141878234767,0.5791711807250977,0.12764263153076172
500,2.4000000000000004,10.560000000000002,2.4000000000000004,1,1,1,17,0.3967474841879446,0.4221519887550692,0.6298263072967529,0.13168120384216309
500,2.4000000000000004,10.560000000000002,2.4000000000000004,1,1,1,18,0.408494540218192,0.4606200377218161,0.6418745517730713,0.15225982666015625
500,2.4000000000000004,10.560000000000002,2.4000000000000004,1,1,1,19,0.4667110651120046,0.37313965141553507,0.6266870498657227,0.09744024276733398
500,2.4000000000000004,10.560000000000002,2.4000000000000004,1,1,1,20,0.43684691774893664,0.4508913271941954,0.543816328048706,0.09541678428649902
500,2.4000000000000004,10.560000000000002,2.4000000000000004,1,1,1,21,0.41290312162080484,0.4989882132343467,0.5879969596862793,0.09665966033935547
500,2.4000000000000004,10.560000000000002,2.4000000000000004,1,1,1,22,0.4621182113504088,0.3977828953036239,0.5270824432373047,0.10171127319335938
500,2.4000000000000004,10.560000000000002,2.4000000000000004,1,1,1,23,0.4315562046031716,0.3845581948114324,0.547527551651001,0.1329805850982666
500,2.4000000000000004,10.560000000000002,2.4000000000000004,1,1,1,24,0.4275752208211678,0.3805769715666463,0.6181581020355225,0.1489853858947754
500,2.6,11.959999999999999,2.6,1,1,1,0,0.4560373384640109,0.4428816210878603,0.5119199752807617,0.1125633716583252
500,2.6,11.959999999999999,2.6,1,1,1,1,0.4881472253717027,0.3900288513715933,0.5438146591186523,0.09700322151184082
500,2.6,11.959999999999999,2.6,1,1,1,2,0.4398496846128506,0.464207559278205,0.5825071334838867,0.11267709732055664
500,2.6,11.959999999999999,2.6,1,1,1,3,0.5037348635069704,0.4272438492891512,0.5696396827697754,0.12601470947265625
500,2.6,11.959999999999999,2.6,1,1,1,4,0.4233974687997592,0.4235982176515488,0.583179235458374,0.13015270233154297
500,2.6,11.959999999999999,2.6,1,1,1,5,0.5151218354422725,0.3996635376958946,0.6832787990570068,0.10433363914489746
500,2.6,11.959999999999999,2.6,1,1,1,6,0.4771996618797942,0.4027595225550425,0.5283784866333008,0.09316253662109375
500,2.6,11.959999999999999,2.6,1,1,1,7,0.4224218810664653,0.45260474385042443,0.5300376415252686,0.10722923278808594
500,2.6,11.959999999999999,2.6,1,1,1,8,0.45202404597853796,0.4819019095447815,0.5453269481658936,0.10224032402038574
500,2.6,11.959999999999999,2.6,1,1,1,9,0.40921772199967354,0.4409085679104897,0.5434455871582031,0.10843968391418457
500,2.6,11.959999999999999,2.6,1,1,1,10,0.42481685004686737,0.4342352297037152,0.5931427478790283,0.11360979080200195
500,2.6,11.959999999999999,2.6,1,1,1,11,0.48460705246295205,0.45523260132900495,0.6312177181243896,0.12161445617675781
500,2.6,11.959999999999999,2.6,1,1,1,12,0.4794590119481536,0.48783666715840207,0.6093711853027344,0.112030029296875
500,2.6,11.959999999999999,2.6,1,1,1,13,0.5185075925639124,0.5379081805053335,0.6033942699432373,0.1657724380493164
500,2.6,11.959999999999999,2.6,1,1,1,14,0.4863087949721852,0.5107334975335243,0.7022266387939453,0.10213518142700195
500,2.6,11.959999999999999,2.6,1,1,1,15,0.5036819866543949,0.46402614256441954,0.7292590141296387,0.1219487190246582
500,2.6,11.959999999999999,2.6,1,1,1,16,0.39720698087387396,0.4075670357696172,0.6325407028198242,0.11003947257995605
500,2.6,11.959999999999999,2.6,1,1,1,17,0.44059303974896263,0.43612067310672026,0.5294277667999268,0.10973429679870605
500,2.6,11.959999999999999,2.6,1,1,1,18,0.505967098453118,0.5080100432577604,0.5879230499267578,0.1034383773803711
500,2.6,11.959999999999999,2.6,1,1,1,19,0.5303908146828781,0.513262716569492,0.5562396049499512,0.11283421516418457
500,2.6,11.959999999999999,2.6,1,1,1,20,0.5182280744121465,0.42744852081759976,0.5844697952270508,0.1246483325958252
500,2.6,11.959999999999999,2.6,1,1,1,21,0.4877206286143435,0.471555346882604,0.6588640213012695,0.13525629043579102
500,2.6,11.959999999999999,2.6,1,1,1,22,0.42929620096354104,0.4933938386654548,0.5362322330474854,0.10533595085144043
500,2.6,11.959999999999999,2.6,1,1,1,23,0.49428503329977674,0.4597298478343628,0.5545737743377686,0.09927487373352051
500,2.6,11.959999999999999,2.6,1,1,1,24,0.5047287914421751,0.5129524508769708,0.5313842296600342,0.10819339752197266
500,2.8000000000000003,13.440000000000003,2.8000000000000003,1,1,1,0,0.5171067127559653,0.45839758556816684,0.5811266899108887,0.11188101768493652
500,2.8000000000000003,13.440000000000003,2.8000000000000003,1,1,1,1,0.4686650692011403,0.5051311157343018,0.5625922679901123,0.14460468292236328
500,2.8000000000000003,13.440000000000003,2.8000000000000003,1,1,1,2,0.49087422603077524,0.4574859303246567,0.6126852035522461,0.1174476146697998
500,2.8000000000000003,13.440000000000003,2.8000000000000003,1,1,1,3,0.4795907049758063,0.44617735709709067,0.5158617496490479,0.10750508308410645
500,2.8000000000000003,13.440000000000003,2.8000000000000003,1,1,1,4,0.4891512820780807,0.5100526645760657,0.545637845993042,0.11242055892944336
500,2.8000000000000003,13.440000000000003,2.8000000000000003,1,1,1,5,0.5240299461560679,0.5473450015740516,0.6767771244049072,0.1159965991973877
500,2.8000000000000003,13.440000000000003,2.8000000000000003,1,1,1,6,0.48815778925871317,0.42391453206536256,0.6284058094024658,0.11235904693603516
500,2.8000000000000003,13.440000000000003,2.8000000000000003,1,1,1,7,0.4456376870219793,0.5087901705057568,0.775313138961792,0.15478205680847168
500,2.8000000000000003,13.440000000000003,2.8000000000000003,1,1,1,8,0.5106159834106022,0.6096911289575659,0.6234092712402344,0.12948203086853027
500,2.8000000000000003,13.440000000000003,2.8000000000000003,1,1,1,9,0.5525708961438284,0.45101933904098696,0.5195600986480713,0.11251425743103027
500,2.8000000000000003,13.440000000000003,2.8000000000000003,1,1,1,10,0.5654407243927598,0.6544786885152493,0.5764753818511963,0.12391328811645508
500,2.8000000000000003,13.440000000000003,2.8000000000000003,1,1,1,11,0.49642208972187124,0.47376222826782716,0.5545694828033447,0.11551666259765625
500,2.8000000000000003,13.440000000000003,2.8000000000000003,1,1,1,12,0.45388208738702857,0.5502938768994523,0.6171247959136963,0.1251063346862793
500,2.8000000000000003,13.440000000000003,2.8000000000000003,1,1,1,13,0.5337612580824493,0.4988168955146395,0.7159090042114258,0.1220855712890625
500,2.8000000000000003,13.440000000000003,2.8000000000000003,1,1,1,14,0.4994604319959281,0.4454400591749032,0.5204484462738037,0.10878252983093262
500,2.8000000000000003,13.440000000000003,2.8000000000000003,1,1,1,15,0.4589222535340425,0.4527268740872657,0.5441901683807373,0.10016918182373047
500,2.8000000000000003,13.440000000000003,2.8000000000000003,1,1,1,16,0.5997307705839924,0.5776593282320418,0.5389032363891602,0.11252188682556152
500,2.8000000000000003,13.440000000000003,2.8000000000000003,1,1,1,17,0.6108471009706697,0.5524049812493245,0.6118574142456055,0.10074496269226074
500,2.8000000000000003,13.440000000000003,2.8000000000000003,1,1,1,18,0.547501035753376,0.5299422040114379,0.6204245090484619,0.12043523788452148
500,2.8000000000000003,13.440000000000003,2.8000000000000003,1,1,1,19,0.530966955501955,0.394641105509189,0.49596714973449707,0.11121535301208496
500,2.8000000000000003,13.440000000000003,2.8000000000000003,1,1,1,20,0.5135434181567932,0.5061807879373682,0.5805087089538574,0.1005558967590332
500,2.8000000000000003,13.440000000000003,2.8000000000000003,1,1,1,21,0.48719787054361097,0.4984567148742797,0.5142726898193359,0.10914349555969238
500,2.8000000000000003,13.440000000000003,2.8000000000000003,1,1,1,22,0.5115361794924356,0.5335017615098908,0.5840840339660645,0.09975266456604004
500,2.8000000000000003,13.440000000000003,2.8000000000000003,1,1,1,23,0.5118260913432187,0.5598047766954619,0.682802677154541,0.13877224922180176
500,2.8000000000000003,13.440000000000003,2.8000000000000003,1,1,1,24,0.5209892950154399,0.4904971426406831,0.6550641059875488,0.12239670753479004
500,3.0,15.0,3.0,1,1,1,0,0.5420207768850948,0.5071786034810398,0.5006265640258789,0.12600922584533691
500,3.0,15.0,3.0,1,1,1,1,0.6026950714892729,0.51313448217726,0.5417783260345459,0.11206459999084473
500,3.0,15.0,3.0,1,1,1,2,0.5655987969090005,0.45081705009351825,0.5241560935974121,0.10914468765258789
500,3.0,15.0,3.0,1,1,1,3,0.605298989463846,0.6098712331092551,0.6018319129943848,0.12277865409851074
500,3.0,15.0,3.0,1,1,1,4,0.5588592769006677,0.5952056644709406,0.8179547786712646,0.19087624549865723
500,3.0,15.0,3.0,1,1,1,5,0.5866324539119767,0.4759395800976228,0.5598115921020508,0.11758089065551758
500,3.0,15.0,3.0,1,1,1,6,0.6032170668970385,0.514245116632104,0.5349547863006592,0.10143065452575684
500,3.0,15.0,3.0,1,1,1,7,0.613398020675398,0.5471606216105147,0.5541930198669434,0.11345529556274414
500,3.0,15.0,3.0,1,1,1,8,0.6662180192352802,0.5127469423140177,0.5556089878082275,0.11657953262329102
500,3.0,15.0,3.0,1,1,1,9,0.6210290223253839,0.4936946930307514,0.7355983257293701,0.1277005672454834
500,3.0,15.0,3.0,1,1,1,10,0.5406956727959338,0.41300115726152675,0.7364199161529541,0.10706019401550293
500,3.0,15.0,3.0,1,1,1,11,0.5004362474073356,0.49105158593934023,0.5109970569610596,0.10972452163696289
500,3.0,15.0,3.0,1,1,1,12,0.5344271903884948,0.48819127315209815,0.5070991516113281,0.10651373863220215
500,3.0,15.0,3.0,1,1,1,13,0.5694021840977443,0.5608618179477879,0.569066047668457,0.10014963150024414
500,3.0,15.0,3.0,1,1,1,14,0.5509119590322656,0.528084536981936,0.6250231266021729,0.13214993476867676
500,3.0,15.0,3.0,1,1,1,15,0.5121803188997633,0.5091738784055425,0.6148340702056885,0.14008522033691406
500,3.0,15.0,3.0,1,1,1,16,0.6543025326787991,0.7214661719521879,0.5574421882629395,0.10851311683654785
500,3.0,15.0,3.0,1,1,1,17,0.5958310616737948,0.7417016901951897,0.5437321662902832,0.14073801040649414
500,3.0,15.0,3.0,1,1,1,18,0.5208346292987104,0.5643935076313978,0.5650713443756104,0.11609816551208496
500,3.0,15.0,3.0,1,1,1,19,0.5894868619694803,0.5874714459265927,0.5934031009674072,0.13570618629455566
500,3.0,15.0,3.0,1,1,1,20,0.5679355390552341,0.6124028713018048,0.6582136154174805,0.13462209701538086
500,3.0,15.0,3.0,1,1,1,21,0.5925365147688403,0.49109722233714254,0.6239991188049316,0.10507941246032715
500,3.0,15.0,3.0,1,1,1,22,0.6574113619406126,0.4811108597203106,0.5581879615783691,0.10117459297180176
500,3.0,15.0,3.0,1,1,1,23,0.5086790802180505,0.47462777473554163,0.6073780059814453,0.09053444862365723
500,3.0,15.0,3.0,1,1,1,24,0.6393566678939382,0.4729477350876879,0.63382887840271,0.11764168739318848
500,3.2,16.64,3.2,1,1,1,0,0.6807096063387691,0.8036356825410842,0.552741289138794,0.15950846672058105
500,3.2,16.64,3.2,1,1,1,1,0.604070077906624,0.5269149100520338,0.7344293594360352,0.13415861129760742
500,3.2,16.64,3.2,1,1,1,2,0.5886698189415718,0.7220956711395863,0.6213388442993164,0.09723424911499023
500,3.2,16.64,3.2,1,1,1,3,0.6260007316287196,0.5562833408792002,0.5483834743499756,0.09957146644592285
500,3.2,16.64,3.2,1,1,1,4,0.5507707629755387,0.591957888387632,0.5838947296142578,0.10069799423217773
500,3.2,16.64,3.2,1,1,1,5,0.6056915293756567,0.5897055152036802,0.6034128665924072,0.1008758544921875
500,3.2,16.64,3.2,1,1,1,6,0.5803846267113688,0.5612368475310345,0.608959436416626,0.12528181076049805
500,3.2,16.64,3.2,1,1,1,7,0.6315121763338273,0.6235757774682563,0.6774692535400391,0.11463284492492676
500,3.2,16.64,3.2,1,1,1,8,0.5397378332644976,0.4956747814334925,0.5459835529327393,0.1211857795715332
500,3.2,16.64,3.2,1,1,1,9,0.5820185467828396,0.5339641781656463,0.5542230606079102,0.11448526382446289
500,3.2,16.64,3.2,1,1,1,10,0.6016961439418155,0.5574009710883044,0.5408508777618408,0.12226724624633789
500,3.2,16.64,3.2,1,1,1,11,0.6076648125138976,0.5163061336693188,0.6030576229095459,0.11324381828308105
500,3.2,16.64,3.2,1,1,1,12,0.5699462997981762,0.5691452478888456,0.616504430770874,0.1287229061126709
500,3.2,16.64,3.2,1,1,1,13,0.5662316560600892,0.6210869911252513,0.5579283237457275,0.12373137474060059
500,3.2,16.64,3.2,1,1,1,14,0.5718079112412491,0.5784501439649831,0.5620863437652588,0.10797309875488281
500,3.2,16.64,3.2,1,1,1,15,0.5417767117007873,0.5105212940784194,0.5887081623077393,0.08944034576416016
500,3.2,16.64,3.2,1,1,1,16,0.5910600146967235,0.5930806483237102,0.5596225261688232,0.09313607215881348
500,3.2,16.64,3.2,1,1,1,17,0.6346651159138283,0.5498248845190682,0.6293537616729736,0.11757349967956543
500,3.2,16.64,3.2,1,1,1,18,0.5962583476787477,0.527920994411145,0.6162385940551758,0.1259610652923584
500,3.2,16.64,3.2,1,1,1,19,0.5850979958558074,0.5789228432449717,0.5970027446746826,0.15071606636047363
500,3.2,16.64,3.2,1,1,1,20,0.5832007594050254,0.6617598876955457,0.704913854598999,0.12626934051513672
500,3.2,16.64,3.2,1,1,1,21,0.7085055760835346,0.6192008694621706,0.6002109050750732,0.10911393165588379
500,3.2,16.64,3.2,1,1,1,22,0.6122605920322644,0.5564869256321676,0.5959148406982422,0.1328432559967041
500,3.2,16.64,3.2,1,1,1,23,0.7186341817060229,0.7008985883447796,0.6371243000030518,0.10854411125183105
500,3.2,16.64,3.2,1,1,1,24,0.6827786746343661,0.600056438569272,0.5437867641448975,0.1255650520324707
500,3.4000000000000004,18.360000000000003,3.4000000000000004,1,1,1,0,0.6937166116419018,0.7806879213018298,0.5996007919311523,0.09058833122253418
500,3.4000000000000004,18.360000000000003,3.4000000000000004,1,1,1,1,0.5703685466243055,0.6338256390910315,0.5560479164123535,0.10544490814208984
500,3.4000000000000004,18.360000000000003,3.4000000000000004,1,1,1,2,0.5646198622224514,0.6033743534987237,0.5449659824371338,0.11211776733398438
500,3.4000000000000004,18.360000000000003,3.4000000000000004,1,1,1,3,0.5899584703340481,0.5518440769507638,0.6770482063293457,0.1603531837463379
500,3.4000000000000004,18.360000000000003,3.4000000000000004,1,1,1,4,0.6400723063951863,0.8153022551369618,0.6962652206420898,0.11905336380004883
500,3.4000000000000004,18.360000000000003,3.4000000000000004,1,1,1,5,0.6656273040698193,0.8255700773785993,0.5865185260772705,0.12543654441833496
500,3.4000000000000004,18.360000000000003,3.4000000000000004,1,1,1,6,0.5798179842017571,0.5747469380462528,0.5315570831298828,0.11620211601257324
500,3.4000000000000004,18.360000000000003,3.4000000000000004,1,1,1,7,0.6230235538158996,0.6364349641547553,0.5303897857666016,0.1157681941986084
500,3.4000000000000004,18.360000000000003,3.4000000000000004,1,1,1,8,0.6190122355247537,0.568130854229485,0.594214677810669,0.14851117134094238
500,3.4000000000000004,18.360000000000003,3.4000000000000004,1,1,1,9,0.7455667882392248,0.605136451673217,0.7030065059661865,0.13530969619750977
500,3.4000000000000004,18.360000000000003,3.4000000000000004,1,1,1,10,0.6092736040447098,0.6770976044650966,0.5761380195617676,0.10455989837646484
500,3.4000000000000004,18.360000000000003,3.4000000000000004,1,1,1,11,0.7069946594112412,0.602611348477332,0.5458533763885498,0.10901808738708496
500,3.4000000000000004,18.360000000000003,3.4000000000000004,1,1,1,12,0.6556058673841235,0.5328898568018948,0.5559060573577881,0.11751770973205566
500,3.4000000000000004,18.360000000000003,3.4000000000000004,1,1,1,13,0.616317613619753,0.6857832691795247,0.5509872436523438,0.10315585136413574
500,3.4000000000000004,18.360000000000003,3.4000000000000004,1,1,1,14,0.5957163652672165,0.602297573309288,0.7089502811431885,0.13760638236999512
500,3.4000000000000004,18.360000000000003,3.4000000000000004,1,1,1,15,0.5725824584871648,0.6412150828081289,0.6363775730133057,0.10405325889587402
500,3.4000000000000004,18.360000000000003,3.4000000000000004,1,1,1,16,0.577525863898568,0.5389362755165115,0.5832414627075195,0.10799384117126465
500,3.4000000000000004,18.360000000000003,3.4000000000000004,1,1,1,17,0.6697309618832332,0.6921699948981278,0.49953389167785645,0.11579608917236328
500,3.4000000000000004,18.360000000000003,3.4000000000000004,1,1,1,18,0.656294502433657,0.6661491512402952,0.5153532028198242,0.11356282234191895
500,3.4000000000000004,18.360000000000003,3.4000000000000004,1,1,1,19,0.621481669672748,0.6959586322391313,0.6479043960571289,0.12073564529418945
500,3.4000000000000004,18.360000000000003,3.4000000000000004,1,1,1,20,0.5464817587277035,0.8768983183542173,0.6619515419006348,0.11966943740844727
500,3.4000000000000004,18.360000000000003,3.4000000000000004,1,1,1,21,0.6308326257316758,0.5844023206366442,0.522979736328125,0.11058807373046875
500,3.4000000000000004,18.360000000000003,3.4000000000000004,1,1,1,22,0.6113855834068327,0.6478575950132037,0.5019810199737549,0.11777925491333008
500,3.4000000000000004,18.360000000000003,3.4000000000000004,1,1,1,23,0.6353450174269049,0.644845544464596,0.592186689376831,0.09756994247436523
500,3.4000000000000004,18.360000000000003,3.4000000000000004,1,1,1,24,0.5294877750574588,0.7896575636573318,0.5915358066558838,0.11197566986083984
500,3.6,20.16,3.6,1,1,1,0,0.5745302657975435,0.675745633989501,0.5938196182250977,0.1140129566192627
500,3.6,20.16,3.6,1,1,1,1,0.637174392245498,0.6377814650242037,0.5089654922485352,0.11183834075927734
500,3.6,20.16,3.6,1,1,1,2,0.6646992640322414,0.6499860028881369,0.5707120895385742,0.11898994445800781
500,3.6,20.16,3.6,1,1,1,3,0.6387600231613105,0.7060548162074626,0.5606687068939209,0.10775160789489746
500,3.6,20.16,3.6,1,1,1,4,0.6716239718734561,0.6357647145760168,0.49832987785339355,0.12791204452514648
500,3.6,20.16,3.6,1,1,1,5,0.7505792829278404,0.6551935509845086,0.5998642444610596,0.14035344123840332
500,3.6,20.16,3.6,1,1,1,6,0.677744066603714,0.554767224284495,0.5996615886688232,0.1372842788696289
500,3.6,20.16,3.6,1,1,1,7,0.7202296797914516,0.611416452598935,0.5001795291900635,0.11144375801086426
500,3.6,20.16,3.6,1,1,1,8,0.6729452270422337,0.6472885204511059,0.5783870220184326,0.09979081153869629
500,3.6,20.16,3.6,1,1,1,9,0.7796767927507046,0.6497037381561278,0.5428781509399414,0.11865091323852539
500,3.6,20.16,3.6,1,1,1,10,0.7077165476990068,0.6340755809864492,0.561302661895752,0.13817977905273438
500,3.6,20.16,3.6,1,1,1,11,0.6432584366410374,0.7082342111660771,0.8209266662597656,0.16181182861328125
500,3.6,20.16,3.6,1,1,1,12,0.7254226461994481,0.5831126223038445,0.5072770118713379,0.11661934852600098
500,3.6,20.16,3.6,1,1,1,13,0.6563675178883158,0.8250922972040518,0.4950747489929199,0.10634350776672363
500,3.6,20.16,3.6,1,1,1,14,0.8003699978103329,0.7241239554209363,0.5840563774108887,0.11758732795715332
500,3.6,20.16,3.6,1,1,1,15,0.7316732095829094,0.5546602307270216,0.5424342155456543,0.11960339546203613
500,3.6,20.16,3.6,1,1,1,16,0.7535264519318251,0.6051373087766239,0.6559221744537354,0.14516615867614746
500,3.6,20.16,3.6,1,1,1,17,0.6596480237943699,0.6169362024083338,0.6799948215484619,0.1213676929473877
500,3.6,20.16,3.6,1,1,1,18,0.6181077088601308,0.6746403331745148,0.5969753265380859,0.10119152069091797
500,3.6,20.16,3.6,1,1,1,19,0.7454491676244682,0.8261332776474338,0.5747940540313721,0.09954977035522461
500,3.6,20.16,3.6,1,1,1,20,0.6781883745714125,0.6580857632637852,0.5212345123291016,0.11555004119873047
500,3.6,20.16,3.6,1,1,1,21,0.6875026615296408,0.7005576717445552,0.6185755729675293,0.12463736534118652
500,3.6,20.16,3.6,1,1,1,22,0.7055149170977114,0.6337544016339234,0.6278674602508545,0.12567472457885742
500,3.6,20.16,3.6,1,1,1,23,0.666426494203982,0.6137821872544401,0.5580723285675049,0.12343239784240723
500,3.6,20.16,3.6,1,1,1,24,0.6944527766734788,0.6537924261055539,0.5507917404174805,0.11044120788574219
500,3.8000000000000003,22.040000000000003,3.8000000000000003,1,1,1,0,0.7026064392244864,0.6796055837852621,0.5929901599884033,0.122314453125
500,3.8000000000000003,22.040000000000003,3.8000000000000003,1,1,1,1,0.748108403382336,0.6526814407710997,0.5968716144561768,0.11125779151916504
500,3.8000000000000003,22.040000000000003,3.8000000000000003,1,1,1,2,0.8224257981730866,0.6874717007522331,0.6701469421386719,0.13462066650390625
500,3.8000000000000003,22.040000000000003,3.8000000000000003,1,1,1,3,0.7347971265635582,0.5804822498634625,0.7029638290405273,0.1085197925567627
500,3.8000000000000003,22.040000000000003,3.8000000000000003,1,1,1,4,0.7544584163118284,0.5645454445142071,0.5002930164337158,0.12650775909423828
500,3.8000000000000003,22.040000000000003,3.8000000000000003,1,1,1,5,0.6555505979046345,0.5801305385500296,0.567126989364624,0.11863493919372559
500,3.8000000000000003,22.040000000000003,3.8000000000000003,1,1,1,6,0.644888445797843,0.8495552420906932,0.5822055339813232,0.13329243659973145
500,3.8000000000000003,22.040000000000003,3.8000000000000003,1,1,1,7,0.7019843321055586,0.6854720944472895,0.5973594188690186,0.13171100616455078
500,3.8000000000000003,22.040000000000003,3.8000000000000003,1,1,1,8,0.7222763423387761,0.6223285739181039,0.6197757720947266,0.1344156265258789
500,3.8000000000000003,22.040000000000003,3.8000000000000003,1,1,1,9,0.8057951138351628,0.64855950893009,0.5157852172851562,0.09402871131896973
500,3.8000000000000003,22.040000000000003,3.8000000000000003,1,1,1,10,0.6654111724119828,0.7066639247145653,0.5709774494171143,0.10602807998657227
500,3.8000000000000003,22.040000000000003,3.8000000000000003,1,1,1,11,0.7108787063471085,0.6332029415647196,0.5542516708374023,0.11757922172546387
500,3.8000000000000003,22.040000000000003,3.8000000000000003,1,1,1,12,0.6724636056983382,0.6218172681184186,0.5341489315032959,0.10162043571472168
500,3.8000000000000003,22.040000000000003,3.8000000000000003,1,1,1,13,0.7561699220509678,0.8148033720438798,0.705512285232544,0.1251208782196045
500,3.8000000000000003,22.040000000000003,3.8000000000000003,1,1,1,14,0.6946044606572317,0.6786112548833625,0.5806615352630615,0.1253373622894287
500,3.8000000000000003,22.040000000000003,3.8000000000000003,1,1,1,15,0.7125133401903315,0.6852350833215433,0.5064947605133057,0.13538455963134766
500,3.8000000000000003,22.040000000000003,3.8000000000000003,1,1,1,16,0.8320944301089488,0.6773997109135279,0.5266265869140625,0.11935901641845703
500,3.8000000000000003,22.040000000000003,3.8000000000000003,1,1,1,17,0.6528606561541389,0.668501714192171,0.5120320320129395,0.10803890228271484
500,3.8000000000000003,22.040000000000003,3.8000000000000003,1,1,1,18,0.7913278852435552,0.7180236925616109,0.541553258895874,0.10858941078186035
500,3.8000000000000003,22.040000000000003,3.8000000000000003,1,1,1,19,0.7272884779134701,0.6410630178153005,0.6212384700775146,0.12784600257873535
500,3.8000000000000003,22.040000000000003,3.8000000000000003,1,1,1,20,0.7235879839001862,0.850665746452409,0.49216222763061523,0.12720823287963867
500,3.8000000000000003,22.040000000000003,3.8000000000000003,1,1,1,21,0.7373088191890008,0.7479570038322291,0.5167949199676514,0.10715198516845703
500,3.8000000000000003,22.040000000000003,3.8000000000000003,1,1,1,22,0.7132113040205633,0.7358295294775581,0.5358555316925049,0.11899781227111816
500,3.8000000000000003,22.040000000000003,3.8000000000000003,1,1,1,23,0.757320454349273,0.8695192635167602,0.5241868495941162,0.1260390281677246
500,3.8000000000000003,22.040000000000003,3.8000000000000003,1,1,1,24,0.6583898825792869,0.8192890470879551,0.5610132217407227,0.13491606712341309
500,4.0,24.0,4.0,1,1,1,0,0.7523691282341467,1.2436337210929722,0.6396059989929199,0.12990260124206543
500,4.0,24.0,4.0,1,1,1,1,0.7324212235509243,0.7167171098838968,0.5434997081756592,0.1389939785003662
500,4.0,24.0,4.0,1,1,1,2,0.7656474180428937,0.6849847564276688,0.5971016883850098,0.11731314659118652
500,4.0,24.0,4.0,1,1,1,3,0.8674070674342318,0.7206507998602537,0.7578375339508057,0.14060568809509277
500,4.0,24.0,4.0,1,1,1,4,0.9127683081599934,0.667428669843043,0.6218595504760742,0.11067843437194824
500,4.0,24.0,4.0,1,1,1,5,0.8532817920712624,0.7189844201813833,0.6250755786895752,0.1259157657623291
500,4.0,24.0,4.0,1,1,1,6,0.7356455311663888,0.6593903453538474,0.49680590629577637,0.12873506546020508
500,4.0,24.0,4.0,1,1,1,7,0.7614743200153904,0.6322389482293543,0.5038166046142578,0.11841058731079102
500,4.0,24.0,4.0,1,1,1,8,0.823918918649578,0.7287844753013295,0.5036411285400391,0.11509537696838379
500,4.0,24.0,4.0,1,1,1,9,0.7652051895802287,0.8073238863847038,0.5475008487701416,0.13263273239135742
500,4.0,24.0,4.0,1,1,1,10,0.7306305725313332,0.6271192506304424,0.7567472457885742,0.12363767623901367
500,4.0,24.0,4.0,1,1,1,11,0.6733634937045859,0.9683184831357833,0.5424520969390869,0.11663532257080078
500,4.0,24.0,4.0,1,1,1,12,0.7560532015192931,1.0645711521754047,0.5217976570129395,0.11878705024719238
500,4.0,24.0,4.0,1,1,1,13,0.7186632503980214,0.6036443157029784,0.5625669956207275,0.11330628395080566
500,4.0,24.0,4.0,1,1,1,14,0.7152035117242006,0.7241025287970494,0.5791563987731934,0.09221816062927246
500,4.0,24.0,4.0,1,1,1,15,0.774510211968354,0.7220214663711069,0.5066947937011719,0.13765883445739746
500,4.0,24.0,4.0,1,1,1,16,0.7109820771638847,0.6631728225306439,0.6791057586669922,0.1239008903503418
500,4.0,24.0,4.0,1,1,1,17,0.8461537160406878,0.7110411963946776,0.5453798770904541,0.10125303268432617
500,4.0,24.0,4.0,1,1,1,18,0.8323706295102807,0.7556485591356176,0.5220839977264404,0.10470056533813477
500,4.0,24.0,4.0,1,1,1,19,0.9407921675468074,0.9101183676515616,0.5449376106262207,0.11418032646179199
500,4.0,24.0,4.0,1,1,1,20,0.7442177647229835,0.7136740765226596,0.554128885269165,0.09863066673278809
500,4.0,24.0,4.0,1,1,1,21,0.6617998459457215,0.8298591521811921,0.5908005237579346,0.11852455139160156
500,4.0,24.0,4.0,1,1,1,22,0.7708559402763958,0.8185214526999104,0.7869770526885986,0.1620948314666748
500,4.0,24.0,4.0,1,1,1,23,0.8054474421979579,0.6970829395939934,0.6093149185180664,0.11875629425048828
500,4.0,24.0,4.0,1,1,1,24,0.7355460186286552,0.7858154719399404,0.5010371208190918,0.11523175239562988
500,4.2,26.040000000000003,4.2,1,1,1,0,0.7344738357484772,0.8789789127619213,0.5579638481140137,0.1073770523071289
500,4.2,26.040000000000003,4.2,1,1,1,1,0.7163078258842668,0.664872020623563,0.5107669830322266,0.1293482780456543
500,4.2,26.040000000000003,4.2,1,1,1,2,0.9248340408917228,0.86676192808749,0.5477361679077148,0.13979840278625488
500,4.2,26.040000000000003,4.2,1,1,1,3,0.7839793418788074,0.7180187389335806,0.5632355213165283,0.12107539176940918
500,4.2,26.040000000000003,4.2,1,1,1,4,0.7000299619635898,0.7664293617978687,0.6275022029876709,0.11152458190917969
500,4.2,26.040000000000003,4.2,1,1,1,5,0.7107778920735502,0.8019957039601533,0.5066366195678711,0.09788966178894043
500,4.2,26.040000000000003,4.2,1,1,1,6,0.9068254693039746,0.9205570132886998,0.4901437759399414,0.09872746467590332
500,4.2,26.040000000000003,4.2,1,1,1,7,0.7332199928641479,0.686640620902241,0.5496411323547363,0.11978697776794434
500,4.2,26.040000000000003,4.2,1,1,1,8,0.8860135233135136,0.8045324543234462,0.6313989162445068,0.14842605590820312
500,4.2,26.040000000000003,4.2,1,1,1,9,0.7539003380053317,0.7208906017029042,0.5689873695373535,0.0859067440032959
500,4.2,26.040000000000003,4.2,1,1,1,10,0.7179517682417008,0.7145769292652099,0.5771584510803223,0.09230923652648926
500,4.2,26.040000000000003,4.2,1,1,1,11,0.7686404247003423,0.6655308103248466,0.5163886547088623,0.12949466705322266
500,4.2,26.040000000000003,4.2,1,1,1,12,0.7633112856581903,1.0098630053567161,0.5410435199737549,0.11742091178894043
500,4.2,26.040000000000003,4.2,1,1,1,13,0.9131079225877969,0.8599664559876852,0.644371747970581,0.128373384475708
500,4.2,26.040000000000003,4.2,1,1,1,14,0.8885801015433469,0.9787850388134207,0.5442702770233154,0.10643124580383301
500,4.2,26.040000000000003,4.2,1,1,1,15,0.771964217710518,0.7660533314023946,0.5778026580810547,0.09546756744384766
500,4.2,26.040000000000003,4.2,1,1,1,16,0.8034623563222555,0.7575694866792202,0.5567216873168945,0.09698700904846191
500,4.2,26.040000000000003,4.2,1,1,1,17,0.8914477737485357,1.0005068187479147,0.5426790714263916,0.1056210994720459
500,4.2,26.040000000000003,4.2,1,1,1,18,0.8788649098852822,0.9096737706773566,0.6093294620513916,0.12061619758605957
500,4.2,26.040000000000003,4.2,1,1,1,19,0.8027611518785462,0.6813932402594188,0.8339519500732422,0.20025062561035156
500,4.2,26.040000000000003,4.2,1,1,1,20,0.7937750248121177,0.8207217640271275,0.5346746444702148,0.12233138084411621
500,4.2,26.040000000000003,4.2,1,1,1,21,0.9712565402792611,0.6622646376878353,0.5407791137695312,0.10174322128295898
500,4.2,26.040000000000003,4.2,1,1,1,22,0.7474829779466665,0.8564225592344915,0.5204777717590332,0.11754417419433594
500,4.2,26.040000000000003,4.2,1,1,1,23,0.7053671809078222,0.7386765029509748,0.555722713470459,0.14498424530029297
500,4.2,26.040000000000003,4.2,1,1,1,24,0.8649109777221994,0.7100476583205224,0.7270755767822266,0.14093232154846191
500,4.4,28.160000000000004,4.4,1,1,1,0,0.8633405442827058,0.7348948928135743,0.5730924606323242,0.10046052932739258
500,4.4,28.160000000000004,4.4,1,1,1,1,0.9693330225398389,0.8498479925270231,0.5780081748962402,0.10052847862243652
500,4.4,28.160000000000004,4.4,1,1,1,2,0.8614464128146747,0.7969131234925869,0.5448603630065918,0.11866092681884766
500,4.4,28.160000000000004,4.4,1,1,1,3,0.7739674437539269,0.9166997581841797,0.5840377807617188,0.09857058525085449
500,4.4,28.160000000000004,4.4,1,1,1,4,0.8413222131084871,0.7767078262243425,0.6121010780334473,0.1402900218963623
500,4.4,28.160000000000004,4.4,1,1,1,5,0.8066083987674257,0.8317050599370446,0.6430714130401611,0.13512039184570312
500,4.4,28.160000000000004,4.4,1,1,1,6,1.0229487611887196,0.8488525062874435,0.502699613571167,0.11956548690795898
500,4.4,28.160000000000004,4.4,1,1,1,7,0.8099385889402175,0.8969990145110023,0.5249898433685303,0.11552309989929199
500,4.4,28.160000000000004,4.4,1,1,1,8,0.7793101039111595,0.771427364659798,0.5521061420440674,0.1200709342956543
500,4.4,28.160000000000004,4.4,1,1,1,9,0.843864575624984,0.8164240374597855,0.596637487411499,0.12465429306030273
500,4.4,28.160000000000004,4.4,1,1,1,10,0.8417987582214074,0.8604839553758848,0.6082534790039062,0.13809895515441895
500,4.4,28.160000000000004,4.4,1,1,1,11,0.8345948416046871,0.7354984054612071,0.5079760551452637,0.10135126113891602
500,4.4,28.160000000000004,4.4,1,1,1,12,0.9058557410014241,0.8146467358837154,0.5625512599945068,0.11611270904541016
500,4.4,28.160000000000004,4.4,1,1,1,13,0.8294156615127822,1.0242657138066003,0.581744909286499,0.12938976287841797
500,4.4,28.160000000000004,4.4,1,1,1,14,0.9702274974280184,0.8220110026028211,0.6300861835479736,0.10673046112060547
500,4.4,28.160000000000004,4.4,1,1,1,15,1.2252592728751726,0.966298874433896,0.6121683120727539,0.14316344261169434
500,4.4,28.160000000000004,4.4,1,1,1,16,0.8139488060530058,0.7711674042520541,0.6104657649993896,0.09864354133605957
500,4.4,28.160000000000004,4.4,1,1,1,17,0.9493994647406068,0.6870889322213563,0.5425112247467041,0.09014606475830078
500,4.4,28.160000000000004,4.4,1,1,1,18,0.8482316549659321,0.9535276187437638,0.5622298717498779,0.10744619369506836
500,4.4,28.160000000000004,4.4,1,1,1,19,0.9905350866365515,0.7115307640377009,0.5389618873596191,0.12467527389526367
500,4.4,28.160000000000004,4.4,1,1,1,20,0.7834957498812625,0.7811494453909976,0.5619361400604248,0.10464358329772949
500,4.4,28.160000000000004,4.4,1,1,1,21,0.8251781127617694,0.8928932462195505,0.6826491355895996,0.11200809478759766
500,4.4,28.160000000000004,4.4,1,1,1,22,0.9493379406737354,1.0747967611081226,0.5298788547515869,0.13267946243286133
500,4.4,28.160000000000004,4.4,1,1,1,23,0.7554870823458371,0.6705873592978766,0.5638511180877686,0.10800290107727051
500,4.4,28.160000000000004,4.4,1,1,1,24,0.7464378244596841,0.7392634739322786,0.5234251022338867,0.11032509803771973
500,4.6000000000000005,30.360000000000007,4.6000000000000005,1,1,1,0,0.8539050154533065,0.9803005110890743,0.5347306728363037,0.10821890830993652
500,4.6000000000000005,30.360000000000007,4.6000000000000005,1,1,1,1,1.1126493766098389,0.9506547763621653,0.6059668064117432,0.12071871757507324
500,4.6000000000000005,30.360000000000007,4.6000000000000005,1,1,1,2,1.0182566219223572,1.1560205504103853,0.6207418441772461,0.14141511917114258
500,4.6000000000000005,30.360000000000007,4.6000000000000005,1,1,1,3,0.8578121223045841,0.7971678492920664,0.5604841709136963,0.09277510643005371
500,4.6000000000000005,30.360000000000007,4.6000000000000005,1,1,1,4,0.8727661575728282,0.8178118401130166,0.5090920925140381,0.12061166763305664
500,4.6000000000000005,30.360000000000007,4.6000000000000005,1,1,1,5,0.8925395613206162,1.0898026465806543,0.5405840873718262,0.1155557632446289
500,4.6000000000000005,30.360000000000007,4.6000000000000005,1,1,1,6,0.8793820958317577,0.9736379576013156,0.6259496212005615,0.11794090270996094
500,4.6000000000000005,30.360000000000007,4.6000000000000005,1,1,1,7,0.9435834262195758,0.7847245738437497,0.629906415939331,0.1196599006652832
500,4.6000000000000005,30.360000000000007,4.6000000000000005,1,1,1,8,0.8975877510023718,1.0270141309351113,0.5134778022766113,0.10027503967285156
500,4.6000000000000005,30.360000000000007,4.6000000000000005,1,1,1,9,0.8434025229355392,1.0535437848547056,0.5986859798431396,0.14121031761169434
500,4.6000000000000005,30.360000000000007,4.6000000000000005,1,1,1,10,0.8557849371440651,0.8583808168480028,0.5779252052307129,0.13069558143615723
500,4.6000000000000005,30.360000000000007,4.6000000000000005,1,1,1,11,0.7977096954236168,0.9131079170246816,0.5664055347442627,0.10741806030273438
500,4.6000000000000005,30.360000000000007,4.6000000000000005,1,1,1,12,0.8980497375776354,0.8741235166087009,0.6498117446899414,0.1343224048614502
500,4.6000000000000005,30.360000000000007,4.6000000000000005,1,1,1,13,0.8431002210419891,1.0103689356946712,0.6891500949859619,0.09988832473754883
500,4.6000000000000005,30.360000000000007,4.6000000000000005,1,1,1,14,0.8373054352420957,0.8373774605853155,0.5266501903533936,0.11153721809387207
500,4.6000000000000005,30.360000000000007,4.6000000000000005,1,1,1,15,0.7744354509833143,1.0372568138897305,0.4898393154144287,0.13047361373901367
500,4.6000000000000005,30.360000000000007,4.6000000000000005,1,1,1,16,0.8147811415698252,0.7420086985760109,0.579899787902832,0.10512781143188477
500,4.6000000000000005,30.360000000000007,4.6000000000000005,1,1,1,17,0.7876592476550106,0.75484462907371,0.5911777019500732,0.12542080879211426
500,4.6000000000000005,30.360000000000007,4.6000000000000005,1,1,1,18,0.8725348101282562,0.7599710624636997,0.7111163139343262,0.10985493659973145
500,4.6000000000000005,30.360000000000007,4.6000000000000005,1,1,1,19,0.8848066387831367,0.785304079433162,0.5473814010620117,0.10401034355163574
500,4.6000000000000005,30.360000000000007,4.6000000000000005,1,1,1,20,0.9989957586888724,0.9794065318888484,0.5545320510864258,0.12832427024841309
500,4.6000000000000005,30.360000000000007,4.6000000000000005,1,1,1,21,1.0520841852136091,0.7230338082284465,0.5829308032989502,0.10659289360046387
500,4.6000000000000005,30.360000000000007,4.6000000000000005,1,1,1,22,0.7549401929365102,0.744683988210095,0.5846786499023438,0.0861818790435791
500,4.6000000000000005,30.360000000000007,4.6000000000000005,1,1,1,23,0.9828332597430005,0.8146027469902247,0.5652925968170166,0.13517379760742188
500,4.6000000000000005,30.360000000000007,4.6000000000000005,1,1,1,24,0.8949540337192006,0.781046555613912,0.6761586666107178,0.14457130432128906
500,4.800000000000001,32.64000000000001,4.800000000000001,1,1,1,0,0.8832249432391951,1.193386683525009,0.5231306552886963,0.11234140396118164
500,4.800000000000001,32.64000000000001,4.800000000000001,1,1,1,1,1.0970632435376544,0.9156515016552487,0.5605626106262207,0.10423088073730469
500,4.800000000000001,32.64000000000001,4.800000000000001,1,1,1,2,0.934450355453962,1.0669617493396233,0.5170824527740479,0.12189579010009766
500,4.800000000000001,32.64000000000001,4.800000000000001,1,1,1,3,0.9513502067816803,1.0798190853684169,0.6091773509979248,0.10000395774841309
500,4.800000000000001,32.64000000000001,4.800000000000001,1,1,1,4,1.116101986635494,0.8800566026491596,0.7236025333404541,0.15336012840270996
500,4.800000000000001,32.64000000000001,4.800000000000001,1,1,1,5,0.9366935190040101,0.9101208474465525,0.620917558670044,0.11848735809326172
500,4.800000000000001,32.64000000000001,4.800000000000001,1,1,1,6,0.9664761269908494,0.7786374736354545,0.532386302947998,0.09696245193481445
500,4.800000000000001,32.64000000000001,4.800000000000001,1,1,1,7,1.0028615174691329,0.7952637995860891,0.5202193260192871,0.11201190948486328
500,4.800000000000001,32.64000000000001,4.800000000000001,1,1,1,8,0.8279334867051182,0.8582855116086537,0.5410435199737549,0.11836600303649902
500,4.800000000000001,32.64000000000001,4.800000000000001,1,1,1,9,1.0176381283066527,0.8823403706874738,0.5743286609649658,0.14362835884094238
500,4.800000000000001,32.64000000000001,4.800000000000001,1,1,1,10,0.9364487149944051,1.0428465920551235,0.6338155269622803,0.12098956108093262
500,4.800000000000001,32.64000000000001,4.800000000000001,1,1,1,11,0.8622401821601362,0.8572819894563648,0.5258712768554688,0.0977628231048584
500,4.800000000000001,32.64000000000001,4.800000000000001,1,1,1,12,1.1574498093809824,0.8713614255298221,0.5702908039093018,0.08822107315063477
500,4.800000000000001,32.64000000000001,4.800000000000001,1,1,1,13,2.5846918615153625,1.0173502368850815,0.5625386238098145,0.10365533828735352
500,4.800000000000001,32.64000000000001,4.800000000000001,1,1,1,14,0.9371265588550995,0.9271835616586087,0.638782262802124,0.11863255500793457
500,4.800000000000001,32.64000000000001,4.800000000000001,1,1,1,15,0.9500638848514336,0.8414052191374383,0.7079925537109375,0.12062501907348633
500,4.800000000000001,32.64000000000001,4.800000000000001,1,1,1,16,0.9439903129861097,1.0073553637169204,0.5751397609710693,0.14274048805236816
500,4.800000000000001,32.64000000000001,4.800000000000001,1,1,1,17,0.9147231482008404,0.8684340282453271,0.5970516204833984,0.11243963241577148
500,4.800000000000001,32.64000000000001,4.800000000000001,1,1,1,18,0.9766730978130957,0.7967264537501784,0.6216845512390137,0.1104576587677002
500,4.800000000000001,32.64000000000001,4.800000000000001,1,1,1,19,0.905364352620041,0.777056318006127,0.625720739364624,0.12523913383483887
500,4.800000000000001,32.64000000000001,4.800000000000001,1,1,1,20,1.0472443963269535,1.2201358270657359,0.6212460994720459,0.13527655601501465
500,4.800000000000001,32.64000000000001,4.800000000000001,1,1,1,21,1.004236313649662,0.7841698686714664,0.5924561023712158,0.10449671745300293
500,4.800000000000001,32.64000000000001,4.800000000000001,1,1,1,22,1.0380117008699568,0.9550164218569599,0.5665872097015381,0.09552454948425293
500,4.800000000000001,32.64000000000001,4.800000000000001,1,1,1,23,1.068541040041799,0.9030507594125425,0.6233189105987549,0.11196208000183105
500,4.800000000000001,32.64000000000001,4.800000000000001,1,1,1,24,1.0259500217275677,0.9139202905562076,0.5961906909942627,0.10315585136413574
500,5.0,35.0,5.0,1,1,1,0,1.0676769877289154,0.8795645842708151,0.7511022090911865,0.1603233814239502
500,5.0,35.0,5.0,1,1,1,1,0.9903053572636797,1.1554111511751004,0.7654640674591064,0.14848709106445312
500,5.0,35.0,5.0,1,1,1,2,1.011956595070068,1.0236046150348825,0.5683917999267578,0.10059285163879395
500,5.0,35.0,5.0,1,1,1,3,1.3316622138386982,0.8502308206801535,0.5194597244262695,0.11458086967468262
500,5.0,35.0,5.0,1,1,1,4,1.067400390760889,0.8377656149412385,0.5744965076446533,0.10947442054748535
500,5.0,35.0,5.0,1,1,1,5,1.1042471910659617,0.9415948749574264,0.572401762008667,0.13969039916992188
500,5.0,35.0,5.0,1,1,1,6,0.9243520249819264,1.0119759612316714,0.7126779556274414,0.12475156784057617
500,5.0,35.0,5.0,1,1,1,7,1.142870026241369,0.8757094102874757,0.5092380046844482,0.12032961845397949
500,5.0,35.0,5.0,1,1,1,8,1.140658993844537,1.0483892824855163,0.5492560863494873,0.10370492935180664
500,5.0,35.0,5.0,1,1,1,9,1.111188507445438,1.0414127575843173,0.5783445835113525,0.11185860633850098
500,5.0,35.0,5.0,1,1,1,10,0.9921877752202469,0.8915315886141117,0.5842454433441162,0.1030735969543457
500,5.0,35.0,5.0,1,1,1,11,0.9789722231531502,1.0628360197608244,0.6279881000518799,0.1338508129119873
500,5.0,35.0,5.0,1,1,1,12,1.0868969116523624,1.102016206529525,0.6323304176330566,0.12539100646972656
500,5.0,35.0,5.0,1,1,1,13,0.9342112982923493,0.8624019479484332,0.49621081352233887,0.11876845359802246
500,5.0,35.0,5.0,1,1,1,14,2.433598176548714,1.4127564120312788,0.5836212635040283,0.09714984893798828
500,5.0,35.0,5.0,1,1,1,15,1.0465435961225036,0.8867179248772988,0.539802074432373,0.11251378059387207
500,5.0,35.0,5.0,1,1,1,16,0.8866970471579192,1.005532697918679,0.5762176513671875,0.12252974510192871
500,5.0,35.0,5.0,1,1,1,17,0.9759663067782322,0.967099021179251,0.6067299842834473,0.1209566593170166
500,5.0,35.0,5.0,1,1,1,18,0.9674589841659943,0.8606907448292054,0.5191199779510498,0.11329936981201172
500,5.0,35.0,5.0,1,1,1,19,1.0291554802599447,0.8103431710351823,0.583071231842041,0.10742044448852539
500,5.0,35.0,5.0,1,1,1,20,0.9761555893600055,0.8355365289243402,0.5570056438446045,0.14533090591430664
500,5.0,35.0,5.0,1,1,1,21,2.497840630783934,1.5305726315796393,0.6359951496124268,0.12388443946838379
500,5.0,35.0,5.0,1,1,1,22,0.9659234798804062,0.9589629934291536,0.6212954521179199,0.13750123977661133
500,5.0,35.0,5.0,1,1,1,23,1.070119038325228,1.16979252235567,0.5680840015411377,0.11876368522644043
500,5.0,35.0,5.0,1,1,1,24,0.9759335561969098,1.0319280159506738,0.5397639274597168,0.11727547645568848
500,5.2,37.440000000000005,5.2,1,1,1,0,1.0426451948701905,1.053975399926595,0.5249192714691162,0.10253071784973145
500,5.2,37.440000000000005,5.2,1,1,1,1,0.9367633927708983,1.0167545922482846,0.5901453495025635,0.10925793647766113
500,5.2,37.440000000000005,5.2,1,1,1,2,1.134858095089025,0.9075509741588756,0.5556955337524414,0.11477518081665039
500,5.2,37.440000000000005,5.2,1,1,1,3,1.066199333825897,0.8183135978519583,0.6642739772796631,0.1262037754058838
500,5.2,37.440000000000005,5.2,1,1,1,4,2.7389174104834777,1.508800727163598,0.5582995414733887,0.11344766616821289
500,5.2,37.440000000000005,5.2,1,1,1,5,1.2696546225029042,0.9227568792373394,0.5344600677490234,0.10298323631286621
500,5.2,37.440000000000005,5.2,1,1,1,6,0.9128802593948694,1.045170533349025,0.5334625244140625,0.10952901840209961
500,5.2,37.440000000000005,5.2,1,1,1,7,1.4446957030124519,0.916024887929682,0.555870771408081,0.10387134552001953
500,5.2,37.440000000000005,5.2,1,1,1,8,1.1390607363025012,1.0486682884452172,0.5740885734558105,0.1274876594543457
500,5.2,37.440000000000005,5.2,1,1,1,9,1.172102906549752,1.4963638966343027,0.573190450668335,0.13303375244140625
500,5.2,37.440000000000005,5.2,1,1,1,10,1.1896811625054573,0.9090872839887184,0.5531513690948486,0.10558938980102539
500,5.2,37.440000000000005,5.2,1,1,1,11,1.3165938464292066,1.1482329056658795,0.5516102313995361,0.10410666465759277
500,5.2,37.440000000000005,5.2,1,1,1,12,1.1282673872377802,0.9740095655101595,0.6135926246643066,0.1006157398223877
500,5.2,37.440000000000005,5.2,1,1,1,13,1.0595014837850973,1.0359274428292222,0.5884284973144531,0.10219740867614746
500,5.2,37.440000000000005,5.2,1,1,1,14,1.1488228980300585,0.9855301919717031,0.6365735530853271,0.12518739700317383
500,5.2,37.440000000000005,5.2,1,1,1,15,2.6996781671611565,1.0111411674254454,0.6456270217895508,0.09902596473693848
500,5.2,37.440000000000005,5.2,1,1,1,16,1.1429161144429103,1.20384052348787,0.5633084774017334,0.13282179832458496
500,5.2,37.440000000000005,5.2,1,1,1,17,2.745066285669371,1.2067756725078669,0.6083071231842041,0.12078571319580078
500,5.2,37.440000000000005,5.2,1,1,1,18,0.9147044492373657,1.0706401964439196,0.5693490505218506,0.09757518768310547
500,5.2,37.440000000000005,5.2,1,1,1,19,2.611607544632716,0.8971214606685415,0.6166865825653076,0.12125515937805176
500,5.2,37.440000000000005,5.2,1,1,1,20,2.2597366353154924,0.9156202709587203,0.5920193195343018,0.12608003616333008
500,5.2,37.440000000000005,5.2,1,1,1,21,1.1608462531292796,1.020786638887175,0.5368573665618896,0.09481024742126465
500,5.2,37.440000000000005,5.2,1,1,1,22,1.9678529022556284,0.9567498103479343,0.5364091396331787,0.08619356155395508
500,5.2,37.440000000000005,5.2,1,1,1,23,2.795915277951703,1.4747680590470273,0.6386258602142334,0.0973501205444336
500,5.2,37.440000000000005,5.2,1,1,1,24,0.9834184844034882,1.0138804185602288,0.6250324249267578,0.12430310249328613
500,5.4,39.96000000000001,5.4,1,1,1,0,2.5188011710013702,1.8872056673071498,0.7595198154449463,0.12051677703857422
500,5.4,39.96000000000001,5.4,1,1,1,1,2.384579680116428,1.2197957020237902,0.513077974319458,0.12080121040344238
500,5.4,39.96000000000001,5.4,1,1,1,2,2.757586354271578,1.1415682635990256,0.5237181186676025,0.10390877723693848
500,5.4,39.96000000000001,5.4,1,1,1,3,1.5142086596073903,1.0492565954146096,0.5515773296356201,0.11632013320922852
500,5.4,39.96000000000001,5.4,1,1,1,4,1.1637416756499377,1.0322077977310693,0.5560641288757324,0.12183260917663574
500,5.4,39.96000000000001,5.4,1,1,1,5,2.80171154214595,1.5007337932471296,0.605283260345459,0.14833474159240723
500,5.4,39.96000000000001,5.4,1,1,1,6,2.1607890403038734,0.9473152730222633,0.7248039245605469,0.12221312522888184
500,5.4,39.96000000000001,5.4,1,1,1,7,1.242054792141716,0.9178217059214592,0.5580000877380371,0.1058051586151123
500,5.4,39.96000000000001,5.4,1,1,1,8,1.023646826926573,0.931884158209948,0.5724515914916992,0.09792828559875488
500,5.4,39.96000000000001,5.4,1,1,1,9,1.492760895095211,1.038142081765843,0.5211081504821777,0.12662601470947266
500,5.4,39.96000000000001,5.4,1,1,1,10,1.178831703077891,1.199041787817729,0.5743541717529297,0.1405930519104004
500,5.4,39.96000000000001,5.4,1,1,1,11,1.5114744859620877,1.4264525753444444,0.6337344646453857,0.13549280166625977
500,5.4,39.96000000000001,5.4,1,1,1,12,1.1668025086540017,1.0531061677216333,0.6459734439849854,0.12673687934875488
500,5.4,39.96000000000001,5.4,1,1,1,13,2.8253475877811702,1.4813716792963751,0.516517162322998,0.09738922119140625
500,5.4,39.96000000000001,5.4,1,1,1,14,0.9716646687592012,1.2871278289077357,0.5580110549926758,0.10591268539428711
500,5.4,39.96000000000001,5.4,1,1,1,15,1.187198421917408,0.9420469694164058,0.5238370895385742,0.11500930786132812
500,5.4,39.96000000000001,5.4,1,1,1,16,1.0392786977529842,0.8380411333893975,0.5367898941040039,0.14016151428222656
500,5.4,39.96000000000001,5.4,1,1,1,17,1.1151102825538446,1.0167284921285984,0.6719951629638672,0.12958765029907227
500,5.4,39.96000000000001,5.4,1,1,1,18,1.3092850828773734,1.1422020478168424,0.5584433078765869,0.09435725212097168
500,5.4,39.96000000000001,5.4,1,1,1,19,1.9973813874818664,1.1800947883682515,0.511932373046875,0.11731624603271484
500,5.4,39.96000000000001,5.4,1,1,1,20,2.769917152043016,1.1862067486320127,0.541741132736206,0.11263179779052734
500,5.4,39.96000000000001,5.4,1,1,1,21,1.227097414513309,1.240929305763611,0.6186721324920654,0.12463045120239258
500,5.4,39.96000000000001,5.4,1,1,1,22,1.0812963749846976,0.9524928124257209,0.6101486682891846,0.1364905834197998
500,5.4,39.96000000000001,5.4,1,1,1,23,1.081993575517766,1.126793693577943,0.518399715423584,0.10346317291259766
500,5.4,39.96000000000001,5.4,1,1,1,24,1.1116323634699163,0.9840531059370569,0.6071414947509766,0.10346484184265137
500,5.6000000000000005,42.56000000000001,5.6000000000000005,1,1,1,0,2.362664123189474,1.1251204037761289,0.5564954280853271,0.10051107406616211
500,5.6000000000000005,42.56000000000001,5.6000000000000005,1,1,1,1,2.5201096488921033,1.033620008576912,0.6002531051635742,0.10461235046386719
500,5.6000000000000005,42.56000000000001,5.6000000000000005,1,1,1,2,2.3212944682380425,1.1384441405773431,0.6373445987701416,0.13628435134887695
500,5.6000000000000005,42.56000000000001,5.6000000000000005,1,1,1,3,2.825883262921074,1.8859811631325896,0.5489704608917236,0.11261153221130371
500,5.6000000000000005,42.56000000000001,5.6000000000000005,1,1,1,4,1.1473009986550915,1.0485518386108117,0.5507888793945312,0.1206512451171875
500,5.6000000000000005,42.56000000000001,5.6000000000000005,1,1,1,5,1.1375488569865506,1.046611257700719,0.5483255386352539,0.14421916007995605
500,5.6000000000000005,42.56000000000001,5.6000000000000005,1,1,1,6,1.1161973313508415,1.3183742545691932,0.5359821319580078,0.12997746467590332
500,5.6000000000000005,42.56000000000001,5.6000000000000005,1,1,1,7,1.337083510978229,1.0969126612824265,0.5827600955963135,0.1441195011138916
500,5.6000000000000005,42.56000000000001,5.6000000000000005,1,1,1,8,2.8159775860794882,1.3764984460216667,0.8621773719787598,0.14633560180664062
500,5.6000000000000005,42.56000000000001,5.6000000000000005,1,1,1,9,1.2370970725861974,0.9801618038372686,0.5819227695465088,0.10445880889892578
500,5.6000000000000005,42.56000000000001,5.6000000000000005,1,1,1,10,2.779909244489141,2.57626846575594,0.5297245979309082,0.1189568042755127
500,5.6000000000000005,42.56000000000001,5.6000000000000005,1,1,1,11,2.070074215745957,0.94400617007296,0.5605363845825195,0.11620044708251953
500,5.6000000000000005,42.56000000000001,5.6000000000000005,1,1,1,12,1.081966013875757,1.0611846224407109,0.5792913436889648,0.12325310707092285
500,5.6000000000000005,42.56000000000001,5.6000000000000005,1,1,1,13,1.1731611924113967,1.0429754695307978,0.7250885963439941,0.13063526153564453
500,5.6000000000000005,42.56000000000001,5.6000000000000005,1,1,1,14,2.262178476858029,1.0898460085372972,0.5280196666717529,0.11162710189819336
500,5.6000000000000005,42.56000000000001,5.6000000000000005,1,1,1,15,2.670357150204023,2.6594782327408684,0.560258150100708,0.10364913940429688
500,5.6000000000000005,42.56000000000001,5.6000000000000005,1,1,1,16,2.3508082997365083,1.2958947562389158,0.5913143157958984,0.10126733779907227
500,5.6000000000000005,42.56000000000001,5.6000000000000005,1,1,1,17,1.2031997968711639,1.0398519898714729,0.5123345851898193,0.11117768287658691
500,5.6000000000000005,42.56000000000001,5.6000000000000005,1,1,1,18,2.8079509969353578,1.1093794379439874,0.6882455348968506,0.12543439865112305
500,5.6000000000000005,42.56000000000001,5.6000000000000005,1,1,1,19,2.82585962570492,1.478516591285863,0.6078944206237793,0.14067840576171875
500,5.6000000000000005,42.56000000000001,5.6000000000000005,1,1,1,20,1.1911509358968064,1.021959112992418,0.5499389171600342,0.08788776397705078
500,5.6000000000000005,42.56000000000001,5.6000000000000005,1,1,1,21,2.7572739305673615,1.101285661554565,0.5668675899505615,0.11867356300354004
500,5.6000000000000005,42.56000000000001,5.6000000000000005,1,1,1,22,1.708394522831347,1.0190727451563804,0.5580461025238037,0.11435818672180176
500,5.6000000000000005,42.56000000000001,5.6000000000000005,1,1,1,23,1.173233485214944,1.0533541112371025,0.5390810966491699,0.1119987964630127
500,5.6000000000000005,42.56000000000001,5.6000000000000005,1,1,1,24,1.2035066102313556,1.0996661914158739,0.7195556163787842,0.13677453994750977
500,5.800000000000001,45.24000000000001,5.800000000000001,1,1,1,0,1.1219743109151787,1.3397798694177037,0.5395627021789551,0.11309528350830078
500,5.800000000000001,45.24000000000001,5.800000000000001,1,1,1,1,2.1929063658757095,1.5631886885119248,0.5644240379333496,0.09543108940124512
500,5.800000000000001,45.24000000000001,5.800000000000001,1,1,1,2,2.8282541980876132,2.1561358307382688,0.5277783870697021,0.13460803031921387
500,5.800000000000001,45.24000000000001,5.800000000000001,1,1,1,3,1.4464759758135424,1.3763852187689272,0.6605653762817383,0.13883280754089355
500,5.800000000000001,45.24000000000001,5.800000000000001,1,1,1,4,2.7491811774235178,1.263044948053242,0.606513500213623,0.13083720207214355
500,5.800000000000001,45.24000000000001,5.800000000000001,1,1,1,5,2.2886493058413895,1.232663193164504,0.5710804462432861,0.11846280097961426
500,5.800000000000001,45.24000000000001,5.800000000000001,1,1,1,6,2.786886950163007,1.1713109308050278,0.49080562591552734,0.13188648223876953
500,5.800000000000001,45.24000000000001,5.800000000000001,1,1,1,7,2.590837268207696,1.2654293130543277,0.6093640327453613,0.1154181957244873
500,5.800000000000001,45.24000000000001,5.800000000000001,1,1,1,8,2.48038122447294,1.7989664876782578,0.5524682998657227,0.10185003280639648
500,5.800000000000001,45.24000000000001,5.800000000000001,1,1,1,9,1.0613339055685282,1.153234310885557,0.5976324081420898,0.11631345748901367
500,5.800000000000001,45.24000000000001,5.800000000000001,1,1,1,10,2.823070339294185,1.994395327905804,0.5871636867523193,0.12210202217102051
500,5.800000000000001,45.24000000000001,5.800000000000001,1,1,1,11,2.4155383053239587,2.208966834408314,0.5110557079315186,0.1319293975830078
500,5.800000000000001,45.24000000000001,5.800000000000001,1,1,1,12,1.287409143333967,1.1259044273781649,0.5270586013793945,0.10999464988708496
500,5.800000000000001,45.24000000000001,5.800000000000001,1,1,1,13,2.7910323433719237,1.1193094991142918,0.5934357643127441,0.0941612720489502
500,5.800000000000001,45.24000000000001,5.800000000000001,1,1,1,14,2.7848427803163918,1.140593456318478,0.5459465980529785,0.10897612571716309
500,5.800000000000001,45.24000000000001,5.800000000000001,1,1,1,15,1.3510360235354002,1.1023908179834234,0.5854859352111816,0.12701416015625
500,5.800000000000001,45.24000000000001,5.800000000000001,1,1,1,16,1.555382772456549,1.0410840523235807,0.6380233764648438,0.12372827529907227
500,5.800000000000001,45.24000000000001,5.800000000000001,1,1,1,17,1.1306041966610818,1.2290153623002598,0.5109002590179443,0.1039588451385498
500,5.800000000000001,45.24000000000001,5.800000000000001,1,1,1,18,2.0554972779187106,1.9681335350573534,0.57218337059021,0.10863161087036133
500,5.800000000000001,45.24000000000001,5.800000000000001,1,1,1,19,2.6374156577103767,1.459560552021994,0.5397717952728271,0.1112680435180664
500,5.800000000000001,45.24000000000001,5.800000000000001,1,1,1,20,2.7187355044408337,1.156365622870974,0.5902588367462158,0.09881901741027832
500,5.800000000000001,45.24000000000001,5.800000000000001,1,1,1,21,1.202303588379493,1.2297809006236833,0.6367173194885254,0.13429665565490723
500,5.800000000000001,45.24000000000001,5.800000000000001,1,1,1,22,1.8661913426488437,1.0896744396268223,0.6146440505981445,0.11045956611633301
500,5.800000000000001,45.24000000000001,5.800000000000001,1,1,1,23,2.8271707588286326,2.4283514943357276,0.6369564533233643,0.10675835609436035
500,5.800000000000001,45.24000000000001,5.800000000000001,1,1,1,24,1.1573292096570622,1.1483686073403885,0.6704339981079102,0.1721508502960205
500,6.0,48.0,6.0,1,1,1,0,2.7891144978275255,1.3044447048987977,0.5413970947265625,0.10872220993041992
500,6.0,48.0,6.0,1,1,1,1,2.4504681897225797,1.6358942482882843,0.7096266746520996,0.12648916244506836
500,6.0,48.0,6.0,1,1,1,2,2.7514094418672426,2.0332607197735513,0.5361685752868652,0.13392138481140137
500,6.0,48.0,6.0,1,1,1,3,1.613351942034585,1.061119887452189,0.5581536293029785,0.09598946571350098
500,6.0,48.0,6.0,1,1,1,4,2.7609856472821956,1.7406130000537352,0.5069055557250977,0.11507368087768555
500,6.0,48.0,6.0,1,1,1,5,2.288703697749951,1.209759586274757,0.5786993503570557,0.09798431396484375
500,6.0,48.0,6.0,1,1,1,6,2.619537347448184,1.7982856941511167,0.5047833919525146,0.11288952827453613
500,6.0,48.0,6.0,1,1,1,7,2.193737126688691,1.051774516968274,0.5805644989013672,0.1413722038269043
500,6.0,48.0,6.0,1,1,1,8,2.5744108096052676,1.1527645214143845,0.5488216876983643,0.10196089744567871
500,6.0,48.0,6.0,1,1,1,9,2.81631617880498,1.4588046802055452,0.5409555435180664,0.10828542709350586
500,6.0,48.0,6.0,1,1,1,10,2.4486023608667313,1.7265192614071332,0.510382890701294,0.12508797645568848
500,6.0,48.0,6.0,1,1,1,11,2.8204452954727675,1.4953482047622881,0.5330281257629395,0.09830451011657715
500,6.0,48.0,6.0,1,1,1,12,2.752197212219248,1.893564001618303,0.6797337532043457,0.1294572353363037
500,6.0,48.0,6.0,1,1,1,13,1.3202114628839683,1.2869310032532293,0.6148903369903564,0.11890721321105957
500,6.0,48.0,6.0,1,1,1,14,1.632441954111175,1.5051224381166242,0.48561811447143555,0.12926435470581055
500,6.0,48.0,6.0,1,1,1,15,2.737573715097256,1.1355256955780195,0.5047826766967773,0.11803317070007324
500,6.0,48.0,6.0,1,1,1,16,2.6934861233464287,1.2789025051178413,0.49440932273864746,0.10870003700256348
500,6.0,48.0,6.0,1,1,1,17,2.8103050653731803,1.5742836606863282,0.5004034042358398,0.11373543739318848
500,6.0,48.0,6.0,1,1,1,18,2.767481554264685,1.8838656832778218,0.5466501712799072,0.13180327415466309
500,6.0,48.0,6.0,1,1,1,19,2.828420357863964,5.009743285263249,0.8775575160980225,0.14859485626220703
500,6.0,48.0,6.0,1,1,1,20,2.1607650366684226,1.703338423198834,0.5060176849365234,0.12865734100341797
500,6.0,48.0,6.0,1,1,1,21,2.437603744893712,2.7964287538875876,0.5095639228820801,0.1016852855682373
500,6.0,48.0,6.0,1,1,1,22,2.8284078879184613,1.36465197470064,0.5644302368164062,0.1268467903137207
500,6.0,48.0,6.0,1,1,1,23,2.288310657130174,2.0388117446298364,0.6002295017242432,0.1144101619720459
500,6.0,48.0,6.0,1,1,1,24,2.6294800037720436,2.2077219429345103,0.6582739353179932,0.1531071662902832
500,6.2,50.839999999999996,6.2,1,1,1,0,2.523152804893754,1.2014817436471146,0.5555260181427002,0.11704874038696289
500,6.2,50.839999999999996,6.2,1,1,1,1,2.6355318204585676,1.6504341822069437,0.5263259410858154,0.10199308395385742
500,6.2,50.839999999999996,6.2,1,1,1,2,2.640084747533532,1.1312851891633673,0.5591588020324707,0.0989072322845459
500,6.2,50.839999999999996,6.2,1,1,1,3,2.819698684310579,2.6625322016797295,0.5809845924377441,0.10558009147644043
500,6.2,50.839999999999996,6.2,1,1,1,4,2.8284260632166833,5.2005171362138425,0.5984554290771484,0.14591574668884277
500,6.2,50.839999999999996,6.2,1,1,1,5,2.6456971975838646,1.7740083669382176,0.6220982074737549,0.1324622631072998
500,6.2,50.839999999999996,6.2,1,1,1,6,2.8166297382254815,1.8209996314326808,0.587770938873291,0.09979057312011719
500,6.2,50.839999999999996,6.2,1,1,1,7,2.826451268067385,3.7183498765185563,0.574908971786499,0.10712528228759766
500,6.2,50.839999999999996,6.2,1,1,1,8,2.713621745989674,2.9063340281079233,0.5480711460113525,0.1436467170715332
500,6.2,50.839999999999996,6.2,1,1,1,9,2.615283578097514,1.627943945122019,0.6218230724334717,0.11150383949279785
500,6.2,50.839999999999996,6.2,1,1,1,10,2.7501964976213715,1.9962513258310288,0.6328155994415283,0.1246495246887207
500,6.2,50.839999999999996,6.2,1,1,1,11,2.7776410443254655,1.6273907626037347,0.5767581462860107,0.1026008129119873
500,6.2,50.839999999999996,6.2,1,1,1,12,2.77688633772705,2.655461049124239,0.628572940826416,0.10463690757751465
500,6.2,50.839999999999996,6.2,1,1,1,13,2.7984682528030067,2.227503442392338,0.5885179042816162,0.09143924713134766
500,6.2,50.839999999999996,6.2,1,1,1,14,2.7744143281844433,2.0657871269986643,0.649559736251831,0.13428497314453125
500,6.2,50.839999999999996,6.2,1,1,1,15,2.811175040631276,1.8056701598532823,0.90338134765625,0.12132930755615234
500,6.2,50.839999999999996,6.2,1,1,1,16,2.7897449368816796,1.2072301531701704,0.5833563804626465,0.10916900634765625
500,6.2,50.839999999999996,6.2,1,1,1,17,1.5687865563265109,1.401774988911436,0.5194168090820312,0.10751128196716309
500,6.2,50.839999999999996,6.2,1,1,1,18,2.793751609916374,1.7620717488225235,0.5669851303100586,0.09646868705749512
500,6.2,50.839999999999996,6.2,1,1,1,19,2.8282392775954026,1.721400419244586,0.6276767253875732,0.11024737358093262
500,6.2,50.839999999999996,6.2,1,1,1,20,2.7391934592439675,1.1425589113114163,0.7670998573303223,0.13146138191223145
500,6.2,50.839999999999996,6.2,1,1,1,21,2.803933511284049,2.179221173421038,0.5485656261444092,0.10749650001525879
500,6.2,50.839999999999996,6.2,1,1,1,22,2.786825283367407,2.1176847852666745,0.5549807548522949,0.12563610076904297
500,6.2,50.839999999999996,6.2,1,1,1,23,2.759794093951712,1.8568131919518356,0.5313558578491211,0.11482429504394531
500,6.2,50.839999999999996,6.2,1,1,1,24,2.1278343149598236,1.1352180282271145,0.5645389556884766,0.09560084342956543
500,6.4,53.760000000000005,6.4,1,1,1,0,2.824353333319593,2.6335713232507594,0.6418638229370117,0.12111258506774902
500,6.4,53.760000000000005,6.4,1,1,1,1,2.8279804407463383,2.6953106855365365,0.630845308303833,0.12588286399841309
500,6.4,53.760000000000005,6.4,1,1,1,2,2.725300916912629,1.591517422546313,0.5633525848388672,0.10057687759399414
500,6.4,53.760000000000005,6.4,1,1,1,3,2.8283935409181344,2.5125615824373813,0.5415911674499512,0.11277151107788086
500,6.4,53.760000000000005,6.4,1,1,1,4,2.826579813135842,1.9390400854776206,0.5814120769500732,0.09682750701904297
500,6.4,53.760000000000005,6.4,1,1,1,5,2.7933438399137582,1.43099570832058,0.5785543918609619,0.09469842910766602
500,6.4,53.760000000000005,6.4,1,1,1,6,2.586375180534566,1.744022579144117,0.5910143852233887,0.10821390151977539
500,6.4,53.760000000000005,6.4,1,1,1,7,2.8283723804834215,2.100043903189195,0.723052978515625,0.12975049018859863
500,6.4,53.760000000000005,6.4,1,1,1,8,2.828421894727358,4.693280418185025,0.6066751480102539,0.0994715690612793
500,6.4,53.760000000000005,6.4,1,1,1,9,2.749698219760799,1.3029763994096302,0.5945501327514648,0.12322235107421875
500,6.4,53.760000000000005,6.4,1,1,1,10,2.8092104932556943,2.4569811140654743,0.5913727283477783,0.1307830810546875
500,6.4,53.760000000000005,6.4,1,1,1,11,2.8240199168136666,2.0767839150436505,0.8887689113616943,0.14728999137878418
500,6.4,53.760000000000005,6.4,1,1,1,12,2.8039080533810115,1.7672066106364404,0.5201900005340576,0.12326741218566895
500,6.4,53.760000000000005,6.4,1,1,1,13,2.8244120982375147,1.9444776989720012,0.5664231777191162,0.1135857105255127
500,6.4,53.760000000000005,6.4,1,1,1,14,2.7227297831502058,1.4207796516668236,0.5523176193237305,0.0990903377532959
500,6.4,53.760000000000005,6.4,1,1,1,15,2.814089670779993,2.210911665069403,0.5248165130615234,0.13036775588989258
500,6.4,53.760000000000005,6.4,1,1,1,16,2.8222119556567535,1.66993908068512,0.5789222717285156,0.10578036308288574
500,6.4,53.760000000000005,6.4,1,1,1,17,2.7710839699900554,2.4576022559972457,0.6422100067138672,0.11773085594177246
500,6.4,53.760000000000005,6.4,1,1,1,18,2.8224169663972702,1.184215745156226,0.5770926475524902,0.10252189636230469
500,6.4,53.760000000000005,6.4,1,1,1,19,2.8284242221127305,2.2290898916877433,0.5785844326019287,0.1054837703704834
500,6.4,53.760000000000005,6.4,1,1,1,20,2.8251004091141287,1.7831529036479457,0.5455584526062012,0.11274218559265137
500,6.4,53.760000000000005,6.4,1,1,1,21,2.8131562215688874,1.6558556449540354,0.5435144901275635,0.10881662368774414
500,6.4,53.760000000000005,6.4,1,1,1,22,2.8269801331592888,2.418589238206151,0.6287016868591309,0.1329174041748047
500,6.4,53.760000000000005,6.4,1,1,1,23,2.8253770762321904,1.8767136243444165,0.6947977542877197,0.13016867637634277
500,6.4,53.760000000000005,6.4,1,1,1,24,2.8059546988644897,1.8717014163807062,0.5766637325286865,0.08823013305664062
500,6.6000000000000005,56.76000000000001,6.6000000000000005,1,1,1,0,2.78350800545368,1.8971285697488398,0.6295745372772217,0.09062671661376953
500,6.6000000000000005,56.76000000000001,6.6000000000000005,1,1,1,1,2.814131065485043,2.0860329259885164,0.5435495376586914,0.08594942092895508
500,6.6000000000000005,56.76000000000001,6.6000000000000005,1,1,1,2,2.821434371836841,2.9110142976585074,0.5898473262786865,0.09695839881896973
500,6.6000000000000005,56.76000000000001,6.6000000000000005,1,1,1,3,2.79902892484349,2.022700420115332,0.6865224838256836,0.13929367065429688
500,6.6000000000000005,56.76000000000001,6.6000000000000005,1,1,1,4,2.6763219099972546,1.8432816826131502,0.5663714408874512,0.1073923110961914
500,6.6000000000000005,56.76000000000001,6.6000000000000005,1,1,1,5,2.7530832115791783,2.349903663320034,0.5965113639831543,0.10678768157958984
500,6.6000000000000005,56.76000000000001,6.6000000000000005,1,1,1,6,2.822976229048118,2.2336059158052284,0.695934534072876,0.14988112449645996
500,6.6000000000000005,56.76000000000001,6.6000000000000005,1,1,1,7,2.810442953226599,1.4147690511957323,0.6611611843109131,0.12662363052368164
500,6.6000000000000005,56.76000000000001,6.6000000000000005,1,1,1,8,2.8280534109424935,2.525330598284694,0.7071740627288818,0.13157248497009277
500,6.6000000000000005,56.76000000000001,6.6000000000000005,1,1,1,9,2.7483612975046525,1.8337615997232635,0.5377953052520752,0.09037971496582031
500,6.6000000000000005,56.76000000000001,6.6000000000000005,1,1,1,10,2.799658612720909,2.003004066767259,0.5479130744934082,0.12178707122802734
500,6.6000000000000005,56.76000000000001,6.6000000000000005,1,1,1,11,2.813336752228732,2.1202453995967225,0.5186302661895752,0.10831236839294434
500,6.6000000000000005,56.76000000000001,6.6000000000000005,1,1,1,12,2.790933282187659,2.605309861777878,0.52836012840271,0.10813403129577637
500,6.6000000000000005,56.76000000000001,6.6000000000000005,1,1,1,13,2.7649948969234956,1.5832989569001972,0.5637619495391846,0.09515762329101562
500,6.6000000000000005,56.76000000000001,6.6000000000000005,1,1,1,14,2.7984285554817063,2.55223172741375,0.6220598220825195,0.11905884742736816
500,6.6000000000000005,56.76000000000001,6.6000000000000005,1,1,1,15,2.828112436502073,1.566216846276549,0.5383644104003906,0.09989428520202637
500,6.6000000000000005,56.76000000000001,6.6000000000000005,1,1,1,16,2.8105000087732335,1.957040739597637,0.5881705284118652,0.10956645011901855
500,6.6000000000000005,56.76000000000001,6.6000000000000005,1,1,1,17,2.783007698588628,2.1071085779696763,0.5441558361053467,0.12529826164245605
500,6.6000000000000005,56.76000000000001,6.6000000000000005,1,1,1,18,2.6334319249948446,1.4062753052324422,0.5566606521606445,0.11174678802490234
500,6.6000000000000005,56.76000000000001,6.6000000000000005,1,1,1,19,2.8278934557556483,2.584196193990518,0.5396764278411865,0.13124561309814453
500,6.6000000000000005,56.76000000000001,6.6000000000000005,1,1,1,20,2.81183490989281,2.836754465752387,0.6371428966522217,0.1278073787689209
500,6.6000000000000005,56.76000000000001,6.6000000000000005,1,1,1,21,2.824287662051609,4.424573098083048,0.5127756595611572,0.10505867004394531
500,6.6000000000000005,56.76000000000001,6.6000000000000005,1,1,1,22,2.8279534116948573,2.1198245962774247,0.6281979084014893,0.11025190353393555
500,6.6000000000000005,56.76000000000001,6.6000000000000005,1,1,1,23,2.8270582189602647,1.7842731740164839,0.521970272064209,0.10685420036315918
500,6.6000000000000005,56.76000000000001,6.6000000000000005,1,1,1,24,2.8151881674290813,2.0429638086684037,0.5415008068084717,0.10624408721923828
500,6.800000000000001,59.84000000000001,6.800000000000001,1,1,1,0,2.827710148708066,2.8590246828144803,0.6084415912628174,0.11775994300842285
500,6.800000000000001,59.84000000000001,6.800000000000001,1,1,1,1,2.7999979747732096,2.0698889730713814,0.953981876373291,0.14496564865112305
500,6.800000000000001,59.84000000000001,6.800000000000001,1,1,1,2,2.804336228022099,2.2732305813875664,0.643488883972168,0.1240081787109375
500,6.800000000000001,59.84000000000001,6.800000000000001,1,1,1,3,2.8160186211584737,1.3925145571096886,0.5304436683654785,0.1238393783569336
500,6.800000000000001,59.84000000000001,6.800000000000001,1,1,1,4,2.80002550212161,2.3103316905350137,0.5248267650604248,0.10216116905212402
500,6.800000000000001,59.84000000000001,6.800000000000001,1,1,1,5,2.8266638499721464,2.3844179012124735,0.5955715179443359,0.11208152770996094
500,6.800000000000001,59.84000000000001,6.800000000000001,1,1,1,6,2.828423229249214,2.625646651552733,0.6435573101043701,0.12483549118041992
500,6.800000000000001,59.84000000000001,6.800000000000001,1,1,1,7,2.828424210660163,2.151962340484662,0.49401068687438965,0.12194466590881348
500,6.800000000000001,59.84000000000001,6.800000000000001,1,1,1,8,2.82836749470218,2.6745414023989085,0.4945340156555176,0.11319422721862793
500,6.800000000000001,59.84000000000001,6.800000000000001,1,1,1,9,2.8276482053351524,1.5850285224941278,0.5524427890777588,0.10363245010375977
500,6.800000000000001,59.84000000000001,6.800000000000001,1,1,1,10,2.826568176920861,2.0473810192740234,0.5443627834320068,0.10772204399108887
500,6.800000000000001,59.84000000000001,6.800000000000001,1,1,1,11,2.817052108735669,1.477578255686099,0.6398072242736816,0.11767435073852539
500,6.800000000000001,59.84000000000001,6.800000000000001,1,1,1,12,2.8282749900591977,2.1161916219159163,0.6181859970092773,0.13749074935913086
500,6.800000000000001,59.84000000000001,6.800000000000001,1,1,1,13,2.8117043635063754,2.46433014086217,0.5389087200164795,0.12346100807189941
500,6.800000000000001,59.84000000000001,6.800000000000001,1,1,1,14,2.826593381313788,2.551300263219031,0.5013213157653809,0.1106560230255127
500,6.800000000000001,59.84000000000001,6.800000000000001,1,1,1,15,2.826137399937011,2.6539355028343876,0.5133087635040283,0.10114765167236328
500,6.800000000000001,59.84000000000001,6.800000000000001,1,1,1,16,2.828214078384502,2.5939773515828963,0.6483292579650879,0.11059761047363281
500,6.800000000000001,59.84000000000001,6.800000000000001,1,1,1,17,2.8282345932251167,2.9836155049206097,0.6341962814331055,0.13729095458984375
500,6.800000000000001,59.84000000000001,6.800000000000001,1,1,1,18,2.828426515220704,2.8475116103511864,0.5600566864013672,0.10545969009399414
500,6.800000000000001,59.84000000000001,6.800000000000001,1,1,1,19,2.826570398238545,1.851872054926974,0.6045477390289307,0.1386103630065918
500,6.800000000000001,59.84000000000001,6.800000000000001,1,1,1,20,2.7985157511758185,2.3702659699992172,0.5709164142608643,0.10714578628540039
500,6.800000000000001,59.84000000000001,6.800000000000001,1,1,1,21,2.826618527354799,3.1575307956571566,0.5972120761871338,0.12763309478759766
500,6.800000000000001,59.84000000000001,6.800000000000001,1,1,1,22,2.825096918029402,3.5581097383171527,0.8645541667938232,0.14322662353515625
500,6.800000000000001,59.84000000000001,6.800000000000001,1,1,1,23,2.82651398401065,2.6006873603262126,0.5030288696289062,0.11603617668151855
500,6.800000000000001,59.84000000000001,6.800000000000001,1,1,1,24,2.707793454388873,2.3217367308745986,0.5760214328765869,0.11362600326538086
500,7.0,63.0,7.0,1,1,1,0,2.8151487274438223,2.209338861952167,0.6088473796844482,0.0997457504272461
500,7.0,63.0,7.0,1,1,1,1,2.8280448431880885,2.347778517853369,0.5724141597747803,0.11133480072021484
500,7.0,63.0,7.0,1,1,1,2,2.8261131773372123,2.4589878545328276,0.6007077693939209,0.12262082099914551
500,7.0,63.0,7.0,1,1,1,3,2.815691800990855,2.5289564801065567,0.6534702777862549,0.12863826751708984
500,7.0,63.0,7.0,1,1,1,4,2.799794817540386,1.8038921634632339,0.49755430221557617,0.1055765151977539
500,7.0,63.0,7.0,1,1,1,5,2.80265807727034,1.7452363468059011,0.6013133525848389,0.13353872299194336
500,7.0,63.0,7.0,1,1,1,6,2.826685189338972,2.0757380552293445,0.5827736854553223,0.0992424488067627
500,7.0,63.0,7.0,1,1,1,7,2.8276443839128325,2.3351588480658947,0.5582938194274902,0.12209606170654297
500,7.0,63.0,7.0,1,1,1,8,2.828183884022566,2.729114046301911,0.6103458404541016,0.12816262245178223
500,7.0,63.0,7.0,1,1,1,9,2.8276086670264213,2.5826914274414334,0.5379528999328613,0.1178140640258789
500,7.0,63.0,7.0,1,1,1,10,2.8220319433884455,2.215029303768546,0.5258157253265381,0.1277318000793457
500,7.0,63.0,7.0,1,1,1,11,2.8284270088878465,3.8357967894401725,0.566969633102417,0.10176372528076172
500,7.0,63.0,7.0,1,1,1,12,2.8284176459518937,2.2591067384682977,0.5330619812011719,0.1252155303955078
500,7.0,63.0,7.0,1,1,1,13,2.8284087926241614,2.9384621103177353,0.5739924907684326,0.12313079833984375
500,7.0,63.0,7.0,1,1,1,14,2.8280711213840424,2.381765148036389,0.7211260795593262,0.1137847900390625
500,7.0,63.0,7.0,1,1,1,15,2.828410968928228,2.411050075638939,0.6166160106658936,0.09094548225402832
500,7.0,63.0,7.0,1,1,1,16,2.812137506808584,1.8694577474369047,0.5885152816772461,0.08952212333679199
500,7.0,63.0,7.0,1,1,1,17,2.827659989864805,2.200271572733635,0.6016883850097656,0.14434075355529785
500,7.0,63.0,7.0,1,1,1,18,2.8061171174769224,2.119961571001436,0.6788878440856934,0.13862013816833496
500,7.0,63.0,7.0,1,1,1,19,2.826670451656667,3.0062699013990914,0.6466124057769775,0.12993359565734863
500,7.0,63.0,7.0,1,1,1,20,2.828223540434655,5.05696927549498,0.5189874172210693,0.1188356876373291
500,7.0,63.0,7.0,1,1,1,21,2.8278606410410303,2.459691500993676,0.5304732322692871,0.11451125144958496
500,7.0,63.0,7.0,1,1,1,22,2.800519794701535,2.9897164080762857,0.5348429679870605,0.11259031295776367
500,7.0,63.0,7.0,1,1,1,23,2.8253964071755386,2.5053027885205705,0.5689003467559814,0.12068462371826172
500,7.0,63.0,7.0,1,1,1,24,2.8276652692438047,2.2420729388961407,0.5572443008422852,0.13083362579345703
500,7.2,66.24,7.2,1,1,1,0,2.8284246986702106,5.673495042342323,0.7299227714538574,0.12785625457763672
500,7.2,66.24,7.2,1,1,1,1,2.8283115627282833,3.313510335668279,0.5070886611938477,0.10822939872741699
500,7.2,66.24,7.2,1,1,1,2,2.828413447841541,3.0227573362109434,0.5388848781585693,0.12780261039733887
500,7.2,66.24,7.2,1,1,1,3,2.828217184644063,2.6199195632048635,0.562138557434082,0.10851430892944336
500,7.2,66.24,7.2,1,1,1,4,2.8281835987418034,2.8023401913250177,0.5782003402709961,0.12602686882019043
500,7.2,66.24,7.2,1,1,1,5,2.802881773565301,3.1031797362559606,0.6231405735015869,0.13327670097351074
500,7.2,66.24,7.2,1,1,1,6,2.8280764961220313,2.898390555461377,0.5169243812561035,0.11986088752746582
500,7.2,66.24,7.2,1,1,1,7,2.8265686194760886,2.32357895017992,0.5505008697509766,0.12067008018493652
500,7.2,66.24,7.2,1,1,1,8,2.8144486097384984,2.608767218306583,0.5000267028808594,0.11258220672607422
500,7.2,66.24,7.2,1,1,1,9,2.8164394867107765,2.5416861434240046,0.5494241714477539,0.1093597412109375
500,7.2,66.24,7.2,1,1,1,10,2.8283590293292518,2.7889419167525027,0.5845403671264648,0.1261882781982422
500,7.2,66.24,7.2,1,1,1,11,2.826654837795428,2.4331827026495754,0.705303430557251,0.1446549892425537
500,7.2,66.24,7.2,1,1,1,12,2.8282381139312167,3.383869753611228,0.5668342113494873,0.11730098724365234
500,7.2,66.24,7.2,1,1,1,13,2.8283804791333926,2.07902557775162,0.7119567394256592,0.13709712028503418
500,7.2,66.24,7.2,1,1,1,14,2.8284268941527144,5.217644041378329,0.5409483909606934,0.10581278800964355
500,7.2,66.24,7.2,1,1,1,15,2.8280785856571757,1.7962132892010119,0.533090353012085,0.14256858825683594
500,7.2,66.24,7.2,1,1,1,16,2.8205704189554575,3.739179474037056,0.6574492454528809,0.14345145225524902
500,7.2,66.24,7.2,1,1,1,17,2.8269121172460743,1.5207403972285558,0.5898594856262207,0.1100311279296875
500,7.2,66.24,7.2,1,1,1,18,2.8252792995123652,3.545078889851939,0.5813713073730469,0.0983436107635498
500,7.2,66.24,7.2,1,1,1,19,2.782271537558241,2.257994044455477,0.5429024696350098,0.1020808219909668
500,7.2,66.24,7.2,1,1,1,20,2.8280055879472723,2.4969467851830984,0.5064830780029297,0.12891483306884766
500,7.2,66.24,7.2,1,1,1,21,2.827129558293128,2.576596148457917,0.5665836334228516,0.15108180046081543
500,7.2,66.24,7.2,1,1,1,22,2.8283258199851757,2.0628120997278416,0.6612436771392822,0.10245752334594727
500,7.2,66.24,7.2,1,1,1,23,2.8284252645475116,5.213950563323326,0.607149600982666,0.11087465286254883
500,7.2,66.24,7.2,1,1,1,24,2.827978856443488,2.8722187420422314,0.5194652080535889,0.1029963493347168
500,7.4,69.56,7.4,1,1,1,0,2.820862117684482,2.888175737395137,0.5040395259857178,0.1203012466430664
500,7.4,69.56,7.4,1,1,1,1,2.827785825222906,2.297501479982422,0.5413544178009033,0.13686537742614746
500,7.4,69.56,7.4,1,1,1,2,2.828422995299809,3.011487125018088,0.7157902717590332,0.11394500732421875
500,7.4,69.56,7.4,1,1,1,3,2.8282558067015393,2.171880236534411,0.5703668594360352,0.10566926002502441
500,7.4,69.56,7.4,1,1,1,4,2.828405274939888,2.7804629851237737,0.5393204689025879,0.09338712692260742
500,7.4,69.56,7.4,1,1,1,5,2.82667435973065,2.3689013767134983,0.5164294242858887,0.10673165321350098
500,7.4,69.56,7.4,1,1,1,6,2.82761580220306,2.127183903560053,0.524137020111084,0.0969545841217041
500,7.4,69.56,7.4,1,1,1,7,2.8229440911456996,2.5654834720027737,0.6627976894378662,0.1166074275970459
500,7.4,69.56,7.4,1,1,1,8,2.8278755221830796,3.026353918215579,0.6388862133026123,0.15487313270568848
500,7.4,69.56,7.4,1,1,1,9,2.827863350067907,1.9579991150507363,0.6040382385253906,0.14230084419250488
500,7.4,69.56,7.4,1,1,1,10,2.7818150963898796,2.549254749681597,0.5523436069488525,0.12277817726135254
500,7.4,69.56,7.4,1,1,1,11,2.8268540974626943,2.812029061069031,0.52899169921875,0.11272811889648438
500,7.4,69.56,7.4,1,1,1,12,2.8280798720796603,2.8531505965092854,0.5030603408813477,0.12609481811523438
500,7.4,69.56,7.4,1,1,1,13,2.823703835499482,2.2037124955021885,0.6243119239807129,0.13640284538269043
500,7.4,69.56,7.4,1,1,1,14,2.8284256926311344,2.2205608791048093,0.5612537860870361,0.07915091514587402
500,7.4,69.56,7.4,1,1,1,15,2.8283842991219763,2.4181687020009184,0.5351505279541016,0.09915924072265625
500,7.4,69.56,7.4,1,1,1,16,2.8283945844382887,2.5882493466740684,0.544381856918335,0.1045083999633789
500,7.4,69.56,7.4,1,1,1,17,2.821350263572853,2.686151999812697,0.5183603763580322,0.10149383544921875
500,7.4,69.56,7.4,1,1,1,18,2.8276903292867943,3.0494545399219515,0.6258640289306641,0.13021039962768555
500,7.4,69.56,7.4,1,1,1,19,2.828147802027789,2.9559346413512597,0.5904927253723145,0.13715362548828125
500,7.4,69.56,7.4,1,1,1,20,2.8274304137145805,3.8928898385769717,0.5135838985443115,0.10158276557922363
500,7.4,69.56,7.4,1,1,1,21,2.8222593463699073,2.2847418040272687,0.5697638988494873,0.11046409606933594
500,7.4,69.56,7.4,1,1,1,22,2.8281023326598227,3.2072451219285356,0.5289804935455322,0.1096348762512207
500,7.4,69.56,7.4,1,1,1,23,2.8198936596949826,2.268809209763435,0.5416207313537598,0.10550999641418457
500,7.4,69.56,7.4,1,1,1,24,2.8195184222007157,3.4450444944579512,0.5560626983642578,0.12960171699523926
500,7.6000000000000005,72.96000000000002,7.6000000000000005,1,1,1,0,2.8280291507203303,2.75068032689314,0.6982598304748535,0.1533193588256836
500,7.6000000000000005,72.96000000000002,7.6000000000000005,1,1,1,1,2.8284246219808815,2.3012370645879003,0.5248563289642334,0.1052405834197998
500,7.6000000000000005,72.96000000000002,7.6000000000000005,1,1,1,2,2.827396622140422,3.108043866213145,0.6184029579162598,0.11247992515563965
500,7.6000000000000005,72.96000000000002,7.6000000000000005,1,1,1,3,2.828423459468139,4.8923204019822135,0.5973384380340576,0.10653400421142578
500,7.6000000000000005,72.96000000000002,7.6000000000000005,1,1,1,4,2.828079607233673,2.8735904797979916,0.6435623168945312,0.12440633773803711
500,7.6000000000000005,72.96000000000002,7.6000000000000005,1,1,1,5,2.8281180185177544,2.4823825063868368,1.1616673469543457,0.16651177406311035
500,7.6000000000000005,72.96000000000002,7.6000000000000005,1,1,1,6,2.8275975248345735,3.0082693690537194,0.6308610439300537,0.11168527603149414
500,7.6000000000000005,72.96000000000002,7.6000000000000005,1,1,1,7,2.8280210633175416,3.0863848187346727,0.5225625038146973,0.11861681938171387
500,7.6000000000000005,72.96000000000002,7.6000000000000005,1,1,1,8,2.8283737387642742,2.9204326374041982,0.5150895118713379,0.11750149726867676
500,7.6000000000000005,72.96000000000002,7.6000000000000005,1,1,1,9,2.8210072138486497,2.533051346776287,0.5840599536895752,0.11863327026367188
500,7.6000000000000005,72.96000000000002,7.6000000000000005,1,1,1,10,2.8283758596861803,2.3022643575889328,0.5707659721374512,0.12944531440734863
500,7.6000000000000005,72.96000000000002,7.6000000000000005,1,1,1,11,2.8264955640272036,2.600054354114844,0.5502052307128906,0.1063852310180664
500,7.6000000000000005,72.96000000000002,7.6000000000000005,1,1,1,12,2.82578594339934,2.0947320707978547,0.5392494201660156,0.09813451766967773
500,7.6000000000000005,72.96000000000002,7.6000000000000005,1,1,1,13,2.8284244187048513,2.653238513601999,0.5225229263305664,0.13122916221618652
500,7.6000000000000005,72.96000000000002,7.6000000000000005,1,1,1,14,2.826648596489761,3.2374306239475312,0.6313629150390625,0.11720108985900879
500,7.6000000000000005,72.96000000000002,7.6000000000000005,1,1,1,15,2.82842116552307,3.9618828332479366,0.6545426845550537,0.12368559837341309
500,7.6000000000000005,72.96000000000002,7.6000000000000005,1,1,1,16,2.828386014032798,3.096640024526517,0.6454026699066162,0.12800240516662598
500,7.6000000000000005,72.96000000000002,7.6000000000000005,1,1,1,17,2.8219093117832323,4.077574750922737,0.5005409717559814,0.10354828834533691
500,7.6000000000000005,72.96000000000002,7.6000000000000005,1,1,1,18,2.828361434247455,3.1323067084591476,0.5216648578643799,0.10994458198547363
500,7.6000000000000005,72.96000000000002,7.6000000000000005,1,1,1,19,2.811853406699664,2.7515605083654324,0.5868539810180664,0.10386276245117188
500,7.6000000000000005,72.96000000000002,7.6000000000000005,1,1,1,20,2.828347277290453,2.6605004887296255,0.5750319957733154,0.11986589431762695
500,7.6000000000000005,72.96000000000002,7.6000000000000005,1,1,1,21,2.828155297668682,2.570660006123252,0.6214554309844971,0.13534045219421387
500,7.6000000000000005,72.96000000000002,7.6000000000000005,1,1,1,22,2.8284219034162783,2.803351821319179,0.5765154361724854,0.10208320617675781
500,7.6000000000000005,72.96000000000002,7.6000000000000005,1,1,1,23,2.810007692769467,3.2995964643322604,0.5623698234558105,0.10084366798400879
500,7.6000000000000005,72.96000000000002,7.6000000000000005,1,1,1,24,2.8278883062074645,2.2963214752430106,0.6285748481750488,0.1105804443359375
500,7.800000000000001,76.44000000000001,7.800000000000001,1,1,1,0,2.826440302179878,2.5156298799534786,0.7729852199554443,0.12714624404907227
500,7.800000000000001,76.44000000000001,7.800000000000001,1,1,1,1,2.81403198037717,2.9123723124209806,0.7076451778411865,0.12540841102600098
500,7.800000000000001,76.44000000000001,7.800000000000001,1,1,1,2,2.828307372548051,3.1322391060339863,0.5676624774932861,0.12648725509643555
500,7.800000000000001,76.44000000000001,7.800000000000001,1,1,1,3,2.8283855477940754,3.5749666726499925,0.5255002975463867,0.10948872566223145
500,7.800000000000001,76.44000000000001,7.800000000000001,1,1,1,4,2.827666943867731,3.11579066118404,0.5401465892791748,0.11577463150024414
500,7.800000000000001,76.44000000000001,7.800000000000001,1,1,1,5,2.828426398837634,2.4843500411917008,0.5624029636383057,0.08917069435119629
500,7.800000000000001,76.44000000000001,7.800000000000001,1,1,1,6,2.828368272401033,3.016841102136528,0.6021945476531982,0.11482596397399902
500,7.800000000000001,76.44000000000001,7.800000000000001,1,1,1,7,2.827766841439569,2.844420029690468,0.5924508571624756,0.13512206077575684
500,7.800000000000001,76.44000000000001,7.800000000000001,1,1,1,8,2.8273264495810633,3.221247528816355,0.5498447418212891,0.11548328399658203
500,7.800000000000001,76.44000000000001,7.800000000000001,1,1,1,9,2.823702278133515,2.546020591149792,0.5114893913269043,0.13336968421936035
500,7.800000000000001,76.44000000000001,7.800000000000001,1,1,1,10,2.8284164532534724,2.4973685540149746,0.5435521602630615,0.1226799488067627
500,7.800000000000001,76.44000000000001,7.800000000000001,1,1,1,11,2.828135991638077,2.768411136525836,0.5023918151855469,0.11654186248779297
500,7.800000000000001,76.44000000000001,7.800000000000001,1,1,1,12,2.828049318944964,2.250609795997935,0.6371119022369385,0.11229729652404785
500,7.800000000000001,76.44000000000001,7.800000000000001,1,1,1,13,2.8277798792344804,2.644705979853029,0.605785608291626,0.12264227867126465
500,7.800000000000001,76.44000000000001,7.800000000000001,1,1,1,14,2.8283570993284894,2.9583811330414145,0.5254969596862793,0.12578201293945312
500,7.800000000000001,76.44000000000001,7.800000000000001,1,1,1,15,2.828075068017124,2.455234346600085,0.4956951141357422,0.10516715049743652
500,7.800000000000001,76.44000000000001,7.800000000000001,1,1,1,16,2.8284266561266307,2.459914973425035,0.5389065742492676,0.11466097831726074
500,7.800000000000001,76.44000000000001,7.800000000000001,1,1,1,17,2.8282039093048983,2.665511645572558,0.542067289352417,0.08740615844726562
500,7.800000000000001,76.44000000000001,7.800000000000001,1,1,1,18,2.809469740549709,2.8097121136922127,0.5960683822631836,0.1293497085571289
500,7.800000000000001,76.44000000000001,7.800000000000001,1,1,1,19,2.8284229305743076,4.29637561264903,0.6738669872283936,0.1372661590576172
500,7.800000000000001,76.44000000000001,7.800000000000001,1,1,1,20,2.827810032907827,3.494677313484013,0.5809378623962402,0.10672283172607422
500,7.800000000000001,76.44000000000001,7.800000000000001,1,1,1,21,2.82655978747808,3.3127176601364976,0.6000890731811523,0.1029813289642334
500,7.800000000000001,76.44000000000001,7.800000000000001,1,1,1,22,2.8199466189080233,2.7093326759090286,0.5508995056152344,0.1123344898223877
500,7.800000000000001,76.44000000000001,7.800000000000001,1,1,1,23,2.8279777905821364,3.257602500743438,0.6465098857879639,0.11636543273925781
500,7.800000000000001,76.44000000000001,7.800000000000001,1,1,1,24,2.826866194133389,2.3163696512258323,0.5842711925506592,0.1260385513305664
500,8.0,80.0,8.0,1,1,1,0,2.825643938947611,2.85186520978532,0.5719614028930664,0.09739041328430176
500,8.0,80.0,8.0,1,1,1,1,2.8283983534662513,2.8885246823375748,0.4998154640197754,0.12380504608154297
500,8.0,80.0,8.0,1,1,1,2,2.8276899969422487,3.367003306394717,0.5134460926055908,0.12071943283081055
500,8.0,80.0,8.0,1,1,1,3,2.8284042683250337,2.590323067140215,0.5326967239379883,0.1099848747253418
500,8.0,80.0,8.0,1,1,1,4,2.8283124134872306,3.396297224128404,0.6628468036651611,0.12287139892578125
500,8.0,80.0,8.0,1,1,1,5,2.8268822156365485,2.4720960562338075,0.5314016342163086,0.10753512382507324
500,8.0,80.0,8.0,1,1,1,6,2.82842602290931,2.62038904161943,0.5555315017700195,0.11908388137817383
500,8.0,80.0,8.0,1,1,1,7,2.8283826949999575,2.9585514563899413,0.5224587917327881,0.10808539390563965
500,8.0,80.0,8.0,1,1,1,8,2.825448902869207,2.5516218484660946,0.4975090026855469,0.1301431655883789
500,8.0,80.0,8.0,1,1,1,9,2.828338688525812,2.248006012168901,0.6089844703674316,0.13677453994750977
500,8.0,80.0,8.0,1,1,1,10,2.8254695209426566,2.3689253375300305,0.7421033382415771,0.12753939628601074
500,8.0,80.0,8.0,1,1,1,11,2.828386848103049,2.8758331076847687,0.5472836494445801,0.09692525863647461
500,8.0,80.0,8.0,1,1,1,12,2.828210345741695,2.661319326250983,0.5223095417022705,0.10152053833007812
500,8.0,80.0,8.0,1,1,1,13,2.8214664007623713,2.6104629262655608,0.5182785987854004,0.1362760066986084
500,8.0,80.0,8.0,1,1,1,14,2.827254279229974,2.8317123142239553,0.5107064247131348,0.12087345123291016
500,8.0,80.0,8.0,1,1,1,15,2.828318356246236,3.146270366739378,0.5984961986541748,0.13942885398864746
500,8.0,80.0,8.0,1,1,1,16,2.812754814777415,3.0622476020450216,0.8828456401824951,0.17031288146972656
500,8.0,80.0,8.0,1,1,1,17,2.827082422576223,3.568051889885409,0.7863976955413818,0.13275814056396484
500,8.0,80.0,8.0,1,1,1,18,2.828331170259726,1.911189170956004,0.5295774936676025,0.11309671401977539
500,8.0,80.0,8.0,1,1,1,19,2.828224031625418,2.81341662709182,0.5117368698120117,0.12045502662658691
500,8.0,80.0,8.0,1,1,1,20,2.8267875874972503,2.8502828218702376,0.5312666893005371,0.1343846321105957
500,8.0,80.0,8.0,1,1,1,21,2.828426795425537,2.4311768289838107,0.7089672088623047,0.12355875968933105
500,8.0,80.0,8.0,1,1,1,22,2.82817181355584,3.456650011207019,0.5680718421936035,0.0867154598236084
500,8.0,80.0,8.0,1,1,1,23,2.828410288883189,3.2850451704678902,0.5357160568237305,0.10046720504760742
500,8.0,80.0,8.0,1,1,1,24,2.8282106676866112,3.401572361833436,0.5186769962310791,0.12089157104492188
500,8.200000000000001,83.64000000000001,8.200000000000001,1,1,1,0,2.828403635877073,4.527558994201037,0.5636518001556396,0.0836477279663086
500,8.200000000000001,83.64000000000001,8.200000000000001,1,1,1,1,2.8282126794413536,3.395563052133674,0.6710207462310791,0.1326453685760498
500,8.200000000000001,83.64000000000001,8.200000000000001,1,1,1,2,2.8284187155757987,4.034982206837262,0.5507428646087646,0.0935356616973877
500,8.200000000000001,83.64000000000001,8.200000000000001,1,1,1,3,2.8281797591075546,3.168716912107064,0.5784440040588379,0.08332467079162598
500,8.200000000000001,83.64000000000001,8.200000000000001,1,1,1,4,2.828415937502403,2.8624516067246923,0.5565640926361084,0.10247611999511719
500,8.200000000000001,83.64000000000001,8.200000000000001,1,1,1,5,2.8281638056474074,3.1184147830694524,0.5365281105041504,0.13122797012329102
500,8.200000000000001,83.64000000000001,8.200000000000001,1,1,1,6,2.8284269572130802,4.9440592176779345,0.5870022773742676,0.1434779167175293
500,8.200000000000001,83.64000000000001,8.200000000000001,1,1,1,7,2.8240260645979927,2.5042896890607094,0.7004542350769043,0.11650466918945312
500,8.200000000000001,83.64000000000001,8.200000000000001,1,1,1,8,2.8279001462123396,2.9488844043486906,0.5625941753387451,0.09727859497070312
500,8.200000000000001,83.64000000000001,8.200000000000001,1,1,1,9,2.8275327478464356,2.819497418514711,0.5866568088531494,0.10282206535339355
500,8.200000000000001,83.64000000000001,8.200000000000001,1,1,1,10,2.828399374426567,3.481394819407665,0.5431461334228516,0.12334132194519043
500,8.200000000000001,83.64000000000001,8.200000000000001,1,1,1,11,2.8283838078167753,3.9129286845145135,0.6302695274353027,0.11061525344848633
500,8.200000000000001,83.64000000000001,8.200000000000001,1,1,1,12,2.8284259043107793,5.554328157383357,0.8061561584472656,0.15714406967163086
500,8.200000000000001,83.64000000000001,8.200000000000001,1,1,1,13,2.828289749854366,3.69874508510869,0.7431843280792236,0.12468552589416504
500,8.200000000000001,83.64000000000001,8.200000000000001,1,1,1,14,2.8283120903681622,2.6623152573727418,0.5775527954101562,0.0974729061126709
500,8.200000000000001,83.64000000000001,8.200000000000001,1,1,1,15,2.8283946307811285,4.485695982940933,0.5569689273834229,0.09122729301452637
500,8.200000000000001,83.64000000000001,8.200000000000001,1,1,1,16,2.8283020481116905,3.1823313675671314,0.529047966003418,0.1054995059967041
500,8.200000000000001,83.64000000000001,8.200000000000001,1,1,1,17,2.828390163212909,3.143920827662409,0.7378625869750977,0.1466233730316162
500,8.200000000000001,83.64000000000001,8.200000000000001,1,1,1,18,2.8283390334999488,2.8979170154343437,0.5859317779541016,0.1195979118347168
500,8.200000000000001,83.64000000000001,8.200000000000001,1,1,1,19,2.8283744020434973,2.297208118882968,0.585456132888794,0.08943367004394531
500,8.200000000000001,83.64000000000001,8.200000000000001,1,1,1,20,2.8283872689254563,3.878858529431754,0.5904541015625,0.09149384498596191
500,8.200000000000001,83.64000000000001,8.200000000000001,1,1,1,21,2.826421859235821,2.6206783782508767,0.6023938655853271,0.10028505325317383
500,8.200000000000001,83.64000000000001,8.200000000000001,1,1,1,22,2.8242781666043837,3.059912086398735,0.6513657569885254,0.12066864967346191
500,8.200000000000001,83.64000000000001,8.200000000000001,1,1,1,23,2.8283982044226033,2.813759895587612,0.7137160301208496,0.1587679386138916
500,8.200000000000001,83.64000000000001,8.200000000000001,1,1,1,24,2.826330162886468,2.52217947142301,0.6021215915679932,0.09631681442260742
500,8.4,87.36000000000001,8.4,1,1,1,0,2.8284194558290325,4.379824785261929,0.5494000911712646,0.10504412651062012
500,8.4,87.36000000000001,8.4,1,1,1,1,2.82768965659586,3.0431809813835784,0.5462634563446045,0.1045072078704834
500,8.4,87.36000000000001,8.4,1,1,1,2,2.8284261176263414,5.17632830314132,0.6391661167144775,0.09990167617797852
500,8.4,87.36000000000001,8.4,1,1,1,3,2.8284131604165097,2.7626794118291174,0.7345373630523682,0.12502789497375488
500,8.4,87.36000000000001,8.4,1,1,1,4,2.8283446207700966,5.0168309142880965,0.6195898056030273,0.09595227241516113
500,8.4,87.36000000000001,8.4,1,1,1,5,2.8284262947368424,4.143387270914436,0.5248467922210693,0.10455513000488281
500,8.4,87.36000000000001,8.4,1,1,1,6,2.8250756693072603,3.4119430498511054,0.5671689510345459,0.12148785591125488
500,8.4,87.36000000000001,8.4,1,1,1,7,2.8284270723275484,4.507098008826529,0.5806918144226074,0.13073205947875977
500,8.4,87.36000000000001,8.4,1,1,1,8,2.8284269435722114,5.545219065788997,0.6273465156555176,0.16433954238891602
500,8.4,87.36000000000001,8.4,1,1,1,9,2.8282952598242472,3.713864721764461,0.9230811595916748,0.15328502655029297
500,8.4,87.36000000000001,8.4,1,1,1,10,2.82807124268459,3.856076322704977,0.49878692626953125,0.09868264198303223
500,8.4,87.36000000000001,8.4,1,1,1,11,2.8281023746880534,2.7424890612949033,0.5204155445098877,0.11661481857299805
500,8.4,87.36000000000001,8.4,1,1,1,12,2.828423339766384,2.7727867951713594,0.495391845703125,0.10762310028076172
500,8.4,87.36000000000001,8.4,1,1,1,13,2.8282939973357006,3.23515658175816,0.5224432945251465,0.14822030067443848
500,8.4,87.36000000000001,8.4,1,1,1,14,2.8284267019336244,2.5689856825303257,0.5604977607727051,0.13171601295471191
500,8.4,87.36000000000001,8.4,1,1,1,15,2.8282381524789053,2.9448683921209056,0.553926944732666,0.10927700996398926
500,8.4,87.36000000000001,8.4,1,1,1,16,2.828349873797314,3.4266272554552946,0.47507739067077637,0.09557676315307617
500,8.4,87.36000000000001,8.4,1,1,1,17,2.8284262234580066,3.5246450446948483,0.5124456882476807,0.11019492149353027
500,8.4,87.36000000000001,8.4,1,1,1,18,2.828144265126533,3.3934351853070845,0.47157740592956543,0.11118078231811523
500,8.4,87.36000000000001,8.4,1,1,1,19,2.827952766886022,4.213302831993212,0.48872876167297363,0.11614561080932617
500,8.4,87.36000000000001,8.4,1,1,1,20,2.828325282432559,4.254969401881673,0.49145054817199707,0.13226795196533203
500,8.4,87.36000000000001,8.4,1,1,1,21,2.8283932314590183,2.8267584971035675,0.5122847557067871,0.1108698844909668
500,8.4,87.36000000000001,8.4,1,1,1,22,2.8283991379965023,3.225456388424402,0.5074238777160645,0.10696601867675781
500,8.4,87.36000000000001,8.4,1,1,1,23,2.828161624802549,2.74080296053408,0.4733738899230957,0.10366559028625488
500,8.4,87.36000000000001,8.4,1,1,1,24,2.828102725494456,3.268970170680184,0.48378419876098633,0.0991048812866211
500,8.6,91.16,8.6,1,1,1,0,2.8283116213977784,3.40957529186135,0.6338391304016113,0.13429570198059082
500,8.6,91.16,8.6,1,1,1,1,2.8283089545747186,3.3687840812372705,0.5678904056549072,0.11965036392211914
500,8.6,91.16,8.6,1,1,1,2,2.828380111000971,3.9888683375919385,0.4674794673919678,0.09707498550415039
500,8.6,91.16,8.6,1,1,1,3,2.828426210648009,2.671855869711566,0.5129215717315674,0.11016106605529785
500,8.6,91.16,8.6,1,1,1,4,2.8284085714310034,3.609579953047766,0.5947775840759277,0.14063239097595215
500,8.6,91.16,8.6,1,1,1,5,2.8284244347509726,4.3483788571588855,0.5218191146850586,0.11199307441711426
500,8.6,91.16,8.6,1,1,1,6,2.8284259861470704,4.082980997153413,0.6041812896728516,0.12194490432739258
500,8.6,91.16,8.6,1,1,1,7,2.8284235258176644,3.003536668066327,0.49223947525024414,0.09763598442077637
500,8.6,91.16,8.6,1,1,1,8,2.8284012586265397,2.9874766545782157,0.5093185901641846,0.10324358940124512
500,8.6,91.16,8.6,1,1,1,9,2.8284127928264162,4.316743215235343,0.47072792053222656,0.11105656623840332
500,8.6,91.16,8.6,1,1,1,10,2.8283837232932423,3.585758416365434,0.4804830551147461,0.0947108268737793
500,8.6,91.16,8.6,1,1,1,11,2.823948636158424,3.4846693508416875,0.5083644390106201,0.1179347038269043
500,8.6,91.16,8.6,1,1,1,12,2.8249829770567594,2.8267239030045337,0.6693298816680908,0.14273381233215332
500,8.6,91.16,8.6,1,1,1,13,2.8283373146744437,2.715204675952837,0.8397140502929688,0.13531231880187988
500,8.6,91.16,8.6,1,1,1,14,2.8284157531503338,3.2822075677762776,0.612058162689209,0.10413813591003418
500,8.6,91.16,8.6,1,1,1,15,2.8284199378048425,3.6432433105927973,3.068307399749756,0.7786655426025391
500,8.6,91.16,8.6,1,1,1,16,2.8284195408199118,5.143144600661194,0.9328751564025879,0.2855987548828125
500,8.6,91.16,8.6,1,1,1,17,2.827730642951092,3.387077050723399,0.7680380344390869,0.13004040718078613
500,8.6,91.16,8.6,1,1,1,18,2.825494529488721,3.6973519897442033,2.1309702396392822,0.723076581954956
500,8.6,91.16,8.6,1,1,1,19,2.8242949223285514,3.8744749412778363,0.8804254531860352,0.11037945747375488
500,8.6,91.16,8.6,1,1,1,20,2.8276468026274175,3.3455427004750566,1.0341486930847168,0.17713427543640137
500,8.6,91.16,8.6,1,1,1,21,2.82842624139074,3.0769474697790145,3.0186166763305664,0.18686509132385254
500,8.6,91.16,8.6,1,1,1,22,2.828396463609531,3.935040841289105,2.7592875957489014,0.2888636589050293
500,8.6,91.16,8.6,1,1,1,23,2.8283910720682255,3.698822827582734,2.273513078689575,0.3482170104980469
500,8.6,91.16,8.6,1,1,1,24,2.8283986700383594,3.3270099400358712,1.5344152450561523,0.1900639533996582
500,8.8,95.04000000000002,8.8,1,1,1,0,2.8279474824161057,3.4771548439608364,2.823367118835449,0.21885347366333008
500,8.8,95.04000000000002,8.8,1,1,1,1,2.828305513608763,3.8818695634653984,2.8454113006591797,0.342559814453125
500,8.8,95.04000000000002,8.8,1,1,1,2,2.828426534900739,4.382850705430988,3.921027660369873,0.6064786911010742
500,8.8,95.04000000000002,8.8,1,1,1,3,2.828422878821304,5.920079613114044,1.3535447120666504,0.11842107772827148
500,8.8,95.04000000000002,8.8,1,1,1,4,2.8275649731345815,3.2950738334002114,1.0553839206695557,0.17640113830566406
500,8.8,95.04000000000002,8.8,1,1,1,5,2.8280558134893212,2.991584312804978,1.164071798324585,0.1506807804107666
500,8.8,95.04000000000002,8.8,1,1,1,6,2.8278323135456804,3.219294574231713,1.3815770149230957,0.2590301036834717
500,8.8,95.04000000000002,8.8,1,1,1,7,2.8284269203016694,2.603163525031157,1.197216272354126,0.1064457893371582
500,8.8,95.04000000000002,8.8,1,1,1,8,2.8283115527520266,4.524124629469173,1.845674991607666,0.1694648265838623
500,8.8,95.04000000000002,8.8,1,1,1,9,2.8284245705018147,3.2166387681761384,0.8932743072509766,0.2694821357727051
500,8.8,95.04000000000002,8.8,1,1,1,10,2.828390336047769,3.8268563720304325,1.2287812232971191,0.1636183261871338
500,8.8,95.04000000000002,8.8,1,1,1,11,2.8282035242158443,3.5892477530578843,1.2105348110198975,0.10027050971984863
500,8.8,95.04000000000002,8.8,1,1,1,12,2.828423955728716,3.033285472328769,0.8253517150878906,0.12864971160888672
500,8.8,95.04000000000002,8.8,1,1,1,13,2.8284270696216094,3.3328325765532156,0.8180820941925049,0.12388801574707031
500,8.8,95.04000000000002,8.8,1,1,1,14,2.8284175880375484,3.641191032323806,1.6630618572235107,0.5283489227294922
500,8.8,95.04000000000002,8.8,1,1,1,15,2.8283936036085424,3.3596118383236098,2.046773672103882,0.1940295696258545
500,8.8,95.04000000000002,8.8,1,1,1,16,2.82842306388467,4.954769044577721,2.4773569107055664,0.5532412528991699
500,8.8,95.04000000000002,8.8,1,1,1,17,2.8283664326827638,4.028550557931401,1.8483459949493408,0.17707014083862305
500,8.8,95.04000000000002,8.8,1,1,1,18,2.828309013200859,4.619730096213982,1.817718267440796,0.13797712326049805
500,8.8,95.04000000000002,8.8,1,1,1,19,2.8284269678655622,3.5243732625414004,3.319145917892456,0.5178513526916504
500,8.8,95.04000000000002,8.8,1,1,1,20,2.8283713312158754,2.9565947012130764,1.6770427227020264,0.20132827758789062
500,8.8,95.04000000000002,8.8,1,1,1,21,2.8282356084710014,4.723705627845809,3.3041062355041504,1.4601709842681885
500,8.8,95.04000000000002,8.8,1,1,1,22,2.828344873213987,3.097451358712153,1.5342304706573486,0.16411042213439941
500,8.8,95.04000000000002,8.8,1,1,1,23,2.8263542307285827,3.4808906152853747,3.635939121246338,0.18062424659729004
500,8.8,95.04000000000002,8.8,1,1,1,24,2.827778042368902,2.979537148483706,2.417525053024292,0.18712568283081055
500,9.0,99.0,9.0,1,1,1,0,2.828363635888862,3.502921462049771,1.8494303226470947,0.2393941879272461
500,9.0,99.0,9.0,1,1,1,1,2.8282462851314074,4.087469536660681,1.8755030632019043,0.16352415084838867
500,9.0,99.0,9.0,1,1,1,2,2.8284076218423255,2.96046664260065,3.9133059978485107,1.4165973663330078
500,9.0,99.0,9.0,1,1,1,3,2.828417245187688,4.676250182124963,4.032430410385132,0.8079962730407715
500,9.0,99.0,9.0,1,1,1,4,2.8284264231813485,4.327102531647097,0.8893463611602783,0.11390018463134766
500,9.0,99.0,9.0,1,1,1,5,2.8282515036214253,2.7600985387086987,2.424670696258545,0.5584640502929688
500,9.0,99.0,9.0,1,1,1,6,2.8284152661129003,4.851477438222145,2.5416972637176514,0.16789865493774414
500,9.0,99.0,9.0,1,1,1,7,2.8284187267010825,3.3674340864017647,1.8514430522918701,0.140488862991333
500,9.0,99.0,9.0,1,1,1,8,2.8284118080069787,3.4613352283416052,0.7385129928588867,0.13432741165161133
500,9.0,99.0,9.0,1,1,1,9,2.828392464048337,3.0360163966319065,0.7395317554473877,0.10258960723876953
500,9.0,99.0,9.0,1,1,1,10,2.828302866486337,3.5688341306485447,1.9449772834777832,0.5159304141998291
500,9.0,99.0,9.0,1,1,1,11,2.8282258135521596,3.2078245498309257,1.5013840198516846,0.15667462348937988
500,9.0,99.0,9.0,1,1,1,12,2.8271372128417966,3.2910078756974004,1.2337267398834229,0.20328497886657715
500,9.0,99.0,9.0,1,1,1,13,2.828381928567575,3.9071266943178222,1.5469188690185547,0.1919405460357666
500,9.0,99.0,9.0,1,1,1,14,2.8276792747086357,3.088348196161986,2.212120294570923,0.16491317749023438
500,9.0,99.0,9.0,1,1,1,15,2.8284269635087855,4.160930781323881,1.9477813243865967,0.17947602272033691
500,9.0,99.0,9.0,1,1,1,16,2.828101003304495,3.749854145388736,1.680048942565918,0.3585062026977539
500,9.0,99.0,9.0,1,1,1,17,2.8284265715901666,3.1177155026029633,1.5849945545196533,0.16544246673583984
500,9.0,99.0,9.0,1,1,1,18,2.828410747619996,4.96878871882196,1.432492733001709,0.3815450668334961
500,9.0,99.0,9.0,1,1,1,19,2.828417330331105,3.0341302450469523,1.151078462600708,0.4173858165740967
500,9.0,99.0,9.0,1,1,1,20,2.82836717048841,3.244515034614298,0.643329381942749,0.1307528018951416
500,9.0,99.0,9.0,1,1,1,21,2.828418994539057,3.452620669683392,0.7132840156555176,0.12997102737426758
500,9.0,99.0,9.0,1,1,1,22,2.821477710040458,3.079846814206278,0.6719138622283936,0.13605666160583496
500,9.0,99.0,9.0,1,1,1,23,2.828424381072034,4.860749638021072,0.5558240413665771,0.1161036491394043
500,9.0,99.0,9.0,1,1,1,24,2.8281448247461487,3.9510160517375716,0.5177428722381592,0.11433744430541992
500,9.200000000000001,103.04000000000002,9.200000000000001,1,1,1,0,2.8284163739200032,4.1901788068548855,0.6411571502685547,0.11005210876464844
500,9.200000000000001,103.04000000000002,9.200000000000001,1,1,1,1,2.8283451528885633,3.718363812936574,0.5720000267028809,0.12353229522705078
500,9.200000000000001,103.04000000000002,9.200000000000001,1,1,1,2,2.827891404148306,3.563297641411763,0.7404007911682129,0.1305217742919922
500,9.200000000000001,103.04000000000002,9.200000000000001,1,1,1,3,2.828427064669706,3.810668539683954,0.5779445171356201,0.1065211296081543
500,9.200000000000001,103.04000000000002,9.200000000000001,1,1,1,4,2.8265498842871057,3.576557650779854,0.6006019115447998,0.12304425239562988
500,9.200000000000001,103.04000000000002,9.200000000000001,1,1,1,5,2.828372188119321,3.205328910901161,0.5832130908966064,0.14352011680603027
500,9.200000000000001,103.04000000000002,9.200000000000001,1,1,1,6,2.828427120855192,4.772771668238973,0.5250468254089355,0.12003469467163086
500,9.200000000000001,103.04000000000002,9.200000000000001,1,1,1,7,2.828296577070968,2.8844436418611368,0.5551764965057373,0.1505436897277832
500,9.200000000000001,103.04000000000002,9.200000000000001,1,1,1,8,2.827754847510003,3.2687477724655647,0.6524784564971924,0.09752583503723145
500,9.200000000000001,103.04000000000002,9.200000000000001,1,1,1,9,2.8264871162731353,3.0081398508466535,0.4837300777435303,0.09552359580993652
500,9.200000000000001,103.04000000000002,9.200000000000001,1,1,1,10,2.8281432650284755,3.031415973541282,0.4818425178527832,0.10254311561584473
500,9.200000000000001,103.04000000000002,9.200000000000001,1,1,1,11,2.8276238351542826,3.423180019230777,0.49813222885131836,0.0931696891784668
500,9.200000000000001,103.04000000000002,9.200000000000001,1,1,1,12,2.8283732265734534,3.338601096745098,0.5671255588531494,0.12751102447509766
500,9.200000000000001,103.04000000000002,9.200000000000001,1,1,1,13,2.828379901543587,3.0175459208964917,0.8667430877685547,0.14965391159057617
500,9.200000000000001,103.04000000000002,9.200000000000001,1,1,1,14,2.8273434969206694,3.5168333260190727,0.523629903793335,0.09651517868041992
500,9.200000000000001,103.04000000000002,9.200000000000001,1,1,1,15,2.8282953889015072,3.09767232419369,0.49755072593688965,0.12351417541503906
500,9.200000000000001,103.04000000000002,9.200000000000001,1,1,1,16,2.828362669249138,3.1563639454494736,0.5086758136749268,0.1015162467956543
500,9.200000000000001,103.04000000000002,9.200000000000001,1,1,1,17,2.82821046685662,4.071225806821196,0.4656705856323242,0.1025228500366211
500,9.200000000000001,103.04000000000002,9.200000000000001,1,1,1,18,2.8284104686045444,3.601107215292934,0.539741039276123,0.11606526374816895
500,9.200000000000001,103.04000000000002,9.200000000000001,1,1,1,19,2.8279567328090063,4.0892887647651435,0.5719144344329834,0.1421346664428711
500,9.200000000000001,103.04000000000002,9.200000000000001,1,1,1,20,2.8284045265243716,4.087535416120642,0.5017757415771484,0.10149621963500977
500,9.200000000000001,103.04000000000002,9.200000000000001,1,1,1,21,2.828411793073787,5.093244299205958,0.47803783416748047,0.10213160514831543
500,9.200000000000001,103.04000000000002,9.200000000000001,1,1,1,22,2.828386131490442,3.4335233033450816,0.4802985191345215,0.10449981689453125
500,9.200000000000001,103.04000000000002,9.200000000000001,1,1,1,23,2.828260263643724,3.093281677319476,0.503751277923584,0.08951878547668457
500,9.200000000000001,103.04000000000002,9.200000000000001,1,1,1,24,2.827397911955598,3.400304305441808,0.5657675266265869,0.11951565742492676
500,9.4,107.16000000000001,9.4,1,1,1,0,2.8284240211772627,4.692009282765104,0.5443623065948486,0.10154032707214355
500,9.4,107.16000000000001,9.4,1,1,1,1,2.828382813195703,3.8993975638729927,0.47608423233032227,0.09304022789001465
500,9.4,107.16000000000001,9.4,1,1,1,2,2.8282023226669133,3.389408783952755,0.49130797386169434,0.0995023250579834
500,9.4,107.16000000000001,9.4,1,1,1,3,2.828420238369618,3.672525840493687,0.48926472663879395,0.10739278793334961
500,9.4,107.16000000000001,9.4,1,1,1,4,2.8284136772748285,3.2197413746488692,0.4632692337036133,0.10358667373657227
500,9.4,107.16000000000001,9.4,1,1,1,5,2.8284271145767605,2.928145698626148,0.5627033710479736,0.13275647163391113
500,9.4,107.16000000000001,9.4,1,1,1,6,2.828427047245781,3.107353966601365,0.5045347213745117,0.10443329811096191
500,9.4,107.16000000000001,9.4,1,1,1,7,2.828312844477142,3.3453817534733514,0.508669376373291,0.11454367637634277
500,9.4,107.16000000000001,9.4,1,1,1,8,2.8283581924287766,3.8174745161031534,0.5275430679321289,0.11134624481201172
500,9.4,107.16000000000001,9.4,1,1,1,9,2.828407627361322,3.9813678824802947,0.6634902954101562,0.13562655448913574
500,9.4,107.16000000000001,9.4,1,1,1,10,2.8284254896913685,4.643194819712891,0.7764801979064941,0.12760210037231445
500,9.4,107.16000000000001,9.4,1,1,1,11,2.8284233879658793,5.2652612881300005,0.5132770538330078,0.11062288284301758
500,9.4,107.16000000000001,9.4,1,1,1,12,2.8282286779270733,3.1493056537206865,0.49109697341918945,0.0996100902557373
500,9.4,107.16000000000001,9.4,1,1,1,13,2.828338786675741,2.6362233165667943,0.49317502975463867,0.10962390899658203
500,9.4,107.16000000000001,9.4,1,1,1,14,2.828371773601958,3.7985271912910337,0.5286993980407715,0.1176297664642334
500,9.4,107.16000000000001,9.4,1,1,1,15,2.8283885684683185,3.4923729172264326,0.487032413482666,0.09336304664611816
500,9.4,107.16000000000001,9.4,1,1,1,16,2.8283861803374397,3.573257708720836,0.5813517570495605,0.13745856285095215
500,9.4,107.16000000000001,9.4,1,1,1,17,2.8284263694846974,2.973670132830453,0.6141982078552246,0.10200071334838867
500,9.4,107.16000000000001,9.4,1,1,1,18,2.828426621813349,5.977079921307941,0.4844322204589844,0.09466290473937988
500,9.4,107.16000000000001,9.4,1,1,1,19,2.8283579338234195,3.7237478243918316,0.5233941078186035,0.09668707847595215
500,9.4,107.16000000000001,9.4,1,1,1,20,2.8284269872652508,5.047165488881891,0.47231245040893555,0.10910964012145996
500,9.4,107.16000000000001,9.4,1,1,1,21,2.8283544784944556,3.41001890736749,0.5054631233215332,0.10371184349060059
500,9.4,107.16000000000001,9.4,1,1,1,22,2.8284114910857023,3.424219334935403,0.5189266204833984,0.12096691131591797
500,9.4,107.16000000000001,9.4,1,1,1,23,2.828426515961779,6.144776479156308,0.626399040222168,0.11342644691467285
500,9.4,107.16000000000001,9.4,1,1,1,24,2.828343819411073,3.818445050083977,0.47478199005126953,0.0915670394897461
500,9.600000000000001,111.36000000000003,9.600000000000001,1,1,1,0,2.828426658162481,4.07298010552604,0.46131277084350586,0.09969258308410645
500,9.600000000000001,111.36000000000003,9.600000000000001,1,1,1,1,2.828419076118196,4.242553186674358,0.4989945888519287,0.09561944007873535
500,9.600000000000001,111.36000000000003,9.600000000000001,1,1,1,2,2.828361049310568,3.5674386712302866,0.4804816246032715,0.11025643348693848
500,9.600000000000001,111.36000000000003,9.600000000000001,1,1,1,3,2.8283700361660418,3.538991212578526,0.5893685817718506,0.13477587699890137
500,9.600000000000001,111.36000000000003,9.600000000000001,1,1,1,4,2.82691317961165,4.761773694534145,0.4973471164703369,0.09407591819763184
500,9.600000000000001,111.36000000000003,9.600000000000001,1,1,1,5,2.827995469295218,3.910612194224545,0.5157132148742676,0.11253523826599121
500,9.600000000000001,111.36000000000003,9.600000000000001,1,1,1,6,2.828414943339188,3.431372059980131,0.5506274700164795,0.13261914253234863
500,9.600000000000001,111.36000000000003,9.600000000000001,1,1,1,7,2.8283590602717763,3.133708091421033,0.4716532230377197,0.10477423667907715
500,9.600000000000001,111.36000000000003,9.600000000000001,1,1,1,8,2.8282156260570366,3.861698645752567,0.5001358985900879,0.15587711334228516
500,9.600000000000001,111.36000000000003,9.600000000000001,1,1,1,9,2.827537814104143,3.5734331490185984,0.6245195865631104,0.1010439395904541
500,9.600000000000001,111.36000000000003,9.600000000000001,1,1,1,10,2.828358872394384,3.7703675205372953,0.464510440826416,0.10912394523620605
500,9.600000000000001,111.36000000000003,9.600000000000001,1,1,1,11,2.8284269093306467,3.2628647596300495,0.5052244663238525,0.09255361557006836
500,9.600000000000001,111.36000000000003,9.600000000000001,1,1,1,12,2.828426245593589,4.5338216815282,0.47049975395202637,0.1096045970916748
500,9.600000000000001,111.36000000000003,9.600000000000001,1,1,1,13,2.828426464562837,4.53713410212378,0.4642505645751953,0.1103057861328125
500,9.600000000000001,111.36000000000003,9.600000000000001,1,1,1,14,2.828373485491879,3.306799531226126,0.658252477645874,0.12421536445617676
500,9.600000000000001,111.36000000000003,9.600000000000001,1,1,1,15,2.828426342053746,4.035211465756253,0.5242660045623779,0.10156798362731934
500,9.600000000000001,111.36000000000003,9.600000000000001,1,1,1,16,2.8284220658298658,3.8968298186490893,0.491626501083374,0.09555315971374512
500,9.600000000000001,111.36000000000003,9.600000000000001,1,1,1,17,2.828427058670922,3.4503319516072737,0.4640178680419922,0.0924839973449707
500,9.600000000000001,111.36000000000003,9.600000000000001,1,1,1,18,2.828285231740394,4.214892794942443,0.5302588939666748,0.09653878211975098
500,9.600000000000001,111.36000000000003,9.600000000000001,1,1,1,19,2.828421647886129,3.0187591126046547,0.4769268035888672,0.10803389549255371
500,9.600000000000001,111.36000000000003,9.600000000000001,1,1,1,20,2.8283798904935624,3.9782475866524023,0.6326463222503662,0.13425087928771973
500,9.600000000000001,111.36000000000003,9.600000000000001,1,1,1,21,2.8284229767895264,4.378510440853657,0.5068461894989014,0.1002039909362793
500,9.600000000000001,111.36000000000003,9.600000000000001,1,1,1,22,2.828362303913281,3.8558577311122884,0.48144006729125977,0.10351705551147461
500,9.600000000000001,111.36000000000003,9.600000000000001,1,1,1,23,2.8284216958535633,5.372061476972465,0.4972679615020752,0.09660124778747559
500,9.600000000000001,111.36000000000003,9.600000000000001,1,1,1,24,2.8283938361868124,4.85515908453521,0.5072576999664307,0.10370397567749023
500,9.8,115.64000000000001,9.8,1,1,1,0,2.828202065719494,3.6698596417110143,0.5156643390655518,0.10902810096740723
500,9.8,115.64000000000001,9.8,1,1,1,1,2.8284215109242767,5.795435492483152,0.5152084827423096,0.15488028526306152
500,9.8,115.64000000000001,9.8,1,1,1,2,2.828385381855239,4.530161323357102,0.619102954864502,0.10803723335266113
500,9.8,115.64000000000001,9.8,1,1,1,3,2.8283832956305504,3.4997892326066573,0.5279769897460938,0.10347533226013184
500,9.8,115.64000000000001,9.8,1,1,1,4,2.8284230145135467,5.188695409254839,0.4516468048095703,0.09738445281982422
500,9.8,115.64000000000001,9.8,1,1,1,5,2.828423035282654,3.8054066752501963,0.46849536895751953,0.09948253631591797
500,9.8,115.64000000000001,9.8,1,1,1,6,2.8284201335241907,3.2835683682649,0.49544262886047363,0.12025809288024902
500,9.8,115.64000000000001,9.8,1,1,1,7,2.8284162870885474,3.879620338242212,0.6127669811248779,0.13665270805358887
500,9.8,115.64000000000001,9.8,1,1,1,8,2.8280512987642097,3.4285953749668248,0.47133803367614746,0.10168886184692383
500,9.8,115.64000000000001,9.8,1,1,1,9,2.828032199233304,3.626441341706174,0.4596874713897705,0.09997153282165527
500,9.8,115.64000000000001,9.8,1,1,1,10,2.8284270832731284,5.082616249669941,0.4926459789276123,0.1004948616027832
500,9.8,115.64000000000001,9.8,1,1,1,11,2.828416741306458,4.7671079213832215,0.4552338123321533,0.09673666954040527
500,9.8,115.64000000000001,9.8,1,1,1,12,2.828395730788372,3.185742855607886,0.5536239147186279,0.11640405654907227
500,9.8,115.64000000000001,9.8,1,1,1,13,2.8284163879032893,4.301656588290578,0.6820662021636963,0.11676812171936035
500,9.8,115.64000000000001,9.8,1,1,1,14,2.82839893464485,3.985792089457408,0.4775078296661377,0.09988260269165039
500,9.8,115.64000000000001,9.8,1,1,1,15,2.8284242373816992,3.809134416303568,0.4715299606323242,0.10235357284545898
500,9.8,115.64000000000001,9.8,1,1,1,16,2.8283810834683,3.0578295963670623,0.5179147720336914,0.11313819885253906
500,9.8,115.64000000000001,9.8,1,1,1,17,2.828416140536862,3.751366598700197,0.49785518646240234,0.10105133056640625
500,9.8,115.64000000000001,9.8,1,1,1,18,2.8284101838496767,5.354982700916022,0.5978527069091797,0.14639997482299805
500,9.8,115.64000000000001,9.8,1,1,1,19,2.8284244559338707,3.9180769727326252,0.6942825317382812,0.1160886287689209
500,9.8,115.64000000000001,9.8,1,1,1,20,2.8284269574020566,3.523616170630488,0.6433126926422119,0.12008380889892578
500,9.8,115.64000000000001,9.8,1,1,1,21,2.828276229850239,3.686782847767209,0.6274864673614502,0.10559511184692383
500,9.8,115.64000000000001,9.8,1,1,1,22,2.8284269204020878,5.141438034747037,0.7180852890014648,0.15735507011413574
500,9.8,115.64000000000001,9.8,1,1,1,23,2.827369478251443,3.3766735095894265,0.8747920989990234,0.1425187587738037
500,9.8,115.64000000000001,9.8,1,1,1,24,2.8284114226123176,4.28224628074829,0.5022926330566406,0.10259246826171875
