n,s1,1_p_s2,s2,beta,q,sqrt_q,rep_no,eigen_mat_rerr,eigen_mat_terr,eigen_mat_gerr,eigen_mat_ev_time,eigen_mat_cal_translation_time
500,0.0,8,2,1,1,1,0,1.0808420382133688e-14,0.24407762637291117,0.24407762637291663,0.5496227741241455,0.11807608604431152
500,0.0,8,2,1,1,1,1,1.341866547405542e-14,0.2371647704908244,0.23716477049083348,0.4973783493041992,0.12745165824890137
500,0.0,8,2,1,1,1,2,8.650349201926253e-15,0.3019429486884722,0.30194294868847793,0.49794626235961914,0.1196892261505127
500,0.0,8,2,1,1,1,3,8.796875622824604e-15,0.23663259977968026,0.236632599779687,0.4859609603881836,0.11950182914733887
500,0.0,8,2,1,1,1,4,5.5734308536149695e-15,0.3019765053161855,0.3019765053161891,0.6777057647705078,0.17206573486328125
500,0.0,8,2,1,1,1,5,5.443075771478576e-15,0.23500512939972826,0.2350051293997293,0.5627157688140869,0.13693714141845703
500,0.0,8,2,1,1,1,6,8.111519487513816e-15,0.24853021115521257,0.2485302111552198,0.5153865814208984,0.12551331520080566
500,0.0,8,2,1,1,1,7,6.306061282505365e-15,0.23687276724607645,0.2368727672460813,0.5396256446838379,0.12071681022644043
500,0.0,8,2,1,1,1,8,6.610100468492698e-15,0.25925216610135077,0.2592521661013544,0.4979672431945801,0.13126659393310547
500,0.0,8,2,1,1,1,9,8.91628156735597e-15,0.2523865520897158,0.25238655208972355,0.5705866813659668,0.18210887908935547
500,0.0,8,2,1,1,1,10,4.549465031692117e-15,0.28990143785483424,0.28990143785483663,0.6940617561340332,0.13552093505859375
500,0.0,8,2,1,1,1,11,1.0168735354711061e-14,0.22975937075715946,0.22975937075716768,0.4897477626800537,0.1289830207824707
500,0.0,8,2,1,1,1,12,7.069462799807738e-15,0.22954763146319235,0.22954763146319718,0.5126621723175049,0.15072870254516602
500,0.0,8,2,1,1,1,13,1.1303856435364536e-14,0.2536132858701362,0.25361328587014603,0.5176010131835938,0.1355576515197754
500,0.0,8,2,1,1,1,14,6.1827997779456266e-15,0.24369255583809205,0.24369255583809396,0.5770778656005859,0.14285659790039062
500,0.0,8,2,1,1,1,15,1.0116804988869731e-14,0.26172872752069226,0.26172872752069426,0.7322297096252441,0.18137907981872559
500,0.0,8,2,1,1,1,16,1.0401047836259783e-14,0.26783335473653225,0.2678333547365416,0.63836669921875,0.15663933753967285
500,0.0,8,2,1,1,1,17,8.427371632319516e-15,0.2575829026243251,0.2575829026243321,0.4751770496368408,0.12255334854125977
500,0.0,8,2,1,1,1,18,5.738695990993423e-15,0.2485841806411594,0.24858418064116322,0.4746558666229248,0.1431889533996582
500,0.0,8,2,1,1,1,19,1.3917836827128682e-14,0.25297014134434226,0.25297014134435203,0.5890007019042969,0.14965343475341797
500,0.0,8,2,1,1,1,20,1.0536092911678371e-14,0.23445076615921784,0.23445076615922694,0.6693034172058105,0.12213683128356934
500,0.0,8,2,1,1,1,21,8.136787358178358e-15,0.2409242734055545,0.2409242734055603,0.502131462097168,0.127516508102417
500,0.0,8,2,1,1,1,22,8.677849072884141e-15,0.24673627147147456,0.24673627147147817,0.4931626319885254,0.12358355522155762
500,0.0,8,2,1,1,1,23,1.0827093936555957e-14,0.27327096261902734,0.2732709626190371,0.4957277774810791,0.14305734634399414
500,0.0,8,2,1,1,1,24,5.7443313730298835e-15,0.24613451519431195,0.24613451519431676,0.5035078525543213,0.1433396339416504
500,0.5,8,2,1,1,1,0,0.09819727571870085,0.2612949551709311,0.3242300835559616,0.7390453815460205,0.17292547225952148
500,0.5,8,2,1,1,1,1,0.08353284914590443,0.26311440642867395,0.3050322050251683,0.5668835639953613,0.14211416244506836
500,0.5,8,2,1,1,1,2,0.08963883990159832,0.26713953467754803,0.3222007727058024,0.5642576217651367,0.14341950416564941
500,0.5,8,2,1,1,1,3,0.09333353151123655,0.34577548625848453,0.4067120706429997,0.6089792251586914,0.13438701629638672
500,0.5,8,2,1,1,1,4,0.10014146769103542,0.26642180731011283,0.3176332015110394,0.6144659519195557,0.13097238540649414
500,0.5,8,2,1,1,1,5,0.07941650946891898,0.30569042722449585,0.326896310312246,0.6914825439453125,0.18360257148742676
500,0.5,8,2,1,1,1,6,0.0848644962431636,0.29285458063164954,0.31876378334695377,0.6684253215789795,0.14830327033996582
500,0.5,8,2,1,1,1,7,0.09384234310088284,0.25878653518444683,0.3345866764261131,0.560478925704956,0.12250185012817383
500,0.5,8,2,1,1,1,8,0.0884838630583839,0.26295947420968785,0.3007024293822878,0.5545303821563721,0.1446831226348877
500,0.5,8,2,1,1,1,9,0.08466847847467132,0.2872343079081343,0.352963008158312,0.6198179721832275,0.14547061920166016
500,0.5,8,2,1,1,1,10,0.09742769173109236,0.28471176951656996,0.31701014572142194,0.9015533924102783,0.17208313941955566
500,0.5,8,2,1,1,1,11,0.10745992602960708,0.26080442115781816,0.29803354081950184,0.6168999671936035,0.12958335876464844
500,0.5,8,2,1,1,1,12,0.09366775456884179,0.2508384292633851,0.3008663087964379,0.577772855758667,0.11462807655334473
500,0.5,8,2,1,1,1,13,0.08174762074091416,0.2694845232654697,0.32673395218501017,0.5636935234069824,0.1449720859527588
500,0.5,8,2,1,1,1,14,0.08602191782812076,0.2656077954275576,0.3326950904796666,0.6084301471710205,0.1505424976348877
500,0.5,8,2,1,1,1,15,0.09168516873805746,0.25795391647990973,0.30331897386054496,0.7782926559448242,0.16685867309570312
500,0.5,8,2,1,1,1,16,0.0904887185708592,0.2507490338018285,0.32082324776250015,0.57387375831604,0.1455063819885254
500,0.5,8,2,1,1,1,17,0.08419432004293563,0.26968185706337283,0.3072790671723123,0.6002545356750488,0.1332411766052246
500,0.5,8,2,1,1,1,18,0.0962095991016547,0.26238128562556773,0.30327776890068797,0.6278738975524902,0.12376236915588379
500,0.5,8,2,1,1,1,19,0.08311390871300822,0.260012440682832,0.3069545645187763,0.6136600971221924,0.13828516006469727
500,0.5,8,2,1,1,1,20,0.08363034438471115,0.23775369181250214,0.2918348213534066,0.7662966251373291,0.16429948806762695
500,0.5,8,2,1,1,1,21,0.08957758556224095,0.27187898747760836,0.3369754799382388,0.5855927467346191,0.12262392044067383
500,0.5,8,2,1,1,1,22,0.08177838962229121,0.3234760397153092,0.3919243281298985,0.5809135437011719,0.12698769569396973
500,0.5,8,2,1,1,1,23,0.07892716703040942,0.258422151770221,0.2904392791732321,0.5673162937164307,0.1379716396331787
500,0.5,8,2,1,1,1,24,0.0927591728857637,0.25250060700506416,0.3048856644101952,0.5946619510650635,0.135634183883667
500,1.0,8,2,1,1,1,0,0.20772436144231624,0.3717711218157603,0.49444859944355674,0.7123873233795166,0.18207359313964844
500,1.0,8,2,1,1,1,1,0.19764600662001872,0.32425155527151556,0.45697866323795144,0.5316741466522217,0.1508495807647705
500,1.0,8,2,1,1,1,2,0.18468707899497158,0.3160858539671532,0.455083689832426,0.6082179546356201,0.13186073303222656
500,1.0,8,2,1,1,1,3,0.20977720962134477,0.4197248508993682,0.581626327244751,0.6506302356719971,0.13913822174072266
500,1.0,8,2,1,1,1,4,0.16465228660062176,0.3482107572465619,0.4624887424786268,0.8175375461578369,0.19583773612976074
500,1.0,8,2,1,1,1,5,0.17439092500340242,0.4014565171713827,0.5758474421747851,0.7847037315368652,0.17950892448425293
500,1.0,8,2,1,1,1,6,0.18836662410264213,0.5514167206068952,0.6836194846264727,0.6298542022705078,0.13277602195739746
500,1.0,8,2,1,1,1,7,0.1850838292927523,0.29815033348396497,0.4175742426439239,0.6145541667938232,0.12588858604431152
500,1.0,8,2,1,1,1,8,0.1851936819700928,0.3183298149122998,0.48615995806370005,0.5713138580322266,0.12157058715820312
500,1.0,8,2,1,1,1,9,0.16692059216972244,0.3423381906428926,0.4873211604236016,0.5702362060546875,0.13334870338439941
500,1.0,8,2,1,1,1,10,0.20830513179998947,0.35371919924542533,0.5620243310454148,0.8161182403564453,0.17526531219482422
500,1.0,8,2,1,1,1,11,0.21551177592932858,0.2945986664220044,0.4337952471402031,0.5809695720672607,0.13701462745666504
500,1.0,8,2,1,1,1,12,0.18658544850875886,0.30222184298912,0.429198794855711,0.5532035827636719,0.14648962020874023
500,1.0,8,2,1,1,1,13,0.17486762062489292,0.36290739456767823,0.5290376888568397,0.5798707008361816,0.1401681900024414
500,1.0,8,2,1,1,1,14,0.1759635366657677,0.33197269113835837,0.5045161801322545,0.6073298454284668,0.1268143653869629
500,1.0,8,2,1,1,1,15,0.1531106134507552,0.2945121200946694,0.41984325502402603,0.6787490844726562,0.17323517799377441
500,1.0,8,2,1,1,1,16,0.16155098046539557,0.29878348880786954,0.42421817991858046,0.6033675670623779,0.1425461769104004
500,1.0,8,2,1,1,1,17,0.1680761645051669,0.3427087216716332,0.45129783829976544,0.7051522731781006,0.14587926864624023
500,1.0,8,2,1,1,1,18,0.19005093739580708,0.27090479686548,0.44515693462071293,0.5714683532714844,0.1423625946044922
500,1.0,8,2,1,1,1,19,0.16904902086074286,0.34656064425843547,0.4508310021051025,0.6048216819763184,0.14423179626464844
500,1.0,8,2,1,1,1,20,0.18504379797479523,0.3339711671407122,0.49078875803383626,0.7587635517120361,0.169968843460083
500,1.0,8,2,1,1,1,21,0.1869910216521422,0.3519167976888347,0.48157130463041553,0.5954263210296631,0.14755463600158691
500,1.0,8,2,1,1,1,22,0.16455907844516915,0.3051559530266655,0.4487650128254681,0.7578408718109131,0.1659250259399414
500,1.0,8,2,1,1,1,23,0.18423405272203136,0.311971007814854,0.4312700117124988,0.6911253929138184,0.14939594268798828
500,1.0,8,2,1,1,1,24,0.16505324854118492,0.44003945476511896,0.5536611193988239,0.6157877445220947,0.1516561508178711
500,1.5,8,2,1,1,1,0,0.2711671601902666,0.4580030395419545,0.670592925563962,0.961137056350708,0.18699121475219727
500,1.5,8,2,1,1,1,1,0.2765202669425269,0.40836637323969777,0.5749151950747886,0.7781558036804199,0.15651774406433105
500,1.5,8,2,1,1,1,2,0.26822225223350527,0.6339960600716817,0.8274939214154153,0.7751257419586182,0.18028926849365234
500,1.5,8,2,1,1,1,3,0.2934697461820221,0.4942890326965101,0.7107108170321085,0.9532103538513184,0.18036675453186035
500,1.5,8,2,1,1,1,4,0.2503434087095843,0.42074411205367557,0.6221014047195288,0.7483665943145752,0.16804957389831543
500,1.5,8,2,1,1,1,5,0.297118567931646,0.4704940881100327,0.6653668458814033,0.6638951301574707,0.14914274215698242
500,1.5,8,2,1,1,1,6,0.2809725805759568,0.5475593568872776,0.823554685450572,0.7490031719207764,0.12400650978088379
500,1.5,8,2,1,1,1,7,0.2838716858273448,0.43858814390390466,0.6123800462781487,0.8839921951293945,0.20696735382080078
500,1.5,8,2,1,1,1,8,0.24829244535575326,0.49093520686097064,0.7151480999527356,0.7660055160522461,0.11061859130859375
500,1.5,8,2,1,1,1,9,0.2581466799242673,0.4810320938733486,0.6893519733869712,0.6757688522338867,0.1562049388885498
500,1.5,8,2,1,1,1,10,0.30578167251856186,0.8669090381445115,1.1544432841494972,0.7517237663269043,0.15823984146118164
500,1.5,8,2,1,1,1,11,0.2775570389061253,0.44107392883364077,0.6718229556754685,0.8773078918457031,0.20122241973876953
500,1.5,8,2,1,1,1,12,0.31639069436310074,0.6319287360599747,0.8374635154790234,0.892723560333252,0.2025432586669922
500,1.5,8,2,1,1,1,13,0.2649173724730819,0.40468807225527487,0.612275441849312,0.6684520244598389,0.11665081977844238
500,1.5,8,2,1,1,1,14,0.2644213397040847,0.5100226964020699,0.7246336146215595,0.7744114398956299,0.13294672966003418
500,1.5,8,2,1,1,1,15,0.26896792566739386,0.47523302466166256,0.6754608579272401,0.8652281761169434,0.15939712524414062
500,1.5,8,2,1,1,1,16,0.2961943652430024,0.4830730839413083,0.7146977554954458,0.7709765434265137,0.13270831108093262
500,1.5,8,2,1,1,1,17,0.28511344662873733,0.5018420426810486,0.6903059248845913,0.7433114051818848,0.15433335304260254
500,1.5,8,2,1,1,1,18,0.2804157774403846,0.5902955333638102,0.7844783137878724,0.6522133350372314,0.17492961883544922
500,1.5,8,2,1,1,1,19,0.2699489190863006,0.5051949999532614,0.6538343010177525,0.8820836544036865,0.20380711555480957
500,1.5,8,2,1,1,1,20,0.29979075263528504,0.584516294066563,0.8110902712701521,0.7143447399139404,0.15541791915893555
500,1.5,8,2,1,1,1,21,0.28744640334009575,0.4747242152963196,0.7194365167008576,0.6849586963653564,0.15280413627624512
500,1.5,8,2,1,1,1,22,0.28571567162483535,0.6255264688387085,0.851602859493173,0.7558298110961914,0.1339259147644043
500,1.5,8,2,1,1,1,23,0.27001087965366144,0.4708489141866756,0.6880884097531855,0.782031774520874,0.18697690963745117
500,1.5,8,2,1,1,1,24,0.29403339601786166,0.42998082849192,0.6645608610612272,0.7121102809906006,0.11898088455200195
500,2.0,8,2,1,1,1,0,0.36080665264470047,0.5610055323031137,0.826759175739266,0.7337033748626709,0.1309375762939453
500,2.0,8,2,1,1,1,1,0.3709264584295534,0.7020001469620141,0.9554503133892098,0.7725906372070312,0.12927699089050293
500,2.0,8,2,1,1,1,2,0.3547142567823533,0.5745528325713191,0.8865057455644852,0.8248767852783203,0.1645209789276123
500,2.0,8,2,1,1,1,3,0.35488725295150786,0.6831998569132897,0.9425750820985006,0.7964725494384766,0.14922809600830078
500,2.0,8,2,1,1,1,4,0.39321472366102167,0.735882259789516,1.0690577475592917,0.7382147312164307,0.12790703773498535
500,2.0,8,2,1,1,1,5,0.3547401937619874,0.6835094936576983,0.9766181909889442,0.6917550563812256,0.1334388256072998
500,2.0,8,2,1,1,1,6,0.3478216129191608,0.864742315631405,1.2059771617731239,0.8193247318267822,0.19138717651367188
500,2.0,8,2,1,1,1,7,0.35252583909713087,0.5185653896219939,0.8169766234839555,0.7641980648040771,0.15108823776245117
500,2.0,8,2,1,1,1,8,0.3383217236934205,0.8136053722730101,1.0995624907699564,0.763737678527832,0.13541889190673828
500,2.0,8,2,1,1,1,9,0.38290584902440483,0.5626025421488369,0.8255189622382385,0.7102799415588379,0.1867077350616455
500,2.0,8,2,1,1,1,10,0.34926781381292354,0.6099705135081499,0.9592383273210734,0.7666447162628174,0.15405058860778809
500,2.0,8,2,1,1,1,11,0.39708585271626606,0.5909845549180118,0.919959253866339,0.8852007389068604,0.1964874267578125
500,2.0,8,2,1,1,1,12,0.34252812033216884,0.5895482953210881,0.8478612064539182,0.7498257160186768,0.1411430835723877
500,2.0,8,2,1,1,1,13,0.3608192552767383,0.8034416279933974,1.1096573286380205,0.7606709003448486,0.1291491985321045
500,2.0,8,2,1,1,1,14,0.37210957183554205,0.8584493277750388,1.109801138504746,0.7238702774047852,0.12145090103149414
500,2.0,8,2,1,1,1,15,0.3499579363077965,0.5751729890402671,0.8072087691624639,0.9110724925994873,0.17052388191223145
500,2.0,8,2,1,1,1,16,0.38411425052352843,0.5456248004471757,0.8544041356547707,0.6747696399688721,0.18670082092285156
500,2.0,8,2,1,1,1,17,0.3518642256806383,0.6119742976228245,0.9125485358262861,0.7750983238220215,0.14194989204406738
500,2.0,8,2,1,1,1,18,0.334709269319049,0.5400846413502491,0.7902493498475265,0.8941192626953125,0.17213678359985352
500,2.0,8,2,1,1,1,19,0.3945190968209687,0.6829529674030549,1.0774720642240236,0.9023311138153076,0.16819381713867188
500,2.0,8,2,1,1,1,20,0.35933964698623516,0.5760404377491646,0.8524321297401638,0.7698469161987305,0.14199495315551758
500,2.0,8,2,1,1,1,21,0.3692573464128493,0.7390194945474874,1.0594117222822033,0.7060320377349854,0.18604636192321777
500,2.0,8,2,1,1,1,22,0.3759566736538737,0.7694999246928147,1.0602241124580507,0.7244906425476074,0.12801265716552734
500,2.0,8,2,1,1,1,23,0.3612089826038153,0.5153958689997408,0.789266348758589,0.8620471954345703,0.1739492416381836
500,2.0,8,2,1,1,1,24,0.38825923322634953,0.6277751403739772,0.8489992114188731,0.7550168037414551,0.1409904956817627
500,2.5,8,2,1,1,1,0,0.48291900678172645,0.870794238822402,1.3046522602381974,0.7304151058197021,0.14342570304870605
500,2.5,8,2,1,1,1,1,0.41550121261043277,0.8999620754106118,1.3154632880210446,0.7341718673706055,0.15496420860290527
500,2.5,8,2,1,1,1,2,0.45390465432301447,0.7445618890750217,1.129338100955023,0.7921924591064453,0.16349291801452637
500,2.5,8,2,1,1,1,3,0.46452379787062653,0.6820489461733319,1.111688460968479,0.8257207870483398,0.14801597595214844
500,2.5,8,2,1,1,1,4,0.44988045481681765,0.8289917408655179,1.1433802725097766,0.7204856872558594,0.13646292686462402
500,2.5,8,2,1,1,1,5,0.43064448270057104,0.8675194468161288,1.1609929804324386,0.7781178951263428,0.16136908531188965
500,2.5,8,2,1,1,1,6,0.5511524085192046,0.8533157378378107,1.2150873086868792,0.691845178604126,0.17270612716674805
500,2.5,8,2,1,1,1,7,0.47697356008225644,0.8001240141669195,1.1613589242142157,0.876262903213501,0.1792283058166504
500,2.5,8,2,1,1,1,8,0.45333534763880406,0.7392350268409619,1.1600886543699949,0.8636288642883301,0.15804839134216309
500,2.5,8,2,1,1,1,9,0.4120325618839361,0.6813817525994214,0.9616892961320912,0.9093213081359863,0.17238950729370117
500,2.5,8,2,1,1,1,10,0.45306216862972787,0.6455834008791406,0.93205524173566,0.9778749942779541,0.16536831855773926
500,2.5,8,2,1,1,1,11,0.4521416292608396,0.7301862205893088,1.1823278498501484,0.6835196018218994,0.16452383995056152
500,2.5,8,2,1,1,1,12,0.4486814808373082,0.74978889048396,1.0716860101611854,0.6766972541809082,0.13622736930847168
500,2.5,8,2,1,1,1,13,0.4707401317827208,0.680274210874318,1.0540732493041371,0.7226500511169434,0.13206195831298828
500,2.5,8,2,1,1,1,14,0.48872191211514476,0.960819695460079,1.3255773233503192,0.7909302711486816,0.18259310722351074
500,2.5,8,2,1,1,1,15,0.48448179952992787,0.6234526927164638,1.026853470809602,0.865839958190918,0.13407444953918457
500,2.5,8,2,1,1,1,16,0.5197623788942836,0.7330805494790084,1.2528429283732918,0.6865658760070801,0.16135120391845703
500,2.5,8,2,1,1,1,17,0.4846438151936269,0.8658320065217507,1.3504758217153776,0.810347318649292,0.1732041835784912
500,2.5,8,2,1,1,1,18,0.4899144594511751,0.8353433624921524,1.1733367912580293,0.7375974655151367,0.17030858993530273
500,2.5,8,2,1,1,1,19,0.4305890232193795,1.0575760678888468,1.3221340572014488,0.8379647731781006,0.20767521858215332
500,2.5,8,2,1,1,1,20,0.5159170507571239,0.7228629907728082,1.0127660084791328,0.7137908935546875,0.15875935554504395
500,2.5,8,2,1,1,1,21,0.44684272396166935,0.8126329429671985,1.256316196521056,0.7234864234924316,0.1393418312072754
500,2.5,8,2,1,1,1,22,0.43417796058471597,0.7147703115610442,1.1080406022640537,0.6580021381378174,0.14436626434326172
500,2.5,8,2,1,1,1,23,0.444640572961974,0.5857804925964831,0.908807612973604,0.8656561374664307,0.18164753913879395
500,2.5,8,2,1,1,1,24,0.5688186481466131,0.8670669094796002,1.3151159091080011,0.8839936256408691,0.12540769577026367
500,3.0,8,2,1,1,1,0,0.646436205055586,0.7912219376152816,1.424941165081325,0.7422072887420654,0.17200779914855957
500,3.0,8,2,1,1,1,1,0.5475545202735209,0.799976592487498,1.1813020511536594,0.7023591995239258,0.18278717994689941
500,3.0,8,2,1,1,1,2,0.7098000847323831,1.00497164533158,1.5851420594559185,0.9282920360565186,0.1539592742919922
500,3.0,8,2,1,1,1,3,0.5395655398840684,1.1629065074883942,1.5327322920032622,0.7782676219940186,0.1297290325164795
500,3.0,8,2,1,1,1,4,0.546468545123299,0.71088927064883,1.124442354634361,0.6749475002288818,0.16563677787780762
500,3.0,8,2,1,1,1,5,0.7276614058551705,0.9941743470134717,1.3724248168674693,0.7106997966766357,0.17999815940856934
500,3.0,8,2,1,1,1,6,0.4982785888930361,0.7362006544643077,1.2132741259259838,0.7513995170593262,0.1314232349395752
500,3.0,8,2,1,1,1,7,0.5661620445430128,1.1403962013235607,1.538908111014171,0.8006069660186768,0.1208956241607666
500,3.0,8,2,1,1,1,8,0.5308629440590287,0.8988236422517958,1.3828442262225038,0.7273383140563965,0.1304454803466797
500,3.0,8,2,1,1,1,9,0.5384696734822682,1.0421643577377877,1.357280320139937,0.6847641468048096,0.1327824592590332
500,3.0,8,2,1,1,1,10,0.5547618194725605,0.7612281867180127,1.2818122681551074,0.777336597442627,0.1709270477294922
500,3.0,8,2,1,1,1,11,0.5400788419691519,0.8930199569473631,1.433098798916515,0.7540953159332275,0.1361095905303955
500,3.0,8,2,1,1,1,12,0.5205009974636389,0.8087075070675009,1.1911974267929915,0.7154364585876465,0.14579200744628906
500,3.0,8,2,1,1,1,13,0.5552404084579611,0.7191278587747387,1.1746133929790663,0.6865463256835938,0.15494775772094727
500,3.0,8,2,1,1,1,14,0.5808481800219565,0.847921265294773,1.3458254308914637,0.9159951210021973,0.18946552276611328
500,3.0,8,2,1,1,1,15,0.7065388566001313,1.014112400306555,1.4993556146031919,0.6540136337280273,0.13839364051818848
500,3.0,8,2,1,1,1,16,0.6505450336313993,0.9259881904883533,1.3787264534077068,0.7516443729400635,0.10701680183410645
500,3.0,8,2,1,1,1,17,0.5928902502097257,1.4642453920092278,2.0168481256264674,0.703850507736206,0.12168669700622559
500,3.0,8,2,1,1,1,18,0.6892857024397211,1.0098043683997486,1.4676081163645003,0.8605442047119141,0.17216134071350098
500,3.0,8,2,1,1,1,19,0.4791766760930152,0.8226870185354828,1.263301960159943,0.6673152446746826,0.1138763427734375
500,3.0,8,2,1,1,1,20,0.500761167717735,0.8627166682488443,1.3196284742114233,0.7394633293151855,0.15729737281799316
500,3.0,8,2,1,1,1,21,0.5376594368790987,1.0152083511264653,1.51320463935869,0.7082414627075195,0.17035531997680664
500,3.0,8,2,1,1,1,22,0.5347658648500837,0.858583068570945,1.2919108987187888,0.8210933208465576,0.170609712600708
500,3.0,8,2,1,1,1,23,0.5499463294102975,0.8741285859044633,1.2924289131608537,0.768078088760376,0.18350911140441895
500,3.0,8,2,1,1,1,24,0.5181927405559293,1.0892303359072393,1.5061158396384196,0.6940786838531494,0.11833548545837402
500,3.5,8,2,1,1,1,0,0.7154068899564325,1.1311298390320592,1.5556833772177194,0.7648236751556396,0.13898921012878418
500,3.5,8,2,1,1,1,1,0.679157187658359,0.9485567548198196,1.4336155295188568,0.7809462547302246,0.1949329376220703
500,3.5,8,2,1,1,1,2,0.5773070395680281,0.9710210368619447,1.542726197179094,0.8045141696929932,0.1428534984588623
500,3.5,8,2,1,1,1,3,0.6726530085589351,0.8720272207961949,1.2805591259303044,0.7210075855255127,0.1684577465057373
500,3.5,8,2,1,1,1,4,0.6191946285021873,1.2524529401695084,1.7804033576743539,0.8133385181427002,0.18113279342651367
500,3.5,8,2,1,1,1,5,0.6756266664754849,1.0763548595759826,1.5635805407523518,0.8980038166046143,0.19451403617858887
500,3.5,8,2,1,1,1,6,0.5900541059653845,0.905511457550049,1.442064307478374,0.784224271774292,0.14996838569641113
500,3.5,8,2,1,1,1,7,0.7048070206418764,0.887295561211504,1.3640767102684501,0.6581709384918213,0.13200044631958008
500,3.5,8,2,1,1,1,8,0.6481868508613648,1.0858930733884216,1.657022579319571,0.7457821369171143,0.1554088592529297
500,3.5,8,2,1,1,1,9,0.6000585038517956,1.0696428117811272,1.6295031481186215,0.801055908203125,0.19782495498657227
500,3.5,8,2,1,1,1,10,0.6820253280800727,1.0992052665774443,1.7326013094576016,0.7546615600585938,0.14943337440490723
500,3.5,8,2,1,1,1,11,0.6955333358031623,1.1474983689942422,1.725001497751979,0.7533104419708252,0.1412820816040039
500,3.5,8,2,1,1,1,12,0.5980966698301081,1.0413502052060972,1.4960534196200974,0.7168145179748535,0.1517624855041504
500,3.5,8,2,1,1,1,13,0.7331058714583023,1.0835577725296426,1.5521547730000107,0.6248254776000977,0.14928078651428223
500,3.5,8,2,1,1,1,14,0.6149435370427229,1.0895334115817543,1.6019633785474827,0.8819255828857422,0.16059136390686035
500,3.5,8,2,1,1,1,15,0.5870214608357409,1.2427425578961517,1.8052465602563907,0.6934473514556885,0.15289759635925293
500,3.5,8,2,1,1,1,16,0.6826463437059542,1.2627056401158305,1.7680400597370092,0.7503998279571533,0.12889933586120605
500,3.5,8,2,1,1,1,17,0.6479622361317888,0.8985474286865492,1.546509664818338,0.7779848575592041,0.1435716152191162
500,3.5,8,2,1,1,1,18,0.7153063995107126,1.3647311251004575,2.08003752461117,0.8936691284179688,0.1726827621459961
500,3.5,8,2,1,1,1,19,0.690041401821497,1.0637070349849531,1.4999302786762807,0.7773964405059814,0.14760708808898926
500,3.5,8,2,1,1,1,20,0.6742264482103794,0.9922229649013283,1.5176538870096583,0.8244059085845947,0.192291259765625
500,3.5,8,2,1,1,1,21,0.6726763945451887,0.928053512834465,1.5138092558581473,0.7387712001800537,0.14957642555236816
500,3.5,8,2,1,1,1,22,0.6168967891787361,0.9700580752094903,1.5081556214502894,0.8988876342773438,0.18464040756225586
500,3.5,8,2,1,1,1,23,0.7918021973192358,1.0632287705698755,1.8550309678891113,0.7131128311157227,0.13125276565551758
500,3.5,8,2,1,1,1,24,0.6105399024618091,1.0123466843475166,1.4321714451319525,0.6559000015258789,0.18043255805969238
500,4.0,8,2,1,1,1,0,0.7762501865030368,1.188725522134435,1.8226156497117292,0.7476634979248047,0.1288745403289795
500,4.0,8,2,1,1,1,1,0.7821937740348838,1.1957799499838957,1.7474807175091005,0.8312065601348877,0.18039917945861816
500,4.0,8,2,1,1,1,2,0.8489048903320177,1.4416714121813663,1.9755838306771174,0.7676477432250977,0.12886500358581543
500,4.0,8,2,1,1,1,3,0.7614113036698872,1.388863666074709,2.115970673089376,0.7547652721405029,0.14944219589233398
500,4.0,8,2,1,1,1,4,0.7839502882222987,1.2285270011560343,1.8419205879223146,0.6829891204833984,0.14305686950683594
500,4.0,8,2,1,1,1,5,0.7042399027515726,1.2892071981911772,1.9410141110791084,0.7624740600585938,0.15666627883911133
500,4.0,8,2,1,1,1,6,0.7850401152927636,1.0998678047395953,1.818170753841879,0.8442025184631348,0.18523573875427246
500,4.0,8,2,1,1,1,7,0.7752747779433924,1.2881992585300688,1.8531073271151763,0.6852691173553467,0.18047118186950684
500,4.0,8,2,1,1,1,8,0.6727045619257481,1.176934433899733,1.7119633706232218,0.7349708080291748,0.1280517578125
500,4.0,8,2,1,1,1,9,0.806081877968783,1.570683880196849,2.2008008043730976,0.7654213905334473,0.16707420349121094
500,4.0,8,2,1,1,1,10,0.7437608346679069,1.2636214287276109,1.9161472289212056,0.9477169513702393,0.19983363151550293
500,4.0,8,2,1,1,1,11,0.8164258716866388,1.163293811098734,1.7465453788294552,0.7078902721405029,0.15884709358215332
500,4.0,8,2,1,1,1,12,0.7011362325040069,1.4103198094169382,1.9283232774198982,0.6580798625946045,0.16417145729064941
500,4.0,8,2,1,1,1,13,0.8438972794128987,1.9035008888192746,2.541435517298804,0.670480489730835,0.17260169982910156
500,4.0,8,2,1,1,1,14,0.7752659634369898,1.2187188130291924,1.9939847764661822,0.8279552459716797,0.14030098915100098
500,4.0,8,2,1,1,1,15,0.8658432042609219,1.045340780142359,1.7808713071323907,0.6949958801269531,0.18375253677368164
500,4.0,8,2,1,1,1,16,0.8348855647404829,0.983040727508054,1.5746261616101211,0.7353818416595459,0.14064574241638184
500,4.0,8,2,1,1,1,17,0.7488170647193124,0.9836098715561806,1.5502536336756387,0.7682738304138184,0.17699718475341797
500,4.0,8,2,1,1,1,18,0.8548331928382986,1.3769935796940378,1.8502716053640027,0.872154712677002,0.1782388687133789
500,4.0,8,2,1,1,1,19,0.7035781508100742,1.6605115824111547,2.364089733221229,0.7520055770874023,0.12893080711364746
500,4.0,8,2,1,1,1,20,0.71250794318657,1.3722359705974587,1.9355923697356259,0.6741116046905518,0.16691231727600098
500,4.0,8,2,1,1,1,21,0.7663476227892368,1.17776643560777,1.774437168929576,0.7440259456634521,0.14070725440979004
500,4.0,8,2,1,1,1,22,0.7487275285129298,1.208552875265002,1.9438497618126158,0.9077122211456299,0.19408082962036133
500,4.0,8,2,1,1,1,23,0.8061341874746182,1.1342222631339622,1.7870288596600952,0.7042450904846191,0.1263437271118164
500,4.0,8,2,1,1,1,24,0.8604176322315322,1.3706590951797468,2.117581043738852,0.714958667755127,0.1660327911376953
500,4.5,8,2,1,1,1,0,0.7921704385919406,1.3268369565726394,2.016323985328144,0.7075731754302979,0.1468977928161621
500,4.5,8,2,1,1,1,1,0.9233438751493134,1.3740798814179722,2.1095844143185176,0.8071684837341309,0.14174556732177734
500,4.5,8,2,1,1,1,2,0.9283438165076177,1.4952882786664137,2.2465233173700625,0.7900362014770508,0.12914037704467773
500,4.5,8,2,1,1,1,3,0.865835976452341,1.4456251358561505,2.0884099517589543,0.7427890300750732,0.15108966827392578
500,4.5,8,2,1,1,1,4,0.910434916257407,1.3458949064360524,2.0416933626978544,0.7173452377319336,0.1474015712738037
500,4.5,8,2,1,1,1,5,0.9243685927851157,2.1676669305464253,2.9636594387890414,0.8885810375213623,0.17800259590148926
500,4.5,8,2,1,1,1,6,0.855273017970799,1.4662149477246056,2.1717607640139227,0.7327861785888672,0.15013957023620605
500,4.5,8,2,1,1,1,7,0.8370730174497936,1.2787577199490685,1.9301091424605918,0.7176222801208496,0.1780562400817871
500,4.5,8,2,1,1,1,8,0.905970065013886,1.2786052230842524,1.921791257022751,0.7338197231292725,0.13607239723205566
500,4.5,8,2,1,1,1,9,0.8370930558688183,1.6167786985990764,2.4151683785044487,0.7155752182006836,0.18194913864135742
500,4.5,8,2,1,1,1,10,0.8546953037172061,1.4686889440298212,2.139299067606527,0.9005138874053955,0.15441060066223145
500,4.5,8,2,1,1,1,11,0.9151600614949935,1.4939653459804916,2.1271386952559954,0.7785146236419678,0.16252446174621582
500,4.5,8,2,1,1,1,12,0.8482562830036341,1.7406474746911333,2.496176502272475,0.7674820423126221,0.14591574668884277
500,4.5,8,2,1,1,1,13,0.9513047148766243,1.9161143586804208,2.8423112732968177,0.729910135269165,0.18039870262145996
500,4.5,8,2,1,1,1,14,0.8514660201387025,1.222812825285123,2.0324757374868287,0.8020436763763428,0.127516508102417
500,4.5,8,2,1,1,1,15,0.9641899313598572,1.7181836624420885,2.6759721492089605,0.7497208118438721,0.1406264305114746
500,4.5,8,2,1,1,1,16,0.8782350256374749,1.6531723966134013,2.5314074222508762,0.7475686073303223,0.1822822093963623
500,4.5,8,2,1,1,1,17,1.0496918346065676,1.3013988645037275,2.351090699110295,0.93788743019104,0.17600512504577637
500,4.5,8,2,1,1,1,18,0.950217251593844,1.1567694726839506,1.8613535631208564,0.8472723960876465,0.16553568840026855
500,4.5,8,2,1,1,1,19,1.0686428548505031,1.221987476234582,2.290630331085085,0.6722116470336914,0.13278913497924805
500,4.5,8,2,1,1,1,20,1.0104814587798165,1.2949714160345815,1.7746589207818138,0.7208008766174316,0.1438918113708496
500,4.5,8,2,1,1,1,21,0.8949793413744203,1.5070466696946248,2.2764827270718597,0.649806022644043,0.13900279998779297
500,4.5,8,2,1,1,1,22,0.8631489893834169,1.2272005491238418,1.7840716362219218,0.895097017288208,0.17370390892028809
500,4.5,8,2,1,1,1,23,0.9304337895823849,1.3355119478424788,1.9424613441601994,0.6363928318023682,0.16799426078796387
500,4.5,8,2,1,1,1,24,0.8167300671621193,1.2757289292524772,1.9712656177578816,0.7893633842468262,0.13761663436889648
500,5.0,8,2,1,1,1,0,0.921999626069483,1.513622776727026,2.3917366548055203,0.6614773273468018,0.16100454330444336
500,5.0,8,2,1,1,1,1,0.9848392517761987,1.384790042026093,2.241746816342419,0.8596856594085693,0.18796706199645996
500,5.0,8,2,1,1,1,2,0.9861848994594916,1.8951725780381772,2.7913746867144544,0.7181551456451416,0.13042569160461426
500,5.0,8,2,1,1,1,3,0.9478899452684307,1.5830612435460591,2.4755456179527466,0.8712172508239746,0.18521952629089355
500,5.0,8,2,1,1,1,4,0.9380773838889639,1.704717788327811,2.509502825790241,0.659989595413208,0.1542799472808838
500,5.0,8,2,1,1,1,5,1.7448665321997443,4.265776710271336,6.01064324247108,0.9159531593322754,0.18405580520629883
500,5.0,8,2,1,1,1,6,1.1732809243023379,1.7500093454317354,2.923290269734073,0.757542610168457,0.1074221134185791
500,5.0,8,2,1,1,1,7,1.3344872861777906,1.322216681934586,2.140726939115076,0.9304919242858887,0.12944912910461426
500,5.0,8,2,1,1,1,8,1.0247343854601343,1.324897266709902,1.9454098644199393,0.7446615695953369,0.14741802215576172
500,5.0,8,2,1,1,1,9,0.9723480419035379,1.4577548976113255,2.067019094934204,0.8530876636505127,0.17330002784729004
500,5.0,8,2,1,1,1,10,0.9713404081156848,1.6238061141074507,2.2615341686161616,0.7411291599273682,0.13359904289245605
500,5.0,8,2,1,1,1,11,1.075760387806132,1.3529068144889935,2.174163025704016,0.747962474822998,0.15303993225097656
500,5.0,8,2,1,1,1,12,2.605171434874666,1.3856854310937865,3.81763510140998,0.7041420936584473,0.14654946327209473
500,5.0,8,2,1,1,1,13,1.034008654534949,2.3830058261726395,3.282150188379898,0.8906128406524658,0.16558313369750977
500,5.0,8,2,1,1,1,14,0.9327551675455688,1.5950592447331562,2.4237385078796523,0.6941235065460205,0.11427736282348633
500,5.0,8,2,1,1,1,15,0.9779248937528311,1.9392603173893557,2.8494240943002884,0.7020320892333984,0.14329886436462402
500,5.0,8,2,1,1,1,16,1.0519864749906502,1.1832071553694135,2.024405546587434,0.6707801818847656,0.15012598037719727
500,5.0,8,2,1,1,1,17,0.9092113350327063,1.9215937772191798,2.6047451997417155,0.7323267459869385,0.1354358196258545
500,5.0,8,2,1,1,1,18,0.9178920619145835,1.7740909701616716,2.429920942820238,0.9216489791870117,0.16022562980651855
500,5.0,8,2,1,1,1,19,1.2375431495846403,1.814477303966543,3.052020453551183,0.7127819061279297,0.11724495887756348
500,5.0,8,2,1,1,1,20,1.018030664993594,1.6941090181197977,2.4075081355841856,0.6954572200775146,0.17064237594604492
500,5.0,8,2,1,1,1,21,0.9737491522186211,1.3867978183459737,2.150238348457651,0.7360801696777344,0.1291189193725586
500,5.0,8,2,1,1,1,22,0.9675385648508924,2.0960409090357284,2.867610885127994,0.9391064643859863,0.1589653491973877
500,5.0,8,2,1,1,1,23,0.9691910099497985,1.5034822783011121,2.124003259886373,0.9239456653594971,0.17576003074645996
500,5.0,8,2,1,1,1,24,1.045174168383677,1.663981128608459,2.621248389894399,0.7195799350738525,0.1465139389038086
500,5.5,8,2,1,1,1,0,2.816191734640812,2.760016200208725,5.37801113954043,0.751507043838501,0.17510461807250977
500,5.5,8,2,1,1,1,1,2.4937755610103722,1.8315413374008387,3.370238429226104,0.9486260414123535,0.18497395515441895
500,5.5,8,2,1,1,1,2,1.0112760898254258,2.355084518600852,3.218987605435646,0.7345399856567383,0.15573453903198242
500,5.5,8,2,1,1,1,3,2.3437532885701224,2.2686443429473173,4.61239763151744,0.7148697376251221,0.18105077743530273
500,5.5,8,2,1,1,1,4,2.7763054718941858,2.4901286348697202,4.298075448606684,0.7899892330169678,0.1439828872680664
500,5.5,8,2,1,1,1,5,2.1992770636131964,2.831041471269864,4.247899177294925,0.9285764694213867,0.1867067813873291
500,5.5,8,2,1,1,1,6,2.74970324683922,2.36602482330399,5.11572807014321,0.690924882888794,0.1679685115814209
500,5.5,8,2,1,1,1,7,2.48315428626011,1.8823464091075994,3.634385448957702,0.7663567066192627,0.12691354751586914
500,5.5,8,2,1,1,1,8,2.7393218543843245,1.683333060222907,3.3719290759682545,0.7412533760070801,0.15067577362060547
500,5.5,8,2,1,1,1,9,1.9874092951628568,1.7810649850143512,2.6235778806697567,0.818976879119873,0.18160223960876465
500,5.5,8,2,1,1,1,10,1.526664265776721,1.589979684349056,3.116643950125777,0.7445974349975586,0.11920928955078125
500,5.5,8,2,1,1,1,11,2.103759898394782,2.6629000934304425,3.659298472739199,0.7042748928070068,0.1304149627685547
500,5.5,8,2,1,1,1,12,0.982523715567139,1.8884365031802717,2.7664579905216793,0.7282588481903076,0.13695549964904785
500,5.5,8,2,1,1,1,13,1.21577193228869,2.2090113989423674,3.051912499755647,0.8058323860168457,0.1894235610961914
500,5.5,8,2,1,1,1,14,1.2730972632125237,2.4977006024503217,3.743921468446617,1.0741839408874512,0.2078700065612793
500,5.5,8,2,1,1,1,15,0.9824390999076498,2.265404357330578,3.108384561695182,0.6722872257232666,0.11996579170227051
500,5.5,8,2,1,1,1,16,2.682918096153504,1.687270892276962,4.0876273484004475,0.7390847206115723,0.1279919147491455
500,5.5,8,2,1,1,1,17,2.7720992602467898,2.784073079322638,4.597944100751356,0.680006742477417,0.18409085273742676
500,5.5,8,2,1,1,1,18,1.9986307191236146,2.026092878788246,2.9562969754628483,0.8804140090942383,0.17947864532470703
500,5.5,8,2,1,1,1,19,1.3839944326861753,1.9381549987382765,2.7261817287017576,0.7589693069458008,0.1460552215576172
500,5.5,8,2,1,1,1,20,1.8527363092684954,2.3918113950920628,4.244547704360558,0.7607378959655762,0.12952280044555664
500,5.5,8,2,1,1,1,21,1.1294776013054162,1.9250120304653515,2.891380865640561,0.7887792587280273,0.1389787197113037
500,5.5,8,2,1,1,1,22,1.1231542176782185,1.748759273167652,2.545712074930666,0.8863682746887207,0.1822800636291504
500,5.5,8,2,1,1,1,23,2.8049320653994783,4.395182501225774,7.200114566625253,0.6930270195007324,0.14336562156677246
500,5.5,8,2,1,1,1,24,2.815503164835169,2.903740404981791,4.263974242556398,0.7442412376403809,0.16054177284240723
500,6.0,8,2,1,1,1,0,2.7999381317188723,3.1305417329711394,5.849577577200101,0.6742446422576904,0.13608717918395996
500,6.0,8,2,1,1,1,1,2.6453672050817465,1.886568330874901,4.150291995374319,0.9386816024780273,0.16861176490783691
500,6.0,8,2,1,1,1,2,2.7478029696976187,2.916742384592557,4.872948825028139,0.684847354888916,0.15816712379455566
500,6.0,8,2,1,1,1,3,2.593138688308405,3.874137321732525,5.412247733897848,0.7431468963623047,0.13071727752685547
500,6.0,8,2,1,1,1,4,2.7851203176522175,4.672299129885009,6.87641109710833,0.9264578819274902,0.1631941795349121
500,6.0,8,2,1,1,1,5,2.568411169488888,2.1210658263386866,3.558859175364007,0.8825862407684326,0.18872547149658203
500,6.0,8,2,1,1,1,6,2.800105058577788,2.9590315533719656,5.516093162882029,0.7291073799133301,0.15588736534118652
500,6.0,8,2,1,1,1,7,2.772155791183916,2.4051048414518275,5.177260632635743,0.7032489776611328,0.12875962257385254
500,6.0,8,2,1,1,1,8,2.6562358735436247,3.9353048563105864,6.578264811330964,0.7201581001281738,0.166825532913208
500,6.0,8,2,1,1,1,9,2.7514320077576104,4.047045033689793,6.498707378452647,0.8380317687988281,0.17224621772766113
500,6.0,8,2,1,1,1,10,2.305443388300342,5.192542214334752,7.497985602635094,0.8299202919006348,0.17213153839111328
500,6.0,8,2,1,1,1,11,2.8049926137026575,4.421266929626751,6.505063338974722,0.8375482559204102,0.168304443359375
500,6.0,8,2,1,1,1,12,2.6451593916808305,3.856626872001505,5.591499003181262,0.6950068473815918,0.14823532104492188
500,6.0,8,2,1,1,1,13,2.3742327195639232,3.651502940702217,5.788871702124221,0.809826135635376,0.1756298542022705
500,6.0,8,2,1,1,1,14,2.516782831808734,2.205309156621855,4.722091988430589,0.7862110137939453,0.1322789192199707
500,6.0,8,2,1,1,1,15,2.4018076098394494,2.5249348816693136,4.432147566250453,0.7299301624298096,0.18144536018371582
500,6.0,8,2,1,1,1,16,2.8219896486858924,2.096821091430875,4.9188107401167676,0.7373061180114746,0.12636804580688477
500,6.0,8,2,1,1,1,17,2.7161881257758687,2.5890179292454647,4.897797856190556,0.7422571182250977,0.13514280319213867
500,6.0,8,2,1,1,1,18,1.1809991083158033,4.302813562910153,5.370527927930076,0.8563072681427002,0.15076041221618652
500,6.0,8,2,1,1,1,19,2.8067352496403113,2.6784572790636725,5.485192528703983,0.7763235569000244,0.18524861335754395
500,6.0,8,2,1,1,1,20,1.192655496429074,1.743722978574653,2.6632792174416533,0.8902549743652344,0.1930408477783203
500,6.0,8,2,1,1,1,21,2.793351379286366,3.8580928013659412,5.7743686487506825,0.764063835144043,0.12671494483947754
500,6.0,8,2,1,1,1,22,2.827503907390087,3.162857528651372,5.464481976933316,0.8697760105133057,0.1646442413330078
500,6.0,8,2,1,1,1,23,2.6056725269070653,3.2933750336374623,5.899047560544528,0.7631125450134277,0.15491843223571777
500,6.0,8,2,1,1,1,24,1.3510828058748827,1.7357488387633881,2.787173250835398,0.8209984302520752,0.14685750007629395
500,6.5,8,2,1,1,1,0,2.827371727862517,3.2197576625239877,6.047129390386504,0.754319429397583,0.11023879051208496
500,6.5,8,2,1,1,1,1,2.8269867938413316,4.300184368552231,7.11685391721004,0.8508927822113037,0.184539794921875
500,6.5,8,2,1,1,1,2,2.8111418078349653,2.856082223319034,5.370069583181365,0.6814432144165039,0.13301992416381836
500,6.5,8,2,1,1,1,3,2.7689495420868644,6.63434651392794,9.171299788369184,0.7348580360412598,0.1401817798614502
500,6.5,8,2,1,1,1,4,2.5800401663004044,3.991555633390679,5.707458787572098,0.7331323623657227,0.14955759048461914
500,6.5,8,2,1,1,1,5,2.8214863294050128,3.387828062497327,5.470411943125869,0.9153039455413818,0.19364333152770996
500,6.5,8,2,1,1,1,6,2.8250223934840974,2.5134706843633055,4.215711547615085,0.7342243194580078,0.1377866268157959
500,6.5,8,2,1,1,1,7,2.7972583592591396,6.196445896925216,8.084038224585765,0.6777935028076172,0.16874170303344727
500,6.5,8,2,1,1,1,8,2.827591630061988,2.633918160973076,5.113882657094053,0.691169261932373,0.1374187469482422
500,6.5,8,2,1,1,1,9,2.8282451713121524,4.884012144790414,6.344234925986308,0.673926830291748,0.1987931728363037
500,6.5,8,2,1,1,1,10,2.7915017013556036,3.0672614248444985,5.4228469395780134,0.9527778625488281,0.19214081764221191
500,6.5,8,2,1,1,1,11,2.8057539709976114,2.3587338189553275,4.744593531622341,0.7321076393127441,0.15784549713134766
500,6.5,8,2,1,1,1,12,2.8278449311467955,5.210232899277227,7.885157673455579,0.6595320701599121,0.16445016860961914
500,6.5,8,2,1,1,1,13,2.8284241682434774,12.661092022245084,15.489425484164176,0.8265960216522217,0.17427754402160645
500,6.5,8,2,1,1,1,14,2.5766017252863596,2.175068839597165,3.704534589107713,0.7077341079711914,0.1855471134185791
500,6.5,8,2,1,1,1,15,2.4581715528601573,3.6158588441688573,6.074030397029015,0.7362685203552246,0.16423368453979492
500,6.5,8,2,1,1,1,16,2.8101899513769957,3.393853084717468,5.228151557929181,0.7025883197784424,0.12769842147827148
500,6.5,8,2,1,1,1,17,2.8076305398697423,5.194894263128442,7.9867645126351015,0.700237512588501,0.14586806297302246
500,6.5,8,2,1,1,1,18,2.746075934004378,4.001817356134505,5.4323064631188975,0.9017374515533447,0.16644811630249023
500,6.5,8,2,1,1,1,19,2.8080755894174945,4.426593525749855,7.23466911516735,0.7505290508270264,0.16745615005493164
500,6.5,8,2,1,1,1,20,2.7647934739610607,2.972263568065065,4.729459380776754,0.7569153308868408,0.146040678024292
500,6.5,8,2,1,1,1,21,2.8022210654772874,3.059802971374108,4.6523052125556275,0.6775271892547607,0.1372053623199463
500,6.5,8,2,1,1,1,22,2.7841654851094986,4.700766912893281,6.91137625252401,0.8767220973968506,0.17797517776489258
500,6.5,8,2,1,1,1,23,2.82157905762267,2.978254337359588,5.799833394982258,0.7297885417938232,0.12741613388061523
500,6.5,8,2,1,1,1,24,2.823688197712266,3.6058493017205073,6.414540791737467,0.6985976696014404,0.15665435791015625
500,7.0,8,2,1,1,1,0,2.8200363071053096,5.138331659916917,7.949851293805744,0.7113807201385498,0.1602644920349121
500,7.0,8,2,1,1,1,1,2.827981202305494,3.694146669141446,6.275304039199007,0.9306097030639648,0.20524191856384277
500,7.0,8,2,1,1,1,2,2.8163335165972945,4.202235436738798,6.90308533038673,0.7929439544677734,0.16002917289733887
500,7.0,8,2,1,1,1,3,2.8005496207892104,5.560807522012365,7.448725903163098,0.7932405471801758,0.14190459251403809
500,7.0,8,2,1,1,1,4,2.815600496204436,6.05931875964381,8.749709087108423,0.7073495388031006,0.14470481872558594
500,7.0,8,2,1,1,1,5,2.8279781256321446,4.103799642626311,6.334010026032825,0.9222009181976318,0.1700444221496582
500,7.0,8,2,1,1,1,6,2.8282108951760634,3.824138354419372,5.929021670894248,0.6802401542663574,0.1322948932647705
500,7.0,8,2,1,1,1,7,2.8284132559237936,5.041042812477609,6.133825663461849,0.7386157512664795,0.12444233894348145
500,7.0,8,2,1,1,1,8,2.771948745046479,3.514602764052894,5.801657067526859,0.6912353038787842,0.12000083923339844
500,7.0,8,2,1,1,1,9,2.825719928052035,4.99810868701808,6.71062894160652,0.7082085609436035,0.16029644012451172
500,7.0,8,2,1,1,1,10,2.8183743540113144,4.46368399743783,6.3789463475228505,0.8580260276794434,0.16529440879821777
500,7.0,8,2,1,1,1,11,2.8230768416258694,3.405201169510589,4.753838577776506,0.7675931453704834,0.1325211524963379
500,7.0,8,2,1,1,1,12,2.8281252082284727,6.131450741739894,8.910455773310714,0.697566032409668,0.17663860321044922
500,7.0,8,2,1,1,1,13,2.8282028772886223,3.455424875622246,5.92402320869855,0.7251701354980469,0.18129205703735352
500,7.0,8,2,1,1,1,14,2.82406019992786,4.750308634761648,7.400777309889525,0.8994381427764893,0.16031932830810547
500,7.0,8,2,1,1,1,15,2.824847519053764,3.677624675034823,5.4419914111772965,0.764657735824585,0.14270496368408203
500,7.0,8,2,1,1,1,16,2.8258639492039586,5.092267325202443,7.463094589384809,0.7673022747039795,0.16620516777038574
500,7.0,8,2,1,1,1,17,2.8284252582731586,5.12362097913579,6.638025914204556,0.9289743900299072,0.19083642959594727
500,7.0,8,2,1,1,1,18,2.8251194144377916,4.510124411764651,7.335243826202443,0.8144505023956299,0.15685677528381348
500,7.0,8,2,1,1,1,19,2.7430803589430375,3.5654584599875414,5.167429813075614,0.7115979194641113,0.1567826271057129
500,7.0,8,2,1,1,1,20,2.828366699264918,5.762739798534929,8.567225915987487,0.6897776126861572,0.12746286392211914
500,7.0,8,2,1,1,1,21,2.7605159381238717,3.1156674444051826,5.876183382529055,0.7174460887908936,0.13388776779174805
500,7.0,8,2,1,1,1,22,2.8282150456572612,5.146389680718924,7.693109251575237,0.9378707408905029,0.16318678855895996
500,7.0,8,2,1,1,1,23,2.806757353058655,6.001732995792727,8.790784758377058,0.7759013175964355,0.1212007999420166
500,7.0,8,2,1,1,1,24,2.8284270273022574,11.191614302717616,13.588180667655118,0.725100040435791,0.1556386947631836
500,7.5,8,2,1,1,1,0,2.8284099171996115,13.166657375648144,15.894720422796826,0.7129969596862793,0.14317607879638672
500,7.5,8,2,1,1,1,1,2.8237160048695,5.50460152005456,7.4168467586894335,0.8811488151550293,0.18480539321899414
500,7.5,8,2,1,1,1,2,2.8211016858288147,3.7267472762090588,5.661671210982419,0.7740573883056641,0.1414203643798828
500,7.5,8,2,1,1,1,3,2.8269604306809577,5.362031819996161,7.240282741705106,0.8155984878540039,0.18967032432556152
500,7.5,8,2,1,1,1,4,2.8275348586026663,5.224697062599924,8.05223192120259,0.7658910751342773,0.1620619297027588
500,7.5,8,2,1,1,1,5,2.828223316690205,4.1631731365155895,6.864355586013663,0.8464155197143555,0.19142532348632812
500,7.5,8,2,1,1,1,6,2.826638318762652,5.607169441787678,7.055484010381999,0.7339081764221191,0.14053916931152344
500,7.5,8,2,1,1,1,7,2.8282120894876126,5.715100425639227,8.513832526586798,0.9028744697570801,0.17600369453430176
500,7.5,8,2,1,1,1,8,2.828423305197566,12.683109334211235,14.608400576368815,0.747821569442749,0.11856198310852051
500,7.5,8,2,1,1,1,9,2.828411013873717,4.378364014297426,7.0775405039757375,0.8851525783538818,0.18008637428283691
500,7.5,8,2,1,1,1,10,2.8283579246682513,4.7877906957346905,6.858490691360082,0.7393155097961426,0.12224555015563965
500,7.5,8,2,1,1,1,11,2.8016614486427516,3.4791800756698996,6.152647803788614,0.6809835433959961,0.15285372734069824
500,7.5,8,2,1,1,1,12,2.8283494075910656,6.030095051021526,8.694867188730727,0.7806570529937744,0.14125275611877441
500,7.5,8,2,1,1,1,13,2.8279824290331703,5.426473360644998,7.725287703940825,0.69820237159729,0.18348479270935059
500,7.5,8,2,1,1,1,14,2.8284060542086547,5.991990391280209,7.727780353351344,0.9284045696258545,0.18204784393310547
500,7.5,8,2,1,1,1,15,2.8277603268646683,5.0319267831032795,7.587791906110272,0.6902890205383301,0.13885760307312012
500,7.5,8,2,1,1,1,16,2.785456252153603,3.706003793092464,6.477443711374178,0.7815816402435303,0.14261889457702637
500,7.5,8,2,1,1,1,17,2.826458657894545,3.943954930987126,6.757839299640576,0.704660177230835,0.14963388442993164
500,7.5,8,2,1,1,1,18,2.8040518941834547,3.7660958789942143,5.985631984484387,0.8089358806610107,0.16321325302124023
500,7.5,8,2,1,1,1,19,2.828216874689003,4.875073062332445,6.589941989937369,0.7672903537750244,0.13153958320617676
500,7.5,8,2,1,1,1,20,2.8228404642537077,4.306886089515214,6.800376736855201,0.6995565891265869,0.14700722694396973
500,7.5,8,2,1,1,1,21,2.8284198220185317,3.545942713661436,5.994703084277633,0.7495434284210205,0.14831089973449707
500,7.5,8,2,1,1,1,22,2.8241559811764825,4.95530559813988,7.332329396829373,0.9841675758361816,0.17191004753112793
500,7.5,8,2,1,1,1,23,2.8261063147851657,3.3728901634550597,5.990213935327866,0.9029502868652344,0.17870759963989258
500,7.5,8,2,1,1,1,24,2.826626982921058,5.786111200280963,8.612738183202021,0.7561953067779541,0.1506028175354004
500,8.0,8,2,1,1,1,0,2.8283961122807435,4.799727679235875,7.23964641665922,0.7828850746154785,0.12807178497314453
500,8.0,8,2,1,1,1,1,2.825542998161429,8.408106407186557,9.505739618639025,0.8899385929107666,0.15849661827087402
500,8.0,8,2,1,1,1,2,2.822637320528132,5.692356096896576,8.305805435966326,0.6196730136871338,0.15413570404052734
500,8.0,8,2,1,1,1,3,2.828427086621807,11.380920673404686,14.13406258016017,0.7330856323242188,0.12355566024780273
500,8.0,8,2,1,1,1,4,2.828325841973168,5.675760855170523,7.144377902770695,0.7780125141143799,0.13352108001708984
500,8.0,8,2,1,1,1,5,2.827847030468068,5.514236853857832,7.900299141176133,0.8790340423583984,0.17534494400024414
500,8.0,8,2,1,1,1,6,2.8274091553705643,5.678298865255909,7.609918572035251,0.6934285163879395,0.12951421737670898
500,8.0,8,2,1,1,1,7,2.8281977770077895,6.2800284733528775,7.307048960577243,0.6776609420776367,0.14995551109313965
500,8.0,8,2,1,1,1,8,2.8280589584411877,5.93586884882973,8.137932387177882,0.737135648727417,0.1414482593536377
500,8.0,8,2,1,1,1,9,2.828332113776909,6.506557526562214,9.294433283014941,0.860722541809082,0.18430733680725098
500,8.0,8,2,1,1,1,10,2.8283815200610927,5.371938860254726,8.172464002910186,0.702533483505249,0.12109947204589844
500,8.0,8,2,1,1,1,11,2.8271229683156913,4.915339835289426,7.680607852139156,0.728130578994751,0.15831732749938965
500,8.0,8,2,1,1,1,12,2.826371462845357,5.30688588198651,7.8566813483373235,0.662783145904541,0.16417527198791504
500,8.0,8,2,1,1,1,13,2.827982513595364,5.977987612439437,8.503486845112926,0.7826905250549316,0.185211181640625
500,8.0,8,2,1,1,1,14,2.826668867067244,5.658407256052154,7.760775816349049,0.8820750713348389,0.18474769592285156
500,8.0,8,2,1,1,1,15,2.828216948068896,5.311783171569338,7.572601521491746,0.7489898204803467,0.1439671516418457
500,8.0,8,2,1,1,1,16,2.8283224749345393,7.262817893758641,9.276315947829225,0.6287367343902588,0.15732455253601074
500,8.0,8,2,1,1,1,17,2.8284246460041222,6.1794739546353705,8.789663873963168,0.7576112747192383,0.16274189949035645
500,8.0,8,2,1,1,1,18,2.825170631490849,5.162607156405591,7.889113613243623,0.8411035537719727,0.19012856483459473
500,8.0,8,2,1,1,1,19,2.8283744723929116,4.365134156133979,6.647928746629814,0.7603771686553955,0.14766407012939453
500,8.0,8,2,1,1,1,20,2.827286223211024,5.658580268057304,8.372135977340804,0.7332441806793213,0.16843056678771973
500,8.0,8,2,1,1,1,21,2.824975394984299,4.083691817492778,6.637112700079882,0.7611472606658936,0.13953566551208496
500,8.0,8,2,1,1,1,22,2.8284265688010746,11.314994439599298,14.142368063003579,0.911491870880127,0.15235161781311035
500,8.0,8,2,1,1,1,23,2.8282591765292238,7.872203230385441,10.45244172636473,0.7835829257965088,0.12564325332641602
500,8.0,8,2,1,1,1,24,2.828424459464439,6.681577354483059,8.141111603148884,0.688910961151123,0.1703493595123291
500,8.5,8,2,1,1,1,0,2.8281907814915512,4.974309674249973,6.970365325328662,0.7148241996765137,0.13355660438537598
500,8.5,8,2,1,1,1,1,2.828333405266959,5.052779030399221,7.88111243566618,0.7181007862091064,0.19352936744689941
500,8.5,8,2,1,1,1,2,2.825519830489411,5.739234498678764,8.407656885194898,0.8609921932220459,0.14491510391235352
500,8.5,8,2,1,1,1,3,2.828152040417371,6.800027991608583,9.608330911082804,0.6765561103820801,0.1064608097076416
500,8.5,8,2,1,1,1,4,2.827165796468934,5.969460120868561,8.33029927287604,0.7327241897583008,0.1938917636871338
500,8.5,8,2,1,1,1,5,2.8271170260885032,5.853216880292929,8.662190777513402,0.8903768062591553,0.19477391242980957
500,8.5,8,2,1,1,1,6,2.82842528700224,8.93961645897501,11.283868370675547,0.866581916809082,0.14236879348754883
500,8.5,8,2,1,1,1,7,2.828421561495149,5.960069056979457,8.727090717632617,0.7649002075195312,0.11452484130859375
500,8.5,8,2,1,1,1,8,2.8283705928766887,5.849786311413788,8.572029361315945,0.7162861824035645,0.12717294692993164
500,8.5,8,2,1,1,1,9,2.8283233409342823,6.421131985256589,9.008254866917124,0.7293736934661865,0.14750170707702637
500,8.5,8,2,1,1,1,10,2.8283988974026473,5.511658161059522,8.19525750278257,0.8988182544708252,0.18372368812561035
500,8.5,8,2,1,1,1,11,2.828422745451864,6.982739270740879,9.48949930327313,0.6536569595336914,0.10906171798706055
500,8.5,8,2,1,1,1,12,2.8267458528367753,4.658746804982364,7.322045499386747,0.7604684829711914,0.1350111961364746
500,8.5,8,2,1,1,1,13,2.828368050342096,6.452289910739158,8.407678214907513,0.6845273971557617,0.14134621620178223
500,8.5,8,2,1,1,1,14,2.8284266890512324,6.02916023507131,8.852965125749174,0.8976914882659912,0.16078567504882812
500,8.5,8,2,1,1,1,15,2.828262756538623,5.097115806640558,7.853973619494418,0.7209851741790771,0.1504380702972412
500,8.5,8,2,1,1,1,16,2.82757590981947,6.084077768958878,8.60832407479392,0.7924165725708008,0.13564658164978027
500,8.5,8,2,1,1,1,17,2.826173499319474,6.185716428534848,8.353229900652298,0.6737372875213623,0.13266682624816895
500,8.5,8,2,1,1,1,18,2.8284171371956486,5.17423504095811,7.218238428119683,0.8443212509155273,0.17151594161987305
500,8.5,8,2,1,1,1,19,2.8284174688247106,6.1384222374180535,8.179198523738659,0.8169794082641602,0.18679332733154297
500,8.5,8,2,1,1,1,20,2.8260422074011617,5.197794483334191,7.535992223301733,0.9606859683990479,0.19861793518066406
500,8.5,8,2,1,1,1,21,2.828424695408009,6.7585978111158145,9.515454564713927,0.758197546005249,0.1599125862121582
500,8.5,8,2,1,1,1,22,2.8284088312963402,6.077226367462083,8.88251840920222,0.9075968265533447,0.17323732376098633
500,8.5,8,2,1,1,1,23,2.8282399638172655,6.219528995204418,8.787171280346682,0.7118253707885742,0.1597909927368164
500,8.5,8,2,1,1,1,24,2.8273076094974723,4.00835070561924,6.452797371748641,0.7296304702758789,0.14658260345458984
500,9.0,8,2,1,1,1,0,2.827164550298675,6.855124939253236,9.514408829488252,0.6358654499053955,0.16095495223999023
500,9.0,8,2,1,1,1,1,2.8283542939305324,12.415063550900836,13.542197675829877,0.8600103855133057,0.18682003021240234
500,9.0,8,2,1,1,1,2,2.828075688184555,5.169636663551808,7.871949547882156,0.7337236404418945,0.1630115509033203
500,9.0,8,2,1,1,1,3,2.8284260083505095,11.343741430179193,12.694736876930659,0.7489497661590576,0.13412761688232422
500,9.0,8,2,1,1,1,4,2.8279372894747903,6.593510114349513,7.967965641244347,0.7713935375213623,0.15651440620422363
500,9.0,8,2,1,1,1,5,2.8257458289862583,5.308767096520628,8.08760848282257,0.744781494140625,0.16819310188293457
500,9.0,8,2,1,1,1,6,2.828416612249992,5.7273529676333785,8.5439882152601,0.8041684627532959,0.152940034866333
500,9.0,8,2,1,1,1,7,2.828423285633522,5.4054457050384634,7.795276731168006,0.6968982219696045,0.18614959716796875
500,9.0,8,2,1,1,1,8,2.8283846443106455,5.650603975808774,8.250792733413366,0.7339940071105957,0.13617706298828125
500,9.0,8,2,1,1,1,9,2.828422163656474,13.978359717052959,16.53476809717185,0.7631673812866211,0.17979741096496582
500,9.0,8,2,1,1,1,10,2.828416660447007,6.701124914064976,9.52681662163684,0.9364104270935059,0.1934661865234375
500,9.0,8,2,1,1,1,11,2.8280075835145513,5.414917530894217,8.130286574681897,0.6633968353271484,0.14491820335388184
500,9.0,8,2,1,1,1,12,2.8284255507837144,10.45688892173956,12.876094004961146,0.699981689453125,0.15284132957458496
500,9.0,8,2,1,1,1,13,2.8283693073586305,7.458965143019919,9.451563130844068,0.7679164409637451,0.18173766136169434
500,9.0,8,2,1,1,1,14,2.82819634131983,6.206799004781558,8.78916217410272,0.6922829151153564,0.14134001731872559
500,9.0,8,2,1,1,1,15,2.8284269774288346,7.400941360691659,9.240405953206027,0.7149593830108643,0.12884807586669922
500,9.0,8,2,1,1,1,16,2.8279961711887407,7.069972987852724,9.891541218989966,0.6240925788879395,0.15554070472717285
500,9.0,8,2,1,1,1,17,2.8283944723439918,6.112415019825705,8.707745098137302,0.7299015522003174,0.13233470916748047
500,9.0,8,2,1,1,1,18,2.828286382952917,6.037432770127199,8.241878322928542,0.843986988067627,0.19464421272277832
500,9.0,8,2,1,1,1,19,2.8282662758654498,5.293796954552907,7.994382645916987,0.6383397579193115,0.14446115493774414
500,9.0,8,2,1,1,1,20,2.8282515390464087,5.926112844239996,7.585996466044382,0.7043201923370361,0.1487421989440918
500,9.0,8,2,1,1,1,21,2.8283851409606062,7.003997357758463,9.62625693868299,0.6631951332092285,0.14265179634094238
500,9.0,8,2,1,1,1,22,2.8281852739065925,7.562868030117437,10.145330161471284,0.8585259914398193,0.1829211711883545
500,9.0,8,2,1,1,1,23,2.8284271174752957,6.269887450418125,8.691261177137696,0.7609236240386963,0.12918972969055176
500,9.0,8,2,1,1,1,24,2.828417346958503,6.438250165489246,9.09718599355595,0.6827547550201416,0.14403557777404785
500,9.5,8,2,1,1,1,0,2.828271134050877,10.585119448652119,12.110312742060273,0.7726330757141113,0.14593243598937988
500,9.5,8,2,1,1,1,1,2.828328121646693,8.729933406362719,11.188324915778873,1.0626015663146973,0.17993998527526855
500,9.5,8,2,1,1,1,2,2.82841551095924,13.606581085100826,15.031028155869397,0.7271625995635986,0.14339733123779297
500,9.5,8,2,1,1,1,3,2.828427052233498,7.296557998584165,10.110047847723024,0.7445805072784424,0.13746380805969238
500,9.5,8,2,1,1,1,4,2.828326811524176,5.439472310484461,8.049347986621903,0.7473289966583252,0.14002728462219238
500,9.5,8,2,1,1,1,5,2.8284012432167955,6.595819282058896,8.726047929701716,0.8552539348602295,0.18213438987731934
500,9.5,8,2,1,1,1,6,2.828408220496486,6.195793460349954,8.988955366368298,0.6679039001464844,0.17353320121765137
500,9.5,8,2,1,1,1,7,2.8272100280134627,6.2434217954490485,8.927229248734752,0.7275390625,0.14300775527954102
500,9.5,8,2,1,1,1,8,2.828340570700247,6.28081296081353,8.838379249002594,0.6474223136901855,0.18056392669677734
500,9.5,8,2,1,1,1,9,2.8282360412751304,7.147464004284432,9.419434229345043,0.8002965450286865,0.15768837928771973
500,9.5,8,2,1,1,1,10,2.8283558459047344,6.883869661830415,9.708807530214807,0.7526960372924805,0.1517624855041504
500,9.5,8,2,1,1,1,11,2.828411744881671,7.49992063045154,10.17478079976784,0.7369208335876465,0.13431358337402344
500,9.5,8,2,1,1,1,12,2.828423372348205,10.07222764773963,12.727579516292819,0.7262203693389893,0.16881728172302246
500,9.5,8,2,1,1,1,13,2.8284252931494653,7.16678624689125,9.867133041699127,0.7468204498291016,0.13434743881225586
500,9.5,8,2,1,1,1,14,2.82836405015078,6.054936894839582,8.764015230847544,0.8738782405853271,0.17331218719482422
500,9.5,8,2,1,1,1,15,2.8283621554362535,6.40382031798545,8.601101309095368,0.7525954246520996,0.13968849182128906
500,9.5,8,2,1,1,1,16,2.828116084851945,5.772049835886022,8.251344438629548,0.7443070411682129,0.12813091278076172
500,9.5,8,2,1,1,1,17,2.8278654207909137,6.023491647929617,8.748512619046414,0.8382692337036133,0.1583251953125
500,9.5,8,2,1,1,1,18,2.828418878632259,9.681399875298853,11.51291311007636,0.8580808639526367,0.16626977920532227
500,9.5,8,2,1,1,1,19,2.82842617107114,12.965272894295792,14.958803437509532,0.698756217956543,0.17509818077087402
500,9.5,8,2,1,1,1,20,2.828425885183101,14.27842506394354,16.19757892327703,0.7335495948791504,0.1246025562286377
500,9.5,8,2,1,1,1,21,2.8284052512688613,5.893795160605952,8.542851412345367,0.6870627403259277,0.1405649185180664
500,9.5,8,2,1,1,1,22,2.828402161817672,6.323906893369661,9.149827151024976,0.9550728797912598,0.17828679084777832
500,9.5,8,2,1,1,1,23,2.828422918370373,6.397872930769585,9.032597745102937,0.7735545635223389,0.1512742042541504
500,9.5,8,2,1,1,1,24,2.8282991249924585,6.622005697205118,8.984255974751155,0.6861610412597656,0.17016243934631348
500,10.0,8,2,1,1,1,0,2.8283962190133014,6.735066276891814,9.14985627381415,0.7102963924407959,0.13741707801818848
500,10.0,8,2,1,1,1,1,2.8284249436061204,10.746166775202292,12.781120556881724,0.7548842430114746,0.16652441024780273
500,10.0,8,2,1,1,1,2,2.8282687539414715,5.970332055583649,8.418634026608654,0.831038236618042,0.14263248443603516
500,10.0,8,2,1,1,1,3,2.828388867185054,5.571112363420928,8.276762230482941,0.6927218437194824,0.1563577651977539
500,10.0,8,2,1,1,1,4,2.8283695449337665,10.541426076105553,13.254141397245938,0.6861271858215332,0.16598224639892578
500,10.0,8,2,1,1,1,5,2.8284250537284064,9.93556215858037,11.992014878840894,0.7709896564483643,0.13330745697021484
500,10.0,8,2,1,1,1,6,2.828401075003644,5.482099464635527,7.921220456300118,0.8938908576965332,0.18418645858764648
500,10.0,8,2,1,1,1,7,2.8276940675792517,6.229587177367327,8.60339206701262,0.6450622081756592,0.168226957321167
500,10.0,8,2,1,1,1,8,2.8284261244507216,7.143906135157409,9.89635141212133,0.8679180145263672,0.17877507209777832
500,10.0,8,2,1,1,1,9,2.8284255537693612,7.2275244181161575,10.033301554082396,0.6492452621459961,0.1834416389465332
500,10.0,8,2,1,1,1,10,2.828417270342216,13.724640796137791,14.940745772934513,0.8287889957427979,0.18651986122131348
500,10.0,8,2,1,1,1,11,2.8284151821738517,8.21599527689715,10.825367537639162,0.7164976596832275,0.13694429397583008
500,10.0,8,2,1,1,1,12,2.8284235300909875,13.427223238596559,14.281233301095005,0.7362353801727295,0.1237947940826416
500,10.0,8,2,1,1,1,13,2.8284013481444683,7.15735619581483,9.762872885806882,0.6478919982910156,0.15637922286987305
500,10.0,8,2,1,1,1,14,2.8283994466239153,7.313247446798189,9.829638805939165,0.8996050357818604,0.1602632999420166
500,10.0,8,2,1,1,1,15,2.8284204135353943,10.295031557850375,12.33939209284333,0.7434680461883545,0.13498139381408691
500,10.0,8,2,1,1,1,16,2.828425338039624,11.739653042575117,14.410846682933531,0.6733527183532715,0.1230478286743164
500,10.0,8,2,1,1,1,17,2.828384807312789,8.044744225751653,9.638913066583836,0.702488899230957,0.1296672821044922
500,10.0,8,2,1,1,1,18,2.8283921538847254,6.61263859730873,7.725979936322705,0.7760703563690186,0.17662787437438965
500,10.0,8,2,1,1,1,19,2.8284159213009015,6.933246288854295,8.964165561288263,0.9107999801635742,0.1487576961517334
500,10.0,8,2,1,1,1,20,2.8284244052737595,8.170334210197403,9.260186873910872,0.7653164863586426,0.130812406539917
500,10.0,8,2,1,1,1,21,2.8284235386472254,11.221496468330951,13.000842256875421,0.7210187911987305,0.13686275482177734
500,10.0,8,2,1,1,1,22,2.828168633477438,8.478329099735944,10.446280571185973,0.7665920257568359,0.1253490447998047
500,10.0,8,2,1,1,1,23,2.828420654375454,5.5297353857977045,8.35688158529644,0.9964175224304199,0.16064667701721191
500,10.0,8,2,1,1,1,24,2.828356203062647,7.009117323248532,9.83223396683003,0.6657559871673584,0.14064359664916992
500,10.5,8,2,1,1,1,0,2.828426778394497,11.330024501867523,14.132854399035118,0.7406661510467529,0.13372516632080078
500,10.5,8,2,1,1,1,1,2.8284271236961396,7.172692775457871,9.616342970204904,0.8643603324890137,0.17229628562927246
500,10.5,8,2,1,1,1,2,2.828414088797126,8.464394109878588,11.00710877053953,0.6937212944030762,0.16746902465820312
500,10.5,8,2,1,1,1,3,2.828338971230786,6.891485914575004,9.071435817723138,0.7429718971252441,0.14482808113098145
500,10.5,8,2,1,1,1,4,2.828409831983033,8.337587738501389,11.144488788831858,0.6822025775909424,0.17934322357177734
500,10.5,8,2,1,1,1,5,2.828423979799868,10.787534503463373,13.115028350432887,0.7360200881958008,0.1457517147064209
500,10.5,8,2,1,1,1,6,2.8283995407385008,10.686316037405398,13.514479799790031,0.8783280849456787,0.1616809368133545
500,10.5,8,2,1,1,1,7,2.8283781802362835,7.38632523303657,9.9927208128473,0.6829874515533447,0.15141773223876953
500,10.5,8,2,1,1,1,8,2.828427090837284,6.829776407679097,9.515761515216264,0.7418680191040039,0.12358903884887695
500,10.5,8,2,1,1,1,9,2.828354817947827,11.232737873738973,14.058877908048554,0.6931147575378418,0.17878508567810059
500,10.5,8,2,1,1,1,10,2.8283643651190378,9.398609657042066,11.5243804998808,0.9089677333831787,0.17696499824523926
500,10.5,8,2,1,1,1,11,2.8284269770726884,10.204863098791545,13.017807206804097,0.663489580154419,0.16969537734985352
500,10.5,8,2,1,1,1,12,2.8284265852069943,7.471910256717804,9.99683304055165,0.7017459869384766,0.1689765453338623
500,10.5,8,2,1,1,1,13,2.8283016739520037,6.915342255911039,9.742605298120296,0.7485918998718262,0.16463708877563477
500,10.5,8,2,1,1,1,14,2.8284267463132067,7.754736999087973,10.398860247569637,0.9491376876831055,0.21683144569396973
500,10.5,8,2,1,1,1,15,2.82841903802437,7.9930147860614,10.214227890413715,0.7067773342132568,0.16842341423034668
500,10.5,8,2,1,1,1,16,2.8280684862748964,6.2947822445684665,8.371147345256936,0.7540056705474854,0.14152240753173828
500,10.5,8,2,1,1,1,17,2.8284142557258503,9.882564277716162,12.517261282922146,0.6972124576568604,0.16899442672729492
500,10.5,8,2,1,1,1,18,2.8284232817132113,12.610571340223878,15.318801805797538,0.9083826541900635,0.16633272171020508
500,10.5,8,2,1,1,1,19,2.8284270869529093,9.37178911101234,12.190528897245368,0.784008264541626,0.12650418281555176
500,10.5,8,2,1,1,1,20,2.8284243833846716,6.25999812346717,8.629138363208142,0.7697436809539795,0.13730859756469727
500,10.5,8,2,1,1,1,21,2.828416002161892,6.526840698290886,9.210673445900477,0.7304692268371582,0.12586402893066406
500,10.5,8,2,1,1,1,22,2.8284187610757496,10.9508513656608,13.516283421681331,0.8690943717956543,0.19283223152160645
500,10.5,8,2,1,1,1,23,2.828426955600556,10.081161506546747,12.047933585674816,0.7667272090911865,0.1574535369873047
500,10.5,8,2,1,1,1,24,2.82836428119149,6.866494903743672,8.784391202929392,0.7010295391082764,0.14121031761169434
500,11.0,8,2,1,1,1,0,2.8284188286185246,8.6558853833813,10.009959618469674,0.7683897018432617,0.13465309143066406
500,11.0,8,2,1,1,1,1,2.8283817018452453,7.813605074739427,9.99816361974864,0.7227041721343994,0.18770456314086914
500,11.0,8,2,1,1,1,2,2.828375044575764,7.446983690733193,10.151676573952269,0.8928396701812744,0.16825151443481445
500,11.0,8,2,1,1,1,3,2.828368835063336,9.33208283509466,12.159319004819608,0.6742966175079346,0.17791366577148438
500,11.0,8,2,1,1,1,4,2.828425888559983,9.901102388671163,11.599242543961163,0.7885682582855225,0.16926240921020508
500,11.0,8,2,1,1,1,5,2.828426944124743,11.71246098505417,14.534291183788897,0.970268964767456,0.1419541835784912
500,11.0,8,2,1,1,1,6,2.8284242954248304,11.519618554064047,14.12948702729086,0.7829327583312988,0.1423945426940918
500,11.0,8,2,1,1,1,7,2.828424338308102,9.95297046963654,12.418621832720477,0.6911139488220215,0.11042356491088867
500,11.0,8,2,1,1,1,8,2.8284191067483238,7.369335358563746,9.977870592078354,0.8633649349212646,0.13937807083129883
500,11.0,8,2,1,1,1,9,2.828427064064303,9.149253967973292,11.799200603891402,0.8350186347961426,0.163834810256958
500,11.0,8,2,1,1,1,10,2.828388200486819,8.37740406906758,10.723610209536478,0.7978081703186035,0.12461209297180176
500,11.0,8,2,1,1,1,11,2.8284169569692628,8.605873034588683,11.39130486534894,0.7535247802734375,0.12454843521118164
500,11.0,8,2,1,1,1,12,2.828392827578879,9.57002136400451,12.35652366854521,0.6767902374267578,0.1322493553161621
500,11.0,8,2,1,1,1,13,2.8284207350329598,7.873542247019952,10.668867075277358,0.7684204578399658,0.13110637664794922
500,11.0,8,2,1,1,1,14,2.82842262676996,8.491285776553688,10.53401689576957,0.8945281505584717,0.18137717247009277
500,11.0,8,2,1,1,1,15,2.828169096274593,8.567607034459567,10.788150237701533,0.7727696895599365,0.1356337070465088
500,11.0,8,2,1,1,1,16,2.828415129910731,10.829569677312104,12.665186033938447,0.7399184703826904,0.18201637268066406
500,11.0,8,2,1,1,1,17,2.828426945688469,10.589159381658863,12.380911705036683,0.7158100605010986,0.1356208324432373
500,11.0,8,2,1,1,1,18,2.828420494628721,10.848168572193524,13.146535159464275,0.9092433452606201,0.16037368774414062
500,11.0,8,2,1,1,1,19,2.828303553575844,10.604697877691398,12.75623403527237,0.7035293579101562,0.13804078102111816
500,11.0,8,2,1,1,1,20,2.828108517837982,7.869574207663586,10.470435067955195,0.9001047611236572,0.17535829544067383
500,11.0,8,2,1,1,1,21,2.828394320571504,7.883129013400467,10.506399694021907,0.7252223491668701,0.1781916618347168
500,11.0,8,2,1,1,1,22,2.8283273258813106,8.104261365766993,10.72721587821529,0.9527444839477539,0.20281028747558594
500,11.0,8,2,1,1,1,23,2.828426917304955,9.934088193163054,12.541014116793363,0.7047550678253174,0.18770623207092285
500,11.0,8,2,1,1,1,24,2.828419550874608,9.27454827459983,11.543743236613386,0.7893667221069336,0.14110159873962402
500,11.5,8,2,1,1,1,0,2.828426891255486,7.801622483224732,10.2490997541824,0.8024346828460693,0.14091944694519043
500,11.5,8,2,1,1,1,1,2.828426713271926,9.901213654448194,12.524643711506585,0.9085230827331543,0.14734840393066406
500,11.5,8,2,1,1,1,2,2.8283811721183674,8.967059941203887,11.478552253631632,0.7305688858032227,0.12295055389404297
500,11.5,8,2,1,1,1,3,2.8284233296112777,8.105271049523957,10.867133096842954,0.6152443885803223,0.17577695846557617
500,11.5,8,2,1,1,1,4,2.8284244534222784,8.834184514977915,11.636684212086061,0.7168099880218506,0.1470785140991211
500,11.5,8,2,1,1,1,5,2.8284133786301537,9.559068752419558,11.98068285340555,0.8164784908294678,0.17214035987854004
500,11.5,8,2,1,1,1,6,2.8284091239584135,12.595779431118071,15.175180561654567,0.8015656471252441,0.1484370231628418
500,11.5,8,2,1,1,1,7,2.8284163225854395,10.144790970278743,12.759903293802008,0.7375509738922119,0.14204907417297363
500,11.5,8,2,1,1,1,8,2.8284216259649764,8.958063331210875,11.707376565890858,0.7025046348571777,0.15061736106872559
500,11.5,8,2,1,1,1,9,2.8284030306890076,9.744765455737463,12.282045408789333,0.755950927734375,0.12168121337890625
500,11.5,8,2,1,1,1,10,2.8284112307398,9.089149760940815,11.663892441512106,0.9595937728881836,0.1794440746307373
500,11.5,8,2,1,1,1,11,2.8283733456816735,14.433475763473243,15.207019451736368,0.8735594749450684,0.1417217254638672
500,11.5,8,2,1,1,1,12,2.828420827646546,10.61561625089555,12.834597815997402,0.7335340976715088,0.15274906158447266
500,11.5,8,2,1,1,1,13,2.82841612126229,7.390543507235391,10.124689691656393,0.7907261848449707,0.13328218460083008
500,11.5,8,2,1,1,1,14,2.82842676239526,8.099333145956116,10.693130971855767,0.8303885459899902,0.12691020965576172
500,11.5,8,2,1,1,1,15,2.828418483671519,10.094563463151164,12.92276953220836,0.6884305477142334,0.17048215866088867
500,11.5,8,2,1,1,1,16,2.8283275480823793,10.980538659913844,13.371407528118084,0.7368881702423096,0.12062931060791016
500,11.5,8,2,1,1,1,17,2.828427033740563,9.113533638863379,11.772594319651253,0.6694049835205078,0.16208124160766602
500,11.5,8,2,1,1,1,18,2.8284231006443172,8.562164901041502,10.364376189382615,0.8794271945953369,0.18465638160705566
500,11.5,8,2,1,1,1,19,2.8284263824615463,8.041123696450173,10.382602577226189,0.7212982177734375,0.1447441577911377
500,11.5,8,2,1,1,1,20,2.8284271091773565,11.241600504437997,12.677060981478974,0.6935756206512451,0.1665201187133789
500,11.5,8,2,1,1,1,21,2.8284270992010687,7.522287112126298,10.260358241882695,0.7764346599578857,0.13784003257751465
500,11.5,8,2,1,1,1,22,2.8284219550223866,10.138468345873692,12.723357846527147,0.9111583232879639,0.19098234176635742
500,11.5,8,2,1,1,1,23,2.828397861240055,10.28142545406921,12.863971400139953,0.7256181240081787,0.15495586395263672
500,11.5,8,2,1,1,1,24,2.8284243439299153,9.721858547099991,12.398643953335435,0.7568497657775879,0.17437505722045898
500,12.0,8,2,1,1,1,0,2.8284126032631454,9.733274311074961,12.433667715548653,0.7257249355316162,0.17366433143615723
500,12.0,8,2,1,1,1,1,2.828426960684817,9.471513474799798,12.28924169339614,0.8603641986846924,0.21647930145263672
500,12.0,8,2,1,1,1,2,2.8284245919573854,9.606951892350597,11.345964441501195,0.752333402633667,0.14752483367919922
500,12.0,8,2,1,1,1,3,2.828176295445778,9.206900120560908,11.902164719119861,0.683539867401123,0.16360712051391602
500,12.0,8,2,1,1,1,4,2.828418856917004,11.091859889065091,13.90871698330204,0.7138912677764893,0.1465623378753662
500,12.0,8,2,1,1,1,5,2.8284266639011504,10.093012365101254,11.97610310580595,0.812511682510376,0.19975781440734863
500,12.0,8,2,1,1,1,6,2.8284225585871727,8.820248966919157,11.41800109014158,0.7326490879058838,0.15227365493774414
500,12.0,8,2,1,1,1,7,2.828425746783467,9.648296001873668,12.363920148806205,0.6697335243225098,0.1645822525024414
500,12.0,8,2,1,1,1,8,2.8284243952467114,7.589788554273977,10.294792332227871,0.739966869354248,0.11313486099243164
500,12.0,8,2,1,1,1,9,2.8283348631991614,8.762726283057471,11.513914621164552,0.6695034503936768,0.17911744117736816
500,12.0,8,2,1,1,1,10,2.8283298333207303,8.258650811842212,10.828766760299763,0.8688778877258301,0.17399144172668457
500,12.0,8,2,1,1,1,11,2.8284271247239032,9.284253603244787,11.93982854376874,0.62526535987854,0.1417102813720703
500,12.0,8,2,1,1,1,12,2.828427063075902,10.446848794377502,13.16737407865591,0.7975485324859619,0.13402724266052246
500,12.0,8,2,1,1,1,13,2.828426606315532,8.268269049279114,11.029405531258517,0.6619718074798584,0.11982583999633789
500,12.0,8,2,1,1,1,14,2.8283831634545997,7.37147138328155,9.621615842544243,0.9266161918640137,0.16378188133239746
500,12.0,8,2,1,1,1,15,2.8284270293480307,9.763967588904963,12.497222704421802,0.6743826866149902,0.12762117385864258
500,12.0,8,2,1,1,1,16,2.8283714383945404,8.338224879043144,10.919665192505791,0.7198328971862793,0.15237998962402344
500,12.0,8,2,1,1,1,17,2.8284263711120867,8.142850314240032,10.330262936572337,0.8734636306762695,0.16785693168640137
500,12.0,8,2,1,1,1,18,2.8284128903808163,9.179271269652862,11.602585576689734,0.8550674915313721,0.20103764533996582
500,12.0,8,2,1,1,1,19,2.828285999354166,9.577142370302845,12.340418127597422,0.7301242351531982,0.1402134895324707
500,12.0,8,2,1,1,1,20,2.828412817492514,9.338535186788326,11.84999617811735,0.6661653518676758,0.14584565162658691
500,12.0,8,2,1,1,1,21,2.8283922151776495,8.766148495704261,11.377669685521738,0.78244948387146,0.14349865913391113
500,12.0,8,2,1,1,1,22,2.828426931999548,9.789942771072592,12.578036314384462,0.9269485473632812,0.16529059410095215
500,12.0,8,2,1,1,1,23,2.828411182523098,8.904159912917544,11.72999851173629,0.6990182399749756,0.17577838897705078
500,12.0,8,2,1,1,1,24,2.828424448412417,7.6030211202202445,10.426195398359525,0.7439448833465576,0.13581013679504395
500,12.5,8,2,1,1,1,0,2.828424048759776,10.163983901426176,12.198556046035867,0.7445511817932129,0.1317002773284912
500,12.5,8,2,1,1,1,1,2.8284100767321223,8.826094459706257,11.550869893263156,0.7470159530639648,0.1578383445739746
500,12.5,8,2,1,1,1,2,2.828408745474413,9.788964479671419,12.447570264868022,0.8355138301849365,0.13800334930419922
500,12.5,8,2,1,1,1,3,2.828416726717919,10.522688623864829,13.34636133293891,0.7288930416107178,0.1722731590270996
500,12.5,8,2,1,1,1,4,2.8284267058890116,11.44210109807408,13.88852748369554,0.6090438365936279,0.14182376861572266
500,12.5,8,2,1,1,1,5,2.8284165342087544,8.807087060668568,11.19540019242751,0.8057796955108643,0.15713047981262207
500,12.5,8,2,1,1,1,6,2.8283816124603494,10.254363341139033,12.37984632860255,0.8770184516906738,0.11761856079101562
500,12.5,8,2,1,1,1,7,2.8284267716476177,7.512629413254872,9.812607371326136,0.8199236392974854,0.17164373397827148
500,12.5,8,2,1,1,1,8,2.8284271165481387,10.168395154272883,12.362054843333912,0.78055739402771,0.10973906517028809
500,12.5,8,2,1,1,1,9,2.8284255815509978,11.017389205183653,13.74596893285606,0.8674783706665039,0.16997718811035156
500,12.5,8,2,1,1,1,10,2.828425171879777,9.021950654454475,11.331332538660053,0.7568023204803467,0.14575624465942383
500,12.5,8,2,1,1,1,11,2.82833377881847,9.553483116324616,12.11248896623222,0.7489116191864014,0.10836648941040039
500,12.5,8,2,1,1,1,12,2.8284255236505635,8.594155424937595,11.364300887134881,0.6666812896728516,0.1465466022491455
500,12.5,8,2,1,1,1,13,2.828386059868003,8.601302133836102,11.37613471069013,0.893308162689209,0.17387962341308594
500,12.5,8,2,1,1,1,14,2.8284085145447366,8.697812864654335,11.251864461352127,0.7680480480194092,0.13934779167175293
500,12.5,8,2,1,1,1,15,2.828426966274632,9.282250666026842,11.796827986773158,0.7444815635681152,0.15778756141662598
500,12.5,8,2,1,1,1,16,2.8284171771774482,8.776443101648319,11.265954495206358,0.6306307315826416,0.16159629821777344
500,12.5,8,2,1,1,1,17,2.8283994610558163,8.934726267409435,11.072840782663155,0.8163554668426514,0.19747424125671387
500,12.5,8,2,1,1,1,18,2.8284214614963448,8.319931639903803,9.629936361181825,0.7551734447479248,0.14536428451538086
500,12.5,8,2,1,1,1,19,2.8284051733032354,10.30337091642263,13.037992654884231,0.7277445793151855,0.11512637138366699
500,12.5,8,2,1,1,1,20,2.828404185215633,9.096116102120586,11.7080015342434,0.7632565498352051,0.14630508422851562
500,12.5,8,2,1,1,1,21,2.828409654432087,10.249295251387155,13.068130833304801,0.7209200859069824,0.16915535926818848
500,12.5,8,2,1,1,1,22,2.8282836430818006,9.39931034293432,12.146259159178644,1.0048680305480957,0.17065095901489258
500,12.5,8,2,1,1,1,23,2.828427093280234,11.082527175949236,13.009776818837608,0.7512707710266113,0.14041948318481445
500,12.5,8,2,1,1,1,24,2.8283472564969623,8.289844994515333,10.602534130109623,0.6565399169921875,0.15034127235412598
500,13.0,8,2,1,1,1,0,2.8284268200859044,6.898287573185503,9.52892809739813,0.7724246978759766,0.14873766899108887
500,13.0,8,2,1,1,1,1,2.8283775181594577,8.50677784027726,10.767599788465148,0.7649075984954834,0.17088961601257324
500,13.0,8,2,1,1,1,2,2.8284248098618,10.580783814439538,13.393761426537672,0.7498102188110352,0.1196908950805664
500,13.0,8,2,1,1,1,3,2.828422737970314,14.09590665671825,16.44007997822812,0.6574575901031494,0.15578651428222656
500,13.0,8,2,1,1,1,4,2.8284256634405245,9.406404471221084,11.977694386289114,0.7798106670379639,0.15064382553100586
500,13.0,8,2,1,1,1,5,2.8284259634866102,9.841015806331812,12.594715954008494,0.8477821350097656,0.18308734893798828
500,13.0,8,2,1,1,1,6,2.8284268937305,8.703616702780712,11.216196007591744,0.7120394706726074,0.148665189743042
500,13.0,8,2,1,1,1,7,2.828411882026491,9.567335486373448,12.100396580785116,0.7217874526977539,0.1393892765045166
500,13.0,8,2,1,1,1,8,2.8284270514772043,10.05920544237375,12.766678503251025,0.7283322811126709,0.15763378143310547
500,13.0,8,2,1,1,1,9,2.828426903856914,8.780427627765125,11.478354850702697,0.8575747013092041,0.1729602813720703
500,13.0,8,2,1,1,1,10,2.828423722525939,10.149002766775046,12.793379059383241,0.7810320854187012,0.15001583099365234
500,13.0,8,2,1,1,1,11,2.828424810078244,10.593568975823064,13.027377599516191,0.7270700931549072,0.14327168464660645
500,13.0,8,2,1,1,1,12,2.828419294138681,8.452344538897433,11.179361433119173,0.6793532371520996,0.15270543098449707
500,13.0,8,2,1,1,1,13,2.828396040849601,10.457653269280774,12.47943836315847,0.9324216842651367,0.2062070369720459
500,13.0,8,2,1,1,1,14,2.828427114801333,10.854219746888633,13.536729484108239,0.7364459037780762,0.17482805252075195
500,13.0,8,2,1,1,1,15,2.828394850786013,9.3694132852694,12.195974222834865,0.7044684886932373,0.13617348670959473
500,13.0,8,2,1,1,1,16,2.8284260721713332,8.935036298582308,11.582017947364331,0.7485620975494385,0.15259194374084473
500,13.0,8,2,1,1,1,17,2.828426374158336,8.837090068879263,11.570526745307875,0.9039032459259033,0.18504071235656738
500,13.0,8,2,1,1,1,18,2.8283998083859254,7.967393633936111,10.790612489483278,0.682727575302124,0.14171695709228516
500,13.0,8,2,1,1,1,19,2.8284271055455656,8.865990153078654,11.678245205396365,0.6824681758880615,0.12428164482116699
500,13.0,8,2,1,1,1,20,2.828400457523363,9.15569188937312,11.905779733505522,0.7048873901367188,0.1366565227508545
500,13.0,8,2,1,1,1,21,2.828410059742847,8.549762267186475,11.198390237432752,0.6838831901550293,0.20069169998168945
500,13.0,8,2,1,1,1,22,2.8284191221230697,10.341056124617472,13.10892360336196,0.85221266746521,0.1560351848602295
500,13.0,8,2,1,1,1,23,2.828412790443425,9.563952815985642,11.886223518537342,0.6901798248291016,0.1422877311706543
500,13.0,8,2,1,1,1,24,2.8284266272207836,9.998949141688932,12.672625500656022,0.7229363918304443,0.13460946083068848
500,13.5,8,2,1,1,1,0,2.828425983274773,9.665153427184165,12.466145754099582,0.7294695377349854,0.15526938438415527
500,13.5,8,2,1,1,1,1,2.8284253023538133,10.036975383477317,12.601371567789396,0.8434038162231445,0.177109956741333
500,13.5,8,2,1,1,1,2,2.8284183252104405,10.433006375690335,13.206828317331892,0.786872148513794,0.13992571830749512
500,13.5,8,2,1,1,1,3,2.828331104050932,9.676065795099744,12.32936753260893,0.8204948902130127,0.15352797508239746
500,13.5,8,2,1,1,1,4,2.828421159023128,10.040194797844462,12.0616280667786,0.9389281272888184,0.17334365844726562
500,13.5,8,2,1,1,1,5,2.828424198152034,9.018966708187898,11.8342532087845,0.8181657791137695,0.14072847366333008
500,13.5,8,2,1,1,1,6,2.8284253261275687,8.57539410969128,10.976228818673164,0.7780013084411621,0.16794300079345703
500,13.5,8,2,1,1,1,7,2.828377407854438,9.23912375349076,11.443365540304711,0.7165896892547607,0.16860222816467285
500,13.5,8,2,1,1,1,8,2.8284265823844428,10.560767582374133,13.384945038458847,0.8419971466064453,0.14316701889038086
500,13.5,8,2,1,1,1,9,2.8283820383147784,8.801206462902282,11.627736516914688,0.7816929817199707,0.15100383758544922
500,13.5,8,2,1,1,1,10,2.828424077834601,9.463489917480224,12.288948079591393,0.7514541149139404,0.13463687896728516
500,13.5,8,2,1,1,1,11,2.8284270670156415,11.079856277448435,13.804186601360845,0.6907892227172852,0.1551506519317627
500,13.5,8,2,1,1,1,12,2.8284248591936856,11.179339851496147,13.29626488431583,0.738396406173706,0.13707709312438965
500,13.5,8,2,1,1,1,13,2.8284259269658993,9.176162758114135,12.002609794295958,0.900413990020752,0.17720723152160645
500,13.5,8,2,1,1,1,14,2.8284259203423607,8.969145592379768,11.791809402851353,0.7420339584350586,0.12707042694091797
500,13.5,8,2,1,1,1,15,2.828416581271196,8.609749723044825,10.975166338641506,0.7795314788818359,0.11199545860290527
500,13.5,8,2,1,1,1,16,2.8284259465445047,8.759780847761856,11.199066133705328,0.6702730655670166,0.14171504974365234
500,13.5,8,2,1,1,1,17,2.828415074516928,11.276053205667369,13.075503309085278,0.8055927753448486,0.2093982696533203
500,13.5,8,2,1,1,1,18,2.828426968242656,9.16056305854785,11.887519184665035,0.6687192916870117,0.13575530052185059
500,13.5,8,2,1,1,1,19,2.828370857337797,9.500980010130888,12.233098420927814,0.8180737495422363,0.19616413116455078
500,13.5,8,2,1,1,1,20,2.82836225360724,8.008261708708634,10.723332511809431,0.7181046009063721,0.14345264434814453
500,13.5,8,2,1,1,1,21,2.828422323711618,9.98126533346893,12.781590628188649,0.8912713527679443,0.17071080207824707
500,13.5,8,2,1,1,1,22,2.828425760506711,11.374801235975104,14.133835018783842,0.7261528968811035,0.11521530151367188
500,13.5,8,2,1,1,1,23,2.8284264022072128,10.239112943635922,13.060309399052269,0.6695575714111328,0.1203765869140625
500,13.5,8,2,1,1,1,24,2.8283645161228015,10.656281858825983,11.809072314879764,0.7221388816833496,0.1467893123626709
500,14.0,8,2,1,1,1,0,2.8284270671863223,10.012366148284157,12.735307089934892,0.9777791500091553,0.19600439071655273
500,14.0,8,2,1,1,1,1,2.828424810353895,11.139222626037725,13.939227541950206,0.7249755859375,0.13760614395141602
500,14.0,8,2,1,1,1,2,2.8284245307037645,9.138091280859705,11.469498094846605,0.7298455238342285,0.1672968864440918
500,14.0,8,2,1,1,1,3,2.8284266402091114,8.869270148814493,10.980747225267024,0.7214481830596924,0.1486210823059082
500,14.0,8,2,1,1,1,4,2.828404641017005,8.76950620868565,11.527335145856688,0.7741343975067139,0.12268853187561035
500,14.0,8,2,1,1,1,5,2.8284244722211196,8.350639357173273,10.816752442930456,0.8596141338348389,0.13437199592590332
500,14.0,8,2,1,1,1,6,2.8284145290923353,9.975460958496535,12.112015884585833,0.735419511795044,0.15736722946166992
500,14.0,8,2,1,1,1,7,2.8284063634334915,8.611985792991593,11.02782977026807,0.7020998001098633,0.16777563095092773
500,14.0,8,2,1,1,1,8,2.8283654104981584,10.151457427663768,12.708582805336594,0.7254970073699951,0.14836597442626953
500,14.0,8,2,1,1,1,9,2.828422732445409,9.463205285418905,11.36635912151342,0.9095489978790283,0.21506166458129883
500,14.0,8,2,1,1,1,10,2.8284235596996985,10.443263739454158,12.925095036679147,0.7538187503814697,0.1598062515258789
500,14.0,8,2,1,1,1,11,2.82842212045946,10.08999915020587,12.55991601715088,0.6944320201873779,0.1405484676361084
500,14.0,8,2,1,1,1,12,2.828420847329684,9.536581906956588,12.121016853062994,0.8747544288635254,0.1671738624572754
500,14.0,8,2,1,1,1,13,2.828420347141951,9.07146182491001,11.64557688821864,0.7921793460845947,0.14624571800231934
500,14.0,8,2,1,1,1,14,2.8284176057491366,9.425835901181864,11.900627429025905,0.7048795223236084,0.17509889602661133
500,14.0,8,2,1,1,1,15,2.828426606971605,9.26628054872148,11.724398762122796,0.7465956211090088,0.13428115844726562
500,14.0,8,2,1,1,1,16,2.828427065357118,11.466103954637177,13.507660281131995,0.7805097103118896,0.167008638381958
500,14.0,8,2,1,1,1,17,2.8284255479431883,10.377877490127824,13.066268979063333,0.8232331275939941,0.19861984252929688
500,14.0,8,2,1,1,1,18,2.8284271246032393,9.887548261654485,12.346186244594106,0.7111337184906006,0.1384744644165039
500,14.0,8,2,1,1,1,19,2.828423939979124,10.391633284004628,12.807090110388152,0.7756321430206299,0.11958599090576172
500,14.0,8,2,1,1,1,20,2.8284271213809724,9.710615723363473,12.525738825292512,0.6950364112854004,0.18114995956420898
500,14.0,8,2,1,1,1,21,2.8284236009173798,8.488819055033492,10.841210326266214,0.8937125205993652,0.13627195358276367
500,14.0,8,2,1,1,1,22,2.8284270307515516,10.045278136371657,12.869552162347102,0.7796831130981445,0.1462864875793457
500,14.0,8,2,1,1,1,23,2.8284138369926617,9.314907437872867,12.135974369426052,0.7301750183105469,0.17321395874023438
500,14.0,8,2,1,1,1,24,2.8284271049156753,9.313917231620552,12.021662713968334,0.7217278480529785,0.14107346534729004
500,14.5,8,2,1,1,1,0,2.8284239203119736,10.16620383136258,12.980860528236335,0.8913636207580566,0.16136550903320312
500,14.5,8,2,1,1,1,1,2.8284259440356387,8.376770080699096,11.204141115598219,0.7462215423583984,0.1532444953918457
500,14.5,8,2,1,1,1,2,2.8284267771715723,10.805208411926241,13.176239551768289,0.6957273483276367,0.1438918113708496
500,14.5,8,2,1,1,1,3,2.8284249061888285,9.774858990151722,12.516961443428782,0.7764689922332764,0.1306302547454834
500,14.5,8,2,1,1,1,4,2.8284246057552056,9.398563258097157,11.724342677414496,0.8406405448913574,0.201873779296875
500,14.5,8,2,1,1,1,5,2.8284214285214806,8.523161703031587,11.143887180653511,0.6820857524871826,0.1811971664428711
500,14.5,8,2,1,1,1,6,2.8284258927585024,10.14962201124567,12.976563803868409,0.7084627151489258,0.12274336814880371
500,14.5,8,2,1,1,1,7,2.8284269926787684,10.473999129228048,12.971507661291936,0.7092263698577881,0.16553044319152832
500,14.5,8,2,1,1,1,8,2.828423343251243,8.689131693447436,10.344461264712852,0.878453254699707,0.18069863319396973
500,14.5,8,2,1,1,1,9,2.8284187869345887,9.248762283453328,11.49802993604873,0.7269113063812256,0.17278194427490234
500,14.5,8,2,1,1,1,10,2.8283972496633076,11.380869678648745,14.193907320440092,0.6914010047912598,0.12757396697998047
500,14.5,8,2,1,1,1,11,2.8284268129389845,9.37892705161096,12.084314738751175,0.7519741058349609,0.13492131233215332
500,14.5,8,2,1,1,1,12,2.8284084771645084,9.076030011516993,11.331908728282677,0.7551651000976562,0.17519927024841309
500,14.5,8,2,1,1,1,13,2.8283928477616587,9.060510643584816,11.825690826030607,0.7294719219207764,0.10623431205749512
500,14.5,8,2,1,1,1,14,2.828426814608789,10.14335339296817,12.964532118325627,0.7497861385345459,0.174605131149292
500,14.5,8,2,1,1,1,15,2.828425271493127,10.32839321364045,13.061414069821977,0.754220724105835,0.1682147979736328
500,14.5,8,2,1,1,1,16,2.828393594147807,9.114279345603013,11.377215459601835,0.9463958740234375,0.16633939743041992
500,14.5,8,2,1,1,1,17,2.828419796282663,8.093461170596369,9.819299738337344,0.7570910453796387,0.12042975425720215
500,14.5,8,2,1,1,1,18,2.8284250828241664,9.031222043994399,11.681127235438911,0.7119829654693604,0.18515706062316895
500,14.5,8,2,1,1,1,19,2.82842627936832,10.973863340164401,12.979253923131793,0.7680470943450928,0.13387560844421387
500,14.5,8,2,1,1,1,20,2.8284005055075756,8.596550396994678,11.106621352691981,0.9241943359375,0.18528389930725098
500,14.5,8,2,1,1,1,21,2.8283847299076466,8.45183806165929,11.249879267777567,0.7110841274261475,0.15057873725891113
500,14.5,8,2,1,1,1,22,2.8284218159466747,11.62665285668365,14.412008963134882,0.6339366436004639,0.15111017227172852
500,14.5,8,2,1,1,1,23,2.828418979747688,10.695549069481496,13.505694199491945,0.7273213863372803,0.1517190933227539
500,14.5,8,2,1,1,1,24,2.828425133251549,8.742274036437752,11.472040997259887,0.6178321838378906,0.17940211296081543
500,15.0,8,2,1,1,1,0,2.8284264785512865,9.150521190002856,11.9418911701722,0.8761610984802246,0.16723012924194336
500,15.0,8,2,1,1,1,1,2.828426577903955,9.966677170768783,12.63757589451711,0.6311910152435303,0.14684104919433594
500,15.0,8,2,1,1,1,2,2.828423538118478,8.862850355429183,10.512508946916741,0.8022053241729736,0.11899495124816895
500,15.0,8,2,1,1,1,3,2.828414235717871,13.614152194207065,15.920873028511155,0.6818153858184814,0.17383193969726562
500,15.0,8,2,1,1,1,4,2.8284270902201794,9.087284867720175,11.576175621888595,0.8791944980621338,0.19806241989135742
500,15.0,8,2,1,1,1,5,2.8284248383545356,10.511382618420086,13.234187282545248,0.6921494007110596,0.14386224746704102
500,15.0,8,2,1,1,1,6,2.8283901814465904,8.441109123878057,11.148479546592327,0.8694159984588623,0.1755673885345459
500,15.0,8,2,1,1,1,7,2.8284127562119896,11.197913640753578,14.008602423870716,0.6937131881713867,0.12665319442749023
500,15.0,8,2,1,1,1,8,2.8284265077148536,9.456853298956899,12.19594247205901,0.9195699691772461,0.1493220329284668
500,15.0,8,2,1,1,1,9,2.8284267881079503,8.65867792927196,11.400654328774566,0.693150520324707,0.1815793514251709
500,15.0,8,2,1,1,1,10,2.82841852064321,10.753969833717614,13.251601167605621,0.7037272453308105,0.14803600311279297
500,15.0,8,2,1,1,1,11,2.8284207645604384,8.564549848175991,11.392707300658971,0.6431944370269775,0.16408586502075195
500,15.0,8,2,1,1,1,12,2.828427104080999,9.929610264712599,12.700661657080378,0.8371469974517822,0.20839667320251465
500,15.0,8,2,1,1,1,13,2.8284267864842754,9.284304016880087,11.986029950110838,0.7245314121246338,0.17291688919067383
500,15.0,8,2,1,1,1,14,2.8283339183651144,9.141936781797229,11.912303314150739,0.7350668907165527,0.1574726104736328
500,15.0,8,2,1,1,1,15,2.828426896530937,10.372096263979648,13.068484745832418,0.7410190105438232,0.12366938591003418
500,15.0,8,2,1,1,1,16,2.8284270517605754,8.839408996292473,11.533668919925407,0.8413622379302979,0.17918825149536133
500,15.0,8,2,1,1,1,17,2.828427091305876,8.55103714116189,11.378723094871825,0.7883024215698242,0.20561957359313965
500,15.0,8,2,1,1,1,18,2.828419147135341,10.518292373338841,13.322872657697367,0.7439684867858887,0.13358211517333984
500,15.0,8,2,1,1,1,19,2.828427039796773,10.974426684923216,13.633257856925868,0.7349762916564941,0.15065455436706543
500,15.0,8,2,1,1,1,20,2.8284231643995397,9.05466987063308,11.798874317067062,0.8001041412353516,0.20016145706176758
500,15.0,8,2,1,1,1,21,2.8284268476567163,9.300361063660377,12.113909972940622,0.8890485763549805,0.18614673614501953
500,15.0,8,2,1,1,1,22,2.828422687382879,9.91284931605865,12.65849021499335,0.7091989517211914,0.18437719345092773
500,15.0,8,2,1,1,1,23,2.82842702154313,8.597543339441637,11.025470446217554,0.7800018787384033,0.13756275177001953
500,15.0,8,2,1,1,1,24,2.828426926690628,9.193419004891387,11.564480038694091,0.9383561611175537,0.16522908210754395
500,15.5,8,2,1,1,1,0,2.8284256632071823,11.172455106726712,13.841262235907966,0.8393809795379639,0.13747644424438477
500,15.5,8,2,1,1,1,1,2.8284248746328275,10.951746702966789,13.225521969545609,0.7433881759643555,0.15270042419433594
500,15.5,8,2,1,1,1,2,2.8284271218558743,8.43936178011931,11.248624363349904,0.7074253559112549,0.13735318183898926
500,15.5,8,2,1,1,1,3,2.8284215641023147,8.770253770549594,11.484282691230263,0.761044979095459,0.16254973411560059
500,15.5,8,2,1,1,1,4,2.8284259705184938,10.115783001318064,12.435645509800317,0.720599889755249,0.17894649505615234
500,15.5,8,2,1,1,1,5,2.8284267480319323,9.861158490527247,12.658646493454205,0.7235040664672852,0.14144587516784668
500,15.5,8,2,1,1,1,6,2.8284266309166872,12.167450018808648,14.873508283875413,0.7594399452209473,0.16770291328430176
500,15.5,8,2,1,1,1,7,2.8284135920188054,9.507861825931503,12.286608753959172,0.7787353992462158,0.17700481414794922
500,15.5,8,2,1,1,1,8,2.828397935757769,9.624775902099937,12.413765881201513,0.7714700698852539,0.14690065383911133
500,15.5,8,2,1,1,1,9,2.828423834757789,10.488598979557649,13.299473464367274,0.7496378421783447,0.17709779739379883
500,15.5,8,2,1,1,1,10,2.8283230047687433,9.055355979728397,11.726943617308518,0.7379190921783447,0.1213836669921875
500,15.5,8,2,1,1,1,11,2.8284220394119455,10.253341442120105,12.959764716234766,0.8569800853729248,0.1420116424560547
500,15.5,8,2,1,1,1,12,2.828427123724956,9.914862150153557,12.483818964790263,0.9067845344543457,0.1197807788848877
500,15.5,8,2,1,1,1,13,2.8284266806084726,9.734948249554467,12.496019819919931,0.6616411209106445,0.12214803695678711
500,15.5,8,2,1,1,1,14,2.8284237484360517,10.657790884536434,13.442171835289423,0.6920735836029053,0.1488645076751709
500,15.5,8,2,1,1,1,15,2.828420755351983,11.218156571628244,14.031428499578237,0.7086005210876465,0.1817324161529541
500,15.5,8,2,1,1,1,16,2.828378585114506,8.661394335143695,11.223286611986696,0.8656411170959473,0.14499378204345703
500,15.5,8,2,1,1,1,17,2.828420773477426,8.560027977858118,10.994637472147229,0.6824088096618652,0.1483142375946045
500,15.5,8,2,1,1,1,18,2.8284249213643027,8.873307814264209,11.65930146318297,0.7555515766143799,0.1138606071472168
500,15.5,8,2,1,1,1,19,2.8284147392796757,9.244333750862651,11.61353355390699,0.6836187839508057,0.1309983730316162
500,15.5,8,2,1,1,1,20,2.8284039615290326,8.55403010611426,11.381693537759972,0.8492660522460938,0.1835627555847168
500,15.5,8,2,1,1,1,21,2.828425669720731,8.945364234925506,11.743131363369837,0.7011048793792725,0.16156244277954102
500,15.5,8,2,1,1,1,22,2.828414759004846,10.624405363795335,13.312802643410407,0.7353055477142334,0.13709664344787598
500,15.5,8,2,1,1,1,23,2.8284223186761044,9.497811279007617,12.031366463707894,0.6477532386779785,0.18676424026489258
500,15.5,8,2,1,1,1,24,2.828413972244367,9.808260761452482,12.121767721632084,0.8549573421478271,0.17413640022277832
500,16.0,8,2,1,1,1,0,2.828427113685475,11.948801481437572,14.683768481182362,0.7136473655700684,0.17307806015014648
500,16.0,8,2,1,1,1,1,2.828426637645088,8.021640933109321,10.513179730629105,0.6926143169403076,0.16150832176208496
500,16.0,8,2,1,1,1,2,2.8284271217524455,11.60447813545423,14.353991739799532,0.873466968536377,0.17238259315490723
500,16.0,8,2,1,1,1,3,2.828416105172499,10.031842075616414,12.765263088771324,0.8907020092010498,0.17646026611328125
500,16.0,8,2,1,1,1,4,2.82842423149394,9.392504710733542,12.080950254191961,0.7671024799346924,0.13517165184020996
500,16.0,8,2,1,1,1,5,2.8281580416879746,9.16059792756374,11.786165010047,0.6571433544158936,0.17547965049743652
500,16.0,8,2,1,1,1,6,2.828419508781107,8.716757514438168,11.323344030447748,0.7169821262359619,0.11687827110290527
500,16.0,8,2,1,1,1,7,2.828423211624855,11.192006335693371,12.283563219352063,0.857292890548706,0.15874123573303223
500,16.0,8,2,1,1,1,8,2.8284188663272762,9.28666292316477,11.852665467309226,0.8297097682952881,0.14963817596435547
500,16.0,8,2,1,1,1,9,2.828425243680414,10.696269199825217,12.671766275427396,0.7236015796661377,0.13735675811767578
500,16.0,8,2,1,1,1,10,2.8284252688142963,9.88833073538928,11.60047762247035,0.6671125888824463,0.16585063934326172
500,16.0,8,2,1,1,1,11,2.8284259488264656,8.996139203142727,11.594706749180503,0.7454543113708496,0.15363049507141113
500,16.0,8,2,1,1,1,12,2.8284170879303026,9.447753811668823,12.261784953121971,0.8619744777679443,0.19861793518066406
500,16.0,8,2,1,1,1,13,2.8284268986578374,11.504153145155122,14.216786763019364,0.7115168571472168,0.13331174850463867
500,16.0,8,2,1,1,1,14,2.828425218957135,11.668759875797674,14.367707013114439,0.7205133438110352,0.1742856502532959
500,16.0,8,2,1,1,1,15,2.828426898535825,10.050491487808385,12.841831729339813,0.7699763774871826,0.15665888786315918
500,16.0,8,2,1,1,1,16,2.828426504399839,10.834294354199134,13.083881987587484,0.7969419956207275,0.18619465827941895
500,16.0,8,2,1,1,1,17,2.8284219822296723,11.229852183685924,13.64287141824036,0.718982458114624,0.1702265739440918
500,16.0,8,2,1,1,1,18,2.8284213910576406,8.1374826943954,10.827458562911527,0.7899367809295654,0.18238282203674316
500,16.0,8,2,1,1,1,19,2.828402434944244,9.360696314668077,12.090572845092133,0.7230212688446045,0.1387019157409668
500,16.0,8,2,1,1,1,20,2.828425988044794,9.960082951684775,12.413599612464086,0.8819684982299805,0.16252493858337402
500,16.0,8,2,1,1,1,21,2.8284255434220005,11.152327029456186,13.966523318135547,0.7233641147613525,0.1418750286102295
500,16.0,8,2,1,1,1,22,2.828426214267003,10.498827568432347,13.266451987614467,0.7818019390106201,0.13766717910766602
500,16.0,8,2,1,1,1,23,2.8284264492829596,9.15353512280448,11.95657585257708,0.7759559154510498,0.1742238998413086
500,16.0,8,2,1,1,1,24,2.828394911179233,9.613673143949866,12.434108337728965,0.8753256797790527,0.1553354263305664
500,16.5,8,2,1,1,1,0,2.828426886329542,9.369444594086268,11.789430317814062,0.7080826759338379,0.14186644554138184
500,16.5,8,2,1,1,1,1,2.8283880210004253,10.006883368545223,12.262074278840823,0.7753665447235107,0.10431933403015137
500,16.5,8,2,1,1,1,2,2.8284182210099362,8.747776320607379,11.574673268388642,0.7029709815979004,0.14155888557434082
500,16.5,8,2,1,1,1,3,2.8284240659714275,10.448950366590479,13.256955511601644,0.940889835357666,0.17119693756103516
500,16.5,8,2,1,1,1,4,2.828421898323692,9.815644011512086,12.622881838685814,0.6570043563842773,0.16302227973937988
500,16.5,8,2,1,1,1,5,2.828417294086117,10.00114170828124,12.634265950877673,0.7218377590179443,0.1491849422454834
500,16.5,8,2,1,1,1,6,2.8284264693538743,10.585098306296066,13.397080438662202,0.726844072341919,0.16701102256774902
500,16.5,8,2,1,1,1,7,2.8284264258814806,10.308581606005216,13.04588312508386,0.7971689701080322,0.1792445182800293
500,16.5,8,2,1,1,1,8,2.828422847770438,8.770529194684613,11.193219197652464,0.9727387428283691,0.17273378372192383
500,16.5,8,2,1,1,1,9,2.8284066929559497,8.933114897172135,11.4237009073344,0.8355042934417725,0.17166352272033691
500,16.5,8,2,1,1,1,10,2.8283729663488795,10.433292439375004,13.261119091585513,0.6594533920288086,0.14528560638427734
500,16.5,8,2,1,1,1,11,2.828423619740887,9.921041489537936,12.604187418643416,0.9128878116607666,0.17072248458862305
500,16.5,8,2,1,1,1,12,2.828427074665874,9.32829870099773,12.153957975065527,0.7419257164001465,0.1583843231201172
500,16.5,8,2,1,1,1,13,2.8284210351566967,11.291994724430973,13.666511158596979,0.750342607498169,0.14403033256530762
500,16.5,8,2,1,1,1,14,2.8284265200443315,9.254537889551818,12.081323216687931,0.6461522579193115,0.19133925437927246
500,16.5,8,2,1,1,1,15,2.8284269631111,8.914960641009053,11.743385727459774,0.926109790802002,0.18429994583129883
500,16.5,8,2,1,1,1,16,2.8284193688848136,8.529760358446294,11.255010562919637,0.7613499164581299,0.14163517951965332
500,16.5,8,2,1,1,1,17,2.828418936012514,9.275878596951127,11.603915964091845,0.7091536521911621,0.14488673210144043
500,16.5,8,2,1,1,1,18,2.8284219086853115,11.81263981741501,14.33560413076551,0.6763913631439209,0.1625363826751709
500,16.5,8,2,1,1,1,19,2.8284198775076943,9.146686043245756,11.717795175683923,0.8431737422943115,0.17394280433654785
500,16.5,8,2,1,1,1,20,2.8284264655032794,9.131129495011594,11.805575189563413,0.8169529438018799,0.10985445976257324
500,16.5,8,2,1,1,1,21,2.828427069768874,10.108866030446165,12.905636293547039,0.7467443943023682,0.15379929542541504
500,16.5,8,2,1,1,1,22,2.8284270428314295,9.426834334316421,12.197151471353038,0.7452046871185303,0.13021135330200195
500,16.5,8,2,1,1,1,23,2.828424656716676,10.144687033597917,12.932975120461132,0.7731575965881348,0.1946403980255127
500,16.5,8,2,1,1,1,24,2.8284265744593395,11.791027892991565,13.430591524825084,1.0069191455841064,0.1924433708190918
500,17.0,8,2,1,1,1,0,2.8284269667746718,12.242448384658083,15.066746055622975,0.6992247104644775,0.17804884910583496
500,17.0,8,2,1,1,1,1,2.8283431803979036,9.489190512689587,12.155358673436057,0.6922376155853271,0.11963939666748047
500,17.0,8,2,1,1,1,2,2.8284212354138574,9.283846575727166,11.834810603009766,0.7801284790039062,0.16358137130737305
500,17.0,8,2,1,1,1,3,2.828394485571569,9.811592850385058,12.25270743027935,0.868293046951294,0.14827966690063477
500,17.0,8,2,1,1,1,4,2.8284265745559978,10.705865876408648,13.4673272264153,0.7243504524230957,0.1743183135986328
500,17.0,8,2,1,1,1,5,2.8284212157133326,9.819202063467639,12.646709327982546,0.7349727153778076,0.13230228424072266
500,17.0,8,2,1,1,1,6,2.8284271221217505,11.827301624931978,14.616539883476513,0.7461464405059814,0.1493515968322754
500,17.0,8,2,1,1,1,7,2.8284219665990338,9.632485681799523,12.460872259318105,0.8471317291259766,0.1556997299194336
500,17.0,8,2,1,1,1,8,2.8284261983388186,10.007648486259724,12.54138440925841,0.7771220207214355,0.13167691230773926
500,17.0,8,2,1,1,1,9,2.8284262267108553,10.854509065357615,13.637166362389241,0.6782748699188232,0.1669292449951172
500,17.0,8,2,1,1,1,10,2.828424871424523,10.083460783454509,12.838961239170475,0.7508165836334229,0.15557861328125
500,17.0,8,2,1,1,1,11,2.828424686004921,9.196622081629403,11.789081666860556,0.8343563079833984,0.20179367065429688
500,17.0,8,2,1,1,1,12,2.828425985085621,8.841230578799674,11.655845271015654,0.7681622505187988,0.15438437461853027
500,17.0,8,2,1,1,1,13,2.828423588440103,8.711727855321389,11.27679113523545,0.7840077877044678,0.13793063163757324
500,17.0,8,2,1,1,1,14,2.82842627174111,10.909900199696118,13.717057885639253,0.8571627140045166,0.1945359706878662
500,17.0,8,2,1,1,1,15,2.828426218048719,11.977835754234283,14.783462555304386,0.8891375064849854,0.1810441017150879
500,17.0,8,2,1,1,1,16,2.828424119801662,9.72695738532939,12.517987746778452,0.7618558406829834,0.14232707023620605
500,17.0,8,2,1,1,1,17,2.8284253363335154,12.700105590308452,14.288984285375465,0.6547229290008545,0.14393019676208496
500,17.0,8,2,1,1,1,18,2.828427118514161,11.25657059234747,13.858533815670759,0.7986950874328613,0.10269379615783691
500,17.0,8,2,1,1,1,19,2.828419576397013,10.945146183111994,13.682039178253662,0.8851821422576904,0.18215727806091309
500,17.0,8,2,1,1,1,20,2.828424767422238,11.957771024382604,14.661703583181048,0.7567670345306396,0.16858959197998047
500,17.0,8,2,1,1,1,21,2.8284253581126797,10.063243288209911,12.65021579410793,0.7183859348297119,0.11662793159484863
500,17.0,8,2,1,1,1,22,2.828419394466193,8.890449183931493,11.718038156616748,0.7434375286102295,0.16197967529296875
500,17.0,8,2,1,1,1,23,2.8284228286198663,10.648042443009432,13.393099961344221,0.6993699073791504,0.14430022239685059
500,17.0,8,2,1,1,1,24,2.8283932286857665,9.345848949599684,12.167766317870887,0.8551154136657715,0.14618492126464844
500,17.5,8,2,1,1,1,0,2.8284267101024385,9.730187006960998,12.203981969617724,0.6454381942749023,0.1478748321533203
500,17.5,8,2,1,1,1,1,2.8284254437968315,9.346980243918749,12.025825766615698,0.8169963359832764,0.1617269515991211
500,17.5,8,2,1,1,1,2,2.828420363220605,9.754052274052821,12.216220300654241,0.752065896987915,0.14053678512573242
500,17.5,8,2,1,1,1,3,2.8284191003928068,9.892133067398214,12.682630180295428,0.8521823883056641,0.20799016952514648
500,17.5,8,2,1,1,1,4,2.8284263229292295,8.916642423384433,11.575687630442888,0.7685527801513672,0.18289542198181152
500,17.5,8,2,1,1,1,5,2.8283994508300805,9.008244911811655,11.824835404193733,0.8977193832397461,0.1254415512084961
500,17.5,8,2,1,1,1,6,2.828423524554516,9.866110514542225,12.621704874894672,0.8168420791625977,0.1547412872314453
500,17.5,8,2,1,1,1,7,2.82842697313299,11.8331741054021,14.622111073210897,0.693958044052124,0.15022563934326172
500,17.5,8,2,1,1,1,8,2.8283456239357703,10.570283248879106,13.398599402511355,0.7197070121765137,0.14858031272888184
500,17.5,8,2,1,1,1,9,2.828427112620121,8.948631694265318,11.592757130523752,0.7197539806365967,0.1537761688232422
500,17.5,8,2,1,1,1,10,2.828413716692223,9.255794211140346,12.0839226577608,0.730720043182373,0.16420817375183105
500,17.5,8,2,1,1,1,11,2.8284229601772246,9.356550822482825,12.0903298105543,0.8370943069458008,0.19659781455993652
500,17.5,8,2,1,1,1,12,2.8284230396037975,12.119535809117298,14.867371980869228,0.6824569702148438,0.1462399959564209
500,17.5,8,2,1,1,1,13,2.8284237894826396,10.849954510344027,13.630725962850057,0.7562606334686279,0.11357808113098145
500,17.5,8,2,1,1,1,14,2.8284270116974772,10.62022249898264,12.83261421791158,0.7254009246826172,0.18497157096862793
500,17.5,8,2,1,1,1,15,2.8284241432839763,8.613093388773098,11.289976352218636,0.8299825191497803,0.17727398872375488
500,17.5,8,2,1,1,1,16,2.8284271203794513,9.009848636559715,11.823691629662665,0.7194664478302002,0.1593325138092041
500,17.5,8,2,1,1,1,17,2.8284214136838606,8.650902003651558,11.287398862553061,0.7081303596496582,0.1252303123474121
500,17.5,8,2,1,1,1,18,2.828426939863815,9.217333866566861,12.006558685201142,0.7512080669403076,0.15346956253051758
500,17.5,8,2,1,1,1,19,2.8284265742456682,8.382514803455857,11.201774060792584,0.7980349063873291,0.1830611228942871
500,17.5,8,2,1,1,1,20,2.828427015107381,8.846794090389462,11.668714538717818,0.9250438213348389,0.180938720703125
500,17.5,8,2,1,1,1,21,2.8284217373348737,9.234584003996382,11.861592988526507,0.6683938503265381,0.1553342342376709
500,17.5,8,2,1,1,1,22,2.8284172195638053,8.471090571893178,11.268758696965447,0.7516341209411621,0.13425207138061523
500,17.5,8,2,1,1,1,23,2.8284252426827434,7.727341126655142,10.538828834136696,0.8716378211975098,0.18140125274658203
500,17.5,8,2,1,1,1,24,2.8284246854733435,11.461516770678697,14.151609473051625,0.7181727886199951,0.15752148628234863
500,18.0,8,2,1,1,1,0,2.8284270755109313,8.85034770750139,11.677917810789474,0.7292988300323486,0.14934921264648438
500,18.0,8,2,1,1,1,1,2.828423187477361,9.94976100684089,12.777813746607734,0.676954984664917,0.15207433700561523
500,18.0,8,2,1,1,1,2,2.828427003000607,8.953047021606523,11.708850184842646,0.7978363037109375,0.14254522323608398
500,18.0,8,2,1,1,1,3,2.828396117498934,7.926226991582165,10.738561636380478,0.7782552242279053,0.14875173568725586
500,18.0,8,2,1,1,1,4,2.8284184991666823,10.590078933137002,13.390550903103613,0.6954624652862549,0.16103768348693848
500,18.0,8,2,1,1,1,5,2.828422555453439,11.61731915905652,14.385724660903051,0.6273794174194336,0.1584014892578125
500,18.0,8,2,1,1,1,6,2.8284270432586496,8.551081566622674,11.363325731392178,0.8000409603118896,0.13518047332763672
500,18.0,8,2,1,1,1,7,2.828427107744275,10.262191857020388,11.658591933401716,0.8645198345184326,0.19696545600891113
500,18.0,8,2,1,1,1,8,2.828426875156546,10.594221492810854,13.422090456880394,0.7505378723144531,0.13608241081237793
500,18.0,8,2,1,1,1,9,2.8284238129243873,10.659553541621428,13.21954245111095,0.7860732078552246,0.1388227939605713
500,18.0,8,2,1,1,1,10,2.828424646554522,9.376140837167585,12.103409478345876,0.6767542362213135,0.17951154708862305
500,18.0,8,2,1,1,1,11,2.828426450561407,10.673872588141325,13.275965065131853,0.9583399295806885,0.208174467086792
500,18.0,8,2,1,1,1,12,2.8284271235975935,9.586078539120809,12.331254002906435,0.712263822555542,0.14675235748291016
500,18.0,8,2,1,1,1,13,2.82842575278522,9.52744113494276,12.335566788679834,0.7577908039093018,0.10403776168823242
500,18.0,8,2,1,1,1,14,2.8284269652474747,9.013207260866384,11.630259403624043,0.6606528759002686,0.17079973220825195
500,18.0,8,2,1,1,1,15,2.828426440186295,10.30503973163096,13.046245049559133,0.8787686824798584,0.1402451992034912
500,18.0,8,2,1,1,1,16,2.8284270298194154,9.756513872005094,12.579244583903062,0.7470111846923828,0.14024925231933594
500,18.0,8,2,1,1,1,17,2.828426903202318,9.222399454542492,11.195656277499594,0.6828532218933105,0.1411294937133789
500,18.0,8,2,1,1,1,18,2.8284269772432977,9.413540394670553,12.209992865231698,0.7515408992767334,0.14244413375854492
500,18.0,8,2,1,1,1,19,2.8284270767589237,9.698107417229926,11.916102867930944,0.8712747097015381,0.18228888511657715
500,18.0,8,2,1,1,1,20,2.828405276673193,10.096916939468628,12.276622609451788,0.7229781150817871,0.1342463493347168
500,18.0,8,2,1,1,1,21,2.828424891143836,7.644049273443306,10.327622006958874,0.6931581497192383,0.17602944374084473
500,18.0,8,2,1,1,1,22,2.8284271227293525,10.657252414701766,13.211842478517047,0.6769859790802002,0.15571308135986328
500,18.0,8,2,1,1,1,23,2.82842688383241,8.622519665038244,11.214892364526591,0.8520972728729248,0.17706632614135742
500,18.0,8,2,1,1,1,24,2.828426504227378,10.399098024893341,13.208051189811249,0.7615194320678711,0.16259312629699707
500,18.5,8,2,1,1,1,0,2.8284082089521876,11.149021148728096,13.959466824386014,0.6864697933197021,0.1548137664794922
500,18.5,8,2,1,1,1,1,2.828406469316593,10.21877427003387,12.856252679581772,0.8994295597076416,0.17278027534484863
500,18.5,8,2,1,1,1,2,2.8284255664317866,9.267239472946379,12.09375744484173,0.9270956516265869,0.17285418510437012
500,18.5,8,2,1,1,1,3,2.8284167046468536,11.364764611735334,14.18712116266078,0.7579605579376221,0.1359720230102539
500,18.5,8,2,1,1,1,4,2.828427065981222,11.477019960300447,13.718029378657597,0.7416894435882568,0.15753436088562012
500,18.5,8,2,1,1,1,5,2.8284199824919924,9.961000965813328,12.402026399494327,0.7486510276794434,0.15598583221435547
500,18.5,8,2,1,1,1,6,2.82842601771573,10.147839832819807,12.930394502070925,0.7991335391998291,0.19112253189086914
500,18.5,8,2,1,1,1,7,2.828426677913481,8.962874717989607,11.552142866378087,0.7399423122406006,0.1521773338317871
500,18.5,8,2,1,1,1,8,2.8284261837986326,10.900777088203629,13.657216094592505,0.7423231601715088,0.15301251411437988
500,18.5,8,2,1,1,1,9,2.828387894946274,9.704741605546582,12.527558075664182,0.6486825942993164,0.189622163772583
500,18.5,8,2,1,1,1,10,2.828387696808355,11.5496525904051,14.301982301697459,0.8802435398101807,0.19789385795593262
500,18.5,8,2,1,1,1,11,2.8284256508944616,9.906199802337914,12.664005158785915,0.7130100727081299,0.17836308479309082
500,18.5,8,2,1,1,1,12,2.8284263724735843,9.113682403222658,11.827710375672343,0.7379539012908936,0.1685781478881836
500,18.5,8,2,1,1,1,13,2.8284268442499743,10.234094871831086,13.036668888261715,0.757481575012207,0.13409638404846191
500,18.5,8,2,1,1,1,14,2.8284247387186343,8.983656356700997,11.555537418853998,0.9719488620758057,0.17005681991577148
500,18.5,8,2,1,1,1,15,2.8284245281972322,10.05104025868289,12.616060747850172,0.6816418170928955,0.16756176948547363
500,18.5,8,2,1,1,1,16,2.8284247592942564,8.5390054123819,10.93749246378273,0.8398663997650146,0.20064997673034668
500,18.5,8,2,1,1,1,17,2.8284259606885622,9.11339833500772,11.941824295696282,0.73777174949646,0.16419339179992676
500,18.5,8,2,1,1,1,18,2.8284228793697377,8.847850960093284,11.221402466781822,0.8425569534301758,0.20185303688049316
500,18.5,8,2,1,1,1,19,2.828336224359907,10.010836321465996,12.838964255024393,0.7721538543701172,0.14557814598083496
500,18.5,8,2,1,1,1,20,2.82842699512823,9.86429857458113,12.327896014004727,0.6872730255126953,0.16791796684265137
500,18.5,8,2,1,1,1,21,2.8283874100105826,11.078007486306591,13.900561054238302,0.7565617561340332,0.13477206230163574
500,18.5,8,2,1,1,1,22,2.8283983382885123,9.625330633711656,12.247805954457094,0.8639662265777588,0.22291994094848633
500,18.5,8,2,1,1,1,23,2.8284190653296357,9.361810841370419,11.521335740665137,0.7603719234466553,0.13840699195861816
500,18.5,8,2,1,1,1,24,2.8284269647184375,9.812735593795328,12.32409598924677,0.7019274234771729,0.119598388671875
500,19.0,8,2,1,1,1,0,2.8284261863937634,9.732200656937426,12.552470519687672,0.7842824459075928,0.1175537109375
500,19.0,8,2,1,1,1,1,2.8284237851824514,11.142582262944996,13.945996479236621,0.7820305824279785,0.1902759075164795
500,19.0,8,2,1,1,1,2,2.8284264661073713,9.400986332726454,11.255423186493072,0.8950896263122559,0.12532448768615723
500,19.0,8,2,1,1,1,3,2.8283010611183337,11.702610746058248,14.424666317582309,0.7571589946746826,0.16297101974487305
500,19.0,8,2,1,1,1,4,2.828427054552116,9.598007311335778,11.493297422264437,0.6933503150939941,0.12626433372497559
500,19.0,8,2,1,1,1,5,2.8284112359013265,9.215895819005052,11.881848416297684,0.8291647434234619,0.1409764289855957
500,19.0,8,2,1,1,1,6,2.8283747044266723,10.358591012574587,12.981820860465977,0.9903461933135986,0.19600796699523926
500,19.0,8,2,1,1,1,7,2.82842615839397,9.971557625904602,12.755697967282154,0.7276091575622559,0.16467523574829102
500,19.0,8,2,1,1,1,8,2.828420673498435,9.029986580853635,11.85327440777029,0.6861162185668945,0.13894248008728027
500,19.0,8,2,1,1,1,9,2.828424015006942,8.591138544494111,11.251952876553093,0.842353105545044,0.16163229942321777
500,19.0,8,2,1,1,1,10,2.828425539629515,10.295665052638995,13.105282835462988,0.7293047904968262,0.15003204345703125
500,19.0,8,2,1,1,1,11,2.8283726904081026,10.625280649966657,12.12929063318081,0.6819055080413818,0.15098142623901367
500,19.0,8,2,1,1,1,12,2.8284151225737886,10.607475557638942,12.648943048187764,0.7377355098724365,0.15139293670654297
500,19.0,8,2,1,1,1,13,2.828426296301757,10.505016979215299,13.110480184767876,0.7862310409545898,0.14210724830627441
500,19.0,8,2,1,1,1,14,2.8284221516473393,10.912059619619045,13.63864456905182,0.7282493114471436,0.17305493354797363
500,19.0,8,2,1,1,1,15,2.8284268809362194,9.506960862487336,12.334323609956297,0.6817207336425781,0.14105939865112305
500,19.0,8,2,1,1,1,16,2.828426403049964,9.969031093955033,12.654084570400252,0.757605791091919,0.11396574974060059
500,19.0,8,2,1,1,1,17,2.828407364127818,11.025606663459815,13.52666061344827,0.7859878540039062,0.1564652919769287
500,19.0,8,2,1,1,1,18,2.828426639269187,11.242275046697909,13.472305826779564,0.7939364910125732,0.14769291877746582
500,19.0,8,2,1,1,1,19,2.8284250156990964,9.64997035955336,12.44202960141997,0.7131478786468506,0.14650917053222656
500,19.0,8,2,1,1,1,20,2.8284266547320116,8.787664323740318,11.583853293326232,0.773179292678833,0.14783310890197754
500,19.0,8,2,1,1,1,21,2.828426616886066,8.658033406834152,11.398855644311599,0.7735757827758789,0.18132567405700684
500,19.0,8,2,1,1,1,22,2.828427117745803,10.284861691257007,13.097318229558777,1.042938470840454,0.18049907684326172
500,19.0,8,2,1,1,1,23,2.8284264811744255,9.167673408025362,11.382614052632125,0.7370357513427734,0.1434791088104248
500,19.0,8,2,1,1,1,24,2.82842289366285,8.27442603361517,10.86655005976595,0.7381839752197266,0.1555483341217041
500,19.5,8,2,1,1,1,0,2.8284223487401774,8.935128572059389,11.682778368638361,0.7763411998748779,0.1526038646697998
500,19.5,8,2,1,1,1,1,2.8284205928681794,9.427952144793371,11.76815747750674,0.903827428817749,0.1744675636291504
500,19.5,8,2,1,1,1,2,2.828421630958145,9.652657913011224,12.393098049194698,0.7904753684997559,0.14228296279907227
500,19.5,8,2,1,1,1,3,2.8283988502649535,9.760107786933323,12.459416622902936,0.7115113735198975,0.16481947898864746
500,19.5,8,2,1,1,1,4,2.8283594961577982,9.19378065109184,11.415212559675775,0.7711489200592041,0.13905024528503418
500,19.5,8,2,1,1,1,5,2.8284184124155414,10.086688951048073,12.895605416868726,0.8635106086730957,0.1709287166595459
500,19.5,8,2,1,1,1,6,2.828410383406771,8.73614229453264,11.46695953246289,0.7538878917694092,0.13855576515197754
500,19.5,8,2,1,1,1,7,2.828423584125395,9.828997551601372,12.657163046286644,0.6940140724182129,0.11764645576477051
500,19.5,8,2,1,1,1,8,2.828426569427539,12.180402319144624,14.660145201410721,0.7122843265533447,0.1278095245361328
500,19.5,8,2,1,1,1,9,2.8284014329701876,9.428051250016846,12.085730414816528,0.7710995674133301,0.19455981254577637
500,19.5,8,2,1,1,1,10,2.828409128296212,9.997307223236941,12.742043602723772,0.8065104484558105,0.13450169563293457
500,19.5,8,2,1,1,1,11,2.8284256379619204,8.939292075934967,11.432139541847777,0.7555949687957764,0.1437513828277588
500,19.5,8,2,1,1,1,12,2.82841988740021,9.553203873664737,12.375512300144907,0.7869737148284912,0.18320941925048828
500,19.5,8,2,1,1,1,13,2.8284174018141037,10.469902917963385,13.227773234214482,0.8674037456512451,0.2069692611694336
500,19.5,8,2,1,1,1,14,2.8284234769838874,9.786979151276736,12.515084978298892,0.7497239112854004,0.1472783088684082
500,19.5,8,2,1,1,1,15,2.8284271247278157,9.793177047407573,12.099771866541253,0.8001482486724854,0.12608957290649414
500,19.5,8,2,1,1,1,16,2.828426280272696,11.058859909645374,13.824080177738898,0.7271533012390137,0.1528000831604004
500,19.5,8,2,1,1,1,17,2.82842708292473,8.665473775962509,11.429832926047888,0.8865125179290771,0.18538141250610352
500,19.5,8,2,1,1,1,18,2.828426958416159,10.279574689866381,13.087502633324748,0.7350389957427979,0.12912249565124512
500,19.5,8,2,1,1,1,19,2.8284267080612726,12.5873758589828,15.22465247315591,0.7495088577270508,0.1301276683807373
500,19.5,8,2,1,1,1,20,2.828427020262252,11.212742346989096,14.038388474788201,0.6905703544616699,0.13596463203430176
500,19.5,8,2,1,1,1,21,2.828427044547647,11.542812100454803,14.33884817125558,0.869328498840332,0.17270350456237793
500,19.5,8,2,1,1,1,22,2.828426610035982,9.973659086138545,12.710260256761286,0.7432844638824463,0.17143869400024414
500,19.5,8,2,1,1,1,23,2.828423935580457,10.88943900360356,13.515563237711277,0.7816166877746582,0.18450498580932617
500,19.5,8,2,1,1,1,24,2.828422551864672,9.634230485095616,12.462356049907914,0.7052199840545654,0.18198776245117188
500,20.0,8,2,1,1,1,0,2.828413093300955,10.07920290570319,12.907137098284245,0.8611807823181152,0.18565654754638672
500,20.0,8,2,1,1,1,1,2.828427094783907,8.599168379639622,11.359481038146823,0.7925572395324707,0.13615202903747559
500,20.0,8,2,1,1,1,2,2.8284246186041426,10.26645563761999,13.088032332640873,0.8900539875030518,0.18399810791015625
500,20.0,8,2,1,1,1,3,2.828424695428341,8.426632764810734,10.963549664430396,0.7582554817199707,0.15711617469787598
500,20.0,8,2,1,1,1,4,2.828425971257591,8.657806676563817,11.460840875894792,0.8681371212005615,0.19271135330200195
500,20.0,8,2,1,1,1,5,2.8284261130523274,10.507504353422682,13.219370107487505,0.8486218452453613,0.1750643253326416
500,20.0,8,2,1,1,1,6,2.8284167805441593,11.994723263608131,14.816503443501245,0.6841385364532471,0.14241290092468262
500,20.0,8,2,1,1,1,7,2.8284257586173753,11.58530849926912,14.135591318715367,0.6677372455596924,0.14164113998413086
500,20.0,8,2,1,1,1,8,2.828335541112269,10.761237529306165,13.309291024222945,0.9169697761535645,0.16736412048339844
500,20.0,8,2,1,1,1,9,2.828425524845742,9.524647389774376,12.344877222539555,0.7088627815246582,0.16869497299194336
500,20.0,8,2,1,1,1,10,2.828425030348158,9.2530741863288,12.080906080285613,0.7630643844604492,0.1363544464111328
500,20.0,8,2,1,1,1,11,2.8284253225549745,9.431774072661357,12.17562299268775,0.7250692844390869,0.16281986236572266
500,20.0,8,2,1,1,1,12,2.828427123250425,9.483398272904937,12.280117371223758,0.8146383762359619,0.16074872016906738
500,20.0,8,2,1,1,1,13,2.8284251241267993,8.989648305237631,11.811490100206756,0.7980773448944092,0.18026018142700195
500,20.0,8,2,1,1,1,14,2.828409307512533,9.104964528225626,11.821916714707793,0.7795448303222656,0.17043519020080566
500,20.0,8,2,1,1,1,15,2.828405072960403,10.39144077063023,13.21395720394472,0.7470464706420898,0.14775443077087402
500,20.0,8,2,1,1,1,16,2.8284249880184102,10.263960430991554,12.963476876918623,0.9038054943084717,0.1791377067565918
500,20.0,8,2,1,1,1,17,2.828426728463357,8.58744701995792,11.412784109742095,0.8848516941070557,0.17431902885437012
500,20.0,8,2,1,1,1,18,2.8284269768481183,9.374055921220817,12.186690481857292,0.7737784385681152,0.13664555549621582
500,20.0,8,2,1,1,1,19,2.8284271004100217,9.607162365063038,12.424284252292734,0.716254472732544,0.16840720176696777
500,20.0,8,2,1,1,1,20,2.8283841046103793,8.684973048708615,11.08403345105916,0.9201085567474365,0.17761993408203125
500,20.0,8,2,1,1,1,21,2.828322978586759,11.021163962437726,13.40658663247313,0.6781036853790283,0.14020895957946777
500,20.0,8,2,1,1,1,22,2.8284113758046017,9.405372583260272,11.647611710376847,0.7778472900390625,0.1356518268585205
500,20.0,8,2,1,1,1,23,2.8284258084893286,9.49099651487252,12.086050395510162,0.7583348751068115,0.12959885597229004
500,20.0,8,2,1,1,1,24,2.828409829661629,11.120250918200172,13.813009087269245,0.8535850048065186,0.18712210655212402
500,20.5,8,2,1,1,1,0,2.8283658246764456,10.097750626940735,12.810626683226854,0.672027587890625,0.14832425117492676
500,20.5,8,2,1,1,1,1,2.8284270046366653,11.20413941847719,14.00381576304537,0.7851479053497314,0.13787603378295898
500,20.5,8,2,1,1,1,2,2.828426945251072,9.684767820152164,11.827539048580228,0.7210700511932373,0.18239879608154297
500,20.5,8,2,1,1,1,3,2.8284245642073516,9.838664806744061,12.556662789971476,0.8579292297363281,0.20220088958740234
500,20.5,8,2,1,1,1,4,2.828415474476418,11.330969031301885,14.154776534318529,0.7721567153930664,0.15631866455078125
500,20.5,8,2,1,1,1,5,2.8284235306560315,10.177621196636006,12.752541846045993,0.7255368232727051,0.14270591735839844
500,20.5,8,2,1,1,1,6,2.8283895953767275,8.518904881974114,11.247101199953264,0.6918258666992188,0.13445329666137695
500,20.5,8,2,1,1,1,7,2.8284271246675488,8.93846091328412,11.76017539363508,0.7889232635498047,0.18297314643859863
500,20.5,8,2,1,1,1,8,2.8284088763203057,9.867652927626244,12.609397023439376,0.7522990703582764,0.1509847640991211
500,20.5,8,2,1,1,1,9,2.8284097307634073,9.629300667714304,12.449036821874348,0.7684037685394287,0.13358306884765625
500,20.5,8,2,1,1,1,10,2.8284270988836497,9.750386521458797,12.578679152140094,0.7590885162353516,0.16149234771728516
500,20.5,8,2,1,1,1,11,2.8284265264231014,9.752713363994188,12.579624683868893,0.8637669086456299,0.1961686611175537
500,20.5,8,2,1,1,1,12,2.828415028313601,8.210617375773818,11.031930464418704,0.7173066139221191,0.1413874626159668
500,20.5,8,2,1,1,1,13,2.8284269586624293,8.7879418595783,11.560326733673667,0.7069680690765381,0.1819167137145996
500,20.5,8,2,1,1,1,14,2.8284271070593316,9.678542548249823,12.480744544952781,0.7755086421966553,0.14113593101501465
500,20.5,8,2,1,1,1,15,2.8284271000326826,10.379251943046862,13.190327919462414,0.7673592567443848,0.17900657653808594
500,20.5,8,2,1,1,1,16,2.82841716179737,9.101261256137821,11.694656823504578,0.7377510070800781,0.16311979293823242
500,20.5,8,2,1,1,1,17,2.8284266062528567,9.460949229623493,12.266725984269659,0.7336978912353516,0.13478469848632812
500,20.5,8,2,1,1,1,18,2.828338359351192,9.424251356245648,12.114504128881219,0.7708814144134521,0.14207839965820312
500,20.5,8,2,1,1,1,19,2.828418479010859,9.051949786307716,11.803443690477943,0.8438546657562256,0.15716981887817383
500,20.5,8,2,1,1,1,20,2.828376601437956,9.511697798291793,12.064238037932085,0.7194671630859375,0.1536405086517334
500,20.5,8,2,1,1,1,21,2.828426176167427,11.002321123427327,13.813366234711918,0.7445619106292725,0.142228364944458
500,20.5,8,2,1,1,1,22,2.828426654503895,8.609542483609221,11.041698103485642,0.8058240413665771,0.1744365692138672
500,20.5,8,2,1,1,1,23,2.828415749470905,9.653149262318234,12.445918768400778,0.9111356735229492,0.18377041816711426
500,20.5,8,2,1,1,1,24,2.828426673249588,11.35252472701633,14.178937906517847,0.7869021892547607,0.13334870338439941
500,21.0,8,2,1,1,1,0,2.828426645156731,8.533823576512317,11.224529075594733,0.7855539321899414,0.14129281044006348
500,21.0,8,2,1,1,1,1,2.8284167913741864,9.638080929974237,12.101430349292881,0.6922659873962402,0.18574857711791992
500,21.0,8,2,1,1,1,2,2.8284258744287554,8.860370609102075,11.412507621422224,0.8909974098205566,0.18916678428649902
500,21.0,8,2,1,1,1,3,2.8284270937741494,11.89205561074133,14.703091091693759,0.6932594776153564,0.14233946800231934
500,21.0,8,2,1,1,1,4,2.8283796335178546,9.657663307986681,12.470733313542851,0.8031477928161621,0.14468073844909668
500,21.0,8,2,1,1,1,5,2.8284192973629136,9.840983086242296,12.551463413850321,0.677849292755127,0.17687654495239258
500,21.0,8,2,1,1,1,6,2.828423666997547,10.793196037313715,13.597712993647393,0.7916481494903564,0.16949105262756348
500,21.0,8,2,1,1,1,7,2.828423676334825,9.608536265103504,11.971904291000115,0.7743983268737793,0.15319108963012695
500,21.0,8,2,1,1,1,8,2.828426848929541,11.122333230596578,13.793996414464099,0.6654105186462402,0.1432967185974121
500,21.0,8,2,1,1,1,9,2.828424669814485,10.653856784979999,13.464064356370912,0.6989095211029053,0.14963769912719727
500,21.0,8,2,1,1,1,10,2.8284259194229624,9.888253125685731,12.688399467057783,0.6654512882232666,0.17557692527770996
500,21.0,8,2,1,1,1,11,2.828359077413148,10.404289167052227,13.138316420770964,0.9234218597412109,0.17081975936889648
500,21.0,8,2,1,1,1,12,2.8283935921760643,9.995837153655172,12.627011177231251,0.8620216846466064,0.20366263389587402
500,21.0,8,2,1,1,1,13,2.8284268805299293,10.012541764193465,12.837121570959264,0.9733667373657227,0.16882038116455078
500,21.0,8,2,1,1,1,14,2.8284270992896663,10.58220789719691,13.347647795147907,0.7728307247161865,0.17384910583496094
500,21.0,8,2,1,1,1,15,2.8284162560763924,10.298358924613064,12.892448827166646,0.7182633876800537,0.13812565803527832
500,21.0,8,2,1,1,1,16,2.82840115294258,9.334096510065995,12.156513125937648,0.70345139503479,0.12430763244628906
500,21.0,8,2,1,1,1,17,2.8284236819944644,9.094044295051939,11.732965082443096,0.7343289852142334,0.15078115463256836
500,21.0,8,2,1,1,1,18,2.8284270996707854,11.276178912823294,14.069170584363366,0.6390674114227295,0.12882566452026367
500,21.0,8,2,1,1,1,19,2.8284252531972025,10.625805228528153,13.40435417106817,0.9338383674621582,0.17575669288635254
500,21.0,8,2,1,1,1,20,2.8284264875073877,8.270819831301017,10.9701406458279,0.6464126110076904,0.16991066932678223
500,21.0,8,2,1,1,1,21,2.828421520067711,9.531216062064846,12.142919172360765,0.7466034889221191,0.1334986686706543
500,21.0,8,2,1,1,1,22,2.828269221507907,10.337713983711971,12.174324693587778,0.704066276550293,0.1711585521697998
500,21.0,8,2,1,1,1,23,2.8284268211278256,10.590515863551504,13.393724337222539,0.8606083393096924,0.1790332794189453
500,21.0,8,2,1,1,1,24,2.8284268887013555,9.37244208615557,12.194611162630222,0.7049996852874756,0.18637919425964355
500,21.5,8,2,1,1,1,0,2.82841789963991,10.441414207806696,12.72087499969384,0.7068548202514648,0.1506965160369873
500,21.5,8,2,1,1,1,1,2.828423596766518,9.486619140641789,11.673232229867073,0.7730426788330078,0.1248619556427002
500,21.5,8,2,1,1,1,2,2.828426723386432,8.419250656221736,11.197365639572617,0.7877061367034912,0.185089111328125
500,21.5,8,2,1,1,1,3,2.82842711903806,8.14542414462246,10.859116204744057,0.8737595081329346,0.17818498611450195
500,21.5,8,2,1,1,1,4,2.8283935872715364,9.67884127359892,11.857516721885661,0.7472105026245117,0.14102649688720703
500,21.5,8,2,1,1,1,5,2.8284120417760295,9.170922839810396,11.90301143439045,0.6976156234741211,0.14222168922424316
500,21.5,8,2,1,1,1,6,2.8284242908994988,8.779971375077421,11.282566654380496,0.9076342582702637,0.18730616569519043
500,21.5,8,2,1,1,1,7,2.8284267902558837,10.887933338380222,13.715968741534489,0.6899311542510986,0.15335965156555176
500,21.5,8,2,1,1,1,8,2.8284199886600208,10.721996537706307,13.54239709676543,0.6889081001281738,0.13660478591918945
500,21.5,8,2,1,1,1,9,2.8284269114327714,9.275624545800722,12.011107085011277,0.8691198825836182,0.1700887680053711
500,21.5,8,2,1,1,1,10,2.8284045438450915,8.658381459690595,11.202609249760537,0.7712411880493164,0.20389509201049805
500,21.5,8,2,1,1,1,11,2.828426071872218,9.107593093758389,11.459609645444925,0.679384708404541,0.16583251953125
500,21.5,8,2,1,1,1,12,2.8284254371627253,9.808824813900088,12.344792213098046,0.7394185066223145,0.13338351249694824
500,21.5,8,2,1,1,1,13,2.828398582114775,11.109640321916592,13.792704869688524,0.7387313842773438,0.1869823932647705
500,21.5,8,2,1,1,1,14,2.82841019330754,9.732363521578474,12.491629234112668,0.7218081951141357,0.16115355491638184
500,21.5,8,2,1,1,1,15,2.8284159201617554,9.303255495887493,12.12020633899911,0.9040963649749756,0.15236473083496094
500,21.5,8,2,1,1,1,16,2.8284257632448937,10.469997355107676,13.167586491786814,0.7727859020233154,0.15031933784484863
500,21.5,8,2,1,1,1,17,2.828419309490626,10.613875135166817,13.379081180822055,0.7438101768493652,0.12768864631652832
500,21.5,8,2,1,1,1,18,2.8284223822082692,9.644788328433442,12.295478046567414,0.7563626766204834,0.18181347846984863
500,21.5,8,2,1,1,1,19,2.8284154259550767,8.994164999035677,11.817320192086484,0.9408016204833984,0.20682287216186523
500,21.5,8,2,1,1,1,20,2.828426785117555,10.394388193954788,13.21301286401602,0.7064046859741211,0.17023491859436035
500,21.5,8,2,1,1,1,21,2.828425996703042,11.496450348994603,14.321997105206417,0.7491586208343506,0.15941500663757324
500,21.5,8,2,1,1,1,22,2.828424582059301,11.221352694420355,13.822620778963653,0.7263550758361816,0.19256258010864258
500,21.5,8,2,1,1,1,23,2.828420081856974,10.150981368678456,12.902797980671075,0.8870565891265869,0.17429423332214355
500,21.5,8,2,1,1,1,24,2.828426910219045,9.068200348496823,11.855279475278437,0.7311415672302246,0.14005589485168457
500,22.0,8,2,1,1,1,0,2.8284233160834065,10.35615703069126,13.006709947299468,0.6821901798248291,0.14356565475463867
500,22.0,8,2,1,1,1,1,2.8284271134378107,9.310602241415062,11.22892762962606,0.7450821399688721,0.1332237720489502
500,22.0,8,2,1,1,1,2,2.828314697824221,12.133409076287855,14.892658280679365,0.8797080516815186,0.16741514205932617
500,22.0,8,2,1,1,1,3,2.828421707265491,9.529122275260566,11.728003132473248,0.7753477096557617,0.14852476119995117
500,22.0,8,2,1,1,1,4,2.8284271125003677,10.907447541213319,13.63655724744036,0.7119979858398438,0.16623234748840332
500,22.0,8,2,1,1,1,5,2.8284262247179224,10.350449676238423,13.177097158822193,0.8147430419921875,0.16923260688781738
500,22.0,8,2,1,1,1,6,2.828422203906021,10.467407394823203,13.270954400886524,0.8731565475463867,0.14554738998413086
500,22.0,8,2,1,1,1,7,2.828426261213816,9.355145830018145,11.963053608760816,0.7362813949584961,0.17073559761047363
500,22.0,8,2,1,1,1,8,2.8284236354648495,8.674463604547858,11.469158647131831,0.7104077339172363,0.1732323169708252
500,22.0,8,2,1,1,1,9,2.828423496967559,12.098742648360126,14.805151174249826,0.8471033573150635,0.18325376510620117
500,22.0,8,2,1,1,1,10,2.828420322590426,9.639350921723901,12.435677973412723,0.8768584728240967,0.1981210708618164
500,22.0,8,2,1,1,1,11,2.8284172951455933,10.007215418285282,12.515657557071616,0.7429075241088867,0.15024614334106445
500,22.0,8,2,1,1,1,12,2.828421913444846,9.035035871546793,11.774178769784795,0.745976448059082,0.16681313514709473
500,22.0,8,2,1,1,1,13,2.8284173846860097,9.28898952337887,11.933991177967677,0.8194334506988525,0.15592312812805176
500,22.0,8,2,1,1,1,14,2.8284269235764654,9.207522802583487,12.030741238125302,0.9121315479278564,0.16933012008666992
500,22.0,8,2,1,1,1,15,2.8284269784885936,10.139594568933596,12.925296236384902,0.7774159908294678,0.15320134162902832
500,22.0,8,2,1,1,1,16,2.828425300505338,12.11049270634225,14.487927088041756,0.7178788185119629,0.1521313190460205
500,22.0,8,2,1,1,1,17,2.828413395963573,8.601453195238923,11.400344983072738,0.7395591735839844,0.18503713607788086
500,22.0,8,2,1,1,1,18,2.828426970212948,9.97416557825846,12.385939560564196,0.9024217128753662,0.17447948455810547
500,22.0,8,2,1,1,1,19,2.8284266814379695,10.588588133485075,13.346060891499299,0.7278969287872314,0.13553237915039062
500,22.0,8,2,1,1,1,20,2.8284270427259086,9.935862864091192,12.725561934450022,0.7365744113922119,0.17519044876098633
500,22.0,8,2,1,1,1,21,2.828327735393822,10.870876407956407,13.699084858536645,0.7349493503570557,0.1313788890838623
500,22.0,8,2,1,1,1,22,2.828426190284443,9.881275183265982,12.452347688494086,0.8603501319885254,0.1902782917022705
500,22.0,8,2,1,1,1,23,2.828426751628436,9.008009682971693,11.644982527165403,0.725963830947876,0.14763641357421875
500,22.0,8,2,1,1,1,24,2.8283091353014687,11.119552436308382,13.783958046369234,0.9211187362670898,0.18250417709350586
500,22.5,8,2,1,1,1,0,2.828407345087194,9.949267905288949,12.52524769308691,0.7521610260009766,0.1463184356689453
500,22.5,8,2,1,1,1,1,2.828426788726829,10.031296181444649,12.856846690123517,0.9243435859680176,0.1883387565612793
500,22.5,8,2,1,1,1,2,2.8283607787788387,9.051005611008604,11.62719492804503,0.754136323928833,0.11631274223327637
500,22.5,8,2,1,1,1,3,2.828417120304559,11.030231253350516,13.857865787555712,0.7038543224334717,0.14865326881408691
500,22.5,8,2,1,1,1,4,2.828424753191932,10.020709251524618,12.76539728221066,0.7812585830688477,0.16384363174438477
500,22.5,8,2,1,1,1,5,2.8284240048838147,9.275150281178526,11.255902575880363,0.8128659725189209,0.1766650676727295
500,22.5,8,2,1,1,1,6,2.8284194817538726,8.490867132375833,11.319286614129705,0.7893168926239014,0.13640284538269043
500,22.5,8,2,1,1,1,7,2.8284251039324384,10.904783712737952,13.692415877640808,0.7117905616760254,0.14653944969177246
500,22.5,8,2,1,1,1,8,2.828426448971192,11.12900151508214,13.930585909710484,0.6674563884735107,0.18112874031066895
500,22.5,8,2,1,1,1,9,2.8284136377396205,10.30900330966303,13.046652266353316,0.784766674041748,0.1713733673095703
500,22.5,8,2,1,1,1,10,2.8284153309374567,12.359836161277928,15.18817830625779,0.8439755439758301,0.1800680160522461
500,22.5,8,2,1,1,1,11,2.8284259841918313,8.356525760600508,11.16513359586516,0.7383637428283691,0.15827631950378418
500,22.5,8,2,1,1,1,12,2.8284259966334355,10.359319646026801,13.182571253946529,0.7058508396148682,0.15251517295837402
500,22.5,8,2,1,1,1,13,2.8284255459066143,10.370467757422235,13.148062931135769,0.724658727645874,0.16788697242736816
500,22.5,8,2,1,1,1,14,2.8284270643801546,11.381533117067464,14.186211053108392,0.9124383926391602,0.19417524337768555
500,22.5,8,2,1,1,1,15,2.8284122707969095,9.535852403904647,12.073133480628321,0.9206497669219971,0.12739253044128418
500,22.5,8,2,1,1,1,16,2.828421923982195,9.21811831776126,11.835007905599598,0.6652281284332275,0.15092992782592773
500,22.5,8,2,1,1,1,17,2.8283690647813153,10.363160889964732,13.191455189093126,0.6921753883361816,0.11939835548400879
500,22.5,8,2,1,1,1,18,2.8284269543138474,9.183663867522087,12.00377459393783,0.8876428604125977,0.18461322784423828
500,22.5,8,2,1,1,1,19,2.828425478975633,13.014398260114143,15.825295776897438,0.7811951637268066,0.16236305236816406
500,22.5,8,2,1,1,1,20,2.8284059156794896,8.685583631625267,11.41443092659668,0.7074859142303467,0.14766359329223633
500,22.5,8,2,1,1,1,21,2.828427092285686,10.000280431681498,12.546333227583052,0.7766537666320801,0.14926457405090332
500,22.5,8,2,1,1,1,22,2.828418756679084,9.199771990480217,11.979202594541086,0.9422893524169922,0.17857766151428223
500,22.5,8,2,1,1,1,23,2.8284270951618558,8.826578415222734,11.64448254163868,0.7663545608520508,0.16475820541381836
500,22.5,8,2,1,1,1,24,2.828345128325701,10.116178389117994,12.825452534189923,0.759772539138794,0.13158822059631348
500,23.0,8,2,1,1,1,0,2.8283975568240276,10.868201024611828,13.025379976825146,0.732062578201294,0.1463303565979004
500,23.0,8,2,1,1,1,1,2.8284269829090602,9.077282457417452,11.746589354958868,0.8526887893676758,0.17319631576538086
500,23.0,8,2,1,1,1,2,2.8284001983054012,10.522656630987148,13.298185959697399,0.7402987480163574,0.13634705543518066
500,23.0,8,2,1,1,1,3,2.828425814235968,10.164120407858189,12.992515599313041,0.7151944637298584,0.17834019660949707
500,23.0,8,2,1,1,1,4,2.828418053106927,9.32240867810209,12.150494536006645,0.7329421043395996,0.14146971702575684
500,23.0,8,2,1,1,1,5,2.828419611777883,10.062720777295572,12.690925884983402,1.0235671997070312,0.19388127326965332
500,23.0,8,2,1,1,1,6,2.8284270012303088,9.335666908404868,12.138842060485546,0.7421460151672363,0.13038849830627441
500,23.0,8,2,1,1,1,7,2.828426655935509,10.074824710981321,12.47078817939607,0.7324635982513428,0.1266322135925293
500,23.0,8,2,1,1,1,8,2.8284260809572315,10.008933399986345,12.720686122649191,0.7425892353057861,0.15469956398010254
500,23.0,8,2,1,1,1,9,2.8284271207844833,9.299049833056175,12.01784224040139,0.8995251655578613,0.1899256706237793
500,23.0,8,2,1,1,1,10,2.8284270323697616,8.649549420957728,11.39491967077905,0.7878150939941406,0.12500834465026855
500,23.0,8,2,1,1,1,11,2.828425797459777,10.111334500006583,12.939085507200987,0.6855902671813965,0.1689128875732422
500,23.0,8,2,1,1,1,12,2.8284254893548666,10.223822394236445,12.98055743086204,0.7305088043212891,0.16285467147827148
500,23.0,8,2,1,1,1,13,2.8284073406370727,9.483773384880367,12.293263800397375,0.8915610313415527,0.1607048511505127
500,23.0,8,2,1,1,1,14,2.8284263187377996,9.662309410691256,12.41449520748007,0.7245385646820068,0.17468595504760742
500,23.0,8,2,1,1,1,15,2.8284259319378,8.663996435557491,10.804857269567195,0.7333135604858398,0.13355588912963867
500,23.0,8,2,1,1,1,16,2.8284173094411025,9.947872562357956,12.44147221407014,0.7020680904388428,0.13732051849365234
500,23.0,8,2,1,1,1,17,2.8284265654246297,10.05016087487056,12.85340989695676,0.7402918338775635,0.13280797004699707
500,23.0,8,2,1,1,1,18,2.828423623987778,9.80804768677271,12.612071621930662,0.8893635272979736,0.15909767150878906
500,23.0,8,2,1,1,1,19,2.8284256350363166,9.80898340884975,12.617503932149667,0.7387235164642334,0.14505720138549805
500,23.0,8,2,1,1,1,20,2.828421613622893,10.69395392966185,12.984878348238821,0.798018217086792,0.10869407653808594
500,23.0,8,2,1,1,1,21,2.8284242408919194,9.26963229932209,12.07545856413046,0.9205467700958252,0.19152593612670898
500,23.0,8,2,1,1,1,22,2.828426024994814,9.754292304450583,12.119690794820174,0.8422179222106934,0.14453721046447754
500,23.0,8,2,1,1,1,23,2.8284126530057967,9.821510968424807,12.413406056888434,0.6715617179870605,0.1780240535736084
500,23.0,8,2,1,1,1,24,2.8284269968963303,9.50302946373022,12.330155219087219,0.7551522254943848,0.14339804649353027
500,23.5,8,2,1,1,1,0,2.8284270419045887,8.87173865409498,11.699499782066361,0.7134304046630859,0.1205599308013916
500,23.5,8,2,1,1,1,1,2.828423278858873,10.359447760866145,12.90934172293715,0.9475817680358887,0.17383527755737305
500,23.5,8,2,1,1,1,2,2.828424178574251,9.744058643493714,12.508379033512703,0.6600484848022461,0.12521600723266602
500,23.5,8,2,1,1,1,3,2.828427065572732,9.424733985887956,11.817428000828476,0.7705338001251221,0.13595247268676758
500,23.5,8,2,1,1,1,4,2.828426641665648,8.697454921425983,11.48172168126196,0.7135992050170898,0.1641373634338379
500,23.5,8,2,1,1,1,5,2.8284133437591086,9.369976836133473,12.168861886474275,0.8892414569854736,0.20301294326782227
500,23.5,8,2,1,1,1,6,2.828425301108378,8.639045110141268,11.031384611091605,0.681894063949585,0.16770029067993164
500,23.5,8,2,1,1,1,7,2.8284260289098637,10.809908454129431,13.523208560681553,0.7252488136291504,0.1442570686340332
500,23.5,8,2,1,1,1,8,2.8284270695560605,10.152002007335843,12.960307860344214,0.7442233562469482,0.14083409309387207
500,23.5,8,2,1,1,1,9,2.828426077913145,10.404898027847945,13.232963522394815,0.7723629474639893,0.15953278541564941
500,23.5,8,2,1,1,1,10,2.828427066034291,11.162305795612323,13.89729308065136,0.7817180156707764,0.15796947479248047
500,23.5,8,2,1,1,1,11,2.828411924797713,9.21859464699261,11.936300020875326,0.9153988361358643,0.17264389991760254
500,23.5,8,2,1,1,1,12,2.8284271247211086,9.788659631541817,12.467847172570362,0.7498164176940918,0.1889791488647461
500,23.5,8,2,1,1,1,13,2.8284237890233683,8.866395391031787,11.692801637873503,0.9056718349456787,0.1864485740661621
500,23.5,8,2,1,1,1,14,2.8283912542390675,9.586788265921493,12.335006140807554,0.7711465358734131,0.15795063972473145
500,23.5,8,2,1,1,1,15,2.8284239802589823,10.41872893608177,13.221085406907976,0.6647441387176514,0.13318109512329102
500,23.5,8,2,1,1,1,16,2.828426607189577,9.108384292907543,11.867017138316912,0.782252311706543,0.13550925254821777
500,23.5,8,2,1,1,1,17,2.8284204207370847,10.499297563769888,13.209400422704318,0.7581219673156738,0.18104934692382812
500,23.5,8,2,1,1,1,18,2.828425793481723,9.55355414978053,12.319315605916593,0.8447167873382568,0.1445307731628418
500,23.5,8,2,1,1,1,19,2.8284271167756314,9.128082610207679,11.55401926550064,0.6994071006774902,0.1729869842529297
500,23.5,8,2,1,1,1,20,2.828425774405864,11.01580793645757,13.841837267605847,0.7269594669342041,0.13304758071899414
500,23.5,8,2,1,1,1,21,2.8284043111342343,9.437733777870005,12.26420737962184,0.7176675796508789,0.11865615844726562
500,23.5,8,2,1,1,1,22,2.8284271108117616,9.184678733284315,11.390470241272734,0.8699662685394287,0.16453075408935547
500,23.5,8,2,1,1,1,23,2.8283998030648685,9.73538473488464,11.537851915761141,0.7225854396820068,0.1485602855682373
500,23.5,8,2,1,1,1,24,2.828426491207365,9.74057161630254,12.327230632381687,0.695131778717041,0.18004775047302246
500,24.0,8,2,1,1,1,0,2.8284271136207537,10.068547670469638,12.879158320447022,0.8074808120727539,0.13944625854492188
500,24.0,8,2,1,1,1,1,2.8284269995574736,9.60087556457891,12.368752121576158,0.8408858776092529,0.180450439453125
500,24.0,8,2,1,1,1,2,2.828371560418731,9.671477057565955,12.455886872130037,0.8964941501617432,0.18735027313232422
500,24.0,8,2,1,1,1,3,2.8284135662571446,10.037733435864332,12.636653197828263,0.6782946586608887,0.15373015403747559
500,24.0,8,2,1,1,1,4,2.8283724095598735,8.810061395239869,11.521968312675426,0.74330735206604,0.1479353904724121
500,24.0,8,2,1,1,1,5,2.8284270678440033,11.328860050065252,14.132272457707916,0.8869895935058594,0.16811275482177734
500,24.0,8,2,1,1,1,6,2.828426718111638,12.430078264518306,15.234970908090311,0.711179256439209,0.15254855155944824
500,24.0,8,2,1,1,1,7,2.828358358658679,10.998093617649864,13.420956514911094,0.7065143585205078,0.1662123203277588
500,24.0,8,2,1,1,1,8,2.8284271219708366,12.256177213175334,14.991829766478642,0.764540433883667,0.13465309143066406
500,24.0,8,2,1,1,1,9,2.8284266949119345,10.344745690836811,13.161079956938163,0.869520902633667,0.1721632480621338
500,24.0,8,2,1,1,1,10,2.828424303057688,8.331865406858373,10.637144907343941,0.7328803539276123,0.12707161903381348
500,24.0,8,2,1,1,1,11,2.8284271107368215,9.043828418290056,11.585875551450748,0.7722296714782715,0.14978790283203125
500,24.0,8,2,1,1,1,12,2.828411406957126,9.680699867432082,12.478130825264202,0.7160599231719971,0.16834616661071777
500,24.0,8,2,1,1,1,13,2.8284271076109877,11.124943307491277,13.547494301846775,0.8008854389190674,0.14838004112243652
500,24.0,8,2,1,1,1,14,2.828407273264552,9.88595803462072,12.47363476554529,0.7686901092529297,0.14854931831359863
500,24.0,8,2,1,1,1,15,2.8284213392301814,10.8046453853219,13.628215427561752,0.7219583988189697,0.13011741638183594
500,24.0,8,2,1,1,1,16,2.8284028158357644,11.03069678669612,13.806941181214368,0.6958186626434326,0.1700894832611084
500,24.0,8,2,1,1,1,17,2.82842697103054,10.739831396811033,12.903109490224338,0.8281168937683105,0.15529966354370117
500,24.0,8,2,1,1,1,18,2.8284270909436984,9.594569630825129,12.415252343626257,0.8208193778991699,0.15274477005004883
500,24.0,8,2,1,1,1,19,2.8284268728359736,8.961594150592203,11.30123566607065,0.7010684013366699,0.1738286018371582
500,24.0,8,2,1,1,1,20,2.82842565848327,9.482415737955426,12.115131491074521,0.7399485111236572,0.1312391757965088
500,24.0,8,2,1,1,1,21,2.828423091193698,8.997543387391731,11.188444292813614,0.7433209419250488,0.18465447425842285
500,24.0,8,2,1,1,1,22,2.828411368130238,9.079922996209781,11.731119800492237,0.844336748123169,0.1417241096496582
500,24.0,8,2,1,1,1,23,2.8284268626036595,8.666122732123728,11.094553667672587,0.7279529571533203,0.1530158519744873
500,24.0,8,2,1,1,1,24,2.828426814924514,8.956091659063217,11.771702435051601,0.7272191047668457,0.1144704818725586
500,24.5,8,2,1,1,1,0,2.828414749468141,9.511141828855806,12.127313097409168,0.7429018020629883,0.1387162208557129
500,24.5,8,2,1,1,1,1,2.8284266427731546,9.648989160068256,12.366202553441333,0.8955283164978027,0.18353819847106934
500,24.5,8,2,1,1,1,2,2.82837451756644,12.183595339077272,14.944380618512124,0.7801730632781982,0.12646198272705078
500,24.5,8,2,1,1,1,3,2.8284247263693008,13.17102294162613,15.984867209682685,0.7200703620910645,0.13520097732543945
500,24.5,8,2,1,1,1,4,2.828284498440116,8.436293295609378,10.97989243830207,0.7266881465911865,0.15089631080627441
500,24.5,8,2,1,1,1,5,2.8284259436472583,10.028716922495542,12.448225808231387,0.8240809440612793,0.18064236640930176
500,24.5,8,2,1,1,1,6,2.828413907546282,12.503582418505967,15.322887227912325,0.6897337436676025,0.18256926536560059
500,24.5,8,2,1,1,1,7,2.8284185544055855,9.858567809921258,12.525181893175564,0.7760841846466064,0.12571358680725098
500,24.5,8,2,1,1,1,8,2.8284261764014453,13.48644645324856,16.271213523933163,0.8998579978942871,0.14290213584899902
500,24.5,8,2,1,1,1,9,2.8284270477496976,9.622995764917857,12.397065939796217,0.818756103515625,0.1781449317932129
500,24.5,8,2,1,1,1,10,2.828392581421956,10.653826382674167,13.277698155577196,0.7158927917480469,0.1598975658416748
500,24.5,8,2,1,1,1,11,2.8284265892356495,10.726518352960325,12.499193584726012,0.6840465068817139,0.1411290168762207
500,24.5,8,2,1,1,1,12,2.8284245888313304,10.66114619257464,12.688538422766573,0.8161401748657227,0.15759921073913574
500,24.5,8,2,1,1,1,13,2.8284236268897547,9.371698574654273,12.199193820418703,0.9774925708770752,0.16440105438232422
500,24.5,8,2,1,1,1,14,2.8284060873481502,9.574600526075612,12.35775412958446,0.8105349540710449,0.14332890510559082
500,24.5,8,2,1,1,1,15,2.828403767865959,10.193183232710059,13.020120431451051,0.7698032855987549,0.1437065601348877
500,24.5,8,2,1,1,1,16,2.8284231550776675,10.251933083480504,13.065996614479607,0.6429376602172852,0.15731239318847656
500,24.5,8,2,1,1,1,17,2.8284259438576362,9.411267081837321,12.176720124548133,0.7550737857818604,0.15816068649291992
500,24.5,8,2,1,1,1,18,2.828425422696471,9.463052138811104,12.11053433461905,0.8349463939666748,0.1419978141784668
500,24.5,8,2,1,1,1,19,2.8284271005519126,9.141523988985286,11.758677709087397,0.7669508457183838,0.13408279418945312
500,24.5,8,2,1,1,1,20,2.8284171102078157,10.508175173041034,13.332736762926807,0.7451369762420654,0.1417102813720703
500,24.5,8,2,1,1,1,21,2.8284160560583813,10.031479996249802,12.67316796672862,0.7644047737121582,0.19788312911987305
500,24.5,8,2,1,1,1,22,2.8284269816268113,9.554833576009749,11.91188005615942,0.876652717590332,0.14762425422668457
500,24.5,8,2,1,1,1,23,2.8284246424543076,8.939602661649413,11.595607649313033,0.7951910495758057,0.1917581558227539
500,24.5,8,2,1,1,1,24,2.828419022076209,11.958919702243394,14.76963552121869,0.7824351787567139,0.11968660354614258
500,25.0,8,2,1,1,1,0,2.828422081992472,9.598099807255593,12.426498563557189,0.9437150955200195,0.17089009284973145
500,25.0,8,2,1,1,1,1,2.8284266415352883,8.903986274104462,11.484001304635804,0.6880781650543213,0.1201012134552002
500,25.0,8,2,1,1,1,2,2.828424277711521,9.751425321559,12.10394626572801,0.7289609909057617,0.14351916313171387
500,25.0,8,2,1,1,1,3,2.828427103301805,9.42234666147375,12.128833571845888,0.7268199920654297,0.18314838409423828
500,25.0,8,2,1,1,1,4,2.828412300298787,11.497056827389457,14.240375807907377,0.7300164699554443,0.16543841361999512
500,25.0,8,2,1,1,1,5,2.82842437294438,9.25184602456767,11.904670298313643,0.8442337512969971,0.14455819129943848
500,25.0,8,2,1,1,1,6,2.8284251094592863,9.899084761507291,12.638707566848142,0.6906909942626953,0.11737227439880371
500,25.0,8,2,1,1,1,7,2.828314917037386,9.410974170868164,12.239098468310711,0.747032880783081,0.14368128776550293
500,25.0,8,2,1,1,1,8,2.828426976333372,11.205514030399668,13.986446988146106,0.6353504657745361,0.18067574501037598
500,25.0,8,2,1,1,1,9,2.8284058766880324,10.678451737212049,12.793525494399399,0.8840813636779785,0.16468048095703125
500,25.0,8,2,1,1,1,10,2.828426930061556,11.767702971382738,14.51499470257798,0.7432715892791748,0.13275146484375
500,25.0,8,2,1,1,1,11,2.8284270322006213,10.00750423894689,12.822753731455494,0.720728874206543,0.12618303298950195
500,25.0,8,2,1,1,1,12,2.8283918256627163,9.338992945138257,11.775395528078445,0.7167041301727295,0.13547682762145996
500,25.0,8,2,1,1,1,13,2.828426233056532,9.602857578913744,12.392593284993339,0.9222137928009033,0.18502330780029297
500,25.0,8,2,1,1,1,14,2.8284169773658356,10.306410166754521,13.074219769781957,0.8696236610412598,0.19025945663452148
500,25.0,8,2,1,1,1,15,2.8284268221443054,8.73224882771717,11.557965728643659,0.7028653621673584,0.1637113094329834
500,25.0,8,2,1,1,1,16,2.828413357995996,10.319894355766237,12.101141924995593,0.7405931949615479,0.15226268768310547
500,25.0,8,2,1,1,1,17,2.8284271213430805,8.8570971048804,11.683249626570412,0.9138147830963135,0.16441559791564941
500,25.0,8,2,1,1,1,18,2.8284266004077536,9.98106224591499,12.806947837614944,0.6989617347717285,0.14509367942810059
500,25.0,8,2,1,1,1,19,2.8284131914663875,10.85923645388053,13.666997722084915,0.7967336177825928,0.12332510948181152
500,25.0,8,2,1,1,1,20,2.828422535060258,9.475575700638371,12.303390609415668,0.7667782306671143,0.15947651863098145
500,25.0,8,2,1,1,1,21,2.828427109359101,9.658041105961031,12.210468620047015,0.8359184265136719,0.16755151748657227
500,25.0,8,2,1,1,1,22,2.8284264783631605,11.709357134748466,14.523862472484787,0.7780485153198242,0.13364768028259277
500,25.0,8,2,1,1,1,23,2.828418916424964,10.302130891492661,13.004712377409483,0.6770923137664795,0.14008474349975586
500,25.0,8,2,1,1,1,24,2.828414837341904,10.312177085710726,13.138279188157965,0.8133878707885742,0.11426305770874023
500,25.5,8,2,1,1,1,0,2.828424025418114,10.187206528331298,13.007721334494061,0.7367885112762451,0.19394540786743164
500,25.5,8,2,1,1,1,1,2.8284218272413373,10.525227954485652,12.97492507581947,0.7784674167633057,0.14595437049865723
500,25.5,8,2,1,1,1,2,2.8284271229321463,9.155426692474748,11.880837435391033,0.7726571559906006,0.14725852012634277
500,25.5,8,2,1,1,1,3,2.8284265161582307,9.95379687385123,11.883952138178154,0.7706036567687988,0.16065025329589844
500,25.5,8,2,1,1,1,4,2.828301492619205,9.713793102688395,12.105809729471043,0.7980058193206787,0.11245560646057129
500,25.5,8,2,1,1,1,5,2.8284204516480753,10.302140340763081,12.326702833657308,1.0117335319519043,0.209991455078125
500,25.5,8,2,1,1,1,6,2.828424486295853,9.839288504025344,12.662131588745158,0.7585122585296631,0.16427898406982422
500,25.5,8,2,1,1,1,7,2.8284270712531367,10.77440198817967,13.358406989847134,0.7492461204528809,0.15856266021728516
500,25.5,8,2,1,1,1,8,2.8284251658273494,9.647503499923337,12.446989543237995,0.8438494205474854,0.17211508750915527
500,25.5,8,2,1,1,1,9,2.8284271168611883,15.032195841830838,17.70397898658607,0.7926363945007324,0.14380788803100586
500,25.5,8,2,1,1,1,10,2.8284137649497554,8.78344036837261,11.59239614278695,0.7464606761932373,0.15059947967529297
500,25.5,8,2,1,1,1,11,2.828423014953318,10.237997812004014,12.996225427396876,0.7577817440032959,0.14632010459899902
500,25.5,8,2,1,1,1,12,2.828415174306651,9.537046125168716,11.976276405514,0.860886812210083,0.18529295921325684
500,25.5,8,2,1,1,1,13,2.828411382236201,10.667953162324777,13.41129200024679,0.8042821884155273,0.12944364547729492
500,25.5,8,2,1,1,1,14,2.828425407816312,10.594063969245386,13.000974774620282,0.6886508464813232,0.1872246265411377
500,25.5,8,2,1,1,1,15,2.8284263742793616,9.20388138852598,11.88575341654498,0.7315795421600342,0.13709712028503418
500,25.5,8,2,1,1,1,16,2.8284252218615786,9.463459481279706,11.428319306653284,0.7021610736846924,0.16403746604919434
500,25.5,8,2,1,1,1,17,2.828412718497347,13.268936687087153,16.090343250860986,0.9367871284484863,0.18014049530029297
500,25.5,8,2,1,1,1,18,2.828422451407674,12.333314083061131,14.969522835974178,0.7401547431945801,0.1561875343322754
500,25.5,8,2,1,1,1,19,2.828425434554618,9.43309872073146,12.25842586012693,0.6735801696777344,0.20879268646240234
500,25.5,8,2,1,1,1,20,2.828394556218603,11.20052556999175,13.795418001978842,0.9028382301330566,0.17818975448608398
500,25.5,8,2,1,1,1,21,2.828427071074029,12.579983330755937,15.296924059316687,0.8878471851348877,0.1841130256652832
500,25.5,8,2,1,1,1,22,2.8284258597354275,9.39878419087577,12.07033732745864,0.7172636985778809,0.1527862548828125
500,25.5,8,2,1,1,1,23,2.8283864659390683,9.342395121270618,11.860296899381648,0.758852481842041,0.1348881721496582
500,25.5,8,2,1,1,1,24,2.828426065834533,10.621880077860633,13.243984893223647,0.7271063327789307,0.16156482696533203
