n,s1,1_p_s2,s2,beta,q,sqrt_q,rep_no,eigen_mat_rerr,eigen_mat_terr,eigen_mat_gerr,eigen_mat_ev_time,eigen_mat_cal_translation_time
500,0.0,3,1,1,1,1,0,7.011854432693933e-15,0.12168290295458382,0.12168290295458822,0.35915446281433105,0.08405852317810059
500,0.0,3,1,1,1,1,1,7.55262822419197e-15,0.13209402834017786,0.1320940283401832,0.30295252799987793,0.07626795768737793
500,0.0,3,1,1,1,1,2,1.0114672627033719e-14,0.12267286113568654,0.12267286113569222,0.2952280044555664,0.07201600074768066
500,0.0,3,1,1,1,1,3,6.147280425099447e-15,0.1437752526417236,0.1437752526417291,0.3926868438720703,0.08014655113220215
500,0.0,3,1,1,1,1,4,5.821347397506396e-15,0.12100628550108704,0.12100628550109127,0.3701033592224121,0.0780034065246582
500,0.0,3,1,1,1,1,5,1.008314940628735e-14,0.12058159737158554,0.1205815973715917,0.30156874656677246,0.07503032684326172
500,0.0,3,1,1,1,1,6,6.310446199466859e-15,0.12031391311636933,0.12031391311637296,0.3548426628112793,0.0765235424041748
500,0.0,3,1,1,1,1,7,1.6110772819020336e-14,0.14928088239570989,0.14928088239571802,0.3256111145019531,0.07384586334228516
500,0.0,3,1,1,1,1,8,1.3570023163756977e-14,0.12913069560896634,0.12913069560897497,0.3616349697113037,0.07856488227844238
500,0.0,3,1,1,1,1,9,1.6646867808629664e-14,0.12626627881207514,0.12626627881208372,0.3103952407836914,0.07948541641235352
500,0.0,3,1,1,1,1,10,1.0949108459700423e-14,0.1183723992610887,0.1183723992610927,0.2955772876739502,0.07551980018615723
500,0.0,3,1,1,1,1,11,7.935672808602307e-15,0.14863498867423647,0.14863498867423908,0.42171216011047363,0.07251739501953125
500,0.0,3,1,1,1,1,12,1.0415859900952044e-14,0.13245508578407966,0.13245508578408796,0.374190092086792,0.07149982452392578
500,0.0,3,1,1,1,1,13,6.78690513370569e-15,0.1329544931782874,0.1329544931782926,0.3065948486328125,0.07551836967468262
500,0.0,3,1,1,1,1,14,1.5035281390427853e-14,0.12300738777121965,0.12300738777123256,0.35778093338012695,0.07670235633850098
500,0.0,3,1,1,1,1,15,1.3274022425214366e-14,0.12778816157870765,0.12778816157871273,0.3280923366546631,0.07786440849304199
500,0.0,3,1,1,1,1,16,4.359638967341694e-15,0.11365040168628317,0.11365040168628605,0.31091904640197754,0.07551741600036621
500,0.0,3,1,1,1,1,17,8.65182129604979e-15,0.12318302639669876,0.12318302639670346,0.3397188186645508,0.07352066040039062
500,0.0,3,1,1,1,1,18,1.0286539858502858e-14,0.12374601775104774,0.12374601775105663,0.39473795890808105,0.08156061172485352
500,0.0,3,1,1,1,1,19,8.571935559619066e-15,0.16237316224957332,0.16237316224958045,0.3197762966156006,0.07951998710632324
500,0.0,3,1,1,1,1,20,1.0918926681242158e-14,0.13975807742562776,0.1397580774256355,0.3528602123260498,0.07428216934204102
500,0.0,3,1,1,1,1,21,5.564992910933597e-15,0.10748777906950752,0.10748777906951021,0.31850361824035645,0.07512307167053223
500,0.0,3,1,1,1,1,22,1.2206269781784588e-14,0.15822977481095557,0.15822977481096376,0.319896936416626,0.07551360130310059
500,0.0,3,1,1,1,1,23,6.996662584863926e-15,0.12288138756596505,0.1228813875659685,0.3587055206298828,0.07449531555175781
500,0.0,3,1,1,1,1,24,5.231981219917046e-15,0.11293781565800483,0.11293781565800866,0.3248274326324463,0.07440042495727539
500,0.5,3,1,1,1,1,0,0.08334857411460865,0.16492276022353725,0.22810421829184066,0.3770735263824463,0.08452129364013672
500,0.5,3,1,1,1,1,1,0.08516241685750156,0.15606636667530754,0.21399296594475675,0.39621853828430176,0.08051228523254395
500,0.5,3,1,1,1,1,2,0.08551024608728715,0.12840846878495357,0.18644417013934533,0.40885353088378906,0.07899188995361328
500,0.5,3,1,1,1,1,3,0.08415168127809088,0.13874967383066567,0.19329148178208463,0.3687472343444824,0.08450746536254883
500,0.5,3,1,1,1,1,4,0.09813130880704637,0.12993506480439046,0.18118283914901034,0.535132884979248,0.12375044822692871
500,0.5,3,1,1,1,1,5,0.09638385850808981,0.14378378012716703,0.1879273861752211,0.6493008136749268,0.15914463996887207
500,0.5,3,1,1,1,1,6,0.082774760774341,0.14322913859126077,0.17799701435302653,0.7224698066711426,0.15587759017944336
500,0.5,3,1,1,1,1,7,0.08052757975952145,0.12584937208578828,0.1986029264972104,0.600942850112915,0.1300809383392334
500,0.5,3,1,1,1,1,8,0.08839272951901468,0.12880282122531062,0.18345053570292824,0.5145852565765381,0.1051948070526123
500,0.5,3,1,1,1,1,9,0.0828681071634919,0.1264105271432972,0.1878498863672613,0.5021638870239258,0.10632610321044922
500,0.5,3,1,1,1,1,10,0.08500191654589555,0.12626756559642854,0.18001197735260288,0.5115799903869629,0.10709452629089355
500,0.5,3,1,1,1,1,11,0.08253318859388321,0.1368985955873291,0.1919561997079983,0.5242822170257568,0.1411573886871338
500,0.5,3,1,1,1,1,12,0.07919426374405251,0.13662104484773285,0.19234218552750065,0.6294479370117188,0.11877179145812988
500,0.5,3,1,1,1,1,13,0.08539697036840442,0.13245900523690562,0.17309676871493596,0.5513732433319092,0.12050199508666992
500,0.5,3,1,1,1,1,14,0.0851517970096335,0.14260990386719863,0.19938009857256805,0.5051696300506592,0.10906338691711426
500,0.5,3,1,1,1,1,15,0.08010865231394718,0.1352649813883311,0.180127610425556,0.599085807800293,0.1275193691253662
500,0.5,3,1,1,1,1,16,0.09627190454343013,0.12524618975672647,0.1772408945908091,0.5785837173461914,0.1265115737915039
500,0.5,3,1,1,1,1,17,0.08830889492551063,0.16308900049585925,0.21179637295531595,0.7114548683166504,0.12649893760681152
500,0.5,3,1,1,1,1,18,0.07977240159823226,0.1315261507324439,0.18421907053595235,0.5848901271820068,0.11275982856750488
500,0.5,3,1,1,1,1,19,0.09642495139397812,0.11988022640101778,0.1880554375063218,0.5761489868164062,0.12760329246520996
500,0.5,3,1,1,1,1,20,0.08954653700540433,0.11882407821656357,0.20138560218588894,0.5700845718383789,0.29848456382751465
500,0.5,3,1,1,1,1,21,0.0915129988277976,0.1359257232899253,0.20629579221860098,0.8968329429626465,0.1605546474456787
500,0.5,3,1,1,1,1,22,0.09841798986869942,0.1573234550725112,0.2330459052307426,1.1372830867767334,0.1676011085510254
500,0.5,3,1,1,1,1,23,0.08054957098716187,0.139688497691819,0.19003156543670588,0.9602065086364746,0.17463445663452148
500,0.5,3,1,1,1,1,24,0.08325632691942544,0.173224708078016,0.2554731393702807,0.9579033851623535,0.16806697845458984
500,1.0,3,1,1,1,1,0,0.15667840979678097,0.18151234893366622,0.3158658657581803,0.7461342811584473,0.13951754570007324
500,1.0,3,1,1,1,1,1,0.16588787987504025,0.15814905573961674,0.3032395408454628,0.7210907936096191,0.12252616882324219
500,1.0,3,1,1,1,1,2,0.1600829452117473,0.1520289966692613,0.2788984960613131,0.7016644477844238,0.1610884666442871
500,1.0,3,1,1,1,1,3,0.18214944543895398,0.19982553972515973,0.37689791681239626,0.9218912124633789,0.16682648658752441
500,1.0,3,1,1,1,1,4,0.14826518599138636,0.16648767994218444,0.29893559439838013,0.698993444442749,0.18854570388793945
500,1.0,3,1,1,1,1,5,0.19402374486665988,0.22866930964433457,0.4226930545109945,0.6446585655212402,0.1300671100616455
500,1.0,3,1,1,1,1,6,0.16069043807451888,0.14784271806895147,0.268643660772052,0.6670429706573486,0.15186095237731934
500,1.0,3,1,1,1,1,7,0.18330284281155426,0.19595403850492357,0.34863047882170417,1.279360294342041,0.18608999252319336
500,1.0,3,1,1,1,1,8,0.18623972950018183,0.18823216089691047,0.3476500821464139,0.5701525211334229,0.11120867729187012
500,1.0,3,1,1,1,1,9,0.19028072010485944,0.18872404756762298,0.35620567274568815,0.583383321762085,0.11803030967712402
500,1.0,3,1,1,1,1,10,0.15912208025737948,0.1757998909804419,0.29801015834409994,0.5293583869934082,0.09850692749023438
500,1.0,3,1,1,1,1,11,0.19311413513606468,0.1609395180808771,0.31650491598772457,0.7560570240020752,0.15552258491516113
500,1.0,3,1,1,1,1,12,0.1645011742782381,0.18085142489744666,0.2843374593653721,0.5840392112731934,0.12248897552490234
500,1.0,3,1,1,1,1,13,0.18026197697089158,0.20188413220423304,0.35067430850299447,0.5272114276885986,0.1135246753692627
500,1.0,3,1,1,1,1,14,0.1726938464259091,0.2098073221025658,0.3529179528675755,0.5138425827026367,0.12285947799682617
500,1.0,3,1,1,1,1,15,0.16480678801934798,0.1631816483396405,0.32297745785506016,0.5456898212432861,0.12455034255981445
500,1.0,3,1,1,1,1,16,0.20093872959450154,0.14873892014281676,0.28823635843284834,0.6349327564239502,0.15732049942016602
500,1.0,3,1,1,1,1,17,0.16530324276868624,0.2201211468016079,0.33514049942873636,0.542832612991333,0.11404085159301758
500,1.0,3,1,1,1,1,18,0.21015210797497486,0.16142260294887198,0.2924221039460503,0.5343360900878906,0.1105191707611084
500,1.0,3,1,1,1,1,19,0.1622325648334351,0.20242428816071492,0.3299016269628367,0.5356044769287109,0.11503243446350098
500,1.0,3,1,1,1,1,20,0.19115956977680093,0.16618078645102477,0.316568072149058,0.5411171913146973,0.12633395195007324
500,1.0,3,1,1,1,1,21,0.16085775723318882,0.24433035107072706,0.4021436074456607,0.5331804752349854,0.11952328681945801
500,1.0,3,1,1,1,1,22,0.16215487272744886,0.15228159117291917,0.26934885276848075,0.646296501159668,0.11151123046875
500,1.0,3,1,1,1,1,23,0.17336166169341127,0.173828428104114,0.3335354767512147,0.5218145847320557,0.11980867385864258
500,1.0,3,1,1,1,1,24,0.17915656741924552,0.16442250142434073,0.30571203820700277,0.5235507488250732,0.11151933670043945
500,1.5,3,1,1,1,1,0,0.2664514997172656,0.22164541713204194,0.3981769229001578,0.5250470638275146,0.12003898620605469
500,1.5,3,1,1,1,1,1,0.3172779815252476,0.21683720759733816,0.5294926781377678,0.5352497100830078,0.12364339828491211
500,1.5,3,1,1,1,1,2,0.25238509739706005,0.25877536893221886,0.4352324708862174,0.9331390857696533,0.1735994815826416
500,1.5,3,1,1,1,1,3,0.2479412143137494,0.2123943970833192,0.4411931526993929,0.6121861934661865,0.12204575538635254
500,1.5,3,1,1,1,1,4,0.28141957337787554,0.22307862918331756,0.4561084708484832,0.5800876617431641,0.10851883888244629
500,1.5,3,1,1,1,1,5,0.2566687890687025,0.2088540699157498,0.40371420438785144,0.5351991653442383,0.11150932312011719
500,1.5,3,1,1,1,1,6,0.26146722965510855,0.2146203189039909,0.4177376861369,0.5400612354278564,0.1335434913635254
500,1.5,3,1,1,1,1,7,0.3171974906181834,0.28996847515939894,0.6071659657775823,0.7995188236236572,0.16183781623840332
500,1.5,3,1,1,1,1,8,0.24016355370831835,0.24696973369370923,0.4393681953013939,0.5363292694091797,0.11556363105773926
500,1.5,3,1,1,1,1,9,0.2567672303937181,0.1931088007910205,0.41896971325805366,0.52457594871521,0.12251877784729004
500,1.5,3,1,1,1,1,10,0.25764605693028964,0.215823002756146,0.4405199711441129,0.5726034641265869,0.12854385375976562
500,1.5,3,1,1,1,1,11,0.3249498225672515,0.23960791376561846,0.4467724541009782,0.6004703044891357,0.1195223331451416
500,1.5,3,1,1,1,1,12,0.30122055671061737,0.22954220278612403,0.48731556763276745,0.7684860229492188,0.15957403182983398
500,1.5,3,1,1,1,1,13,0.2638138395978569,0.2568502632886655,0.5206641028865224,0.5318660736083984,0.11737751960754395
500,1.5,3,1,1,1,1,14,0.287457523367873,0.2516575390186429,0.539115062386516,0.5925638675689697,0.11168360710144043
500,1.5,3,1,1,1,1,15,0.3351285783435126,0.24210694042945843,0.5256150669526217,0.5957183837890625,0.11307859420776367
500,1.5,3,1,1,1,1,16,0.25252415466682077,0.2515069307272211,0.46723009442944285,0.5523762702941895,0.12031769752502441
500,1.5,3,1,1,1,1,17,0.26514110613757724,0.20483365801182293,0.44773825575900894,0.7369918823242188,0.15516185760498047
500,1.5,3,1,1,1,1,18,0.2561252783540579,0.27824819847032645,0.5290108069704338,0.5848398208618164,0.10951733589172363
500,1.5,3,1,1,1,1,19,0.26374689212670316,0.24386715913822177,0.507614051264925,0.5658478736877441,0.11231112480163574
500,1.5,3,1,1,1,1,20,0.250855309031522,0.2892007509727207,0.4876743287599781,0.5428636074066162,0.11651325225830078
500,1.5,3,1,1,1,1,21,0.24130533098465065,0.24403481477926622,0.4739294191388177,0.7907078266143799,0.15716195106506348
500,1.5,3,1,1,1,1,22,0.2488731523981144,0.25149425270875736,0.4575847146769021,0.7578949928283691,0.161529541015625
500,1.5,3,1,1,1,1,23,0.24070924921617654,0.25538214526909314,0.44626147432686647,0.598330020904541,0.10651564598083496
500,1.5,3,1,1,1,1,24,0.24078539608642144,0.20363454271432924,0.42380526734862395,0.5785722732543945,0.10752558708190918
500,2.0,3,1,1,1,1,0,0.3249274136315449,0.2803972440891962,0.5710975455908113,0.5857114791870117,0.11437416076660156
500,2.0,3,1,1,1,1,1,0.4069209562033076,0.27207786996747674,0.5436061515721572,0.49529147148132324,0.11555790901184082
500,2.0,3,1,1,1,1,2,0.336288917749886,0.31858422711105255,0.6429373607417574,0.7124130725860596,0.1532912254333496
500,2.0,3,1,1,1,1,3,0.36098359925498635,0.29757173744746107,0.6173759814747963,0.5939028263092041,0.11551332473754883
500,2.0,3,1,1,1,1,4,0.3451305355205989,0.2701968218999508,0.5831210196010406,0.5460515022277832,0.11151695251464844
500,2.0,3,1,1,1,1,5,0.43666375267867535,0.3092476334693466,0.5759189925696052,0.5336306095123291,0.11955142021179199
500,2.0,3,1,1,1,1,6,0.40196957852489656,0.3114738889983404,0.6674909263604645,0.531702995300293,0.10903072357177734
500,2.0,3,1,1,1,1,7,0.37364206357175594,0.27878614559762604,0.6032191218108157,0.5253686904907227,0.1436934471130371
500,2.0,3,1,1,1,1,8,0.37992913478977475,0.3080888318497108,0.5988649612637669,0.6054751873016357,0.1110374927520752
500,2.0,3,1,1,1,1,9,0.3472396708815741,0.2706301209199474,0.5132060253610489,0.575312614440918,0.11204719543457031
500,2.0,3,1,1,1,1,10,0.32270981885955835,0.29733515011329,0.5838105279530628,0.5122957229614258,0.11903119087219238
500,2.0,3,1,1,1,1,11,0.366485602613975,0.2891502912724281,0.5549739011388116,0.5826785564422607,0.10749959945678711
500,2.0,3,1,1,1,1,12,0.3707714377721876,0.3004829760294467,0.5955917101272549,0.5074896812438965,0.1188821792602539
500,2.0,3,1,1,1,1,13,0.3716626462674596,0.34859847482103257,0.640472736091322,0.7541162967681885,0.15648531913757324
500,2.0,3,1,1,1,1,14,0.3672779286490928,0.43752353340091826,0.7905070059734609,0.5907375812530518,0.11153388023376465
500,2.0,3,1,1,1,1,15,0.35545124718365206,0.30229233801283717,0.5905082222241229,0.52956223487854,0.11903595924377441
500,2.0,3,1,1,1,1,16,0.36098418129786847,0.31607691470355265,0.6493152979100507,0.6883499622344971,0.12803888320922852
500,2.0,3,1,1,1,1,17,0.3504530610716026,0.3049356217624003,0.569888218733887,0.6162211894989014,0.10850906372070312
500,2.0,3,1,1,1,1,18,0.34351655795076214,0.2635596916958214,0.5644406237021193,0.7719836235046387,0.16206884384155273
500,2.0,3,1,1,1,1,19,0.4304213570447524,0.3682372333270506,0.6661021857957841,0.5489640235900879,0.12151980400085449
500,2.0,3,1,1,1,1,20,0.3218544123713367,0.2853594775061358,0.5382767453531645,0.6113150119781494,0.12242388725280762
500,2.0,3,1,1,1,1,21,0.3877601178024446,0.31187787542396855,0.6183144997686078,0.6012365818023682,0.12104415893554688
500,2.0,3,1,1,1,1,22,0.32172939730918854,0.2680546116534746,0.5713503241477652,0.5561666488647461,0.11452054977416992
500,2.0,3,1,1,1,1,23,0.39190835710711147,0.30920484545471444,0.6276854928934681,0.7822244167327881,0.16209936141967773
500,2.0,3,1,1,1,1,24,0.3792745921111198,0.2980199266087726,0.6195147479670826,0.5777332782745361,0.11444592475891113
500,2.5,3,1,1,1,1,0,0.484047843964973,0.48696685877035256,0.9415798782913147,0.5300521850585938,0.11853766441345215
500,2.5,3,1,1,1,1,1,0.47099636476824047,0.40833457579440496,0.8793309405626455,0.5397758483886719,0.11502504348754883
500,2.5,3,1,1,1,1,2,0.5236892010338597,0.39892434395013365,0.8179962136766209,0.5031270980834961,0.11286783218383789
500,2.5,3,1,1,1,1,3,0.4710298871698737,0.43168797660322916,0.9027178637731028,0.7653212547302246,0.17198634147644043
500,2.5,3,1,1,1,1,4,0.510654116426144,0.4217123735793187,0.7803927217522287,0.5352969169616699,0.11553812026977539
500,2.5,3,1,1,1,1,5,0.43472924305891997,0.3461670093014084,0.6638611371096119,0.5152952671051025,0.1035163402557373
500,2.5,3,1,1,1,1,6,0.44359618758756925,0.29804110988555343,0.6557606578556963,0.5029897689819336,0.1150665283203125
500,2.5,3,1,1,1,1,7,0.4277460107944772,0.4334517278312315,0.8611977386257087,0.5290572643280029,0.11753129959106445
500,2.5,3,1,1,1,1,8,0.4654573159973863,0.5577578419420218,1.0232151579394082,0.5227370262145996,0.14791297912597656
500,2.5,3,1,1,1,1,9,0.40593300710486124,0.371452635495432,0.7263712899821311,0.8153026103973389,0.16203904151916504
500,2.5,3,1,1,1,1,10,0.5304751137436512,0.4189214194073874,0.8209785742374224,0.836428165435791,0.18002772331237793
500,2.5,3,1,1,1,1,11,0.5523076956590899,0.3666977824038168,0.8063611963298309,0.6880495548248291,0.1530756950378418
500,2.5,3,1,1,1,1,12,0.4863395120976394,0.3944939390736754,0.8268610165045092,0.6266734600067139,0.12826752662658691
500,2.5,3,1,1,1,1,13,0.45393545396691654,0.3246686126103382,0.7382860507645653,0.8385980129241943,0.16418099403381348
500,2.5,3,1,1,1,1,14,0.43087228001231903,0.42098218913976,0.755309730021527,0.6410927772521973,0.1600351333618164
500,2.5,3,1,1,1,1,15,0.4419715356873021,0.3124454576547766,0.6792765476079113,0.6921482086181641,0.144057035446167
500,2.5,3,1,1,1,1,16,0.4169046054011846,0.3606372417265561,0.7725997194192271,0.6080608367919922,0.1374189853668213
500,2.5,3,1,1,1,1,17,0.42262264356123025,0.4953079645352315,0.8594637649377451,0.6829643249511719,0.16007113456726074
500,2.5,3,1,1,1,1,18,0.4263373861814113,0.37781709792926654,0.7172202746427521,0.8080258369445801,0.1778116226196289
500,2.5,3,1,1,1,1,19,0.48961299793810154,0.4021924710005434,0.7793574930750922,0.7550599575042725,0.15203261375427246
500,2.5,3,1,1,1,1,20,0.46386836651515173,0.39847907668283583,0.7543298478417452,0.7118430137634277,0.1553816795349121
500,2.5,3,1,1,1,1,21,0.45941410613760686,0.3960287264759419,0.8004012786148601,0.6795375347137451,0.14370274543762207
500,2.5,3,1,1,1,1,22,0.43846149033792686,0.30721728891387434,0.7353567705409394,0.6498637199401855,0.16928482055664062
500,2.5,3,1,1,1,1,23,0.4678601066148192,0.41047351441284957,0.7711753601197593,0.6280362606048584,0.15106916427612305
500,2.5,3,1,1,1,1,24,0.4279210488815375,0.38413561130601476,0.8120566601875523,0.6441605091094971,0.13161253929138184
500,3.0,3,1,1,1,1,0,0.6988949188512392,0.4882011412535508,1.0509134627811054,0.7200238704681396,0.13106775283813477
500,3.0,3,1,1,1,1,1,0.5721819699089902,0.3464706246171295,0.7717500356659801,0.6310222148895264,0.11613845825195312
500,3.0,3,1,1,1,1,2,0.5268226062095893,0.3788585563045466,0.7506312397622086,0.7937920093536377,0.15715980529785156
500,3.0,3,1,1,1,1,3,0.5884312602490126,0.38595617264848125,0.9430907894857194,0.6286125183105469,0.15606045722961426
500,3.0,3,1,1,1,1,4,0.4942147081993927,0.40808436517545843,0.8665049894706638,0.7423305511474609,0.10552096366882324
500,3.0,3,1,1,1,1,5,0.6110574484142303,0.446718275819427,0.993546541580468,0.6440460681915283,0.11741471290588379
500,3.0,3,1,1,1,1,6,0.6882971977307323,0.42208000726366246,1.1081445088063826,0.5665855407714844,0.10751795768737793
500,3.0,3,1,1,1,1,7,0.5366327086126528,0.4875961337416402,1.0112207724520195,0.8167622089385986,0.13303756713867188
500,3.0,3,1,1,1,1,8,0.5955144989146555,0.47564927759970466,1.0497809343018163,0.554734468460083,0.13442420959472656
500,3.0,3,1,1,1,1,9,0.6067863569413944,0.4708152981777733,1.0071701185967352,0.6027655601501465,0.14351677894592285
500,3.0,3,1,1,1,1,10,0.5500178370305044,0.3888604932695403,0.8586465084479995,0.6479341983795166,0.15703320503234863
500,3.0,3,1,1,1,1,11,0.5166132481780188,0.44788305596183897,0.9076850092003237,0.7120504379272461,0.1334226131439209
500,3.0,3,1,1,1,1,12,0.6781901730110588,0.4796524231454777,0.9183713316779814,0.8298618793487549,0.1513807773590088
500,3.0,3,1,1,1,1,13,0.590869003916219,0.443678478305349,0.9621919487749365,0.6453683376312256,0.1344742774963379
500,3.0,3,1,1,1,1,14,0.4945927084565354,0.6126317768966902,1.1072244853532256,0.6025700569152832,0.15202999114990234
500,3.0,3,1,1,1,1,15,0.5683022069152036,0.5012409954412405,1.0016721234552561,0.6903038024902344,0.12156438827514648
500,3.0,3,1,1,1,1,16,0.5245623620959403,0.38843461863884715,0.8641903075119575,0.6395659446716309,0.13637590408325195
500,3.0,3,1,1,1,1,17,0.6161518957048985,0.5023847594512953,0.995236800353418,0.6780202388763428,0.15075325965881348
500,3.0,3,1,1,1,1,18,0.6127165304016547,0.5185997788704932,1.1313163092721479,0.5958545207977295,0.1470959186553955
500,3.0,3,1,1,1,1,19,0.5135360883549113,0.41179692600231355,0.8737998291492737,0.7084333896636963,0.13830161094665527
500,3.0,3,1,1,1,1,20,0.4980131429301915,0.3860923485281709,0.8509838557203628,0.598391056060791,0.12390565872192383
500,3.0,3,1,1,1,1,21,0.5858685805215511,0.4991608304325943,0.9456390239405796,0.710561990737915,0.1450960636138916
500,3.0,3,1,1,1,1,22,0.5737118314185754,0.41408492793880647,0.9009412518395835,0.7060468196868896,0.1311197280883789
500,3.0,3,1,1,1,1,23,0.5741846982323188,0.5064827296160983,1.003204916186252,0.5376789569854736,0.13871312141418457
500,3.0,3,1,1,1,1,24,0.6148531428470897,0.4420664469310311,0.9394715706424677,0.543705940246582,0.12665009498596191
500,3.5,3,1,1,1,1,0,0.6550732427191959,0.67611695544182,1.2999610734037315,0.49519968032836914,0.12677288055419922
500,3.5,3,1,1,1,1,1,0.7030808405555932,0.4959803155745923,1.0586011511224547,0.49767184257507324,0.11620807647705078
500,3.5,3,1,1,1,1,2,0.6994984684230732,0.46030868535888225,0.9606433585428622,0.5227885246276855,0.11835980415344238
500,3.5,3,1,1,1,1,3,0.7026259684838714,0.606871024420704,1.1088858097614245,0.6615338325500488,0.12052297592163086
500,3.5,3,1,1,1,1,4,0.7908005900112376,0.8425161188943215,1.4110205466587562,0.499126672744751,0.12258172035217285
500,3.5,3,1,1,1,1,5,0.6440881055378891,0.6255783527523877,1.1377092591367388,0.5337221622467041,0.1255178451538086
500,3.5,3,1,1,1,1,6,0.6712349282038368,0.6285672628542609,1.1950992833135448,0.5083098411560059,0.12637829780578613
500,3.5,3,1,1,1,1,7,0.8185013392894883,0.5683271789702413,1.3204631150465986,0.48075175285339355,0.11838006973266602
500,3.5,3,1,1,1,1,8,0.645974061086338,0.47337529323914107,1.057390678523309,0.5091135501861572,0.11251211166381836
500,3.5,3,1,1,1,1,9,0.6707522549678886,0.6535706051190638,1.1034452927275582,0.6271865367889404,0.11892843246459961
500,3.5,3,1,1,1,1,10,0.6405204662495941,0.5193635342906932,1.0464550892882283,0.5138554573059082,0.12957549095153809
500,3.5,3,1,1,1,1,11,0.738803420708397,0.49504682371211733,1.0788425495402356,0.482621431350708,0.12749719619750977
500,3.5,3,1,1,1,1,12,0.8043865826388762,0.8386981709497602,1.6005837362929756,0.5342292785644531,0.11651134490966797
500,3.5,3,1,1,1,1,13,0.6684467760837095,0.5249187781575616,1.1275122514829143,0.5134837627410889,0.0931093692779541
500,3.5,3,1,1,1,1,14,0.6040603076653932,0.4827939344707579,0.9849913855488732,0.5550441741943359,0.11704397201538086
500,3.5,3,1,1,1,1,15,0.5741957087248097,0.5964970757865083,1.1133909274998584,0.7475504875183105,0.13454651832580566
500,3.5,3,1,1,1,1,16,0.5870971724499813,0.4601928606741671,1.0458498862331846,0.505028486251831,0.11962413787841797
500,3.5,3,1,1,1,1,17,0.7037290834609037,0.6431666054882197,1.1290740693970795,0.6646087169647217,0.13059282302856445
500,3.5,3,1,1,1,1,18,0.6932905149989814,0.774177265124261,1.4026600603329036,0.7511446475982666,0.14417386054992676
500,3.5,3,1,1,1,1,19,0.707584216586868,0.5935853025414266,1.0826817110599372,0.5780508518218994,0.14807415008544922
500,3.5,3,1,1,1,1,20,0.7308588638107507,0.5226724166191417,1.230990324379682,0.8037848472595215,0.13553333282470703
500,3.5,3,1,1,1,1,21,0.6985523031242512,0.5568876628137097,1.2017425268386157,0.5882093906402588,0.14226746559143066
500,3.5,3,1,1,1,1,22,0.6469247168982771,0.6016855231753406,1.115665509267817,0.6109366416931152,0.15446996688842773
500,3.5,3,1,1,1,1,23,0.6817152183143155,0.5809339065830288,1.247954821959478,0.7282733917236328,0.14995622634887695
500,3.5,3,1,1,1,1,24,0.5998846241326584,0.5420304685513487,1.1419150926840071,0.6588470935821533,0.12551641464233398
500,4.0,3,1,1,1,1,0,0.7371565684948271,0.7535943610053492,1.489387359345195,0.8760285377502441,0.1680908203125
500,4.0,3,1,1,1,1,1,0.7576875293005886,0.8648712941436297,1.4212627632289851,0.7593960762023926,0.137526273727417
500,4.0,3,1,1,1,1,2,0.7573633630024711,0.7383318587594416,1.297854451874211,0.6582231521606445,0.1360480785369873
500,4.0,3,1,1,1,1,3,0.9856380054178621,0.5438089489605257,1.286418281037929,0.656423807144165,0.13228058815002441
500,4.0,3,1,1,1,1,4,0.7532944035065146,0.5638800557494228,1.240765437308053,0.675076961517334,0.1445174217224121
500,4.0,3,1,1,1,1,5,0.6882279221252916,0.6398020734675346,1.2259264660067277,0.8612618446350098,0.16478681564331055
500,4.0,3,1,1,1,1,6,0.8408234876437286,0.49844621448830684,1.3392697021320354,0.6148104667663574,0.11503100395202637
500,4.0,3,1,1,1,1,7,0.822914773270865,0.64972185657691,1.4726366298477749,0.6017169952392578,0.1123039722442627
500,4.0,3,1,1,1,1,8,0.7662179047222303,0.7001401602467747,1.466358064969005,0.6011195182800293,0.15505695343017578
500,4.0,3,1,1,1,1,9,0.8702109233336103,0.6021348806316831,1.198569862914792,0.7092897891998291,0.13881945610046387
500,4.0,3,1,1,1,1,10,0.7262681217016826,0.5748620680619415,1.1755096091583597,0.7786951065063477,0.12840771675109863
500,4.0,3,1,1,1,1,11,0.8083322322811348,0.5915195986068537,1.1777744938176244,0.880096435546875,0.16260290145874023
500,4.0,3,1,1,1,1,12,0.78929954395113,0.639166551929876,1.2178199298953738,0.6033833026885986,0.15504765510559082
500,4.0,3,1,1,1,1,13,0.752568657932006,0.5888691008354814,1.236693680869784,0.6563057899475098,0.1377239227294922
500,4.0,3,1,1,1,1,14,0.7970605954546589,0.8220193788301318,1.5493786865480388,0.8183755874633789,0.191650390625
500,4.0,3,1,1,1,1,15,0.9123303472083457,0.6040014003339954,1.516331747542341,0.6119215488433838,0.1440577507019043
500,4.0,3,1,1,1,1,16,0.9825262031712508,0.7096121306272591,1.541801891929953,0.6559927463531494,0.15494036674499512
500,4.0,3,1,1,1,1,17,0.7994501929952698,0.6686686869823244,1.3050278792006913,0.6484761238098145,0.13913393020629883
500,4.0,3,1,1,1,1,18,0.7025705171128683,0.6535043041739308,1.2953068878285223,0.6528222560882568,0.13008999824523926
500,4.0,3,1,1,1,1,19,0.845910912246596,0.6199538027282298,1.2615898968783283,0.86179518699646,0.1644134521484375
500,4.0,3,1,1,1,1,20,0.8012107667586672,0.5980596298637332,1.2788220407325035,0.6160736083984375,0.16087603569030762
500,4.0,3,1,1,1,1,21,0.8069755781818756,0.5868333110838294,1.393808889265705,0.6782858371734619,0.12771010398864746
500,4.0,3,1,1,1,1,22,0.7752572000188609,0.5375610838606946,1.1606672110509417,0.7070174217224121,0.12008190155029297
500,4.0,3,1,1,1,1,23,0.7559839866124329,0.5640624755647322,1.2591456111159385,0.6617286205291748,0.15453839302062988
500,4.0,3,1,1,1,1,24,0.7334150788018444,0.7172056882785548,1.335344341168133,0.7437448501586914,0.16108345985412598
500,4.5,3,1,1,1,1,0,1.0197208941845886,0.6379859634163125,1.606495579001096,0.7057318687438965,0.14309120178222656
500,4.5,3,1,1,1,1,1,0.9727019240903712,0.6130915287566909,1.3578196710166845,0.5972659587860107,0.14499974250793457
500,4.5,3,1,1,1,1,2,0.8019025572123866,0.6490273235324379,1.2683107343838351,0.6704092025756836,0.16304755210876465
500,4.5,3,1,1,1,1,3,0.8417176058052855,0.7093889452821831,1.426378089439737,0.7390987873077393,0.12372326850891113
500,4.5,3,1,1,1,1,4,1.1278574670462203,0.8923529488602392,2.0202104159064596,0.8601152896881104,0.1693410873413086
500,4.5,3,1,1,1,1,5,0.9895057122355744,0.8263462038660178,1.8068472019024036,0.6501517295837402,0.1365344524383545
500,4.5,3,1,1,1,1,6,0.7732949216898751,0.7491905696508079,1.4174005875483031,0.6135334968566895,0.15505385398864746
500,4.5,3,1,1,1,1,7,0.8667059898919347,0.7907396437635837,1.4690815885660324,0.645256519317627,0.12654328346252441
500,4.5,3,1,1,1,1,8,0.8400204070137566,0.6366617125287184,1.4260291301389394,0.8325650691986084,0.14862728118896484
500,4.5,3,1,1,1,1,9,0.7958033341296867,0.6346669752524239,1.2921934321182653,0.7544188499450684,0.12021207809448242
500,4.5,3,1,1,1,1,10,0.9813872271627432,0.6601124322956923,1.410400433783047,0.6834485530853271,0.1510460376739502
500,4.5,3,1,1,1,1,11,0.9128387992956356,0.6292326138197283,1.4127409229204406,0.6741330623626709,0.13452768325805664
500,4.5,3,1,1,1,1,12,0.902419352125689,0.6724839905654643,1.438046227535911,0.6821815967559814,0.1295154094696045
500,4.5,3,1,1,1,1,13,0.8982448155185672,0.8564619792515681,1.5867419295637326,0.8020823001861572,0.16499090194702148
500,4.5,3,1,1,1,1,14,0.865500482104829,0.6302434616158789,1.365147285457189,0.5981020927429199,0.13694167137145996
500,4.5,3,1,1,1,1,15,0.8126632266305479,0.7253174599556586,1.416614142885288,0.5536320209503174,0.12999343872070312
500,4.5,3,1,1,1,1,16,1.5331907611627285,1.7138948333228512,3.2470855944855797,0.5389358997344971,0.10651659965515137
500,4.5,3,1,1,1,1,17,0.985382849650939,0.7627720534862631,1.4896044759575668,0.5192270278930664,0.11103057861328125
500,4.5,3,1,1,1,1,18,0.8264579702658841,0.9126639499968656,1.7391219202627497,0.5368342399597168,0.1280827522277832
500,4.5,3,1,1,1,1,19,0.9455834936342006,0.5345805862364534,1.3854934765109619,0.5668947696685791,0.10842180252075195
500,4.5,3,1,1,1,1,20,0.9551850521686699,0.8367093509176806,1.5730584220537263,0.530031681060791,0.11607217788696289
500,4.5,3,1,1,1,1,21,0.8241833745986508,0.7402754038716944,1.4725852453026946,0.5188617706298828,0.11994361877441406
500,4.5,3,1,1,1,1,22,0.8489625464267274,0.6599375073389769,1.3414672979647708,0.4932291507720947,0.11840415000915527
500,4.5,3,1,1,1,1,23,0.9116430273852474,0.6523585486401089,1.4407653494599522,0.570563554763794,0.11687469482421875
500,4.5,3,1,1,1,1,24,0.7721005463539299,0.745223248108215,1.442057677957734,0.5690939426422119,0.1165010929107666
500,5.0,3,1,1,1,1,0,1.0399943137491074,0.8858827461448223,1.6507923606016868,0.5020043849945068,0.11102724075317383
500,5.0,3,1,1,1,1,1,1.125645740175561,0.9615099721510332,1.9130388217736245,0.516284704208374,0.10443592071533203
500,5.0,3,1,1,1,1,2,1.1675438212185845,1.0192117081923469,2.166558992981916,0.5556890964508057,0.12295007705688477
500,5.0,3,1,1,1,1,3,1.0034513386348185,0.8048478458625172,1.626094935947036,0.5584273338317871,0.08940696716308594
500,5.0,3,1,1,1,1,4,1.0252816829555478,0.8585465371604952,1.6880281514568298,0.5225555896759033,0.10266804695129395
500,5.0,3,1,1,1,1,5,1.2558076629253694,0.8360306124386142,1.6537643899575591,0.5072000026702881,0.11340904235839844
500,5.0,3,1,1,1,1,6,1.1443986524847023,1.0943027434895176,2.0659918542055653,0.6548178195953369,0.11461806297302246
500,5.0,3,1,1,1,1,7,0.9795383747350446,0.8491439359355153,1.77681333072622,0.536912202835083,0.10306096076965332
500,5.0,3,1,1,1,1,8,1.0743004758875483,0.774960411270632,1.659721995372406,0.5460820198059082,0.11555361747741699
500,5.0,3,1,1,1,1,9,1.0761382765223313,0.8524105396206572,1.719225725419021,0.5228040218353271,0.11304521560668945
500,5.0,3,1,1,1,1,10,1.050577670389655,0.8424247861946108,1.6806742477365284,0.4607090950012207,0.11041879653930664
500,5.0,3,1,1,1,1,11,1.1261032208827684,0.7765168623046654,1.7202158586794702,0.4890873432159424,0.11850810050964355
500,5.0,3,1,1,1,1,12,1.0426645681395124,0.8143592851917448,1.857023853331257,0.6265122890472412,0.12256097793579102
500,5.0,3,1,1,1,1,13,1.3148103311011994,0.8124556017542116,2.0503037807562237,0.5735716819763184,0.11964106559753418
500,5.0,3,1,1,1,1,14,1.0632705890128367,0.9175698525880059,1.6720494112589326,0.5979456901550293,0.12392854690551758
500,5.0,3,1,1,1,1,15,0.8787329407508343,0.6088353516857152,1.415790668755308,0.6161026954650879,0.11206436157226562
500,5.0,3,1,1,1,1,16,1.3049072878492973,1.0011885750424314,2.3060958628917287,0.6279432773590088,0.14074945449829102
500,5.0,3,1,1,1,1,17,1.057591708951863,0.7001470147923197,1.5461106705445924,0.5516443252563477,0.11884713172912598
500,5.0,3,1,1,1,1,18,1.1269889416258012,0.6778813754027943,1.68904918587072,0.8366878032684326,0.1646251678466797
500,5.0,3,1,1,1,1,19,1.1133711619136086,0.7777838409887882,1.6599446600896304,0.6576893329620361,0.13637828826904297
500,5.0,3,1,1,1,1,20,1.5043967423665323,0.9511181018887054,2.0032991592489946,0.7190911769866943,0.1700575351715088
500,5.0,3,1,1,1,1,21,0.9557583710970929,0.6870638364543347,1.5474585469606472,0.6938767433166504,0.1494278907775879
500,5.0,3,1,1,1,1,22,0.9742684987280426,0.853515827566119,1.8243620173861348,0.8088464736938477,0.16839051246643066
500,5.0,3,1,1,1,1,23,1.1337858859972998,0.8051904373540052,1.6319330565349208,0.6600041389465332,0.13880467414855957
500,5.0,3,1,1,1,1,24,1.106529408348302,0.8224646696497064,1.8131204968669012,0.6801450252532959,0.1349794864654541
500,5.5,3,1,1,1,1,0,2.0682982189519734,1.0842058019237506,3.0749264614255507,0.7269797325134277,0.12941837310791016
500,5.5,3,1,1,1,1,1,1.411216171558544,0.8432951470781137,2.024026948462539,0.7339065074920654,0.155043363571167
500,5.5,3,1,1,1,1,2,1.4076789040577447,0.9145910013255595,1.9696118473757576,0.8456969261169434,0.16367673873901367
500,5.5,3,1,1,1,1,3,1.2064801300767782,0.8702267876545026,1.865295200332715,0.6181747913360596,0.1450338363647461
500,5.5,3,1,1,1,1,4,1.395205884559769,0.8929286650376038,2.1140937181150363,0.6435236930847168,0.15909266471862793
500,5.5,3,1,1,1,1,5,1.5206919338470237,0.9704079171758818,2.485766656061495,0.7959749698638916,0.1501147747039795
500,5.5,3,1,1,1,1,6,1.2519833951679997,1.0212075553989315,1.9639693078123244,0.6418867111206055,0.15624380111694336
500,5.5,3,1,1,1,1,7,1.2743833754892047,0.898665588185029,1.8692279333225983,0.6557512283325195,0.15609097480773926
500,5.5,3,1,1,1,1,8,1.4458827636995255,0.8584917664130782,2.0305750137824963,0.7289974689483643,0.12317562103271484
500,5.5,3,1,1,1,1,9,1.314896962525941,0.9803436452873697,1.9486479665161118,0.6206479072570801,0.10706043243408203
500,5.5,3,1,1,1,1,10,1.327057279134623,0.8322622292974108,2.041189879524188,0.6464083194732666,0.1572117805480957
500,5.5,3,1,1,1,1,11,1.0783973629125294,0.7065558593589044,1.5961880380899447,0.8305163383483887,0.16903281211853027
500,5.5,3,1,1,1,1,12,1.223901048101907,0.8452047309464772,1.8748616393114754,0.7364692687988281,0.14138507843017578
500,5.5,3,1,1,1,1,13,1.1841295512855177,1.1096392997676048,2.175565582557759,0.75606369972229,0.15537643432617188
500,5.5,3,1,1,1,1,14,1.1924757546261426,0.7099642743869186,1.7978441053869232,0.6060209274291992,0.14754605293273926
500,5.5,3,1,1,1,1,15,1.4096906959400815,0.9206433454743048,2.058992583322337,0.6830103397369385,0.1386418342590332
500,5.5,3,1,1,1,1,16,1.4456090363946072,0.9943445861318039,2.1922886891984885,0.8959038257598877,0.14970064163208008
500,5.5,3,1,1,1,1,17,1.1125684407002263,0.778431963855352,1.6590252030124395,0.6211864948272705,0.16556787490844727
500,5.5,3,1,1,1,1,18,1.3899667563546398,0.8503788154132247,1.9801147770906433,0.6223113536834717,0.13955116271972656
500,5.5,3,1,1,1,1,19,1.2266369526297904,0.8702995669496464,1.8003221459144938,0.714918851852417,0.13576316833496094
500,5.5,3,1,1,1,1,20,1.2576123701634565,1.2626446894835275,2.3560015371555334,0.6819376945495605,0.17761707305908203
500,5.5,3,1,1,1,1,21,1.3812095909792446,1.1137811594982283,2.223618893538623,0.6395795345306396,0.1440887451171875
500,5.5,3,1,1,1,1,22,1.410501411437495,1.4174956935662741,2.520290903902981,0.6068265438079834,0.15185093879699707
500,5.5,3,1,1,1,1,23,1.6751296737146177,0.9316097781538686,2.6067394518684863,0.6959378719329834,0.1373605728149414
500,5.5,3,1,1,1,1,24,1.1760110643602781,1.0241788200180721,2.095085104326709,0.6351685523986816,0.14209342002868652
500,6.0,3,1,1,1,1,0,1.3503136710698156,1.0753834464563718,2.2535285335127795,0.6907608509063721,0.16785383224487305
500,6.0,3,1,1,1,1,1,1.617974733063564,1.0525002764900002,2.3356824427935448,0.6310262680053711,0.15308284759521484
500,6.0,3,1,1,1,1,2,1.6125639588676692,1.1903027702904234,2.7995126399255668,0.6586782932281494,0.15321874618530273
500,6.0,3,1,1,1,1,3,1.4388970420738418,1.035983479512511,2.0788787861305194,0.7079570293426514,0.13996338844299316
500,6.0,3,1,1,1,1,4,1.4516682579941562,0.9950082564862811,2.1609074927026346,0.6152188777923584,0.1195218563079834
500,6.0,3,1,1,1,1,5,1.396343033435412,1.2209271499515961,2.1425446036198963,0.8364009857177734,0.17406749725341797
500,6.0,3,1,1,1,1,6,1.3767630015310601,1.299633583559828,2.4710781781960645,0.657181978225708,0.15404510498046875
500,6.0,3,1,1,1,1,7,1.5350807991087363,1.4105888608375126,2.673716973360091,0.7232682704925537,0.12064218521118164
500,6.0,3,1,1,1,1,8,1.4971421849061115,1.0574232381940063,2.2522982178942472,0.6296160221099854,0.1324615478515625
500,6.0,3,1,1,1,1,9,1.185096063267281,1.4348019328574269,2.574283863901055,0.6565208435058594,0.14769887924194336
500,6.0,3,1,1,1,1,10,1.7875970549059854,1.5089139147782222,3.2965109696842076,0.8278102874755859,0.1690657138824463
500,6.0,3,1,1,1,1,11,2.03447599325783,0.9201317058425498,2.8667566482124585,0.6707301139831543,0.12295126914978027
500,6.0,3,1,1,1,1,12,1.3659267142691842,1.165951296814582,2.123454365753594,0.6595640182495117,0.15413904190063477
500,6.0,3,1,1,1,1,13,1.658297714019437,1.2964262102030815,2.5472759668386886,0.6762776374816895,0.15311264991760254
500,6.0,3,1,1,1,1,14,1.217031076246329,0.8116527260223403,1.6674888433388446,0.6152760982513428,0.13951444625854492
500,6.0,3,1,1,1,1,15,1.389096819506889,0.9866010905211157,2.0367763081870267,0.6962921619415283,0.14168453216552734
500,6.0,3,1,1,1,1,16,1.5771769102748299,0.9451952347674006,2.088890076883554,0.6468062400817871,0.13361716270446777
500,6.0,3,1,1,1,1,17,1.6988504722286462,0.9867267937745072,2.067065903200315,0.6282248497009277,0.1381206512451172
500,6.0,3,1,1,1,1,18,1.1694406285701975,0.9687509234738362,2.095697851087804,0.7064905166625977,0.10738325119018555
500,6.0,3,1,1,1,1,19,1.4066392635501883,0.9091744055833474,2.0260745653467493,0.6279501914978027,0.11340594291687012
500,6.0,3,1,1,1,1,20,1.535129918131899,0.9109102361405591,2.174364643560216,0.6980724334716797,0.11543822288513184
500,6.0,3,1,1,1,1,21,1.3309935792936196,1.0370260116749104,2.2127250365939624,0.6470940113067627,0.12273550033569336
500,6.0,3,1,1,1,1,22,1.367122593777967,1.0083886728639018,2.2730899231148896,0.6050944328308105,0.11603760719299316
500,6.0,3,1,1,1,1,23,1.7337003013339265,1.2672849249083498,2.4983996715175083,0.5946664810180664,0.11405205726623535
500,6.0,3,1,1,1,1,24,1.2779041034614662,0.8813284413753195,2.1592325448367857,0.7181196212768555,0.13766193389892578
500,6.5,3,1,1,1,1,0,1.3005636831561052,1.3901655473490764,2.6588118782893666,0.752532958984375,0.13953137397766113
500,6.5,3,1,1,1,1,1,1.4985501571122577,1.1384168857991537,2.329598739682337,0.5140540599822998,0.12178945541381836
500,6.5,3,1,1,1,1,2,1.6518424672007817,1.164416819425454,2.4709890901272447,0.504392147064209,0.11503863334655762
500,6.5,3,1,1,1,1,3,1.8110555594485442,1.2464174562663455,2.731634249975304,0.5285682678222656,0.11905908584594727
500,6.5,3,1,1,1,1,4,2.2328197974089403,1.5825126816567379,3.1441002077140014,0.5672473907470703,0.10290408134460449
500,6.5,3,1,1,1,1,5,2.4464668719044274,1.2272177786185934,3.3493423770420097,0.5886702537536621,0.09452033042907715
500,6.5,3,1,1,1,1,6,1.7417058665921799,1.3259907356977485,2.7254990542516646,0.5744626522064209,0.11705589294433594
500,6.5,3,1,1,1,1,7,2.0781904157681628,1.624648024899233,3.400998366947847,0.45046353340148926,0.11304402351379395
500,6.5,3,1,1,1,1,8,1.5007615931007945,0.9071942544151949,2.2689509825877083,0.5387077331542969,0.10980629920959473
500,6.5,3,1,1,1,1,9,2.1313741657317267,1.5394383406308505,3.6708125063625774,0.542229413986206,0.11049795150756836
500,6.5,3,1,1,1,1,10,2.7714559323630117,1.3526801121621395,3.765647315114146,0.5254068374633789,0.09903168678283691
500,6.5,3,1,1,1,1,11,1.7919845436895268,1.3552576222548711,2.902784665665754,0.4855782985687256,0.0974264144897461
500,6.5,3,1,1,1,1,12,1.4730588966495695,1.3643893246684367,2.5239000332870694,0.5517313480377197,0.11273384094238281
500,6.5,3,1,1,1,1,13,1.753108248875496,1.1951680351058696,2.9482762839813654,0.4781677722930908,0.10132288932800293
500,6.5,3,1,1,1,1,14,2.0233605612725793,1.1689608728418277,3.034608535453537,0.5151913166046143,0.10559415817260742
500,6.5,3,1,1,1,1,15,1.9775118176359554,1.1610184424328134,2.730633915228502,0.46064281463623047,0.10051512718200684
500,6.5,3,1,1,1,1,16,2.7988145689259127,1.412221189088381,3.7797132215953777,0.4828505516052246,0.11257362365722656
500,6.5,3,1,1,1,1,17,1.9168369030855599,1.1832011970552183,2.8535631976900326,0.5262353420257568,0.1045541763305664
500,6.5,3,1,1,1,1,18,1.355453007910557,1.1006656824993137,2.326496896455102,0.5571877956390381,0.09691309928894043
500,6.5,3,1,1,1,1,19,1.547458841601899,1.2187616925782032,2.451601582413104,0.5863361358642578,0.1181793212890625
500,6.5,3,1,1,1,1,20,1.8253962033999207,1.319486994382405,2.8299267549415807,0.47899460792541504,0.11940813064575195
500,6.5,3,1,1,1,1,21,1.3425118498850754,1.2182294358321386,2.3726731565306665,0.5610506534576416,0.11542844772338867
500,6.5,3,1,1,1,1,22,2.0537666034302227,1.0506021134751011,2.687721457471545,0.6649093627929688,0.11900806427001953
500,6.5,3,1,1,1,1,23,1.793804603627807,1.5326970732977543,3.133818095671313,0.540748119354248,0.1364142894744873
500,6.5,3,1,1,1,1,24,1.9298471862770679,1.0283685528566673,2.3594900099531846,0.5526530742645264,0.1290731430053711
500,7.0,3,1,1,1,1,0,2.668695524136538,2.0740498157824034,3.984683202186145,0.7528691291809082,0.11441326141357422
500,7.0,3,1,1,1,1,1,2.292072855384656,1.5774486365139735,3.806839260771194,0.5813994407653809,0.13849306106567383
500,7.0,3,1,1,1,1,2,2.3646619843554726,3.710947907135351,5.980777138337265,0.5946555137634277,0.1639575958251953
500,7.0,3,1,1,1,1,3,2.59925508593336,1.38202417629436,3.9812792622277198,0.6916382312774658,0.14708542823791504
500,7.0,3,1,1,1,1,4,2.199899374819288,1.8730176959660623,3.7253454326370177,0.6961450576782227,0.1390845775604248
500,7.0,3,1,1,1,1,5,2.5433939028203243,1.8621571092742955,4.4055510120946195,0.8216252326965332,0.13952112197875977
500,7.0,3,1,1,1,1,6,2.0951030728177487,1.9395967296707708,4.03469980248852,0.6703536510467529,0.1545252799987793
500,7.0,3,1,1,1,1,7,1.8433474447655762,1.1706706621331469,3.014018106898723,0.731895923614502,0.13107895851135254
500,7.0,3,1,1,1,1,8,2.0962601305491217,1.5351148895590339,3.1078031380921143,0.5783083438873291,0.12704086303710938
500,7.0,3,1,1,1,1,9,2.7509241234338804,2.5859010959479938,5.0981773557241175,0.6035292148590088,0.16435766220092773
500,7.0,3,1,1,1,1,10,2.8282849613403007,1.8172519041806807,3.684323243002912,0.6847667694091797,0.1477947235107422
500,7.0,3,1,1,1,1,11,2.804396489290306,2.419562471904288,4.816163774968308,0.6760928630828857,0.1480395793914795
500,7.0,3,1,1,1,1,12,1.5593223731884798,1.367574078779376,2.403305934311874,0.6648144721984863,0.11753392219543457
500,7.0,3,1,1,1,1,13,1.821272630034922,1.7831444360238995,2.8818055820241115,0.6177115440368652,0.15851497650146484
500,7.0,3,1,1,1,1,14,1.526413010926539,1.5051043156963888,2.7090572865086755,0.7991445064544678,0.15271639823913574
500,7.0,3,1,1,1,1,15,2.5050373097170517,2.7816553308564513,4.568133971111045,0.7237429618835449,0.14501428604125977
500,7.0,3,1,1,1,1,16,1.5898588109930956,1.3770361652419016,2.9638590615230225,0.786862850189209,0.14953112602233887
500,7.0,3,1,1,1,1,17,2.5746648580587412,1.7087437617988324,4.277629680179268,0.5871531963348389,0.14404773712158203
500,7.0,3,1,1,1,1,18,2.8218876267383304,1.1575994994840755,3.520421454789142,0.6067383289337158,0.14050626754760742
500,7.0,3,1,1,1,1,19,2.825631794327623,2.232985666487266,5.058617460814888,0.7878265380859375,0.1762840747833252
500,7.0,3,1,1,1,1,20,1.6344238112406855,1.0944492439153053,2.684887309984478,0.7105696201324463,0.14005351066589355
500,7.0,3,1,1,1,1,21,1.8092749127104066,1.0603881275131906,2.8438045026236733,0.6310007572174072,0.13101458549499512
500,7.0,3,1,1,1,1,22,2.125164234399849,1.5747116515621893,3.2209221228374663,0.5482683181762695,0.16156983375549316
500,7.0,3,1,1,1,1,23,1.745278535399297,1.5631752705840551,3.1493650025354434,0.6479365825653076,0.15794634819030762
500,7.0,3,1,1,1,1,24,2.745749338560042,1.8455276100641773,4.193303524391204,0.8102307319641113,0.17606234550476074
500,7.5,3,1,1,1,1,0,2.6179439974659173,2.331653589610424,4.504663371731529,0.671945333480835,0.13819622993469238
500,7.5,3,1,1,1,1,1,2.815745406714425,1.3932399708142467,3.7522530099404032,0.6585798263549805,0.1610546112060547
500,7.5,3,1,1,1,1,2,2.208049247159746,1.9802440188380925,3.9311695925348844,0.718069314956665,0.13341975212097168
500,7.5,3,1,1,1,1,3,1.856661528486332,1.480456050204493,2.9906183873070735,0.699277400970459,0.12053728103637695
500,7.5,3,1,1,1,1,4,2.477053085978505,2.5114041951525174,4.808203286225976,0.8113241195678711,0.14553499221801758
500,7.5,3,1,1,1,1,5,2.3898031719969897,1.9322866386291597,3.972138213543086,0.6863517761230469,0.15882277488708496
500,7.5,3,1,1,1,1,6,2.665173942938094,2.0376792042285103,4.413914331904796,0.7197728157043457,0.146484375
500,7.5,3,1,1,1,1,7,2.825483389899556,1.565710999448262,3.848431696361742,0.6261529922485352,0.15164804458618164
500,7.5,3,1,1,1,1,8,2.816130008062457,2.6132820818814944,5.068897485892383,0.8361649513244629,0.17187762260437012
500,7.5,3,1,1,1,1,9,2.8182684536022617,2.154734698554669,4.535582605306449,0.7279424667358398,0.1295759677886963
500,7.5,3,1,1,1,1,10,2.777663997970903,2.547623200486161,5.0558338224547414,0.6952042579650879,0.15175724029541016
500,7.5,3,1,1,1,1,11,2.231721875774373,1.60692662209218,3.4570451288923234,0.7044970989227295,0.14143610000610352
500,7.5,3,1,1,1,1,12,2.0541862355941354,1.658779871798084,3.56906955069959,0.6231269836425781,0.16806721687316895
500,7.5,3,1,1,1,1,13,2.785672526872479,2.656589547280524,5.12969260701108,0.7117488384246826,0.13982224464416504
500,7.5,3,1,1,1,1,14,1.7829996187272295,1.221202424107329,2.7629266973318822,0.7303786277770996,0.14099478721618652
500,7.5,3,1,1,1,1,15,2.7494930090937557,1.8579035355238867,3.7658679613335115,0.7182724475860596,0.1475052833557129
500,7.5,3,1,1,1,1,16,2.102527813889486,1.477822121750891,3.4006668917551037,0.6558222770690918,0.144073486328125
500,7.5,3,1,1,1,1,17,2.7543144361161365,2.3301702195757366,5.054655034324847,0.8357055187225342,0.16349554061889648
500,7.5,3,1,1,1,1,18,2.826157617824392,2.3082851567681733,5.1242894519493305,0.6581454277038574,0.14403676986694336
500,7.5,3,1,1,1,1,19,2.4668330119082684,2.076588069376203,3.779246419806052,0.6116557121276855,0.15561676025390625
500,7.5,3,1,1,1,1,20,2.8278956898572556,2.930369487631942,5.2898705872380365,0.6504433155059814,0.15620899200439453
500,7.5,3,1,1,1,1,21,2.089763104900145,1.8803856533073564,3.40742354299484,0.6961429119110107,0.1339402198791504
500,7.5,3,1,1,1,1,22,2.808249861891447,1.6118452114053035,3.498326450610632,0.8300447463989258,0.1801459789276123
500,7.5,3,1,1,1,1,23,2.186925208584357,1.591591929307584,3.1818158706907704,0.6194648742675781,0.1336214542388916
500,7.5,3,1,1,1,1,24,2.827763457310184,3.7727968309476827,6.404512838171336,0.7161529064178467,0.1430203914642334
500,8.0,3,1,1,1,1,0,2.8280596071156334,3.028729145967163,5.808868712886586,0.7018792629241943,0.1381676197052002
500,8.0,3,1,1,1,1,1,2.502687304907233,1.4897926197375708,3.4653684540209557,0.8407812118530273,0.16034865379333496
500,8.0,3,1,1,1,1,2,2.2967390920670265,1.4161231966002121,3.471975906824822,0.6320030689239502,0.13635849952697754
500,8.0,3,1,1,1,1,3,2.535790265594171,1.7033418033026249,3.324087320512502,0.6425971984863281,0.14060258865356445
500,8.0,3,1,1,1,1,4,2.777961188761184,1.886287940260192,4.25745190495631,0.631474494934082,0.140472412109375
500,8.0,3,1,1,1,1,5,2.82633677916737,2.116010358032859,4.890171996031468,0.642707109451294,0.14162445068359375
500,8.0,3,1,1,1,1,6,2.555662863789481,2.4166324060181323,4.3376154306406525,0.5549139976501465,0.1286473274230957
500,8.0,3,1,1,1,1,7,2.827412094012046,2.4180801123672646,4.861593141061242,0.7396836280822754,0.126054048538208
500,8.0,3,1,1,1,1,8,2.800889277844542,2.1017745693429437,3.8558983949131194,0.5997581481933594,0.12171268463134766
500,8.0,3,1,1,1,1,9,2.095964156125893,1.7353537341108944,3.2333133319853493,0.5368247032165527,0.12881207466125488
500,8.0,3,1,1,1,1,10,2.515917277777014,1.4600200103602758,3.44092346868018,0.549548864364624,0.12039995193481445
500,8.0,3,1,1,1,1,11,2.828373008099127,1.8335503615821211,4.53840079352311,0.5595874786376953,0.1359114646911621
500,8.0,3,1,1,1,1,12,2.326662583224313,1.7593265503232511,3.699505337683684,0.7635078430175781,0.1365509033203125
500,8.0,3,1,1,1,1,13,2.722086737685654,2.5976725101822886,5.3197592478679425,0.5285439491271973,0.1181638240814209
500,8.0,3,1,1,1,1,14,2.796660812813684,1.6649177682620255,4.094102038406613,0.5797603130340576,0.10969376564025879
500,8.0,3,1,1,1,1,15,2.5447983801685417,1.7038978280857369,3.753191671870701,0.5164756774902344,0.11249613761901855
500,8.0,3,1,1,1,1,16,2.814853462087718,1.94522030117322,4.655609327718572,0.5322506427764893,0.11509180068969727
500,8.0,3,1,1,1,1,17,2.1052572144426787,1.6985343580826042,3.435797169967156,0.535595178604126,0.11727142333984375
500,8.0,3,1,1,1,1,18,2.52135884386771,2.5986718345768494,4.622273596042701,0.6891708374023438,0.1280355453491211
500,8.0,3,1,1,1,1,19,2.819783746744098,1.9790932217020387,4.7537723086062424,0.5004339218139648,0.12542390823364258
500,8.0,3,1,1,1,1,20,2.7873464049173453,2.2524996558015276,4.318643498160852,0.5194835662841797,0.12194991111755371
500,8.0,3,1,1,1,1,21,2.5086620590617765,1.9095092152092983,4.181348548197205,0.6824982166290283,0.13393259048461914
500,8.0,3,1,1,1,1,22,2.827854417812497,2.5099941127129464,4.937599695802238,0.5762367248535156,0.11351585388183594
500,8.0,3,1,1,1,1,23,2.8278692671180283,2.430021331578872,4.800470088665243,0.6229729652404785,0.1285407543182373
500,8.0,3,1,1,1,1,24,2.6842738420075642,2.0962448570398737,4.7805186990474375,0.5868265628814697,0.13743209838867188
500,8.5,3,1,1,1,1,0,2.8282845366496514,3.724628811342674,6.267033862594837,0.612419843673706,0.11501598358154297
500,8.5,3,1,1,1,1,1,2.828321620016695,2.7848969289269108,5.593650810752351,0.6344504356384277,0.1154334545135498
500,8.5,3,1,1,1,1,2,2.8278175258315215,3.107796783494146,5.8713531484870485,0.6270699501037598,0.1334075927734375
500,8.5,3,1,1,1,1,3,2.823053325005478,2.5693633533693263,4.861304914464444,0.5809180736541748,0.13389110565185547
500,8.5,3,1,1,1,1,4,2.82738007448843,3.5366488527926325,5.976906512117111,0.7148752212524414,0.15405678749084473
500,8.5,3,1,1,1,1,5,2.827196823722553,1.8733851763808231,4.467216940458258,0.5627217292785645,0.1264970302581787
500,8.5,3,1,1,1,1,6,2.828262966238373,2.602262492607986,5.209414747309719,0.5494523048400879,0.12755084037780762
500,8.5,3,1,1,1,1,7,2.826401405647677,2.3829718165560982,4.782878042935433,0.5976464748382568,0.1091008186340332
500,8.5,3,1,1,1,1,8,2.8271984589193218,3.1904919457337506,5.9555776116483266,0.6077423095703125,0.10960817337036133
500,8.5,3,1,1,1,1,9,2.789214212615636,2.9582782116646062,5.647040367040846,0.5847394466400146,0.12353873252868652
500,8.5,3,1,1,1,1,10,2.731553080679647,3.204846064903584,5.683868449305632,0.7192800045013428,0.13353252410888672
500,8.5,3,1,1,1,1,11,2.8278289883846948,2.382061776101682,5.159789821327985,0.6391432285308838,0.13106894493103027
500,8.5,3,1,1,1,1,12,2.6046341647305566,2.126377158687543,4.357145553222207,0.5962033271789551,0.1111917495727539
500,8.5,3,1,1,1,1,13,2.815353012061465,2.317715653964533,4.721350341884314,0.6167576313018799,0.11979031562805176
500,8.5,3,1,1,1,1,14,2.8284231286023864,3.782965691081878,6.47722458914666,0.6128582954406738,0.12452197074890137
500,8.5,3,1,1,1,1,15,2.8266306298879185,2.652563540091225,5.226668604759071,0.6982886791229248,0.15190339088439941
500,8.5,3,1,1,1,1,16,2.8215221956875967,3.085142309928855,5.906664505616451,0.6942315101623535,0.12188911437988281
500,8.5,3,1,1,1,1,17,2.818922536547707,2.9272898648491315,5.1902093511358895,0.740807056427002,0.14949584007263184
500,8.5,3,1,1,1,1,18,2.8284153134023104,2.5709397454990044,5.399355058901315,0.574211597442627,0.15209531784057617
500,8.5,3,1,1,1,1,19,2.810686242373492,2.733676670630913,5.281590893200421,0.7508909702301025,0.1596221923828125
500,8.5,3,1,1,1,1,20,2.7779770075219603,1.996267616106404,4.102040512452518,0.7914080619812012,0.16373825073242188
500,8.5,3,1,1,1,1,21,2.792377166768454,2.8339725487910465,5.624560824791606,0.6981496810913086,0.13011550903320312
500,8.5,3,1,1,1,1,22,2.8280068214068836,2.334747212489629,5.116492863997838,0.6120302677154541,0.15778470039367676
500,8.5,3,1,1,1,1,23,2.7863315233805483,2.3443136521249657,5.093550194845628,0.6122589111328125,0.1336066722869873
500,8.5,3,1,1,1,1,24,2.7572951288833223,2.6412360453377084,5.258731929979404,0.6940999031066895,0.14205288887023926
500,9.0,3,1,1,1,1,0,2.8205677429655025,2.9600956431739185,5.745379669044782,0.8678526878356934,0.1660299301147461
500,9.0,3,1,1,1,1,1,2.8278128870367256,3.674958884297005,6.353853885230185,0.6082394123077393,0.14725828170776367
500,9.0,3,1,1,1,1,2,2.8275218578857655,2.2924937591937837,4.947848201761565,0.5659584999084473,0.1553025245666504
500,9.0,3,1,1,1,1,3,2.812774717704716,2.8005782255923855,5.5178916881926625,0.6987907886505127,0.1335160732269287
500,9.0,3,1,1,1,1,4,2.827605255872875,2.3141280059153306,4.508718081690219,0.6761298179626465,0.12952280044555664
500,9.0,3,1,1,1,1,5,2.826331944979541,2.363116480761371,4.815891587298147,0.7820727825164795,0.11079192161560059
500,9.0,3,1,1,1,1,6,2.823203365827012,3.789138533626878,6.61234189945389,0.6657545566558838,0.16718029975891113
500,9.0,3,1,1,1,1,7,2.789190226671121,2.6235382291364737,4.908014482829353,0.7054848670959473,0.1422739028930664
500,9.0,3,1,1,1,1,8,2.8250301945729914,2.7572907079868916,5.522964938519646,0.5951430797576904,0.13579916954040527
500,9.0,3,1,1,1,1,9,2.827911281411452,2.561523275860498,5.358551174306813,0.6325674057006836,0.16880440711975098
500,9.0,3,1,1,1,1,10,2.8272606117520502,3.256143828538947,5.812414594028804,0.8099565505981445,0.15952658653259277
500,9.0,3,1,1,1,1,11,2.8284232839834424,3.7612058487312066,6.5793672848411395,0.6086909770965576,0.14899587631225586
500,9.0,3,1,1,1,1,12,2.8259585615725573,2.8839152252274416,5.63888867530528,0.7084317207336426,0.14751768112182617
500,9.0,3,1,1,1,1,13,2.8270354178669908,3.6066352760911964,6.138784342283895,0.6628024578094482,0.13051843643188477
500,9.0,3,1,1,1,1,14,2.8194613500359784,2.3053493584133626,4.823169676696432,0.8023557662963867,0.17206430435180664
500,9.0,3,1,1,1,1,15,2.8267022933493067,2.393384849341265,5.2036743233061316,0.6706414222717285,0.14908814430236816
500,9.0,3,1,1,1,1,16,2.81671145208468,3.5882861619386164,6.35758366737284,0.7392270565032959,0.12353992462158203
500,9.0,3,1,1,1,1,17,2.8273495739563548,2.960948469572085,5.762900519674679,0.6263868808746338,0.11173105239868164
500,9.0,3,1,1,1,1,18,2.8272713036772705,5.572944396142999,8.12670642526001,0.7073674201965332,0.09878921508789062
500,9.0,3,1,1,1,1,19,2.8282619212145783,2.1064820001947218,4.379506330649836,0.836158275604248,0.16111373901367188
500,9.0,3,1,1,1,1,20,2.8261033513034453,2.4988269903998206,5.265479736395271,0.702660322189331,0.13454651832580566
500,9.0,3,1,1,1,1,21,2.6750396256791142,2.1694865290929823,4.423643623916784,0.5864334106445312,0.1460561752319336
500,9.0,3,1,1,1,1,22,2.8024568581554727,2.513940401037002,5.001931861030069,0.617943286895752,0.15755009651184082
500,9.0,3,1,1,1,1,23,2.8284223237016035,4.011050828236003,6.698828359221601,0.6598999500274658,0.12999367713928223
500,9.0,3,1,1,1,1,24,2.828371858824761,4.456590724812171,7.217286035683247,0.8242607116699219,0.17096519470214844
500,9.5,3,1,1,1,1,0,2.804462855871583,2.857329295177803,5.5006423359536,0.6786026954650879,0.10989856719970703
500,9.5,3,1,1,1,1,1,2.8278012218210793,4.553460213091387,7.291951663677689,0.520531415939331,0.1207895278930664
500,9.5,3,1,1,1,1,2,2.8227270049785966,2.7234424331231675,5.24460035773149,0.5285124778747559,0.1209709644317627
500,9.5,3,1,1,1,1,3,2.819472504474348,2.8061972606573726,5.2936141675226445,0.6723053455352783,0.1259596347808838
500,9.5,3,1,1,1,1,4,2.826245908005717,2.785021430446142,5.102386358648574,0.688307523727417,0.13605618476867676
500,9.5,3,1,1,1,1,5,2.825675665987954,2.763859088702019,4.941043653548146,0.5094733238220215,0.13015151023864746
500,9.5,3,1,1,1,1,6,2.8282224010540675,3.3915210371173257,6.043259011221918,0.5580012798309326,0.1242067813873291
500,9.5,3,1,1,1,1,7,2.8282232691672475,2.4967428000643626,5.184313699603697,0.5708010196685791,0.13008737564086914
500,9.5,3,1,1,1,1,8,2.8279784971778787,3.5152151568177183,6.324198402107967,0.5259876251220703,0.12889552116394043
500,9.5,3,1,1,1,1,9,2.8284269786364145,3.6157008356125813,6.395396732058345,0.5690765380859375,0.10460472106933594
500,9.5,3,1,1,1,1,10,2.8280770551420504,3.066040824537712,5.883282191715237,0.6288378238677979,0.12237954139709473
500,9.5,3,1,1,1,1,11,2.827127339229896,2.586708191824192,5.103457449855252,0.5186595916748047,0.10411286354064941
500,9.5,3,1,1,1,1,12,2.8273783734784015,4.0144635041605845,6.521788995683776,0.585188627243042,0.0888068675994873
500,9.5,3,1,1,1,1,13,2.82690598439778,2.836332735197441,5.529470245759407,0.6186916828155518,0.0964803695678711
500,9.5,3,1,1,1,1,14,2.8254061485837707,2.775910219387776,5.4460811371550175,0.5737721920013428,0.12094616889953613
500,9.5,3,1,1,1,1,15,2.82383244050452,2.6858674860883887,5.472293405150438,0.5778055191040039,0.10935783386230469
500,9.5,3,1,1,1,1,16,2.8280514907829652,3.008812969698636,5.666231394472948,0.5916085243225098,0.12746548652648926
500,9.5,3,1,1,1,1,17,2.8283190607668574,3.7550793537249643,6.449253171256416,0.4873530864715576,0.11684727668762207
500,9.5,3,1,1,1,1,18,2.826414155171761,2.485174764044771,4.769937999830351,0.5272800922393799,0.08513879776000977
500,9.5,3,1,1,1,1,19,2.828426066162767,4.506566517415742,7.227631513506245,0.5474824905395508,0.0957028865814209
500,9.5,3,1,1,1,1,20,2.8258310647695026,4.130615538828042,6.768589739099614,0.5510365962982178,0.11789512634277344
500,9.5,3,1,1,1,1,21,2.8279309553186667,2.773632538416677,5.453116189324354,0.5781939029693604,0.11943364143371582
500,9.5,3,1,1,1,1,22,2.8214584070150663,3.764748383919142,6.4547081098919925,0.6656472682952881,0.1305372714996338
500,9.5,3,1,1,1,1,23,2.826375140548119,3.097053671114155,5.923428811662275,0.5787806510925293,0.12831735610961914
500,9.5,3,1,1,1,1,24,2.825101378083314,3.0420295852277555,5.634702689895284,0.6231129169464111,0.12940645217895508
500,10.0,3,1,1,1,1,0,2.8236639693660575,3.7679659629526863,6.543234602345706,0.731652021408081,0.12658143043518066
500,10.0,3,1,1,1,1,1,2.8246277088946905,2.373634584708434,4.892165596847554,0.6478338241577148,0.13154125213623047
500,10.0,3,1,1,1,1,2,2.828384947040954,2.9424122255180793,5.619763005840605,0.796177864074707,0.14472079277038574
500,10.0,3,1,1,1,1,3,2.8275202404478423,3.598319151134233,6.4092382083764825,0.6144468784332275,0.11968803405761719
500,10.0,3,1,1,1,1,4,2.8284149635239997,3.137255765181641,5.567153492246286,0.6266186237335205,0.15070319175720215
500,10.0,3,1,1,1,1,5,2.8283981904788904,6.266159426694261,9.04941413309518,0.7231273651123047,0.15584754943847656
500,10.0,3,1,1,1,1,6,2.827265166905465,2.9994551329567987,5.826720299862264,0.6324255466461182,0.12195611000061035
500,10.0,3,1,1,1,1,7,2.8284021869439986,3.7277321448256555,6.556017488010654,0.5986695289611816,0.1414320468902588
500,10.0,3,1,1,1,1,8,2.827882305698466,3.2941565075442236,5.962201970599583,0.5831329822540283,0.13062095642089844
500,10.0,3,1,1,1,1,9,2.8275725929558964,3.7340276514861297,6.109968176605712,0.6330177783966064,0.12591266632080078
500,10.0,3,1,1,1,1,10,2.828326954300074,3.4201865765375077,5.7653426760313335,0.6546711921691895,0.13388919830322266
500,10.0,3,1,1,1,1,11,2.8283793351312387,3.556378235264261,6.375503287552474,0.6049034595489502,0.1106271743774414
500,10.0,3,1,1,1,1,12,2.8284241141432127,4.272950651062129,7.084354411685172,0.8245997428894043,0.12988495826721191
500,10.0,3,1,1,1,1,13,2.828328920008711,3.3560768662215374,6.022002835683814,0.6302595138549805,0.15611886978149414
500,10.0,3,1,1,1,1,14,2.8263640765612825,2.8171215430654275,5.2795614189028335,0.7652368545532227,0.13762664794921875
500,10.0,3,1,1,1,1,15,2.8282114356727908,3.351188094261323,5.851402916903887,0.6465179920196533,0.16405773162841797
500,10.0,3,1,1,1,1,16,2.8282941890133855,3.363747890420248,5.903246387967098,0.7507641315460205,0.14841818809509277
500,10.0,3,1,1,1,1,17,2.8263869892827644,2.7136467728364515,5.329073102667655,0.745842695236206,0.12610769271850586
500,10.0,3,1,1,1,1,18,2.8284218714106126,3.28088005814028,6.061302160792286,0.8074746131896973,0.124542236328125
500,10.0,3,1,1,1,1,19,2.828130858670103,3.164818962068183,5.887224704586643,0.6595382690429688,0.15075206756591797
500,10.0,3,1,1,1,1,20,2.828396595224695,3.386136618297427,5.973768288733643,0.7041280269622803,0.15004968643188477
500,10.0,3,1,1,1,1,21,2.826950557172517,3.0423707485236675,5.718210462388342,0.8440308570861816,0.16584563255310059
500,10.0,3,1,1,1,1,22,2.8264030588849938,2.9058445052604567,5.536157062354031,0.5809497833251953,0.13306760787963867
500,10.0,3,1,1,1,1,23,2.828285444816455,3.0896632733048204,5.81173955917874,0.6385703086853027,0.1536245346069336
500,10.0,3,1,1,1,1,24,2.8203567416179722,2.623513285530184,5.255997449805702,0.7276139259338379,0.1214604377746582
500,10.5,3,1,1,1,1,0,2.8283840242845995,3.2409042477928693,6.0355544123074285,0.6277837753295898,0.11534261703491211
500,10.5,3,1,1,1,1,1,2.82841736193852,3.1659304770535774,5.675897774729311,0.809725284576416,0.1338808536529541
500,10.5,3,1,1,1,1,2,2.8283640816245286,4.164501713714484,6.976110941538374,0.5894031524658203,0.15125131607055664
500,10.5,3,1,1,1,1,3,2.8283143897480216,3.7761989846516113,6.562526420358996,0.6870865821838379,0.1405949592590332
500,10.5,3,1,1,1,1,4,2.8281999445440555,2.923113583830668,5.42553874491132,0.6878809928894043,0.13915491104125977
500,10.5,3,1,1,1,1,5,2.8284265298480604,3.7833135263011513,6.585965856939286,0.6053516864776611,0.13373231887817383
500,10.5,3,1,1,1,1,6,2.828427121214577,5.086825509643968,7.899160864075364,0.8269972801208496,0.12159442901611328
500,10.5,3,1,1,1,1,7,2.828330544691235,3.310090433280935,5.905407874869214,0.5945136547088623,0.13942360877990723
500,10.5,3,1,1,1,1,8,2.8284243257213806,4.544721251527485,7.011994076282218,0.618121862411499,0.1582190990447998
500,10.5,3,1,1,1,1,9,2.8264770429004495,3.047406017612203,5.8008697266235245,0.6986083984375,0.12584328651428223
500,10.5,3,1,1,1,1,10,2.828422549976691,4.652412143978687,7.45656452812705,0.6478025913238525,0.11912417411804199
500,10.5,3,1,1,1,1,11,2.8280473390725627,3.922886493251817,6.74249221030542,0.775597333908081,0.16464447975158691
500,10.5,3,1,1,1,1,12,2.828425372438404,4.15269209493039,6.711692864103545,0.6111586093902588,0.13371515274047852
500,10.5,3,1,1,1,1,13,2.827313422927798,3.493674203437093,6.128819190335737,0.597217321395874,0.14054489135742188
500,10.5,3,1,1,1,1,14,2.8281810934123643,4.397951206438884,7.191909330517553,0.5799875259399414,0.15247845649719238
500,10.5,3,1,1,1,1,15,2.8284248629792534,4.375145103383617,7.199652430660718,0.84889817237854,0.1533186435699463
500,10.5,3,1,1,1,1,16,2.8284118180044846,3.2937045454024156,6.081450570815884,0.6956439018249512,0.13957524299621582
500,10.5,3,1,1,1,1,17,2.8283448717178614,3.404380347749059,6.158621859866994,0.6955499649047852,0.1057131290435791
500,10.5,3,1,1,1,1,18,2.828374210700022,4.0946894312949125,6.855484822730615,0.6724791526794434,0.15141510963439941
500,10.5,3,1,1,1,1,19,2.8271723482356603,3.431692355582773,5.876515604008212,0.7551093101501465,0.10201144218444824
500,10.5,3,1,1,1,1,20,2.8283148729983236,4.288762126608522,6.9344162892885794,0.7732884883880615,0.16478562355041504
500,10.5,3,1,1,1,1,21,2.828267559267639,4.151391863467544,6.899505549910398,0.5853667259216309,0.12289619445800781
500,10.5,3,1,1,1,1,22,2.8280274089459314,4.795107177976615,7.601046558825262,0.5265812873840332,0.131730318069458
500,10.5,3,1,1,1,1,23,2.8284267919824515,3.2758564458519337,5.9390415821108355,0.5331985950469971,0.1322486400604248
500,10.5,3,1,1,1,1,24,2.8284111245977033,3.3796011831739965,6.2056360992064885,0.5600337982177734,0.1403639316558838
500,11.0,3,1,1,1,1,0,2.8284213630880726,3.9842708968544907,6.692023545262032,0.6084027290344238,0.14828157424926758
500,11.0,3,1,1,1,1,1,2.8284265739873957,4.675147708184783,7.2909479833074124,0.5614864826202393,0.09798765182495117
500,11.0,3,1,1,1,1,2,2.8284236128644484,3.768280227831408,6.596223905249386,0.5304412841796875,0.11649250984191895
500,11.0,3,1,1,1,1,3,2.8276522066339425,3.2457887844526576,6.052605499236284,0.519960880279541,0.1175386905670166
500,11.0,3,1,1,1,1,4,2.8279277260710862,3.3769248393300666,5.794725730769655,0.5114500522613525,0.12159180641174316
500,11.0,3,1,1,1,1,5,2.8283957164996996,3.527252324156296,6.246242839633336,0.6287472248077393,0.1112515926361084
500,11.0,3,1,1,1,1,6,2.828384303237437,3.6831979887179425,6.40711572191667,0.601917028427124,0.11048531532287598
500,11.0,3,1,1,1,1,7,2.8282607265772315,4.329241728510326,7.153760906418664,0.5402371883392334,0.11739683151245117
500,11.0,3,1,1,1,1,8,2.828426967401258,3.9158658431247573,6.7404446091331405,0.5131514072418213,0.10860252380371094
500,11.0,3,1,1,1,1,9,2.8281261090860337,3.4123477004301788,6.221368576304133,0.5131323337554932,0.09706997871398926
500,11.0,3,1,1,1,1,10,2.8283807658852367,4.559929032404057,7.2982119101561445,0.48233842849731445,0.10109615325927734
500,11.0,3,1,1,1,1,11,2.8282036553589514,3.4493550907087176,6.10148976945454,0.4351663589477539,0.1112055778503418
500,11.0,3,1,1,1,1,12,2.82842620247502,3.590934602633053,6.4003411721145005,0.470780611038208,0.1103203296661377
500,11.0,3,1,1,1,1,13,2.8283359690491916,4.142940820997379,6.892909079873855,0.5905025005340576,0.06854557991027832
500,11.0,3,1,1,1,1,14,2.828333286482921,3.981250775253047,6.779718024744668,0.44873762130737305,0.10844564437866211
500,11.0,3,1,1,1,1,15,2.8284247931750626,5.051422274810499,7.7530228391047,0.5504767894744873,0.1007535457611084
500,11.0,3,1,1,1,1,16,2.8284270217812426,3.9738590417163615,6.556283852569404,0.4771716594696045,0.09964919090270996
500,11.0,3,1,1,1,1,17,2.8284268572380413,3.765609101235702,6.16663381612662,0.4541182518005371,0.10811090469360352
500,11.0,3,1,1,1,1,18,2.8284258658084123,4.683211481267833,7.332303857296458,0.5070040225982666,0.0904076099395752
500,11.0,3,1,1,1,1,19,2.8279965639327185,3.5996812962016453,6.1531395478330815,0.599097490310669,0.09950900077819824
500,11.0,3,1,1,1,1,20,2.828426371625848,3.8803970196690876,6.700589384504688,0.5027217864990234,0.10071063041687012
500,11.0,3,1,1,1,1,21,2.8283173532736745,3.962845911994484,6.7659962849832604,0.4740760326385498,0.10573840141296387
500,11.0,3,1,1,1,1,22,2.8284233153771448,5.235355016550927,8.062513224224146,0.5138072967529297,0.10475397109985352
500,11.0,3,1,1,1,1,23,2.828406987363147,4.3058321310540615,7.077562693191404,0.49419593811035156,0.10082268714904785
500,11.0,3,1,1,1,1,24,2.8284207454841184,3.7541888127540264,6.401558583103457,0.4904327392578125,0.10233545303344727
500,11.5,3,1,1,1,1,0,2.8284267149345554,4.641521855885868,7.465706718879115,0.5132896900177002,0.10616874694824219
500,11.5,3,1,1,1,1,1,2.828426806458942,4.98616400453652,7.8120578399598095,0.5656647682189941,0.11840629577636719
500,11.5,3,1,1,1,1,2,2.8284270750841074,4.994222685761399,7.517640233228854,0.5623683929443359,0.12018537521362305
500,11.5,3,1,1,1,1,3,2.828366637626043,5.469244500570144,7.690161939534692,0.5822594165802002,0.14711594581604004
500,11.5,3,1,1,1,1,4,2.8280358697112633,4.961126114293118,7.773406850702648,0.8015053272247314,0.16173076629638672
500,11.5,3,1,1,1,1,5,2.828421399804597,5.80800677378577,8.572563722242089,0.6647465229034424,0.126694917678833
500,11.5,3,1,1,1,1,6,2.8284227494504246,3.3209506626570775,6.120209309478124,0.7955434322357178,0.13218235969543457
500,11.5,3,1,1,1,1,7,2.8284208542722364,4.729106031763658,7.537755923731691,0.6754531860351562,0.14641880989074707
500,11.5,3,1,1,1,1,8,2.8284157867600075,4.084509273286126,6.8902369594469395,0.7391884326934814,0.1346752643585205
500,11.5,3,1,1,1,1,9,2.8284143147636733,4.102413027390144,6.781090315751866,0.6608827114105225,0.1536722183227539
500,11.5,3,1,1,1,1,10,2.828426970853464,4.052972479020161,6.879787399677372,0.7167730331420898,0.16781139373779297
500,11.5,3,1,1,1,1,11,2.8282910082923656,4.053551687599864,6.881583553277232,0.7378764152526855,0.13167262077331543
500,11.5,3,1,1,1,1,12,2.828426451166081,4.826209595022109,7.3389442938659,0.6117637157440186,0.11741042137145996
500,11.5,3,1,1,1,1,13,2.828426671586551,3.706800030683337,6.483201412007114,0.6427440643310547,0.12464404106140137
500,11.5,3,1,1,1,1,14,2.828361959100685,3.66335296190685,6.475356210113967,0.7230796813964844,0.1145944595336914
500,11.5,3,1,1,1,1,15,2.8278185407931975,4.671542048734972,7.4751904389473465,0.9037485122680664,0.16143321990966797
500,11.5,3,1,1,1,1,16,2.828134677750005,4.858245230528095,7.6713191867499955,0.6631927490234375,0.14561057090759277
500,11.5,3,1,1,1,1,17,2.8283781230216953,4.2727110675988635,7.053562623612042,0.7224881649017334,0.12569475173950195
500,11.5,3,1,1,1,1,18,2.828415632170794,4.622810395836128,7.399911056526086,0.6829836368560791,0.13410615921020508
500,11.5,3,1,1,1,1,19,2.828426247902359,4.413519098960622,7.237909907384722,0.6522631645202637,0.15806269645690918
500,11.5,3,1,1,1,1,20,2.828380140704738,4.076744756667351,6.885998698624551,0.8295199871063232,0.17945528030395508
500,11.5,3,1,1,1,1,21,2.8284092597225383,5.095033823630419,7.818866194028688,0.8215115070343018,0.16124391555786133
500,11.5,3,1,1,1,1,22,2.828361778239495,4.11765893942618,6.845553244516473,0.6820979118347168,0.14014959335327148
500,11.5,3,1,1,1,1,23,2.828408314701861,5.991294914593838,8.528578792820706,0.6405467987060547,0.15090632438659668
500,11.5,3,1,1,1,1,24,2.8283307048962314,4.640675713570878,7.305510007901127,0.7273638248443604,0.1660594940185547
500,12.0,3,1,1,1,1,0,2.828424229291245,4.2800429342506,7.061188935513063,0.7397372722625732,0.1304185390472412
500,12.0,3,1,1,1,1,1,2.8284263363496467,5.315252255623431,7.81111042528849,0.6330244541168213,0.1380007266998291
500,12.0,3,1,1,1,1,2,2.8283842426624863,4.239037595463294,7.031819825797247,0.6471037864685059,0.15497159957885742
500,12.0,3,1,1,1,1,3,2.828409786428295,4.30407202615621,7.006691565037963,0.7484095096588135,0.12939953804016113
500,12.0,3,1,1,1,1,4,2.8283384923372066,4.744601722263088,7.055526884241934,0.8169426918029785,0.16773724555969238
500,12.0,3,1,1,1,1,5,2.8282291337002565,4.913109983806646,7.633163588250333,0.6280295848846436,0.14970827102661133
500,12.0,3,1,1,1,1,6,2.8283589843436596,4.445189680292618,7.170391697903683,0.6583473682403564,0.125105619430542
500,12.0,3,1,1,1,1,7,2.8284256881562,3.9043136591445338,6.644781741318292,0.706566572189331,0.13799405097961426
500,12.0,3,1,1,1,1,8,2.828426471096804,4.87196064134777,7.667292905317915,0.6139929294586182,0.14952564239501953
500,12.0,3,1,1,1,1,9,2.8284270552169737,4.473750001037252,7.277779981521611,0.8329181671142578,0.17198944091796875
500,12.0,3,1,1,1,1,10,2.8283520527195507,3.361474481308327,5.7570554409182035,0.6065773963928223,0.15404486656188965
500,12.0,3,1,1,1,1,11,2.8283527407805673,3.6776348629063556,6.434541602089546,0.7126774787902832,0.14488649368286133
500,12.0,3,1,1,1,1,12,2.828427068903565,4.0598899913134625,6.8219636458317074,0.6394660472869873,0.13759374618530273
500,12.0,3,1,1,1,1,13,2.8284270747956985,4.300783258883802,6.999053010449071,0.6404168605804443,0.1577744483947754
500,12.0,3,1,1,1,1,14,2.8284263422511606,4.56944700224753,7.332378917601947,0.9869122505187988,0.16995573043823242
500,12.0,3,1,1,1,1,15,2.8284269087055107,4.979860836367159,7.678386532137479,0.6086025238037109,0.14998888969421387
500,12.0,3,1,1,1,1,16,2.8284063536530906,3.9811628587415644,6.7791912102134955,0.6508750915527344,0.16005754470825195
500,12.0,3,1,1,1,1,17,2.828418969021715,4.215392376063139,6.679834110465327,0.7450230121612549,0.14502477645874023
500,12.0,3,1,1,1,1,18,2.828409650673948,4.400706400193489,7.119147274266048,0.5975911617279053,0.16888976097106934
500,12.0,3,1,1,1,1,19,2.8284271103257175,4.358452081908135,7.181909703047408,0.6746890544891357,0.15978741645812988
500,12.0,3,1,1,1,1,20,2.8284081937292647,3.693066827733988,6.472783353278533,0.7095232009887695,0.12627625465393066
500,12.0,3,1,1,1,1,21,2.828359234547975,3.9982589756556144,6.1235536118008245,0.6389997005462646,0.132340669631958
500,12.0,3,1,1,1,1,22,2.828357309435411,4.411587050727812,7.239512692679108,0.6132025718688965,0.14879465103149414
500,12.0,3,1,1,1,1,23,2.8284122059383705,3.7853392621757265,6.259527203844057,0.8255314826965332,0.15780115127563477
500,12.0,3,1,1,1,1,24,2.8284055664489594,3.69606123340424,6.304958475766879,0.7209029197692871,0.15439915657043457
500,12.5,3,1,1,1,1,0,2.828290984829389,3.8169513198113276,6.62268864307474,0.5661344528198242,0.15524744987487793
500,12.5,3,1,1,1,1,1,2.8284249936826393,4.018652424917354,6.702485190723221,0.7079696655273438,0.12044072151184082
500,12.5,3,1,1,1,1,2,2.8283872860512265,4.351748817514724,7.1756229304223575,0.6615133285522461,0.13891267776489258
500,12.5,3,1,1,1,1,3,2.828426927683439,4.557476518615938,7.38559067370564,0.8398230075836182,0.16995978355407715
500,12.5,3,1,1,1,1,4,2.828387658720508,3.966421620953129,6.747519005991837,0.6029393672943115,0.14612126350402832
500,12.5,3,1,1,1,1,5,2.8282860523695565,4.640629307370665,7.339695501694018,0.6562435626983643,0.1255934238433838
500,12.5,3,1,1,1,1,6,2.8284234470681318,4.508833330983802,7.099298215335118,0.7109816074371338,0.13080215454101562
500,12.5,3,1,1,1,1,7,2.828415891978525,5.396510908424826,8.185399428384425,0.810739278793335,0.1387166976928711
500,12.5,3,1,1,1,1,8,2.828427073975795,4.363449371192918,7.1890522667813155,0.8854129314422607,0.15909910202026367
500,12.5,3,1,1,1,1,9,2.8284267226284854,5.125274649902237,7.926497655515192,0.652031660079956,0.15211963653564453
500,12.5,3,1,1,1,1,10,2.828424154807859,4.990218574206429,7.807932663183549,0.6464204788208008,0.11902999877929688
500,12.5,3,1,1,1,1,11,2.827841927167616,4.482955763246385,7.261086236693513,0.6833105087280273,0.10853385925292969
500,12.5,3,1,1,1,1,12,2.82842494814448,4.169634254090405,6.938701154916696,0.6928563117980957,0.12784266471862793
500,12.5,3,1,1,1,1,13,2.828427054099269,4.135863859693881,6.959241813411223,0.7922706604003906,0.14049339294433594
500,12.5,3,1,1,1,1,14,2.8284226459877284,5.144416717457393,7.752614737159368,0.6045529842376709,0.11425399780273438
500,12.5,3,1,1,1,1,15,2.8282333269454334,5.095837493131719,7.763472306760729,0.5606734752655029,0.1313464641571045
500,12.5,3,1,1,1,1,16,2.8283635030329743,4.298674684646199,6.9303033155421625,0.5573880672454834,0.11434364318847656
500,12.5,3,1,1,1,1,17,2.828282927981028,4.238993010591677,6.832899420786011,0.6055846214294434,0.13458514213562012
500,12.5,3,1,1,1,1,18,2.828414672983146,4.864757468035499,7.692212196667587,0.831409215927124,0.15426254272460938
500,12.5,3,1,1,1,1,19,2.8284271108874948,5.5590896339297995,8.382040963754669,0.562509298324585,0.13226318359375
500,12.5,3,1,1,1,1,20,2.8284269361128036,4.678814937626152,7.3658855315483205,0.5730273723602295,0.10956358909606934
500,12.5,3,1,1,1,1,21,2.8284062798899634,4.022907710710519,6.443066746794512,0.6279597282409668,0.09833884239196777
500,12.5,3,1,1,1,1,22,2.8284257971574975,4.96399511180464,7.7414880792291925,0.6622967720031738,0.1080174446105957
500,12.5,3,1,1,1,1,23,2.828117710274551,4.111840060119925,6.93877891778126,0.7199654579162598,0.13889026641845703
500,12.5,3,1,1,1,1,24,2.8283939241279206,5.260406449106873,7.7573898520004025,0.6363663673400879,0.13087010383605957
500,13.0,3,1,1,1,1,0,2.8284255566159553,4.665782940455754,7.420595471497606,0.5995917320251465,0.11765646934509277
500,13.0,3,1,1,1,1,1,2.828400522971171,5.610355728136825,8.299152844563633,0.6261823177337646,0.12442135810852051
500,13.0,3,1,1,1,1,2,2.828424710607048,4.306169941070739,7.036743025710203,0.5500326156616211,0.10033249855041504
500,13.0,3,1,1,1,1,3,2.82842712323401,4.710099333604376,7.467153178965652,0.506887674331665,0.12863922119140625
500,13.0,3,1,1,1,1,4,2.8284242202237895,4.748562055408824,7.547865031748383,0.6410970687866211,0.11821699142456055
500,13.0,3,1,1,1,1,5,2.828364938625569,4.641600259868839,7.462310019983374,0.5516009330749512,0.0986323356628418
500,13.0,3,1,1,1,1,6,2.828427124696453,4.4503689319942445,7.24562548660486,0.575031042098999,0.09835386276245117
500,13.0,3,1,1,1,1,7,2.828418580669975,5.315591430561184,8.098973359292245,0.46451616287231445,0.10960769653320312
500,13.0,3,1,1,1,1,8,2.8284237837852926,4.205701404092975,6.932522467929434,0.5084285736083984,0.11226105690002441
500,13.0,3,1,1,1,1,9,2.8284263482666057,4.259887421870529,7.019444880476474,0.5033409595489502,0.09904336929321289
500,13.0,3,1,1,1,1,10,2.8284252848906157,5.662692884778396,7.9759866991980655,0.5981731414794922,0.11654090881347656
500,13.0,3,1,1,1,1,11,2.828368734202924,4.572115560843451,7.302124142304458,0.5158538818359375,0.10271024703979492
500,13.0,3,1,1,1,1,12,2.8284205621163325,4.8684294630087335,7.696784618346255,0.4695298671722412,0.11031174659729004
500,13.0,3,1,1,1,1,13,2.8283944716501543,4.367190694455564,7.153643930211894,0.4663426876068115,0.11101365089416504
500,13.0,3,1,1,1,1,14,2.8284268984084258,5.030873659562463,7.77508104464115,0.4854743480682373,0.11036181449890137
500,13.0,3,1,1,1,1,15,2.828426641181562,4.646592253811331,7.459801279863788,0.5365777015686035,0.1115870475769043
500,13.0,3,1,1,1,1,16,2.82840841545047,4.559552476247611,7.152366330016003,0.5577802658081055,0.11235260963439941
500,13.0,3,1,1,1,1,17,2.828422975665362,5.041114849206742,7.855772179158185,0.5040428638458252,0.10968589782714844
500,13.0,3,1,1,1,1,18,2.828393935005913,3.7787140343319487,6.525145604419918,0.5497322082519531,0.11755990982055664
500,13.0,3,1,1,1,1,19,2.8283785179294934,4.330300589966601,7.089852149502153,0.5722017288208008,0.10560750961303711
500,13.0,3,1,1,1,1,20,2.8283476212794496,6.333369257330299,9.067632212762376,0.552462100982666,0.12020063400268555
500,13.0,3,1,1,1,1,21,2.82841629721065,3.5650688862451014,6.393367335001631,0.5531694889068604,0.11339569091796875
500,13.0,3,1,1,1,1,22,2.8284107583596003,4.1639119084365195,6.693032387628758,0.6022825241088867,0.09672045707702637
500,13.0,3,1,1,1,1,23,2.8284270453881706,4.5240483836534615,7.244089392034892,0.6008877754211426,0.12430191040039062
500,13.0,3,1,1,1,1,24,2.8284107609359337,4.61665812517552,7.413883231942965,0.550957202911377,0.11481714248657227
500,13.5,3,1,1,1,1,0,2.8284182482410776,4.316133081088634,7.136690297969521,0.5651216506958008,0.11953520774841309
500,13.5,3,1,1,1,1,1,2.828402507214228,5.100153042677627,7.794433148741287,0.6265769004821777,0.09820008277893066
500,13.5,3,1,1,1,1,2,2.828427119000666,5.200277013338053,7.888855420015474,0.6370697021484375,0.11359715461730957
500,13.5,3,1,1,1,1,3,2.8284043861109116,4.963595192018943,7.6718665217392195,0.7152314186096191,0.14512085914611816
500,13.5,3,1,1,1,1,4,2.828426518384176,4.246925051192036,7.068261935368627,0.689385175704956,0.12140202522277832
500,13.5,3,1,1,1,1,5,2.8284270997111625,4.87841101157276,7.688959057864054,0.6249613761901855,0.1422421932220459
500,13.5,3,1,1,1,1,6,2.828420831207868,4.232831574603789,7.0612114658125105,0.5931708812713623,0.1480391025543213
500,13.5,3,1,1,1,1,7,2.8284226569142277,4.091762157564953,6.790216322494757,0.7206587791442871,0.12125682830810547
500,13.5,3,1,1,1,1,8,2.828406279940095,5.422695097246783,8.200880556482078,0.7996280193328857,0.16895294189453125
500,13.5,3,1,1,1,1,9,2.8283820188120603,4.5545191478422975,6.996618075268903,0.58026123046875,0.14146947860717773
500,13.5,3,1,1,1,1,10,2.828403644126843,4.8361143355450045,7.390747680887699,0.6630380153656006,0.15738844871520996
500,13.5,3,1,1,1,1,11,2.8284240984861126,4.7126424553714505,7.49757792244087,0.7290875911712646,0.12359261512756348
500,13.5,3,1,1,1,1,12,2.82842698945581,4.464282132420981,7.144805104206805,0.6052753925323486,0.13549304008483887
500,13.5,3,1,1,1,1,13,2.828408972968212,4.385956920909691,6.730871874358858,0.8541901111602783,0.17592787742614746
500,13.5,3,1,1,1,1,14,2.8284267840629953,5.089996747878372,7.898932278660869,0.6089324951171875,0.15885210037231445
500,13.5,3,1,1,1,1,15,2.828423489991256,4.8006441873656325,7.614555882463005,0.6628804206848145,0.14067959785461426
500,13.5,3,1,1,1,1,16,2.828410854373449,4.376465699598202,7.2042936337604715,0.6913864612579346,0.14569401741027832
500,13.5,3,1,1,1,1,17,2.8283920661955926,5.461600008092861,8.28685929944443,0.6407999992370605,0.13361406326293945
500,13.5,3,1,1,1,1,18,2.8284223655399297,4.547304477716369,7.197229704948872,0.8847029209136963,0.17856645584106445
500,13.5,3,1,1,1,1,19,2.8284176432210377,4.540332428561041,7.240862674140538,0.6520943641662598,0.1427466869354248
500,13.5,3,1,1,1,1,20,2.828359190270606,4.452875699764931,7.192468597203823,0.675229549407959,0.15100932121276855
500,13.5,3,1,1,1,1,21,2.828425863683739,4.503138143300603,7.131564618210806,0.6942811012268066,0.13167428970336914
500,13.5,3,1,1,1,1,22,2.828422243801,4.305688489185844,7.050111883101703,0.679410457611084,0.17476201057434082
500,13.5,3,1,1,1,1,23,2.8283905375038816,4.3543245043240955,7.164465598497481,0.6730794906616211,0.1399860382080078
500,13.5,3,1,1,1,1,24,2.828426052708336,4.808122434178018,7.6349784205306275,0.6458673477172852,0.15404009819030762
500,14.0,3,1,1,1,1,0,2.828426611236663,4.903976250766193,7.669984730404932,0.7137274742126465,0.13460683822631836
500,14.0,3,1,1,1,1,1,2.828422685071293,4.589908754305725,7.411753804940866,0.6329185962677002,0.1434009075164795
500,14.0,3,1,1,1,1,2,2.8283168237879965,4.395821290074344,7.1742553754090315,0.8140430450439453,0.1654818058013916
500,14.0,3,1,1,1,1,3,2.8284078094843745,4.696027756346821,7.515723435671655,0.6663417816162109,0.13543272018432617
500,14.0,3,1,1,1,1,4,2.8284269208943256,4.759175137097112,7.349252826582049,0.6870875358581543,0.1380596160888672
500,14.0,3,1,1,1,1,5,2.828427062564987,4.666288628761881,7.448853486810366,0.6005110740661621,0.10662007331848145
500,14.0,3,1,1,1,1,6,2.8284269250860987,4.756771013107785,7.552150794519285,0.6313900947570801,0.15277862548828125
500,14.0,3,1,1,1,1,7,2.828424014059382,4.7458124082839035,7.393310892763121,0.8782835006713867,0.13975119590759277
500,14.0,3,1,1,1,1,8,2.828420594439533,5.3131012521064624,7.991482008266128,0.6716358661651611,0.13956236839294434
500,14.0,3,1,1,1,1,9,2.8284231324792173,4.6124634324824205,7.265683021384981,0.6249139308929443,0.15416979789733887
500,14.0,3,1,1,1,1,10,2.828427120667533,4.702677073166393,7.460126938168509,0.7038986682891846,0.1260700225830078
500,14.0,3,1,1,1,1,11,2.8284112071402006,4.031066543148626,6.853196784975376,0.8326027393341064,0.1609349250793457
500,14.0,3,1,1,1,1,12,2.828427079857758,4.592394942417793,7.420491935379781,0.7564942836761475,0.1349165439605713
500,14.0,3,1,1,1,1,13,2.8283986792210163,4.559414112303216,7.339509888579432,0.6417944431304932,0.15978384017944336
500,14.0,3,1,1,1,1,14,2.82842362648897,4.997393019755806,7.730526184743519,0.5737152099609375,0.14652371406555176
500,14.0,3,1,1,1,1,15,2.8284167223857692,4.574365836383121,6.931445125002247,0.7197468280792236,0.11786985397338867
500,14.0,3,1,1,1,1,16,2.8282581203239396,5.13818117913738,7.732374207172289,0.6886587142944336,0.15864348411560059
500,14.0,3,1,1,1,1,17,2.8284257604208163,4.38020783767347,7.206982218689718,0.6444528102874756,0.1387777328491211
500,14.0,3,1,1,1,1,18,2.828396520871532,4.586549420399121,7.269991783334476,0.6159257888793945,0.14455533027648926
500,14.0,3,1,1,1,1,19,2.8284265642674047,4.401504396404613,6.667749280877695,0.7419784069061279,0.1331932544708252
500,14.0,3,1,1,1,1,20,2.8284271234231992,5.366846059422366,8.089238192347889,0.6212203502655029,0.11432194709777832
500,14.0,3,1,1,1,1,21,2.828242621763521,4.567031209685915,7.393867304135016,0.8619160652160645,0.15900516510009766
500,14.0,3,1,1,1,1,22,2.828419380331243,4.732393653880375,7.41602478208025,0.6679465770721436,0.1358780860900879
500,14.0,3,1,1,1,1,23,2.8284235972698633,4.002207308744123,6.754818763366101,0.7161667346954346,0.12269282341003418
500,14.0,3,1,1,1,1,24,2.827601140441087,5.588757816362119,8.410089404016494,0.6224470138549805,0.14206361770629883
500,14.5,3,1,1,1,1,0,2.8284271080831,5.457938499248166,8.239117751760862,0.8014674186706543,0.15751433372497559
500,14.5,3,1,1,1,1,1,2.8284253010047666,4.5126013178628375,7.208482959047609,0.8408536911010742,0.1410834789276123
500,14.5,3,1,1,1,1,2,2.82842690555035,4.576459557102135,7.400045677565464,0.5610237121582031,0.1196587085723877
500,14.5,3,1,1,1,1,3,2.8284270479841407,5.200157818743774,8.028405129695972,0.5395233631134033,0.10131287574768066
500,14.5,3,1,1,1,1,4,2.828426887713396,4.8282001813985875,7.627756738777991,0.6975996494293213,0.12679648399353027
500,14.5,3,1,1,1,1,5,2.8284186566760816,4.696014942761662,7.462154827696525,0.6225719451904297,0.12012743949890137
500,14.5,3,1,1,1,1,6,2.828427091553971,5.093641123524679,7.851928023068114,0.751185417175293,0.1542975902557373
500,14.5,3,1,1,1,1,7,2.8284162150121355,4.1685949692999005,6.943942982796164,0.5689380168914795,0.10652041435241699
500,14.5,3,1,1,1,1,8,2.8284241031032398,4.7125974389364025,7.538902145265144,0.5418648719787598,0.09481072425842285
500,14.5,3,1,1,1,1,9,2.8282318573199037,5.526817629406793,8.292690646546907,0.5912244319915771,0.09568548202514648
500,14.5,3,1,1,1,1,10,2.828426532548366,4.337559355010303,7.14806377527478,0.5584368705749512,0.10114383697509766
500,14.5,3,1,1,1,1,11,2.828407096223267,5.3014258319061405,8.080344188925537,0.588641881942749,0.0996701717376709
500,14.5,3,1,1,1,1,12,2.8284246295877904,4.832036057943,7.639221713151544,0.649409294128418,0.13593530654907227
500,14.5,3,1,1,1,1,13,2.8284191150303104,4.837670086637118,7.572051608691087,0.5360891819000244,0.12152814865112305
500,14.5,3,1,1,1,1,14,2.828388108705996,5.661889825206596,8.417775906878692,0.5357835292816162,0.12955379486083984
500,14.5,3,1,1,1,1,15,2.828427103917513,4.222868884584297,6.809204081204837,0.5291295051574707,0.12639546394348145
500,14.5,3,1,1,1,1,16,2.8284270389710984,4.333319284260182,6.8965897129661435,0.5392813682556152,0.13081860542297363
500,14.5,3,1,1,1,1,17,2.82830989277504,4.398673869471208,7.21969574801674,0.5325798988342285,0.1332240104675293
500,14.5,3,1,1,1,1,18,2.828424294687772,4.84165522498542,7.627733058378225,0.6634860038757324,0.12877678871154785
500,14.5,3,1,1,1,1,19,2.8284270092152135,5.198323027967881,8.02476802894332,0.5738232135772705,0.12185120582580566
500,14.5,3,1,1,1,1,20,2.8284224112905134,4.387258353015573,7.201157537006968,0.5326900482177734,0.11468744277954102
500,14.5,3,1,1,1,1,21,2.828426872494468,4.972117361199689,7.611132132035415,0.571727991104126,0.12113595008850098
500,14.5,3,1,1,1,1,22,2.8284161546586533,4.290079757628755,6.8951814471932815,0.5636265277862549,0.08821892738342285
500,14.5,3,1,1,1,1,23,2.8283947609958022,4.090502141229578,6.900271319682195,0.6845695972442627,0.11653518676757812
500,14.5,3,1,1,1,1,24,2.8284262866805667,4.520878317266313,7.333235798662953,0.47812628746032715,0.12304401397705078
500,15.0,3,1,1,1,1,0,2.8284243364085917,4.779451088068158,7.573919593238896,0.6388230323791504,0.12742280960083008
500,15.0,3,1,1,1,1,1,2.828425866138375,5.2208078214984,7.959137054758447,0.5675697326660156,0.1128087043762207
500,15.0,3,1,1,1,1,2,2.828407728206669,4.497480889860151,7.280062371361465,0.595698356628418,0.08571672439575195
500,15.0,3,1,1,1,1,3,2.8284247029653553,4.8007928329748335,7.383180871085514,0.5389015674591064,0.11313700675964355
500,15.0,3,1,1,1,1,4,2.8284268299513724,4.615117630159599,7.409469891806339,0.662421464920044,0.12995433807373047
500,15.0,3,1,1,1,1,5,2.828426716438124,4.774070433957001,7.5869059568429105,0.5282561779022217,0.1262965202331543
500,15.0,3,1,1,1,1,6,2.8284268015624634,4.829101052194692,6.836116948840204,0.5676500797271729,0.12422609329223633
500,15.0,3,1,1,1,1,7,2.8284182363721255,4.806299547547213,7.599276011709497,0.534651517868042,0.13047266006469727
500,15.0,3,1,1,1,1,8,2.8284231350534452,4.977810953294869,7.640662994643465,0.5887839794158936,0.13242745399475098
500,15.0,3,1,1,1,1,9,2.8284264291631724,5.635329449733995,8.41368730621615,0.6168253421783447,0.15740132331848145
500,15.0,3,1,1,1,1,10,2.82842129733872,4.417263298264989,7.104672654536685,0.8330967426300049,0.16605186462402344
500,15.0,3,1,1,1,1,11,2.828416428710335,4.17370842004111,6.751238984187867,0.7272646427154541,0.13928794860839844
500,15.0,3,1,1,1,1,12,2.828395883079105,4.385985317422939,7.146630257558019,0.614377498626709,0.11667132377624512
500,15.0,3,1,1,1,1,13,2.8284267927628117,5.114575820092425,7.702649372468327,0.6043906211853027,0.14719247817993164
500,15.0,3,1,1,1,1,14,2.8284251017811703,4.515573201178818,7.338678128757506,0.6611509323120117,0.1388559341430664
500,15.0,3,1,1,1,1,15,2.8284061516182883,4.155199489965888,6.920172919990174,0.809211254119873,0.14462804794311523
500,15.0,3,1,1,1,1,16,2.828424146992785,4.857947593684943,7.684634899623593,0.7348089218139648,0.1289980411529541
500,15.0,3,1,1,1,1,17,2.828421338927083,4.4772429611346505,6.899321508248451,0.6740756034851074,0.15835285186767578
500,15.0,3,1,1,1,1,18,2.828426915428095,4.785440386748623,7.6036726786982385,0.7072594165802002,0.12903618812561035
500,15.0,3,1,1,1,1,19,2.82842048327752,6.20442363949245,8.990830275259365,0.8946347236633301,0.18300533294677734
500,15.0,3,1,1,1,1,20,2.8284268751891903,4.288412323278482,7.098363167153459,0.5763075351715088,0.14381814002990723
500,15.0,3,1,1,1,1,21,2.8283697321601062,5.037737280685353,7.866040342365485,0.6712982654571533,0.15795397758483887
500,15.0,3,1,1,1,1,22,2.828426691514802,4.748027624072704,7.531645348602763,0.6938307285308838,0.13521051406860352
500,15.0,3,1,1,1,1,23,2.828425780798584,4.344922433501301,7.169174840002373,0.6299810409545898,0.12879490852355957
500,15.0,3,1,1,1,1,24,2.828347826837181,5.164436869334205,7.989123409040723,0.8427426815032959,0.16406822204589844
500,15.5,3,1,1,1,1,0,2.828424221115643,4.5531718715051515,7.355878718598741,0.6045329570770264,0.13309335708618164
500,15.5,3,1,1,1,1,1,2.828412657200978,5.760120981614746,8.51020786391716,0.6429128646850586,0.15262889862060547
500,15.5,3,1,1,1,1,2,2.8284268086699114,4.796358385844708,7.602162975118789,0.6667871475219727,0.13626408576965332
500,15.5,3,1,1,1,1,3,2.828426636802182,4.71707429599251,7.339033748215959,0.6329808235168457,0.13754630088806152
500,15.5,3,1,1,1,1,4,2.8284270542937358,4.408855657009864,7.210835170955124,0.8347218036651611,0.14790773391723633
500,15.5,3,1,1,1,1,5,2.828426444560913,5.007428483640237,7.8290086846086595,0.6671195030212402,0.13664746284484863
500,15.5,3,1,1,1,1,6,2.828425213746519,4.665317246897284,7.158646647576543,0.6895749568939209,0.1098775863647461
500,15.5,3,1,1,1,1,7,2.828411948844447,4.155105263968475,6.925123902726689,0.6226730346679688,0.13670635223388672
500,15.5,3,1,1,1,1,8,2.8284156272127063,4.150714167503193,6.948727210194114,0.6065936088562012,0.15018248558044434
500,15.5,3,1,1,1,1,9,2.828426959263983,4.577002000373649,7.404459600320127,0.733654260635376,0.14325237274169922
500,15.5,3,1,1,1,1,10,2.828427069800566,4.264579592083303,6.991181122702665,0.6790835857391357,0.13222265243530273
500,15.5,3,1,1,1,1,11,2.828427078930105,4.822273174451972,7.639514204860916,0.628408670425415,0.14303040504455566
500,15.5,3,1,1,1,1,12,2.8282846936026056,5.025752999567633,7.382952797132528,0.7791967391967773,0.17433643341064453
500,15.5,3,1,1,1,1,13,2.828427078133957,4.97319158030302,7.640048439189098,0.8506555557250977,0.16416239738464355
500,15.5,3,1,1,1,1,14,2.828424818691087,4.48093411558785,7.015661832725197,0.6181607246398926,0.12506103515625
500,15.5,3,1,1,1,1,15,2.8284223184932875,4.693930339150911,7.52211609765626,0.6804244518280029,0.12674808502197266
500,15.5,3,1,1,1,1,16,2.8284230906333776,4.62261474720758,7.409376670660885,0.5746307373046875,0.11735415458679199
500,15.5,3,1,1,1,1,17,2.828375733982112,5.816939538700774,8.446555670173032,0.5484459400177002,0.14241456985473633
500,15.5,3,1,1,1,1,18,2.8284271219441472,4.7062201268493835,7.526929249996758,0.7027678489685059,0.13870930671691895
500,15.5,3,1,1,1,1,19,2.8284267851856857,4.246826275744215,7.066480178030634,0.5379047393798828,0.08903121948242188
500,15.5,3,1,1,1,1,20,2.828426798403986,5.513945765829837,8.240339431711437,0.5511813163757324,0.08785200119018555
500,15.5,3,1,1,1,1,21,2.8284268950091613,5.17529600171126,7.965049114756388,0.5890352725982666,0.10707592964172363
500,15.5,3,1,1,1,1,22,2.8284232894789314,5.016420024071503,7.584071495265985,0.5725736618041992,0.09020757675170898
500,15.5,3,1,1,1,1,23,2.828426871084659,4.256172668279612,7.053116236023311,0.5392847061157227,0.07219696044921875
500,15.5,3,1,1,1,1,24,2.8284255761061603,4.879655364566815,7.642969969412194,0.7019338607788086,0.11144614219665527
500,16.0,3,1,1,1,1,0,2.828404723441073,4.77824178781171,7.391548467394767,0.589637279510498,0.10558176040649414
500,16.0,3,1,1,1,1,1,2.828416407433661,4.901150106645867,7.51554768895803,0.5754964351654053,0.12308406829833984
500,16.0,3,1,1,1,1,2,2.828424856887939,5.527299560825806,8.203308179132964,0.5849082469940186,0.11983036994934082
500,16.0,3,1,1,1,1,3,2.8284233757247126,4.42621805307993,7.230825665377213,0.5933084487915039,0.11638092994689941
500,16.0,3,1,1,1,1,4,2.828415582445106,4.387623629704346,7.193459827456537,0.5834975242614746,0.12233519554138184
500,16.0,3,1,1,1,1,5,2.8284047335482807,4.82964323507355,7.636731030263695,0.6587390899658203,0.11509871482849121
500,16.0,3,1,1,1,1,6,2.82841127102089,4.640473760224222,7.269159356239326,0.4998316764831543,0.10906004905700684
500,16.0,3,1,1,1,1,7,2.8284269790554357,4.86809128624556,7.587804835233848,0.5209782123565674,0.10947322845458984
500,16.0,3,1,1,1,1,8,2.8284213918093215,5.150582845658787,7.978738764033291,0.695518970489502,0.11808085441589355
500,16.0,3,1,1,1,1,9,2.828375164517467,4.851089210643361,7.675510492643539,0.5189123153686523,0.09421157836914062
500,16.0,3,1,1,1,1,10,2.8284227473980574,4.3868730530797135,7.172942799860266,0.5986323356628418,0.11854767799377441
500,16.0,3,1,1,1,1,11,2.828426380529325,4.586344061055422,7.413233566249625,0.48219990730285645,0.10604405403137207
500,16.0,3,1,1,1,1,12,2.8284259314701803,6.624852336530919,9.357873340657383,0.4896674156188965,0.10504913330078125
500,16.0,3,1,1,1,1,13,2.8284270258286734,4.531462941205059,7.080004981253828,0.5611274242401123,0.08505606651306152
500,16.0,3,1,1,1,1,14,2.8284009546483055,5.231053883370319,8.014511274459666,0.5159494876861572,0.10695838928222656
500,16.0,3,1,1,1,1,15,2.828422724841813,4.2249479580380545,7.018359548601435,0.5172886848449707,0.10417342185974121
500,16.0,3,1,1,1,1,16,2.828424959846769,4.227493055039194,7.0214034350612184,0.4954085350036621,0.10082578659057617
500,16.0,3,1,1,1,1,17,2.828419547957718,4.4806062593804805,7.308556355139754,0.5673041343688965,0.10822367668151855
500,16.0,3,1,1,1,1,18,2.828424948651098,5.101429498028834,7.903404974398148,0.5479438304901123,0.0760195255279541
500,16.0,3,1,1,1,1,19,2.828426271292064,5.001239235052738,7.793047828480901,0.4717721939086914,0.09815502166748047
500,16.0,3,1,1,1,1,20,2.8283935255249353,4.626370732792651,7.454764258317587,0.4986569881439209,0.09788107872009277
500,16.0,3,1,1,1,1,21,2.828423101683336,7.590651973945053,10.381594334469453,0.4990077018737793,0.10593962669372559
500,16.0,3,1,1,1,1,22,2.828424548759134,5.158967936964584,7.972709804242354,0.5095436573028564,0.10896825790405273
500,16.0,3,1,1,1,1,23,2.8284258634296746,4.951021531894906,7.73716212936757,0.6376321315765381,0.13365960121154785
500,16.0,3,1,1,1,1,24,2.8284261390472456,5.343287838767264,8.151262347369878,0.6348931789398193,0.10359406471252441
500,16.5,3,1,1,1,1,0,2.828426399575976,4.459844883787053,6.963950613532766,0.5594987869262695,0.13002443313598633
500,16.5,3,1,1,1,1,1,2.828405371481338,5.455167660413959,8.13926519135028,0.6669971942901611,0.12155842781066895
500,16.5,3,1,1,1,1,2,2.8284270057504646,4.904440441085883,7.5799832259732565,0.6736462116241455,0.14627814292907715
500,16.5,3,1,1,1,1,3,2.8284252471969697,5.006890074984177,7.8296446905593395,0.7678308486938477,0.16823077201843262
500,16.5,3,1,1,1,1,4,2.8284032332466933,4.336420007897826,7.1245082892008025,0.7089910507202148,0.14130115509033203
500,16.5,3,1,1,1,1,5,2.828053927401554,3.9847838345503166,6.812711017362631,0.7375493049621582,0.14418864250183105
500,16.5,3,1,1,1,1,6,2.8284270508610767,5.4001444471558635,8.227934193337157,0.6608269214630127,0.14608240127563477
500,16.5,3,1,1,1,1,7,2.8284198792253474,4.653192185158671,7.444202558889575,0.7121636867523193,0.13075971603393555
500,16.5,3,1,1,1,1,8,2.8284251893609893,4.489616400922394,7.316921379916356,0.851747989654541,0.15372729301452637
500,16.5,3,1,1,1,1,9,2.8283822622528634,4.3810106152803066,7.13896865411859,0.6264352798461914,0.1555922031402588
500,16.5,3,1,1,1,1,10,2.828423390296725,4.64280295362501,7.469030701152601,0.7304999828338623,0.14196014404296875
500,16.5,3,1,1,1,1,11,2.8284254366266,5.5503666197945485,8.360156406611255,0.6306629180908203,0.1584157943725586
500,16.5,3,1,1,1,1,12,2.82841697856383,5.150472537774046,7.9733278753210755,0.6857438087463379,0.13470697402954102
500,16.5,3,1,1,1,1,13,2.8284022345292694,4.8199675501757575,7.648026826770819,0.7571709156036377,0.13098454475402832
500,16.5,3,1,1,1,1,14,2.8283881321130457,4.998296090099902,7.804013710850576,0.6351125240325928,0.15368914604187012
500,16.5,3,1,1,1,1,15,2.8284090060528255,5.327630813539449,8.026600677875438,0.6759464740753174,0.13050484657287598
500,16.5,3,1,1,1,1,16,2.828354963228754,4.556330495249163,7.30058726273559,0.7270917892456055,0.10986161231994629
500,16.5,3,1,1,1,1,17,2.828406574995722,4.787076871389716,7.600477909019075,0.8021140098571777,0.1656200885772705
500,16.5,3,1,1,1,1,18,2.8284270852119215,4.6452567227819,7.473355698698095,0.6198337078094482,0.15264344215393066
500,16.5,3,1,1,1,1,19,2.828420902100346,5.34060288651536,8.09908542525718,0.668410062789917,0.13073039054870605
500,16.5,3,1,1,1,1,20,2.82842685931413,4.990019764870239,7.629247828097171,0.6274466514587402,0.1392512321472168
500,16.5,3,1,1,1,1,21,2.828423852927822,4.35787963534583,7.1781284731051525,0.6394448280334473,0.15912628173828125
500,16.5,3,1,1,1,1,22,2.8284270005749734,5.108049195716433,7.312944387480973,0.9064085483551025,0.18510985374450684
500,16.5,3,1,1,1,1,23,2.8284019160406566,4.853413912022408,7.659182423670552,0.650609016418457,0.14577198028564453
500,16.5,3,1,1,1,1,24,2.8283934301921216,5.264238922450409,7.84145100413578,0.749157190322876,0.13286948204040527
500,17.0,3,1,1,1,1,0,2.828425477685295,5.409636367078756,8.046730745072106,0.6501278877258301,0.11082839965820312
500,17.0,3,1,1,1,1,1,2.8284165817496327,4.328189984260939,7.1562463840949615,0.6517877578735352,0.14966893196105957
500,17.0,3,1,1,1,1,2,2.8284178804199755,5.472181121753519,8.300599002173495,0.713590145111084,0.13365459442138672
500,17.0,3,1,1,1,1,3,2.8284095845525585,4.686125578393976,7.481806157158568,0.6514031887054443,0.1293656826019287
500,17.0,3,1,1,1,1,4,2.8284242210700117,5.362496899639602,8.140467606509443,0.6526775360107422,0.14940214157104492
500,17.0,3,1,1,1,1,5,2.828424730525489,5.063568326244173,7.819061758094104,0.7552707195281982,0.11907482147216797
500,17.0,3,1,1,1,1,6,2.8284252826467524,5.577811501626766,8.066571908071246,0.7886002063751221,0.1741321086883545
500,17.0,3,1,1,1,1,7,2.828426456381537,4.243982899244578,7.060664712947487,0.6222028732299805,0.15536975860595703
500,17.0,3,1,1,1,1,8,2.828423707431876,4.976067542287351,7.79731721249616,0.7373671531677246,0.121978759765625
500,17.0,3,1,1,1,1,9,2.828426818462193,4.4012312478728255,7.1678197107279145,0.6110377311706543,0.12230896949768066
500,17.0,3,1,1,1,1,10,2.828413686793206,4.698187914687051,7.524236730730015,0.640822172164917,0.1496715545654297
500,17.0,3,1,1,1,1,11,2.8284266259157653,4.981151206242111,7.805902801101725,0.8710365295410156,0.1510615348815918
500,17.0,3,1,1,1,1,12,2.828421033347964,5.115560813572398,7.906320508742452,0.7231554985046387,0.11506247520446777
500,17.0,3,1,1,1,1,13,2.8283688900134,4.653962311676245,7.427116982733287,0.608201265335083,0.1423780918121338
500,17.0,3,1,1,1,1,14,2.8284231281940113,4.547265371197068,7.374124384144789,0.6482598781585693,0.1280360221862793
500,17.0,3,1,1,1,1,15,2.8284271037791644,5.3749475285217185,8.166473346698629,0.8605730533599854,0.14450716972351074
500,17.0,3,1,1,1,1,16,2.8284223692369115,5.232612689594215,8.042143105857978,0.6391322612762451,0.11539483070373535
500,17.0,3,1,1,1,1,17,2.828426976956789,5.557126907955445,8.362635660066546,0.6088206768035889,0.1285841464996338
500,17.0,3,1,1,1,1,18,2.8283755908711803,4.9377581084771025,7.6894341418405885,0.5513460636138916,0.13779902458190918
500,17.0,3,1,1,1,1,19,2.8284254843869108,6.048667338721647,8.873132734414764,0.7208089828491211,0.12221193313598633
500,17.0,3,1,1,1,1,20,2.828426083981506,4.622109940437072,7.431664058590718,0.6860592365264893,0.14867639541625977
500,17.0,3,1,1,1,1,21,2.828423604821305,5.773510553706661,8.60165726191547,0.6230332851409912,0.14286470413208008
500,17.0,3,1,1,1,1,22,2.828418247040828,5.178281951623235,7.937084574831602,0.5208582878112793,0.15012574195861816
500,17.0,3,1,1,1,1,23,2.8284240366819677,4.035794426063388,6.810738902878663,0.5954070091247559,0.15089654922485352
500,17.0,3,1,1,1,1,24,2.828424661895103,5.580266504851872,8.374390554567253,0.6869359016418457,0.13371491432189941
500,17.5,3,1,1,1,1,0,2.8284260317726453,4.823273282749554,7.642061451642492,0.6875252723693848,0.14584779739379883
500,17.5,3,1,1,1,1,1,2.828427087656644,4.247097313052903,6.841667405790164,0.662135124206543,0.12970304489135742
500,17.5,3,1,1,1,1,2,2.8284260642300123,4.983231150807593,7.662130247500643,0.5887377262115479,0.11821985244750977
500,17.5,3,1,1,1,1,3,2.828427122761108,4.594627635289475,7.421946281328571,0.5768570899963379,0.12923812866210938
500,17.5,3,1,1,1,1,4,2.8284258501411412,4.69987643910699,7.476726085863332,0.5906586647033691,0.1381239891052246
500,17.5,3,1,1,1,1,5,2.8283664849665775,4.894836153499256,7.483292818955063,0.5786292552947998,0.13657164573669434
500,17.5,3,1,1,1,1,6,2.828427117219737,4.90519233824937,7.504244175861173,0.6970503330230713,0.12947678565979004
500,17.5,3,1,1,1,1,7,2.8284200861046287,4.811920830936634,7.249404588821605,0.5103068351745605,0.12355971336364746
500,17.5,3,1,1,1,1,8,2.8283999949092853,4.848148236376045,7.64864110661798,0.5177130699157715,0.10651230812072754
500,17.5,3,1,1,1,1,9,2.8284271053949426,4.900221597574822,7.723252249905471,0.6092915534973145,0.13318705558776855
500,17.5,3,1,1,1,1,10,2.8284259405534633,4.891382686586944,7.699648697599918,0.49024200439453125,0.11968088150024414
500,17.5,3,1,1,1,1,11,2.828417432910684,5.164139675148013,7.989417127716777,0.518547534942627,0.1343095302581787
500,17.5,3,1,1,1,1,12,2.828427095195222,4.258313870445379,7.072585020434522,0.5362904071807861,0.11063003540039062
500,17.5,3,1,1,1,1,13,2.8284271245229773,5.022311553729401,7.805953386392366,0.48777127265930176,0.09761667251586914
500,17.5,3,1,1,1,1,14,2.8284179163087306,5.961609589790939,8.744458359878768,0.5223000049591064,0.10324740409851074
500,17.5,3,1,1,1,1,15,2.828414042678379,5.389100198879284,8.1667463368303,0.5031743049621582,0.10979819297790527
500,17.5,3,1,1,1,1,16,2.8284264284038567,4.6095411063671055,7.145382004911341,0.43345069885253906,0.10289144515991211
500,17.5,3,1,1,1,1,17,2.82841284410617,4.902853013010834,7.661906696902399,0.4496636390686035,0.10631513595581055
500,17.5,3,1,1,1,1,18,2.828421759451545,5.334707293759058,8.07321967185229,0.5209019184112549,0.10908389091491699
500,17.5,3,1,1,1,1,19,2.8283865921156233,5.078232031101689,7.905807922846673,0.45160484313964844,0.10293841361999512
500,17.5,3,1,1,1,1,20,2.8284252072927205,4.811230192800145,7.232432412933598,0.45041441917419434,0.061034202575683594
500,17.5,3,1,1,1,1,21,2.8284252834760184,4.608341709477952,7.270921228800114,0.4711782932281494,0.09459877014160156
500,17.5,3,1,1,1,1,22,2.828424039104843,4.861094917157447,7.579329822546155,0.5160284042358398,0.07180261611938477
500,17.5,3,1,1,1,1,23,2.8284134769799936,5.1009330870861165,7.898411238003408,0.5059809684753418,0.1056358814239502
500,17.5,3,1,1,1,1,24,2.8284206688434423,4.250479349881428,7.038425679687421,0.5225980281829834,0.07863521575927734
500,18.0,3,1,1,1,1,0,2.82842674166167,4.378155691399654,7.1916938142552285,0.5264327526092529,0.09217548370361328
500,18.0,3,1,1,1,1,1,2.8284252881456933,5.538975234737151,8.343827696023595,0.5481266975402832,0.07060456275939941
500,18.0,3,1,1,1,1,2,2.828425735773902,4.5420081884617804,7.361681822739069,0.5197968482971191,0.06404423713684082
500,18.0,3,1,1,1,1,3,2.8284110983953217,5.3445037695348265,8.172697912764452,0.46913671493530273,0.07965517044067383
500,18.0,3,1,1,1,1,4,2.8284268406709074,4.980391254672533,7.773172458599906,0.522789478302002,0.07863926887512207
500,18.0,3,1,1,1,1,5,2.8284262879352187,4.402163874206506,7.092214753560171,0.6223783493041992,0.10518407821655273
500,18.0,3,1,1,1,1,6,2.8284270693892117,4.931100990897928,7.758142483685694,0.6794924736022949,0.10819387435913086
500,18.0,3,1,1,1,1,7,2.8284251765024617,4.951483680085369,7.759669695583989,0.7659211158752441,0.1580190658569336
500,18.0,3,1,1,1,1,8,2.8284270040967914,6.567104939285869,9.39269278539375,0.6925742626190186,0.1297597885131836
500,18.0,3,1,1,1,1,9,2.8284236394450306,4.826599019616871,7.643185896400533,0.6282379627227783,0.11471009254455566
500,18.0,3,1,1,1,1,10,2.8284271098322686,4.8976750300418574,7.688604526908691,0.706416130065918,0.17822909355163574
500,18.0,3,1,1,1,1,11,2.8284254930424972,5.385316586258352,8.079288106613607,0.6151282787322998,0.14808392524719238
500,18.0,3,1,1,1,1,12,2.82841303017503,4.8347935051357975,7.526217847265519,0.7240333557128906,0.13211369514465332
500,18.0,3,1,1,1,1,13,2.8284269667176827,4.714832278275777,7.437532586706391,0.6411573886871338,0.12932062149047852
500,18.0,3,1,1,1,1,14,2.8284261697327526,5.443396704594047,7.937785558308387,0.616816520690918,0.15091562271118164
500,18.0,3,1,1,1,1,15,2.8284219585075285,5.667280290361518,8.420223624803379,0.8271298408508301,0.16216397285461426
500,18.0,3,1,1,1,1,16,2.828425956300134,5.058496987521885,7.356631696188667,0.7801854610443115,0.11880993843078613
500,18.0,3,1,1,1,1,17,2.8283882667693376,5.131834561754865,7.836002622358439,0.6030468940734863,0.14137578010559082
500,18.0,3,1,1,1,1,18,2.828427118963343,4.661761097440009,7.484469542230993,0.6799273490905762,0.14856219291687012
500,18.0,3,1,1,1,1,19,2.828424532663972,6.072025515424582,8.799258260339485,0.7032186985015869,0.14054465293884277
500,18.0,3,1,1,1,1,20,2.828424799261879,4.346203737440609,7.151151475830371,0.8774740695953369,0.16521573066711426
500,18.0,3,1,1,1,1,21,2.828425527283766,4.663287245641729,7.326268566910761,0.6691863536834717,0.10712957382202148
500,18.0,3,1,1,1,1,22,2.8284260362445846,4.8027549864484405,7.569124672083719,0.6302571296691895,0.15077805519104004
500,18.0,3,1,1,1,1,23,2.828401775779391,6.171881732407465,8.994426371327302,0.7495253086090088,0.16052842140197754
500,18.0,3,1,1,1,1,24,2.8284269077912727,4.8052288282427025,7.427970934704026,0.6584382057189941,0.1480422019958496
500,18.5,3,1,1,1,1,0,2.8284218084152024,5.131282007202046,7.937383559065108,0.836923360824585,0.16292357444763184
500,18.5,3,1,1,1,1,1,2.828427107842509,4.240405133621348,7.066524358169652,0.6266312599182129,0.13639616966247559
500,18.5,3,1,1,1,1,2,2.828427049019829,5.1771039567793515,7.987495000564648,0.7402632236480713,0.11614298820495605
500,18.5,3,1,1,1,1,3,2.8284260038903515,4.540884498241163,7.355636484552708,0.610332727432251,0.12691426277160645
500,18.5,3,1,1,1,1,4,2.828396726446051,4.8321793797776005,7.650156061258238,0.8897180557250977,0.14443159103393555
500,18.5,3,1,1,1,1,5,2.828426069896758,4.921266287141263,7.68518914886385,0.72257399559021,0.12353754043579102
500,18.5,3,1,1,1,1,6,2.828409735017816,4.842271884754131,7.60114144254078,0.6856372356414795,0.13486218452453613
500,18.5,3,1,1,1,1,7,2.828408786634799,4.821750983607581,7.633199490802973,0.6588358879089355,0.15530681610107422
500,18.5,3,1,1,1,1,8,2.8284258202629076,5.029288798855509,7.851768066084081,0.6386163234710693,0.13441824913024902
500,18.5,3,1,1,1,1,9,2.828425478641134,5.780045867759959,8.603599478164302,0.8577835559844971,0.1720278263092041
500,18.5,3,1,1,1,1,10,2.8284252326371093,5.972991158075675,8.726656393237555,0.7616643905639648,0.10981631278991699
500,18.5,3,1,1,1,1,11,2.828422493888868,4.933185161492343,7.73531318620427,0.6231069564819336,0.11490488052368164
500,18.5,3,1,1,1,1,12,2.8284247001285943,4.561840623626747,7.361313382526861,0.6283388137817383,0.14951300621032715
500,18.5,3,1,1,1,1,13,2.828417246474419,4.937334655085227,7.751242164005927,0.6801691055297852,0.1441354751586914
500,18.5,3,1,1,1,1,14,2.828422501073711,5.246959456066256,7.99757405028862,0.8626501560211182,0.1597588062286377
500,18.5,3,1,1,1,1,15,2.828421740384123,5.310506391731817,8.118925445781823,0.6147584915161133,0.12558627128601074
500,18.5,3,1,1,1,1,16,2.8284059928219007,5.104177177755807,7.850051942178384,0.6116611957550049,0.1350696086883545
500,18.5,3,1,1,1,1,17,2.8284216538313123,4.5566645573235665,7.384477097636954,0.6387300491333008,0.14196062088012695
500,18.5,3,1,1,1,1,18,2.8284167596625522,5.551795989611871,8.379533051823806,0.8644685745239258,0.17566418647766113
500,18.5,3,1,1,1,1,19,2.8284270003318617,5.323571136988093,8.150478294560362,0.7131304740905762,0.1383674144744873
500,18.5,3,1,1,1,1,20,2.8284256163334436,4.954078997290598,7.7823029955049545,0.6319746971130371,0.12290549278259277
500,18.5,3,1,1,1,1,21,2.828426025943079,5.139840468338536,7.388673069056942,0.6619167327880859,0.14405107498168945
500,18.5,3,1,1,1,1,22,2.828424931834061,4.181429558497679,6.951485762183655,0.6904439926147461,0.13125967979431152
500,18.5,3,1,1,1,1,23,2.828414625964412,4.943182344765743,7.7584567528233634,0.8080964088439941,0.16167426109313965
500,18.5,3,1,1,1,1,24,2.828422463927642,4.9658381809154815,7.787429469754779,0.5918228626251221,0.15227699279785156
500,19.0,3,1,1,1,1,0,2.828426535542174,5.673226249784238,8.488477136019114,0.6948094367980957,0.13350296020507812
500,19.0,3,1,1,1,1,1,2.8284259137913286,5.037039062857109,7.766193731016143,0.6698331832885742,0.11841392517089844
500,19.0,3,1,1,1,1,2,2.82842312716088,5.554892461943259,8.375275268080586,0.6163558959960938,0.15730500221252441
500,19.0,3,1,1,1,1,3,2.8284262037478216,4.861605355762737,7.587569638130391,0.8674113750457764,0.16448330879211426
500,19.0,3,1,1,1,1,4,2.82842242668547,4.889763257023458,7.6918957201005735,0.5923552513122559,0.15302801132202148
500,19.0,3,1,1,1,1,5,2.8284252396829577,5.046303793839215,7.818200519053216,0.6954410076141357,0.13770008087158203
500,19.0,3,1,1,1,1,6,2.828419994325852,4.777888136068743,7.60625040239649,0.6201725006103516,0.1437373161315918
500,19.0,3,1,1,1,1,7,2.8284269901930017,5.305529663586163,8.049467245041189,0.6401104927062988,0.14254212379455566
500,19.0,3,1,1,1,1,8,2.8284270669000415,4.2789265245941515,6.804896041523378,0.8430995941162109,0.15350890159606934
500,19.0,3,1,1,1,1,9,2.828427124463264,5.2266814464608125,8.041842273360128,0.642733097076416,0.1357579231262207
500,19.0,3,1,1,1,1,10,2.8284255710127204,5.659164127013917,8.361873705523362,0.6235713958740234,0.16560578346252441
500,19.0,3,1,1,1,1,11,2.828423878814245,5.075580916342317,7.83740353434197,0.6616649627685547,0.12914705276489258
500,19.0,3,1,1,1,1,12,2.8284025683053704,5.394733006362961,8.130606015196241,0.7226152420043945,0.15952849388122559
500,19.0,3,1,1,1,1,13,2.8284271221527266,5.425216235276095,8.230201918431865,0.5971786975860596,0.13721084594726562
500,19.0,3,1,1,1,1,14,2.8284262378431735,5.039871226551183,7.698577491785425,0.5647332668304443,0.11260700225830078
500,19.0,3,1,1,1,1,15,2.828414552242451,5.321764048081066,8.108349627603811,0.5131473541259766,0.11174607276916504
500,19.0,3,1,1,1,1,16,2.828424412711011,4.92314761399212,7.717308023876109,0.5784657001495361,0.1251530647277832
500,19.0,3,1,1,1,1,17,2.828417924540847,5.177063705919187,7.827275300099702,0.6021220684051514,0.11263251304626465
500,19.0,3,1,1,1,1,18,2.8284253298227533,4.834132166880411,7.592011695248098,0.697831392288208,0.13696718215942383
500,19.0,3,1,1,1,1,19,2.8284233581318445,4.580957153184168,7.118398840428336,0.5513877868652344,0.12386703491210938
500,19.0,3,1,1,1,1,20,2.828394837533666,5.33844556401426,8.164010811240068,0.527808666229248,0.11749720573425293
500,19.0,3,1,1,1,1,21,2.8284261528626815,4.863916513185099,7.656979289761187,0.5190513134002686,0.12468218803405762
500,19.0,3,1,1,1,1,22,2.828277316291127,4.679397857088719,7.507592556837135,0.5253193378448486,0.12058115005493164
500,19.0,3,1,1,1,1,23,2.828425708205119,5.044841954721064,7.814904070276118,0.5284850597381592,0.13162755966186523
500,19.0,3,1,1,1,1,24,2.8284271120247597,4.695287877285726,7.522758268333655,0.7100038528442383,0.1282796859741211
500,19.5,3,1,1,1,1,0,2.828419810737383,5.031976309387078,7.720191109751836,0.5580310821533203,0.1134788990020752
500,19.5,3,1,1,1,1,1,2.8284039891108272,5.618848840246855,8.323247951189808,0.5603442192077637,0.1077883243560791
500,19.5,3,1,1,1,1,2,2.8284227530834336,4.679217108848887,7.441836863727756,0.5660672187805176,0.09656167030334473
500,19.5,3,1,1,1,1,3,2.828419572184901,4.09840145672892,6.86904060654455,0.5533111095428467,0.11586976051330566
500,19.5,3,1,1,1,1,4,2.828427124357611,5.257828894418285,8.084449099267076,0.5724878311157227,0.09573936462402344
500,19.5,3,1,1,1,1,5,2.828414605330695,5.088004858963906,7.885536238279618,0.6522271633148193,0.10734987258911133
500,19.5,3,1,1,1,1,6,2.8284258042308124,5.001669606894558,7.813241712015941,0.45877909660339355,0.10778546333312988
500,19.5,3,1,1,1,1,7,2.828426761508292,4.525464984842666,7.353079482542704,0.5449950695037842,0.12004780769348145
500,19.5,3,1,1,1,1,8,2.8283716488299135,5.091656572074446,7.874926239631536,0.43325138092041016,0.10306334495544434
500,19.5,3,1,1,1,1,9,2.8284252300469555,5.681109858669046,8.20131969076782,0.40314769744873047,0.10277533531188965
500,19.5,3,1,1,1,1,10,2.82837678694123,4.85378337481175,7.648048956287569,0.4891021251678467,0.10579299926757812
500,19.5,3,1,1,1,1,11,2.8284269019081685,4.195359674097329,7.009524464231379,0.5859901905059814,0.09900617599487305
500,19.5,3,1,1,1,1,12,2.8284255537330028,5.871344072792703,8.467850848391404,0.4981546401977539,0.10029435157775879
500,19.5,3,1,1,1,1,13,2.828427095765462,4.817309356943366,7.645375723854308,0.44681763648986816,0.11034107208251953
500,19.5,3,1,1,1,1,14,2.8284270962057834,4.57297109939939,6.977456661158419,0.38520216941833496,0.10178303718566895
500,19.5,3,1,1,1,1,15,2.8284217179952442,4.768162987115568,7.555779377808912,0.3940925598144531,0.10466337203979492
500,19.5,3,1,1,1,1,16,2.828423092116148,4.311322761568319,7.073418734500304,0.5455248355865479,0.0885930061340332
500,19.5,3,1,1,1,1,17,2.828427100729047,5.918859889971355,8.747184901949064,0.47543883323669434,0.10899138450622559
500,19.5,3,1,1,1,1,18,2.828426467488115,4.115312601123179,6.862687989918971,0.5913436412811279,0.11626839637756348
500,19.5,3,1,1,1,1,19,2.8284267521266977,5.371866519546213,8.188065935012366,0.555222749710083,0.10441970825195312
500,19.5,3,1,1,1,1,20,2.8284262517940166,5.980463411476896,8.71756090276188,0.5807485580444336,0.12525629997253418
500,19.5,3,1,1,1,1,21,2.8283729521464527,5.403582501946942,8.224642983225406,0.5858111381530762,0.11599922180175781
500,19.5,3,1,1,1,1,22,2.828416439064601,4.291591134893517,6.838628540095997,0.6371431350708008,0.11083507537841797
500,19.5,3,1,1,1,1,23,2.828427037926239,5.8194500371629765,8.625608265480697,0.6362853050231934,0.12648868560791016
500,19.5,3,1,1,1,1,24,2.828420142795446,5.477774187878026,8.15333880532539,0.803297758102417,0.1669909954071045
500,20.0,3,1,1,1,1,0,2.8284268272992033,4.976634879035315,7.569443241282866,0.6627836227416992,0.140883207321167
500,20.0,3,1,1,1,1,1,2.8284257267515076,4.919671533213805,7.6801430336465515,0.6384685039520264,0.16192102432250977
500,20.0,3,1,1,1,1,2,2.8284271020044924,5.068948014875229,7.85069777219525,0.7098908424377441,0.14677906036376953
500,20.0,3,1,1,1,1,3,2.8284237220767436,4.452874769523648,7.280995733261459,0.6076340675354004,0.14101576805114746
500,20.0,3,1,1,1,1,4,2.82842605258911,6.149114015789585,8.5385697241723,0.8178613185882568,0.16991281509399414
500,20.0,3,1,1,1,1,5,2.828416976283608,5.2549736329674115,8.070061504479368,0.6216750144958496,0.15429925918579102
500,20.0,3,1,1,1,1,6,2.8284207544502853,4.861223985488869,7.550091892101356,0.7471957206726074,0.13272428512573242
500,20.0,3,1,1,1,1,7,2.8284268472060003,6.529792648510695,9.151035433706195,0.6392884254455566,0.15699267387390137
500,20.0,3,1,1,1,1,8,2.828419025282815,5.103212142814776,7.671221769573521,0.8605315685272217,0.15398883819580078
500,20.0,3,1,1,1,1,9,2.8284265741068526,5.154837250698801,7.977402043181972,0.7346498966217041,0.13823246955871582
500,20.0,3,1,1,1,1,10,2.828426058680149,4.746702925306773,7.21937485248198,0.6478276252746582,0.15070176124572754
500,20.0,3,1,1,1,1,11,2.828407814015882,4.905020697014616,7.653376295661094,0.7279887199401855,0.12324213981628418
500,20.0,3,1,1,1,1,12,2.8284269474817516,5.650140172814567,8.437039037321753,0.6921920776367188,0.1275932788848877
500,20.0,3,1,1,1,1,13,2.8284256915461974,5.107883170764114,7.859425511075269,0.7901146411895752,0.12274527549743652
500,20.0,3,1,1,1,1,14,2.8284257131984196,5.097613696277584,7.8483474839671405,0.664665699005127,0.13164448738098145
500,20.0,3,1,1,1,1,15,2.828426815061256,4.36296327947415,7.071461159659767,0.6974005699157715,0.1426234245300293
500,20.0,3,1,1,1,1,16,2.828427106586899,4.135987452706715,6.921964355494504,0.6067249774932861,0.14504408836364746
500,20.0,3,1,1,1,1,17,2.8284251503981355,5.252242681472523,8.057310585099668,0.7140851020812988,0.15908074378967285
500,20.0,3,1,1,1,1,18,2.828426984652009,5.388331949552366,8.181708543295471,0.7328240871429443,0.14096641540527344
500,20.0,3,1,1,1,1,19,2.8284211853200514,4.91331813629054,7.626688850759027,0.7017776966094971,0.15745306015014648
500,20.0,3,1,1,1,1,20,2.8284217415266033,4.4818092884670575,7.297578917557263,0.7816083431243896,0.14912700653076172
500,20.0,3,1,1,1,1,21,2.8284033351205284,4.9766336628847165,7.364226557383182,0.8982789516448975,0.1536877155303955
500,20.0,3,1,1,1,1,22,2.8284270966064713,4.837852619338658,7.573583292215188,0.8163900375366211,0.13997960090637207
500,20.0,3,1,1,1,1,23,2.8283905268263902,4.748256554578277,7.569163372868481,0.8172891139984131,0.17119359970092773
500,20.0,3,1,1,1,1,24,2.8284270912930234,5.288837138821608,8.099023949313628,0.6138191223144531,0.1507561206817627
500,20.5,3,1,1,1,1,0,2.8284263775893326,4.447466923163734,7.079030300624554,0.6192440986633301,0.15573906898498535
500,20.5,3,1,1,1,1,1,2.82842481119661,5.006089705808036,7.742516078178028,0.8175556659698486,0.15894794464111328
500,20.5,3,1,1,1,1,2,2.8284270023505513,4.8962019444622955,7.691062884073466,0.6091792583465576,0.13027381896972656
500,20.5,3,1,1,1,1,3,2.8284206302207227,5.263450292411855,7.910320879947497,0.6080808639526367,0.1495075225830078
500,20.5,3,1,1,1,1,4,2.8284261709104137,5.344126429124747,8.17154441077833,0.8552594184875488,0.14116811752319336
500,20.5,3,1,1,1,1,5,2.828424686102241,4.559138070726227,7.368350384341674,1.0136489868164062,0.170058012008667
500,20.5,3,1,1,1,1,6,2.8284095318413893,5.078514285246617,7.903195759183902,0.73520827293396,0.1596972942352295
500,20.5,3,1,1,1,1,7,2.82842708830791,4.904469892108506,7.698716871821776,0.6958801746368408,0.13489627838134766
500,20.5,3,1,1,1,1,8,2.8284259780592396,5.142074143464749,7.820083066821253,0.6425085067749023,0.11739397048950195
500,20.5,3,1,1,1,1,9,2.8283279671688786,4.721283325521777,7.447834235822395,0.6268372535705566,0.15720558166503906
500,20.5,3,1,1,1,1,10,2.8284265274887255,4.904826660901331,7.425933010265206,0.8125557899475098,0.17937016487121582
500,20.5,3,1,1,1,1,11,2.82841563299128,4.755017922843473,7.513537348652195,0.7145566940307617,0.13266730308532715
500,20.5,3,1,1,1,1,12,2.828427004752326,4.784253236353454,7.494295438326506,0.6297173500061035,0.1392965316772461
500,20.5,3,1,1,1,1,13,2.8284267157109966,4.966836705928937,7.626022341835853,0.5876750946044922,0.13280773162841797
500,20.5,3,1,1,1,1,14,2.828421457965149,5.0100721865215005,7.801200348617532,0.6938705444335938,0.16074395179748535
500,20.5,3,1,1,1,1,15,2.8284227710590324,5.256317941448,8.08217516743968,0.6819145679473877,0.15564656257629395
500,20.5,3,1,1,1,1,16,2.828427090060958,4.987557977838532,7.707136628511654,0.6962161064147949,0.12117695808410645
500,20.5,3,1,1,1,1,17,2.828420467583133,4.292050134814501,7.119521112318123,0.6104931831359863,0.12433290481567383
500,20.5,3,1,1,1,1,18,2.8283895317053234,4.845295503799435,7.655558748422826,0.5466856956481934,0.12245774269104004
500,20.5,3,1,1,1,1,19,2.8284268788119196,4.896710312437453,7.575055891873495,0.6561269760131836,0.15184736251831055
500,20.5,3,1,1,1,1,20,2.828424915709356,4.535449886608052,7.317961882129344,0.554365873336792,0.12938499450683594
500,20.5,3,1,1,1,1,21,2.8284258363345014,4.751934267665183,7.53258797422917,0.5657932758331299,0.10241150856018066
500,20.5,3,1,1,1,1,22,2.828410458510884,4.856154803693294,7.5757928355573965,0.5074708461761475,0.12562274932861328
500,20.5,3,1,1,1,1,23,2.828426875901957,4.837838187539395,7.544129680446906,0.521045446395874,0.12990021705627441
500,20.5,3,1,1,1,1,24,2.828423323074679,5.537257151818191,8.129740740852553,0.5134713649749756,0.1283271312713623
500,21.0,3,1,1,1,1,0,2.828392065133327,4.954048495885633,7.5993048358747295,0.7277851104736328,0.1447620391845703
500,21.0,3,1,1,1,1,1,2.828426223187568,4.909530895658241,7.72469016089564,0.6337869167327881,0.13421297073364258
500,21.0,3,1,1,1,1,2,2.8284270559044082,5.222141253492794,8.023202923887629,0.5227220058441162,0.12160325050354004
500,21.0,3,1,1,1,1,3,2.828393685739882,4.817092387095984,7.604362409053367,0.4824502468109131,0.10777544975280762
500,21.0,3,1,1,1,1,4,2.8284270298600234,5.948146288597583,8.72662317002753,0.575664758682251,0.08751177787780762
500,21.0,3,1,1,1,1,5,2.8284270250522776,4.414541351585032,7.0337849193406985,0.5566575527191162,0.12483811378479004
500,21.0,3,1,1,1,1,6,2.828426337368055,4.591637011884251,7.371160688702316,0.5532360076904297,0.11204695701599121
500,21.0,3,1,1,1,1,7,2.8284242219598084,4.670220404702927,7.381148319675623,0.5672597885131836,0.11371254920959473
500,21.0,3,1,1,1,1,8,2.8284262174322152,5.654944351698191,8.471168136861682,0.4999818801879883,0.09490370750427246
500,21.0,3,1,1,1,1,9,2.8284019767912474,5.185082299581885,7.982481911072352,0.4419898986816406,0.1035158634185791
500,21.0,3,1,1,1,1,10,2.8284270330547394,5.605517514045449,8.372811345531305,0.49318957328796387,0.1016530990600586
500,21.0,3,1,1,1,1,11,2.8284168895923294,4.6350281342844815,7.328302626916211,0.4626002311706543,0.10412931442260742
500,21.0,3,1,1,1,1,12,2.8284268656035927,5.377810409054078,8.16340921743258,0.5794258117675781,0.09945082664489746
500,21.0,3,1,1,1,1,13,2.828421392596297,5.287343329690344,8.111707181852685,0.4434800148010254,0.08994007110595703
500,21.0,3,1,1,1,1,14,2.828426213232658,4.682429818896727,7.498741488986464,0.45392513275146484,0.08036565780639648
500,21.0,3,1,1,1,1,15,2.8284270252426955,4.26295244652948,7.0241830650893995,0.41934871673583984,0.09842300415039062
500,21.0,3,1,1,1,1,16,2.828426253212372,4.700051241611386,7.226990366604832,0.4923889636993408,0.10453391075134277
500,21.0,3,1,1,1,1,17,2.8284038018317843,4.856957829473521,7.398913846356596,0.4899787902832031,0.09081816673278809
500,21.0,3,1,1,1,1,18,2.828420605513727,5.15047299016682,7.955277230161237,0.4152262210845947,0.098297119140625
500,21.0,3,1,1,1,1,19,2.8283837224381703,5.128394162799645,7.734179264324194,0.5548226833343506,0.09246659278869629
500,21.0,3,1,1,1,1,20,2.8284239276787027,4.846184639421352,7.4732756017799655,0.42752909660339355,0.10615277290344238
500,21.0,3,1,1,1,1,21,2.828425878006741,4.305595579587409,7.088927614927412,0.4074869155883789,0.09899568557739258
500,21.0,3,1,1,1,1,22,2.8284044015806042,5.466661758500684,8.25282073997323,0.466341495513916,0.10195159912109375
500,21.0,3,1,1,1,1,23,2.828424563328176,5.231050095974694,8.04452759365872,0.5905787944793701,0.0722811222076416
500,21.0,3,1,1,1,1,24,2.828426763386028,5.216651221577908,7.987389929822104,0.5782477855682373,0.08282470703125
500,21.5,3,1,1,1,1,0,2.8284112607543404,5.028225957714794,7.421058734092199,0.6596925258636475,0.13033485412597656
500,21.5,3,1,1,1,1,1,2.828419314231158,5.215696452091666,7.841111851615627,0.5299489498138428,0.13098692893981934
500,21.5,3,1,1,1,1,2,2.828426112198171,4.865627775168832,7.670464089746033,0.5669984817504883,0.14607834815979004
500,21.5,3,1,1,1,1,3,2.828425696953184,4.739933422865374,7.197090485694048,0.589632511138916,0.15230321884155273
500,21.5,3,1,1,1,1,4,2.8284265783783016,4.685724723720594,7.513948779622503,0.7245848178863525,0.13965368270874023
500,21.5,3,1,1,1,1,5,2.8284270650167915,4.670400307518499,7.479215591048077,0.5811285972595215,0.1407756805419922
500,21.5,3,1,1,1,1,6,2.8284228134993197,5.19183847012198,8.020073740360438,0.8321535587310791,0.1455225944519043
500,21.5,3,1,1,1,1,7,2.8284268072718763,4.532698672577605,7.235200056385899,0.6911895275115967,0.15242838859558105
500,21.5,3,1,1,1,1,8,2.8284179279516484,5.1359149750573785,7.923744364179337,0.7100479602813721,0.15327715873718262
500,21.5,3,1,1,1,1,9,2.8284246852928567,5.194802553018183,7.817686792101579,0.6504576206207275,0.13655996322631836
500,21.5,3,1,1,1,1,10,2.828420248282518,4.932483024799562,7.759896665506357,0.8477933406829834,0.1641397476196289
500,21.5,3,1,1,1,1,11,2.828427024039336,4.565575025273368,7.370095827727601,0.6505241394042969,0.11569547653198242
500,21.5,3,1,1,1,1,12,2.828426683281953,5.041722707407794,7.756934020246226,0.680978536605835,0.15126609802246094
500,21.5,3,1,1,1,1,13,2.8284234624258704,4.7559308295685225,7.282257271044539,0.6554954051971436,0.13553833961486816
500,21.5,3,1,1,1,1,14,2.8284222448391105,5.218501806575716,8.046794465241096,0.7274012565612793,0.12112712860107422
500,21.5,3,1,1,1,1,15,2.82842688166335,5.704663672255357,8.519569858134066,0.8316311836242676,0.16977167129516602
500,21.5,3,1,1,1,1,16,2.8284224287529973,4.874474150809286,7.669034912436768,0.6473205089569092,0.15095281600952148
500,21.5,3,1,1,1,1,17,2.828424181862738,5.3193348483447,8.076937629911331,0.5898926258087158,0.11375260353088379
500,21.5,3,1,1,1,1,18,2.828427056115874,5.658279877565399,8.486666877176251,0.6344311237335205,0.15460801124572754
500,21.5,3,1,1,1,1,19,2.8284269677731966,4.964648056935334,7.7680558488896985,0.7417802810668945,0.13687753677368164
500,21.5,3,1,1,1,1,20,2.8284266901633375,5.182679799659923,7.805903861874137,0.6917719841003418,0.15294194221496582
500,21.5,3,1,1,1,1,21,2.828426480138744,4.743114127046289,7.262887090754788,0.7498071193695068,0.12876224517822266
500,21.5,3,1,1,1,1,22,2.828426647433756,5.2556583088346285,8.058436630781372,0.6580684185028076,0.13207483291625977
500,21.5,3,1,1,1,1,23,2.8284258111445335,4.754099751855468,7.555626554637151,0.8147470951080322,0.15811848640441895
500,21.5,3,1,1,1,1,24,2.828425383197744,5.653266163226184,8.47937287764971,0.8798356056213379,0.16331243515014648
500,22.0,3,1,1,1,1,0,2.828426894716584,4.689901527626659,7.512959127376201,0.6690874099731445,0.13511085510253906
500,22.0,3,1,1,1,1,1,2.8284258342816595,4.461160221223257,7.2756671476291785,0.6444110870361328,0.10580182075500488
500,22.0,3,1,1,1,1,2,2.828427067003571,4.150198648004912,6.883275492050578,0.5983870029449463,0.13683104515075684
500,22.0,3,1,1,1,1,3,2.8284271184265273,5.76176109979519,8.460232868545232,0.6252453327178955,0.15627789497375488
500,22.0,3,1,1,1,1,4,2.8284230555479297,5.943844427615613,8.746592135598172,0.8038592338562012,0.17416906356811523
500,22.0,3,1,1,1,1,5,2.8284101178294967,4.980837577685829,7.600800338175016,0.5960948467254639,0.1157987117767334
500,22.0,3,1,1,1,1,6,2.8284270990892284,4.497353314037327,7.238518961547905,0.848388671875,0.1667652130126953
500,22.0,3,1,1,1,1,7,2.828424844580395,5.943635971801316,8.514683492783501,0.7024610042572021,0.14262127876281738
500,22.0,3,1,1,1,1,8,2.8284264684082023,5.800976638522453,8.506714632371919,0.6298065185546875,0.11730051040649414
500,22.0,3,1,1,1,1,9,2.8284270561944793,5.564858510026622,8.388815173151894,0.6746001243591309,0.1546342372894287
500,22.0,3,1,1,1,1,10,2.8284155326993963,4.430338457728066,7.22375967808104,0.7271163463592529,0.13422799110412598
500,22.0,3,1,1,1,1,11,2.8284271227594417,5.290357033688651,8.09963107899967,0.6396389007568359,0.13257980346679688
500,22.0,3,1,1,1,1,12,2.8284262264633915,6.416264948971436,9.239327271445603,0.6669178009033203,0.1441044807434082
500,22.0,3,1,1,1,1,13,2.8283673608036155,4.6639174425462295,7.480639851420649,0.8218379020690918,0.16149687767028809
500,22.0,3,1,1,1,1,14,2.8284233381012354,6.046623153356409,8.836284617106958,0.6152102947235107,0.15323162078857422
500,22.0,3,1,1,1,1,15,2.828424271203536,5.645982636484797,8.452885813763432,0.6624927520751953,0.24058294296264648
500,22.0,3,1,1,1,1,16,2.8284251187932323,5.460340681122155,8.231783024556552,0.897280216217041,0.16438555717468262
500,22.0,3,1,1,1,1,17,2.8284271209959613,4.98328339243054,7.7734469168235805,0.5915336608886719,0.15110278129577637
500,22.0,3,1,1,1,1,18,2.828424632033071,4.473271764169298,7.301391340327486,0.6141922473907471,0.15006470680236816
500,22.0,3,1,1,1,1,19,2.8284097342992465,4.914363720762298,7.739588095048803,0.7319939136505127,0.1256694793701172
500,22.0,3,1,1,1,1,20,2.8284246042370804,5.180475385737157,7.960760432829513,0.6334388256072998,0.12524008750915527
500,22.0,3,1,1,1,1,21,2.828426015089357,4.707399494548524,7.530129974641115,0.6188693046569824,0.14281582832336426
500,22.0,3,1,1,1,1,22,2.8284258391935606,4.665096457912141,7.059472986637375,0.8068835735321045,0.15704011917114258
500,22.0,3,1,1,1,1,23,2.8284256953761995,4.292436958739701,7.119337093332714,0.7372844219207764,0.12785720825195312
500,22.0,3,1,1,1,1,24,2.8284252015563864,4.186161968388649,7.000623523953813,0.6829414367675781,0.12260651588439941
500,22.5,3,1,1,1,1,0,2.8284269786291367,5.245869228426535,7.845511874474267,0.6182661056518555,0.14597082138061523
500,22.5,3,1,1,1,1,1,2.8284261047676797,4.643147491942745,7.1021252317735915,0.6843240261077881,0.12148594856262207
500,22.5,3,1,1,1,1,2,2.82841782090999,4.986289436264406,7.58447978531577,0.7465181350708008,0.13601183891296387
500,22.5,3,1,1,1,1,3,2.828424073983208,4.388360347145358,7.215337528144765,0.6142151355743408,0.1257317066192627
500,22.5,3,1,1,1,1,4,2.8284213795571604,4.30355241499221,7.0899754653408795,0.6010069847106934,0.1237189769744873
500,22.5,3,1,1,1,1,5,2.828426888851011,4.466092194387893,7.085587448929166,0.6049871444702148,0.09940600395202637
500,22.5,3,1,1,1,1,6,2.82842698774166,4.587251742414443,7.3560516031006244,0.5731105804443359,0.11706113815307617
500,22.5,3,1,1,1,1,7,2.8284265960206123,5.6431942955554435,8.470258932155367,0.579383134841919,0.11479759216308594
500,22.5,3,1,1,1,1,8,2.828403974212867,4.942044115145072,7.423244516787213,0.6371841430664062,0.12445425987243652
500,22.5,3,1,1,1,1,9,2.8284246961641593,5.237506280920905,7.900490472745258,0.5020995140075684,0.10558009147644043
500,22.5,3,1,1,1,1,10,2.828426668499447,4.967025714968428,7.782877849761731,0.5631246566772461,0.10918784141540527
500,22.5,3,1,1,1,1,11,2.828421578296071,4.83948274112863,7.577969192343485,0.5507385730743408,0.08393645286560059
500,22.5,3,1,1,1,1,12,2.828405930059312,5.901187145453904,8.610561561040624,0.5309948921203613,0.0999140739440918
500,22.5,3,1,1,1,1,13,2.828426320996858,5.293589911975903,7.805280382414612,0.46393513679504395,0.10312461853027344
500,22.5,3,1,1,1,1,14,2.828412321221529,4.417268411342202,7.217711901661566,0.6637358665466309,0.10792160034179688
500,22.5,3,1,1,1,1,15,2.8284270630331405,4.641452013985176,7.3631135023517835,0.5468313694000244,0.10809016227722168
500,22.5,3,1,1,1,1,16,2.8284237389610127,5.190248797555086,8.016839387120474,0.5471706390380859,0.12787747383117676
500,22.5,3,1,1,1,1,17,2.8284231016972012,3.9123466537905425,6.574975269140907,0.5381941795349121,0.10935640335083008
500,22.5,3,1,1,1,1,18,2.8283773659940357,4.7923470985931305,7.618169692523334,0.4428861141204834,0.10611987113952637
500,22.5,3,1,1,1,1,19,2.828425775380117,5.2625912905110885,7.9871540934873835,0.5020804405212402,0.09820151329040527
500,22.5,3,1,1,1,1,20,2.828426438433475,5.389916763134039,8.204493892938096,0.5899884700775146,0.12355279922485352
500,22.5,3,1,1,1,1,21,2.828427092515118,4.386450311959363,7.1300817404834,0.49956703186035156,0.10671448707580566
500,22.5,3,1,1,1,1,22,2.828426815586464,5.402971783212851,8.17174126079974,0.5511386394500732,0.10696792602539062
500,22.5,3,1,1,1,1,23,2.82842623710293,4.883638487079161,7.711232895752564,0.4945704936981201,0.11611461639404297
500,22.5,3,1,1,1,1,24,2.8284208177323134,4.297023275702933,7.055963223206003,0.46359753608703613,0.11670160293579102
500,23.0,3,1,1,1,1,0,2.8284257562468933,4.486783782165233,7.211200290109425,0.5203971862792969,0.11085128784179688
500,23.0,3,1,1,1,1,1,2.8284159464365968,4.86559432202685,7.565858392034029,0.5369021892547607,0.12368035316467285
500,23.0,3,1,1,1,1,2,2.828426564880445,4.410813553031851,7.157979138801158,0.5714695453643799,0.1262824535369873
500,23.0,3,1,1,1,1,3,2.8284156251139754,5.360949128276343,8.096037327368611,0.48395466804504395,0.11265826225280762
500,23.0,3,1,1,1,1,4,2.828427077849246,4.564906570195155,7.28338090011456,0.5129432678222656,0.10864663124084473
500,23.0,3,1,1,1,1,5,2.8284246847538195,4.880435788880944,7.701266557760709,0.5113997459411621,0.11654424667358398
500,23.0,3,1,1,1,1,6,2.8284259287896845,4.354046679212618,6.9170408549987,0.5470774173736572,0.11871004104614258
500,23.0,3,1,1,1,1,7,2.8284244512169305,5.22589988584225,8.053796912824366,0.6535313129425049,0.13211274147033691
500,23.0,3,1,1,1,1,8,2.8284265473630836,4.811825123389518,7.623930539449516,0.5717217922210693,0.11684131622314453
500,23.0,3,1,1,1,1,9,2.828406790323573,5.734215503336457,8.459898720237819,0.5651097297668457,0.08021426200866699
500,23.0,3,1,1,1,1,10,2.8284224164738774,4.515313569219357,7.232362838614571,0.5371353626251221,0.10944080352783203
500,23.0,3,1,1,1,1,11,2.828418912567773,6.045030656623735,8.734031981496333,0.5505466461181641,0.10454916954040527
500,23.0,3,1,1,1,1,12,2.8284198681133574,4.566162614525591,7.392366663520587,0.5743067264556885,0.11674642562866211
500,23.0,3,1,1,1,1,13,2.828418015514656,4.972198043827402,7.761245955037092,0.6384994983673096,0.11665511131286621
500,23.0,3,1,1,1,1,14,2.828423726496479,5.141539145445388,7.8731878109258835,0.5187914371490479,0.12615442276000977
500,23.0,3,1,1,1,1,15,2.828424616319734,5.3443990646904025,8.170714800608,0.5851650238037109,0.12133336067199707
500,23.0,3,1,1,1,1,16,2.828425084860113,4.279037901165841,7.105231878968587,0.6341357231140137,0.14403438568115234
500,23.0,3,1,1,1,1,17,2.8284169167483517,4.646255229136739,7.450689471562324,0.6891000270843506,0.1241905689239502
500,23.0,3,1,1,1,1,18,2.828405869229602,4.6634384969246865,7.37039063931292,0.6255710124969482,0.12461423873901367
500,23.0,3,1,1,1,1,19,2.828426598125186,5.569654370789263,8.395916915518802,0.6786935329437256,0.160414457321167
500,23.0,3,1,1,1,1,20,2.828426507481039,4.962844019252854,7.7909523729836305,0.7057697772979736,0.12688541412353516
500,23.0,3,1,1,1,1,21,2.828427031474783,4.721674785496793,7.492885686835397,0.6515471935272217,0.13294768333435059
500,23.0,3,1,1,1,1,22,2.8284204528696173,6.6597785180937095,9.463959193867334,0.6496996879577637,0.15050840377807617
500,23.0,3,1,1,1,1,23,2.8284173781896915,4.107421998079614,6.787775092759608,0.8555049896240234,0.15395402908325195
500,23.0,3,1,1,1,1,24,2.8284221407404755,4.676354698149806,7.503098136644721,0.6452305316925049,0.14903521537780762
500,23.5,3,1,1,1,1,0,2.8284256056945494,4.3394728019227795,7.014390690235267,0.6256322860717773,0.15505003929138184
500,23.5,3,1,1,1,1,1,2.8284257728947293,6.289228614397997,8.912249534558528,0.6541445255279541,0.13866138458251953
500,23.5,3,1,1,1,1,2,2.8283950525745065,4.994417273196182,7.757187241725548,0.8570833206176758,0.16476774215698242
500,23.5,3,1,1,1,1,3,2.8284266741630986,4.908700753414693,7.467581546167516,0.854644775390625,0.13938307762145996
500,23.5,3,1,1,1,1,4,2.8284264649836723,4.5950766269893615,7.4198481563200405,0.6289622783660889,0.11307263374328613
500,23.5,3,1,1,1,1,5,2.828424783976643,5.715778409850055,8.543077266802552,0.6668829917907715,0.15122103691101074
500,23.5,3,1,1,1,1,6,2.828425428308614,5.995628374005102,8.823912419565229,0.739227294921875,0.11055803298950195
500,23.5,3,1,1,1,1,7,2.8284254258898645,5.397494846184954,8.22500367627617,0.7095510959625244,0.16510772705078125
500,23.5,3,1,1,1,1,8,2.8284172498565843,5.020738229124529,7.682479373339779,0.6376733779907227,0.15509247779846191
500,23.5,3,1,1,1,1,9,2.828426596249005,5.126994828634106,7.887055692413721,0.7374362945556641,0.1360011100769043
500,23.5,3,1,1,1,1,10,2.828426941001677,5.305000601336646,8.007100491936386,0.6159358024597168,0.11867332458496094
500,23.5,3,1,1,1,1,11,2.828422934615855,5.713494041480068,8.247811941164917,0.72463059425354,0.13826632499694824
500,23.5,3,1,1,1,1,12,2.828427017921275,4.892984604375024,7.680102749793054,0.8122789859771729,0.1785886287689209
500,23.5,3,1,1,1,1,13,2.828426724951894,5.244509547286119,7.908598220478397,0.6277189254760742,0.12006974220275879
500,23.5,3,1,1,1,1,14,2.8284242472424532,5.285193682440916,8.038403749983463,0.613105058670044,0.14916181564331055
500,23.5,3,1,1,1,1,15,2.8284241404643238,4.866511255878424,7.648902924168002,0.6730608940124512,0.12378883361816406
500,23.5,3,1,1,1,1,16,2.82841295846264,5.425250154793778,8.250954958608641,0.7077305316925049,0.12862205505371094
500,23.5,3,1,1,1,1,17,2.8283863231575195,4.546248274121292,7.233255258991351,0.8992486000061035,0.15891051292419434
500,23.5,3,1,1,1,1,18,2.828421318671832,5.067446281776567,7.893371903847168,0.6861011981964111,0.13434147834777832
500,23.5,3,1,1,1,1,19,2.828426614633571,4.583099292516278,7.36658154108488,0.7357919216156006,0.158278226852417
500,23.5,3,1,1,1,1,20,2.8283934827797785,5.160918344745646,7.827142649819384,0.6712841987609863,0.11736488342285156
500,23.5,3,1,1,1,1,21,2.828421415841059,5.422552157099691,8.225732340420551,0.8341488838195801,0.14945197105407715
500,23.5,3,1,1,1,1,22,2.8284271104701726,4.553923100164662,7.35240439363414,0.6671586036682129,0.13764166831970215
500,23.5,3,1,1,1,1,23,2.828425670988509,5.652549611680186,8.469292829535275,0.6706809997558594,0.13309240341186523
500,23.5,3,1,1,1,1,24,2.8284234555165715,6.089005495881758,8.916640894040192,0.6289839744567871,0.16994047164916992
500,24.0,3,1,1,1,1,0,2.8284098542703937,4.631587444346343,7.335136794990018,0.6665048599243164,0.14699959754943848
500,24.0,3,1,1,1,1,1,2.828427070914552,5.286269927532414,8.04958356859424,0.805448055267334,0.14427900314331055
500,24.0,3,1,1,1,1,2,2.8284237837895856,5.0820039066469525,7.853731892151002,0.7009854316711426,0.12219119071960449
500,24.0,3,1,1,1,1,3,2.8284180184636094,5.329129014746203,8.13016705859374,0.5788345336914062,0.10702943801879883
500,24.0,3,1,1,1,1,4,2.8284271209087795,4.934376633441384,7.554282115651972,0.5154068470001221,0.13142991065979004
500,24.0,3,1,1,1,1,5,2.8284059795702126,4.502058027230114,7.313066011582273,0.5855405330657959,0.12228894233703613
500,24.0,3,1,1,1,1,6,2.828321700623764,4.53312710445778,7.359388816678994,0.7270479202270508,0.1567091941833496
500,24.0,3,1,1,1,1,7,2.828419189073117,4.936371552113484,7.764309741394062,0.5287094116210938,0.09921121597290039
500,24.0,3,1,1,1,1,8,2.828422474294404,4.629371626067871,7.259626945255298,0.594994306564331,0.0999300479888916
500,24.0,3,1,1,1,1,9,2.8284271138531687,5.110901578288431,7.939295731010042,0.5640573501586914,0.09432458877563477
500,24.0,3,1,1,1,1,10,2.82842595604169,4.729507179428544,7.5258369358161215,0.5048167705535889,0.1052696704864502
500,24.0,3,1,1,1,1,11,2.8284270180836364,5.131865603760452,7.878677091179001,0.5390937328338623,0.11073875427246094
500,24.0,3,1,1,1,1,12,2.828426780804416,4.763787136961916,7.574903550645758,0.6636066436767578,0.13712215423583984
500,24.0,3,1,1,1,1,13,2.8284213065979857,4.6715758067938715,7.488927455537007,0.5104796886444092,0.10214853286743164
500,24.0,3,1,1,1,1,14,2.82836869568795,4.548467330625246,7.316931197596485,0.5984148979187012,0.1056983470916748
500,24.0,3,1,1,1,1,15,2.8284253737986154,5.0637761582344245,7.860052658579387,0.5670382976531982,0.11043953895568848
500,24.0,3,1,1,1,1,16,2.8284201742522095,4.409973698277348,6.899871551498642,0.5632343292236328,0.1035776138305664
500,24.0,3,1,1,1,1,17,2.8284271089626314,5.454211163518447,8.04000530696459,0.5531516075134277,0.10735559463500977
500,24.0,3,1,1,1,1,18,2.8284260361118596,5.5047574073710255,8.327153975549727,0.6017556190490723,0.11321043968200684
500,24.0,3,1,1,1,1,19,2.828426948562771,4.55363665453463,7.372912913965961,0.47893619537353516,0.10896730422973633
500,24.0,3,1,1,1,1,20,2.828422862194486,5.130295424177753,7.955132919074384,0.5581183433532715,0.10048341751098633
500,24.0,3,1,1,1,1,21,2.8284267297166776,5.885882945992885,8.644902913874189,0.5642507076263428,0.09835195541381836
500,24.0,3,1,1,1,1,22,2.828425345976202,5.414768954524881,8.146370057682677,0.47142553329467773,0.10550594329833984
500,24.0,3,1,1,1,1,23,2.828425227978151,5.92986749644396,8.477232970310371,0.4911832809448242,0.10311174392700195
500,24.0,3,1,1,1,1,24,2.8284221969472925,5.3133065691583345,7.94644718380062,0.582108736038208,0.1225438117980957
500,24.5,3,1,1,1,1,0,2.8284260396942655,4.945448443815543,7.669763538368678,0.5178365707397461,0.11594510078430176
500,24.5,3,1,1,1,1,1,2.828423510632763,4.299992899795707,7.117938657149875,0.50264573097229,0.09891080856323242
500,24.5,3,1,1,1,1,2,2.8284092853937293,5.054346699048784,7.8226581529504156,0.4507732391357422,0.11461901664733887
500,24.5,3,1,1,1,1,3,2.828427072655333,6.671059160605968,9.279206360435694,0.5745089054107666,0.10633492469787598
500,24.5,3,1,1,1,1,4,2.828426850213279,4.599791073191965,7.354064076789414,0.4412209987640381,0.10730814933776855
500,24.5,3,1,1,1,1,5,2.828420943127488,4.8543738291555725,7.662980009128752,0.5576474666595459,0.11073040962219238
500,24.5,3,1,1,1,1,6,2.828427120336029,5.13384757946384,7.939737658596037,0.549044132232666,0.1145322322845459
500,24.5,3,1,1,1,1,7,2.828426872691137,4.32362404129788,6.8583318306184715,0.544506311416626,0.1098480224609375
500,24.5,3,1,1,1,1,8,2.828419379436413,4.473142133953917,7.301528477339309,0.5712504386901855,0.10749340057373047
500,24.5,3,1,1,1,1,9,2.8284165358502626,5.972922040316717,8.72983715553254,0.5704193115234375,0.11513829231262207
500,24.5,3,1,1,1,1,10,2.828427120514624,5.473035117634046,7.9132580944698265,0.5950844287872314,0.1008763313293457
500,24.5,3,1,1,1,1,11,2.8284269010750465,4.805472052642704,7.633858426129219,0.6046369075775146,0.12376761436462402
500,24.5,3,1,1,1,1,12,2.8284248912344334,5.111430008509097,7.532383760234264,0.7798702716827393,0.14816832542419434
500,24.5,3,1,1,1,1,13,2.8284202745431393,4.7986544460967755,7.620593447742671,0.5255427360534668,0.12853431701660156
500,24.5,3,1,1,1,1,14,2.828426970569606,4.817735551174523,7.641339144817589,0.5696251392364502,0.13892817497253418
500,24.5,3,1,1,1,1,15,2.828203821419533,5.563611519568118,8.39086749024566,0.6604225635528564,0.13332796096801758
500,24.5,3,1,1,1,1,16,2.8284198829350777,4.836890487592236,7.644416968124732,0.7230503559112549,0.12276482582092285
500,24.5,3,1,1,1,1,17,2.82841772455035,6.352523015220661,9.1805463490319,0.9170348644256592,0.16085147857666016
500,24.5,3,1,1,1,1,18,2.828414998315685,4.732968530103969,7.26986480308979,0.6807401180267334,0.1623094081878662
500,24.5,3,1,1,1,1,19,2.828426612173932,4.19795868677661,6.843460659955524,0.6992006301879883,0.14565396308898926
500,24.5,3,1,1,1,1,20,2.8284271193366406,3.817907823817813,6.646014842995011,0.6917011737823486,0.11859345436096191
500,24.5,3,1,1,1,1,21,2.8284226878063072,5.2353622325259375,8.011566241850499,0.5830731391906738,0.1585540771484375
500,24.5,3,1,1,1,1,22,2.8284271246524897,5.0893506332151865,7.88281645623113,0.6961550712585449,0.15631484985351562
500,24.5,3,1,1,1,1,23,2.828425459637802,4.197366072032049,6.840033678516548,0.7210123538970947,0.13406085968017578
500,24.5,3,1,1,1,1,24,2.8284269903982864,4.87176836812269,7.62597976642347,0.6186723709106445,0.13157010078430176
500,25.0,3,1,1,1,1,0,2.828426578970696,4.896962239564697,7.592865600490682,0.6473164558410645,0.14350461959838867
500,25.0,3,1,1,1,1,1,2.828423937368634,4.0756294766299375,6.739894192697951,0.8534457683563232,0.16692829132080078
500,25.0,3,1,1,1,1,2,2.828425853852526,6.1427828940727585,8.958619335815293,0.764561653137207,0.12863659858703613
500,25.0,3,1,1,1,1,3,2.8284267495768463,4.982143522888686,7.657436798559117,0.5736434459686279,0.15124297142028809
500,25.0,3,1,1,1,1,4,2.8284161536514723,4.657727957877486,7.206673623485403,0.6594107151031494,0.1521620750427246
500,25.0,3,1,1,1,1,5,2.828423130481735,4.956491449991997,7.752033281190959,0.8278682231903076,0.18103790283203125
500,25.0,3,1,1,1,1,6,2.828410001693622,6.1142271429042925,8.877598205882702,0.8840541839599609,0.15119552612304688
500,25.0,3,1,1,1,1,7,2.828426170982314,4.837828138937152,7.552859839103029,0.6002418994903564,0.11428093910217285
500,25.0,3,1,1,1,1,8,2.8284028199103166,5.893826944324467,8.512358721408967,0.597062349319458,0.1571662425994873
500,25.0,3,1,1,1,1,9,2.828426904681961,5.8628667868431545,8.193404690774937,0.6196398735046387,0.14444208145141602
500,25.0,3,1,1,1,1,10,2.8284263466035413,4.491412764602104,7.225074292676899,0.7245402336120605,0.14864826202392578
500,25.0,3,1,1,1,1,11,2.8284263364972735,4.561058277946499,7.35584193246329,0.6694133281707764,0.12059879302978516
500,25.0,3,1,1,1,1,12,2.8284265912716373,4.597974133796302,7.426400725067939,0.6377341747283936,0.15894222259521484
500,25.0,3,1,1,1,1,13,2.828427124545958,5.719483964598357,8.54768660665168,0.6934158802032471,0.13066482543945312
500,25.0,3,1,1,1,1,14,2.8284271170837356,5.328858993223436,8.089736044528252,0.6230483055114746,0.1303880214691162
500,25.0,3,1,1,1,1,15,2.8283925688852123,6.697092735375286,9.414863233732605,0.730466365814209,0.1744670867919922
500,25.0,3,1,1,1,1,16,2.828417348894213,4.412915864495697,7.172003284100323,0.7009894847869873,0.14301609992980957
500,25.0,3,1,1,1,1,17,2.828425663601278,4.982936913283208,7.705419242616191,0.6465075016021729,0.1179807186126709
500,25.0,3,1,1,1,1,18,2.828403539703958,4.754949202992607,7.463914259684486,0.6492173671722412,0.13964581489562988
500,25.0,3,1,1,1,1,19,2.8284236298803935,4.997242141226168,7.812359175405618,0.7215781211853027,0.13224554061889648
500,25.0,3,1,1,1,1,20,2.828364797724039,4.891254900885937,7.513520121738605,0.8227713108062744,0.17338061332702637
500,25.0,3,1,1,1,1,21,2.8284271085223422,4.791406175223506,7.591387737996568,0.6308257579803467,0.15647578239440918
500,25.0,3,1,1,1,1,22,2.8284270549135875,4.688162136998127,7.4679869087634945,0.7184915542602539,0.11745285987854004
500,25.0,3,1,1,1,1,23,2.82841814323647,5.184362787531799,7.964174422719665,0.6869966983795166,0.11138176918029785
500,25.0,3,1,1,1,1,24,2.8284270404191787,5.956448507268545,8.734717048799297,0.5838053226470947,0.12679457664489746
500,25.5,3,1,1,1,1,0,2.8284102354520537,5.145983292554708,7.7503659243002705,0.7269048690795898,0.10011124610900879
500,25.5,3,1,1,1,1,1,2.828426378245699,5.727116633552813,8.516344435210282,0.6541464328765869,0.1343538761138916
500,25.5,3,1,1,1,1,2,2.8284260981122973,4.65943760086319,7.076456330640758,0.5833988189697266,0.12292337417602539
500,25.5,3,1,1,1,1,3,2.828427027911197,4.6875059438283735,7.455236389944593,0.5535745620727539,0.13747525215148926
500,25.5,3,1,1,1,1,4,2.828405192194683,5.198303521038646,7.88894102542716,0.5466248989105225,0.1299128532409668
500,25.5,3,1,1,1,1,5,2.828426977989558,5.113600749311086,7.866708921744152,0.7601394653320312,0.1422123908996582
500,25.5,3,1,1,1,1,6,2.828418583690062,6.403490093420809,9.143762981646388,0.5229780673980713,0.13544940948486328
500,25.5,3,1,1,1,1,7,2.828391782519205,4.852395669497688,7.629040657069278,0.502152681350708,0.12009549140930176
500,25.5,3,1,1,1,1,8,2.8284251866125896,4.967134672481961,7.623633497476973,0.5193378925323486,0.09391307830810547
500,25.5,3,1,1,1,1,9,2.8284250893698974,5.624256463778028,8.310784689325223,0.46233081817626953,0.11571025848388672
500,25.5,3,1,1,1,1,10,2.828418550441868,4.858666487641184,7.678993462280481,0.5428857803344727,0.11826705932617188
500,25.5,3,1,1,1,1,11,2.8284227561331226,5.496754490773416,8.27873449629829,0.6052944660186768,0.12182354927062988
500,25.5,3,1,1,1,1,12,2.8284194754665126,4.630412547290663,7.457229464257925,0.4973945617675781,0.10408496856689453
500,25.5,3,1,1,1,1,13,2.8284215132935815,4.544213886841776,7.3450551044526495,0.480377197265625,0.11394739151000977
500,25.5,3,1,1,1,1,14,2.8284269834987663,4.324399648764727,6.984724791611832,0.4459569454193115,0.10149526596069336
500,25.5,3,1,1,1,1,15,2.828425594916758,5.975676120969882,8.801808324618678,0.545464277267456,0.10921192169189453
500,25.5,3,1,1,1,1,16,2.8282728772861034,4.709058726815291,7.5131012081994655,0.4999065399169922,0.11121153831481934
500,25.5,3,1,1,1,1,17,2.828416501644653,4.637860700580876,7.251816474390888,0.570561408996582,0.10307550430297852
500,25.5,3,1,1,1,1,18,2.8283844949818606,4.475531722908929,7.302332205484838,0.5114092826843262,0.09904313087463379
500,25.5,3,1,1,1,1,19,2.828414308024458,6.4662548273820475,9.263961645571742,0.571387529373169,0.10073399543762207
500,25.5,3,1,1,1,1,20,2.828425385678512,5.480747223575745,7.708208560420861,0.5139176845550537,0.07139921188354492
500,25.5,3,1,1,1,1,21,2.828426985162195,5.656128116790471,8.394239878453588,0.5323998928070068,0.06250762939453125
500,25.5,3,1,1,1,1,22,2.8284147278904928,5.099217133726778,7.854077964481169,0.4881763458251953,0.09933805465698242
500,25.5,3,1,1,1,1,23,2.8284269962752417,4.883734595978843,7.535616533012923,0.45697641372680664,0.09368467330932617
500,25.5,3,1,1,1,1,24,2.8284268101869476,5.092861103608684,7.821961367922179,0.5361111164093018,0.07664871215820312
