n,s1,1_p_s2,s2,beta,q,sqrt_q,rep_no,eigen_mat_rerr,eigen_mat_terr,eigen_mat_ev_time,eigen_mat_cal_translation_time
500,0.0,0.0,0.0,1,1,1,0,9.1712754848598e-15,1.14207448483289e-14,0.3709719181060791,0.06442689895629883
500,0.0,0.0,0.0,1,1,1,1,1.5671756101520748e-14,2.4837254837900892e-14,0.32047152519226074,0.058977365493774414
500,0.0,0.0,0.0,1,1,1,2,1.4130921385314042e-14,1.2833736227436205e-14,0.33601832389831543,0.05862545967102051
500,0.0,0.0,0.0,1,1,1,3,1.006670660214986e-14,1.825397082265579e-14,0.3126237392425537,0.05600285530090332
500,0.0,0.0,0.0,1,1,1,4,1.7511106818975155e-14,1.95995245982042e-14,0.3116481304168701,0.06900429725646973
500,0.0,0.0,0.0,1,1,1,5,1.6990756701269096e-14,1.4817318656633994e-14,0.31586647033691406,0.06395959854125977
500,0.0,0.0,0.0,1,1,1,6,3.0308071867462835e-14,2.6912548087419844e-14,0.30189967155456543,0.05765104293823242
500,0.0,0.0,0.0,1,1,1,7,1.2692767663670738e-14,1.809765695018139e-14,0.31390810012817383,0.057464599609375
500,0.0,0.0,0.0,1,1,1,8,2.4727859043306845e-14,2.843221154566287e-14,0.32667088508605957,0.05600094795227051
500,0.0,0.0,0.0,1,1,1,9,1.097771613065169e-14,1.6833430542632338e-14,0.32222819328308105,0.07155418395996094
500,0.0,0.0,0.0,1,1,1,10,1.4572549490187318e-14,1.769160507410451e-14,0.3229658603668213,0.05755496025085449
500,0.0,0.0,0.0,1,1,1,11,1.8025574326540536e-14,2.2904135768890575e-14,0.3399367332458496,0.07464861869812012
500,0.0,0.0,0.0,1,1,1,12,8.505589612247866e-15,1.2865180864515024e-14,0.4025135040283203,0.07754349708557129
500,0.0,0.0,0.0,1,1,1,13,9.93549782741414e-15,2.270969270465544e-14,0.30858278274536133,0.05595564842224121
500,0.0,0.0,0.0,1,1,1,14,1.618043531556332e-14,2.698664211958144e-14,0.33591604232788086,0.0670623779296875
500,0.0,0.0,0.0,1,1,1,15,1.557813052947865e-14,2.7459117137511146e-14,0.3265562057495117,0.0670771598815918
500,0.0,0.0,0.0,1,1,1,16,1.3396206358928526e-14,1.1888332222768377e-14,0.3361012935638428,0.07394909858703613
500,0.0,0.0,0.0,1,1,1,17,1.1305483429436798e-14,1.1053830044276432e-14,0.3409898281097412,0.06169700622558594
500,0.0,0.0,0.0,1,1,1,18,9.246564961062525e-15,1.1280652674976943e-14,0.33756041526794434,0.0573725700378418
500,0.0,0.0,0.0,1,1,1,19,1.415142458727217e-14,2.2432657369246337e-14,0.3928377628326416,0.07340741157531738
500,0.0,0.0,0.0,1,1,1,20,1.0105859967561433e-14,1.7058550580319294e-14,0.3429691791534424,0.06341671943664551
500,0.0,0.0,0.0,1,1,1,21,1.5353349833220187e-14,1.8067664579069702e-14,0.31838297843933105,0.05405020713806152
500,0.0,0.0,0.0,1,1,1,22,8.356226185527988e-15,1.7519023829470347e-14,0.3349947929382324,0.05947995185852051
500,0.0,0.0,0.0,1,1,1,23,1.0836090956677078e-14,1.615441265439341e-14,0.3233051300048828,0.06299829483032227
500,0.0,0.0,0.0,1,1,1,24,9.157489394505831e-15,2.3106579212484203e-14,0.3127002716064453,0.06199002265930176
500,0.2,0.3456000000000001,0.16000000000000003,1,1,1,0,0.022098398512154442,0.023549864603152396,0.325878381729126,0.061571598052978516
500,0.2,0.3456000000000001,0.16000000000000003,1,1,1,1,0.024514131463482913,0.025509086330006724,0.33679866790771484,0.07527446746826172
500,0.2,0.3456000000000001,0.16000000000000003,1,1,1,2,0.02145565871630528,0.02391392367178132,0.3725473880767822,0.06351399421691895
500,0.2,0.3456000000000001,0.16000000000000003,1,1,1,3,0.022069328358720764,0.024778656569575137,0.33852696418762207,0.06321835517883301
500,0.2,0.3456000000000001,0.16000000000000003,1,1,1,4,0.02741691904780153,0.0264100664288632,0.32460951805114746,0.05847787857055664
500,0.2,0.3456000000000001,0.16000000000000003,1,1,1,5,0.023972563715050618,0.023259721487493626,0.35497403144836426,0.06184244155883789
500,0.2,0.3456000000000001,0.16000000000000003,1,1,1,6,0.023744280035957438,0.02202819199812357,0.3389852046966553,0.0590057373046875
500,0.2,0.3456000000000001,0.16000000000000003,1,1,1,7,0.02662208813970088,0.02476166955234898,0.32567715644836426,0.056934356689453125
500,0.2,0.3456000000000001,0.16000000000000003,1,1,1,8,0.02224464220876776,0.02474864861806906,0.33803272247314453,0.059775352478027344
500,0.2,0.3456000000000001,0.16000000000000003,1,1,1,9,0.025417965281027105,0.030379501093386836,0.35286474227905273,0.06828761100769043
500,0.2,0.3456000000000001,0.16000000000000003,1,1,1,10,0.02308686508296987,0.022624508634461617,0.44650745391845703,0.09001803398132324
500,0.2,0.3456000000000001,0.16000000000000003,1,1,1,11,0.022781646350355143,0.026845592108019345,0.4695436954498291,0.0975193977355957
500,0.2,0.3456000000000001,0.16000000000000003,1,1,1,12,0.024717452418321507,0.021289279012104895,0.49661684036254883,0.11354684829711914
500,0.2,0.3456000000000001,0.16000000000000003,1,1,1,13,0.02150090548589936,0.026193810276728572,0.49247312545776367,0.09656119346618652
500,0.2,0.3456000000000001,0.16000000000000003,1,1,1,14,0.025186945711355973,0.02032850585154496,0.5000605583190918,0.10403609275817871
500,0.2,0.3456000000000001,0.16000000000000003,1,1,1,15,0.02734789753383452,0.02630888272179676,0.6505146026611328,0.1239919662475586
500,0.2,0.3456000000000001,0.16000000000000003,1,1,1,16,0.02373773446692534,0.02785430717141925,0.5010621547698975,0.13189911842346191
500,0.2,0.3456000000000001,0.16000000000000003,1,1,1,17,0.0205791748418428,0.027309694568342566,0.6599149703979492,0.12362933158874512
500,0.2,0.3456000000000001,0.16000000000000003,1,1,1,18,0.023333777554728638,0.022629782440116056,0.469926118850708,0.08353757858276367
500,0.2,0.3456000000000001,0.16000000000000003,1,1,1,19,0.022656463648037157,0.0293733976837646,0.44913411140441895,0.08803057670593262
500,0.2,0.3456000000000001,0.16000000000000003,1,1,1,20,0.022345575908759248,0.023715296663216125,0.4483668804168701,0.10353517532348633
500,0.2,0.3456000000000001,0.16000000000000003,1,1,1,21,0.02318077774994418,0.024254623707319723,0.5829927921295166,0.1112821102142334
500,0.2,0.3456000000000001,0.16000000000000003,1,1,1,22,0.02399574048487179,0.024132915768967263,0.4106893539428711,0.08293390274047852
500,0.2,0.3456000000000001,0.16000000000000003,1,1,1,23,0.02538083480911731,0.027785233451227687,0.3927311897277832,0.08005404472351074
500,0.2,0.3456000000000001,0.16000000000000003,1,1,1,24,0.0235715976318757,0.025568874662015035,0.3973994255065918,0.07630705833435059
500,0.4,0.7424000000000003,0.32000000000000006,1,1,1,0,0.05026601546783464,0.045303891282480295,0.4052700996398926,0.06766772270202637
500,0.4,0.7424000000000003,0.32000000000000006,1,1,1,1,0.04377259547199639,0.05840272170622438,0.40328192710876465,0.07702398300170898
500,0.4,0.7424000000000003,0.32000000000000006,1,1,1,2,0.05245795046788985,0.06292160579443659,0.40799665451049805,0.0937654972076416
500,0.4,0.7424000000000003,0.32000000000000006,1,1,1,3,0.052557055108488716,0.04748644805084319,0.4812793731689453,0.10494375228881836
500,0.4,0.7424000000000003,0.32000000000000006,1,1,1,4,0.046724180416081035,0.04622341692243589,0.35671329498291016,0.07058906555175781
500,0.4,0.7424000000000003,0.32000000000000006,1,1,1,5,0.04958992934992276,0.04965249282750872,0.33434057235717773,0.06947135925292969
500,0.4,0.7424000000000003,0.32000000000000006,1,1,1,6,0.04916181676157844,0.05272822299100836,0.3396415710449219,0.07488179206848145
500,0.4,0.7424000000000003,0.32000000000000006,1,1,1,7,0.04240490520465508,0.04479852075484799,0.3221428394317627,0.06717443466186523
500,0.4,0.7424000000000003,0.32000000000000006,1,1,1,8,0.04240412674322653,0.03782882784004108,0.32354235649108887,0.06589293479919434
500,0.4,0.7424000000000003,0.32000000000000006,1,1,1,9,0.04147441640998744,0.04135117930880277,0.3260002136230469,0.08216023445129395
500,0.4,0.7424000000000003,0.32000000000000006,1,1,1,10,0.04962598647325883,0.0491014504589365,0.41059279441833496,0.08355975151062012
500,0.4,0.7424000000000003,0.32000000000000006,1,1,1,11,0.04394664893687393,0.053615146793684516,0.32094812393188477,0.06262660026550293
500,0.4,0.7424000000000003,0.32000000000000006,1,1,1,12,0.04536811082388798,0.04583626738457142,0.3310582637786865,0.061228275299072266
500,0.4,0.7424000000000003,0.32000000000000006,1,1,1,13,0.04914115057882931,0.04636963823163102,0.3613467216491699,0.06341147422790527
500,0.4,0.7424000000000003,0.32000000000000006,1,1,1,14,0.04792233537981915,0.05890660335359817,0.37743401527404785,0.07075905799865723
500,0.4,0.7424000000000003,0.32000000000000006,1,1,1,15,0.04499584525592473,0.0498747785394806,0.36705493927001953,0.0715491771697998
500,0.4,0.7424000000000003,0.32000000000000006,1,1,1,16,0.04795906978857468,0.049585330397824603,0.44597792625427246,0.0859670639038086
500,0.4,0.7424000000000003,0.32000000000000006,1,1,1,17,0.04423907093504362,0.05483411467397099,0.5456321239471436,0.12604618072509766
500,0.4,0.7424000000000003,0.32000000000000006,1,1,1,18,0.0444596025657272,0.050311994873538754,0.40006542205810547,0.0804128646850586
500,0.4,0.7424000000000003,0.32000000000000006,1,1,1,19,0.045500896543746325,0.04299358304644301,0.4568188190460205,0.0816652774810791
500,0.4,0.7424000000000003,0.32000000000000006,1,1,1,20,0.04442668905898725,0.04324408637898848,0.5152513980865479,0.10651183128356934
500,0.4,0.7424000000000003,0.32000000000000006,1,1,1,21,0.052590464301752744,0.04256587544399301,0.5256667137145996,0.09004640579223633
500,0.4,0.7424000000000003,0.32000000000000006,1,1,1,22,0.04840217767066696,0.04855829541620063,0.5303614139556885,0.11873507499694824
500,0.4,0.7424000000000003,0.32000000000000006,1,1,1,23,0.04976777912357573,0.04218012718649715,0.5766744613647461,0.1143958568572998
500,0.4,0.7424000000000003,0.32000000000000006,1,1,1,24,0.050608950135103824,0.06219455515187619,0.4677236080169678,0.09656786918640137
500,0.6000000000000001,1.1904000000000001,0.4800000000000001,1,1,1,0,0.0816486670651109,0.08040580281397584,0.45722365379333496,0.09831452369689941
500,0.6000000000000001,1.1904000000000001,0.4800000000000001,1,1,1,1,0.06958636276493275,0.07501215755529513,0.46082210540771484,0.10097646713256836
500,0.6000000000000001,1.1904000000000001,0.4800000000000001,1,1,1,2,0.07737365831599237,0.06796631888846504,0.4606437683105469,0.10548210144042969
500,0.6000000000000001,1.1904000000000001,0.4800000000000001,1,1,1,3,0.07003770799274675,0.0760716918040734,0.5282719135284424,0.10988068580627441
500,0.6000000000000001,1.1904000000000001,0.4800000000000001,1,1,1,4,0.07262724100268174,0.07135515201345771,0.6375913619995117,0.12844228744506836
500,0.6000000000000001,1.1904000000000001,0.4800000000000001,1,1,1,5,0.07440016518988211,0.06429202635924901,0.4755260944366455,0.10150289535522461
500,0.6000000000000001,1.1904000000000001,0.4800000000000001,1,1,1,6,0.06830799248101888,0.07148035525078043,0.47307538986206055,0.08888053894042969
500,0.6000000000000001,1.1904000000000001,0.4800000000000001,1,1,1,7,0.07313029714976928,0.06068140397228018,0.47800278663635254,0.10053348541259766
500,0.6000000000000001,1.1904000000000001,0.4800000000000001,1,1,1,8,0.0741564807484359,0.07357989473674542,0.4694066047668457,0.09651470184326172
500,0.6000000000000001,1.1904000000000001,0.4800000000000001,1,1,1,9,0.06772226733666996,0.07469553208095041,0.5901410579681396,0.13827037811279297
500,0.6000000000000001,1.1904000000000001,0.4800000000000001,1,1,1,10,0.07417909423695847,0.07658238705144077,0.6018271446228027,0.10405445098876953
500,0.6000000000000001,1.1904000000000001,0.4800000000000001,1,1,1,11,0.07633545339705937,0.07721767194187415,0.49500226974487305,0.11237788200378418
500,0.6000000000000001,1.1904000000000001,0.4800000000000001,1,1,1,12,0.07647699674368784,0.08779421941559584,0.4508488178253174,0.09548044204711914
500,0.6000000000000001,1.1904000000000001,0.4800000000000001,1,1,1,13,0.07057671689736153,0.07141950618279194,0.4933192729949951,0.10346221923828125
500,0.6000000000000001,1.1904000000000001,0.4800000000000001,1,1,1,14,0.08212964715351527,0.0929720429934928,0.5942604541778564,0.12488985061645508
500,0.6000000000000001,1.1904000000000001,0.4800000000000001,1,1,1,15,0.07942328447815859,0.07401064543821986,0.6805622577667236,0.11853742599487305
500,0.6000000000000001,1.1904000000000001,0.4800000000000001,1,1,1,16,0.08149533232295156,0.08094114858673801,0.47678589820861816,0.09109163284301758
500,0.6000000000000001,1.1904000000000001,0.4800000000000001,1,1,1,17,0.07276388734797783,0.07201450385732375,0.4647395610809326,0.10918331146240234
500,0.6000000000000001,1.1904000000000001,0.4800000000000001,1,1,1,18,0.06468217762980846,0.0829614850382904,0.4439375400543213,0.08851838111877441
500,0.6000000000000001,1.1904000000000001,0.4800000000000001,1,1,1,19,0.07136576044445746,0.07694739718131138,0.465930700302124,0.0954127311706543
500,0.6000000000000001,1.1904000000000001,0.4800000000000001,1,1,1,20,0.07576958398456635,0.08432733407570954,0.5188882350921631,0.12154269218444824
500,0.6000000000000001,1.1904000000000001,0.4800000000000001,1,1,1,21,0.07822365540579865,0.07677630245561998,0.5424237251281738,0.13511228561401367
500,0.6000000000000001,1.1904000000000001,0.4800000000000001,1,1,1,22,0.06246772231080773,0.06705399504413023,0.4751262664794922,0.08853673934936523
500,0.6000000000000001,1.1904000000000001,0.4800000000000001,1,1,1,23,0.07071132497475338,0.07963999697504942,0.49270081520080566,0.11152100563049316
500,0.6000000000000001,1.1904000000000001,0.4800000000000001,1,1,1,24,0.07345691131404619,0.06276374876705013,0.5382616519927979,0.1315321922302246
500,0.8,1.6896000000000004,0.6400000000000001,1,1,1,0,0.08508207769085657,0.10424966726915397,0.5438902378082275,0.11652779579162598
500,0.8,1.6896000000000004,0.6400000000000001,1,1,1,1,0.09060742566664187,0.09169688312145954,0.6524724960327148,0.13453245162963867
500,0.8,1.6896000000000004,0.6400000000000001,1,1,1,2,0.09297137984449025,0.10521437288934554,0.5639252662658691,0.08640694618225098
500,0.8,1.6896000000000004,0.6400000000000001,1,1,1,3,0.09267733584424728,0.08911546667806904,0.5873560905456543,0.09007859230041504
500,0.8,1.6896000000000004,0.6400000000000001,1,1,1,4,0.09398144448643304,0.10600214025290779,0.5609610080718994,0.09951186180114746
500,0.8,1.6896000000000004,0.6400000000000001,1,1,1,5,0.11420886905038458,0.09536204211768629,0.5480446815490723,0.11501908302307129
500,0.8,1.6896000000000004,0.6400000000000001,1,1,1,6,0.09616229200469076,0.10087088325594015,0.6275663375854492,0.10241818428039551
500,0.8,1.6896000000000004,0.6400000000000001,1,1,1,7,0.11396961191545862,0.10074494211958197,0.6334879398345947,0.12563395500183105
500,0.8,1.6896000000000004,0.6400000000000001,1,1,1,8,0.10167755002746263,0.0984924511604605,0.5051910877227783,0.13509297370910645
500,0.8,1.6896000000000004,0.6400000000000001,1,1,1,9,0.11177377774726611,0.11957038747717737,0.7022676467895508,0.13505053520202637
500,0.8,1.6896000000000004,0.6400000000000001,1,1,1,10,0.10286210409590557,0.08628853815625084,0.5595839023590088,0.11540555953979492
500,0.8,1.6896000000000004,0.6400000000000001,1,1,1,11,0.08330034854148848,0.08674259220192045,0.6090397834777832,0.11653637886047363
500,0.8,1.6896000000000004,0.6400000000000001,1,1,1,12,0.10831508595699144,0.09039314616085554,0.6521425247192383,0.14154648780822754
500,0.8,1.6896000000000004,0.6400000000000001,1,1,1,13,0.10002645581229064,0.09479197237654816,0.48810696601867676,0.12207794189453125
500,0.8,1.6896000000000004,0.6400000000000001,1,1,1,14,0.08523955967048283,0.09614378538857535,0.5297925472259521,0.1125023365020752
500,0.8,1.6896000000000004,0.6400000000000001,1,1,1,15,0.08702806406841651,0.09624874040244856,0.47663235664367676,0.10849857330322266
500,0.8,1.6896000000000004,0.6400000000000001,1,1,1,16,0.10250993785991251,0.09314554537619514,0.5050101280212402,0.10157442092895508
500,0.8,1.6896000000000004,0.6400000000000001,1,1,1,17,0.10470676294650147,0.09064630125377497,0.6133148670196533,0.1304917335510254
500,0.8,1.6896000000000004,0.6400000000000001,1,1,1,18,0.09789322569580318,0.10230792840223155,0.7195696830749512,0.1245424747467041
500,0.8,1.6896000000000004,0.6400000000000001,1,1,1,19,0.10658685880079583,0.09476727780791892,0.503244161605835,0.11354255676269531
500,0.8,1.6896000000000004,0.6400000000000001,1,1,1,20,0.0955648968939222,0.11294840992848665,0.5394182205200195,0.12951135635375977
500,0.8,1.6896000000000004,0.6400000000000001,1,1,1,21,0.08320990346998869,0.09642149796859847,0.5361654758453369,0.10053515434265137
500,0.8,1.6896000000000004,0.6400000000000001,1,1,1,22,0.10123728536645324,0.09082213560302886,0.557464599609375,0.13011527061462402
500,0.8,1.6896000000000004,0.6400000000000001,1,1,1,23,0.0973297441848112,0.09581965252614973,0.6770033836364746,0.1475205421447754
500,0.8,1.6896000000000004,0.6400000000000001,1,1,1,24,0.0962695465383607,0.0862820406725476,0.5446803569793701,0.11851859092712402
500,1.0,2.2399999999999998,0.8,1,1,1,0,0.11912377964850204,0.14955498158281572,0.5095736980438232,0.09352612495422363
500,1.0,2.2399999999999998,0.8,1,1,1,1,0.10789275525545042,0.10535619452750426,0.5360162258148193,0.08440804481506348
500,1.0,2.2399999999999998,0.8,1,1,1,2,0.10843780792559995,0.10335616209681323,0.5240719318389893,0.12151336669921875
500,1.0,2.2399999999999998,0.8,1,1,1,3,0.11596168304561369,0.1282869578176343,0.6005961894989014,0.12051057815551758
500,1.0,2.2399999999999998,0.8,1,1,1,4,0.11312107128523081,0.11424376513618932,0.7266111373901367,0.1490917205810547
500,1.0,2.2399999999999998,0.8,1,1,1,5,0.11392854320996582,0.15770261299768246,0.6582496166229248,0.13925528526306152
500,1.0,2.2399999999999998,0.8,1,1,1,6,0.12687504589711174,0.12398748691700974,0.46587586402893066,0.10297513008117676
500,1.0,2.2399999999999998,0.8,1,1,1,7,0.13317622131422813,0.13797985036609986,0.4568789005279541,0.08303022384643555
500,1.0,2.2399999999999998,0.8,1,1,1,8,0.10759658168498248,0.1150603098689934,0.46382641792297363,0.12095332145690918
500,1.0,2.2399999999999998,0.8,1,1,1,9,0.12165837689973293,0.11851419281011226,0.5507049560546875,0.11405444145202637
500,1.0,2.2399999999999998,0.8,1,1,1,10,0.10964544413174665,0.12108496414026369,0.4375741481781006,0.08741998672485352
500,1.0,2.2399999999999998,0.8,1,1,1,11,0.11612995563110695,0.13328886598729617,0.47231149673461914,0.10243558883666992
500,1.0,2.2399999999999998,0.8,1,1,1,12,0.14527296539500212,0.13352624109467123,0.5265464782714844,0.10754823684692383
500,1.0,2.2399999999999998,0.8,1,1,1,13,0.1259457532852229,0.12230666167106702,0.4853212833404541,0.10461020469665527
500,1.0,2.2399999999999998,0.8,1,1,1,14,0.12275882347112087,0.11541628790514255,0.5086767673492432,0.11251306533813477
500,1.0,2.2399999999999998,0.8,1,1,1,15,0.11076643011010408,0.11472515978767302,0.5516386032104492,0.1175081729888916
500,1.0,2.2399999999999998,0.8,1,1,1,16,0.1203974371645097,0.11211846718522211,0.4478631019592285,0.08851766586303711
500,1.0,2.2399999999999998,0.8,1,1,1,17,0.12649217031984417,0.11999008829875499,0.4348719120025635,0.09549713134765625
500,1.0,2.2399999999999998,0.8,1,1,1,18,0.11257255344709015,0.10503510089731405,0.518378496170044,0.09095263481140137
500,1.0,2.2399999999999998,0.8,1,1,1,19,0.13550810040170458,0.12111951557462033,0.427689790725708,0.08833575248718262
500,1.0,2.2399999999999998,0.8,1,1,1,20,0.1306061317657407,0.13160326056982652,0.4467020034790039,0.08050274848937988
500,1.0,2.2399999999999998,0.8,1,1,1,21,0.1220801507944797,0.1129743667153885,0.5436813831329346,0.10751175880432129
500,1.0,2.2399999999999998,0.8,1,1,1,22,0.11189840987656928,0.12020312665964791,0.4362642765045166,0.10041356086730957
500,1.0,2.2399999999999998,0.8,1,1,1,23,0.12265219355555881,0.1474354175052115,0.42944955825805664,0.08649682998657227
500,1.0,2.2399999999999998,0.8,1,1,1,24,0.10531998900796531,0.12191758316246146,0.43567538261413574,0.09051012992858887
500,1.2000000000000002,2.8416000000000006,0.9600000000000002,1,1,1,0,0.15008187748086924,0.13036205891980296,0.48669981956481934,0.09546089172363281
500,1.2000000000000002,2.8416000000000006,0.9600000000000002,1,1,1,1,0.1384441550790256,0.14645584746065862,0.4966092109680176,0.10229086875915527
500,1.2000000000000002,2.8416000000000006,0.9600000000000002,1,1,1,2,0.1474456728058462,0.13803168895257734,0.5436561107635498,0.125518798828125
500,1.2000000000000002,2.8416000000000006,0.9600000000000002,1,1,1,3,0.13208968929946935,0.14040945035982086,0.8042466640472412,0.15105295181274414
500,1.2000000000000002,2.8416000000000006,0.9600000000000002,1,1,1,4,0.1484684802393,0.13198331599456348,0.5091052055358887,0.10206770896911621
500,1.2000000000000002,2.8416000000000006,0.9600000000000002,1,1,1,5,0.1485779957067146,0.15363432805654978,0.6021764278411865,0.11451911926269531
500,1.2000000000000002,2.8416000000000006,0.9600000000000002,1,1,1,6,0.17504706609368909,0.1444533599683862,0.5310168266296387,0.09050178527832031
500,1.2000000000000002,2.8416000000000006,0.9600000000000002,1,1,1,7,0.15011239895713013,0.1287892388901196,0.5515339374542236,0.12852048873901367
500,1.2000000000000002,2.8416000000000006,0.9600000000000002,1,1,1,8,0.16046254748422342,0.1528018711142117,0.677729606628418,0.15227293968200684
500,1.2000000000000002,2.8416000000000006,0.9600000000000002,1,1,1,9,0.13441911965544764,0.1763203002806307,0.524864912033081,0.11553359031677246
500,1.2000000000000002,2.8416000000000006,0.9600000000000002,1,1,1,10,0.13993176370494975,0.15927830339098759,0.6258647441864014,0.09012198448181152
500,1.2000000000000002,2.8416000000000006,0.9600000000000002,1,1,1,11,0.16085276117341823,0.14265165941371333,0.5304646492004395,0.12793350219726562
500,1.2000000000000002,2.8416000000000006,0.9600000000000002,1,1,1,12,0.1477590637238865,0.15873954345519845,0.5322427749633789,0.09851288795471191
500,1.2000000000000002,2.8416000000000006,0.9600000000000002,1,1,1,13,0.14469639496727127,0.1475391049606466,0.6532866954803467,0.11546969413757324
500,1.2000000000000002,2.8416000000000006,0.9600000000000002,1,1,1,14,0.14864633618588163,0.14442260209603472,0.5821897983551025,0.1075751781463623
500,1.2000000000000002,2.8416000000000006,0.9600000000000002,1,1,1,15,0.14196665471827197,0.14581767629321318,0.5328404903411865,0.10051298141479492
500,1.2000000000000002,2.8416000000000006,0.9600000000000002,1,1,1,16,0.13299341114949162,0.14198457053164676,0.5248277187347412,0.10738086700439453
500,1.2000000000000002,2.8416000000000006,0.9600000000000002,1,1,1,17,0.1443267890625788,0.15256244914341713,0.5607004165649414,0.10355854034423828
500,1.2000000000000002,2.8416000000000006,0.9600000000000002,1,1,1,18,0.14887630006917021,0.15579150756072258,0.5134949684143066,0.10923075675964355
500,1.2000000000000002,2.8416000000000006,0.9600000000000002,1,1,1,19,0.15479325162294152,0.15799238218637301,0.7048659324645996,0.13360142707824707
500,1.2000000000000002,2.8416000000000006,0.9600000000000002,1,1,1,20,0.15122485536841712,0.13840688336133875,0.5192790031433105,0.10950398445129395
500,1.2000000000000002,2.8416000000000006,0.9600000000000002,1,1,1,21,0.1553520353120542,0.14743859943482496,0.5518105030059814,0.07844233512878418
500,1.2000000000000002,2.8416000000000006,0.9600000000000002,1,1,1,22,0.1329115143430569,0.16388369009581777,0.5970261096954346,0.12409520149230957
500,1.2000000000000002,2.8416000000000006,0.9600000000000002,1,1,1,23,0.13428923202179618,0.14860282615343487,0.5693302154541016,0.11006021499633789
500,1.2000000000000002,2.8416000000000006,0.9600000000000002,1,1,1,24,0.1378281719162527,0.14892137542133702,0.7561712265014648,0.19999074935913086
500,1.4000000000000001,3.4944000000000006,1.12,1,1,1,0,0.17546312120198257,0.1867182622778316,0.646233320236206,0.12093281745910645
500,1.4000000000000001,3.4944000000000006,1.12,1,1,1,1,0.15614256112910238,0.16887165180433308,0.5033934116363525,0.11951494216918945
500,1.4000000000000001,3.4944000000000006,1.12,1,1,1,2,0.17094266509072428,0.1665059388021587,0.4852790832519531,0.13103294372558594
500,1.4000000000000001,3.4944000000000006,1.12,1,1,1,3,0.16812290630455193,0.16600089090534983,0.5002319812774658,0.11718630790710449
500,1.4000000000000001,3.4944000000000006,1.12,1,1,1,4,0.19975089226429257,0.21335918977696028,0.514519214630127,0.14151477813720703
500,1.4000000000000001,3.4944000000000006,1.12,1,1,1,5,0.18068586620824326,0.18910994469410064,0.675999641418457,0.13244366645812988
500,1.4000000000000001,3.4944000000000006,1.12,1,1,1,6,0.16981950479867713,0.1524240683731218,0.4985835552215576,0.10941934585571289
500,1.4000000000000001,3.4944000000000006,1.12,1,1,1,7,0.16815700430912728,0.22436081059797544,0.548713207244873,0.08690857887268066
500,1.4000000000000001,3.4944000000000006,1.12,1,1,1,8,0.168962490240381,0.15710446578970777,0.5560081005096436,0.09653162956237793
500,1.4000000000000001,3.4944000000000006,1.12,1,1,1,9,0.1829312987476321,0.17844741146332518,0.5548584461212158,0.10801005363464355
500,1.4000000000000001,3.4944000000000006,1.12,1,1,1,10,0.18950519997426318,0.17515896437040174,0.6627166271209717,0.1350412368774414
500,1.4000000000000001,3.4944000000000006,1.12,1,1,1,11,0.153386322814413,0.1698087761574545,0.6567351818084717,0.12361407279968262
500,1.4000000000000001,3.4944000000000006,1.12,1,1,1,12,0.17640353731970132,0.1670858368725363,0.5372195243835449,0.11482667922973633
500,1.4000000000000001,3.4944000000000006,1.12,1,1,1,13,0.1697908720510108,0.17707310081639527,0.5402436256408691,0.12873601913452148
500,1.4000000000000001,3.4944000000000006,1.12,1,1,1,14,0.16929856288246004,0.20584938681072923,0.511345624923706,0.1045842170715332
500,1.4000000000000001,3.4944000000000006,1.12,1,1,1,15,0.1728587452367522,0.18621225781780962,0.5535540580749512,0.12253260612487793
500,1.4000000000000001,3.4944000000000006,1.12,1,1,1,16,0.18222658887548082,0.21123780751806293,0.5938200950622559,0.13905096054077148
500,1.4000000000000001,3.4944000000000006,1.12,1,1,1,17,0.16916219894334428,0.20102744136276054,0.5415382385253906,0.11353898048400879
500,1.4000000000000001,3.4944000000000006,1.12,1,1,1,18,0.1842013413069112,0.1702046161475312,0.5762939453125,0.12353515625
500,1.4000000000000001,3.4944000000000006,1.12,1,1,1,19,0.17149712918494264,0.15563735663039882,0.6198968887329102,0.13217902183532715
500,1.4000000000000001,3.4944000000000006,1.12,1,1,1,20,0.1496696008094198,0.20085653804840134,0.585254430770874,0.09955906867980957
500,1.4000000000000001,3.4944000000000006,1.12,1,1,1,21,0.17133944172295523,0.15079273418806463,0.6866772174835205,0.13509178161621094
500,1.4000000000000001,3.4944000000000006,1.12,1,1,1,22,0.20148375077838637,0.1789720980923329,0.6140697002410889,0.09320855140686035
500,1.4000000000000001,3.4944000000000006,1.12,1,1,1,23,0.198664989281979,0.15688278082955728,0.5654480457305908,0.0912315845489502
500,1.4000000000000001,3.4944000000000006,1.12,1,1,1,24,0.17065538761870253,0.16187315088687018,0.6256322860717773,0.11346244812011719
500,1.6,4.198400000000001,1.2800000000000002,1,1,1,0,0.21134289444426543,0.198067354765344,0.5738077163696289,0.10253405570983887
500,1.6,4.198400000000001,1.2800000000000002,1,1,1,1,0.23884347795564873,0.1932380536945276,0.678692102432251,0.1175379753112793
500,1.6,4.198400000000001,1.2800000000000002,1,1,1,2,0.18343236559669063,0.22967403426932123,0.6221232414245605,0.10074710845947266
500,1.6,4.198400000000001,1.2800000000000002,1,1,1,3,0.20221085551073192,0.19957757972159793,0.6607358455657959,0.11214160919189453
500,1.6,4.198400000000001,1.2800000000000002,1,1,1,4,0.19721756072697097,0.17056550146321323,0.5534741878509521,0.11778616905212402
500,1.6,4.198400000000001,1.2800000000000002,1,1,1,5,0.17815319246872513,0.21479107093476593,0.5339884757995605,0.11051368713378906
500,1.6,4.198400000000001,1.2800000000000002,1,1,1,6,0.22686200569717432,0.1949950484582553,0.5456931591033936,0.11652612686157227
500,1.6,4.198400000000001,1.2800000000000002,1,1,1,7,0.2034601396144999,0.18159128217878212,0.7419359683990479,0.12752628326416016
500,1.6,4.198400000000001,1.2800000000000002,1,1,1,8,0.17941309470384484,0.19249193867643427,0.6134705543518066,0.09951210021972656
500,1.6,4.198400000000001,1.2800000000000002,1,1,1,9,0.20900942275754483,0.2083928917127225,0.5773582458496094,0.0974125862121582
500,1.6,4.198400000000001,1.2800000000000002,1,1,1,10,0.2093410351703366,0.2070757018892256,0.5993452072143555,0.0840461254119873
500,1.6,4.198400000000001,1.2800000000000002,1,1,1,11,0.2283849034997127,0.1838493707546092,0.5215620994567871,0.1126852035522461
500,1.6,4.198400000000001,1.2800000000000002,1,1,1,12,0.17953712499200095,0.19729129599995998,0.6207940578460693,0.1214299201965332
500,1.6,4.198400000000001,1.2800000000000002,1,1,1,13,0.16571616388431235,0.19612943253758613,0.6945509910583496,0.13950347900390625
500,1.6,4.198400000000001,1.2800000000000002,1,1,1,14,0.1747969036864028,0.196915986447977,0.6606402397155762,0.1229705810546875
500,1.6,4.198400000000001,1.2800000000000002,1,1,1,15,0.18360946289725757,0.18416385975687694,0.544384241104126,0.11208558082580566
500,1.6,4.198400000000001,1.2800000000000002,1,1,1,16,0.18435458293356333,0.17331150814963953,0.5370795726776123,0.10151052474975586
500,1.6,4.198400000000001,1.2800000000000002,1,1,1,17,0.22554324991326727,0.1894373718261209,0.6607820987701416,0.11272549629211426
500,1.6,4.198400000000001,1.2800000000000002,1,1,1,18,0.20635530917600148,0.21235335047568907,0.7075176239013672,0.13435077667236328
500,1.6,4.198400000000001,1.2800000000000002,1,1,1,19,0.2166796525515171,0.21659145873388638,0.5061509609222412,0.11100482940673828
500,1.6,4.198400000000001,1.2800000000000002,1,1,1,20,0.2957056691565096,0.1749989970207644,0.499861478805542,0.1200571060180664
500,1.6,4.198400000000001,1.2800000000000002,1,1,1,21,0.21164894155050804,0.1874280903441044,0.5414130687713623,0.1090688705444336
500,1.6,4.198400000000001,1.2800000000000002,1,1,1,22,0.16343170219434033,0.21866341285450988,0.5890240669250488,0.12105441093444824
500,1.6,4.198400000000001,1.2800000000000002,1,1,1,23,0.1896738241091218,0.1890069916203064,0.7143731117248535,0.1345357894897461
500,1.6,4.198400000000001,1.2800000000000002,1,1,1,24,0.18720877776930697,0.18471337383100114,0.496600866317749,0.10552859306335449
500,1.8,4.953600000000002,1.4400000000000002,1,1,1,0,0.20971297340274722,0.23555887009389917,0.5085875988006592,0.10454225540161133
500,1.8,4.953600000000002,1.4400000000000002,1,1,1,1,0.22204270884957916,0.247273120925163,0.4594709873199463,0.1115415096282959
500,1.8,4.953600000000002,1.4400000000000002,1,1,1,2,0.24353013053315709,0.26901036255575633,0.4410288333892822,0.0834958553314209
500,1.8,4.953600000000002,1.4400000000000002,1,1,1,3,0.237137104119342,0.22016115220910193,0.4656705856323242,0.08471894264221191
500,1.8,4.953600000000002,1.4400000000000002,1,1,1,4,0.25444507750604084,0.20821070180582174,0.5673131942749023,0.1243135929107666
500,1.8,4.953600000000002,1.4400000000000002,1,1,1,5,0.20274373238796195,0.22563337738219444,0.4577596187591553,0.09751272201538086
500,1.8,4.953600000000002,1.4400000000000002,1,1,1,6,0.2380113960302531,0.21794803970261922,0.5243706703186035,0.09000372886657715
500,1.8,4.953600000000002,1.4400000000000002,1,1,1,7,0.24006550174545355,0.23508237077880606,0.5065116882324219,0.09751582145690918
500,1.8,4.953600000000002,1.4400000000000002,1,1,1,8,0.24389066821088085,0.24016041411274103,0.4819021224975586,0.10810542106628418
500,1.8,4.953600000000002,1.4400000000000002,1,1,1,9,0.22496490689161164,0.2280754429146477,0.540980339050293,0.13853979110717773
500,1.8,4.953600000000002,1.4400000000000002,1,1,1,10,0.25868746591570446,0.2654223522829899,0.8975465297698975,0.1465139389038086
500,1.8,4.953600000000002,1.4400000000000002,1,1,1,11,0.23013098877485508,0.24276722852965726,0.5989475250244141,0.09540653228759766
500,1.8,4.953600000000002,1.4400000000000002,1,1,1,12,0.21710440917152848,0.20438884004419405,0.5198423862457275,0.10850024223327637
500,1.8,4.953600000000002,1.4400000000000002,1,1,1,13,0.2596275521911397,0.22734469835421886,0.5836117267608643,0.09181499481201172
500,1.8,4.953600000000002,1.4400000000000002,1,1,1,14,0.25294334094718324,0.23064414898225133,0.5596375465393066,0.09752941131591797
500,1.8,4.953600000000002,1.4400000000000002,1,1,1,15,0.2823870796869488,0.2102395851531756,0.7502591609954834,0.12318563461303711
500,1.8,4.953600000000002,1.4400000000000002,1,1,1,16,0.2184748320340079,0.23001011878741537,0.5432188510894775,0.12051558494567871
500,1.8,4.953600000000002,1.4400000000000002,1,1,1,17,0.2069424528121911,0.22682939747981115,0.5793051719665527,0.11441707611083984
500,1.8,4.953600000000002,1.4400000000000002,1,1,1,18,0.23928521743885175,0.25323933781826247,0.56711745262146,0.1054081916809082
500,1.8,4.953600000000002,1.4400000000000002,1,1,1,19,0.23302120116826394,0.21980190095791585,0.5390176773071289,0.09943628311157227
500,1.8,4.953600000000002,1.4400000000000002,1,1,1,20,0.2263989496118622,0.20891564881910438,0.6363885402679443,0.11452031135559082
500,1.8,4.953600000000002,1.4400000000000002,1,1,1,21,0.2196617938538939,0.20271252688259708,0.6674816608428955,0.1300339698791504
500,1.8,4.953600000000002,1.4400000000000002,1,1,1,22,0.20421251453574774,0.22110892400707818,0.5757584571838379,0.10731267929077148
500,1.8,4.953600000000002,1.4400000000000002,1,1,1,23,0.21761847656535238,0.2346930420124708,0.5912857055664062,0.09123063087463379
500,1.8,4.953600000000002,1.4400000000000002,1,1,1,24,0.23999403287000443,0.2045563371288864,0.5179708003997803,0.11740255355834961
500,2.0,5.760000000000001,1.6,1,1,1,0,0.2322568849701683,0.3077268980426352,0.5022785663604736,0.1034245491027832
500,2.0,5.760000000000001,1.6,1,1,1,1,0.26556605021771956,0.2389248319401598,0.5945515632629395,0.09352660179138184
500,2.0,5.760000000000001,1.6,1,1,1,2,0.29640779672073736,0.20059761874652068,0.6197361946105957,0.12382864952087402
500,2.0,5.760000000000001,1.6,1,1,1,3,0.281391478888337,0.24693196506899553,0.5005733966827393,0.10143446922302246
500,2.0,5.760000000000001,1.6,1,1,1,4,0.23385008754593084,0.26602496927628577,0.5004878044128418,0.10360145568847656
500,2.0,5.760000000000001,1.6,1,1,1,5,0.22082334303909534,0.27938653284831444,0.6142020225524902,0.11441254615783691
500,2.0,5.760000000000001,1.6,1,1,1,6,0.26944500170684105,0.2864060096912843,0.827570915222168,0.1466073989868164
500,2.0,5.760000000000001,1.6,1,1,1,7,0.22635734832192075,0.29580841514297684,0.7158255577087402,0.08241438865661621
500,2.0,5.760000000000001,1.6,1,1,1,8,0.2753307327405316,0.26185042270875575,0.5955970287322998,0.09753084182739258
500,2.0,5.760000000000001,1.6,1,1,1,9,0.2714926478475256,0.2643239611178709,0.594315767288208,0.0848991870880127
500,2.0,5.760000000000001,1.6,1,1,1,10,0.2213157142897359,0.23972840973179232,0.5363831520080566,0.11982989311218262
500,2.0,5.760000000000001,1.6,1,1,1,11,0.2524841947892655,0.22284182400313818,0.564244270324707,0.08300304412841797
500,2.0,5.760000000000001,1.6,1,1,1,12,0.27674756903762987,0.3138953472812606,0.6463379859924316,0.12910723686218262
500,2.0,5.760000000000001,1.6,1,1,1,13,0.25807310896139674,0.23338999101747968,0.6144397258758545,0.0934910774230957
500,2.0,5.760000000000001,1.6,1,1,1,14,0.2688662440255782,0.22119783829353495,0.49573397636413574,0.10344696044921875
500,2.0,5.760000000000001,1.6,1,1,1,15,0.24505545385415634,0.21268561562216096,0.5324006080627441,0.12227749824523926
500,2.0,5.760000000000001,1.6,1,1,1,16,0.22609324394610744,0.20727531070479138,0.5716071128845215,0.09382128715515137
500,2.0,5.760000000000001,1.6,1,1,1,17,0.21897399259336134,0.27004961149563894,0.6567862033843994,0.13851356506347656
500,2.0,5.760000000000001,1.6,1,1,1,18,0.21858057399136796,0.2178083441125548,0.6434121131896973,0.11342620849609375
500,2.0,5.760000000000001,1.6,1,1,1,19,0.279431854679413,0.28806667772869876,0.6055760383605957,0.1165616512298584
500,2.0,5.760000000000001,1.6,1,1,1,20,0.2485534106718635,0.20993289315967686,0.6043856143951416,0.10219383239746094
500,2.0,5.760000000000001,1.6,1,1,1,21,0.24864177290388678,0.2815732519486872,0.5243220329284668,0.13151764869689941
500,2.0,5.760000000000001,1.6,1,1,1,22,0.22705991603596418,0.2327693232450451,0.4996366500854492,0.0978078842163086
500,2.0,5.760000000000001,1.6,1,1,1,23,0.2530619334261353,0.2343039022145667,0.7303757667541504,0.12292599678039551
500,2.0,5.760000000000001,1.6,1,1,1,24,0.2710023039688396,0.22412960872417603,0.6953306198120117,0.11551833152770996
500,2.2,6.617600000000001,1.7600000000000002,1,1,1,0,0.27285390264461507,0.2621882782497942,0.5543045997619629,0.11643195152282715
500,2.2,6.617600000000001,1.7600000000000002,1,1,1,1,0.2917093147653248,0.236122890243732,0.6620583534240723,0.12941360473632812
500,2.2,6.617600000000001,1.7600000000000002,1,1,1,2,0.3240514404179905,0.2790148193922942,0.5179979801177979,0.1104278564453125
500,2.2,6.617600000000001,1.7600000000000002,1,1,1,3,0.2954343873962716,0.2544019916284906,0.6285483837127686,0.13207387924194336
500,2.2,6.617600000000001,1.7600000000000002,1,1,1,4,0.2828687694952233,0.25455081736117446,0.5362653732299805,0.12041926383972168
500,2.2,6.617600000000001,1.7600000000000002,1,1,1,5,0.24615698657115886,0.3057830319795816,0.5410497188568115,0.10151314735412598
500,2.2,6.617600000000001,1.7600000000000002,1,1,1,6,0.262358491490568,0.25779527476749403,0.5601329803466797,0.11211848258972168
500,2.2,6.617600000000001,1.7600000000000002,1,1,1,7,0.2700743322676456,0.24621107172652243,0.5558080673217773,0.12002110481262207
500,2.2,6.617600000000001,1.7600000000000002,1,1,1,8,0.2648594078680414,0.268736359688513,0.6133878231048584,0.1084296703338623
500,2.2,6.617600000000001,1.7600000000000002,1,1,1,9,0.2688896021169149,0.328138509373562,0.6316356658935547,0.12750530242919922
500,2.2,6.617600000000001,1.7600000000000002,1,1,1,10,0.27153858798892755,0.2838054040283671,0.5693464279174805,0.09815025329589844
500,2.2,6.617600000000001,1.7600000000000002,1,1,1,11,0.2534799800959691,0.22661302919971701,0.5827107429504395,0.103515625
500,2.2,6.617600000000001,1.7600000000000002,1,1,1,12,0.2882674551644955,0.25591579257819025,0.6526503562927246,0.10953330993652344
500,2.2,6.617600000000001,1.7600000000000002,1,1,1,13,0.3278375725163273,0.301250204668929,0.5509147644042969,0.09718108177185059
500,2.2,6.617600000000001,1.7600000000000002,1,1,1,14,0.2883292434158546,0.23839124950610244,0.7087347507476807,0.12988591194152832
500,2.2,6.617600000000001,1.7600000000000002,1,1,1,15,0.2711200048731463,0.2454273096619233,0.5497355461120605,0.09643149375915527
500,2.2,6.617600000000001,1.7600000000000002,1,1,1,16,0.2670211123060773,0.2540837424197366,0.5604584217071533,0.10545921325683594
500,2.2,6.617600000000001,1.7600000000000002,1,1,1,17,0.2638239166845916,0.28803801138614793,0.5871708393096924,0.09640121459960938
500,2.2,6.617600000000001,1.7600000000000002,1,1,1,18,0.27861100144189865,0.2740971579714375,0.5573573112487793,0.12552142143249512
500,2.2,6.617600000000001,1.7600000000000002,1,1,1,19,0.30550002629867984,0.27882561217083646,0.5511434078216553,0.12668323516845703
500,2.2,6.617600000000001,1.7600000000000002,1,1,1,20,0.3019453062623878,0.3686669799889589,0.6402180194854736,0.14645123481750488
500,2.2,6.617600000000001,1.7600000000000002,1,1,1,21,0.24445807428490787,0.24174098377510592,0.6653218269348145,0.14142441749572754
500,2.2,6.617600000000001,1.7600000000000002,1,1,1,22,0.24954603561690436,0.28364033907679165,0.5991501808166504,0.08653807640075684
500,2.2,6.617600000000001,1.7600000000000002,1,1,1,23,0.28387022768399833,0.22493936998873637,0.5657055377960205,0.09054780006408691
500,2.2,6.617600000000001,1.7600000000000002,1,1,1,24,0.26172918416234,0.2583925051804812,0.558509111404419,0.12717199325561523
500,2.4000000000000004,7.526400000000002,1.9200000000000004,1,1,1,0,0.29552028120969065,0.2665108420225102,0.6427812576293945,0.1398935317993164
500,2.4000000000000004,7.526400000000002,1.9200000000000004,1,1,1,1,0.283517814532542,0.3043050335018423,0.5453708171844482,0.1220240592956543
500,2.4000000000000004,7.526400000000002,1.9200000000000004,1,1,1,2,0.3508966899932492,0.2850277388682801,0.5283176898956299,0.10009431838989258
500,2.4000000000000004,7.526400000000002,1.9200000000000004,1,1,1,3,0.2928198268697523,0.2928360844661324,0.5430986881256104,0.10952949523925781
500,2.4000000000000004,7.526400000000002,1.9200000000000004,1,1,1,4,0.288575188125045,0.2887235262588358,0.55307936668396,0.09100461006164551
500,2.4000000000000004,7.526400000000002,1.9200000000000004,1,1,1,5,0.2938674232304265,0.35913718682326096,0.6270265579223633,0.14341950416564941
500,2.4000000000000004,7.526400000000002,1.9200000000000004,1,1,1,6,0.29779310809317566,0.2811636221706555,0.5729460716247559,0.08157682418823242
500,2.4000000000000004,7.526400000000002,1.9200000000000004,1,1,1,7,0.3116374087870632,0.30175727857255497,0.5482492446899414,0.07752037048339844
500,2.4000000000000004,7.526400000000002,1.9200000000000004,1,1,1,8,0.3184983532484379,0.2821668788538906,0.5205512046813965,0.10853290557861328
500,2.4000000000000004,7.526400000000002,1.9200000000000004,1,1,1,9,0.2862192450992325,0.300579930104588,0.533419132232666,0.09151935577392578
500,2.4000000000000004,7.526400000000002,1.9200000000000004,1,1,1,10,0.2955170781260862,0.280382785572704,0.5562219619750977,0.11350631713867188
500,2.4000000000000004,7.526400000000002,1.9200000000000004,1,1,1,11,0.30400550757472716,0.31084851988384055,0.6232380867004395,0.12953925132751465
500,2.4000000000000004,7.526400000000002,1.9200000000000004,1,1,1,12,0.2840226470582459,0.33651469558354613,0.48522400856018066,0.11151599884033203
500,2.4000000000000004,7.526400000000002,1.9200000000000004,1,1,1,13,0.28238161892937225,0.2880431548350439,0.4977991580963135,0.12551021575927734
500,2.4000000000000004,7.526400000000002,1.9200000000000004,1,1,1,14,0.3023306704948502,0.26089083824474396,0.5386080741882324,0.10807442665100098
500,2.4000000000000004,7.526400000000002,1.9200000000000004,1,1,1,15,0.31405626919013596,0.27202713289038694,0.536672830581665,0.11348986625671387
500,2.4000000000000004,7.526400000000002,1.9200000000000004,1,1,1,16,0.29377191631049504,0.2712927518392204,0.6697800159454346,0.15119552612304688
500,2.4000000000000004,7.526400000000002,1.9200000000000004,1,1,1,17,0.3332540329291371,0.3039020760292383,0.6945464611053467,0.12211918830871582
500,2.4000000000000004,7.526400000000002,1.9200000000000004,1,1,1,18,0.3323339529041635,0.2765444379640005,0.5888466835021973,0.12040877342224121
500,2.4000000000000004,7.526400000000002,1.9200000000000004,1,1,1,19,0.2988880471349811,0.29537352115265797,0.5631561279296875,0.1214745044708252
500,2.4000000000000004,7.526400000000002,1.9200000000000004,1,1,1,20,0.2627947941919769,0.29852997922123303,0.5602173805236816,0.11215806007385254
500,2.4000000000000004,7.526400000000002,1.9200000000000004,1,1,1,21,0.3149982974242698,0.2632972126097977,0.6618719100952148,0.12444281578063965
500,2.4000000000000004,7.526400000000002,1.9200000000000004,1,1,1,22,0.3656540336046485,0.35760009989798125,0.6747632026672363,0.08851480484008789
500,2.4000000000000004,7.526400000000002,1.9200000000000004,1,1,1,23,0.36733791452365844,0.2961275958706818,0.5735783576965332,0.10540604591369629
500,2.4000000000000004,7.526400000000002,1.9200000000000004,1,1,1,24,0.27177978081642806,0.33289544673213006,0.5581166744232178,0.11148190498352051
500,2.6,8.4864,2.08,1,1,1,0,0.3263269237282294,0.2904407542050686,0.523787260055542,0.11705803871154785
500,2.6,8.4864,2.08,1,1,1,1,0.3386568566617873,0.29695531094867167,0.5447342395782471,0.10119009017944336
500,2.6,8.4864,2.08,1,1,1,2,0.2866457196752628,0.3075601162225804,0.574213981628418,0.11252856254577637
500,2.6,8.4864,2.08,1,1,1,3,0.3313296463303678,0.2955353832523548,0.6344850063323975,0.13552021980285645
500,2.6,8.4864,2.08,1,1,1,4,0.33041785377091315,0.3089934706672157,0.5060858726501465,0.10541749000549316
500,2.6,8.4864,2.08,1,1,1,5,0.3641960204661737,0.32678336761381493,0.5496335029602051,0.10944700241088867
500,2.6,8.4864,2.08,1,1,1,6,0.3008424767878723,0.3687462240226775,0.5917062759399414,0.10440707206726074
500,2.6,8.4864,2.08,1,1,1,7,0.29178881125937584,0.31335787610799803,0.4841194152832031,0.13713288307189941
500,2.6,8.4864,2.08,1,1,1,8,0.28732971824001885,0.2799403792038599,0.6411929130554199,0.1340928077697754
500,2.6,8.4864,2.08,1,1,1,9,0.3355773629176998,0.32622347277184516,0.5356178283691406,0.11253786087036133
500,2.6,8.4864,2.08,1,1,1,10,0.33398254956358014,0.3143128674375157,0.5408322811126709,0.09951663017272949
500,2.6,8.4864,2.08,1,1,1,11,0.4086058677211576,0.29347429394022695,0.4832906723022461,0.11419534683227539
500,2.6,8.4864,2.08,1,1,1,12,0.35432413790231027,0.2829465659952414,0.5447406768798828,0.12420439720153809
500,2.6,8.4864,2.08,1,1,1,13,0.3050436686845979,0.36357307394600424,0.8186016082763672,0.15276885032653809
500,2.6,8.4864,2.08,1,1,1,14,0.34919854691116825,0.40441868003433656,0.6330423355102539,0.09496498107910156
500,2.6,8.4864,2.08,1,1,1,15,0.28743429086699457,0.26918481111941656,0.5724034309387207,0.10254263877868652
500,2.6,8.4864,2.08,1,1,1,16,0.2786876347104049,0.33190148419682763,0.5140483379364014,0.1102437973022461
500,2.6,8.4864,2.08,1,1,1,17,0.3456749283961826,0.30556662068447665,0.5284619331359863,0.1061561107635498
500,2.6,8.4864,2.08,1,1,1,18,0.3212193411283896,0.3083523191181992,0.5941922664642334,0.12351441383361816
500,2.6,8.4864,2.08,1,1,1,19,0.33249493571238825,0.37818338401071394,0.6315693855285645,0.1204385757446289
500,2.6,8.4864,2.08,1,1,1,20,0.3185194089430573,0.3259457485797524,0.5260334014892578,0.1014404296875
500,2.6,8.4864,2.08,1,1,1,21,0.32862441980096063,0.3060058694103345,0.5903527736663818,0.09551405906677246
500,2.6,8.4864,2.08,1,1,1,22,0.29798728245964984,0.34151373318473954,0.5577366352081299,0.11543583869934082
500,2.6,8.4864,2.08,1,1,1,23,0.3295069999448954,0.3697988658913345,0.5339434146881104,0.10753273963928223
500,2.6,8.4864,2.08,1,1,1,24,0.31694366817970615,0.2625322021399714,0.7364940643310547,0.11351895332336426
500,2.8000000000000003,9.497600000000002,2.24,1,1,1,0,0.366757635598349,0.2949038943568657,0.563525915145874,0.11707091331481934
500,2.8000000000000003,9.497600000000002,2.24,1,1,1,1,0.34503228220077914,0.3501276333802145,0.5698211193084717,0.12106943130493164
500,2.8000000000000003,9.497600000000002,2.24,1,1,1,2,0.3565722418498164,0.42460011432225486,0.5586867332458496,0.11153483390808105
500,2.8000000000000003,9.497600000000002,2.24,1,1,1,3,0.36588086612685855,0.317074795790936,0.5472922325134277,0.1151125431060791
500,2.8000000000000003,9.497600000000002,2.24,1,1,1,4,0.31396685650657125,0.3555443089001961,0.5852851867675781,0.13207364082336426
500,2.8000000000000003,9.497600000000002,2.24,1,1,1,5,0.3274287639488097,0.2862930693889704,0.6642963886260986,0.1120603084564209
500,2.8000000000000003,9.497600000000002,2.24,1,1,1,6,0.3335028474323408,0.32425557828156926,0.5074105262756348,0.09965753555297852
500,2.8000000000000003,9.497600000000002,2.24,1,1,1,7,0.3266932338101744,0.3544142311267897,0.598992109298706,0.11143112182617188
500,2.8000000000000003,9.497600000000002,2.24,1,1,1,8,0.325843685531411,0.38265693714568316,0.6074776649475098,0.13355040550231934
500,2.8000000000000003,9.497600000000002,2.24,1,1,1,9,0.38261389796967327,0.3167174545005155,0.5053515434265137,0.1259474754333496
500,2.8000000000000003,9.497600000000002,2.24,1,1,1,10,0.35464698992573696,0.3349068811863133,0.6051647663116455,0.1285252571105957
500,2.8000000000000003,9.497600000000002,2.24,1,1,1,11,0.32442594721417745,0.34261287615545244,0.7183887958526611,0.11943221092224121
500,2.8000000000000003,9.497600000000002,2.24,1,1,1,12,0.3508986688938931,0.33651575474666,0.6017200946807861,0.10640215873718262
500,2.8000000000000003,9.497600000000002,2.24,1,1,1,13,0.36545815040056223,0.35288585448647675,0.5739550590515137,0.09851980209350586
500,2.8000000000000003,9.497600000000002,2.24,1,1,1,14,0.3306337790141839,0.35067292899880537,0.6079144477844238,0.09439873695373535
500,2.8000000000000003,9.497600000000002,2.24,1,1,1,15,0.38072427070518344,0.31680055490630443,0.6269729137420654,0.13460087776184082
500,2.8000000000000003,9.497600000000002,2.24,1,1,1,16,0.4549391931249904,0.3390785911764568,0.700753927230835,0.12054252624511719
500,2.8000000000000003,9.497600000000002,2.24,1,1,1,17,0.35302577878748276,0.3239873133479248,0.5333504676818848,0.09733200073242188
500,2.8000000000000003,9.497600000000002,2.24,1,1,1,18,0.35530297731667027,0.36234496321387,0.5773346424102783,0.08150959014892578
500,2.8000000000000003,9.497600000000002,2.24,1,1,1,19,0.381566902127213,0.37571902116240075,0.6145286560058594,0.08446860313415527
500,2.8000000000000003,9.497600000000002,2.24,1,1,1,20,0.34024755557436437,0.3844237559168328,0.5812973976135254,0.1245107650756836
500,2.8000000000000003,9.497600000000002,2.24,1,1,1,21,0.40249913283052113,0.320480920701933,0.6920163631439209,0.12552666664123535
500,2.8000000000000003,9.497600000000002,2.24,1,1,1,22,0.35348255722348265,0.3443100683554268,0.5603764057159424,0.10451745986938477
500,2.8000000000000003,9.497600000000002,2.24,1,1,1,23,0.3489570277736192,0.32606729396388984,0.6289455890655518,0.09953808784484863
500,2.8000000000000003,9.497600000000002,2.24,1,1,1,24,0.3965639948874932,0.3576745261938344,0.5563068389892578,0.09856390953063965
500,3.0,10.560000000000002,2.4000000000000004,1,1,1,0,0.3947263254575193,0.38003726598108617,0.6267092227935791,0.0925137996673584
500,3.0,10.560000000000002,2.4000000000000004,1,1,1,1,0.41803716449833556,0.3328397306210674,0.7001311779022217,0.1296088695526123
500,3.0,10.560000000000002,2.4000000000000004,1,1,1,2,0.37498061295253415,0.3813229434255955,0.7900822162628174,0.12541651725769043
500,3.0,10.560000000000002,2.4000000000000004,1,1,1,3,0.4073632574095714,0.33869493619719054,0.6353640556335449,0.13687491416931152
500,3.0,10.560000000000002,2.4000000000000004,1,1,1,4,0.34555914144109984,0.5645205645632412,0.7266461849212646,0.10601282119750977
500,3.0,10.560000000000002,2.4000000000000004,1,1,1,5,0.35943794653149075,0.42310814532087926,0.49355244636535645,0.11498498916625977
500,3.0,10.560000000000002,2.4000000000000004,1,1,1,6,0.3881270909069732,0.37231246460623435,0.5971450805664062,0.11841177940368652
500,3.0,10.560000000000002,2.4000000000000004,1,1,1,7,0.3877736293131777,0.37366804806267967,0.6798291206359863,0.13304615020751953
500,3.0,10.560000000000002,2.4000000000000004,1,1,1,8,0.3537534698115961,0.5502052432831624,0.546257495880127,0.0944368839263916
500,3.0,10.560000000000002,2.4000000000000004,1,1,1,9,0.37024830192604463,0.38012976756219125,0.544867992401123,0.11801719665527344
500,3.0,10.560000000000002,2.4000000000000004,1,1,1,10,0.3748311125741187,0.45996466712283557,0.6086242198944092,0.09311485290527344
500,3.0,10.560000000000002,2.4000000000000004,1,1,1,11,0.3708430549438686,0.44905401516884097,0.5206522941589355,0.10105228424072266
500,3.0,10.560000000000002,2.4000000000000004,1,1,1,12,0.4321224642326069,0.4409704737771274,0.6718206405639648,0.11952829360961914
500,3.0,10.560000000000002,2.4000000000000004,1,1,1,13,0.4189656542443975,0.39035300641417464,0.479813814163208,0.12352299690246582
500,3.0,10.560000000000002,2.4000000000000004,1,1,1,14,0.399758172325611,0.42551815370373464,0.5140550136566162,0.09400629997253418
500,3.0,10.560000000000002,2.4000000000000004,1,1,1,15,0.4073266271357963,0.4011848620777786,0.48767924308776855,0.09549498558044434
500,3.0,10.560000000000002,2.4000000000000004,1,1,1,16,0.41456339852065255,0.4454068512764281,0.5302503108978271,0.08922743797302246
500,3.0,10.560000000000002,2.4000000000000004,1,1,1,17,0.35133387669223204,0.3495645858052545,0.4627833366394043,0.11116313934326172
500,3.0,10.560000000000002,2.4000000000000004,1,1,1,18,0.4148696854007237,0.3329360443956164,0.598379373550415,0.11297416687011719
500,3.0,10.560000000000002,2.4000000000000004,1,1,1,19,0.348627232113115,0.3914025979376873,0.6776044368743896,0.08142304420471191
500,3.0,10.560000000000002,2.4000000000000004,1,1,1,20,0.3925063542564824,0.3929582847857235,0.5156927108764648,0.10153484344482422
500,3.0,10.560000000000002,2.4000000000000004,1,1,1,21,0.3685294655681189,0.4373870805502416,0.562117338180542,0.0904085636138916
500,3.0,10.560000000000002,2.4000000000000004,1,1,1,22,0.40648017821299404,0.33021125988565236,0.5159142017364502,0.1035318374633789
500,3.0,10.560000000000002,2.4000000000000004,1,1,1,23,0.43667459999512864,0.3931874311032008,0.5644011497497559,0.12352848052978516
500,3.0,10.560000000000002,2.4000000000000004,1,1,1,24,0.3857376620113989,0.3634394481185096,0.7350127696990967,0.14343690872192383
500,3.2,11.673600000000004,2.5600000000000005,1,1,1,0,0.44227618825033216,0.42679257813110527,0.5243380069732666,0.12151646614074707
500,3.2,11.673600000000004,2.5600000000000005,1,1,1,1,0.4129075967023257,0.37525657927814554,0.586017370223999,0.10044074058532715
500,3.2,11.673600000000004,2.5600000000000005,1,1,1,2,0.35305821461563575,0.45965091668421865,0.5415551662445068,0.11352086067199707
500,3.2,11.673600000000004,2.5600000000000005,1,1,1,3,0.4275004863501307,0.3579451182176468,0.5895578861236572,0.11049628257751465
500,3.2,11.673600000000004,2.5600000000000005,1,1,1,4,0.39639387093959233,0.4125361405376516,0.7233092784881592,0.12854290008544922
500,3.2,11.673600000000004,2.5600000000000005,1,1,1,5,0.4011299455528626,0.45648179875440326,0.5256385803222656,0.10577893257141113
500,3.2,11.673600000000004,2.5600000000000005,1,1,1,6,0.42873692468569474,0.34205917633107624,0.5794684886932373,0.09451580047607422
500,3.2,11.673600000000004,2.5600000000000005,1,1,1,7,0.42334034915940844,0.4485462423050087,0.5662350654602051,0.11452031135559082
500,3.2,11.673600000000004,2.5600000000000005,1,1,1,8,0.4116529722476111,0.39650807559643036,0.5306925773620605,0.11841940879821777
500,3.2,11.673600000000004,2.5600000000000005,1,1,1,9,0.3701868440668659,0.39537044109255454,0.5828688144683838,0.11350059509277344
500,3.2,11.673600000000004,2.5600000000000005,1,1,1,10,0.4339848074012226,0.37985261197014825,0.7097716331481934,0.13551974296569824
500,3.2,11.673600000000004,2.5600000000000005,1,1,1,11,0.46270545853324785,0.39142935464999773,0.5452618598937988,0.1117849349975586
500,3.2,11.673600000000004,2.5600000000000005,1,1,1,12,0.40898429611981013,0.4265678446652549,0.5116355419158936,0.10450553894042969
500,3.2,11.673600000000004,2.5600000000000005,1,1,1,13,0.36684140550352506,0.3755515101821157,0.5194511413574219,0.10251235961914062
500,3.2,11.673600000000004,2.5600000000000005,1,1,1,14,0.45003511928837653,0.41150264403237014,0.5610456466674805,0.11454319953918457
500,3.2,11.673600000000004,2.5600000000000005,1,1,1,15,0.3935133092326155,0.3778476255529396,0.6205945014953613,0.11705589294433594
500,3.2,11.673600000000004,2.5600000000000005,1,1,1,16,0.3638470150252229,0.36117688590817754,0.6271648406982422,0.1435532569885254
500,3.2,11.673600000000004,2.5600000000000005,1,1,1,17,0.45499238031756345,0.38678716533543017,0.5335707664489746,0.1152949333190918
500,3.2,11.673600000000004,2.5600000000000005,1,1,1,18,0.44022735740583946,0.3833087288978475,0.5529215335845947,0.1108391284942627
500,3.2,11.673600000000004,2.5600000000000005,1,1,1,19,0.48252780220961927,0.35607250557890413,0.6270654201507568,0.12221670150756836
500,3.2,11.673600000000004,2.5600000000000005,1,1,1,20,0.3614965329696052,0.3853932434688793,0.745384931564331,0.13897395133972168
500,3.2,11.673600000000004,2.5600000000000005,1,1,1,21,0.3759445519668699,0.4592490951579272,0.6106972694396973,0.13108301162719727
500,3.2,11.673600000000004,2.5600000000000005,1,1,1,22,0.37032556408238126,0.41864608801235326,0.5391252040863037,0.09302949905395508
500,3.2,11.673600000000004,2.5600000000000005,1,1,1,23,0.49441223209983837,0.4696911699907057,0.5406649112701416,0.08211445808410645
500,3.2,11.673600000000004,2.5600000000000005,1,1,1,24,0.40836856843581076,0.47909860778359203,0.5318517684936523,0.08701276779174805
500,3.4000000000000004,12.838400000000005,2.7200000000000006,1,1,1,0,0.40483768710401824,0.4442585350466602,0.5393643379211426,0.1124267578125
500,3.4000000000000004,12.838400000000005,2.7200000000000006,1,1,1,1,0.443942105837543,0.4159703926268751,0.5807209014892578,0.13169169425964355
500,3.4000000000000004,12.838400000000005,2.7200000000000006,1,1,1,2,0.5099426559568276,0.43305350470391213,0.7093183994293213,0.11643600463867188
500,3.4000000000000004,12.838400000000005,2.7200000000000006,1,1,1,3,0.45060111413381365,0.507813528577542,0.5343523025512695,0.10560154914855957
500,3.4000000000000004,12.838400000000005,2.7200000000000006,1,1,1,4,0.44974297208711195,0.4186951669791931,0.5630767345428467,0.11049461364746094
500,3.4000000000000004,12.838400000000005,2.7200000000000006,1,1,1,5,0.42409559306519234,0.4152181042004223,0.55242919921875,0.10453629493713379
500,3.4000000000000004,12.838400000000005,2.7200000000000006,1,1,1,6,0.4399898593668242,0.4160250111783057,0.5170221328735352,0.0985558032989502
500,3.4000000000000004,12.838400000000005,2.7200000000000006,1,1,1,7,0.478597079609606,0.5709320504848797,0.6099927425384521,0.13451814651489258
500,3.4000000000000004,12.838400000000005,2.7200000000000006,1,1,1,8,0.41711775410773383,0.42102840719339774,0.5797100067138672,0.1032865047454834
500,3.4000000000000004,12.838400000000005,2.7200000000000006,1,1,1,9,0.5065421014653972,0.45715030459477884,0.5165295600891113,0.10246634483337402
500,3.4000000000000004,12.838400000000005,2.7200000000000006,1,1,1,10,0.41323252472962274,0.39188033559522156,0.5224337577819824,0.10545611381530762
500,3.4000000000000004,12.838400000000005,2.7200000000000006,1,1,1,11,0.4918054732704918,0.4097415651198705,0.5137476921081543,0.10552835464477539
500,3.4000000000000004,12.838400000000005,2.7200000000000006,1,1,1,12,0.37412176289125537,0.47554215338028877,0.4690065383911133,0.10551667213439941
500,3.4000000000000004,12.838400000000005,2.7200000000000006,1,1,1,13,0.4781714550804554,0.50231480830978,0.5577447414398193,0.11754488945007324
500,3.4000000000000004,12.838400000000005,2.7200000000000006,1,1,1,14,0.45179583144272334,0.3670943927240935,0.46143484115600586,0.08653903007507324
500,3.4000000000000004,12.838400000000005,2.7200000000000006,1,1,1,15,0.5025837843510501,0.4077974470090684,0.5493659973144531,0.11354470252990723
500,3.4000000000000004,12.838400000000005,2.7200000000000006,1,1,1,16,0.4118810960029319,0.5233008850590607,0.5737314224243164,0.1075143814086914
500,3.4000000000000004,12.838400000000005,2.7200000000000006,1,1,1,17,0.4234031836948817,0.42407985194094616,0.44320082664489746,0.09854245185852051
500,3.4000000000000004,12.838400000000005,2.7200000000000006,1,1,1,18,0.4721119749744752,0.42326975538971695,0.463653564453125,0.09952259063720703
500,3.4000000000000004,12.838400000000005,2.7200000000000006,1,1,1,19,0.45153637156560417,0.4279869649007883,0.580885648727417,0.115509033203125
500,3.4000000000000004,12.838400000000005,2.7200000000000006,1,1,1,20,0.5001291895286817,0.49079202224195134,0.5330698490142822,0.07842898368835449
500,3.4000000000000004,12.838400000000005,2.7200000000000006,1,1,1,21,0.4746971225160622,0.37534916341002333,0.5151269435882568,0.0712890625
500,3.4000000000000004,12.838400000000005,2.7200000000000006,1,1,1,22,0.44407028519011454,0.5057660890246076,0.49390363693237305,0.08751130104064941
500,3.4000000000000004,12.838400000000005,2.7200000000000006,1,1,1,23,0.4025857910904366,0.5053692879190025,0.45827221870422363,0.08800387382507324
500,3.4000000000000004,12.838400000000005,2.7200000000000006,1,1,1,24,0.45309055306210094,0.5235926242619316,0.4637570381164551,0.10151410102844238
500,3.6,14.054400000000005,2.8800000000000003,1,1,1,0,0.43837353343196434,0.4074745449319238,0.5345335006713867,0.1035008430480957
500,3.6,14.054400000000005,2.8800000000000003,1,1,1,1,0.4678967093651842,0.459583925897099,0.4735145568847656,0.09154891967773438
500,3.6,14.054400000000005,2.8800000000000003,1,1,1,2,0.42393058119714777,0.6246041023032073,0.4306161403656006,0.1017599105834961
500,3.6,14.054400000000005,2.8800000000000003,1,1,1,3,0.5124032412313223,0.4008263776824094,0.4510657787322998,0.08051228523254395
500,3.6,14.054400000000005,2.8800000000000003,1,1,1,4,0.4984763037863461,0.45777356427483457,0.45215439796447754,0.08049201965332031
500,3.6,14.054400000000005,2.8800000000000003,1,1,1,5,0.5010786428628689,0.5095680420143711,0.4938337802886963,0.08251404762268066
500,3.6,14.054400000000005,2.8800000000000003,1,1,1,6,0.4511055096146009,0.3994624112786995,0.4955000877380371,0.10257148742675781
500,3.6,14.054400000000005,2.8800000000000003,1,1,1,7,0.5191909439684226,0.44826469402852726,0.6058328151702881,0.10141801834106445
500,3.6,14.054400000000005,2.8800000000000003,1,1,1,8,0.45700210937138397,0.42916707090367195,0.47461557388305664,0.09219074249267578
500,3.6,14.054400000000005,2.8800000000000003,1,1,1,9,0.4731359040023631,0.4080872864923872,0.45723748207092285,0.08707809448242188
500,3.6,14.054400000000005,2.8800000000000003,1,1,1,10,0.5641491466988335,0.5126158847739252,0.44197630882263184,0.08151364326477051
500,3.6,14.054400000000005,2.8800000000000003,1,1,1,11,0.541224524606449,0.45033458376977853,0.5029370784759521,0.09951162338256836
500,3.6,14.054400000000005,2.8800000000000003,1,1,1,12,0.5591880456511505,0.45858819700803555,0.5449798107147217,0.09353184700012207
500,3.6,14.054400000000005,2.8800000000000003,1,1,1,13,0.5404808131188379,0.48929764381347074,0.6434979438781738,0.11649155616760254
500,3.6,14.054400000000005,2.8800000000000003,1,1,1,14,0.510090881108817,0.45104442924729443,0.6583399772644043,0.13963818550109863
500,3.6,14.054400000000005,2.8800000000000003,1,1,1,15,0.42942207935323246,0.45732247188863356,0.5738120079040527,0.09207653999328613
500,3.6,14.054400000000005,2.8800000000000003,1,1,1,16,0.44704650443822025,0.42803531882752593,0.5953090190887451,0.1085352897644043
500,3.6,14.054400000000005,2.8800000000000003,1,1,1,17,0.46323408387696224,0.4250662136683538,0.5392169952392578,0.11953258514404297
500,3.6,14.054400000000005,2.8800000000000003,1,1,1,18,0.46494017287097017,0.48980522812769456,0.6616804599761963,0.1267375946044922
500,3.6,14.054400000000005,2.8800000000000003,1,1,1,19,0.5255488858329763,0.6238833543777401,0.7455868721008301,0.09772992134094238
500,3.6,14.054400000000005,2.8800000000000003,1,1,1,20,0.5123307921174524,0.44157014592819804,0.5656476020812988,0.0990748405456543
500,3.6,14.054400000000005,2.8800000000000003,1,1,1,21,0.5876449326569267,0.4962256551569336,0.5628054141998291,0.10207128524780273
500,3.6,14.054400000000005,2.8800000000000003,1,1,1,22,0.42344376737224965,0.4293114857579832,0.6080875396728516,0.1228485107421875
500,3.6,14.054400000000005,2.8800000000000003,1,1,1,23,0.4573152859656596,0.4739401309660813,0.7050721645355225,0.14154815673828125
500,3.6,14.054400000000005,2.8800000000000003,1,1,1,24,0.4919334184988699,0.39092556535221396,0.6379725933074951,0.09255218505859375
500,3.8000000000000003,15.321600000000005,3.0400000000000005,1,1,1,0,0.49489725017797487,0.46981432866506706,0.5706555843353271,0.10852742195129395
500,3.8000000000000003,15.321600000000005,3.0400000000000005,1,1,1,1,0.5073306160244235,0.47850576079815965,0.5434064865112305,0.11952495574951172
500,3.8000000000000003,15.321600000000005,3.0400000000000005,1,1,1,2,0.5187653414076808,0.48649517860920344,0.5946464538574219,0.11051058769226074
500,3.8000000000000003,15.321600000000005,3.0400000000000005,1,1,1,3,0.4889249326047515,0.494104101092977,0.5320100784301758,0.10407400131225586
500,3.8000000000000003,15.321600000000005,3.0400000000000005,1,1,1,4,0.5009471351429319,0.47482342147650475,0.6943075656890869,0.1205596923828125
500,3.8000000000000003,15.321600000000005,3.0400000000000005,1,1,1,5,0.5809617697654443,0.39306521605054273,0.542125940322876,0.11253619194030762
500,3.8000000000000003,15.321600000000005,3.0400000000000005,1,1,1,6,0.5051596325408816,0.5129672564469544,0.5526609420776367,0.11350727081298828
500,3.8000000000000003,15.321600000000005,3.0400000000000005,1,1,1,7,0.5504344783633066,0.6855571073128519,0.5083553791046143,0.11824488639831543
500,3.8000000000000003,15.321600000000005,3.0400000000000005,1,1,1,8,0.5664378208685089,0.5734739554386364,0.5286421775817871,0.12086987495422363
500,3.8000000000000003,15.321600000000005,3.0400000000000005,1,1,1,9,0.43393030236431596,0.420857103274496,0.6062180995941162,0.13720202445983887
500,3.8000000000000003,15.321600000000005,3.0400000000000005,1,1,1,10,0.5060243955011022,0.4596114423397682,0.720768928527832,0.09152507781982422
500,3.8000000000000003,15.321600000000005,3.0400000000000005,1,1,1,11,0.5762132095481772,0.6103140579881398,0.5822064876556396,0.0986776351928711
500,3.8000000000000003,15.321600000000005,3.0400000000000005,1,1,1,12,0.495500261420134,0.3867588490133663,0.5649030208587646,0.11343193054199219
500,3.8000000000000003,15.321600000000005,3.0400000000000005,1,1,1,13,0.4773827392736298,0.5324602553158481,0.559884786605835,0.10540008544921875
500,3.8000000000000003,15.321600000000005,3.0400000000000005,1,1,1,14,0.45142718069326127,0.5740690831033648,0.6621091365814209,0.11252617835998535
500,3.8000000000000003,15.321600000000005,3.0400000000000005,1,1,1,15,0.45566980543589675,0.5774841036565896,0.6165571212768555,0.12150454521179199
500,3.8000000000000003,15.321600000000005,3.0400000000000005,1,1,1,16,0.5314857868955758,0.513700045066659,0.5076096057891846,0.09699416160583496
500,3.8000000000000003,15.321600000000005,3.0400000000000005,1,1,1,17,0.4772289006147254,0.6086376078630513,0.5020489692687988,0.09754014015197754
500,3.8000000000000003,15.321600000000005,3.0400000000000005,1,1,1,18,0.5168706114176945,0.5151517394584946,0.5088977813720703,0.10841059684753418
500,3.8000000000000003,15.321600000000005,3.0400000000000005,1,1,1,19,0.4984539794428158,0.6326921232440799,0.5391652584075928,0.09097409248352051
500,3.8000000000000003,15.321600000000005,3.0400000000000005,1,1,1,20,0.48639959891551054,0.4235071598684839,0.6610128879547119,0.12552809715270996
500,3.8000000000000003,15.321600000000005,3.0400000000000005,1,1,1,21,0.5089584494392113,0.45746825640545064,0.6675236225128174,0.13453984260559082
500,3.8000000000000003,15.321600000000005,3.0400000000000005,1,1,1,22,0.5656373620206756,0.5231242781945252,0.557537317276001,0.11305761337280273
500,3.8000000000000003,15.321600000000005,3.0400000000000005,1,1,1,23,0.5647411138851818,0.5279540811681782,0.5825011730194092,0.11341142654418945
500,3.8000000000000003,15.321600000000005,3.0400000000000005,1,1,1,24,0.49946923879391186,0.5033476187672817,0.5182409286499023,0.09741663932800293
500,4.0,16.64,3.2,1,1,1,0,0.5993248514996511,0.5148391320679839,0.5466654300689697,0.14004755020141602
500,4.0,16.64,3.2,1,1,1,1,0.549224258846743,0.5461113516802172,0.7156045436859131,0.11905479431152344
500,4.0,16.64,3.2,1,1,1,2,0.5136477896847916,0.4794133222618889,0.49372029304504395,0.10350942611694336
500,4.0,16.64,3.2,1,1,1,3,0.5551116590085556,0.6060328305718415,0.5907530784606934,0.10041928291320801
500,4.0,16.64,3.2,1,1,1,4,0.5698294452368501,0.48305111665526107,0.6392343044281006,0.12096071243286133
500,4.0,16.64,3.2,1,1,1,5,0.593982284945805,0.5484149007604413,0.5849385261535645,0.136244535446167
500,4.0,16.64,3.2,1,1,1,6,0.5624926662183345,0.4516731829916471,0.6039645671844482,0.14904499053955078
500,4.0,16.64,3.2,1,1,1,7,0.5270782448717043,0.5153971343266418,0.5159649848937988,0.10796737670898438
500,4.0,16.64,3.2,1,1,1,8,0.5127430965695102,0.5250573652208997,0.49741220474243164,0.1170644760131836
500,4.0,16.64,3.2,1,1,1,9,0.5121455441943981,0.5863800701363795,0.5694482326507568,0.08094358444213867
500,4.0,16.64,3.2,1,1,1,10,0.5719036414778805,0.47765341994533905,0.5305466651916504,0.10842323303222656
500,4.0,16.64,3.2,1,1,1,11,0.47395699110732836,0.5581662978472696,0.600567102432251,0.11692357063293457
500,4.0,16.64,3.2,1,1,1,12,0.5688691950869721,0.519840759398086,0.6760866641998291,0.14651703834533691
500,4.0,16.64,3.2,1,1,1,13,0.5697033058264845,0.6716160643062666,0.5713052749633789,0.10842394828796387
500,4.0,16.64,3.2,1,1,1,14,0.5741101858409057,0.6199336611344054,0.6189835071563721,0.12046122550964355
500,4.0,16.64,3.2,1,1,1,15,0.6125056312585061,0.5093354136108778,0.5568296909332275,0.11962032318115234
500,4.0,16.64,3.2,1,1,1,16,0.5736196231664676,0.6422589615210338,0.5062432289123535,0.11721134185791016
500,4.0,16.64,3.2,1,1,1,17,0.5181113168516445,0.5672241683907245,0.7247269153594971,0.11052060127258301
500,4.0,16.64,3.2,1,1,1,18,0.6113244438564481,0.568439374636835,0.6831793785095215,0.11307549476623535
500,4.0,16.64,3.2,1,1,1,19,0.532188309035446,0.45626450082668246,0.4862844944000244,0.09399843215942383
500,4.0,16.64,3.2,1,1,1,20,0.5981277304049514,0.4947994660968984,0.528968095779419,0.08351898193359375
500,4.0,16.64,3.2,1,1,1,21,0.5016033898895367,0.51412606180301,0.5759003162384033,0.11154913902282715
500,4.0,16.64,3.2,1,1,1,22,0.5039063226222729,0.6186169517888794,0.5976581573486328,0.11051249504089355
500,4.0,16.64,3.2,1,1,1,23,0.6053417065704155,0.5400884238922058,0.651214599609375,0.13704633712768555
500,4.0,16.64,3.2,1,1,1,24,0.5370816164939051,0.5077956888701861,0.5056102275848389,0.1046438217163086
500,4.2,18.009600000000002,3.3600000000000003,1,1,1,0,0.5421038030386889,0.5128517906602125,0.5009708404541016,0.11551475524902344
500,4.2,18.009600000000002,3.3600000000000003,1,1,1,1,0.586149414335376,0.4660281416326032,0.5876085758209229,0.1185159683227539
500,4.2,18.009600000000002,3.3600000000000003,1,1,1,2,0.517709079135964,0.7719227152914728,0.4845998287200928,0.09653878211975098
500,4.2,18.009600000000002,3.3600000000000003,1,1,1,3,0.7093432401438873,0.5538134890704051,0.6407370567321777,0.12652254104614258
500,4.2,18.009600000000002,3.3600000000000003,1,1,1,4,0.5113570805205014,0.6125322663062115,0.5949757099151611,0.12552142143249512
500,4.2,18.009600000000002,3.3600000000000003,1,1,1,5,0.6806122190971301,0.5242046089064231,0.4829230308532715,0.10751557350158691
500,4.2,18.009600000000002,3.3600000000000003,1,1,1,6,0.528570341874897,0.5921687071169174,0.5292720794677734,0.12251472473144531
500,4.2,18.009600000000002,3.3600000000000003,1,1,1,7,0.637697862404353,0.5764524500977123,0.5492596626281738,0.10951638221740723
500,4.2,18.009600000000002,3.3600000000000003,1,1,1,8,0.5574728446376749,0.49303701030976493,0.5433192253112793,0.10749340057373047
500,4.2,18.009600000000002,3.3600000000000003,1,1,1,9,0.5213261975358942,0.5324915449490266,0.6702370643615723,0.1395266056060791
500,4.2,18.009600000000002,3.3600000000000003,1,1,1,10,0.5709016173349697,0.6947788290302218,0.5558903217315674,0.11851167678833008
500,4.2,18.009600000000002,3.3600000000000003,1,1,1,11,0.6053752316619629,0.44995223742155493,0.5811340808868408,0.11557793617248535
500,4.2,18.009600000000002,3.3600000000000003,1,1,1,12,0.8677534354451699,0.845279553830799,0.6053957939147949,0.12053608894348145
500,4.2,18.009600000000002,3.3600000000000003,1,1,1,13,0.5951304858031263,0.5749026015629133,0.6144769191741943,0.10389232635498047
500,4.2,18.009600000000002,3.3600000000000003,1,1,1,14,0.6144223433132309,0.6809322284104525,0.6642699241638184,0.13440847396850586
500,4.2,18.009600000000002,3.3600000000000003,1,1,1,15,2.828359641855574,2.896415217738131,0.6833996772766113,0.12253999710083008
500,4.2,18.009600000000002,3.3600000000000003,1,1,1,16,0.5738853249298329,0.7065961973834021,0.5409066677093506,0.10953474044799805
500,4.2,18.009600000000002,3.3600000000000003,1,1,1,17,0.6726814545063498,0.6314694615255133,0.5719141960144043,0.12653517723083496
500,4.2,18.009600000000002,3.3600000000000003,1,1,1,18,0.5134671119659574,0.6369393300050065,0.5852317810058594,0.11351156234741211
500,4.2,18.009600000000002,3.3600000000000003,1,1,1,19,0.579538626098767,0.5991857735312752,0.522533655166626,0.12550091743469238
500,4.2,18.009600000000002,3.3600000000000003,1,1,1,20,0.5797323580092035,0.5508584972920054,0.6244101524353027,0.1273024082183838
500,4.2,18.009600000000002,3.3600000000000003,1,1,1,21,0.6848228503236414,0.5182645177139001,0.7925753593444824,0.1388378143310547
500,4.2,18.009600000000002,3.3600000000000003,1,1,1,22,0.6058214927397798,0.4944266387625749,0.5873782634735107,0.10951924324035645
500,4.2,18.009600000000002,3.3600000000000003,1,1,1,23,0.560912359520743,0.7637482548136879,0.49006223678588867,0.12906885147094727
500,4.2,18.009600000000002,3.3600000000000003,1,1,1,24,0.5597549528454253,0.5933838288938755,0.5028302669525146,0.11799502372741699
500,4.4,19.430400000000006,3.5200000000000005,1,1,1,0,0.6559012445447682,0.5623662855597981,0.5945026874542236,0.11815261840820312
500,4.4,19.430400000000006,3.5200000000000005,1,1,1,1,0.725193271743874,0.6296247185075267,0.6471459865570068,0.12853670120239258
500,4.4,19.430400000000006,3.5200000000000005,1,1,1,2,0.6642424417358818,0.6669396589767188,0.5175776481628418,0.0974125862121582
500,4.4,19.430400000000006,3.5200000000000005,1,1,1,3,0.5986220770542605,0.49452055257999905,0.5345838069915771,0.11916422843933105
500,4.4,19.430400000000006,3.5200000000000005,1,1,1,4,0.6664419159425962,0.5427954815522134,0.5572676658630371,0.10094523429870605
500,4.4,19.430400000000006,3.5200000000000005,1,1,1,5,0.6486247811264426,0.5682352380628585,0.5410003662109375,0.11544013023376465
500,4.4,19.430400000000006,3.5200000000000005,1,1,1,6,0.6827076211342009,0.5525865634716192,0.6668424606323242,0.13652539253234863
500,4.4,19.430400000000006,3.5200000000000005,1,1,1,7,0.7407379761422465,0.6507796691645613,0.5771210193634033,0.1091465950012207
500,4.4,19.430400000000006,3.5200000000000005,1,1,1,8,0.6980678049283741,0.5729535782007986,0.5621840953826904,0.09941887855529785
500,4.4,19.430400000000006,3.5200000000000005,1,1,1,9,0.6850669238808921,0.5327470968121326,0.5668549537658691,0.12343096733093262
500,4.4,19.430400000000006,3.5200000000000005,1,1,1,10,0.6469742007595796,0.5277002901025488,0.525766134262085,0.12042236328125
500,4.4,19.430400000000006,3.5200000000000005,1,1,1,11,0.6949427832788395,0.6184250787752147,0.5914654731750488,0.13541936874389648
500,4.4,19.430400000000006,3.5200000000000005,1,1,1,12,0.6768901611695148,0.6517426066335454,0.6408379077911377,0.12049984931945801
500,4.4,19.430400000000006,3.5200000000000005,1,1,1,13,0.5517851835452653,0.6884594849318266,0.5495176315307617,0.1094205379486084
500,4.4,19.430400000000006,3.5200000000000005,1,1,1,14,0.6074484050436687,0.6034593926864322,0.5624792575836182,0.12454342842102051
500,4.4,19.430400000000006,3.5200000000000005,1,1,1,15,2.828328051084,1.8437881393485689,0.5594372749328613,0.10251379013061523
500,4.4,19.430400000000006,3.5200000000000005,1,1,1,16,0.7015561358690657,0.6630154829263072,0.5835270881652832,0.09350824356079102
500,4.4,19.430400000000006,3.5200000000000005,1,1,1,17,0.6881614459582799,0.647859770137425,0.7952845096588135,0.14705157279968262
500,4.4,19.430400000000006,3.5200000000000005,1,1,1,18,0.6187618814892287,0.6069315648227936,0.5433406829833984,0.11806917190551758
500,4.4,19.430400000000006,3.5200000000000005,1,1,1,19,0.6147499125149293,0.5832621032330153,0.5356478691101074,0.10351419448852539
500,4.4,19.430400000000006,3.5200000000000005,1,1,1,20,0.718120360127446,0.5572287008641048,0.5472931861877441,0.10745692253112793
500,4.4,19.430400000000006,3.5200000000000005,1,1,1,21,0.7199547959265618,0.8453703413039054,0.5484106540679932,0.10708498954772949
500,4.4,19.430400000000006,3.5200000000000005,1,1,1,22,0.7242849074463894,0.6014003017701137,0.6311955451965332,0.13107085227966309
500,4.4,19.430400000000006,3.5200000000000005,1,1,1,23,0.5803417993157904,0.5318280342594861,0.6384809017181396,0.10253667831420898
500,4.4,19.430400000000006,3.5200000000000005,1,1,1,24,0.6360860667446564,0.5099487534795545,0.5046272277832031,0.12660908699035645
500,4.6000000000000005,20.902400000000007,3.6800000000000006,1,1,1,0,0.7560275664775173,0.6995390390825879,0.5020506381988525,0.10307097434997559
500,4.6000000000000005,20.902400000000007,3.6800000000000006,1,1,1,1,0.8270267350144106,0.7497568782338025,0.5632791519165039,0.11445355415344238
500,4.6000000000000005,20.902400000000007,3.6800000000000006,1,1,1,2,0.7455745859454459,0.641595288051345,0.6332859992980957,0.10751533508300781
500,4.6000000000000005,20.902400000000007,3.6800000000000006,1,1,1,3,0.7287240357096183,0.6451800136096615,0.65252685546875,0.11352992057800293
500,4.6000000000000005,20.902400000000007,3.6800000000000006,1,1,1,4,0.6333112888049668,0.6233382451827219,0.6382408142089844,0.1400594711303711
500,4.6000000000000005,20.902400000000007,3.6800000000000006,1,1,1,5,0.6571036681337271,0.6352875127186398,0.5231757164001465,0.12566494941711426
500,4.6000000000000005,20.902400000000007,3.6800000000000006,1,1,1,6,0.6972768462298666,0.6443346823765517,0.526576042175293,0.1055135726928711
500,4.6000000000000005,20.902400000000007,3.6800000000000006,1,1,1,7,0.7412149023322444,0.6216856046745267,0.5166399478912354,0.11349129676818848
500,4.6000000000000005,20.902400000000007,3.6800000000000006,1,1,1,8,0.7220734500074283,0.6351368485955031,0.6023545265197754,0.12051558494567871
500,4.6000000000000005,20.902400000000007,3.6800000000000006,1,1,1,9,0.5890762978393667,0.684334573517188,0.6309280395507812,0.11454081535339355
500,4.6000000000000005,20.902400000000007,3.6800000000000006,1,1,1,10,1.0511048439535693,0.8549532756774585,0.5195388793945312,0.09849715232849121
500,4.6000000000000005,20.902400000000007,3.6800000000000006,1,1,1,11,0.7625297931468631,0.5922769899227375,0.5498020648956299,0.0844125747680664
500,4.6000000000000005,20.902400000000007,3.6800000000000006,1,1,1,12,0.768008415215804,0.6286798347323043,0.6319646835327148,0.12302517890930176
500,4.6000000000000005,20.902400000000007,3.6800000000000006,1,1,1,13,0.6532998790176676,0.7375439595557001,0.6177120208740234,0.12199640274047852
500,4.6000000000000005,20.902400000000007,3.6800000000000006,1,1,1,14,0.8806278690708709,0.9062921448546938,0.6451325416564941,0.14017534255981445
500,4.6000000000000005,20.902400000000007,3.6800000000000006,1,1,1,15,0.6465460862986984,0.7156531092241698,0.5541036128997803,0.10593938827514648
500,4.6000000000000005,20.902400000000007,3.6800000000000006,1,1,1,16,0.6735566234039109,0.6757844643273782,0.5268535614013672,0.1290607452392578
500,4.6000000000000005,20.902400000000007,3.6800000000000006,1,1,1,17,0.6408649775790916,0.5954187993806643,0.5088930130004883,0.10893607139587402
500,4.6000000000000005,20.902400000000007,3.6800000000000006,1,1,1,18,0.7651251742153917,0.6356994699760027,0.5614984035491943,0.09596037864685059
500,4.6000000000000005,20.902400000000007,3.6800000000000006,1,1,1,19,0.646732889800228,0.6334776368671908,0.6404163837432861,0.1099550724029541
500,4.6000000000000005,20.902400000000007,3.6800000000000006,1,1,1,20,0.7557254423315432,0.6537011953181759,0.7039504051208496,0.11803150177001953
500,4.6000000000000005,20.902400000000007,3.6800000000000006,1,1,1,21,0.6611650823789427,0.568327319559776,0.5345358848571777,0.11950469017028809
500,4.6000000000000005,20.902400000000007,3.6800000000000006,1,1,1,22,0.6425173260108445,0.5959431271080848,0.5308654308319092,0.11104536056518555
500,4.6000000000000005,20.902400000000007,3.6800000000000006,1,1,1,23,0.7859894495736817,0.7257113793108549,0.5482170581817627,0.1094057559967041
500,4.6000000000000005,20.902400000000007,3.6800000000000006,1,1,1,24,0.8264943850006461,0.8450927927781717,0.5623576641082764,0.11051297187805176
500,4.800000000000001,22.425600000000006,3.8400000000000007,1,1,1,0,0.9788948261360781,0.8062451411953248,0.6968450546264648,0.12352323532104492
500,4.800000000000001,22.425600000000006,3.8400000000000007,1,1,1,1,0.7176662030165868,0.6809121780524632,0.5732831954956055,0.09661197662353516
500,4.800000000000001,22.425600000000006,3.8400000000000007,1,1,1,2,0.8392462183073576,0.8216092891473078,0.5503160953521729,0.11497139930725098
500,4.800000000000001,22.425600000000006,3.8400000000000007,1,1,1,3,0.787658641610373,0.6435989395150168,0.5867035388946533,0.09402060508728027
500,4.800000000000001,22.425600000000006,3.8400000000000007,1,1,1,4,0.786690807751438,0.836619779193861,0.5478782653808594,0.10543465614318848
500,4.800000000000001,22.425600000000006,3.8400000000000007,1,1,1,5,2.816363776675424,2.2298055105651318,0.6411070823669434,0.1326274871826172
500,4.800000000000001,22.425600000000006,3.8400000000000007,1,1,1,6,0.6982732979537598,0.6163685540454515,0.6250698566436768,0.11047172546386719
500,4.800000000000001,22.425600000000006,3.8400000000000007,1,1,1,7,2.8245595507906325,1.9103367966473832,0.5867984294891357,0.11939811706542969
500,4.800000000000001,22.425600000000006,3.8400000000000007,1,1,1,8,0.8015972848348877,0.8756731432555618,0.6925244331359863,0.12252998352050781
500,4.800000000000001,22.425600000000006,3.8400000000000007,1,1,1,9,0.7963622948654872,0.6689904075119499,0.5586147308349609,0.12452816963195801
500,4.800000000000001,22.425600000000006,3.8400000000000007,1,1,1,10,0.7893712813536734,0.6125734640897533,0.58561110496521,0.1320323944091797
500,4.800000000000001,22.425600000000006,3.8400000000000007,1,1,1,11,0.8726633329882197,0.7888411597254263,0.674771785736084,0.14002490043640137
500,4.800000000000001,22.425600000000006,3.8400000000000007,1,1,1,12,0.8296035033961843,0.6262583225980226,0.5848989486694336,0.0945734977722168
500,4.800000000000001,22.425600000000006,3.8400000000000007,1,1,1,13,0.8207992221339715,0.7273792052411888,0.5365927219390869,0.09852910041809082
500,4.800000000000001,22.425600000000006,3.8400000000000007,1,1,1,14,0.6893659321717557,1.0046788554574875,0.5826823711395264,0.10951757431030273
500,4.800000000000001,22.425600000000006,3.8400000000000007,1,1,1,15,0.8641660645058539,0.8166712379179352,0.5913376808166504,0.09350776672363281
500,4.800000000000001,22.425600000000006,3.8400000000000007,1,1,1,16,1.0606071627970004,0.8122913256976579,0.6504497528076172,0.11501097679138184
500,4.800000000000001,22.425600000000006,3.8400000000000007,1,1,1,17,0.7129159954909073,0.7170152335227403,0.7017085552215576,0.12352538108825684
500,4.800000000000001,22.425600000000006,3.8400000000000007,1,1,1,18,0.742874712418938,0.5915773779028694,0.5236697196960449,0.10939908027648926
500,4.800000000000001,22.425600000000006,3.8400000000000007,1,1,1,19,0.831146632143438,0.7043744206906363,0.47901320457458496,0.11455774307250977
500,4.800000000000001,22.425600000000006,3.8400000000000007,1,1,1,20,0.93198538869633,0.9088851382033423,0.4817006587982178,0.11505246162414551
500,4.800000000000001,22.425600000000006,3.8400000000000007,1,1,1,21,0.740607850641238,0.6445502006696257,0.5263965129852295,0.09801983833312988
500,4.800000000000001,22.425600000000006,3.8400000000000007,1,1,1,22,2.8220144605086133,1.3265640864236077,0.6965126991271973,0.12050175666809082
500,4.800000000000001,22.425600000000006,3.8400000000000007,1,1,1,23,0.7573009194077392,0.5951171725131427,0.5062122344970703,0.11552071571350098
500,4.800000000000001,22.425600000000006,3.8400000000000007,1,1,1,24,0.9321297465578161,0.7493596297662315,0.5370864868164062,0.10942316055297852
500,5.0,24.0,4.0,1,1,1,0,2.8274965220121993,2.5167888736247015,0.5123813152313232,0.10557055473327637
500,5.0,24.0,4.0,1,1,1,1,2.8283554657703234,4.313205252196687,0.5790929794311523,0.1154172420501709
500,5.0,24.0,4.0,1,1,1,2,0.9562663589067845,0.6448200380464594,0.6267473697662354,0.14242029190063477
500,5.0,24.0,4.0,1,1,1,3,2.8233255083438786,2.2562236773908904,0.7337121963500977,0.1407332420349121
500,5.0,24.0,4.0,1,1,1,4,2.819712965004497,1.2491215994244398,0.5990304946899414,0.13594841957092285
500,5.0,24.0,4.0,1,1,1,5,2.6944397581176927,1.1269629431397086,0.5005667209625244,0.11996269226074219
500,5.0,24.0,4.0,1,1,1,6,2.8244622142026907,3.060927289772803,0.4935002326965332,0.11150336265563965
500,5.0,24.0,4.0,1,1,1,7,1.1051940951841683,0.628164476453262,0.5708844661712646,0.11399626731872559
500,5.0,24.0,4.0,1,1,1,8,1.2996552142715934,1.055212525712619,0.643836259841919,0.12051844596862793
500,5.0,24.0,4.0,1,1,1,9,2.177076960910139,0.9958165293187592,0.5333807468414307,0.11406254768371582
500,5.0,24.0,4.0,1,1,1,10,2.828099695845024,2.5952687052089503,0.5106363296508789,0.0969386100769043
500,5.0,24.0,4.0,1,1,1,11,2.8284069187968663,2.7735068794182225,0.5860385894775391,0.0994410514831543
500,5.0,24.0,4.0,1,1,1,12,2.828327346760773,2.764158619400972,0.599898099899292,0.09765195846557617
500,5.0,24.0,4.0,1,1,1,13,2.828411592540036,3.7847572094442197,0.7575662136077881,0.09651613235473633
500,5.0,24.0,4.0,1,1,1,14,2.8216221023661516,2.7831766011408385,0.5430037975311279,0.10738182067871094
500,5.0,24.0,4.0,1,1,1,15,2.7827398673507835,0.9700663862349846,0.5889132022857666,0.09810876846313477
500,5.0,24.0,4.0,1,1,1,16,2.1297037154096023,0.9450566056118153,0.5463500022888184,0.10553860664367676
500,5.0,24.0,4.0,1,1,1,17,0.7563260477636742,0.6139154739818974,0.5506441593170166,0.09642696380615234
500,5.0,24.0,4.0,1,1,1,18,2.8284263070891082,4.509020829879301,0.5806164741516113,0.1470491886138916
500,5.0,24.0,4.0,1,1,1,19,0.8360152716330636,0.8273753576111921,0.6771059036254883,0.13053154945373535
500,5.0,24.0,4.0,1,1,1,20,1.1468464724926801,0.6478589145117871,0.5173490047454834,0.09851527214050293
500,5.0,24.0,4.0,1,1,1,21,1.1067772182992992,0.9837216597136897,0.5239830017089844,0.11853647232055664
500,5.0,24.0,4.0,1,1,1,22,2.8284224706413807,3.2416048452347344,0.5637388229370117,0.11541175842285156
500,5.0,24.0,4.0,1,1,1,23,2.827607430270535,3.332159222841016,0.5943183898925781,0.09851861000061035
500,5.0,24.0,4.0,1,1,1,24,2.8283901482133986,4.035568489917878,0.663921594619751,0.13756394386291504
500,5.2,25.625600000000002,4.16,1,1,1,0,2.8021976056417635,0.8837200191641753,0.7149331569671631,0.10140752792358398
500,5.2,25.625600000000002,4.16,1,1,1,1,1.3008249370729714,0.8039301129305318,0.5681612491607666,0.09801435470581055
500,5.2,25.625600000000002,4.16,1,1,1,2,2.7916669890237484,1.9452036958949004,0.5835175514221191,0.10542154312133789
500,5.2,25.625600000000002,4.16,1,1,1,3,2.8283732055725164,3.2197730947449257,0.56168532371521,0.10036087036132812
500,5.2,25.625600000000002,4.16,1,1,1,4,0.9262829403184115,0.8757433986079419,0.6541244983673096,0.1353156566619873
500,5.2,25.625600000000002,4.16,1,1,1,5,2.8284193377200944,2.9825917556561525,0.6392595767974854,0.10411691665649414
500,5.2,25.625600000000002,4.16,1,1,1,6,2.8284265408551463,3.235095109047983,0.6058778762817383,0.09316539764404297
500,5.2,25.625600000000002,4.16,1,1,1,7,2.8284023070796334,4.720837198606113,0.5974605083465576,0.09424471855163574
500,5.2,25.625600000000002,4.16,1,1,1,8,2.1971416189373945,0.784400562874729,0.5969593524932861,0.10253095626831055
500,5.2,25.625600000000002,4.16,1,1,1,9,2.8283414321239224,2.2757318238969164,0.5132796764373779,0.13551712036132812
500,5.2,25.625600000000002,4.16,1,1,1,10,2.8222227302257488,1.3860061977855873,0.6142921447753906,0.14905810356140137
500,5.2,25.625600000000002,4.16,1,1,1,11,2.8038824739696855,1.093594498106362,0.5426914691925049,0.11551547050476074
500,5.2,25.625600000000002,4.16,1,1,1,12,2.828304333535924,2.20275250192021,0.4948742389678955,0.11029410362243652
500,5.2,25.625600000000002,4.16,1,1,1,13,2.828292143792446,3.0925727766142876,0.4794127941131592,0.10243415832519531
500,5.2,25.625600000000002,4.16,1,1,1,14,2.821948701825611,2.9745946450992053,0.5138301849365234,0.1165163516998291
500,5.2,25.625600000000002,4.16,1,1,1,15,2.8284241258192315,4.813115197593752,0.5889337062835693,0.11842036247253418
500,5.2,25.625600000000002,4.16,1,1,1,16,2.828388665054292,4.197801187413975,0.6003320217132568,0.12152600288391113
500,5.2,25.625600000000002,4.16,1,1,1,17,2.828426654269286,4.708180919658448,0.5016264915466309,0.12050008773803711
500,5.2,25.625600000000002,4.16,1,1,1,18,2.8283627696765095,2.7848387018739653,0.517284631729126,0.10841488838195801
500,5.2,25.625600000000002,4.16,1,1,1,19,2.824775731685599,2.3448225608288786,0.5861263275146484,0.12897825241088867
500,5.2,25.625600000000002,4.16,1,1,1,20,2.8282679071084624,3.9110478648415095,0.557532548904419,0.1265556812286377
500,5.2,25.625600000000002,4.16,1,1,1,21,2.828422245183393,3.741742826217601,0.6014566421508789,0.12351107597351074
500,5.2,25.625600000000002,4.16,1,1,1,22,2.7838135897780103,2.209447783079265,0.5110828876495361,0.1172950267791748
500,5.2,25.625600000000002,4.16,1,1,1,23,2.8280046267241215,3.9099198956429873,0.5179941654205322,0.12053346633911133
500,5.2,25.625600000000002,4.16,1,1,1,24,2.82842424521246,3.4926676344175966,0.5301754474639893,0.11051321029663086
500,5.4,27.302400000000002,4.32,1,1,1,0,2.8284257116063105,3.330704973710229,0.5823690891265869,0.09707403182983398
500,5.4,27.302400000000002,4.32,1,1,1,1,2.828418066926617,4.743779535384225,0.6086692810058594,0.11848068237304688
500,5.4,27.302400000000002,4.32,1,1,1,2,1.3113031386900817,1.0590529591503557,0.6683330535888672,0.14453864097595215
500,5.4,27.302400000000002,4.32,1,1,1,3,2.8283820943655975,2.884166525753911,0.5643777847290039,0.11606526374816895
500,5.4,27.302400000000002,4.32,1,1,1,4,2.82842345697655,3.473843526240907,0.5540030002593994,0.12752723693847656
500,5.4,27.302400000000002,4.32,1,1,1,5,2.828425978290273,4.0696276582365245,0.4947793483734131,0.10844540596008301
500,5.4,27.302400000000002,4.32,1,1,1,6,2.828422056362562,3.766251893805038,0.5340056419372559,0.12241339683532715
500,5.4,27.302400000000002,4.32,1,1,1,7,2.827770023541308,2.7598495892379313,0.621798038482666,0.11698198318481445
500,5.4,27.302400000000002,4.32,1,1,1,8,2.8274780033514606,2.7786110129911847,0.5223956108093262,0.10842347145080566
500,5.4,27.302400000000002,4.32,1,1,1,9,2.8284271126591776,4.358188418886388,0.5009846687316895,0.10296368598937988
500,5.4,27.302400000000002,4.32,1,1,1,10,2.828386134272965,3.1937936916888794,0.5095617771148682,0.1079413890838623
500,5.4,27.302400000000002,4.32,1,1,1,11,2.827664284786673,4.831688535388461,0.5328638553619385,0.1005549430847168
500,5.4,27.302400000000002,4.32,1,1,1,12,2.828427003990703,3.8157775688598474,0.5857882499694824,0.14904022216796875
500,5.4,27.302400000000002,4.32,1,1,1,13,2.828366038807162,4.332123222154797,0.7292416095733643,0.1300656795501709
500,5.4,27.302400000000002,4.32,1,1,1,14,2.828419605749997,4.31367093075893,0.5360400676727295,0.12973690032958984
500,5.4,27.302400000000002,4.32,1,1,1,15,2.828395788469466,3.24443954918277,0.6818592548370361,0.13651537895202637
500,5.4,27.302400000000002,4.32,1,1,1,16,2.828214063496375,3.7753157687010654,0.7271461486816406,0.14807701110839844
500,5.4,27.302400000000002,4.32,1,1,1,17,2.828417668694106,5.8851978981363535,0.6391711235046387,0.12842535972595215
500,5.4,27.302400000000002,4.32,1,1,1,18,2.828100658207886,2.922230018119315,0.6233975887298584,0.1114351749420166
500,5.4,27.302400000000002,4.32,1,1,1,19,2.8283955969380137,2.5718203556406056,0.5442535877227783,0.11351180076599121
500,5.4,27.302400000000002,4.32,1,1,1,20,2.828425300369003,4.660677764328875,0.5686221122741699,0.09453415870666504
500,5.4,27.302400000000002,4.32,1,1,1,21,1.319676474166811,0.8903245744532364,0.5667767524719238,0.10547661781311035
500,5.4,27.302400000000002,4.32,1,1,1,22,2.8283961309244643,4.567666536557641,0.5847647190093994,0.09750986099243164
500,5.4,27.302400000000002,4.32,1,1,1,23,2.8281671886408706,3.947709770279483,0.7488579750061035,0.12408757209777832
500,5.4,27.302400000000002,4.32,1,1,1,24,2.8284164841437818,3.946274432731456,0.5927934646606445,0.09813308715820312
500,5.6000000000000005,29.030400000000004,4.48,1,1,1,0,2.8284206130919984,5.649462949709236,0.6183393001556396,0.09641361236572266
500,5.6000000000000005,29.030400000000004,4.48,1,1,1,1,2.8284270173835475,4.45792397290682,0.5931546688079834,0.09741735458374023
500,5.6000000000000005,29.030400000000004,4.48,1,1,1,2,2.8282116345495445,3.4474473368910457,0.5748825073242188,0.0954594612121582
500,5.6000000000000005,29.030400000000004,4.48,1,1,1,3,2.8283871084381924,4.687346697908821,0.6509766578674316,0.1365666389465332
500,5.6000000000000005,29.030400000000004,4.48,1,1,1,4,2.8284260139393704,4.723634910051198,0.6571390628814697,0.14507007598876953
500,5.6000000000000005,29.030400000000004,4.48,1,1,1,5,2.828427124259218,4.975624594672963,0.5533535480499268,0.09553766250610352
500,5.6000000000000005,29.030400000000004,4.48,1,1,1,6,2.828318764086913,5.226640697824497,0.5475761890411377,0.09014010429382324
500,5.6000000000000005,29.030400000000004,4.48,1,1,1,7,2.8284235018228396,4.480174355247205,0.5484354496002197,0.10849499702453613
500,5.6000000000000005,29.030400000000004,4.48,1,1,1,8,2.828025897684765,4.679881217356854,0.510399341583252,0.10808515548706055
500,5.6000000000000005,29.030400000000004,4.48,1,1,1,9,2.828427123620423,4.685172976819279,0.6182401180267334,0.12083196640014648
500,5.6000000000000005,29.030400000000004,4.48,1,1,1,10,2.828417132963373,4.46764086280408,0.6619007587432861,0.13460206985473633
500,5.6000000000000005,29.030400000000004,4.48,1,1,1,11,2.8283799738402697,3.5799139902745316,0.7561917304992676,0.13502097129821777
500,5.6000000000000005,29.030400000000004,4.48,1,1,1,12,2.828407638773053,3.8637597677175552,0.5211484432220459,0.1169288158416748
500,5.6000000000000005,29.030400000000004,4.48,1,1,1,13,2.828410908404892,4.405398804035926,0.5732591152191162,0.11392807960510254
500,5.6000000000000005,29.030400000000004,4.48,1,1,1,14,2.8284257758550004,4.992697846253565,0.5926468372344971,0.11807966232299805
500,5.6000000000000005,29.030400000000004,4.48,1,1,1,15,2.8284248000275003,3.163131785954097,0.6709096431732178,0.11214709281921387
500,5.6000000000000005,29.030400000000004,4.48,1,1,1,16,2.8284260322255204,3.459294779264278,0.5453453063964844,0.09519433975219727
500,5.6000000000000005,29.030400000000004,4.48,1,1,1,17,2.828424883961028,4.428566709935792,0.6065404415130615,0.09945273399353027
500,5.6000000000000005,29.030400000000004,4.48,1,1,1,18,2.828424290511685,4.49608825431146,0.566190242767334,0.10649824142456055
500,5.6000000000000005,29.030400000000004,4.48,1,1,1,19,2.828132078846562,4.662708220692607,0.5409364700317383,0.09651970863342285
500,5.6000000000000005,29.030400000000004,4.48,1,1,1,20,2.8284214055352996,5.398614493402655,0.6523678302764893,0.1269538402557373
500,5.6000000000000005,29.030400000000004,4.48,1,1,1,21,2.828194653408981,4.469384555448465,0.740802526473999,0.10108065605163574
500,5.6000000000000005,29.030400000000004,4.48,1,1,1,22,2.8284270389854975,3.663601562173265,0.5534439086914062,0.1015172004699707
500,5.6000000000000005,29.030400000000004,4.48,1,1,1,23,2.828425726612226,3.178158401683927,0.48697686195373535,0.11848759651184082
500,5.6000000000000005,29.030400000000004,4.48,1,1,1,24,2.828427000791153,3.914453307123325,0.5344834327697754,0.10916543006896973
500,5.800000000000001,30.809600000000007,4.640000000000001,1,1,1,0,2.828421451270454,3.607359104818142,0.6194429397583008,0.1285238265991211
500,5.800000000000001,30.809600000000007,4.640000000000001,1,1,1,1,2.8284206888019185,4.222500750108819,0.7066404819488525,0.12045621871948242
500,5.800000000000001,30.809600000000007,4.640000000000001,1,1,1,2,2.828421105234136,4.690404002491243,0.5291225910186768,0.10926699638366699
500,5.800000000000001,30.809600000000007,4.640000000000001,1,1,1,3,2.8284231159282265,3.517863274605797,0.5751962661743164,0.08297348022460938
500,5.800000000000001,30.809600000000007,4.640000000000001,1,1,1,4,2.828415444735824,3.65821651830452,0.5902340412139893,0.10050654411315918
500,5.800000000000001,30.809600000000007,4.640000000000001,1,1,1,5,2.8284198939060197,5.044219671054642,0.6176633834838867,0.10050702095031738
500,5.800000000000001,30.809600000000007,4.640000000000001,1,1,1,6,2.8284211612166574,4.179503139335867,0.616499662399292,0.16936898231506348
500,5.800000000000001,30.809600000000007,4.640000000000001,1,1,1,7,2.828424602708158,5.3788923959858685,0.8470063209533691,0.13045549392700195
500,5.800000000000001,30.809600000000007,4.640000000000001,1,1,1,8,2.8279593168816874,2.389814741180561,0.5610337257385254,0.0819556713104248
500,5.800000000000001,30.809600000000007,4.640000000000001,1,1,1,9,2.828417277004386,4.705044365438264,0.5577466487884521,0.11827683448791504
500,5.800000000000001,30.809600000000007,4.640000000000001,1,1,1,10,2.828424593407757,3.3807245737961735,0.5832304954528809,0.0939795970916748
500,5.800000000000001,30.809600000000007,4.640000000000001,1,1,1,11,2.8280528974594965,4.2457953220355416,0.7210330963134766,0.12116265296936035
500,5.800000000000001,30.809600000000007,4.640000000000001,1,1,1,12,2.828149730595241,3.6637677787544107,0.602938175201416,0.09112286567687988
500,5.800000000000001,30.809600000000007,4.640000000000001,1,1,1,13,2.8284245316780394,5.760318029427971,0.6027765274047852,0.11734509468078613
500,5.800000000000001,30.809600000000007,4.640000000000001,1,1,1,14,2.8284271246696413,2.8706802280920503,0.5748846530914307,0.09438562393188477
500,5.800000000000001,30.809600000000007,4.640000000000001,1,1,1,15,2.82842664178284,5.609790372314882,0.6033878326416016,0.10548758506774902
500,5.800000000000001,30.809600000000007,4.640000000000001,1,1,1,16,2.828425835983609,4.627986980616125,0.6078574657440186,0.11254286766052246
500,5.800000000000001,30.809600000000007,4.640000000000001,1,1,1,17,2.828377917538406,5.0751801212194945,0.7449700832366943,0.12862730026245117
500,5.800000000000001,30.809600000000007,4.640000000000001,1,1,1,18,2.828426162673986,4.110755046835786,0.6567225456237793,0.09942913055419922
500,5.800000000000001,30.809600000000007,4.640000000000001,1,1,1,19,2.8282464681538846,4.143731019754774,0.5853638648986816,0.1007387638092041
500,5.800000000000001,30.809600000000007,4.640000000000001,1,1,1,20,2.8283897444803445,3.710440554207572,0.5903103351593018,0.10128235816955566
500,5.800000000000001,30.809600000000007,4.640000000000001,1,1,1,21,2.828421834944345,4.6277842657133705,0.5796844959259033,0.10068869590759277
500,5.800000000000001,30.809600000000007,4.640000000000001,1,1,1,22,2.8284044090545724,4.834674076694072,0.6373641490936279,0.13321471214294434
500,5.800000000000001,30.809600000000007,4.640000000000001,1,1,1,23,2.827518148625748,3.4641917592851925,0.6862246990203857,0.10847187042236328
500,5.800000000000001,30.809600000000007,4.640000000000001,1,1,1,24,2.8284042340043336,4.1215126264375845,0.5366883277893066,0.1278219223022461
500,6.0,32.64000000000001,4.800000000000001,1,1,1,0,2.8284236983587303,4.455014981573983,0.5578584671020508,0.09566235542297363
500,6.0,32.64000000000001,4.800000000000001,1,1,1,1,2.8284228865802,3.6328415843891815,0.6465399265289307,0.12632536888122559
500,6.0,32.64000000000001,4.800000000000001,1,1,1,2,2.8284206635859928,4.81358856402529,0.791018009185791,0.14594793319702148
500,6.0,32.64000000000001,4.800000000000001,1,1,1,3,2.8284162909786024,3.699318249349413,0.5705487728118896,0.11234426498413086
500,6.0,32.64000000000001,4.800000000000001,1,1,1,4,2.828136278561795,3.99270545648559,0.5804731845855713,0.08606195449829102
500,6.0,32.64000000000001,4.800000000000001,1,1,1,5,2.8284222295300965,3.9975298013987732,0.5835323333740234,0.09349870681762695
500,6.0,32.64000000000001,4.800000000000001,1,1,1,6,2.828427075888271,4.164564339827857,0.5725431442260742,0.09395861625671387
500,6.0,32.64000000000001,4.800000000000001,1,1,1,7,2.828427119495984,4.803358875208023,0.5273940563201904,0.10709190368652344
500,6.0,32.64000000000001,4.800000000000001,1,1,1,8,2.8284269479390143,5.244733670238252,0.6473772525787354,0.11565423011779785
500,6.0,32.64000000000001,4.800000000000001,1,1,1,9,2.828420817137091,4.416730589618094,0.6009578704833984,0.09657645225524902
500,6.0,32.64000000000001,4.800000000000001,1,1,1,10,2.8267726461571776,3.830959482523524,0.5291204452514648,0.09357905387878418
500,6.0,32.64000000000001,4.800000000000001,1,1,1,11,2.8283328985262575,3.886384999359445,0.4869983196258545,0.10127019882202148
500,6.0,32.64000000000001,4.800000000000001,1,1,1,12,2.828427072927301,3.9634012593633865,0.49529147148132324,0.10426974296569824
500,6.0,32.64000000000001,4.800000000000001,1,1,1,13,2.8283708469615254,3.5164191020648223,0.5321495532989502,0.11638522148132324
500,6.0,32.64000000000001,4.800000000000001,1,1,1,14,2.828375097208597,4.317508613296823,0.7165482044219971,0.12056088447570801
500,6.0,32.64000000000001,4.800000000000001,1,1,1,15,2.828406489957613,3.9334178881609496,0.5495357513427734,0.10105729103088379
500,6.0,32.64000000000001,4.800000000000001,1,1,1,16,2.8284263796502476,4.7229067224411505,0.5363450050354004,0.07850790023803711
500,6.0,32.64000000000001,4.800000000000001,1,1,1,17,2.8284176746516607,4.361969770499254,0.5134129524230957,0.10299420356750488
500,6.0,32.64000000000001,4.800000000000001,1,1,1,18,2.8284093549717784,4.416945277621353,0.5016522407531738,0.09569454193115234
500,6.0,32.64000000000001,4.800000000000001,1,1,1,19,2.828427124725878,4.860980422021681,0.5809667110443115,0.1360759735107422
500,6.0,32.64000000000001,4.800000000000001,1,1,1,20,2.8283502200830197,4.260701106697863,0.6991918087005615,0.0940549373626709
500,6.0,32.64000000000001,4.800000000000001,1,1,1,21,2.828293731031305,4.153355940672205,0.5816378593444824,0.12365245819091797
500,6.0,32.64000000000001,4.800000000000001,1,1,1,22,2.8284267134754457,3.8686059154474814,0.6682472229003906,0.11761116981506348
500,6.0,32.64000000000001,4.800000000000001,1,1,1,23,2.8283950855332414,3.9679526805843515,0.518477201461792,0.1009526252746582
500,6.0,32.64000000000001,4.800000000000001,1,1,1,24,2.8284267671111083,4.398451003468261,0.6047751903533936,0.12721633911132812
500,6.2,34.521600000000014,4.960000000000001,1,1,1,0,2.828425847743808,4.442418249903484,0.5926759243011475,0.1169130802154541
500,6.2,34.521600000000014,4.960000000000001,1,1,1,1,2.8284264548478615,4.359702064951755,0.5177726745605469,0.08942461013793945
500,6.2,34.521600000000014,4.960000000000001,1,1,1,2,2.8284093828009604,4.764383074907564,0.4914085865020752,0.09740829467773438
500,6.2,34.521600000000014,4.960000000000001,1,1,1,3,2.8284234733506235,3.836294974589342,0.47170495986938477,0.11896038055419922
500,6.2,34.521600000000014,4.960000000000001,1,1,1,4,2.8284259220468653,4.664578186289952,0.5095255374908447,0.10881519317626953
500,6.2,34.521600000000014,4.960000000000001,1,1,1,5,2.828427012223527,4.741780276326643,0.5986242294311523,0.12380385398864746
500,6.2,34.521600000000014,4.960000000000001,1,1,1,6,2.828356564301666,3.9428284654818784,0.5719850063323975,0.1345386505126953
500,6.2,34.521600000000014,4.960000000000001,1,1,1,7,2.8284076098935205,4.577914569700066,0.5097179412841797,0.11002898216247559
500,6.2,34.521600000000014,4.960000000000001,1,1,1,8,2.8284263906679477,3.8231030825733185,0.5749824047088623,0.11829590797424316
500,6.2,34.521600000000014,4.960000000000001,1,1,1,9,2.828342843171106,3.974705731954932,0.5066235065460205,0.11780524253845215
500,6.2,34.521600000000014,4.960000000000001,1,1,1,10,2.8284190771639315,4.097592300201447,0.5275647640228271,0.10704755783081055
500,6.2,34.521600000000014,4.960000000000001,1,1,1,11,2.8284168426242666,4.244333468141436,0.6559708118438721,0.12163686752319336
500,6.2,34.521600000000014,4.960000000000001,1,1,1,12,2.8284102839059617,4.4874524496061,0.552722692489624,0.09426283836364746
500,6.2,34.521600000000014,4.960000000000001,1,1,1,13,2.828426402950304,4.899003718049886,0.5134701728820801,0.1081702709197998
500,6.2,34.521600000000014,4.960000000000001,1,1,1,14,2.8284201422326145,4.086708126433602,0.587639331817627,0.10619115829467773
500,6.2,34.521600000000014,4.960000000000001,1,1,1,15,2.828423609902328,6.149141648392212,0.5944013595581055,0.09912538528442383
500,6.2,34.521600000000014,4.960000000000001,1,1,1,16,2.8284266811221306,4.534526564134219,0.5946786403656006,0.11169052124023438
500,6.2,34.521600000000014,4.960000000000001,1,1,1,17,2.8284249410853364,4.6816103885252085,0.7293779850006104,0.15021991729736328
500,6.2,34.521600000000014,4.960000000000001,1,1,1,18,2.8282918637866867,4.595187754803475,0.6610305309295654,0.12273359298706055
500,6.2,34.521600000000014,4.960000000000001,1,1,1,19,2.8284267695720424,4.219393476866433,0.6252470016479492,0.11467194557189941
500,6.2,34.521600000000014,4.960000000000001,1,1,1,20,2.828415934122454,4.088591545231574,0.5054671764373779,0.10250496864318848
500,6.2,34.521600000000014,4.960000000000001,1,1,1,21,2.8284153105131478,4.260263870168662,0.5675289630889893,0.1418001651763916
500,6.2,34.521600000000014,4.960000000000001,1,1,1,22,2.8284270258810538,4.454695205079506,0.6972427368164062,0.12014245986938477
500,6.2,34.521600000000014,4.960000000000001,1,1,1,23,2.8284253881872212,4.15670006641033,0.5699102878570557,0.10149073600769043
500,6.2,34.521600000000014,4.960000000000001,1,1,1,24,2.828415882957626,4.69931214601951,0.5457901954650879,0.10015153884887695
500,6.4,36.454400000000014,5.120000000000001,1,1,1,0,2.8284204939816173,4.133394997633656,0.608375072479248,0.09834170341491699
500,6.4,36.454400000000014,5.120000000000001,1,1,1,1,2.828422592790252,4.279466562064078,0.578545093536377,0.11403989791870117
500,6.4,36.454400000000014,5.120000000000001,1,1,1,2,2.8284128616398676,4.7642192341091585,0.6554529666900635,0.13527178764343262
500,6.4,36.454400000000014,5.120000000000001,1,1,1,3,2.8284217607973847,4.546756160974191,0.6275129318237305,0.11717915534973145
500,6.4,36.454400000000014,5.120000000000001,1,1,1,4,2.8284257869721183,3.615366760724524,0.524024486541748,0.12256026268005371
500,6.4,36.454400000000014,5.120000000000001,1,1,1,5,2.828425523181217,4.255760923823688,0.5640032291412354,0.0894625186920166
500,6.4,36.454400000000014,5.120000000000001,1,1,1,6,2.8284200527060634,4.580433215724884,0.5850200653076172,0.0896308422088623
500,6.4,36.454400000000014,5.120000000000001,1,1,1,7,2.828426909168634,4.2530364360440185,0.6144194602966309,0.12244105339050293
500,6.4,36.454400000000014,5.120000000000001,1,1,1,8,2.8282508057181053,4.42880264996803,0.6785604953765869,0.09354233741760254
500,6.4,36.454400000000014,5.120000000000001,1,1,1,9,2.8275129826624883,3.9378823825184437,0.5469412803649902,0.10418105125427246
500,6.4,36.454400000000014,5.120000000000001,1,1,1,10,2.828394566762055,4.741337649633888,0.5600237846374512,0.1240396499633789
500,6.4,36.454400000000014,5.120000000000001,1,1,1,11,2.828416887748704,4.359396097379384,0.5156176090240479,0.12137436866760254
500,6.4,36.454400000000014,5.120000000000001,1,1,1,12,2.8284262470538653,5.904356385158576,0.5288345813751221,0.10846686363220215
500,6.4,36.454400000000014,5.120000000000001,1,1,1,13,2.82836959826708,5.598019123167289,0.6261601448059082,0.14075660705566406
500,6.4,36.454400000000014,5.120000000000001,1,1,1,14,2.828169264176479,4.670319155639095,0.8629796504974365,0.14380693435668945
500,6.4,36.454400000000014,5.120000000000001,1,1,1,15,2.828426972753708,4.2891037101012195,0.565070390701294,0.1175999641418457
500,6.4,36.454400000000014,5.120000000000001,1,1,1,16,2.828425200273863,4.950445234311228,0.512000560760498,0.12062883377075195
500,6.4,36.454400000000014,5.120000000000001,1,1,1,17,2.8284194856883333,5.276642692791273,0.5155467987060547,0.11359977722167969
500,6.4,36.454400000000014,5.120000000000001,1,1,1,18,2.8284161530565295,3.993910634829723,0.5974581241607666,0.1136941909790039
500,6.4,36.454400000000014,5.120000000000001,1,1,1,19,2.8284270719956415,4.316927650701251,0.7488558292388916,0.13167643547058105
500,6.4,36.454400000000014,5.120000000000001,1,1,1,20,2.828381041239826,3.960120233536609,0.5413317680358887,0.11159873008728027
500,6.4,36.454400000000014,5.120000000000001,1,1,1,21,2.8284270688074153,4.343659249991512,0.518477201461792,0.11460232734680176
500,6.4,36.454400000000014,5.120000000000001,1,1,1,22,2.8284259857821485,5.143151856092833,0.5443933010101318,0.1094977855682373
500,6.4,36.454400000000014,5.120000000000001,1,1,1,23,2.8284141304574173,4.9760309201465756,0.5865011215209961,0.11918449401855469
500,6.4,36.454400000000014,5.120000000000001,1,1,1,24,2.8283700147392965,4.528573602445495,0.6490752696990967,0.14101552963256836
500,6.6000000000000005,38.438400000000016,5.280000000000001,1,1,1,0,2.8284012902326126,4.171316625813641,0.5583014488220215,0.11610794067382812
500,6.6000000000000005,38.438400000000016,5.280000000000001,1,1,1,1,2.8284236525929196,5.6079293587829735,0.55729079246521,0.11703276634216309
500,6.6000000000000005,38.438400000000016,5.280000000000001,1,1,1,2,2.8284270207665743,4.092022714140773,0.5367310047149658,0.10741567611694336
500,6.6000000000000005,38.438400000000016,5.280000000000001,1,1,1,3,2.8284270779029552,4.497423771222754,0.5557019710540771,0.09549522399902344
500,6.6000000000000005,38.438400000000016,5.280000000000001,1,1,1,4,2.8284264783715027,4.700156120324438,0.6739277839660645,0.11959242820739746
500,6.6000000000000005,38.438400000000016,5.280000000000001,1,1,1,5,2.82842415165802,5.42977983563309,0.633298397064209,0.11266112327575684
500,6.6000000000000005,38.438400000000016,5.280000000000001,1,1,1,6,2.8284270304518455,4.5646327872753485,0.5852327346801758,0.09150552749633789
500,6.6000000000000005,38.438400000000016,5.280000000000001,1,1,1,7,2.8283943320745712,4.264768071536991,0.5561504364013672,0.11360430717468262
500,6.6000000000000005,38.438400000000016,5.280000000000001,1,1,1,8,2.8283862278398195,4.738058096957427,0.5883774757385254,0.11860823631286621
500,6.6000000000000005,38.438400000000016,5.280000000000001,1,1,1,9,2.828427088628935,4.467258950786205,0.7406611442565918,0.13676023483276367
500,6.6000000000000005,38.438400000000016,5.280000000000001,1,1,1,10,2.828375497573321,4.116932858359451,0.7001535892486572,0.1297314167022705
500,6.6000000000000005,38.438400000000016,5.280000000000001,1,1,1,11,2.828426436196573,5.044239567619698,0.531322717666626,0.09875321388244629
500,6.6000000000000005,38.438400000000016,5.280000000000001,1,1,1,12,2.828425386667805,5.802514446148957,0.5172519683837891,0.11908912658691406
500,6.6000000000000005,38.438400000000016,5.280000000000001,1,1,1,13,2.8284215804821833,4.769646976555941,0.5415771007537842,0.08402061462402344
500,6.6000000000000005,38.438400000000016,5.280000000000001,1,1,1,14,2.8284268766471836,5.174851063815726,0.5196478366851807,0.11537003517150879
500,6.6000000000000005,38.438400000000016,5.280000000000001,1,1,1,15,2.8284264681736917,5.789257554824332,0.6537895202636719,0.11373043060302734
500,6.6000000000000005,38.438400000000016,5.280000000000001,1,1,1,16,2.8283669260038518,4.503980754092669,0.6825871467590332,0.10643506050109863
500,6.6000000000000005,38.438400000000016,5.280000000000001,1,1,1,17,2.828331863588722,4.615474498297779,0.5449178218841553,0.10660791397094727
500,6.6000000000000005,38.438400000000016,5.280000000000001,1,1,1,18,2.828364033780652,4.23834905647294,0.5451209545135498,0.09756588935852051
500,6.6000000000000005,38.438400000000016,5.280000000000001,1,1,1,19,2.8284265462492195,4.617688811095351,0.4929392337799072,0.11702394485473633
500,6.6000000000000005,38.438400000000016,5.280000000000001,1,1,1,20,2.828376744483122,4.380383793118561,0.5936877727508545,0.11056280136108398
500,6.6000000000000005,38.438400000000016,5.280000000000001,1,1,1,21,2.8284242260851746,5.2973136132303935,0.6250379085540771,0.12378334999084473
500,6.6000000000000005,38.438400000000016,5.280000000000001,1,1,1,22,2.828420396805636,5.16898580097046,0.5306236743927002,0.10476183891296387
500,6.6000000000000005,38.438400000000016,5.280000000000001,1,1,1,23,2.8284244528903053,4.881478455390755,0.5449066162109375,0.09665870666503906
500,6.6000000000000005,38.438400000000016,5.280000000000001,1,1,1,24,2.8283122858966,4.253098536383539,0.4842188358306885,0.0999290943145752
500,6.800000000000001,40.47360000000002,5.440000000000001,1,1,1,0,2.828421931795764,3.6758582051592903,0.47951316833496094,0.10757923126220703
500,6.800000000000001,40.47360000000002,5.440000000000001,1,1,1,1,2.8283956981660676,4.799725933762618,0.5661859512329102,0.12382245063781738
500,6.800000000000001,40.47360000000002,5.440000000000001,1,1,1,2,2.8284268715196728,4.221673628244094,0.6122987270355225,0.09915804862976074
500,6.800000000000001,40.47360000000002,5.440000000000001,1,1,1,3,2.8283789892899325,4.625438495761076,0.5179550647735596,0.10623717308044434
500,6.800000000000001,40.47360000000002,5.440000000000001,1,1,1,4,2.82842595606878,6.038406999755724,0.6318731307983398,0.12949728965759277
500,6.800000000000001,40.47360000000002,5.440000000000001,1,1,1,5,2.828366799893633,4.0619008436131745,0.6338858604431152,0.143096923828125
500,6.800000000000001,40.47360000000002,5.440000000000001,1,1,1,6,2.828424208275891,4.08961718144219,0.5548155307769775,0.10186767578125
500,6.800000000000001,40.47360000000002,5.440000000000001,1,1,1,7,2.828408714921103,4.339325390825521,0.6331579685211182,0.11163854598999023
500,6.800000000000001,40.47360000000002,5.440000000000001,1,1,1,8,2.828423367239083,4.8288849463978325,0.6503951549530029,0.14053058624267578
500,6.800000000000001,40.47360000000002,5.440000000000001,1,1,1,9,2.8284209580747453,4.980225026993758,0.5765712261199951,0.0949249267578125
500,6.800000000000001,40.47360000000002,5.440000000000001,1,1,1,10,2.828387518649935,4.935303626233592,0.496502161026001,0.11676430702209473
500,6.800000000000001,40.47360000000002,5.440000000000001,1,1,1,11,2.8284037233046977,4.327314317980245,0.5781469345092773,0.10164356231689453
500,6.800000000000001,40.47360000000002,5.440000000000001,1,1,1,12,2.8284271031351853,4.470372006396093,0.5736598968505859,0.12337779998779297
500,6.800000000000001,40.47360000000002,5.440000000000001,1,1,1,13,2.828426946314742,4.687325125815989,0.6514241695404053,0.11664581298828125
500,6.800000000000001,40.47360000000002,5.440000000000001,1,1,1,14,2.8284270472219015,4.636966017368097,0.5354347229003906,0.11535811424255371
500,6.800000000000001,40.47360000000002,5.440000000000001,1,1,1,15,2.828425250620777,4.343551849515277,0.5017361640930176,0.1074376106262207
500,6.800000000000001,40.47360000000002,5.440000000000001,1,1,1,16,2.8284119879918146,4.717910563059468,0.5350968837738037,0.09773612022399902
500,6.800000000000001,40.47360000000002,5.440000000000001,1,1,1,17,2.828420877947011,4.711754904294595,0.5421304702758789,0.10784745216369629
500,6.800000000000001,40.47360000000002,5.440000000000001,1,1,1,18,2.828410046425275,4.389198473878424,0.7006831169128418,0.1241452693939209
500,6.800000000000001,40.47360000000002,5.440000000000001,1,1,1,19,2.828418345363133,4.603744805263713,0.5575606822967529,0.10148072242736816
500,6.800000000000001,40.47360000000002,5.440000000000001,1,1,1,20,2.8284233782553283,4.961016185484224,0.5253143310546875,0.09982490539550781
500,6.800000000000001,40.47360000000002,5.440000000000001,1,1,1,21,2.8284270363123745,4.825533259525572,0.5276720523834229,0.11880636215209961
500,6.800000000000001,40.47360000000002,5.440000000000001,1,1,1,22,2.8284257299770257,4.906652156957183,0.5217282772064209,0.10087728500366211
500,6.800000000000001,40.47360000000002,5.440000000000001,1,1,1,23,2.828425581243606,4.66201260972091,0.6433613300323486,0.11268019676208496
500,6.800000000000001,40.47360000000002,5.440000000000001,1,1,1,24,2.8284250288456714,5.572932805944229,0.6756327152252197,0.16057372093200684
500,7.0,42.56000000000001,5.6000000000000005,1,1,1,0,2.828425997862003,4.310733096917813,0.5735626220703125,0.11388444900512695
500,7.0,42.56000000000001,5.6000000000000005,1,1,1,1,2.828425471005067,4.454377671925338,0.5281274318695068,0.10596323013305664
500,7.0,42.56000000000001,5.6000000000000005,1,1,1,2,2.828425982363543,4.802093587466877,0.5928280353546143,0.0961904525756836
500,7.0,42.56000000000001,5.6000000000000005,1,1,1,3,2.8284265593239124,4.691103664770283,0.5789058208465576,0.11305546760559082
500,7.0,42.56000000000001,5.6000000000000005,1,1,1,4,2.8284265087127918,5.079091762254756,0.5905005931854248,0.144134521484375
500,7.0,42.56000000000001,5.6000000000000005,1,1,1,5,2.8283922427652803,4.860394751029406,0.5972867012023926,0.09901070594787598
500,7.0,42.56000000000001,5.6000000000000005,1,1,1,6,2.8284204695538806,4.524249375172303,0.5631451606750488,0.08444619178771973
500,7.0,42.56000000000001,5.6000000000000005,1,1,1,7,2.828423529953144,4.3294342355184785,0.519949197769165,0.09698271751403809
500,7.0,42.56000000000001,5.6000000000000005,1,1,1,8,2.828425686009008,4.86964804975516,0.4981875419616699,0.115478515625
500,7.0,42.56000000000001,5.6000000000000005,1,1,1,9,2.828395370371477,4.620580355261628,0.5672390460968018,0.12566637992858887
500,7.0,42.56000000000001,5.6000000000000005,1,1,1,10,2.8283569505258805,4.6083838340611845,0.6736938953399658,0.13952922821044922
500,7.0,42.56000000000001,5.6000000000000005,1,1,1,11,2.828059626679976,4.263201114426436,0.49126124382019043,0.11120915412902832
500,7.0,42.56000000000001,5.6000000000000005,1,1,1,12,2.828354044710884,4.636308096151416,0.5630228519439697,0.10695075988769531
500,7.0,42.56000000000001,5.6000000000000005,1,1,1,13,2.8284207857316535,5.262735867673474,0.6216399669647217,0.09678173065185547
500,7.0,42.56000000000001,5.6000000000000005,1,1,1,14,2.828412624940119,3.8562847756607876,0.5367834568023682,0.12117171287536621
500,7.0,42.56000000000001,5.6000000000000005,1,1,1,15,2.8283747642431476,4.507687776569456,0.7344772815704346,0.12387657165527344
500,7.0,42.56000000000001,5.6000000000000005,1,1,1,16,2.8284258147348758,4.631880571870077,0.5231788158416748,0.11702823638916016
500,7.0,42.56000000000001,5.6000000000000005,1,1,1,17,2.8284263525491795,4.814350426637536,0.524193525314331,0.10705804824829102
500,7.0,42.56000000000001,5.6000000000000005,1,1,1,18,2.8284265057241087,5.003856609775436,0.5069301128387451,0.1091001033782959
500,7.0,42.56000000000001,5.6000000000000005,1,1,1,19,2.828376067997812,5.756172831273947,0.5270230770111084,0.09357905387878418
500,7.0,42.56000000000001,5.6000000000000005,1,1,1,20,2.8284173891552324,5.054910432909693,0.6426599025726318,0.14329099655151367
500,7.0,42.56000000000001,5.6000000000000005,1,1,1,21,2.8284220429625293,5.605898526048798,0.7887251377105713,0.151611328125
500,7.0,42.56000000000001,5.6000000000000005,1,1,1,22,2.8284264800907324,5.348019756416495,0.5584275722503662,0.10753965377807617
500,7.0,42.56000000000001,5.6000000000000005,1,1,1,23,2.828425656038803,4.38100455847201,0.5789883136749268,0.1055152416229248
500,7.0,42.56000000000001,5.6000000000000005,1,1,1,24,2.828393184670324,5.059505764332476,0.5633420944213867,0.09243440628051758
500,7.2,44.69760000000001,5.760000000000001,1,1,1,0,2.828412173781178,5.006803661429614,0.5502684116363525,0.1363515853881836
500,7.2,44.69760000000001,5.760000000000001,1,1,1,1,2.8284260393287672,4.97142003672274,0.6470322608947754,0.12333369255065918
500,7.2,44.69760000000001,5.760000000000001,1,1,1,2,2.82842625148991,4.548980952230142,0.5330691337585449,0.12363648414611816
500,7.2,44.69760000000001,5.760000000000001,1,1,1,3,2.8284184068501754,4.136704833666411,0.4998281002044678,0.11056971549987793
500,7.2,44.69760000000001,5.760000000000001,1,1,1,4,2.8284096242506744,4.98493136212432,0.5198831558227539,0.13070130348205566
500,7.2,44.69760000000001,5.760000000000001,1,1,1,5,2.828306835213026,5.270586162869394,0.5110049247741699,0.13209819793701172
500,7.2,44.69760000000001,5.760000000000001,1,1,1,6,2.8284202579579154,4.094695981940314,0.5916967391967773,0.11959576606750488
500,7.2,44.69760000000001,5.760000000000001,1,1,1,7,2.8284271233757834,4.0579808209091315,0.7426555156707764,0.11448287963867188
500,7.2,44.69760000000001,5.760000000000001,1,1,1,8,2.828425991582104,5.4637475515069545,0.5449016094207764,0.10851383209228516
500,7.2,44.69760000000001,5.760000000000001,1,1,1,9,2.8283258421722413,5.2339902205288,0.5557303428649902,0.12102365493774414
500,7.2,44.69760000000001,5.760000000000001,1,1,1,10,2.828422258805548,5.396784808798505,0.5362632274627686,0.11661100387573242
500,7.2,44.69760000000001,5.760000000000001,1,1,1,11,2.8284259106536145,4.100967366210665,0.5386025905609131,0.13764429092407227
500,7.2,44.69760000000001,5.760000000000001,1,1,1,12,2.8283021536675164,5.884875975454605,0.6945497989654541,0.13373279571533203
500,7.2,44.69760000000001,5.760000000000001,1,1,1,13,2.8283077062399666,4.671061921569171,0.5262601375579834,0.10858559608459473
500,7.2,44.69760000000001,5.760000000000001,1,1,1,14,2.828424038444707,4.832442216372697,0.5385651588439941,0.09664630889892578
500,7.2,44.69760000000001,5.760000000000001,1,1,1,15,2.8284270171527415,4.484747746686345,0.6447544097900391,0.10757160186767578
500,7.2,44.69760000000001,5.760000000000001,1,1,1,16,2.828395185844777,4.699806280113029,0.6654050350189209,0.13990473747253418
500,7.2,44.69760000000001,5.760000000000001,1,1,1,17,2.828332443248152,5.19290740152767,0.6537785530090332,0.13952183723449707
500,7.2,44.69760000000001,5.760000000000001,1,1,1,18,2.828426619370747,5.056268666499641,0.5627713203430176,0.10357379913330078
500,7.2,44.69760000000001,5.760000000000001,1,1,1,19,2.828423981084842,4.655651745672415,0.5710437297821045,0.11197280883789062
500,7.2,44.69760000000001,5.760000000000001,1,1,1,20,2.8284002500808776,4.489182960878404,0.5859754085540771,0.09853458404541016
500,7.2,44.69760000000001,5.760000000000001,1,1,1,21,2.828425274299098,5.379135115018152,0.5274441242218018,0.11273646354675293
500,7.2,44.69760000000001,5.760000000000001,1,1,1,22,2.82841912063314,5.15010231783464,0.6061229705810547,0.13582253456115723
500,7.2,44.69760000000001,5.760000000000001,1,1,1,23,2.8284248562166447,4.127446961332608,0.678891658782959,0.09848141670227051
500,7.2,44.69760000000001,5.760000000000001,1,1,1,24,2.8284269679043237,4.37038835622278,0.561182975769043,0.10165739059448242
500,7.4,46.88640000000001,5.920000000000001,1,1,1,0,2.8283596764355248,5.470361382634874,0.5388367176055908,0.09413576126098633
500,7.4,46.88640000000001,5.920000000000001,1,1,1,1,2.8283490338030712,4.342304547676667,0.5439510345458984,0.11893057823181152
500,7.4,46.88640000000001,5.920000000000001,1,1,1,2,2.82838405520347,4.526816917959332,0.5385715961456299,0.10444355010986328
500,7.4,46.88640000000001,5.920000000000001,1,1,1,3,2.828427119647026,5.09646405483556,0.6632938385009766,0.1275174617767334
500,7.4,46.88640000000001,5.920000000000001,1,1,1,4,2.8284244457374603,4.404352491095411,0.6100740432739258,0.10077428817749023
500,7.4,46.88640000000001,5.920000000000001,1,1,1,5,2.8284230108751474,4.4535046988262845,0.5672626495361328,0.10714054107666016
500,7.4,46.88640000000001,5.920000000000001,1,1,1,6,2.8284271097554403,4.911902564103442,0.6063201427459717,0.11016392707824707
500,7.4,46.88640000000001,5.920000000000001,1,1,1,7,2.8282889529211475,4.808637923759779,0.5581951141357422,0.09753918647766113
500,7.4,46.88640000000001,5.920000000000001,1,1,1,8,2.8284270821640694,4.8731299679227265,0.6458609104156494,0.12032890319824219
500,7.4,46.88640000000001,5.920000000000001,1,1,1,9,2.828424554374417,4.664723416942262,0.6809406280517578,0.1104736328125
500,7.4,46.88640000000001,5.920000000000001,1,1,1,10,2.828420665856082,4.410934286042735,0.6268482208251953,0.11763215065002441
500,7.4,46.88640000000001,5.920000000000001,1,1,1,11,2.828390345171896,4.27551473667552,0.6186428070068359,0.11401963233947754
500,7.4,46.88640000000001,5.920000000000001,1,1,1,12,2.828368847668246,4.749849322922714,0.6613261699676514,0.10928988456726074
500,7.4,46.88640000000001,5.920000000000001,1,1,1,13,2.8284270592909966,4.572583361424523,0.5851809978485107,0.12489581108093262
500,7.4,46.88640000000001,5.920000000000001,1,1,1,14,2.828245072894427,4.417520054485185,0.7249472141265869,0.11257290840148926
500,7.4,46.88640000000001,5.920000000000001,1,1,1,15,2.8283901382032366,5.175474604041722,0.5449631214141846,0.10820293426513672
500,7.4,46.88640000000001,5.920000000000001,1,1,1,16,2.8284258238868296,5.1677703971963895,0.5273046493530273,0.13170480728149414
500,7.4,46.88640000000001,5.920000000000001,1,1,1,17,2.8282289736016986,4.626397651776924,0.5727770328521729,0.10820579528808594
500,7.4,46.88640000000001,5.920000000000001,1,1,1,18,2.8284245288336587,4.584185710692871,0.6106648445129395,0.08709001541137695
500,7.4,46.88640000000001,5.920000000000001,1,1,1,19,2.828398570197511,4.821109720528719,0.6551170349121094,0.11462855339050293
500,7.4,46.88640000000001,5.920000000000001,1,1,1,20,2.8284270557331808,5.393409876451673,0.6684715747833252,0.13370919227600098
500,7.4,46.88640000000001,5.920000000000001,1,1,1,21,2.828345598392241,5.371876806604321,0.513214111328125,0.12067008018493652
500,7.4,46.88640000000001,5.920000000000001,1,1,1,22,2.828426644215287,3.973130859787635,0.5293347835540771,0.10910844802856445
500,7.4,46.88640000000001,5.920000000000001,1,1,1,23,2.8284232918425385,5.512126955249173,0.5101058483123779,0.09975028038024902
500,7.4,46.88640000000001,5.920000000000001,1,1,1,24,2.828426567898779,4.917603578520077,0.5628697872161865,0.12441754341125488
500,7.6000000000000005,49.12640000000002,6.080000000000001,1,1,1,0,2.8284079202777708,4.745299003296745,0.6252522468566895,0.13462376594543457
500,7.6000000000000005,49.12640000000002,6.080000000000001,1,1,1,1,2.828419863777218,4.0230425259947244,0.5295729637145996,0.10686683654785156
500,7.6000000000000005,49.12640000000002,6.080000000000001,1,1,1,2,2.8283870017338644,4.478431189640272,0.5645742416381836,0.09095263481140137
500,7.6000000000000005,49.12640000000002,6.080000000000001,1,1,1,3,2.8284170893780614,5.666115875815234,0.565112829208374,0.10796546936035156
500,7.6000000000000005,49.12640000000002,6.080000000000001,1,1,1,4,2.828322740610211,5.000179346086993,0.5827815532684326,0.1169278621673584
500,7.6000000000000005,49.12640000000002,6.080000000000001,1,1,1,5,2.828426741655173,4.292850129821296,0.5781702995300293,0.1296858787536621
500,7.6000000000000005,49.12640000000002,6.080000000000001,1,1,1,6,2.8284259190551153,4.660193335325425,0.8390092849731445,0.14363622665405273
500,7.6000000000000005,49.12640000000002,6.080000000000001,1,1,1,7,2.8284266531672215,5.339559906047324,0.6908149719238281,0.13151121139526367
500,7.6000000000000005,49.12640000000002,6.080000000000001,1,1,1,8,2.8284213465276666,4.801822193906415,0.4894111156463623,0.10029458999633789
500,7.6000000000000005,49.12640000000002,6.080000000000001,1,1,1,9,2.828427093969851,4.392890982263933,0.4981241226196289,0.0976858139038086
500,7.6000000000000005,49.12640000000002,6.080000000000001,1,1,1,10,2.828426846869311,4.5525253337913805,0.6392767429351807,0.14062118530273438
500,7.6000000000000005,49.12640000000002,6.080000000000001,1,1,1,11,2.828422204506729,5.171988056492025,0.5895054340362549,0.10223221778869629
500,7.6000000000000005,49.12640000000002,6.080000000000001,1,1,1,12,2.8284070975719846,4.7561389623020505,0.5513656139373779,0.1026010513305664
500,7.6000000000000005,49.12640000000002,6.080000000000001,1,1,1,13,2.8284271175803246,4.856653357269718,0.5525922775268555,0.10592842102050781
500,7.6000000000000005,49.12640000000002,6.080000000000001,1,1,1,14,2.828389929067789,4.568107978131819,0.5802459716796875,0.09555649757385254
500,7.6000000000000005,49.12640000000002,6.080000000000001,1,1,1,15,2.8284241474124077,5.207252605365092,0.5682425498962402,0.12734580039978027
500,7.6000000000000005,49.12640000000002,6.080000000000001,1,1,1,16,2.8284271121598046,4.756776137499723,0.7226152420043945,0.09266042709350586
500,7.6000000000000005,49.12640000000002,6.080000000000001,1,1,1,17,2.828424612454555,4.846949603499811,0.5606439113616943,0.09773778915405273
500,7.6000000000000005,49.12640000000002,6.080000000000001,1,1,1,18,2.828427120538824,4.944320511183018,0.5693676471710205,0.10615420341491699
500,7.6000000000000005,49.12640000000002,6.080000000000001,1,1,1,19,2.8284183340003346,4.511664336735966,0.5540041923522949,0.1203765869140625
500,7.6000000000000005,49.12640000000002,6.080000000000001,1,1,1,20,2.8284270451956943,5.367335608006179,0.5847933292388916,0.11146378517150879
500,7.6000000000000005,49.12640000000002,6.080000000000001,1,1,1,21,2.828411796836215,4.4021190646631245,0.6420440673828125,0.12481284141540527
500,7.6000000000000005,49.12640000000002,6.080000000000001,1,1,1,22,2.828427121407655,4.324433929457794,0.7012319564819336,0.0937185287475586
500,7.6000000000000005,49.12640000000002,6.080000000000001,1,1,1,23,2.8284257247440294,5.080852087423024,0.5086226463317871,0.11810183525085449
500,7.6000000000000005,49.12640000000002,6.080000000000001,1,1,1,24,2.8284270165575793,5.445609700986525,0.5809981822967529,0.0916585922241211
500,7.800000000000001,51.41760000000002,6.240000000000001,1,1,1,0,2.828426841250286,4.6963006440711865,0.6619024276733398,0.1289060115814209
500,7.800000000000001,51.41760000000002,6.240000000000001,1,1,1,1,2.8284247120695856,4.455898451569266,0.5692610740661621,0.12323713302612305
500,7.800000000000001,51.41760000000002,6.240000000000001,1,1,1,2,2.828417979974748,4.183057330063195,0.8479666709899902,0.13991403579711914
500,7.800000000000001,51.41760000000002,6.240000000000001,1,1,1,3,2.8284003731830865,5.156003486619525,0.6126511096954346,0.12267065048217773
500,7.800000000000001,51.41760000000002,6.240000000000001,1,1,1,4,2.8284175885489238,4.675265967052544,0.5920565128326416,0.11580967903137207
500,7.800000000000001,51.41760000000002,6.240000000000001,1,1,1,5,2.828412803345385,4.33876305071837,0.5766348838806152,0.08753490447998047
500,7.800000000000001,51.41760000000002,6.240000000000001,1,1,1,6,2.828416199203082,4.867502069127824,0.5844364166259766,0.08601045608520508
500,7.800000000000001,51.41760000000002,6.240000000000001,1,1,1,7,2.828419875472228,4.87402784695142,0.5990281105041504,0.1266613006591797
500,7.800000000000001,51.41760000000002,6.240000000000001,1,1,1,8,2.828427035756093,4.998989877402399,0.6609721183776855,0.11657404899597168
500,7.800000000000001,51.41760000000002,6.240000000000001,1,1,1,9,2.8284214079752172,4.687214255641649,0.5018150806427002,0.11828231811523438
500,7.800000000000001,51.41760000000002,6.240000000000001,1,1,1,10,2.828399278764059,5.038194046447254,0.5239653587341309,0.11554908752441406
500,7.800000000000001,51.41760000000002,6.240000000000001,1,1,1,11,2.8284270571012975,4.181278731486495,0.5590472221374512,0.1064600944519043
500,7.800000000000001,51.41760000000002,6.240000000000001,1,1,1,12,2.8284239269643203,4.444628262229289,0.49007248878479004,0.10753750801086426
500,7.800000000000001,51.41760000000002,6.240000000000001,1,1,1,13,2.8284080895420316,4.5174109835001435,0.6794955730438232,0.13265490531921387
500,7.800000000000001,51.41760000000002,6.240000000000001,1,1,1,14,2.8284220983001447,5.6515031679118914,0.5032429695129395,0.10261034965515137
500,7.800000000000001,51.41760000000002,6.240000000000001,1,1,1,15,2.828384003198062,5.541872083340509,0.5585238933563232,0.1025843620300293
500,7.800000000000001,51.41760000000002,6.240000000000001,1,1,1,16,2.8284254766482646,5.77196062322336,0.5213925838470459,0.11786937713623047
500,7.800000000000001,51.41760000000002,6.240000000000001,1,1,1,17,2.8283873766593026,4.593178986970701,0.5572242736816406,0.11165022850036621
500,7.800000000000001,51.41760000000002,6.240000000000001,1,1,1,18,2.8284267472944746,4.92593578504546,0.5603389739990234,0.13856005668640137
500,7.800000000000001,51.41760000000002,6.240000000000001,1,1,1,19,2.828426590012394,4.98935274349463,0.7080109119415283,0.11104774475097656
500,7.800000000000001,51.41760000000002,6.240000000000001,1,1,1,20,2.8284240278084645,4.993873376697382,0.553962230682373,0.11456632614135742
500,7.800000000000001,51.41760000000002,6.240000000000001,1,1,1,21,2.828414565621123,4.217621703184681,0.5714576244354248,0.10839509963989258
500,7.800000000000001,51.41760000000002,6.240000000000001,1,1,1,22,2.8284271246170696,4.482618313470889,0.5587735176086426,0.11782693862915039
500,7.800000000000001,51.41760000000002,6.240000000000001,1,1,1,23,2.8284194902701327,4.837563466887589,0.5987794399261475,0.12485265731811523
500,7.800000000000001,51.41760000000002,6.240000000000001,1,1,1,24,2.8283266918207826,5.405875059623126,0.6646053791046143,0.11862301826477051
500,8.0,53.760000000000005,6.4,1,1,1,0,2.8284073574640685,4.082073711835613,0.5528042316436768,0.09848785400390625
500,8.0,53.760000000000005,6.4,1,1,1,1,2.828426871257937,4.1330481144618005,0.5677311420440674,0.08865094184875488
500,8.0,53.760000000000005,6.4,1,1,1,2,2.8284271243746093,4.205074101365036,0.5262489318847656,0.11314892768859863
500,8.0,53.760000000000005,6.4,1,1,1,3,2.828424495578137,4.619987004952405,0.5371475219726562,0.10491728782653809
500,8.0,53.760000000000005,6.4,1,1,1,4,2.828346489974848,4.280845525504046,0.5933933258056641,0.14711642265319824
500,8.0,53.760000000000005,6.4,1,1,1,5,2.828426945893738,4.343645278204764,0.6040687561035156,0.08265256881713867
500,8.0,53.760000000000005,6.4,1,1,1,6,2.828425682229934,4.97826773053287,0.5872907638549805,0.09609007835388184
500,8.0,53.760000000000005,6.4,1,1,1,7,2.828415798184784,5.207189948910631,0.5431690216064453,0.10146403312683105
500,8.0,53.760000000000005,6.4,1,1,1,8,2.82842000343915,5.4670832792762205,0.6420257091522217,0.1035928726196289
500,8.0,53.760000000000005,6.4,1,1,1,9,2.8284232454747524,5.6478338575365035,0.5661051273345947,0.1322035789489746
500,8.0,53.760000000000005,6.4,1,1,1,10,2.828425351822484,6.066550360161533,0.6106126308441162,0.12465238571166992
500,8.0,53.760000000000005,6.4,1,1,1,11,2.8284223959368346,4.8161873436261695,0.532912015914917,0.10043764114379883
500,8.0,53.760000000000005,6.4,1,1,1,12,2.828426072001033,4.293336475540582,0.5063929557800293,0.12470149993896484
500,8.0,53.760000000000005,6.4,1,1,1,13,2.828423907613158,4.552221957612745,0.5127894878387451,0.10586071014404297
500,8.0,53.760000000000005,6.4,1,1,1,14,2.828426709055801,4.3588231684525205,0.5214455127716064,0.0877387523651123
500,8.0,53.760000000000005,6.4,1,1,1,15,2.8284068453663616,4.563567710199293,0.6531906127929688,0.12941861152648926
500,8.0,53.760000000000005,6.4,1,1,1,16,2.828426992857134,5.408375453553838,0.7353897094726562,0.1087045669555664
500,8.0,53.760000000000005,6.4,1,1,1,17,2.828425932675457,4.329602915792791,0.6692273616790771,0.10166525840759277
500,8.0,53.760000000000005,6.4,1,1,1,18,2.8284232141294514,5.76475707126878,0.6415655612945557,0.14025044441223145
500,8.0,53.760000000000005,6.4,1,1,1,19,2.8284220434351863,5.154917044848356,0.5565705299377441,0.09446263313293457
500,8.0,53.760000000000005,6.4,1,1,1,20,2.8284260753285952,4.0684499281251085,0.5877439975738525,0.13469910621643066
500,8.0,53.760000000000005,6.4,1,1,1,21,2.8284185772299084,4.187278090127555,0.6612198352813721,0.11572837829589844
500,8.0,53.760000000000005,6.4,1,1,1,22,2.828421288843887,5.710108057567544,0.5525269508361816,0.10142874717712402
500,8.0,53.760000000000005,6.4,1,1,1,23,2.8283985307721493,4.738199176850903,0.5850791931152344,0.11931085586547852
500,8.0,53.760000000000005,6.4,1,1,1,24,2.8284241502954126,4.657349800683181,0.5357601642608643,0.11188769340515137
500,8.200000000000001,56.153600000000026,6.560000000000001,1,1,1,0,2.828381881746042,4.667745901909437,0.5551607608795166,0.08617401123046875
500,8.200000000000001,56.153600000000026,6.560000000000001,1,1,1,1,2.828409328852974,4.981905892267876,0.6309738159179688,0.132979154586792
500,8.200000000000001,56.153600000000026,6.560000000000001,1,1,1,2,2.82842712133459,4.706996421950656,0.5747356414794922,0.10502767562866211
500,8.200000000000001,56.153600000000026,6.560000000000001,1,1,1,3,2.8284197169347167,4.93349397428759,0.5735864639282227,0.11308646202087402
500,8.200000000000001,56.153600000000026,6.560000000000001,1,1,1,4,2.828413900923558,5.031503555756399,0.6482579708099365,0.09834003448486328
500,8.200000000000001,56.153600000000026,6.560000000000001,1,1,1,5,2.8284270499722433,4.661546851629866,0.5688135623931885,0.08761310577392578
500,8.200000000000001,56.153600000000026,6.560000000000001,1,1,1,6,2.8284270874084383,4.311858297480547,0.5613729953765869,0.12528228759765625
500,8.200000000000001,56.153600000000026,6.560000000000001,1,1,1,7,2.8284251302923358,5.626152719493466,0.6235959529876709,0.12993907928466797
500,8.200000000000001,56.153600000000026,6.560000000000001,1,1,1,8,2.828426849463978,5.4114670704445125,0.4959232807159424,0.11252808570861816
500,8.200000000000001,56.153600000000026,6.560000000000001,1,1,1,9,2.828415509312278,4.7055957398990005,0.5086596012115479,0.1045081615447998
500,8.200000000000001,56.153600000000026,6.560000000000001,1,1,1,10,2.82842425627209,4.870043617221752,0.6060261726379395,0.11719441413879395
500,8.200000000000001,56.153600000000026,6.560000000000001,1,1,1,11,2.8284253157982095,4.134976867183164,0.5352866649627686,0.09145593643188477
500,8.200000000000001,56.153600000000026,6.560000000000001,1,1,1,12,2.828389899204314,5.28359271063295,0.7143139839172363,0.11835074424743652
500,8.200000000000001,56.153600000000026,6.560000000000001,1,1,1,13,2.8284144319041977,4.849384459104424,0.5270059108734131,0.1253654956817627
500,8.200000000000001,56.153600000000026,6.560000000000001,1,1,1,14,2.828425017338903,4.0323043846154505,0.6669282913208008,0.12047028541564941
500,8.200000000000001,56.153600000000026,6.560000000000001,1,1,1,15,2.8284137621957908,4.557158776313128,0.5324490070343018,0.09740781784057617
500,8.200000000000001,56.153600000000026,6.560000000000001,1,1,1,16,2.828415379819834,4.583989519263125,0.5579092502593994,0.08892035484313965
500,8.200000000000001,56.153600000000026,6.560000000000001,1,1,1,17,2.8284268969506767,4.961033816418857,0.6273918151855469,0.11524319648742676
500,8.200000000000001,56.153600000000026,6.560000000000001,1,1,1,18,2.8284271086093256,4.737036060332243,0.6464474201202393,0.11444735527038574
500,8.200000000000001,56.153600000000026,6.560000000000001,1,1,1,19,2.8284267068079143,5.019910147834458,0.5769515037536621,0.10923051834106445
500,8.200000000000001,56.153600000000026,6.560000000000001,1,1,1,20,2.8284269076206434,4.327852701368164,0.5698883533477783,0.09180235862731934
500,8.200000000000001,56.153600000000026,6.560000000000001,1,1,1,21,2.8284269778245923,4.68382992700953,0.5716445446014404,0.08947539329528809
500,8.200000000000001,56.153600000000026,6.560000000000001,1,1,1,22,2.8284270831798555,4.301775655245736,0.6281383037567139,0.09046292304992676
500,8.200000000000001,56.153600000000026,6.560000000000001,1,1,1,23,2.828404461026132,4.78447113117742,0.718470573425293,0.11415314674377441
500,8.200000000000001,56.153600000000026,6.560000000000001,1,1,1,24,2.8284267905877853,4.1256261857613366,0.5622498989105225,0.11472129821777344
500,8.4,58.59840000000001,6.720000000000001,1,1,1,0,2.828418489786066,4.74393912402994,0.5674223899841309,0.10491776466369629
500,8.4,58.59840000000001,6.720000000000001,1,1,1,1,2.8284268309430276,5.182135957330457,0.5258991718292236,0.11702442169189453
500,8.4,58.59840000000001,6.720000000000001,1,1,1,2,2.8284265911582733,5.115519508023882,0.5264060497283936,0.13176178932189941
500,8.4,58.59840000000001,6.720000000000001,1,1,1,3,2.828400189688193,4.635175520861722,0.6390798091888428,0.10040616989135742
500,8.4,58.59840000000001,6.720000000000001,1,1,1,4,2.828423375309607,4.853368807858573,0.6239290237426758,0.12644219398498535
500,8.4,58.59840000000001,6.720000000000001,1,1,1,5,2.8284271180960268,4.840478921649149,0.5006186962127686,0.10286927223205566
500,8.4,58.59840000000001,6.720000000000001,1,1,1,6,2.828380073086605,4.900590284354328,0.537879467010498,0.11805295944213867
500,8.4,58.59840000000001,6.720000000000001,1,1,1,7,2.8284266414111126,5.14077593143704,0.5097208023071289,0.11119651794433594
500,8.4,58.59840000000001,6.720000000000001,1,1,1,8,2.8284175002198637,4.484716662262344,0.5784463882446289,0.10548806190490723
500,8.4,58.59840000000001,6.720000000000001,1,1,1,9,2.8284142468226885,4.871062475040405,0.624774694442749,0.1389145851135254
500,8.4,58.59840000000001,6.720000000000001,1,1,1,10,2.828422222674029,4.299921325778692,0.7491514682769775,0.0961155891418457
500,8.4,58.59840000000001,6.720000000000001,1,1,1,11,2.8284265480613047,4.75545224185715,0.6049857139587402,0.11058306694030762
500,8.4,58.59840000000001,6.720000000000001,1,1,1,12,2.828423285103976,4.286140353673154,0.6164050102233887,0.08465242385864258
500,8.4,58.59840000000001,6.720000000000001,1,1,1,13,2.8284251488847447,5.2065084976018685,0.573228120803833,0.09246301651000977
500,8.4,58.59840000000001,6.720000000000001,1,1,1,14,2.8284267406410177,5.271279803852245,0.6553964614868164,0.15074443817138672
500,8.4,58.59840000000001,6.720000000000001,1,1,1,15,2.8284271235037233,5.324286471236976,0.7055816650390625,0.12350010871887207
500,8.4,58.59840000000001,6.720000000000001,1,1,1,16,2.828415438323256,4.936188266231087,0.5073978900909424,0.11061811447143555
500,8.4,58.59840000000001,6.720000000000001,1,1,1,17,2.8284271067912865,5.157327538800086,0.5031883716583252,0.10565519332885742
500,8.4,58.59840000000001,6.720000000000001,1,1,1,18,2.8284246785718845,4.847867252082008,0.5479001998901367,0.1196446418762207
500,8.4,58.59840000000001,6.720000000000001,1,1,1,19,2.8284135246519164,4.507230563275993,0.5738916397094727,0.10020780563354492
500,8.4,58.59840000000001,6.720000000000001,1,1,1,20,2.828424500794309,5.496470195902873,0.6507773399353027,0.13119888305664062
500,8.4,58.59840000000001,6.720000000000001,1,1,1,21,2.828405846405066,4.85195614967431,0.5819735527038574,0.08421707153320312
500,8.4,58.59840000000001,6.720000000000001,1,1,1,22,2.828404290495597,5.155348740359293,0.6152617931365967,0.08632111549377441
500,8.4,58.59840000000001,6.720000000000001,1,1,1,23,2.828425866428721,4.9828051581080155,0.5854506492614746,0.10259056091308594
500,8.4,58.59840000000001,6.720000000000001,1,1,1,24,2.8284267386329898,4.571665265740221,0.5888731479644775,0.09723186492919922
500,8.6,61.09439999999999,6.88,1,1,1,0,2.8284233917094173,5.5429471661945575,0.8007512092590332,0.12257909774780273
500,8.6,61.09439999999999,6.88,1,1,1,1,2.8284268331303535,5.506723993420794,0.5748722553253174,0.1154928207397461
500,8.6,61.09439999999999,6.88,1,1,1,2,2.82842556854413,5.620986844606776,0.5400030612945557,0.10246109962463379
500,8.6,61.09439999999999,6.88,1,1,1,3,2.8284259010579214,4.724211638843224,0.6045925617218018,0.10263228416442871
500,8.6,61.09439999999999,6.88,1,1,1,4,2.828401857163014,4.979264895659117,0.6289901733398438,0.1456468105316162
500,8.6,61.09439999999999,6.88,1,1,1,5,2.828419314449074,4.315827510032925,0.6742639541625977,0.1520552635192871
500,8.6,61.09439999999999,6.88,1,1,1,6,2.828427103988871,4.960833431823109,0.6683006286621094,0.10853075981140137
500,8.6,61.09439999999999,6.88,1,1,1,7,2.8284138229776246,4.2793922659607855,0.5228652954101562,0.10541200637817383
500,8.6,61.09439999999999,6.88,1,1,1,8,2.828417074830342,4.837074317686216,0.5240659713745117,0.09351253509521484
500,8.6,61.09439999999999,6.88,1,1,1,9,2.8284256310556506,5.0961153853746435,0.5301995277404785,0.0935811996459961
500,8.6,61.09439999999999,6.88,1,1,1,10,2.8284270718346582,4.733756521871891,0.5261204242706299,0.10787224769592285
500,8.6,61.09439999999999,6.88,1,1,1,11,2.8284108039368943,4.128100688917605,0.6906149387359619,0.13315129280090332
500,8.6,61.09439999999999,6.88,1,1,1,12,2.8284210671492533,5.047686666936619,0.4870188236236572,0.11266160011291504
500,8.6,61.09439999999999,6.88,1,1,1,13,2.8284251606395903,4.392505204983477,0.5361068248748779,0.11554193496704102
500,8.6,61.09439999999999,6.88,1,1,1,14,2.8284241786699527,5.410028632435183,0.5260305404663086,0.1159365177154541
500,8.6,61.09439999999999,6.88,1,1,1,15,2.828425901906678,5.11973462182939,0.5361969470977783,0.11781096458435059
500,8.6,61.09439999999999,6.88,1,1,1,16,2.828426886860578,4.619072770122212,0.5374143123626709,0.10162878036499023
500,8.6,61.09439999999999,6.88,1,1,1,17,2.8284246958077506,5.376968104042772,0.6828763484954834,0.13262295722961426
500,8.6,61.09439999999999,6.88,1,1,1,18,2.8284270996226266,5.4620118374477915,0.5690939426422119,0.07964801788330078
500,8.6,61.09439999999999,6.88,1,1,1,19,2.828425492570789,6.06781920485288,0.5515027046203613,0.09936261177062988
500,8.6,61.09439999999999,6.88,1,1,1,20,2.8284266907040148,5.35928590577731,0.5792157649993896,0.10964083671569824
500,8.6,61.09439999999999,6.88,1,1,1,21,2.8284270438204846,5.054131028751804,0.57468581199646,0.09054136276245117
500,8.6,61.09439999999999,6.88,1,1,1,22,2.828425059756549,4.408249941302184,0.5918745994567871,0.12337970733642578
500,8.6,61.09439999999999,6.88,1,1,1,23,2.8283906456567123,4.672232837096548,0.5814192295074463,0.08046936988830566
500,8.6,61.09439999999999,6.88,1,1,1,24,2.8284268451811503,4.7788462660969095,0.5418720245361328,0.11880278587341309
500,8.8,63.64160000000002,7.040000000000001,1,1,1,0,2.8284269346333035,3.904771569293327,0.6240923404693604,0.12265777587890625
500,8.8,63.64160000000002,7.040000000000001,1,1,1,1,2.828397281373872,5.089698276770797,0.6385321617126465,0.1305856704711914
500,8.8,63.64160000000002,7.040000000000001,1,1,1,2,2.8284226910622605,4.984977756636754,0.5770447254180908,0.10962700843811035
500,8.8,63.64160000000002,7.040000000000001,1,1,1,3,2.828368339399034,4.5456714906089735,0.7331359386444092,0.11879372596740723
500,8.8,63.64160000000002,7.040000000000001,1,1,1,4,2.8284180017770946,4.703772928358852,0.5126585960388184,0.10672760009765625
500,8.8,63.64160000000002,7.040000000000001,1,1,1,5,2.8284191271584564,4.756664482774541,0.5349729061126709,0.10200881958007812
500,8.8,63.64160000000002,7.040000000000001,1,1,1,6,2.8284261526477357,4.2424294945932175,0.46828651428222656,0.10056090354919434
500,8.8,63.64160000000002,7.040000000000001,1,1,1,7,2.828427094303159,5.120943989791716,0.5128829479217529,0.13057422637939453
500,8.8,63.64160000000002,7.040000000000001,1,1,1,8,2.828427091993896,4.965976838334959,0.5748884677886963,0.1254744529724121
500,8.8,63.64160000000002,7.040000000000001,1,1,1,9,2.8284149524792257,6.1647580395040995,0.6806066036224365,0.1261427402496338
500,8.8,63.64160000000002,7.040000000000001,1,1,1,10,2.8284264110657804,4.616691829161426,0.5063133239746094,0.11713933944702148
500,8.8,63.64160000000002,7.040000000000001,1,1,1,11,2.82840931759139,4.372971582088628,0.5293483734130859,0.10882234573364258
500,8.8,63.64160000000002,7.040000000000001,1,1,1,12,2.8284260063819264,5.272059147314687,0.5297989845275879,0.09702062606811523
500,8.8,63.64160000000002,7.040000000000001,1,1,1,13,2.8284207740274976,4.5279548656369855,0.4996678829193115,0.10707283020019531
500,8.8,63.64160000000002,7.040000000000001,1,1,1,14,2.8284267518711625,4.842170225522815,0.5892174243927002,0.12756919860839844
500,8.8,63.64160000000002,7.040000000000001,1,1,1,15,2.8284260689123775,4.409200700286412,0.6057424545288086,0.09125399589538574
500,8.8,63.64160000000002,7.040000000000001,1,1,1,16,2.8284140651476997,4.887826474854704,0.4890267848968506,0.11034464836120605
500,8.8,63.64160000000002,7.040000000000001,1,1,1,17,2.828426572876553,4.6980088625950165,0.49790334701538086,0.10721516609191895
500,8.8,63.64160000000002,7.040000000000001,1,1,1,18,2.828426353867448,5.1596976089361535,0.6988017559051514,0.11729669570922852
500,8.8,63.64160000000002,7.040000000000001,1,1,1,19,2.8284266696263525,4.1402966591530275,0.5467567443847656,0.09672856330871582
500,8.8,63.64160000000002,7.040000000000001,1,1,1,20,2.8284219280515375,4.990248499951297,0.6127800941467285,0.13773131370544434
500,8.8,63.64160000000002,7.040000000000001,1,1,1,21,2.8284262012064456,4.845751852170031,0.6340627670288086,0.12442708015441895
500,8.8,63.64160000000002,7.040000000000001,1,1,1,22,2.8284249379241055,4.722235472007665,0.5106551647186279,0.11397624015808105
500,8.8,63.64160000000002,7.040000000000001,1,1,1,23,2.8284198557345825,5.092511236751014,0.506786584854126,0.12882328033447266
500,8.8,63.64160000000002,7.040000000000001,1,1,1,24,2.8284212204665735,4.6482346462051565,0.7824690341949463,0.09790778160095215
500,9.0,66.24,7.2,1,1,1,0,2.8284260619786363,5.740081207809045,0.8353819847106934,0.16224050521850586
500,9.0,66.24,7.2,1,1,1,1,2.828427117826491,5.813656696964122,0.5710222721099854,0.11459016799926758
500,9.0,66.24,7.2,1,1,1,2,2.8284115348739216,4.30201564711174,0.5517725944519043,0.10257339477539062
500,9.0,66.24,7.2,1,1,1,3,2.8284210039667266,4.608706173034052,0.5183062553405762,0.08312392234802246
500,9.0,66.24,7.2,1,1,1,4,2.8284266005536285,4.784624637119017,0.48043155670166016,0.08945751190185547
500,9.0,66.24,7.2,1,1,1,5,2.8284260840091857,4.881216730007148,0.5821192264556885,0.09623432159423828
500,9.0,66.24,7.2,1,1,1,6,2.828423169788002,5.606385005895822,0.6279897689819336,0.12445640563964844
500,9.0,66.24,7.2,1,1,1,7,2.828423705638395,4.33324552788791,0.49991416931152344,0.10742759704589844
500,9.0,66.24,7.2,1,1,1,8,2.8284120867209572,5.4041304541439485,0.5433938503265381,0.08780622482299805
500,9.0,66.24,7.2,1,1,1,9,2.82841950841793,4.772791209380966,0.47857213020324707,0.12054157257080078
500,9.0,66.24,7.2,1,1,1,10,2.828427020564483,4.580120126010297,0.4895131587982178,0.10553908348083496
500,9.0,66.24,7.2,1,1,1,11,2.8284202490980737,4.5335802207741915,0.7247591018676758,0.1284334659576416
500,9.0,66.24,7.2,1,1,1,12,2.82842035869328,5.105822163782228,0.5256402492523193,0.11654472351074219
500,9.0,66.24,7.2,1,1,1,13,2.828426889634658,5.057409842147373,0.5140111446380615,0.09176826477050781
500,9.0,66.24,7.2,1,1,1,14,2.8284195111291077,5.223629964855052,0.5274548530578613,0.09344911575317383
500,9.0,66.24,7.2,1,1,1,15,2.828427123587697,5.093671706760968,0.5626587867736816,0.10095357894897461
500,9.0,66.24,7.2,1,1,1,16,2.8284145392846374,4.611704824005885,0.6169116497039795,0.11260175704956055
500,9.0,66.24,7.2,1,1,1,17,2.8284266939598663,6.07969144657631,0.8517765998840332,0.12733030319213867
500,9.0,66.24,7.2,1,1,1,18,2.828426337698811,4.663203311448852,0.5333480834960938,0.09067344665527344
500,9.0,66.24,7.2,1,1,1,19,2.8284269364814185,5.984409230010128,0.5343589782714844,0.09458398818969727
500,9.0,66.24,7.2,1,1,1,20,2.828424834309198,4.4629103118698605,0.5462644100189209,0.11410093307495117
500,9.0,66.24,7.2,1,1,1,21,2.82842021883102,5.10954401382876,0.5464632511138916,0.11422920227050781
500,9.0,66.24,7.2,1,1,1,22,2.8284268624278694,4.949142856935081,0.6759090423583984,0.12835049629211426
500,9.0,66.24,7.2,1,1,1,23,2.828403756664854,5.0111814884258665,0.6083331108093262,0.09499955177307129
500,9.0,66.24,7.2,1,1,1,24,2.8284271027582024,5.264471845406826,0.5786302089691162,0.09200096130371094
500,9.200000000000001,68.88960000000002,7.360000000000001,1,1,1,0,2.828401481144145,4.9304333112404475,0.5965621471405029,0.09748458862304688
500,9.200000000000001,68.88960000000002,7.360000000000001,1,1,1,1,2.828415769389333,4.619022166949658,0.5765435695648193,0.09676003456115723
500,9.200000000000001,68.88960000000002,7.360000000000001,1,1,1,2,2.8284269307415175,5.034897275176602,0.5336251258850098,0.12296462059020996
500,9.200000000000001,68.88960000000002,7.360000000000001,1,1,1,3,2.8284222953008835,4.426118838782243,0.6104240417480469,0.11465334892272949
500,9.200000000000001,68.88960000000002,7.360000000000001,1,1,1,4,2.828412531405077,5.034799444036647,0.5001366138458252,0.09758448600769043
500,9.200000000000001,68.88960000000002,7.360000000000001,1,1,1,5,2.8284162816458656,5.284983306184458,0.5364768505096436,0.11556601524353027
500,9.200000000000001,68.88960000000002,7.360000000000001,1,1,1,6,2.8283913254329036,4.5069229506483195,0.5092582702636719,0.1359701156616211
500,9.200000000000001,68.88960000000002,7.360000000000001,1,1,1,7,2.8284207058359256,4.367178476913096,0.5203025341033936,0.1087489128112793
500,9.200000000000001,68.88960000000002,7.360000000000001,1,1,1,8,2.82842494066953,4.6783655506561725,0.6109840869903564,0.10262894630432129
500,9.200000000000001,68.88960000000002,7.360000000000001,1,1,1,9,2.828427108720822,4.831557050893603,0.7382080554962158,0.1469719409942627
500,9.200000000000001,68.88960000000002,7.360000000000001,1,1,1,10,2.8282701897453633,5.661932872298697,0.6074256896972656,0.11772966384887695
500,9.200000000000001,68.88960000000002,7.360000000000001,1,1,1,11,2.8284258682608976,4.789764785890431,0.584214448928833,0.11828851699829102
500,9.200000000000001,68.88960000000002,7.360000000000001,1,1,1,12,2.828404661077381,4.47065236699737,0.5675804615020752,0.1386415958404541
500,9.200000000000001,68.88960000000002,7.360000000000001,1,1,1,13,2.828425521537765,4.292771277347366,0.6101043224334717,0.1287369728088379
500,9.200000000000001,68.88960000000002,7.360000000000001,1,1,1,14,2.8284225847661477,5.110533389575363,0.7248649597167969,0.11754751205444336
500,9.200000000000001,68.88960000000002,7.360000000000001,1,1,1,15,2.828427116114923,4.499928652695877,0.5624969005584717,0.0890967845916748
500,9.200000000000001,68.88960000000002,7.360000000000001,1,1,1,16,2.8284254203890766,4.6443064689645395,0.5636367797851562,0.10350298881530762
500,9.200000000000001,68.88960000000002,7.360000000000001,1,1,1,17,2.8284271193595907,4.683156119432879,0.4961526393890381,0.1103813648223877
500,9.200000000000001,68.88960000000002,7.360000000000001,1,1,1,18,2.828426039045841,4.363329802327024,0.5074117183685303,0.10713744163513184
500,9.200000000000001,68.88960000000002,7.360000000000001,1,1,1,19,2.8284256704617787,4.541577807848238,0.6414031982421875,0.12763023376464844
500,9.200000000000001,68.88960000000002,7.360000000000001,1,1,1,20,2.8284135834868835,4.4761436387067945,0.5561416149139404,0.1201474666595459
500,9.200000000000001,68.88960000000002,7.360000000000001,1,1,1,21,2.828426958430567,4.623486780486151,0.5686008930206299,0.1258862018585205
500,9.200000000000001,68.88960000000002,7.360000000000001,1,1,1,22,2.828416081771688,4.199561972382233,0.5093367099761963,0.11202692985534668
500,9.200000000000001,68.88960000000002,7.360000000000001,1,1,1,23,2.8284271243845556,4.986342319759727,0.5295288562774658,0.1094207763671875
500,9.200000000000001,68.88960000000002,7.360000000000001,1,1,1,24,2.828395144996776,4.488752304372091,0.57051682472229,0.12338995933532715
500,9.4,71.5904,7.5200000000000005,1,1,1,0,2.8284251532362075,5.048450342317105,0.6055982112884521,0.14878034591674805
500,9.4,71.5904,7.5200000000000005,1,1,1,1,2.828427087171551,5.529997155867499,0.538705587387085,0.11413073539733887
500,9.4,71.5904,7.5200000000000005,1,1,1,2,2.828427118776619,4.6578889046297425,0.5193068981170654,0.11040186882019043
500,9.4,71.5904,7.5200000000000005,1,1,1,3,2.828427123648287,4.761560175213472,0.5269203186035156,0.1071784496307373
500,9.4,71.5904,7.5200000000000005,1,1,1,4,2.8284120666545554,5.933275128361554,0.5171420574188232,0.10795903205871582
500,9.4,71.5904,7.5200000000000005,1,1,1,5,2.8284180426051604,4.923913458360618,0.6665017604827881,0.1252903938293457
500,9.4,71.5904,7.5200000000000005,1,1,1,6,2.8284259806981202,4.511724950747971,0.63543701171875,0.11733555793762207
500,9.4,71.5904,7.5200000000000005,1,1,1,7,2.8284262540612892,5.501644471254963,0.5738561153411865,0.11292481422424316
500,9.4,71.5904,7.5200000000000005,1,1,1,8,2.8284260636638674,5.168883621469939,0.5956289768218994,0.129624605178833
500,9.4,71.5904,7.5200000000000005,1,1,1,9,2.8284210824283917,4.869530077757644,0.5971298217773438,0.12277364730834961
500,9.4,71.5904,7.5200000000000005,1,1,1,10,2.8284251408217127,5.307363049296628,0.6095848083496094,0.11160826683044434
500,9.4,71.5904,7.5200000000000005,1,1,1,11,2.828426243960047,4.612819253561342,0.6477794647216797,0.15140104293823242
500,9.4,71.5904,7.5200000000000005,1,1,1,12,2.828419311700673,4.844398759106056,0.5692791938781738,0.10135841369628906
500,9.4,71.5904,7.5200000000000005,1,1,1,13,2.8284110477478706,4.322727992920336,0.5557548999786377,0.10977697372436523
500,9.4,71.5904,7.5200000000000005,1,1,1,14,2.8284206345486314,5.597009888885344,0.5969247817993164,0.08444857597351074
500,9.4,71.5904,7.5200000000000005,1,1,1,15,2.828426413245041,5.900175116734019,0.5666437149047852,0.10355401039123535
500,9.4,71.5904,7.5200000000000005,1,1,1,16,2.828419849175895,5.057502964815843,0.7078151702880859,0.127518892288208
500,9.4,71.5904,7.5200000000000005,1,1,1,17,2.828426846303113,4.8151149257040045,0.59755539894104,0.10869717597961426
500,9.4,71.5904,7.5200000000000005,1,1,1,18,2.8283421700639573,6.27270438708535,0.5760438442230225,0.09649181365966797
500,9.4,71.5904,7.5200000000000005,1,1,1,19,2.828426816805696,5.776852089687767,0.551969051361084,0.13274526596069336
500,9.4,71.5904,7.5200000000000005,1,1,1,20,2.8284227656808008,5.141976279033992,0.5505461692810059,0.08914709091186523
500,9.4,71.5904,7.5200000000000005,1,1,1,21,2.828426975438615,4.7166286966970015,0.5533173084259033,0.11379528045654297
500,9.4,71.5904,7.5200000000000005,1,1,1,22,2.828426714407827,4.940874972343451,0.7027730941772461,0.11783456802368164
500,9.4,71.5904,7.5200000000000005,1,1,1,23,2.8284188506231414,5.3638670284534635,0.5861220359802246,0.08348250389099121
500,9.4,71.5904,7.5200000000000005,1,1,1,24,2.828415091970768,4.404137184383531,0.5903620719909668,0.0919041633605957
500,9.600000000000001,74.34240000000003,7.6800000000000015,1,1,1,0,2.828376877622703,5.836333801752855,0.572105884552002,0.1044926643371582
500,9.600000000000001,74.34240000000003,7.6800000000000015,1,1,1,1,2.8284227706856515,4.580388658163981,0.531182050704956,0.1018221378326416
500,9.600000000000001,74.34240000000003,7.6800000000000015,1,1,1,2,2.828427097333307,4.843583830406422,0.6224336624145508,0.12079882621765137
500,9.600000000000001,74.34240000000003,7.6800000000000015,1,1,1,3,2.8284255095139796,4.249929936362878,0.8364753723144531,0.15482091903686523
500,9.600000000000001,74.34240000000003,7.6800000000000015,1,1,1,4,2.8284116218363025,5.277354880082755,0.7672982215881348,0.18391132354736328
500,9.600000000000001,74.34240000000003,7.6800000000000015,1,1,1,5,2.828427121690528,6.876617850137522,0.5041110515594482,0.12315487861633301
500,9.600000000000001,74.34240000000003,7.6800000000000015,1,1,1,6,2.8284244152461637,4.667374232323139,0.5046472549438477,0.11050724983215332
500,9.600000000000001,74.34240000000003,7.6800000000000015,1,1,1,7,2.8284270538907834,4.889420721587241,0.646780252456665,0.1179804801940918
500,9.600000000000001,74.34240000000003,7.6800000000000015,1,1,1,8,2.8284263976233888,5.228487349915899,0.7060048580169678,0.13283514976501465
500,9.600000000000001,74.34240000000003,7.6800000000000015,1,1,1,9,2.828424926154536,4.868339256340634,0.5815153121948242,0.09689760208129883
500,9.600000000000001,74.34240000000003,7.6800000000000015,1,1,1,10,2.8284271050299497,5.836373211629531,0.5708098411560059,0.11018943786621094
500,9.600000000000001,74.34240000000003,7.6800000000000015,1,1,1,11,2.828410736625996,4.680647373482068,0.5115344524383545,0.12215280532836914
500,9.600000000000001,74.34240000000003,7.6800000000000015,1,1,1,12,2.8284246567564924,5.966140389805967,0.5234801769256592,0.13634681701660156
500,9.600000000000001,74.34240000000003,7.6800000000000015,1,1,1,13,2.82842711208997,4.402771481036096,0.6312048435211182,0.14130401611328125
500,9.600000000000001,74.34240000000003,7.6800000000000015,1,1,1,14,2.8284257684593666,4.761507134570275,0.6199843883514404,0.11283183097839355
500,9.600000000000001,74.34240000000003,7.6800000000000015,1,1,1,15,2.828381079912689,4.756200014410734,0.5747909545898438,0.10759925842285156
500,9.600000000000001,74.34240000000003,7.6800000000000015,1,1,1,16,2.828426090827686,4.735146200104498,0.5492935180664062,0.11724972724914551
500,9.600000000000001,74.34240000000003,7.6800000000000015,1,1,1,17,2.8284231905848864,5.28015031731157,0.567432165145874,0.09550929069519043
500,9.600000000000001,74.34240000000003,7.6800000000000015,1,1,1,18,2.828426229380311,5.219814191177378,0.6024312973022461,0.12898683547973633
500,9.600000000000001,74.34240000000003,7.6800000000000015,1,1,1,19,2.8284050663761087,6.1833603977746705,0.6188743114471436,0.08323121070861816
500,9.600000000000001,74.34240000000003,7.6800000000000015,1,1,1,20,2.828417898249302,5.406014371206575,0.5809273719787598,0.0850365161895752
500,9.600000000000001,74.34240000000003,7.6800000000000015,1,1,1,21,2.828427113478349,4.777582959607242,0.5712542533874512,0.09870290756225586
500,9.600000000000001,74.34240000000003,7.6800000000000015,1,1,1,22,2.8284221894155035,4.832694788881538,0.5952770709991455,0.10026907920837402
500,9.600000000000001,74.34240000000003,7.6800000000000015,1,1,1,23,2.8284209931173283,5.077348091031168,0.6030831336975098,0.11559271812438965
500,9.600000000000001,74.34240000000003,7.6800000000000015,1,1,1,24,2.8284270171467507,4.485877483667761,0.7294251918792725,0.1386725902557373
500,9.8,77.1456,7.840000000000001,1,1,1,0,2.828427073680074,6.325071145333992,0.5079741477966309,0.11563253402709961
500,9.8,77.1456,7.840000000000001,1,1,1,1,2.8284266166196517,5.320256455969397,0.5642275810241699,0.09193587303161621
500,9.8,77.1456,7.840000000000001,1,1,1,2,2.828426539369884,4.971731001876095,0.5420200824737549,0.11467576026916504
500,9.8,77.1456,7.840000000000001,1,1,1,3,2.8284270731584846,5.223405041424246,0.577423095703125,0.11768603324890137
500,9.8,77.1456,7.840000000000001,1,1,1,4,2.828376979964216,5.247950406007621,0.6800508499145508,0.11323189735412598
500,9.8,77.1456,7.840000000000001,1,1,1,5,2.8284206278816426,5.243262856393499,0.5579333305358887,0.11657428741455078
500,9.8,77.1456,7.840000000000001,1,1,1,6,2.8284269859408875,5.86007290082019,0.5651133060455322,0.11515164375305176
500,9.8,77.1456,7.840000000000001,1,1,1,7,2.8284125174767154,4.749648416906254,0.5506305694580078,0.10949468612670898
500,9.8,77.1456,7.840000000000001,1,1,1,8,2.8283849672574277,5.503731580383824,0.5505905151367188,0.11938071250915527
500,9.8,77.1456,7.840000000000001,1,1,1,9,2.828388631538612,5.282276890729888,0.5813524723052979,0.1116187572479248
500,9.8,77.1456,7.840000000000001,1,1,1,10,2.8283609388311026,5.332933411832799,0.7124214172363281,0.13460063934326172
500,9.8,77.1456,7.840000000000001,1,1,1,11,2.8284269069304604,5.693467021543738,0.5487651824951172,0.1054849624633789
500,9.8,77.1456,7.840000000000001,1,1,1,12,2.828395269616575,4.738968606091528,0.5409712791442871,0.09546661376953125
500,9.8,77.1456,7.840000000000001,1,1,1,13,2.8284192816442113,5.360548629686861,0.5915732383728027,0.10149598121643066
500,9.8,77.1456,7.840000000000001,1,1,1,14,2.828416639677977,5.121694978472326,0.5791804790496826,0.09645652770996094
500,9.8,77.1456,7.840000000000001,1,1,1,15,2.8284269580325248,4.572133137097266,0.6482491493225098,0.12265586853027344
500,9.8,77.1456,7.840000000000001,1,1,1,16,2.8284270830284926,4.831779754784665,0.5635929107666016,0.10512781143188477
500,9.8,77.1456,7.840000000000001,1,1,1,17,2.8284216078487328,5.043500368403848,0.5570669174194336,0.10247135162353516
500,9.8,77.1456,7.840000000000001,1,1,1,18,2.8284227271934244,5.1377131093248245,0.5836422443389893,0.11325979232788086
500,9.8,77.1456,7.840000000000001,1,1,1,19,2.828426936623924,4.590857540607025,0.6486263275146484,0.14190959930419922
500,9.8,77.1456,7.840000000000001,1,1,1,20,2.8284220107948608,5.745069805266688,0.8082876205444336,0.12997841835021973
500,9.8,77.1456,7.840000000000001,1,1,1,21,2.828423063190769,4.969721937537333,0.6473820209503174,0.10942435264587402
500,9.8,77.1456,7.840000000000001,1,1,1,22,2.828414922398638,4.724596381156718,0.5964233875274658,0.10947251319885254
500,9.8,77.1456,7.840000000000001,1,1,1,23,2.8284157874664797,5.146133734430342,0.5623471736907959,0.0911109447479248
500,9.8,77.1456,7.840000000000001,1,1,1,24,2.8284229612260257,6.315172411102544,0.5587735176086426,0.11413812637329102
