n,s1,1_p_s2,s2,beta,q,sqrt_q,rep_no,eigen_mat_rerr,eigen_mat_terr,eigen_mat_gerr,eigen_mat_ev_time,eigen_mat_cal_translation_time
500,0.0,3,1,1,1,1,0,1.0734780599224306e-14,0.13518838674756878,0.13518838674757203,0.37334585189819336,0.09742164611816406
500,0.0,3,1,1,1,1,1,4.721121967156373e-15,0.13981612900798446,0.13981612900798734,0.42871642112731934,0.09353256225585938
500,0.0,3,1,1,1,1,2,4.233709124948446e-15,0.1104669815620026,0.11046698156200534,0.3711271286010742,0.0820157527923584
500,0.0,3,1,1,1,1,3,1.474168622284402e-14,0.1221143040783383,0.1221143040783472,0.33210325241088867,0.09152841567993164
500,0.0,3,1,1,1,1,4,4.552871901993238e-15,0.11858596288499523,0.11858596288499851,0.3335597515106201,0.08451271057128906
500,0.0,3,1,1,1,1,5,1.2134996674569118e-14,0.1424548027750872,0.1424548027750976,0.388491153717041,0.08454322814941406
500,0.0,3,1,1,1,1,6,8.737092491382039e-15,0.12215943048534625,0.12215943048534851,0.35112500190734863,0.08352351188659668
500,0.0,3,1,1,1,1,7,7.575597600392805e-15,0.11102010494854932,0.11102010494855409,0.4048781394958496,0.09453773498535156
500,0.0,3,1,1,1,1,8,1.553620669411106e-14,0.13441714363953847,0.13441714363954854,0.4499318599700928,0.09653782844543457
500,0.0,3,1,1,1,1,9,8.473852870023459e-15,0.13742809820008314,0.13742809820008725,0.3820817470550537,0.09246039390563965
500,0.0,3,1,1,1,1,10,1.3284834492751575e-14,0.13925518801681513,0.1392551880168212,0.3145744800567627,0.08051276206970215
500,0.0,3,1,1,1,1,11,4.233322439144729e-15,0.12781922368127618,0.12781922368127843,0.3108797073364258,0.08595037460327148
500,0.0,3,1,1,1,1,12,6.839877179970191e-15,0.11254605047752798,0.11254605047753308,0.31684112548828125,0.08264350891113281
500,0.0,3,1,1,1,1,13,1.0180367159602637e-14,0.12469453607570391,0.12469453607570981,0.3813352584838867,0.0792391300201416
500,0.0,3,1,1,1,1,14,8.648448188054648e-15,0.1080291543382014,0.1080291543382086,0.3248465061187744,0.08915376663208008
500,0.0,3,1,1,1,1,15,7.229682308391804e-15,0.1217172657045818,0.12171726570458755,0.410555362701416,0.10129880905151367
500,0.0,3,1,1,1,1,16,1.116912780147855e-14,0.1230331912503871,0.12303319125039658,0.37622690200805664,0.0828404426574707
500,0.0,3,1,1,1,1,17,1.1654731120438632e-14,0.12238928151424527,0.12238928151424946,0.35408711433410645,0.08738374710083008
500,0.0,3,1,1,1,1,18,6.020100583457695e-15,0.13778392520025684,0.13778392520026134,0.3739497661590576,0.08296990394592285
500,0.0,3,1,1,1,1,19,5.178033054527688e-15,0.14263013811303607,0.14263013811303824,0.372882604598999,0.08738589286804199
500,0.0,3,1,1,1,1,20,1.1177104844241923e-14,0.11176808513448262,0.11176808513448996,0.31891369819641113,0.08836746215820312
500,0.0,3,1,1,1,1,21,4.673271636698207e-15,0.12273515653196262,0.12273515653196639,0.35661959648132324,0.08504939079284668
500,0.0,3,1,1,1,1,22,8.818108432007727e-15,0.11985473197169567,0.11985473197170345,0.35780835151672363,0.08866143226623535
500,0.0,3,1,1,1,1,23,8.444596820324328e-15,0.13517860871126808,0.13517860871127318,0.4248678684234619,0.0983266830444336
500,0.0,3,1,1,1,1,24,7.565438347236163e-15,0.11767556830080295,0.11767556830080916,0.35896778106689453,0.08348941802978516
500,0.2,3,1,1,1,1,0,0.04027996353670096,0.12311017675731416,0.14643082750148642,0.3791947364807129,0.0849142074584961
500,0.2,3,1,1,1,1,1,0.03916928968612493,0.12512194143239877,0.149656285516162,0.41417527198791504,0.08271527290344238
500,0.2,3,1,1,1,1,2,0.031687268884754365,0.12413155776239997,0.1408816884544633,0.43001604080200195,0.08531737327575684
500,0.2,3,1,1,1,1,3,0.03911392941203455,0.1292363072630726,0.13767621563264223,0.40149545669555664,0.09009861946105957
500,0.2,3,1,1,1,1,4,0.042987723429102134,0.1302632815983993,0.14256502012256828,0.4371011257171631,0.08903169631958008
500,0.2,3,1,1,1,1,5,0.03232886821330849,0.1338684626545243,0.1496571498328367,0.5136580467224121,0.10060977935791016
500,0.2,3,1,1,1,1,6,0.03651231629141363,0.12292131328302494,0.14091995394032752,0.3914763927459717,0.08320474624633789
500,0.2,3,1,1,1,1,7,0.032641626318089076,0.1318560025630448,0.1485902825624934,0.4077169895172119,0.08758831024169922
500,0.2,3,1,1,1,1,8,0.03441733204851031,0.14280777124910116,0.15993015039371414,0.41347646713256836,0.08660674095153809
500,0.2,3,1,1,1,1,9,0.04023944767379403,0.12367842055561293,0.13173237933814833,0.6157214641571045,0.15573430061340332
500,0.2,3,1,1,1,1,10,0.03176847169890984,0.15388009701411026,0.16116826828583158,0.7632920742034912,0.1681962013244629
500,0.2,3,1,1,1,1,11,0.03528124367080682,0.12161729606496569,0.12913348152775583,0.9703335762023926,0.18018794059753418
500,0.2,3,1,1,1,1,12,0.03720014982944385,0.1350771518349709,0.15035670536718918,0.6316981315612793,0.15550780296325684
500,0.2,3,1,1,1,1,13,0.034266901567557864,0.12866802477204634,0.1342720312546913,0.6396694183349609,0.14155244827270508
500,0.2,3,1,1,1,1,14,0.03210639467910793,0.136350450305661,0.15490338047686206,0.6400814056396484,0.14005541801452637
500,0.2,3,1,1,1,1,15,0.04138283878820305,0.12243987200416352,0.1360899817350512,0.596733808517456,0.13792204856872559
500,0.2,3,1,1,1,1,16,0.03201099516723645,0.14867280856791226,0.16361812356070962,0.6171863079071045,0.155869722366333
500,0.2,3,1,1,1,1,17,0.03162651167633302,0.14140877710424887,0.1540492150368027,0.5125038623809814,0.11365675926208496
500,0.2,3,1,1,1,1,18,0.03590578974310565,0.12474711933689936,0.1383016408043156,0.5358254909515381,0.1156625747680664
500,0.2,3,1,1,1,1,19,0.035502168875713024,0.12736519744624744,0.14155766151480662,0.6201696395874023,0.1377735137939453
500,0.2,3,1,1,1,1,20,0.03136009274984748,0.11236390908260746,0.13384351737681677,0.512873649597168,0.12452483177185059
500,0.2,3,1,1,1,1,21,0.03645287912288616,0.13940448505089553,0.15734970257001465,0.6262788772583008,0.16845226287841797
500,0.2,3,1,1,1,1,22,0.03633956134091763,0.13296524553988348,0.14372330815513523,0.6810166835784912,0.12024188041687012
500,0.2,3,1,1,1,1,23,0.036158807857724275,0.13188381770561297,0.15393780121892736,0.5623717308044434,0.1147158145904541
500,0.2,3,1,1,1,1,24,0.0368773025852063,0.12619338633287985,0.14610556099145638,0.6078910827636719,0.12265968322753906
500,0.4,3,1,1,1,1,0,0.06724549068316263,0.12519855960961546,0.17556392015727892,0.5938980579376221,0.1166074275970459
500,0.4,3,1,1,1,1,1,0.06754516491351979,0.1346376002786403,0.1736234742180563,0.5978801250457764,0.14404845237731934
500,0.4,3,1,1,1,1,2,0.07934363146071753,0.12972521251058386,0.17541199721016387,0.6848866939544678,0.1660170555114746
500,0.4,3,1,1,1,1,3,0.07033399989058009,0.12813541818373916,0.15162720710837044,0.5957190990447998,0.1501634120941162
500,0.4,3,1,1,1,1,4,0.06943811797795098,0.12061876597296746,0.17296108731704257,0.631580114364624,0.13970327377319336
500,0.4,3,1,1,1,1,5,0.07738067257047238,0.14222564674407262,0.20212132913215858,0.5785262584686279,0.11469793319702148
500,0.4,3,1,1,1,1,6,0.07884232468196549,0.13482749008438535,0.15841640207598937,0.5784077644348145,0.11803674697875977
500,0.4,3,1,1,1,1,7,0.07939246683481409,0.12295491852631996,0.1562359460557437,0.6362001895904541,0.15209388732910156
500,0.4,3,1,1,1,1,8,0.06717246745873372,0.12316432267765573,0.1707414801496842,0.5121245384216309,0.12282586097717285
500,0.4,3,1,1,1,1,9,0.06469689700378198,0.14091692467148967,0.17255122848745844,0.5394630432128906,0.11893415451049805
500,0.4,3,1,1,1,1,10,0.0690818263835061,0.13237773582924015,0.18148296465804875,0.549734354019165,0.12788796424865723
500,0.4,3,1,1,1,1,11,0.06907064630145317,0.13847563022721432,0.17744094105730468,0.5741369724273682,0.12083029747009277
500,0.4,3,1,1,1,1,12,0.07749486199406345,0.14633238768213336,0.2030621826780878,0.6974813938140869,0.17665553092956543
500,0.4,3,1,1,1,1,13,0.07461896794716835,0.13706321858064335,0.1850625266544055,0.680708646774292,0.13660049438476562
500,0.4,3,1,1,1,1,14,0.0650696862338423,0.12564893816183934,0.16999287413711153,0.6029477119445801,0.1457507610321045
500,0.4,3,1,1,1,1,15,0.06755791172858924,0.15166760122602416,0.18040790690781905,0.5729901790618896,0.12909388542175293
500,0.4,3,1,1,1,1,16,0.07604047498299843,0.12129774256934596,0.16532662210401694,0.550898551940918,0.13470029830932617
500,0.4,3,1,1,1,1,17,0.07235171909430022,0.11889776183311347,0.17426994798792564,0.6164207458496094,0.1399974822998047
500,0.4,3,1,1,1,1,18,0.0645471062092156,0.14585996685817876,0.17563143672461476,0.695087194442749,0.15819072723388672
500,0.4,3,1,1,1,1,19,0.07178530881581505,0.15659512145671725,0.20000137298527823,0.5607774257659912,0.12334942817687988
500,0.4,3,1,1,1,1,20,0.07426962377973605,0.13402428856725093,0.19834441191255964,0.5380926132202148,0.11324834823608398
500,0.4,3,1,1,1,1,21,0.0655081123556631,0.13646771414072684,0.16292635038761755,0.541095495223999,0.11719799041748047
500,0.4,3,1,1,1,1,22,0.07320670755475721,0.11921076686300956,0.16848778816785534,0.5075218677520752,0.11852836608886719
500,0.4,3,1,1,1,1,23,0.08164194002695405,0.1470217887820478,0.18594483938528342,0.714261531829834,0.15746045112609863
500,0.4,3,1,1,1,1,24,0.06754360600460882,0.12211252451428352,0.15024919357559108,0.8225648403167725,0.16866827011108398
500,0.6000000000000001,3,1,1,1,1,0,0.09308612296556577,0.1379764132794894,0.22969164803981346,0.64314866065979,0.13115453720092773
500,0.6000000000000001,3,1,1,1,1,1,0.1002740324316658,0.1427480226535748,0.20501681378594455,0.5979585647583008,0.1186378002166748
500,0.6000000000000001,3,1,1,1,1,2,0.0964271851268562,0.13399229667888377,0.21032148081326518,0.5741062164306641,0.11479401588439941
500,0.6000000000000001,3,1,1,1,1,3,0.11183723395921136,0.15332683639272057,0.24009802462968766,0.6464388370513916,0.1481611728668213
500,0.6000000000000001,3,1,1,1,1,4,0.10008712377171801,0.13414729460584304,0.20325375698013515,0.6311595439910889,0.1356205940246582
500,0.6000000000000001,3,1,1,1,1,5,0.10301156231450273,0.15831505107502575,0.2242413992704559,0.5265157222747803,0.1249847412109375
500,0.6000000000000001,3,1,1,1,1,6,0.13722736954914505,0.14532440721054005,0.24562284090079553,0.5386440753936768,0.11391377449035645
500,0.6000000000000001,3,1,1,1,1,7,0.10884731342476518,0.17412216684455586,0.2511980536967408,0.5099287033081055,0.1159977912902832
500,0.6000000000000001,3,1,1,1,1,8,0.11251692329500668,0.14208936231124053,0.2184017798387979,0.5255591869354248,0.10267758369445801
500,0.6000000000000001,3,1,1,1,1,9,0.1323811556973446,0.15602755855705228,0.23094309701099625,0.6573727130889893,0.11439871788024902
500,0.6000000000000001,3,1,1,1,1,10,0.09793386915525874,0.15620943812367136,0.21004274248470564,0.49926304817199707,0.11009550094604492
500,0.6000000000000001,3,1,1,1,1,11,0.10551001202237957,0.13752533935623512,0.20835242239633578,0.4780421257019043,0.10512876510620117
500,0.6000000000000001,3,1,1,1,1,12,0.11331833228814965,0.14758509484681853,0.22052522316804488,0.46622443199157715,0.10831475257873535
500,0.6000000000000001,3,1,1,1,1,13,0.12210341656853343,0.14381040914690524,0.24250586445554217,0.48693060874938965,0.09528636932373047
500,0.6000000000000001,3,1,1,1,1,14,0.11842035374100895,0.1488733589464974,0.22506029501037286,0.46715688705444336,0.09830427169799805
500,0.6000000000000001,3,1,1,1,1,15,0.09866212351742777,0.1348326668125794,0.21060624191179228,0.4993319511413574,0.0977330207824707
500,0.6000000000000001,3,1,1,1,1,16,0.11295553133037992,0.1311720325503079,0.24305491635728033,0.7051296234130859,0.12009382247924805
500,0.6000000000000001,3,1,1,1,1,17,0.10812084461110992,0.1270386580728535,0.18456558660022526,0.6102755069732666,0.10761237144470215
500,0.6000000000000001,3,1,1,1,1,18,0.11840358344387417,0.15419672763322198,0.2717460757407329,0.5801792144775391,0.08268880844116211
500,0.6000000000000001,3,1,1,1,1,19,0.11372380971927869,0.1502154463790395,0.1893300332975298,0.5607280731201172,0.07857203483581543
500,0.6000000000000001,3,1,1,1,1,20,0.10669089785779823,0.1382056463710633,0.21554568015637415,0.5638048648834229,0.10067892074584961
500,0.6000000000000001,3,1,1,1,1,21,0.10439547405619812,0.13828015646362873,0.20046530094260023,0.6838588714599609,0.12180233001708984
500,0.6000000000000001,3,1,1,1,1,22,0.10770463851116431,0.1272372398950293,0.19096093309529064,0.5408821105957031,0.08969235420227051
500,0.6000000000000001,3,1,1,1,1,23,0.12205990993201754,0.15936869322151492,0.23919691803704887,0.4968984127044678,0.07060408592224121
500,0.6000000000000001,3,1,1,1,1,24,0.10386265928404737,0.1387375134952774,0.2165753028452358,0.5628645420074463,0.08662557601928711
500,0.8,3,1,1,1,1,0,0.12507990812522107,0.15035321539084598,0.24288055918819496,0.5502216815948486,0.09164595603942871
500,0.8,3,1,1,1,1,1,0.14856626299035783,0.14155317226972053,0.27139714236884077,0.551255464553833,0.07755374908447266
500,0.8,3,1,1,1,1,2,0.1408456834206842,0.14716320205367053,0.24939271970052784,0.5410914421081543,0.11103439331054688
500,0.8,3,1,1,1,1,3,0.13400894668392432,0.1646869165833354,0.26226821051268734,0.5216145515441895,0.06308317184448242
500,0.8,3,1,1,1,1,4,0.14734123075309502,0.15341781398573254,0.2726588475936631,0.49042725563049316,0.09313344955444336
500,0.8,3,1,1,1,1,5,0.13019286537148717,0.16937305341904904,0.27520087673928917,0.5650227069854736,0.09464216232299805
500,0.8,3,1,1,1,1,6,0.128342858050421,0.13479541060373348,0.2326521718618001,0.6282920837402344,0.13246607780456543
500,0.8,3,1,1,1,1,7,0.14345364956055226,0.14486605806553604,0.2841652362731071,0.6216905117034912,0.11481046676635742
500,0.8,3,1,1,1,1,8,0.14835472577863,0.14236232540826776,0.23610523758244967,0.8531889915466309,0.17490744590759277
500,0.8,3,1,1,1,1,9,0.1380329824194251,0.1427172001981678,0.23722367742935802,0.7315323352813721,0.16843938827514648
500,0.8,3,1,1,1,1,10,0.12023957032573407,0.16122337954832852,0.2478451653121817,0.7775928974151611,0.11647152900695801
500,0.8,3,1,1,1,1,11,0.12857502621993386,0.1522391500031473,0.2558607447344437,0.7568509578704834,0.12362360954284668
500,0.8,3,1,1,1,1,12,0.12853544209907217,0.15566832164506866,0.22817786541868507,0.8116145133972168,0.17384839057922363
500,0.8,3,1,1,1,1,13,0.13305359329791916,0.12920685984221228,0.2333739714864464,0.7277934551239014,0.1201777458190918
500,0.8,3,1,1,1,1,14,0.13693235390497221,0.1342194613445877,0.24007025145527255,0.6983141899108887,0.13893675804138184
500,0.8,3,1,1,1,1,15,0.15909414918402517,0.16806812707231447,0.27722966340873706,0.8973522186279297,0.19350123405456543
500,0.8,3,1,1,1,1,16,0.157407769458163,0.17846761653212512,0.26089275583782556,0.8137633800506592,0.14933562278747559
500,0.8,3,1,1,1,1,17,0.1297425773449117,0.18621719646957188,0.3153516482892364,0.801384687423706,0.12633371353149414
500,0.8,3,1,1,1,1,18,0.14401223130146737,0.1357356255262372,0.24566676748427485,0.6102652549743652,0.14101934432983398
500,0.8,3,1,1,1,1,19,0.1382725791795529,0.1537030699309086,0.2409048777331777,0.6765973567962646,0.1256732940673828
500,0.8,3,1,1,1,1,20,0.13628655181658694,0.1865740347851862,0.3052499194714987,0.7272911071777344,0.13880228996276855
500,0.8,3,1,1,1,1,21,0.14484572275156543,0.18287376449316398,0.2848077008828831,0.8563847541809082,0.17259836196899414
500,0.8,3,1,1,1,1,22,0.1607108708553687,0.15040409584892106,0.27084102575011115,0.7143120765686035,0.09516525268554688
500,0.8,3,1,1,1,1,23,0.14175831770504316,0.14208115479553968,0.26911385437354574,0.7367103099822998,0.13698673248291016
500,0.8,3,1,1,1,1,24,0.14438434251116813,0.16010603697144518,0.2646479860611354,0.675405740737915,0.12663817405700684
500,1.0,3,1,1,1,1,0,0.18886238703409042,0.25946440685248395,0.44832679388657437,0.6627004146575928,0.10360360145568848
500,1.0,3,1,1,1,1,1,0.17158315522274142,0.18801665127611916,0.3595998064988606,0.8318185806274414,0.17418718338012695
500,1.0,3,1,1,1,1,2,0.171651834548375,0.16095387712381354,0.28810273757255284,0.6485927104949951,0.15794920921325684
500,1.0,3,1,1,1,1,3,0.19583323092836633,0.16398206268190532,0.3164657262466287,0.8301105499267578,0.1816093921661377
500,1.0,3,1,1,1,1,4,0.1669190088308024,0.15804230957113224,0.29585279638023215,0.745816707611084,0.14253878593444824
500,1.0,3,1,1,1,1,5,0.17442648348618062,0.1485624787638465,0.29536079139503957,0.8070287704467773,0.16770339012145996
500,1.0,3,1,1,1,1,6,0.18086687501661966,0.1685285408698841,0.32350198743395325,0.6327254772186279,0.11895275115966797
500,1.0,3,1,1,1,1,7,0.1862684911331896,0.21144922973659833,0.37814399503954893,0.8706643581390381,0.1633765697479248
500,1.0,3,1,1,1,1,8,0.17464499619034568,0.20470896606039252,0.3583004084376413,0.7471342086791992,0.10358405113220215
500,1.0,3,1,1,1,1,9,0.17425196396379858,0.2391292454424854,0.413381209406284,0.818065881729126,0.1802668571472168
500,1.0,3,1,1,1,1,10,0.17785675688473354,0.18270651030242147,0.3521169257885056,0.7540645599365234,0.1207742691040039
500,1.0,3,1,1,1,1,11,0.18168336928093146,0.1439583816820198,0.2806524449144645,0.6616966724395752,0.1251542568206787
500,1.0,3,1,1,1,1,12,0.1629013789147957,0.1622271267612716,0.2749987323597227,0.6239559650421143,0.14048480987548828
500,1.0,3,1,1,1,1,13,0.19741422268742503,0.16449326717126514,0.31934713355361466,0.7081940174102783,0.10893940925598145
500,1.0,3,1,1,1,1,14,0.17594683855195692,0.18867100178820717,0.3441178823837643,0.8384621143341064,0.1831209659576416
500,1.0,3,1,1,1,1,15,0.17393741600737608,0.1500083075674573,0.3018900564844036,0.6900980472564697,0.11864304542541504
500,1.0,3,1,1,1,1,16,0.19422721000196536,0.1652880157107789,0.3329209042083573,0.6421804428100586,0.15441441535949707
500,1.0,3,1,1,1,1,17,0.18541613214833097,0.17191108002455385,0.3139478655117206,0.6808533668518066,0.11167573928833008
500,1.0,3,1,1,1,1,18,0.19211085504384626,0.16502524624169404,0.30062772687546857,0.757897138595581,0.12560653686523438
500,1.0,3,1,1,1,1,19,0.17770864132681713,0.1689103371844594,0.2951428261922443,0.806910514831543,0.16190147399902344
500,1.0,3,1,1,1,1,20,0.20097910246652623,0.23014505252264,0.43112415498916623,0.6764106750488281,0.15384960174560547
500,1.0,3,1,1,1,1,21,0.1791335555813627,0.17424976203526304,0.33755375374902474,0.724454402923584,0.1343064308166504
500,1.0,3,1,1,1,1,22,0.18722401805307992,0.2192029658803752,0.4064269839334551,0.6068615913391113,0.1500554084777832
500,1.0,3,1,1,1,1,23,0.16994227128066047,0.15788123806622503,0.2942088637572434,0.757194995880127,0.12308120727539062
500,1.0,3,1,1,1,1,24,0.1990819786794083,0.20383272363662258,0.3533243563515317,0.9129912853240967,0.18395543098449707
500,1.2000000000000002,3,1,1,1,1,0,0.19659180823921987,0.18840822047180386,0.329925618333506,0.6415963172912598,0.14438199996948242
500,1.2000000000000002,3,1,1,1,1,1,0.19239892493030092,0.20645789638653728,0.3988568213168382,0.5954580307006836,0.17194747924804688
500,1.2000000000000002,3,1,1,1,1,2,0.19345479117458445,0.18424896553569406,0.332964578331321,0.663029670715332,0.11175870895385742
500,1.2000000000000002,3,1,1,1,1,3,0.23477127492739194,0.24163157825473786,0.44805926760307213,0.804807186126709,0.2032177448272705
500,1.2000000000000002,3,1,1,1,1,4,0.22327003661588685,0.19688048064006297,0.4201505172559498,0.677016019821167,0.14501166343688965
500,1.2000000000000002,3,1,1,1,1,5,0.209995472342981,0.2246145603154906,0.4086192737626273,0.6394872665405273,0.09766602516174316
500,1.2000000000000002,3,1,1,1,1,6,0.21582080303290452,0.19985089760022232,0.41080788189369144,0.6634626388549805,0.13666081428527832
500,1.2000000000000002,3,1,1,1,1,7,0.24300333843254082,0.17149086620295104,0.3614440061165301,0.748659610748291,0.1466670036315918
500,1.2000000000000002,3,1,1,1,1,8,0.19531633977820623,0.18531278895795575,0.34929019304225517,0.8332669734954834,0.18267822265625
500,1.2000000000000002,3,1,1,1,1,9,0.20976763566759546,0.1730974179105934,0.33601279321951816,0.6542260646820068,0.15525460243225098
500,1.2000000000000002,3,1,1,1,1,10,0.20829231674084145,0.24068565094580266,0.40056915268732984,0.6716067790985107,0.15371084213256836
500,1.2000000000000002,3,1,1,1,1,11,0.20677265749938298,0.18984098670752758,0.34814685907265713,0.646498441696167,0.12167954444885254
500,1.2000000000000002,3,1,1,1,1,12,0.19599882087470752,0.2064695178021577,0.3622061869912482,0.7665157318115234,0.15057826042175293
500,1.2000000000000002,3,1,1,1,1,13,0.21742650910416667,0.17106485851643935,0.3385988092321721,0.8036754131317139,0.16776323318481445
500,1.2000000000000002,3,1,1,1,1,14,0.19259991031993975,0.2156294394607178,0.37209297180812095,0.6489064693450928,0.12450027465820312
500,1.2000000000000002,3,1,1,1,1,15,0.19337893077043639,0.20655447470658708,0.34986857638855207,0.6322495937347412,0.10761880874633789
500,1.2000000000000002,3,1,1,1,1,16,0.23073285937524968,0.20495825538033316,0.3695940633192201,0.6144936084747314,0.10600852966308594
500,1.2000000000000002,3,1,1,1,1,17,0.20407321004516774,0.18840296159146247,0.3341574066326517,0.8166186809539795,0.1766059398651123
500,1.2000000000000002,3,1,1,1,1,18,0.20226573074674878,0.188833495323862,0.33010295980051063,0.6596872806549072,0.10757064819335938
500,1.2000000000000002,3,1,1,1,1,19,0.2235637724612517,0.1726905437389861,0.3647750752140029,0.5479400157928467,0.09568595886230469
500,1.2000000000000002,3,1,1,1,1,20,0.22429190884655312,0.25264985368753395,0.3960404030631958,0.5882458686828613,0.08166813850402832
500,1.2000000000000002,3,1,1,1,1,21,0.19876089145092143,0.2162403189971656,0.3843105375953371,0.5737228393554688,0.11307239532470703
500,1.2000000000000002,3,1,1,1,1,22,0.2538689051131087,0.2132413662812431,0.4008129709388897,0.7488446235656738,0.10609126091003418
500,1.2000000000000002,3,1,1,1,1,23,0.20055474649606375,0.19158366024282425,0.33994849713553343,0.6543121337890625,0.14838171005249023
500,1.2000000000000002,3,1,1,1,1,24,0.2169449869372879,0.1933989447172629,0.3393103234372762,0.5790715217590332,0.12337589263916016
500,1.4000000000000001,3,1,1,1,1,0,0.23470970702744456,0.21316890291845145,0.4095246024536374,0.5485925674438477,0.09230542182922363
500,1.4000000000000001,3,1,1,1,1,1,0.25168009654753803,0.24376912503058273,0.4533652656007153,0.519141674041748,0.08844280242919922
500,1.4000000000000001,3,1,1,1,1,2,0.22891654453564597,0.20521634874884376,0.41634756243580034,0.5461091995239258,0.12856531143188477
500,1.4000000000000001,3,1,1,1,1,3,0.26546612859339563,0.21717892849970177,0.4346512042579763,0.543189525604248,0.12218642234802246
500,1.4000000000000001,3,1,1,1,1,4,0.24373025616010185,0.2065420872993334,0.42443024329128953,0.536243200302124,0.13390779495239258
500,1.4000000000000001,3,1,1,1,1,5,0.23749595149136798,0.21792642636238013,0.4103193020883986,0.5339596271514893,0.09186315536499023
500,1.4000000000000001,3,1,1,1,1,6,0.22581564994697173,0.22256790726655623,0.41737879127424743,0.4588944911956787,0.10754060745239258
500,1.4000000000000001,3,1,1,1,1,7,0.23740635998912563,0.2423628696295686,0.42447177875386977,0.5008916854858398,0.12256169319152832
500,1.4000000000000001,3,1,1,1,1,8,0.2392313920163446,0.20864383818251456,0.40503521046363744,0.5825920104980469,0.11654829978942871
500,1.4000000000000001,3,1,1,1,1,9,0.23128636278179207,0.260687949778896,0.47175748178935334,0.4647538661956787,0.12041378021240234
500,1.4000000000000001,3,1,1,1,1,10,0.23907013065308957,0.27249086523091676,0.5099890673265393,0.662433385848999,0.12116098403930664
500,1.4000000000000001,3,1,1,1,1,11,0.27653621550174456,0.19848643780720457,0.39142382509929263,0.5737307071685791,0.06651425361633301
500,1.4000000000000001,3,1,1,1,1,12,0.2643983914726979,0.1912712020676743,0.4204898030755285,0.5646750926971436,0.11253690719604492
500,1.4000000000000001,3,1,1,1,1,13,0.2863111453410396,0.20334652914502996,0.4089461772912606,0.582362174987793,0.1095421314239502
500,1.4000000000000001,3,1,1,1,1,14,0.24251315052230132,0.23654678075800747,0.47905993128030877,0.6728487014770508,0.13050007820129395
500,1.4000000000000001,3,1,1,1,1,15,0.2427933049243179,0.21899278751929466,0.40480401006596717,0.6344022750854492,0.1534745693206787
500,1.4000000000000001,3,1,1,1,1,16,0.266716755029238,0.2937615671965595,0.47841319123101744,0.7009649276733398,0.09049415588378906
500,1.4000000000000001,3,1,1,1,1,17,0.3001030117392809,0.2591736910512363,0.4158197763861038,0.5433840751647949,0.11256170272827148
500,1.4000000000000001,3,1,1,1,1,18,0.2283800140654382,0.22553780145870417,0.439519921138264,0.6616625785827637,0.15072870254516602
500,1.4000000000000001,3,1,1,1,1,19,0.29413440812274116,0.26064192183426416,0.4188624567017504,0.7455344200134277,0.13465452194213867
500,1.4000000000000001,3,1,1,1,1,20,0.24325949078198028,0.19669515721028183,0.3755401729479596,0.768061637878418,0.1872110366821289
500,1.4000000000000001,3,1,1,1,1,21,0.33230641955851825,0.298418204672462,0.6307246242309803,0.7059245109558105,0.1240689754486084
500,1.4000000000000001,3,1,1,1,1,22,0.2402454776236704,0.21252946809607112,0.42255969105251767,0.6997702121734619,0.10704469680786133
500,1.4000000000000001,3,1,1,1,1,23,0.20713828251426972,0.1894715947525338,0.3733706906983739,0.6445448398590088,0.10415840148925781
500,1.4000000000000001,3,1,1,1,1,24,0.26647438532626233,0.326652684429224,0.5931270697554863,0.7588348388671875,0.09513473510742188
500,1.6,3,1,1,1,1,0,0.2986016497270112,0.2003822872632577,0.4408110736439887,0.7852039337158203,0.1727585792541504
500,1.6,3,1,1,1,1,1,0.3583587754489751,0.301976962674014,0.6603357381229891,0.6875207424163818,0.1297919750213623
500,1.6,3,1,1,1,1,2,0.27554471637990896,0.21701537054829212,0.4801008108656484,0.7200403213500977,0.12964820861816406
500,1.6,3,1,1,1,1,3,0.27673218142706696,0.2654920482527589,0.5422242296798259,0.6883852481842041,0.12163305282592773
500,1.6,3,1,1,1,1,4,0.28836787014154175,0.2941167844092788,0.4934926917561147,0.7032957077026367,0.18484878540039062
500,1.6,3,1,1,1,1,5,0.27451394181291083,0.2146221279850846,0.45584744952571654,0.8573322296142578,0.1618669033050537
500,1.6,3,1,1,1,1,6,0.30396002603033967,0.41271827535988687,0.6715749128545314,0.8824245929718018,0.16976284980773926
500,1.6,3,1,1,1,1,7,0.2734809303386102,0.25518234676022394,0.4632420119120299,0.7566001415252686,0.1403963565826416
500,1.6,3,1,1,1,1,8,0.32338960663344657,0.22318361955052352,0.4628878285806003,0.6384487152099609,0.15311574935913086
500,1.6,3,1,1,1,1,9,0.3048806073108127,0.2649173799356734,0.4876029834429363,0.8933753967285156,0.16961121559143066
500,1.6,3,1,1,1,1,10,0.3038192128741629,0.3140948054119288,0.515356701951766,0.7261142730712891,0.1442718505859375
500,1.6,3,1,1,1,1,11,0.2932330733270546,0.3086954658980067,0.5361728339466981,0.7399470806121826,0.107635498046875
500,1.6,3,1,1,1,1,12,0.27712184711773924,0.23888057599547896,0.5160024231132182,0.6796271800994873,0.10442590713500977
500,1.6,3,1,1,1,1,13,0.2505264499199171,0.22289516854346136,0.40461448465797895,0.7494401931762695,0.16996026039123535
500,1.6,3,1,1,1,1,14,0.27117988216837735,0.2546182186791227,0.5193938667330924,0.8166680335998535,0.15278220176696777
500,1.6,3,1,1,1,1,15,0.3099852376577699,0.37315283115441256,0.6206348331140985,0.6925516128540039,0.13494181632995605
500,1.6,3,1,1,1,1,16,0.3006936052009736,0.28401231433649377,0.5525958808300039,0.6920194625854492,0.13356804847717285
500,1.6,3,1,1,1,1,17,0.31159426888549574,0.32116278259007053,0.5342282061106107,0.6268548965454102,0.1081545352935791
500,1.6,3,1,1,1,1,18,0.28988851268739163,0.26385660949444717,0.44765219612376334,0.8151459693908691,0.17093110084533691
500,1.6,3,1,1,1,1,19,0.32115109334062875,0.2463186489936782,0.5123137008100221,0.6848556995391846,0.141862154006958
500,1.6,3,1,1,1,1,20,0.27500131422809787,0.3608836397793859,0.6065523882100278,0.7454571723937988,0.1344773769378662
500,1.6,3,1,1,1,1,21,0.29330195324949127,0.24948067501779284,0.473437046096318,0.5464019775390625,0.17020440101623535
500,1.6,3,1,1,1,1,22,0.2925414071963006,0.2725560294328884,0.565097436629189,0.7481892108917236,0.13687968254089355
500,1.6,3,1,1,1,1,23,0.2986063782916662,0.23452110530140993,0.46075618922296513,0.8536498546600342,0.18588995933532715
500,1.6,3,1,1,1,1,24,0.27990541679708714,0.3283804044622323,0.5544867657255599,0.8101246356964111,0.1931018829345703
500,1.8,3,1,1,1,1,0,0.30028732399030983,0.2782336640783629,0.5212473790865408,0.7057602405548096,0.11430811882019043
500,1.8,3,1,1,1,1,1,0.30973730357086615,0.29490640090282194,0.5872227798607151,0.7023053169250488,0.13308072090148926
500,1.8,3,1,1,1,1,2,0.3293333464679203,0.30340975732993924,0.536311601322331,0.8049330711364746,0.1900334358215332
500,1.8,3,1,1,1,1,3,0.33861067984918686,0.28475464829559816,0.528276417833103,0.6829667091369629,0.16315293312072754
500,1.8,3,1,1,1,1,4,0.30504049809984585,0.2876303188072783,0.5816369190378754,0.753821611404419,0.12093138694763184
500,1.8,3,1,1,1,1,5,0.29589630621675406,0.2168090430663926,0.4939738492275795,0.6395730972290039,0.1376655101776123
500,1.8,3,1,1,1,1,6,0.3175696981314806,0.28398562662858234,0.49935322662123494,0.641033411026001,0.17080473899841309
500,1.8,3,1,1,1,1,7,0.3046004534360496,0.24275860299481067,0.5111895215023148,0.7513666152954102,0.17836904525756836
500,1.8,3,1,1,1,1,8,0.35236943860073794,0.25996017922653114,0.5128191095354022,0.6139581203460693,0.1266927719116211
500,1.8,3,1,1,1,1,9,0.32059034170782963,0.3242975360765056,0.5406019063320053,0.62436842918396,0.11967635154724121
500,1.8,3,1,1,1,1,10,0.35309975741892957,0.391815048051102,0.7449148054700316,0.6984679698944092,0.14061975479125977
500,1.8,3,1,1,1,1,11,0.31058255064544876,0.2530137855713431,0.4999708465476981,0.6963038444519043,0.16922783851623535
500,1.8,3,1,1,1,1,12,0.31233091257523166,0.3098293550861946,0.6163851748126733,0.7999532222747803,0.1752028465270996
500,1.8,3,1,1,1,1,13,0.33778021158911004,0.25239679444265306,0.49988335673157813,0.6476750373840332,0.12980246543884277
500,1.8,3,1,1,1,1,14,0.3268898568711544,0.2156755958802289,0.5425654527513832,0.7143833637237549,0.12337183952331543
500,1.8,3,1,1,1,1,15,0.3356666261746841,0.2566943124418432,0.5323785268010865,0.5962159633636475,0.08907485008239746
500,1.8,3,1,1,1,1,16,0.29161622684687905,0.24957936635309985,0.5028684323667092,0.777153730392456,0.1656968593597412
500,1.8,3,1,1,1,1,17,0.31685155590593567,0.24235188721101233,0.5325718190025308,0.6615769863128662,0.12967658042907715
500,1.8,3,1,1,1,1,18,0.3197982708863426,0.2529065419368534,0.49151757140104907,0.6150603294372559,0.10361266136169434
500,1.8,3,1,1,1,1,19,0.33589317033796523,0.25282891091141696,0.49731651591037807,0.6051666736602783,0.1035611629486084
500,1.8,3,1,1,1,1,20,0.33826455118793225,0.30959560615522475,0.647860157343157,0.5795886516571045,0.1171572208404541
500,1.8,3,1,1,1,1,21,0.2892942582760679,0.2945381238056447,0.5356009853156232,0.5895886421203613,0.11141800880432129
500,1.8,3,1,1,1,1,22,0.32020856139018106,0.2696287434082107,0.522732919823824,0.632880687713623,0.135392427444458
500,1.8,3,1,1,1,1,23,0.3353607835369945,0.2751615560889009,0.5745339639923995,0.5325179100036621,0.13759374618530273
500,1.8,3,1,1,1,1,24,0.32218656166885973,0.30993327501756934,0.5565912683543913,0.578899621963501,0.12356686592102051
500,2.0,3,1,1,1,1,0,0.3256672979277407,0.259684691143923,0.5649159114151071,0.5704307556152344,0.10242295265197754
500,2.0,3,1,1,1,1,1,0.4126271066867523,0.3824387761645118,0.795065882851264,0.569047212600708,0.08553290367126465
500,2.0,3,1,1,1,1,2,0.37109503203029715,0.34355171815974683,0.6762209466800729,0.5998575687408447,0.12707018852233887
500,2.0,3,1,1,1,1,3,0.35152649606803676,0.24607269261104825,0.5020394725888616,0.6706564426422119,0.11704087257385254
500,2.0,3,1,1,1,1,4,0.40800437262610734,0.2802702739829881,0.6091045127998497,0.592430830001831,0.12396049499511719
500,2.0,3,1,1,1,1,5,0.37385488466098693,0.3156941493604249,0.5871516848513157,0.5629377365112305,0.08800530433654785
500,2.0,3,1,1,1,1,6,0.3642021473210853,0.23367850498450152,0.5475075433859309,0.5935227870941162,0.10004448890686035
500,2.0,3,1,1,1,1,7,0.3692190682450341,0.31061366838022675,0.5868405177294151,0.622276782989502,0.08665680885314941
500,2.0,3,1,1,1,1,8,0.4350627303383539,0.2957795674477443,0.572619066573546,0.5724058151245117,0.12058496475219727
500,2.0,3,1,1,1,1,9,0.3621920222783073,0.25083478790726743,0.5084393468486476,0.5592622756958008,0.11771917343139648
500,2.0,3,1,1,1,1,10,0.3811491772755305,0.28650495005692944,0.5496760323252049,0.5029399394989014,0.1072225570678711
500,2.0,3,1,1,1,1,11,0.3549820025792482,0.2921221749516118,0.5826090942938817,0.5601084232330322,0.05977654457092285
500,2.0,3,1,1,1,1,12,0.3649510325333853,0.2731799278531553,0.5809768890296094,0.5981020927429199,0.11758565902709961
500,2.0,3,1,1,1,1,13,0.4328932135764741,0.3114010639114003,0.5602360265863151,0.5055985450744629,0.10554218292236328
500,2.0,3,1,1,1,1,14,0.3668488319181387,0.28654131635347535,0.5593793705844373,0.6507699489593506,0.12596440315246582
500,2.0,3,1,1,1,1,15,0.32765446721098695,0.2793833594801259,0.6070378266911128,0.6023805141448975,0.12371659278869629
500,2.0,3,1,1,1,1,16,0.3554469046847113,0.2610099895783358,0.5572361240002932,0.5675220489501953,0.12649130821228027
500,2.0,3,1,1,1,1,17,0.355102087529143,0.34653353001513587,0.6588756076237898,0.6367654800415039,0.1444389820098877
500,2.0,3,1,1,1,1,18,0.3502636882174537,0.30681938262979586,0.6015794242611219,0.6674909591674805,0.12229681015014648
500,2.0,3,1,1,1,1,19,0.34283691956799056,0.29175380449427407,0.5879362541657204,0.8220219612121582,0.17287087440490723
500,2.0,3,1,1,1,1,20,0.3459512753644558,0.320414907007951,0.6273015856209674,0.6866791248321533,0.09669351577758789
500,2.0,3,1,1,1,1,21,0.38179729745466046,0.34731917709990706,0.7291164745545675,0.6823606491088867,0.17533159255981445
500,2.0,3,1,1,1,1,22,0.344975239556507,0.31436495927150415,0.6593401988280112,0.6940596103668213,0.13781070709228516
500,2.0,3,1,1,1,1,23,0.3588927928639004,0.2725309510737607,0.570175670062282,0.6584441661834717,0.13368606567382812
500,2.0,3,1,1,1,1,24,0.32837183885029153,0.29944932374752037,0.5410259716523247,0.8209395408630371,0.17144179344177246
500,2.2,3,1,1,1,1,0,0.3972696911336605,0.2855869448396197,0.5994608858140857,0.7570862770080566,0.1206662654876709
500,2.2,3,1,1,1,1,1,0.3897321481550704,0.3254782030345163,0.6262056648348387,0.7407815456390381,0.1219022274017334
500,2.2,3,1,1,1,1,2,0.4390397733852528,0.37806113543415,0.6557285078714706,0.6490087509155273,0.16048121452331543
500,2.2,3,1,1,1,1,3,0.4265274615444337,0.3425546435272327,0.6862099330509914,0.7995162010192871,0.16915011405944824
500,2.2,3,1,1,1,1,4,0.3836564115372071,0.35391800684132135,0.7375744183785284,0.8337376117706299,0.12877368927001953
500,2.2,3,1,1,1,1,5,0.4009286918879435,0.40182534066830716,0.6793917585386241,0.8203537464141846,0.17380046844482422
500,2.2,3,1,1,1,1,6,0.43652284118379686,0.40257950949919447,0.7795142543213883,0.6250298023223877,0.16916251182556152
500,2.2,3,1,1,1,1,7,0.39776243519921944,0.30017697994814213,0.6538465278365138,0.7273948192596436,0.13124465942382812
500,2.2,3,1,1,1,1,8,0.5199743525108249,0.2987795994557195,0.7841931921748181,0.7749671936035156,0.15306305885314941
500,2.2,3,1,1,1,1,9,0.3786801420297899,0.39614645115012315,0.7691940550933718,0.6787047386169434,0.0949709415435791
500,2.2,3,1,1,1,1,10,0.370400899021009,0.30456415129930203,0.6749650503203111,0.6394336223602295,0.13106846809387207
500,2.2,3,1,1,1,1,11,0.3757568376482851,0.35735756018816756,0.641680592135077,0.602698564529419,0.16117644309997559
500,2.2,3,1,1,1,1,12,0.35283548942608745,0.28107194471666347,0.5338372523497548,0.7474672794342041,0.13295674324035645
500,2.2,3,1,1,1,1,13,0.39699060005486275,0.2910489293154437,0.6589933318680908,0.8470256328582764,0.1560823917388916
500,2.2,3,1,1,1,1,14,0.40307107484212934,0.2992914471213469,0.6747430288851419,0.6595978736877441,0.17389774322509766
500,2.2,3,1,1,1,1,15,0.3898827943459603,0.30389832790900945,0.6419312341131344,0.7004616260528564,0.1401078701019287
500,2.2,3,1,1,1,1,16,0.3841284435312337,0.3045605841426843,0.6586599433819365,0.630159854888916,0.12712526321411133
500,2.2,3,1,1,1,1,17,0.3259171318061083,0.3195858875396717,0.596706507356124,0.8679351806640625,0.16541767120361328
500,2.2,3,1,1,1,1,18,0.3564420179690991,0.3593590105896712,0.6474155711022092,0.6562936305999756,0.13852620124816895
500,2.2,3,1,1,1,1,19,0.39851971441713185,0.2505360894138151,0.6200582602668506,0.7275862693786621,0.12551331520080566
500,2.2,3,1,1,1,1,20,0.4212915044272098,0.31258388953117827,0.7338753939583881,0.6072227954864502,0.15453553199768066
500,2.2,3,1,1,1,1,21,0.348905648966457,0.3240104052962122,0.6494503582214264,0.6965975761413574,0.12543749809265137
500,2.2,3,1,1,1,1,22,0.363503322293022,0.26872488349539436,0.5867616117059394,0.8187906742095947,0.1495800018310547
500,2.2,3,1,1,1,1,23,0.4562272481157948,0.32210038835251137,0.5967057942299472,0.8645620346069336,0.17049121856689453
500,2.2,3,1,1,1,1,24,0.3800393137561326,0.36296336159455367,0.7430026753506862,0.6269280910491943,0.1384422779083252
500,2.4000000000000004,3,1,1,1,1,0,0.4454765967497889,0.355169885813918,0.7493492989562373,0.693777322769165,0.12351846694946289
500,2.4000000000000004,3,1,1,1,1,1,0.44091841136298154,0.395781970860768,0.733884052625649,0.7939765453338623,0.16253304481506348
500,2.4000000000000004,3,1,1,1,1,2,0.40243146960585685,0.3669413743481716,0.7159468437767678,0.6654026508331299,0.13141250610351562
500,2.4000000000000004,3,1,1,1,1,3,0.41520469053631537,0.3379119276255974,0.7531166181619128,0.6343472003936768,0.16047453880310059
500,2.4000000000000004,3,1,1,1,1,4,0.4103811842433207,0.36191549809650025,0.7082012576837213,0.7057061195373535,0.13011646270751953
500,2.4000000000000004,3,1,1,1,1,5,0.5667126885686833,0.3816150179792991,0.7811854699124001,0.7042315006256104,0.11596345901489258
500,2.4000000000000004,3,1,1,1,1,6,0.4439351764757517,0.28677267911597515,0.5856447773546906,0.83943772315979,0.1859755516052246
500,2.4000000000000004,3,1,1,1,1,7,0.4054684118951146,0.2721931470057601,0.6330331318503488,0.6870522499084473,0.17399907112121582
500,2.4000000000000004,3,1,1,1,1,8,0.4832004197874373,0.37844869847472246,0.8616491182621597,0.7446904182434082,0.11672806739807129
500,2.4000000000000004,3,1,1,1,1,9,0.388474612519695,0.35700521055722984,0.6922033049550138,0.6862356662750244,0.11882209777832031
500,2.4000000000000004,3,1,1,1,1,10,0.5166591369787135,0.3710226166854966,0.7387560622413449,0.5701863765716553,0.14698410034179688
500,2.4000000000000004,3,1,1,1,1,11,0.41356064514806806,0.34047414323914466,0.7540347883872127,0.7494657039642334,0.15854477882385254
500,2.4000000000000004,3,1,1,1,1,12,0.49521311396182405,0.43094882277874996,0.926161936740574,0.6724953651428223,0.16976547241210938
500,2.4000000000000004,3,1,1,1,1,13,0.42620988296201767,0.359637942002531,0.7858478249645486,0.7042958736419678,0.11425971984863281
500,2.4000000000000004,3,1,1,1,1,14,0.4045202092584504,0.36962341299694557,0.683611917331787,0.6678717136383057,0.1260230541229248
500,2.4000000000000004,3,1,1,1,1,15,0.41369708396785093,0.4007640927640947,0.7944354002032626,0.76241135597229,0.18117451667785645
500,2.4000000000000004,3,1,1,1,1,16,0.5375397683019507,0.2998196500367956,0.6784323735956276,0.7861969470977783,0.15469956398010254
500,2.4000000000000004,3,1,1,1,1,17,0.44483482302027505,0.3225431787283826,0.7469780345288454,0.6145124435424805,0.12224507331848145
500,2.4000000000000004,3,1,1,1,1,18,0.40258456987802826,0.3116269356790456,0.646029880624496,0.6727516651153564,0.12144875526428223
500,2.4000000000000004,3,1,1,1,1,19,0.51759737549005,0.3878559240569483,0.7707593388651423,0.5903716087341309,0.11954760551452637
500,2.4000000000000004,3,1,1,1,1,20,0.458805878294354,0.35795234890551864,0.6894204388674977,0.566002607345581,0.08551216125488281
500,2.4000000000000004,3,1,1,1,1,21,0.44333427690427146,0.4288318529467907,0.7698967173125832,0.687070369720459,0.17827510833740234
500,2.4000000000000004,3,1,1,1,1,22,0.45942453591779503,0.3606896599236231,0.667102886828608,0.627575159072876,0.1374804973602295
500,2.4000000000000004,3,1,1,1,1,23,0.4494029805246979,0.34529317430533285,0.7650861640647967,0.6099975109100342,0.10754084587097168
500,2.4000000000000004,3,1,1,1,1,24,0.4402416722905358,0.41902616628698497,0.8592678385775208,0.6726527214050293,0.10240530967712402
500,2.6,3,1,1,1,1,0,0.49063836655528387,0.6031711140738518,1.0938094806291356,0.5588312149047852,0.09695100784301758
500,2.6,3,1,1,1,1,1,0.46524516537451827,0.34890664621415796,0.7650534638124606,0.755042314529419,0.15052485466003418
500,2.6,3,1,1,1,1,2,0.4949167430276518,0.30126937562832157,0.7961861186559733,0.5979318618774414,0.1396336555480957
500,2.6,3,1,1,1,1,3,0.49031900180060256,0.3852472595723029,0.7244779844135766,0.6503744125366211,0.09104371070861816
500,2.6,3,1,1,1,1,4,0.5297211226311993,0.5555132067805924,0.988739390141854,0.582735538482666,0.1075751781463623
500,2.6,3,1,1,1,1,5,0.4557442527109767,0.32121956947291985,0.6808917400181216,0.6350188255310059,0.07960104942321777
500,2.6,3,1,1,1,1,6,0.5004875488042504,0.39215600958651414,0.7214278878498128,0.6425876617431641,0.09573125839233398
500,2.6,3,1,1,1,1,7,0.42904780977821205,0.3439973629068748,0.7162246278538136,0.6873817443847656,0.14255833625793457
500,2.6,3,1,1,1,1,8,0.4413990058789715,0.39580671220073055,0.769095986233328,0.5866506099700928,0.1184842586517334
500,2.6,3,1,1,1,1,9,0.4654142244647229,0.4125855461469242,0.7866085251474919,0.6423051357269287,0.09151363372802734
500,2.6,3,1,1,1,1,10,0.48895889029369305,0.3754953407625468,0.7297913716208324,0.6687917709350586,0.12828350067138672
500,2.6,3,1,1,1,1,11,0.4261843054524233,0.3582470925293942,0.6897372298925382,0.6782834529876709,0.15615367889404297
500,2.6,3,1,1,1,1,12,0.5247460991141786,0.3365978004545355,0.736734176182414,0.6531007289886475,0.14047503471374512
500,2.6,3,1,1,1,1,13,0.4590983209843791,0.3618720806709218,0.8209704016553009,0.5994296073913574,0.09951043128967285
500,2.6,3,1,1,1,1,14,0.5170511449298364,0.33347864276872674,0.6787423874237143,0.5609688758850098,0.0898435115814209
500,2.6,3,1,1,1,1,15,0.5784827212820253,0.3322649952402441,0.7093012050189138,0.5449261665344238,0.10468292236328125
500,2.6,3,1,1,1,1,16,0.4546975015918309,0.3851894404663447,0.7918449563339017,0.5438246726989746,0.09763646125793457
500,2.6,3,1,1,1,1,17,0.44624911005829154,0.4189111577405117,0.8531068779319338,0.5151717662811279,0.08769011497497559
500,2.6,3,1,1,1,1,18,0.4373926509097419,0.3431853204188353,0.7302350656882151,0.5799481868743896,0.12511873245239258
500,2.6,3,1,1,1,1,19,0.442920435239333,0.3903191513096319,0.7750634468041053,0.5387871265411377,0.09459257125854492
500,2.6,3,1,1,1,1,20,0.4712963868674451,0.4928701451628718,0.8535390463464353,0.5181195735931396,0.125579833984375
500,2.6,3,1,1,1,1,21,0.4944225690512353,0.3731736864846093,0.7557577579022545,0.547743558883667,0.12726473808288574
500,2.6,3,1,1,1,1,22,0.41189488025678994,0.40370487650680414,0.7439703866907452,0.5722966194152832,0.11066246032714844
500,2.6,3,1,1,1,1,23,0.5183205894254945,0.3590355676915905,0.7128469266265884,0.572603702545166,0.10423445701599121
500,2.6,3,1,1,1,1,24,0.45371204790962166,0.33175068568364763,0.7830572350332584,0.6490607261657715,0.12833476066589355
500,2.8000000000000003,3,1,1,1,1,0,0.5490636582969668,0.34017536805847076,0.8607885397809685,0.5644128322601318,0.12932777404785156
500,2.8000000000000003,3,1,1,1,1,1,0.4677112188438847,0.37160521533859364,0.7478047578397006,0.5771777629852295,0.13464784622192383
500,2.8000000000000003,3,1,1,1,1,2,0.536391815733423,0.42559861355155126,0.894147129664636,0.6520702838897705,0.11151909828186035
500,2.8000000000000003,3,1,1,1,1,3,0.5088243870289236,0.4658861922683238,0.9741396272420377,0.7129068374633789,0.13440322875976562
500,2.8000000000000003,3,1,1,1,1,4,0.4482660599340772,0.3923297111216369,0.8068654677339759,0.7059228420257568,0.18051600456237793
500,2.8000000000000003,3,1,1,1,1,5,0.5212587700051333,0.42230057681268424,0.8857305614331804,0.7815828323364258,0.15052175521850586
500,2.8000000000000003,3,1,1,1,1,6,0.46592497028958485,0.5246381559120741,0.949647101460445,0.8744821548461914,0.15303659439086914
500,2.8000000000000003,3,1,1,1,1,7,0.5338344912901712,0.5154461684848857,0.9851635126525636,0.7334206104278564,0.13815927505493164
500,2.8000000000000003,3,1,1,1,1,8,0.512732727694957,0.4319006920197665,0.9304642693366838,0.7237734794616699,0.17707109451293945
500,2.8000000000000003,3,1,1,1,1,9,0.49273094646445753,0.3404306803479266,0.7304552635707994,0.7364556789398193,0.10240840911865234
500,2.8000000000000003,3,1,1,1,1,10,0.5057456535053237,0.5140876821382868,0.9186167906345624,0.8612673282623291,0.174025297164917
500,2.8000000000000003,3,1,1,1,1,11,0.4613433351683912,0.5604504370766545,1.016856309771315,0.6863658428192139,0.15750479698181152
500,2.8000000000000003,3,1,1,1,1,12,0.6154461697148399,0.3982522881114219,0.8964967073426748,0.700833797454834,0.10907244682312012
500,2.8000000000000003,3,1,1,1,1,13,0.5021838921317603,0.39882740789461363,0.8001284984504136,0.8902368545532227,0.17630505561828613
500,2.8000000000000003,3,1,1,1,1,14,0.47976337740817704,0.4857989053232593,0.9250617841154276,0.6458182334899902,0.12051224708557129
500,2.8000000000000003,3,1,1,1,1,15,0.5103474157207625,0.3210115554454718,0.6724705512344317,0.5511233806610107,0.15723180770874023
500,2.8000000000000003,3,1,1,1,1,16,0.5016250842136588,0.4443547702537307,0.8775425511453613,0.685664176940918,0.10518002510070801
500,2.8000000000000003,3,1,1,1,1,17,0.5247637652458143,0.4528091619924543,0.9775729272382685,0.7092788219451904,0.1330406665802002
500,2.8000000000000003,3,1,1,1,1,18,0.5837771203462226,0.4260917771461323,0.9577430263830831,0.8042542934417725,0.17410016059875488
500,2.8000000000000003,3,1,1,1,1,19,0.5398085416450756,0.36947060350935446,0.8287181788690229,0.6398484706878662,0.1485459804534912
500,2.8000000000000003,3,1,1,1,1,20,0.5096350800935548,0.4254274531545636,0.7948573184878436,0.5989289283752441,0.1230475902557373
500,2.8000000000000003,3,1,1,1,1,21,0.5445918771095317,0.41948026410823164,0.8895149478652393,0.7007074356079102,0.15770649909973145
500,2.8000000000000003,3,1,1,1,1,22,0.493164468328413,0.362031835131255,0.8076295420673293,0.7121946811676025,0.10622859001159668
500,2.8000000000000003,3,1,1,1,1,23,0.46231119864995773,0.4399424918314436,0.7538876710660912,0.761526346206665,0.1966724395751953
500,2.8000000000000003,3,1,1,1,1,24,0.4808380186337336,0.3931382480021488,0.8059905579558473,0.8986012935638428,0.14370322227478027
500,3.0,3,1,1,1,1,0,0.5581282559702411,0.481254657548158,1.039382913518399,0.7694337368011475,0.14652037620544434
500,3.0,3,1,1,1,1,1,0.5223920321209129,0.5440981203353205,0.957817118569352,0.6589999198913574,0.14806389808654785
500,3.0,3,1,1,1,1,2,0.5469792333233887,0.5609904820529802,0.9940247335094099,0.8166348934173584,0.16409897804260254
500,3.0,3,1,1,1,1,3,0.5754100498271453,0.46230201523502684,0.9997697711540787,0.7465870380401611,0.1274549961090088
500,3.0,3,1,1,1,1,4,0.5806540500456957,0.5468266493323456,1.0692235365445688,0.6591956615447998,0.16704583168029785
500,3.0,3,1,1,1,1,5,0.6183835256333673,0.6065440217413482,1.2249275473747154,0.6708886623382568,0.164628267288208
500,3.0,3,1,1,1,1,6,0.6453413781474427,0.5117578582648247,1.1570992364122674,0.7072882652282715,0.10651826858520508
500,3.0,3,1,1,1,1,7,0.526150070374547,0.49732648223286424,0.9972254056108365,0.8420281410217285,0.16223597526550293
500,3.0,3,1,1,1,1,8,0.6163138784281343,0.46732588752143056,1.0513368388211348,0.65024733543396,0.14705705642700195
500,3.0,3,1,1,1,1,9,0.5495471433006002,0.4378890131207858,0.8524713561528838,0.7345259189605713,0.13309001922607422
500,3.0,3,1,1,1,1,10,0.5908497584943039,0.42196362624851247,0.8459100039078663,0.7301943302154541,0.13708257675170898
500,3.0,3,1,1,1,1,11,0.5638163441978884,0.3730280064703787,0.7641013030878485,0.7256834506988525,0.19512248039245605
500,3.0,3,1,1,1,1,12,0.6103153424906226,0.45159031824745194,1.0146882504203705,0.8927786350250244,0.14957451820373535
500,3.0,3,1,1,1,1,13,0.5873255412892159,0.37217196584913464,0.7797425961949362,0.6782853603363037,0.1205296516418457
500,3.0,3,1,1,1,1,14,0.5972254407877969,0.3657323499414687,0.818959114585004,0.7044456005096436,0.14906525611877441
500,3.0,3,1,1,1,1,15,0.55481412483655,0.39543765541803155,0.8825382534888343,0.8402402400970459,0.19724750518798828
500,3.0,3,1,1,1,1,16,0.49503451091288514,0.497083509560518,0.943081856746523,0.9108340740203857,0.18907475471496582
500,3.0,3,1,1,1,1,17,0.5645038105119519,0.406566013539873,0.9402837417631862,0.6771073341369629,0.12451553344726562
500,3.0,3,1,1,1,1,18,0.5310999749375608,0.42108442663320195,0.9521844015707628,0.5840282440185547,0.15035605430603027
500,3.0,3,1,1,1,1,19,0.6235848114897704,0.42786310103132946,0.9813478643917775,0.6358509063720703,0.1453413963317871
500,3.0,3,1,1,1,1,20,0.48325285433492216,0.44246043489459974,0.8943020946743383,0.6831996440887451,0.14580774307250977
500,3.0,3,1,1,1,1,21,0.5628194601846299,0.38446593136843,0.8095038989701056,0.8764841556549072,0.16726136207580566
500,3.0,3,1,1,1,1,22,0.48375847711187386,0.43175304281418475,0.9105288207105016,0.6776797771453857,0.17296171188354492
500,3.0,3,1,1,1,1,23,0.7442508872593678,0.4050550913070138,0.8509090744597012,0.5799248218536377,0.14190149307250977
500,3.0,3,1,1,1,1,24,0.631511667293053,0.4746073825897373,0.9991127903166763,0.6637911796569824,0.13553309440612793
500,3.2,3,1,1,1,1,0,0.6086856957378166,0.5718756424741027,1.1240977837029753,0.6131250858306885,0.11358261108398438
500,3.2,3,1,1,1,1,1,0.6308933633909911,0.6756177293958989,1.3065110927868901,0.6827714443206787,0.1325514316558838
500,3.2,3,1,1,1,1,2,0.6535313915085984,0.5087833503839099,1.017679434515716,0.6386604309082031,0.11031627655029297
500,3.2,3,1,1,1,1,3,0.5950206431070287,0.520256517392184,1.0175300934712366,0.6145668029785156,0.111663818359375
500,3.2,3,1,1,1,1,4,0.6419858646486686,0.4024129522043221,0.883908279554071,0.5988960266113281,0.12085795402526855
500,3.2,3,1,1,1,1,5,0.6058062161002438,0.48496164675582193,1.037347435765289,0.5747172832489014,0.10640335083007812
500,3.2,3,1,1,1,1,6,0.5334774449023884,0.45661491527152204,0.9484364015997511,0.6333329677581787,0.12883210182189941
500,3.2,3,1,1,1,1,7,0.5936753016989171,0.40882235512735576,0.8756916833360474,0.6295449733734131,0.12245345115661621
500,3.2,3,1,1,1,1,8,0.6110668005561237,0.4851697192236204,0.9966447457646406,0.511268138885498,0.12183761596679688
500,3.2,3,1,1,1,1,9,0.6381876712732362,0.5107143538919188,0.9850090594437277,0.5509963035583496,0.08627533912658691
500,3.2,3,1,1,1,1,10,0.6320996903256354,0.463876956358686,0.9193040624237063,0.599376916885376,0.12290430068969727
500,3.2,3,1,1,1,1,11,0.5662629806121149,0.5012879001998832,0.9565305232217824,0.6607065200805664,0.1425795555114746
500,3.2,3,1,1,1,1,12,0.6206503505830405,0.47377413040287775,0.9971512367029782,0.7420198917388916,0.12015914916992188
500,3.2,3,1,1,1,1,13,0.4942178220703854,0.39189771355418457,0.827375679186402,0.517998456954956,0.0861978530883789
500,3.2,3,1,1,1,1,14,0.5291296996456509,0.5132771017746941,1.0123210174898747,0.5694470405578613,0.06714963912963867
500,3.2,3,1,1,1,1,15,0.6221635633048164,0.6343146368052485,1.1699555994153612,0.5392742156982422,0.0735936164855957
500,3.2,3,1,1,1,1,16,0.6629767202394089,0.5119900584196013,0.9945412683213275,0.5389533042907715,0.07063126564025879
500,3.2,3,1,1,1,1,17,0.6344267603678923,0.4202099332082776,1.0546366935761697,0.561983585357666,0.0996103286743164
500,3.2,3,1,1,1,1,18,0.5982120354268622,0.5866062435917759,1.0248745645562776,0.6818258762359619,0.13605546951293945
500,3.2,3,1,1,1,1,19,0.5820357652722471,0.48696465745696715,0.9986383737144153,0.5616302490234375,0.1030278205871582
500,3.2,3,1,1,1,1,20,0.6020306525652265,0.5954249048292103,1.1893988129616824,0.6049013137817383,0.11195969581604004
500,3.2,3,1,1,1,1,21,0.5774216002703876,0.440560981175631,0.8733901451175152,0.5323874950408936,0.10039925575256348
500,3.2,3,1,1,1,1,22,0.5480340450376543,0.6450741559007592,1.1162465361057528,0.5732524394989014,0.10763764381408691
500,3.2,3,1,1,1,1,23,0.5617233592883758,0.44413078361849445,0.8932323940182882,0.5991849899291992,0.11308169364929199
500,3.2,3,1,1,1,1,24,0.621403514053845,0.4482443791371235,0.9197632433404431,0.7142472267150879,0.12517333030700684
500,3.4000000000000004,3,1,1,1,1,0,0.6106194193982974,0.5313608547701171,1.0626156822325057,0.5636043548583984,0.1408696174621582
500,3.4000000000000004,3,1,1,1,1,1,0.6958561507407275,0.464827549216342,1.0106761028305593,0.553966760635376,0.15170741081237793
500,3.4000000000000004,3,1,1,1,1,2,0.643026167770974,0.47277270774866326,1.1157988755196373,0.6537995338439941,0.15001845359802246
500,3.4000000000000004,3,1,1,1,1,3,0.5955804467169545,0.3694663813961493,0.8775471874013689,0.7531256675720215,0.10564708709716797
500,3.4000000000000004,3,1,1,1,1,4,0.6385225734064193,0.5126436547777177,1.017148165632846,0.8099701404571533,0.19403767585754395
500,3.4000000000000004,3,1,1,1,1,5,0.7516873125439761,0.6712719400346987,1.422959252578675,0.7047708034515381,0.15327048301696777
500,3.4000000000000004,3,1,1,1,1,6,0.6877401819508758,0.6211545820283202,1.1246622080157667,0.781609296798706,0.14827680587768555
500,3.4000000000000004,3,1,1,1,1,7,0.6444425157697697,0.45215482324544665,1.0126051247580643,0.6200213432312012,0.12365221977233887
500,3.4000000000000004,3,1,1,1,1,8,0.7845694572548553,0.524169503798144,1.0240923684145167,0.7910358905792236,0.1700911521911621
500,3.4000000000000004,3,1,1,1,1,9,0.7123560753831989,0.521498628836826,1.1189675348244383,0.6998765468597412,0.18072271347045898
500,3.4000000000000004,3,1,1,1,1,10,0.7516438143197208,0.5826227829079585,1.3273276280529802,0.746870756149292,0.13643574714660645
500,3.4000000000000004,3,1,1,1,1,11,0.6856573922501855,0.5406025653688272,1.0451063390485258,0.6837782859802246,0.13349676132202148
500,3.4000000000000004,3,1,1,1,1,12,0.6819449269417963,0.4912239800997818,1.0089136743506282,0.5963521003723145,0.15970706939697266
500,3.4000000000000004,3,1,1,1,1,13,0.6405467031319422,0.5330385915984489,1.173585294730391,0.7929062843322754,0.20481610298156738
500,3.4000000000000004,3,1,1,1,1,14,0.6946970342633557,0.46660601781792194,1.0412118784339568,0.6604118347167969,0.10161614418029785
500,3.4000000000000004,3,1,1,1,1,15,0.5470192059031782,0.4191973859319997,0.9156189905620439,0.6696422100067139,0.15443181991577148
500,3.4000000000000004,3,1,1,1,1,16,0.6693997284645902,0.4376504257552225,1.0305265403298551,0.7060887813568115,0.12377691268920898
500,3.4000000000000004,3,1,1,1,1,17,0.8237253880926179,0.48318559635595965,1.1436533883359137,0.7787344455718994,0.1717369556427002
500,3.4000000000000004,3,1,1,1,1,18,0.6006978151985202,0.6136879729986189,1.1163138136804451,0.8032565116882324,0.1267693042755127
500,3.4000000000000004,3,1,1,1,1,19,0.6144641332809019,0.4615889084050735,0.9418571896808147,0.6706674098968506,0.16245555877685547
500,3.4000000000000004,3,1,1,1,1,20,0.6219636670928479,0.4171085690213018,0.9296022523328327,0.7231199741363525,0.10041594505310059
500,3.4000000000000004,3,1,1,1,1,21,0.6518957321278999,0.5869873459152883,1.134490377002523,0.7079637050628662,0.13868188858032227
500,3.4000000000000004,3,1,1,1,1,22,0.6149034763065785,0.5082756801038448,0.9163727373417903,0.775383472442627,0.14939165115356445
500,3.4000000000000004,3,1,1,1,1,23,0.6214319815958452,0.44282401058120185,1.0473994244848308,0.927819013595581,0.18917322158813477
500,3.4000000000000004,3,1,1,1,1,24,0.55261074003819,0.45115491008199815,0.8669070841886626,0.6573593616485596,0.13417363166809082
500,3.6,3,1,1,1,1,0,0.707042021862108,0.517161628374631,1.0327215681306972,0.699714183807373,0.10785531997680664
500,3.6,3,1,1,1,1,1,0.679083468158583,0.434426570779129,0.9674175888606222,0.695192813873291,0.15362977981567383
500,3.6,3,1,1,1,1,2,0.7764774943264134,0.5017791512808375,1.1552267091166584,0.8647186756134033,0.15291690826416016
500,3.6,3,1,1,1,1,3,0.6898218174825139,0.544013767091512,1.0761942583847168,0.7576117515563965,0.12147712707519531
500,3.6,3,1,1,1,1,4,0.604428849551185,0.6683731425723619,1.1802320343337604,0.6620230674743652,0.10818004608154297
500,3.6,3,1,1,1,1,5,0.6444800408740746,0.47459364174710433,0.9850091124165543,0.6301767826080322,0.0930931568145752
500,3.6,3,1,1,1,1,6,0.6120144526763459,0.4995475175167746,1.0780645332859398,0.8138840198516846,0.16029644012451172
500,3.6,3,1,1,1,1,7,0.7518882190027266,0.553339493805759,1.210661479643788,0.7242579460144043,0.11612462997436523
500,3.6,3,1,1,1,1,8,0.7618886792923357,0.4490990185882886,1.0150087284574776,0.7156765460968018,0.11818170547485352
500,3.6,3,1,1,1,1,9,0.6670662976416614,0.545977641535615,1.0117686738818248,0.6324911117553711,0.12551546096801758
500,3.6,3,1,1,1,1,10,0.7377694145107827,0.48387987167124746,0.9788353945702323,0.5943198204040527,0.11854720115661621
500,3.6,3,1,1,1,1,11,0.5891794740936488,0.5712489008894893,1.1527576137557363,0.6989719867706299,0.16765761375427246
500,3.6,3,1,1,1,1,12,0.7219899903444778,0.4940690266896608,1.0506964851437406,0.6538844108581543,0.12266731262207031
500,3.6,3,1,1,1,1,13,0.7289735268319963,0.6191859370029518,1.1749820099487467,0.5261013507843018,0.11513590812683105
500,3.6,3,1,1,1,1,14,0.6167937624250223,0.5507478552833553,1.038075521604651,0.5606467723846436,0.09572076797485352
500,3.6,3,1,1,1,1,15,0.6733840612883806,0.5099892140424128,1.0212339407938735,0.544015645980835,0.10561084747314453
500,3.6,3,1,1,1,1,16,0.6268451664419372,0.5516773079113086,1.0717726145219637,0.6273903846740723,0.1376807689666748
500,3.6,3,1,1,1,1,17,0.6373568557897062,0.5410912361125496,1.1008913712053032,0.6787929534912109,0.12626218795776367
500,3.6,3,1,1,1,1,18,0.639701222851934,0.46867898389860607,0.9239057573810328,0.5637979507446289,0.11062407493591309
500,3.6,3,1,1,1,1,19,0.675995836303651,0.6193116837388625,1.2953075200425135,0.5729548931121826,0.08263492584228516
500,3.6,3,1,1,1,1,20,0.5602166901486285,0.6268453165213778,1.1738242270453045,0.48225951194763184,0.1135871410369873
500,3.6,3,1,1,1,1,21,0.666893864330358,0.6729665005274713,1.3398603648578293,0.5274455547332764,0.1246495246887207
500,3.6,3,1,1,1,1,22,0.6939047316683701,0.5805929043142675,1.181719246681497,0.573014497756958,0.12219357490539551
500,3.6,3,1,1,1,1,23,0.6672534210772894,0.5591671111694017,1.0602477092860827,0.6765551567077637,0.13788890838623047
500,3.6,3,1,1,1,1,24,0.6616160372877042,0.4831654526939075,1.0389212326098365,0.5761716365814209,0.13634681701660156
500,3.8000000000000003,3,1,1,1,1,0,0.6877380536736296,0.6336873788556963,1.2581757395406576,0.5138869285583496,0.10727071762084961
500,3.8000000000000003,3,1,1,1,1,1,0.6981634038282374,0.6128796300249277,1.2552089292240187,0.5319714546203613,0.12060308456420898
500,3.8000000000000003,3,1,1,1,1,2,0.735658622452056,0.4735266089205134,1.1808849798344712,0.5311810970306396,0.09852886199951172
500,3.8000000000000003,3,1,1,1,1,3,0.7712926664998484,0.6280405284726401,1.3993331949724885,0.7139310836791992,0.13214731216430664
500,3.8000000000000003,3,1,1,1,1,4,0.6371692254891956,0.551177026827277,1.0380267611765648,0.6062746047973633,0.10446953773498535
500,3.8000000000000003,3,1,1,1,1,5,0.7078100151640405,0.5123914572969769,1.1250884884564984,0.6153788566589355,0.0866696834564209
500,3.8000000000000003,3,1,1,1,1,6,0.7672236623706651,0.5337298962153487,1.0367072060555502,0.5989196300506592,0.10114431381225586
500,3.8000000000000003,3,1,1,1,1,7,0.6478126486988381,0.7058455115131654,1.2924639927413466,0.5801045894622803,0.12050938606262207
500,3.8000000000000003,3,1,1,1,1,8,0.831125024631476,0.6360372940091091,1.3946639630322957,0.6103756427764893,0.09361052513122559
500,3.8000000000000003,3,1,1,1,1,9,0.6673173426595984,0.4824581424512583,1.0724079816392003,0.8472647666931152,0.15958642959594727
500,3.8000000000000003,3,1,1,1,1,10,0.7129138690994669,0.695261492184541,1.2344900450473766,0.7498922348022461,0.13841581344604492
500,3.8000000000000003,3,1,1,1,1,11,0.6689020671172579,0.48516485137192145,1.0694230001519214,0.6472127437591553,0.1575465202331543
500,3.8000000000000003,3,1,1,1,1,12,0.71316315454554,0.5636647956099928,1.0984276725484283,0.8185741901397705,0.19084429740905762
500,3.8000000000000003,3,1,1,1,1,13,0.6992144880599047,0.6943274926299511,1.2981895375435983,0.826728105545044,0.19710206985473633
500,3.8000000000000003,3,1,1,1,1,14,0.8385664238078968,0.6364755864514416,1.3592230063372333,0.6036999225616455,0.15141892433166504
500,3.8000000000000003,3,1,1,1,1,15,0.804950894089914,0.5232777246922402,1.1646985518809498,0.7169218063354492,0.13967680931091309
500,3.8000000000000003,3,1,1,1,1,16,0.7441817520400756,0.5156695576876549,1.1429557774559322,0.6554455757141113,0.11963558197021484
500,3.8000000000000003,3,1,1,1,1,17,0.69715279796838,0.6000136870177462,1.2109045126877196,0.7949545383453369,0.1819288730621338
500,3.8000000000000003,3,1,1,1,1,18,0.7288757395182537,0.6500416633992336,1.1804445610562233,0.8157405853271484,0.10664153099060059
500,3.8000000000000003,3,1,1,1,1,19,0.7045857369829602,0.5768418272701553,1.2176602868268902,0.6330490112304688,0.14864373207092285
500,3.8000000000000003,3,1,1,1,1,20,0.6399996626829003,0.6959377753104178,1.2961198381940502,0.6817278861999512,0.14945459365844727
500,3.8000000000000003,3,1,1,1,1,21,0.6853907935292278,0.666842371610453,1.3522331651396808,0.6647722721099854,0.10586380958557129
500,3.8000000000000003,3,1,1,1,1,22,0.7197479351364108,0.5064793817610374,1.148222110564142,0.7733538150787354,0.16936635971069336
500,3.8000000000000003,3,1,1,1,1,23,0.8326350873497246,0.674613828805383,1.4955121672728202,0.6623060703277588,0.15016388893127441
500,3.8000000000000003,3,1,1,1,1,24,0.7465633662017115,0.5890029962529472,1.25510049510117,0.6809971332550049,0.10856318473815918
500,4.0,3,1,1,1,1,0,0.7178670477107034,0.700873558588207,1.287054138756209,0.7271828651428223,0.12662196159362793
500,4.0,3,1,1,1,1,1,0.6747991777684679,0.533072876512332,1.1120806975471467,0.653555154800415,0.15345454216003418
500,4.0,3,1,1,1,1,2,0.7485793861406996,0.578791885616647,1.2334372212468594,0.8471615314483643,0.19217371940612793
500,4.0,3,1,1,1,1,3,0.787435083719625,0.6857239651777273,1.2442083330574663,0.823383092880249,0.15240740776062012
500,4.0,3,1,1,1,1,4,0.7505862651089966,0.6972614032019947,1.2422561778176322,0.7287075519561768,0.10558032989501953
500,4.0,3,1,1,1,1,5,0.7207542861363826,0.6911228155094015,1.3218177746097344,0.6640806198120117,0.16086268424987793
500,4.0,3,1,1,1,1,6,0.7873364401534081,0.6452677510760187,1.2286223775884815,0.8350248336791992,0.17370104789733887
500,4.0,3,1,1,1,1,7,0.835601408031083,0.6609157466596793,1.269425206151308,0.6872985363006592,0.1297142505645752
500,4.0,3,1,1,1,1,8,0.7984311755043337,0.601121487647399,1.2605054526580033,0.5931823253631592,0.12174630165100098
500,4.0,3,1,1,1,1,9,0.6746750275388461,0.5245515234119319,1.1114115349744769,0.6769521236419678,0.1112980842590332
500,4.0,3,1,1,1,1,10,0.6931645765827654,0.4354883567282309,1.0770250999842372,0.5647931098937988,0.12251806259155273
500,4.0,3,1,1,1,1,11,0.7486393722242364,0.5609667746258783,1.1259740537593028,0.8132345676422119,0.148362398147583
500,4.0,3,1,1,1,1,12,0.6852890362080422,0.5126818867143604,1.1967580388466592,0.5601942539215088,0.13357114791870117
500,4.0,3,1,1,1,1,13,0.7481652077164439,0.6873413441452632,1.4355065518617072,0.5993144512176514,0.1570420265197754
500,4.0,3,1,1,1,1,14,0.6992369062569982,0.6303188577955761,1.312030337755108,0.7587378025054932,0.1116170883178711
500,4.0,3,1,1,1,1,15,0.776032701764725,0.5465605395911974,1.088915611041942,0.7289643287658691,0.09479689598083496
500,4.0,3,1,1,1,1,16,0.7755046261353986,0.5331638017695036,1.3086684279049021,0.8094706535339355,0.14690756797790527
500,4.0,3,1,1,1,1,17,0.7393951401782753,0.5379676243596773,1.1731527231853769,0.6352925300598145,0.11424136161804199
500,4.0,3,1,1,1,1,18,0.8425975164765686,0.715615448519118,1.4508000643848185,0.687157392501831,0.09663581848144531
500,4.0,3,1,1,1,1,19,0.8105677231483648,0.9109879152251341,1.5629677670801225,0.602170467376709,0.11990666389465332
500,4.0,3,1,1,1,1,20,0.7463371349378942,0.6183601725478193,1.1076284455288992,0.5791943073272705,0.12152862548828125
500,4.0,3,1,1,1,1,21,0.8313659168562775,0.7551308443499579,1.45028800512162,0.7036612033843994,0.18078041076660156
500,4.0,3,1,1,1,1,22,0.7207758352673053,0.7297358631544544,1.3232597888357396,0.8375120162963867,0.18221664428710938
500,4.0,3,1,1,1,1,23,0.7207511460675203,0.6100705455928326,1.2557485543946236,0.6029503345489502,0.11687970161437988
500,4.0,3,1,1,1,1,24,0.772115170435042,0.7235882338369616,1.4235640124002398,0.6188507080078125,0.09227752685546875
500,4.2,3,1,1,1,1,0,0.7526630636475551,0.5792177242860175,1.3318807879335726,0.5745029449462891,0.1402873992919922
500,4.2,3,1,1,1,1,1,0.8272212461216621,0.6859286249293733,1.3591459178746739,0.7447390556335449,0.15614748001098633
500,4.2,3,1,1,1,1,2,0.727146633601421,0.5950054965174612,1.1182230237671198,0.5706787109375,0.1140739917755127
500,4.2,3,1,1,1,1,3,0.7468726558614919,0.7580855381141749,1.3558385097681067,0.5780525207519531,0.10168814659118652
500,4.2,3,1,1,1,1,4,0.8088383494865411,0.6007684518969318,1.251661763623639,0.5557546615600586,0.0906834602355957
500,4.2,3,1,1,1,1,5,0.7827410157634026,0.6102444340446661,1.27445043383671,0.5746603012084961,0.10936832427978516
500,4.2,3,1,1,1,1,6,0.7668488754971083,0.5894657820009197,1.341087579913098,0.6320080757141113,0.11723041534423828
500,4.2,3,1,1,1,1,7,0.9443964789321779,0.5556382423240074,1.22536998889354,0.7389645576477051,0.12552523612976074
500,4.2,3,1,1,1,1,8,0.8172347079299725,0.847111751792754,1.5688027670188234,0.5885560512542725,0.10696172714233398
500,4.2,3,1,1,1,1,9,0.8262907727294829,0.8448785849534349,1.5264051391858395,0.5658490657806396,0.10021734237670898
500,4.2,3,1,1,1,1,10,0.8181377802319512,0.6263091496929091,1.3429290423500286,0.5949139595031738,0.10126996040344238
500,4.2,3,1,1,1,1,11,0.7873928495706368,0.6826267141041706,1.3516081623002578,0.5539829730987549,0.10567665100097656
500,4.2,3,1,1,1,1,12,0.8533743818042766,0.614438517462318,1.4160291440665262,0.6216733455657959,0.13237428665161133
500,4.2,3,1,1,1,1,13,1.1231917038804424,0.6162217203002456,1.5950862289374705,0.660468578338623,0.12904739379882812
500,4.2,3,1,1,1,1,14,0.8207960988766264,0.6300896032115048,1.4329204952656882,0.5814404487609863,0.10743212699890137
500,4.2,3,1,1,1,1,15,0.7064529591484402,0.5866262569773707,1.2217922976144988,0.5283224582672119,0.09738445281982422
500,4.2,3,1,1,1,1,16,0.8214213481319999,0.5492381201076922,1.1812385908639622,0.6139390468597412,0.07676100730895996
500,4.2,3,1,1,1,1,17,0.7825467148854474,0.713809315884428,1.3813399432837965,0.6066396236419678,0.13217926025390625
500,4.2,3,1,1,1,1,18,0.7937890865059183,0.6220825177336478,1.3249646116135296,0.759483814239502,0.15060663223266602
500,4.2,3,1,1,1,1,19,0.8597243096302251,0.6836477986260369,1.4508729107006981,0.5963742733001709,0.11427140235900879
500,4.2,3,1,1,1,1,20,0.7955279083731828,0.6169894262657797,1.3242118998303685,0.612267255783081,0.0978240966796875
500,4.2,3,1,1,1,1,21,1.0769479054919349,0.9909349707564679,1.8359266140403343,0.5791299343109131,0.09927606582641602
500,4.2,3,1,1,1,1,22,0.8412532735826533,0.5266586578287066,1.3608555115287309,0.5920321941375732,0.10322022438049316
500,4.2,3,1,1,1,1,23,0.841973790936853,0.6914378474526736,1.3704845843901432,0.5760073661804199,0.11455392837524414
500,4.2,3,1,1,1,1,24,0.7709260618274464,0.5310643009384003,1.2827020224787362,0.6845335960388184,0.16198396682739258
500,4.4,3,1,1,1,1,0,0.8698510018858284,0.5730896890741339,1.1715228612112,0.6850845813751221,0.12520670890808105
500,4.4,3,1,1,1,1,1,0.9001946445048294,0.7630792524693679,1.3428291062009023,0.617485761642456,0.09605050086975098
500,4.4,3,1,1,1,1,2,0.8065526223899467,0.8512333606787562,1.606353218273663,0.5592687129974365,0.12169003486633301
500,4.4,3,1,1,1,1,3,0.887980188798788,0.6638170051229816,1.3243721779599626,0.5298559665679932,0.14304614067077637
500,4.4,3,1,1,1,1,4,1.0352768872860056,0.7066846599623909,1.517966748332595,1.0090022087097168,0.20814108848571777
500,4.4,3,1,1,1,1,5,0.949736346420795,0.8211352970163399,1.5220702566539526,0.5358133316040039,0.12451291084289551
500,4.4,3,1,1,1,1,6,0.9673414207154258,0.6465072936317564,1.4548498117046413,0.5089719295501709,0.11750626564025879
500,4.4,3,1,1,1,1,7,0.811883072399007,0.8207107356876474,1.5354114013068196,0.6448280811309814,0.13256502151489258
500,4.4,3,1,1,1,1,8,1.1354768874901502,0.7174239074245673,1.381765742624386,0.5252788066864014,0.12802433967590332
500,4.4,3,1,1,1,1,9,0.8109938721303822,0.5995544363298377,1.24120676086011,0.7405941486358643,0.2023611068725586
500,4.4,3,1,1,1,1,10,0.804512265895638,0.8098469019728057,1.6143591678684437,0.6179993152618408,0.11660003662109375
500,4.4,3,1,1,1,1,11,0.7836421654618198,0.769535191963122,1.4082918950091634,0.5799238681793213,0.12273597717285156
500,4.4,3,1,1,1,1,12,0.801251387347287,0.6970748605263121,1.4858450919801776,0.611691951751709,0.14201927185058594
500,4.4,3,1,1,1,1,13,0.7850797184518948,0.5804260321578991,1.2156179229197293,0.6308457851409912,0.13799834251403809
500,4.4,3,1,1,1,1,14,0.8038519291690069,0.5383586015977668,1.2613731956826515,0.6976428031921387,0.1691141128540039
500,4.4,3,1,1,1,1,15,0.9607677934178906,0.7997498687189217,1.523801203051172,0.628809928894043,0.1226963996887207
500,4.4,3,1,1,1,1,16,0.8048122110848429,0.6864713961946826,1.3067104701332546,0.609088659286499,0.11464977264404297
500,4.4,3,1,1,1,1,17,0.8269596087411277,0.7466151830292993,1.5483967929563116,0.5672197341918945,0.1275789737701416
500,4.4,3,1,1,1,1,18,0.872020804839774,0.6247927140791939,1.2319075183449106,0.5773658752441406,0.11841583251953125
500,4.4,3,1,1,1,1,19,0.8895143600461334,0.596391728532284,1.3205019754323841,0.5872716903686523,0.1356961727142334
500,4.4,3,1,1,1,1,20,1.0675709452420539,0.8647423323632123,1.6859226018423472,0.6750082969665527,0.15563082695007324
500,4.4,3,1,1,1,1,21,0.8907503404245689,0.8977182074672203,1.710450650853545,0.5429987907409668,0.12218952178955078
500,4.4,3,1,1,1,1,22,0.8331181364735031,0.5728005298016765,1.3898079167060233,0.5124757289886475,0.1137092113494873
500,4.4,3,1,1,1,1,23,0.8989739106360354,0.9784539483243264,1.7893531940002014,0.580075740814209,0.12463212013244629
500,4.4,3,1,1,1,1,24,0.7898595571406013,0.7471276755051545,1.382979528632757,0.5718967914581299,0.13865447044372559
500,4.6000000000000005,3,1,1,1,1,0,0.8497819609447049,0.7928567621246184,1.6426387230693233,0.748420000076294,0.16129827499389648
500,4.6000000000000005,3,1,1,1,1,1,0.9352075300827793,0.8029590838530356,1.5123873437651087,0.5828061103820801,0.12173628807067871
500,4.6000000000000005,3,1,1,1,1,2,0.8948421387954603,0.7258761272822442,1.6207182660777044,0.5793900489807129,0.11870217323303223
500,4.6000000000000005,3,1,1,1,1,3,0.8288954277579187,0.7711134119004897,1.5444897275271319,0.5874161720275879,0.11047792434692383
500,4.6000000000000005,3,1,1,1,1,4,0.818604571523877,0.7052179119749624,1.3031399902900265,0.5635507106781006,0.1276226043701172
500,4.6000000000000005,3,1,1,1,1,5,0.8404629346282649,0.8338629329446088,1.6588197751877969,0.6414756774902344,0.13741660118103027
500,4.6000000000000005,3,1,1,1,1,6,1.0112501754738286,1.1434979097087368,2.1547480851825656,0.754356861114502,0.18700432777404785
500,4.6000000000000005,3,1,1,1,1,7,1.173657159419309,0.726008482548217,1.8987471842233545,0.5875024795532227,0.13843297958374023
500,4.6000000000000005,3,1,1,1,1,8,0.9249731664068953,0.7464415695140202,1.5957857139364346,0.6132726669311523,0.1530914306640625
500,4.6000000000000005,3,1,1,1,1,9,1.0803971057879986,0.7251249886356814,1.6553478017284027,0.5712003707885742,0.12519192695617676
500,4.6000000000000005,3,1,1,1,1,10,0.8122047025829853,0.6287168140035806,1.3223905798223479,0.5657134056091309,0.11800169944763184
500,4.6000000000000005,3,1,1,1,1,11,1.0466267809821022,0.8566220194859967,1.7598821572606194,0.6216025352478027,0.16265296936035156
500,4.6000000000000005,3,1,1,1,1,12,0.8375557035157377,0.6540945432830405,1.3468016816893063,0.5239269733428955,0.1340947151184082
500,4.6000000000000005,3,1,1,1,1,13,0.8239691548780442,0.619737291634392,1.2892190910356014,0.49622654914855957,0.10674047470092773
500,4.6000000000000005,3,1,1,1,1,14,0.8974765444383831,0.7686432238767573,1.6552343125624633,0.5279538631439209,0.11623263359069824
500,4.6000000000000005,3,1,1,1,1,15,0.9942529263741264,0.6001683331385083,1.5202574434341345,0.561192512512207,0.12454771995544434
500,4.6000000000000005,3,1,1,1,1,16,1.0172627403673165,0.6344410735457862,1.2418135268042065,0.5748841762542725,0.13474655151367188
500,4.6000000000000005,3,1,1,1,1,17,2.3016075215050824,0.8010725601981992,2.8452058637846527,0.7027370929718018,0.12281155586242676
500,4.6000000000000005,3,1,1,1,1,18,0.8427093942980397,0.699474873297678,1.4731875515881268,0.551335334777832,0.10614156723022461
500,4.6000000000000005,3,1,1,1,1,19,0.8583362236484551,0.6703824768727478,1.3742611619237768,0.5260307788848877,0.11573481559753418
500,4.6000000000000005,3,1,1,1,1,20,0.98261154039545,1.1462848860970993,2.1288964264925494,0.5128090381622314,0.10627627372741699
500,4.6000000000000005,3,1,1,1,1,21,0.8979523582207959,0.7138534509692169,1.4912448381004415,0.5016798973083496,0.10051298141479492
500,4.6000000000000005,3,1,1,1,1,22,0.835229607179319,0.7079680790834135,1.4039946933358185,0.5142326354980469,0.1369035243988037
500,4.6000000000000005,3,1,1,1,1,23,0.929916997704191,0.717581662140706,1.438966976016982,0.6008999347686768,0.11500859260559082
500,4.6000000000000005,3,1,1,1,1,24,0.9526216889774834,0.6776800280789397,1.5192917218843032,0.490966796875,0.10902214050292969
500,4.800000000000001,3,1,1,1,1,0,0.9042019655832745,0.9429540842098048,1.7601805013157423,0.4545409679412842,0.08762764930725098
500,4.800000000000001,3,1,1,1,1,1,1.6537271031268401,0.8255380045954168,2.3135154400422713,0.4525458812713623,0.09375572204589844
500,4.800000000000001,3,1,1,1,1,2,1.0233509912954264,0.8486414036320631,1.6517818858381699,0.43378186225891113,0.10948705673217773
500,4.800000000000001,3,1,1,1,1,3,0.9675434613742261,0.749392423749829,1.6278140410013229,0.41491270065307617,0.10164451599121094
500,4.800000000000001,3,1,1,1,1,4,1.280201648663508,0.732760436755707,1.9857229344393357,0.5784273147583008,0.1156160831451416
500,4.800000000000001,3,1,1,1,1,5,1.052295278914982,0.7001391511028031,1.4976842655233091,0.48457932472229004,0.11157369613647461
500,4.800000000000001,3,1,1,1,1,6,1.0001859002438527,0.8162636543362719,1.6142192723778461,0.5444848537445068,0.11365628242492676
500,4.800000000000001,3,1,1,1,1,7,1.0644071563193889,0.8274320005628187,1.8918391568822077,0.40148043632507324,0.08913564682006836
500,4.800000000000001,3,1,1,1,1,8,1.144406961878546,1.0927648458995538,1.9773552446828588,0.4152061939239502,0.08866572380065918
500,4.800000000000001,3,1,1,1,1,9,0.8075423669039895,0.5970702759851778,1.3879778858866636,0.38123297691345215,0.09677648544311523
500,4.800000000000001,3,1,1,1,1,10,0.9082897998082674,0.7982021691728016,1.6767488441866916,0.3910975456237793,0.08722734451293945
500,4.800000000000001,3,1,1,1,1,11,1.0021930964348826,0.5655828338220152,1.5330344035445262,0.537602424621582,0.10178875923156738
500,4.800000000000001,3,1,1,1,1,12,0.9913017445661694,0.8318894991507922,1.6637018665832697,0.4397158622741699,0.08941483497619629
500,4.800000000000001,3,1,1,1,1,13,0.9894670459259056,0.6408381117248877,1.3919099231686438,0.3889908790588379,0.09461474418640137
500,4.800000000000001,3,1,1,1,1,14,1.0621337796160986,0.5479867270146975,1.4215355788221278,0.4238884449005127,0.09546566009521484
500,4.800000000000001,3,1,1,1,1,15,1.0178972617285589,0.6409875160384967,1.4964466004046177,0.4102904796600342,0.09899044036865234
500,4.800000000000001,3,1,1,1,1,16,1.1661111815387248,0.7070503793188212,1.551330546532357,0.4437897205352783,0.10549259185791016
500,4.800000000000001,3,1,1,1,1,17,2.538990408129264,0.9912442147948619,2.7472528980963693,0.40346813201904297,0.09942793846130371
500,4.800000000000001,3,1,1,1,1,18,0.9008659852255356,0.9421845248072079,1.7404010523471078,0.6061010360717773,0.10384416580200195
500,4.800000000000001,3,1,1,1,1,19,1.812240809415718,0.8201832915419287,2.632424100957647,0.5019717216491699,0.11228036880493164
500,4.800000000000001,3,1,1,1,1,20,0.9219873774524865,0.6712572683270684,1.4624490789434215,0.5163760185241699,0.10544872283935547
500,4.800000000000001,3,1,1,1,1,21,2.8255226811008254,0.6543777746094845,3.4693898125121088,0.5167648792266846,0.10568976402282715
500,4.800000000000001,3,1,1,1,1,22,1.0074860889910484,0.630708770010788,1.4380067953194788,0.5219368934631348,0.1171731948852539
500,4.800000000000001,3,1,1,1,1,23,1.0588747730388905,1.1631693372580063,2.222044110296897,0.5212457180023193,0.12655138969421387
500,4.800000000000001,3,1,1,1,1,24,0.937217922396301,0.6953036365677193,1.5701979504681098,0.7772631645202637,0.18099737167358398
500,5.0,3,1,1,1,1,0,1.0078049003887808,0.6649995722733372,1.3230143576442888,0.5794541835784912,0.1344761848449707
500,5.0,3,1,1,1,1,1,0.8797211064699817,0.8566596206145973,1.6995374397384528,0.5514681339263916,0.11575913429260254
500,5.0,3,1,1,1,1,2,1.0375347866765139,0.8245809046382262,1.7148186152298739,0.545053243637085,0.11634683609008789
500,5.0,3,1,1,1,1,3,1.1848814507756738,0.8487673377271051,2.033648788502779,0.5680334568023682,0.11574316024780273
500,5.0,3,1,1,1,1,4,1.190293262161496,0.8673798359147382,1.736526925422721,0.7887589931488037,0.16919159889221191
500,5.0,3,1,1,1,1,5,0.9636311145969223,0.8668736869256032,1.6137555458640687,0.7828609943389893,0.1286911964416504
500,5.0,3,1,1,1,1,6,2.443757920390894,1.380897353599905,3.824655273990799,0.5775856971740723,0.12270832061767578
500,5.0,3,1,1,1,1,7,1.0123465452852867,0.6739827932746515,1.5668395081942152,0.5600812435150146,0.11261367797851562
500,5.0,3,1,1,1,1,8,1.0634300819093938,1.0207189462230633,1.9149225764153086,0.5657999515533447,0.11466526985168457
500,5.0,3,1,1,1,1,9,0.9693654501635326,0.8364490399946467,1.5712195233165613,0.5829005241394043,0.13016247749328613
500,5.0,3,1,1,1,1,10,0.9752570260680146,0.5665556473057682,1.366677961749528,0.6716382503509521,0.17720818519592285
500,5.0,3,1,1,1,1,11,1.116454488440281,0.8491990402068333,1.9506627039721538,0.5133826732635498,0.12985754013061523
500,5.0,3,1,1,1,1,12,0.9168115987087019,0.7099243907850397,1.590268163606223,0.5472676753997803,0.1284019947052002
500,5.0,3,1,1,1,1,13,0.9706953385941566,0.6473382589930727,1.4387980315464468,0.5476112365722656,0.134965181350708
500,5.0,3,1,1,1,1,14,1.1546865966069169,0.766639224790005,1.597106182311002,0.5455999374389648,0.11571598052978516
500,5.0,3,1,1,1,1,15,0.9382962077248682,0.6922469786134136,1.4739785540451091,0.774306058883667,0.1957545280456543
500,5.0,3,1,1,1,1,16,0.8943123870334412,0.8010530447207933,1.5286559790246053,0.6056444644927979,0.11687302589416504
500,5.0,3,1,1,1,1,17,1.1713616639903297,0.8685260941216799,1.8168122982845003,0.5786387920379639,0.11982870101928711
500,5.0,3,1,1,1,1,18,1.1286435444700722,1.1785474165179803,2.2085413961556313,0.5752573013305664,0.12416505813598633
500,5.0,3,1,1,1,1,19,1.1527466495754926,0.8680971907802034,1.6117074206965134,0.5879268646240234,0.1117715835571289
500,5.0,3,1,1,1,1,20,1.0555880122633416,0.9637653213030982,1.770051876395101,0.6358466148376465,0.14011645317077637
500,5.0,3,1,1,1,1,21,1.0044503504053455,0.9832887865105958,1.7924160989904632,0.7314813137054443,0.16992878913879395
500,5.0,3,1,1,1,1,22,1.0457381423550132,0.8427081749692019,1.6330353245968168,0.7192263603210449,0.14576101303100586
500,5.0,3,1,1,1,1,23,1.1073573454174617,0.7588810080944809,1.7905158065647089,0.741743803024292,0.18924832344055176
500,5.0,3,1,1,1,1,24,0.942153619590278,0.7191596288173697,1.4950398941980907,0.8808801174163818,0.17307186126708984
500,5.2,3,1,1,1,1,0,1.0778872675421878,0.9127394379517808,1.967278611055434,0.8261528015136719,0.18885374069213867
500,5.2,3,1,1,1,1,1,1.1185652901742595,0.8095313866990287,1.8352632833274447,0.6439864635467529,0.13733530044555664
500,5.2,3,1,1,1,1,2,1.1018665473166254,0.747825474841384,1.5133500154336752,0.6875603199005127,0.1318497657775879
500,5.2,3,1,1,1,1,3,2.0201273302691294,0.99266911220792,3.0127964424770495,0.5953545570373535,0.13083434104919434
500,5.2,3,1,1,1,1,4,1.0113105971285186,0.8594279161716144,1.7413922192209834,0.8440160751342773,0.1459791660308838
500,5.2,3,1,1,1,1,5,1.0438533617882202,0.7607282814383226,1.7096023086921899,0.7556858062744141,0.11240053176879883
500,5.2,3,1,1,1,1,6,1.1048103659219457,1.0966146352529964,2.2014250011749423,0.6796257495880127,0.10452103614807129
500,5.2,3,1,1,1,1,7,2.639286055575098,1.5149787737560365,4.154264829331135,0.6567740440368652,0.1632852554321289
500,5.2,3,1,1,1,1,8,1.2408228464226698,0.9940854950803589,1.8609398655517064,0.7067410945892334,0.14751434326171875
500,5.2,3,1,1,1,1,9,1.1648990839049993,0.8424339464294732,1.635438981541699,0.9688777923583984,0.15828990936279297
500,5.2,3,1,1,1,1,10,1.1447106087101804,0.9166896529663865,1.6826887229958323,0.6768279075622559,0.15981841087341309
500,5.2,3,1,1,1,1,11,1.0499323561480587,0.8107046025206288,1.6711604206240653,0.695239782333374,0.13552165031433105
500,5.2,3,1,1,1,1,12,2.160784162622791,0.7693574260069969,2.9301415886297875,0.6431128978729248,0.1384139060974121
500,5.2,3,1,1,1,1,13,2.4611730202593565,0.7518957022582341,2.5763811489601984,0.6538009643554688,0.15255379676818848
500,5.2,3,1,1,1,1,14,1.181089315305425,0.7689162908953959,1.7347812603972135,0.8577876091003418,0.16023039817810059
500,5.2,3,1,1,1,1,15,2.1485479164944707,1.4635854999468665,3.6121334164413375,0.7369952201843262,0.17843914031982422
500,5.2,3,1,1,1,1,16,0.9954896227101967,0.8182892068108022,1.7020638475995655,0.7675814628601074,0.11841177940368652
500,5.2,3,1,1,1,1,17,2.7838399814810186,0.8917905708180339,2.85824673992099,0.6807641983032227,0.14982032775878906
500,5.2,3,1,1,1,1,18,1.1649278743886795,1.1200639282695295,2.054557138949304,0.7639212608337402,0.18188071250915527
500,5.2,3,1,1,1,1,19,1.1395550669620336,0.7742240615159095,1.8740375702284735,0.5409936904907227,0.11897635459899902
500,5.2,3,1,1,1,1,20,2.8171601453110564,0.798106588073786,3.6152667333848423,0.6639058589935303,0.13263630867004395
500,5.2,3,1,1,1,1,21,2.600872408195984,1.6752299146218192,4.218034012575847,0.6019790172576904,0.11113095283508301
500,5.2,3,1,1,1,1,22,1.050437074488718,0.8044574152579184,1.8246083175286998,0.7010824680328369,0.11778783798217773
500,5.2,3,1,1,1,1,23,0.9987894227240239,0.8509745654651819,1.6702589801908883,0.7568285465240479,0.15374994277954102
500,5.2,3,1,1,1,1,24,1.1409707624059888,0.9074107234683945,1.803228248557712,0.709273099899292,0.12049603462219238
500,5.4,3,1,1,1,1,0,1.0577489349052367,0.8377543606161629,1.8176436396883244,0.6731672286987305,0.15482735633850098
500,5.4,3,1,1,1,1,1,1.3905821112350638,1.0136297389286075,2.370270685304759,0.7532939910888672,0.12964177131652832
500,5.4,3,1,1,1,1,2,2.7295638978582373,0.7929124293909423,3.179555761327409,0.6869487762451172,0.10814714431762695
500,5.4,3,1,1,1,1,3,2.805292299603,0.7816725560356981,3.0215502294874987,0.7697858810424805,0.1635453701019287
500,5.4,3,1,1,1,1,4,1.144973372945321,0.7016900304233763,1.5785627067274342,0.6435220241546631,0.09182119369506836
500,5.4,3,1,1,1,1,5,1.111762080471968,0.9303193981364947,1.7741368597583347,0.6536846160888672,0.1349656581878662
500,5.4,3,1,1,1,1,6,1.157400678758972,0.692121280804459,1.745735318482108,0.5929577350616455,0.13327670097351074
500,5.4,3,1,1,1,1,7,0.9959999361401872,0.7437025993591388,1.693214891999596,0.6078815460205078,0.09640884399414062
500,5.4,3,1,1,1,1,8,2.6158852315938175,1.003303919795806,2.7179162896653897,0.6602683067321777,0.1394357681274414
500,5.4,3,1,1,1,1,9,1.0768785045726188,0.9087186270736547,1.7934300035909911,0.6707782745361328,0.13398194313049316
500,5.4,3,1,1,1,1,10,1.2721732688210508,0.7722535426324781,1.6363086373022981,0.5957901477813721,0.09193181991577148
500,5.4,3,1,1,1,1,11,1.0706092351439986,0.8702956247980281,1.8243747069273604,0.5742785930633545,0.09804177284240723
500,5.4,3,1,1,1,1,12,1.1218790178903923,0.7824293108811071,1.8937485147246091,0.5808637142181396,0.08750748634338379
500,5.4,3,1,1,1,1,13,1.4453463956535268,0.8491693973887394,2.0039368436986997,0.6024818420410156,0.10267090797424316
500,5.4,3,1,1,1,1,14,1.106996265136963,0.9059920692333199,1.801557047379378,0.6919567584991455,0.12042784690856934
500,5.4,3,1,1,1,1,15,0.9722727397503872,0.8077171039796144,1.712862300257819,0.505957841873169,0.1284198760986328
500,5.4,3,1,1,1,1,16,2.8109344883155525,1.0213270542667354,3.832261542582288,0.48566508293151855,0.10681295394897461
500,5.4,3,1,1,1,1,17,2.818228874912025,1.1329465272550472,3.837649279571489,0.5528323650360107,0.09953975677490234
500,5.4,3,1,1,1,1,18,2.4641828175699265,1.1381708740073904,3.1505145480432817,0.563227653503418,0.11909198760986328
500,5.4,3,1,1,1,1,19,2.673910734131318,0.8742426026921949,3.0947641910845403,0.5974476337432861,0.0829782485961914
500,5.4,3,1,1,1,1,20,1.1744027993185369,0.9584720534502095,2.0540345155883215,0.646442174911499,0.11265850067138672
500,5.4,3,1,1,1,1,21,2.7586971699411946,1.0455737739180926,3.8042709438592874,0.5567142963409424,0.13495540618896484
500,5.4,3,1,1,1,1,22,2.7970975338417143,0.9797471338115484,3.2509147522779145,0.6176919937133789,0.10475873947143555
500,5.4,3,1,1,1,1,23,2.669513891143719,0.8068792942083781,2.888155606267194,0.6222975254058838,0.08948206901550293
500,5.4,3,1,1,1,1,24,1.0703809531644288,0.9452905465433975,1.8582386533800461,0.6264746189117432,0.09988641738891602
500,5.6000000000000005,3,1,1,1,1,0,1.1821408072388058,0.8925847390653112,2.074725546304117,0.6995790004730225,0.141068696975708
500,5.6000000000000005,3,1,1,1,1,1,1.0586161693838783,0.8311742413280193,1.5354424415501406,0.7412927150726318,0.09641671180725098
500,5.6000000000000005,3,1,1,1,1,2,2.6802649247902437,1.3055312662399967,3.98579619103024,0.6254758834838867,0.0945284366607666
500,5.6000000000000005,3,1,1,1,1,3,2.392769633329916,1.1470202565579686,3.5397898898878846,0.6303589344024658,0.11351752281188965
500,5.6000000000000005,3,1,1,1,1,4,1.2050647564896264,1.6134530000061482,2.8185177564957744,0.651024580001831,0.10953497886657715
500,5.6000000000000005,3,1,1,1,1,5,1.3755262565177049,1.175049790906798,2.2483824759339393,0.7229251861572266,0.1475512981414795
500,5.6000000000000005,3,1,1,1,1,6,2.4171262969113814,0.8874862101451252,2.551177755838894,0.8153104782104492,0.1368424892425537
500,5.6000000000000005,3,1,1,1,1,7,2.705719565269411,1.1129523878976642,3.2808303551093996,0.723081111907959,0.11751818656921387
500,5.6000000000000005,3,1,1,1,1,8,2.242602729791728,1.5151525502126861,3.067882859059372,0.6708114147186279,0.1315171718597412
500,5.6000000000000005,3,1,1,1,1,9,2.2914503391305643,0.9997026419600193,2.6093334120802587,0.6761441230773926,0.13663482666015625
500,5.6000000000000005,3,1,1,1,1,10,2.6087350950988064,1.039515317316704,3.359230112312667,0.7023031711578369,0.16002988815307617
500,5.6000000000000005,3,1,1,1,1,11,2.543095220570635,2.175486738095237,4.518189513961475,0.7803351879119873,0.11846351623535156
500,5.6000000000000005,3,1,1,1,1,12,1.2668701836042122,1.118004375583303,2.064947704418461,0.6562857627868652,0.10154533386230469
500,5.6000000000000005,3,1,1,1,1,13,2.8161661756463596,0.7617345573110352,3.01296293549549,0.620901346206665,0.13370132446289062
500,5.6000000000000005,3,1,1,1,1,14,2.698555143358,1.0280830600597615,3.726638203417761,0.6481173038482666,0.15103626251220703
500,5.6000000000000005,3,1,1,1,1,15,1.0723869022152033,1.0834052098720888,1.911065863900428,0.834228515625,0.17676734924316406
500,5.6000000000000005,3,1,1,1,1,16,2.338948837186511,1.0741046698613086,3.4130535070478194,0.5892958641052246,0.11721467971801758
500,5.6000000000000005,3,1,1,1,1,17,1.5396252233239895,0.9283240222432753,2.057766700732457,0.684633731842041,0.14999651908874512
500,5.6000000000000005,3,1,1,1,1,18,2.348484945381079,1.4638295059659159,3.812314451346995,0.6962296962738037,0.13074231147766113
500,5.6000000000000005,3,1,1,1,1,19,2.806016806554141,2.0131349373252077,4.459366501236138,0.7639200687408447,0.14014506340026855
500,5.6000000000000005,3,1,1,1,1,20,1.3205748022388089,0.9377234884803173,2.010556996352813,0.8552284240722656,0.1551661491394043
500,5.6000000000000005,3,1,1,1,1,21,1.4357652256687141,1.1523908205099775,2.0113567475187892,0.7908904552459717,0.1445779800415039
500,5.6000000000000005,3,1,1,1,1,22,1.12853321830133,1.127092974045918,2.163195429203805,0.658341646194458,0.09475398063659668
500,5.6000000000000005,3,1,1,1,1,23,2.6014083542139796,0.9926826016316108,3.009385111967327,0.8373608589172363,0.1540675163269043
500,5.6000000000000005,3,1,1,1,1,24,2.4988904710183775,0.9095989435530804,3.408489414571458,0.926020622253418,0.14054417610168457
500,5.800000000000001,3,1,1,1,1,0,2.65693757195149,1.6428952620160302,4.29983283396752,0.7393791675567627,0.13835954666137695
500,5.800000000000001,3,1,1,1,1,1,2.421384230456557,1.5147015677132136,3.895405324626301,0.5899758338928223,0.1370987892150879
500,5.800000000000001,3,1,1,1,1,2,1.2156899652690878,0.7941797354383845,1.836041236800718,0.7078344821929932,0.16762804985046387
500,5.800000000000001,3,1,1,1,1,3,1.3920880938351605,1.1762930588796414,2.568381152714802,0.8240261077880859,0.15131807327270508
500,5.800000000000001,3,1,1,1,1,4,1.1939819904611653,0.9059006909495145,1.8664919336216588,0.8495242595672607,0.16367483139038086
500,5.800000000000001,3,1,1,1,1,5,2.8136208472317716,1.4290953458008382,4.1687499493644475,0.6526899337768555,0.13763880729675293
500,5.800000000000001,3,1,1,1,1,6,1.0949641953393614,0.8277633887589432,1.65769207151715,0.714320182800293,0.15192818641662598
500,5.800000000000001,3,1,1,1,1,7,2.703874617387598,0.9839581597714471,3.4489786689156046,0.670356273651123,0.16265034675598145
500,5.800000000000001,3,1,1,1,1,8,1.975906873303827,1.315276019905553,3.2911828932093803,0.775864839553833,0.1779181957244873
500,5.800000000000001,3,1,1,1,1,9,1.143621368253905,0.8800049401712068,1.6081936081519848,0.7056293487548828,0.15547728538513184
500,5.800000000000001,3,1,1,1,1,10,2.576483571066219,0.8428247371612284,3.0316110255891227,0.6791002750396729,0.14059042930603027
500,5.800000000000001,3,1,1,1,1,11,2.695454799518813,1.7177329921034628,3.8458982682825433,0.7714517116546631,0.1313798427581787
500,5.800000000000001,3,1,1,1,1,12,2.8195111159230306,1.0271443761340424,3.370014301591333,0.6584689617156982,0.168076753616333
500,5.800000000000001,3,1,1,1,1,13,2.8276422009486457,1.1596255553460695,3.6676925582113755,0.7871541976928711,0.18722963333129883
500,5.800000000000001,3,1,1,1,1,14,2.7155854567230344,0.9019337350035934,3.0384874439158445,0.7277412414550781,0.18341398239135742
500,5.800000000000001,3,1,1,1,1,15,2.748159534177864,1.1933895760039215,2.8622922561091255,0.8104004859924316,0.13149738311767578
500,5.800000000000001,3,1,1,1,1,16,1.8535561354952597,0.9301063807494001,2.0448370515694156,0.5625476837158203,0.12360358238220215
500,5.800000000000001,3,1,1,1,1,17,2.813179994850631,2.150864376605699,4.96404437145633,0.7430315017700195,0.12925100326538086
500,5.800000000000001,3,1,1,1,1,18,2.8224716311422418,0.9872426928018794,3.809714323944121,0.6122465133666992,0.07460260391235352
500,5.800000000000001,3,1,1,1,1,19,2.7608288776889585,1.4082322596350865,4.169061137324045,0.5670156478881836,0.17148494720458984
500,5.800000000000001,3,1,1,1,1,20,2.822792164539529,1.0999397042738863,3.741867846694937,0.6450800895690918,0.11458659172058105
500,5.800000000000001,3,1,1,1,1,21,2.415269412089037,0.9012885969021096,3.045119498736878,0.621837854385376,0.1166999340057373
500,5.800000000000001,3,1,1,1,1,22,2.827900617561428,1.108959170222679,3.095260209474918,0.7956392765045166,0.16247844696044922
500,5.800000000000001,3,1,1,1,1,23,2.638108129249929,1.4976169893078612,4.018139311029189,0.6675753593444824,0.12928056716918945
500,5.800000000000001,3,1,1,1,1,24,1.284307871551392,1.4456700244966803,2.5424480693746516,0.6766350269317627,0.10244417190551758
500,6.0,3,1,1,1,1,0,2.699027098717475,1.3906343425706613,4.027120949970512,0.595029354095459,0.11530351638793945
500,6.0,3,1,1,1,1,1,2.827952750499779,1.3482261007679854,3.2865765046104385,0.6254379749298096,0.1169428825378418
500,6.0,3,1,1,1,1,2,2.7496351869176303,1.6831400570458501,3.982116122452606,0.663182258605957,0.15660381317138672
500,6.0,3,1,1,1,1,3,2.7746986727913754,1.4307679279043197,3.0831556537098326,0.6899464130401611,0.10118675231933594
500,6.0,3,1,1,1,1,4,2.7799797805188047,1.378172862310267,3.521532644942059,0.5831954479217529,0.10873866081237793
500,6.0,3,1,1,1,1,5,2.814003092541747,1.431458097863928,3.9249380451463916,0.5520675182342529,0.09367871284484863
500,6.0,3,1,1,1,1,6,2.492175154879997,1.236725399441001,2.80382719173119,0.601996660232544,0.08309412002563477
500,6.0,3,1,1,1,1,7,2.153448025356495,2.2090185711227943,4.3624665964792895,0.5681595802307129,0.0986332893371582
500,6.0,3,1,1,1,1,8,1.3496058771416104,1.125421047532089,2.2050196581773895,0.6179864406585693,0.1085503101348877
500,6.0,3,1,1,1,1,9,2.583970940320445,0.8511611468469628,3.432113970323374,0.6351475715637207,0.1272728443145752
500,6.0,3,1,1,1,1,10,2.6975263546962682,1.5642830483309564,4.261809403027224,0.5426406860351562,0.11086463928222656
500,6.0,3,1,1,1,1,11,2.807158776727333,1.087663679815443,3.4781087495868253,0.5178012847900391,0.12585711479187012
500,6.0,3,1,1,1,1,12,1.1986791476263658,0.8300975799988168,1.8617012848696943,0.5334925651550293,0.09221315383911133
500,6.0,3,1,1,1,1,13,2.8231477448527906,1.339674279256333,3.1746626515803307,0.5788235664367676,0.09107828140258789
500,6.0,3,1,1,1,1,14,2.8012959024477886,1.0739013848533,3.094388414211064,0.5859324932098389,0.11104631423950195
500,6.0,3,1,1,1,1,15,2.381048676988456,0.9056652715586769,2.886262915591251,0.5267817974090576,0.09134578704833984
500,6.0,3,1,1,1,1,16,2.613537076200399,1.9575399098790545,3.261935530967829,0.523228645324707,0.12185239791870117
500,6.0,3,1,1,1,1,17,2.381877496906959,1.7524979514285857,3.7850307307736917,0.5673537254333496,0.07881736755371094
500,6.0,3,1,1,1,1,18,2.793910427843559,1.7510243385997226,4.082456589443073,0.6189415454864502,0.10896730422973633
500,6.0,3,1,1,1,1,19,2.7941361923124566,1.55974270671699,4.268186143407489,0.5883200168609619,0.11579585075378418
500,6.0,3,1,1,1,1,20,2.7797018638827007,1.6128633745524843,4.392565238435185,0.6571333408355713,0.08851265907287598
500,6.0,3,1,1,1,1,21,2.7618316120459037,1.152030146562584,3.770111981684429,0.5728185176849365,0.1360793113708496
500,6.0,3,1,1,1,1,22,1.925052395900649,1.4482558780772243,2.5037471219893996,0.600029706954956,0.11818528175354004
500,6.0,3,1,1,1,1,23,2.790535505841507,1.3912084588656177,3.0407589314673644,0.6295144557952881,0.09785270690917969
500,6.0,3,1,1,1,1,24,2.1215511902952358,1.2651755516033742,2.4707477270949894,0.6134519577026367,0.11359167098999023
500,6.2,3,1,1,1,1,0,2.770479459032836,1.3253557889937766,3.870802249543714,0.755979061126709,0.17171382904052734
500,6.2,3,1,1,1,1,1,2.8248395188541813,1.821764933186065,3.77255653334364,0.6744709014892578,0.11379766464233398
500,6.2,3,1,1,1,1,2,2.825632658861508,1.2479512170989364,3.7480743985376037,0.6507914066314697,0.13310933113098145
500,6.2,3,1,1,1,1,3,2.827939492321925,1.8298401460648703,4.367249662446959,0.7579071521759033,0.1344738006591797
500,6.2,3,1,1,1,1,4,2.8277225354708495,2.048696681024289,4.700578844049819,0.7887096405029297,0.1516120433807373
500,6.2,3,1,1,1,1,5,2.8100208686520745,1.3346628055416694,4.054039660122733,0.8819911479949951,0.18558406829833984
500,6.2,3,1,1,1,1,6,2.8112133919875033,2.829374149986209,5.548257999966305,0.6580982208251953,0.13996434211730957
500,6.2,3,1,1,1,1,7,2.8106958903423624,1.1668958111781906,3.31476842697183,0.7085013389587402,0.16208314895629883
500,6.2,3,1,1,1,1,8,2.1723073236577823,1.7248289997436095,3.8807869659308025,0.7366271018981934,0.1349499225616455
500,6.2,3,1,1,1,1,9,2.8284270598900685,6.360574618139463,9.186730741246775,0.7594602108001709,0.17527031898498535
500,6.2,3,1,1,1,1,10,2.825705884652321,1.3706928234902978,4.158710633443549,0.7720863819122314,0.14794516563415527
500,6.2,3,1,1,1,1,11,2.8279639361465887,3.884252313593465,6.699724707517069,0.6923356056213379,0.12141561508178711
500,6.2,3,1,1,1,1,12,2.822384516946909,1.4612585538766816,3.527005579293952,0.7096731662750244,0.10540533065795898
500,6.2,3,1,1,1,1,13,2.828306554594636,1.6116765863825642,3.9086896979510275,0.7348248958587646,0.12853312492370605
500,6.2,3,1,1,1,1,14,2.702592095425855,1.2777569140686953,3.8187888087261594,0.8593888282775879,0.14565682411193848
500,6.2,3,1,1,1,1,15,2.8275521092063207,1.3471057767748622,3.5181542795686407,0.6942074298858643,0.1075742244720459
500,6.2,3,1,1,1,1,16,2.4846938185370426,1.8492543137319761,4.282681139695276,0.6874208450317383,0.1463315486907959
500,6.2,3,1,1,1,1,17,2.246751666003307,1.3710248686693667,2.521526308716137,0.6860387325286865,0.14939475059509277
500,6.2,3,1,1,1,1,18,2.7556114508820033,1.840053003922891,4.117331530452477,0.7321517467498779,0.13764739036560059
500,6.2,3,1,1,1,1,19,2.5406174295599517,1.2869351609286388,3.8275525904885903,0.8899812698364258,0.16530394554138184
500,6.2,3,1,1,1,1,20,2.689578621410074,1.2715332283612362,3.339363261624719,0.687978982925415,0.17186498641967773
500,6.2,3,1,1,1,1,21,2.8262445449441924,2.628557468725797,4.956389793487057,0.7642366886138916,0.13527870178222656
500,6.2,3,1,1,1,1,22,2.740529306639455,1.3838539626741833,3.485087668725039,0.9012775421142578,0.1226358413696289
500,6.2,3,1,1,1,1,23,1.994591447191741,0.8348422641673453,2.3097332922710834,0.873272180557251,0.15663456916809082
500,6.2,3,1,1,1,1,24,2.8258614371457917,2.5506102620953137,5.355664839213947,0.7027087211608887,0.1256108283996582
500,6.4,3,1,1,1,1,0,2.78930525317536,1.6646932806330088,4.349633641228803,0.6805002689361572,0.13432741165161133
500,6.4,3,1,1,1,1,1,2.7628777791413595,2.2478560256128963,5.010733804754256,0.6607651710510254,0.13877034187316895
500,6.4,3,1,1,1,1,2,2.809373497711571,1.0489256481499383,3.5839832156754263,0.6326696872711182,0.10671234130859375
500,6.4,3,1,1,1,1,3,2.807169904827706,1.5293057202679805,4.067495168430123,0.7644858360290527,0.18500995635986328
500,6.4,3,1,1,1,1,4,2.806118755054593,3.1747373226464854,5.12149698622574,0.720313549041748,0.10666394233703613
500,6.4,3,1,1,1,1,5,2.8145039323046173,2.425318955178256,4.57916976520726,0.6437191963195801,0.13567543029785156
500,6.4,3,1,1,1,1,6,2.8108237287055533,2.032617848614151,4.56955215067363,0.6466035842895508,0.15054035186767578
500,6.4,3,1,1,1,1,7,2.676961162164282,0.8856452735326242,3.221826546142783,0.6495833396911621,0.17262673377990723
500,6.4,3,1,1,1,1,8,2.8211358004743117,1.416313777729101,4.012479576944775,0.8928408622741699,0.1626594066619873
500,6.4,3,1,1,1,1,9,2.8135011693470604,2.0393060392512647,4.852807208598325,0.6444816589355469,0.12731575965881348
500,6.4,3,1,1,1,1,10,2.756384791262061,1.5641498451202873,4.071007471089203,0.6809518337249756,0.12322258949279785
500,6.4,3,1,1,1,1,11,2.828029642917023,1.2355542653956308,3.9709019228606772,0.6459734439849854,0.10532331466674805
500,6.4,3,1,1,1,1,12,2.8014828277144197,2.203124384354973,4.022276193295199,0.6913981437683105,0.16208100318908691
500,6.4,3,1,1,1,1,13,2.819916936526849,1.3413254276635673,3.3006670625665224,0.8319413661956787,0.16674160957336426
500,6.4,3,1,1,1,1,14,2.5403733225022487,1.9669455400393263,4.507318862541575,0.7208373546600342,0.16159987449645996
500,6.4,3,1,1,1,1,15,2.82254062019831,2.1658687784909842,4.290978162380229,0.8040099143981934,0.16480064392089844
500,6.4,3,1,1,1,1,16,2.7340823313173934,1.0351407269875632,3.603471297600875,0.7197961807250977,0.12574505805969238
500,6.4,3,1,1,1,1,17,2.745144210845923,1.0371823166583922,3.400052123702763,0.7666418552398682,0.1299903392791748
500,6.4,3,1,1,1,1,18,2.812330549966696,1.8012430333735188,4.401095830594972,0.7786290645599365,0.16068077087402344
500,6.4,3,1,1,1,1,19,2.8142301608534073,1.1544506249239497,3.6880530726068703,0.6433863639831543,0.09586572647094727
500,6.4,3,1,1,1,1,20,2.824901846645229,1.7637849458364647,4.5074931763314945,0.6022260189056396,0.08227777481079102
500,6.4,3,1,1,1,1,21,2.828400346510015,1.2610761654329283,3.8527000698131673,0.5641345977783203,0.11523580551147461
500,6.4,3,1,1,1,1,22,2.7902747810620308,1.0885803960114917,3.690846360609405,0.6004853248596191,0.14984893798828125
500,6.4,3,1,1,1,1,23,2.8164843330795897,1.5754614913493146,4.12519261142343,0.5990421772003174,0.1388540267944336
500,6.4,3,1,1,1,1,24,2.82549104712057,3.410047918509195,5.442007026192687,0.5322184562683105,0.12514138221740723
500,6.6000000000000005,3,1,1,1,1,0,2.813305719139452,1.091219813457171,3.5700936439760502,0.5971925258636475,0.09844660758972168
500,6.6000000000000005,3,1,1,1,1,1,2.823275625653846,1.490508230830909,3.8509377571257977,0.5108366012573242,0.13346385955810547
500,6.6000000000000005,3,1,1,1,1,2,2.804041416016494,1.4426980309691053,3.902990174839415,0.5272166728973389,0.10590004920959473
500,6.6000000000000005,3,1,1,1,1,3,2.827549552293147,1.9534466171125768,4.571008307915699,0.5280618667602539,0.0758063793182373
500,6.6000000000000005,3,1,1,1,1,4,2.8232324165223623,2.312120167212924,5.105627523332059,0.5819718837738037,0.11232972145080566
500,6.6000000000000005,3,1,1,1,1,5,2.825856864833261,1.406630514913258,4.2324873797465195,0.47412919998168945,0.0985405445098877
500,6.6000000000000005,3,1,1,1,1,6,2.811372981225984,1.936557694396029,4.6954412701554675,0.5683364868164062,0.11670207977294922
500,6.6000000000000005,3,1,1,1,1,7,2.75166812453173,2.508730602222357,4.923375616774206,0.5337259769439697,0.10176730155944824
500,6.6000000000000005,3,1,1,1,1,8,2.7913526459171707,1.587124737608534,4.241740532683778,0.5313255786895752,0.09506583213806152
500,6.6000000000000005,3,1,1,1,1,9,2.823114051749709,2.3782770742533885,5.196561451968785,0.5363028049468994,0.0985569953918457
500,6.6000000000000005,3,1,1,1,1,10,2.8279477060068694,1.3552553356216583,4.030076784422033,0.570387601852417,0.12146306037902832
500,6.6000000000000005,3,1,1,1,1,11,2.828420541589877,2.0644059578829523,4.400825907738922,0.5684845447540283,0.11463403701782227
500,6.6000000000000005,3,1,1,1,1,12,2.8096036291660704,1.7131289848215718,4.357319885964791,0.49944353103637695,0.07254338264465332
500,6.6000000000000005,3,1,1,1,1,13,2.825477637929814,2.5723155848054633,4.701948139630188,0.518897533416748,0.08194947242736816
500,6.6000000000000005,3,1,1,1,1,14,2.7953105276094132,1.3187992361262788,3.9636461089628128,0.48418116569519043,0.07894515991210938
500,6.6000000000000005,3,1,1,1,1,15,2.824050007910896,1.7104162877058844,4.273085670527166,0.45975828170776367,0.08243465423583984
500,6.6000000000000005,3,1,1,1,1,16,2.8056350699508807,2.0948035206282904,4.8062392784817,0.6337010860443115,0.1523284912109375
500,6.6000000000000005,3,1,1,1,1,17,2.82784426219556,2.6951444031606675,4.99328594292135,0.6090559959411621,0.10306572914123535
500,6.6000000000000005,3,1,1,1,1,18,2.2767381564362115,1.8573593499385586,3.528889726709255,0.6700944900512695,0.13129639625549316
500,6.6000000000000005,3,1,1,1,1,19,2.8106181078809382,2.5411886970526423,5.351806804933581,0.6259207725524902,0.11995792388916016
500,6.6000000000000005,3,1,1,1,1,20,2.790048847731953,2.1077545310196144,4.3183917280470805,0.7353465557098389,0.1458299160003662
500,6.6000000000000005,3,1,1,1,1,21,2.817298881613987,1.6910395969504546,4.44919328968348,0.7498912811279297,0.1792280673980713
500,6.6000000000000005,3,1,1,1,1,22,2.827108600455027,1.3844692597425023,4.1619566644561665,0.7188131809234619,0.13877272605895996
500,6.6000000000000005,3,1,1,1,1,23,2.3162315089445107,1.8321448375964264,4.079613492969032,0.5858964920043945,0.13133716583251953
500,6.6000000000000005,3,1,1,1,1,24,2.8257188119915493,2.670540116614607,5.423458532478926,0.6794064044952393,0.15778875350952148
500,6.800000000000001,3,1,1,1,1,0,2.8104129477358626,1.7776969650560384,4.3535390256832365,0.7657554149627686,0.1541132926940918
500,6.800000000000001,3,1,1,1,1,1,2.823886208005637,1.8037612252839634,4.251442692596805,0.8303580284118652,0.17625164985656738
500,6.800000000000001,3,1,1,1,1,2,2.8276311054212098,2.6054183157060065,5.2157492392979385,0.6140685081481934,0.11501717567443848
500,6.800000000000001,3,1,1,1,1,3,2.828020602946319,3.0511374188326426,5.874944075755646,0.6043307781219482,0.15692591667175293
500,6.800000000000001,3,1,1,1,1,4,2.81599880702018,1.9229486097811852,3.6600408704660046,0.6725175380706787,0.12813210487365723
500,6.800000000000001,3,1,1,1,1,5,2.827436130295778,1.3551570223610452,3.1586080901535385,0.8493938446044922,0.19167327880859375
500,6.800000000000001,3,1,1,1,1,6,2.8263817523698833,2.330191678860886,4.583927848118555,0.7369332313537598,0.12059354782104492
500,6.800000000000001,3,1,1,1,1,7,2.822409318493408,2.222718127720902,4.379660397520192,0.716040849685669,0.11044001579284668
500,6.800000000000001,3,1,1,1,1,8,2.821763747505449,1.7378031379238779,4.232798501516844,0.6423344612121582,0.1275026798248291
500,6.800000000000001,3,1,1,1,1,9,2.7907713240814274,3.493680353050794,6.26179453899404,0.6125988960266113,0.159346342086792
500,6.800000000000001,3,1,1,1,1,10,2.804309435228037,2.0819184445506465,4.461712763578384,0.8862221240997314,0.15872693061828613
500,6.800000000000001,3,1,1,1,1,11,2.8278607328939267,1.5914495412218626,4.101961430770979,0.7043271064758301,0.12632179260253906
500,6.800000000000001,3,1,1,1,1,12,2.8278643144210442,1.9036214646100322,3.99399895469574,0.6455190181732178,0.10664534568786621
500,6.800000000000001,3,1,1,1,1,13,2.8064955167493935,1.5915866297491905,4.15077266898175,0.6879405975341797,0.16181302070617676
500,6.800000000000001,3,1,1,1,1,14,2.826309580291991,2.067072345921379,4.803397738907522,0.6776788234710693,0.13789033889770508
500,6.800000000000001,3,1,1,1,1,15,2.78020415528585,1.5521000446484228,3.961179753921839,0.8140819072723389,0.1766653060913086
500,6.800000000000001,3,1,1,1,1,16,2.8284257829430075,6.157158808878239,8.422881095301268,0.5848755836486816,0.12759876251220703
500,6.800000000000001,3,1,1,1,1,17,2.828408228482172,5.660242797787602,8.297229633395698,0.6629035472869873,0.1678624153137207
500,6.800000000000001,3,1,1,1,1,18,2.8282591270290443,1.9382415116574838,4.251721201791531,0.6816911697387695,0.13161993026733398
500,6.800000000000001,3,1,1,1,1,19,2.8146573934410006,2.1544280386127155,4.564534313647849,0.7909026145935059,0.1643078327178955
500,6.800000000000001,3,1,1,1,1,20,2.808855751252243,2.694383379998492,4.778878932044524,0.8434200286865234,0.18047547340393066
500,6.800000000000001,3,1,1,1,1,21,2.8284268165532658,1.6599929937901858,3.978071975093016,0.649665117263794,0.12615132331848145
500,6.800000000000001,3,1,1,1,1,22,2.7254801418630246,1.547691765836276,3.89441451045104,0.7293548583984375,0.16840672492980957
500,6.800000000000001,3,1,1,1,1,23,2.8284106073845496,1.53128083006629,3.958754264676929,0.83030104637146,0.17406558990478516
500,6.800000000000001,3,1,1,1,1,24,2.8169013412201593,2.163386768321991,4.734200953043727,0.7585737705230713,0.17679595947265625
500,7.0,3,1,1,1,1,0,2.828386352807284,2.6513792941443066,4.82273318782561,0.6777071952819824,0.13361907005310059
500,7.0,3,1,1,1,1,1,2.8260391280494117,1.777921068244126,4.464130666647641,0.6363317966461182,0.12827372550964355
500,7.0,3,1,1,1,1,2,2.828346278277049,1.8537320695349508,4.156466761318401,0.6146378517150879,0.11286282539367676
500,7.0,3,1,1,1,1,3,2.8254626275540407,2.0303380467274095,4.789602677534763,0.6817829608917236,0.14542365074157715
500,7.0,3,1,1,1,1,4,2.8219160153394838,1.3817152142493625,4.150806474569466,0.8198873996734619,0.17526459693908691
500,7.0,3,1,1,1,1,5,2.8241721102364594,1.7757602571234852,4.599418373973584,0.7015030384063721,0.11562967300415039
500,7.0,3,1,1,1,1,6,2.827522871137604,2.1593203206443,4.754538751800949,0.7350378036499023,0.12426924705505371
500,7.0,3,1,1,1,1,7,2.8264588835739572,2.856216561918279,5.223449854657195,0.5970652103424072,0.10370969772338867
500,7.0,3,1,1,1,1,8,2.8224514148800237,2.0569680291614634,4.237243956448955,0.6869893074035645,0.1691117286682129
500,7.0,3,1,1,1,1,9,2.827208204207935,2.099721085575253,4.783719189710114,0.8339385986328125,0.18183445930480957
500,7.0,3,1,1,1,1,10,2.818796170349162,1.9175095300028049,4.432614381949326,0.6663303375244141,0.13922452926635742
500,7.0,3,1,1,1,1,11,2.8266725975625175,2.26288228736707,4.639783784770332,0.830786943435669,0.13022065162658691
500,7.0,3,1,1,1,1,12,2.8280117255002715,1.7417554523921945,4.46907780306876,0.6983921527862549,0.16008687019348145
500,7.0,3,1,1,1,1,13,2.828416007040056,2.7043817865606226,4.92134222929041,0.8516497611999512,0.16444182395935059
500,7.0,3,1,1,1,1,14,2.8279102670355627,1.436156874877511,3.8606725674100506,0.6487548351287842,0.12323784828186035
500,7.0,3,1,1,1,1,15,2.813814949520662,2.11581133184033,3.8903557250078578,0.8512773513793945,0.18154573440551758
500,7.0,3,1,1,1,1,16,2.793202566245852,2.8422320060711663,5.303943532537457,0.6859688758850098,0.14897823333740234
500,7.0,3,1,1,1,1,17,2.818940256651453,1.6020253152467292,4.103764733427619,0.7356173992156982,0.15588736534118652
500,7.0,3,1,1,1,1,18,2.8282213465084083,2.7749225282092995,5.418792185490262,0.8686175346374512,0.16794586181640625
500,7.0,3,1,1,1,1,19,2.8152770535307745,3.3514284366138916,4.426734138828864,0.638552188873291,0.1486039161682129
500,7.0,3,1,1,1,1,20,2.7842485055393973,2.8315453147823053,4.56743675970548,0.6445679664611816,0.15565848350524902
500,7.0,3,1,1,1,1,21,2.8280031964754073,2.226443165409146,4.769025641975008,0.7012453079223633,0.13950371742248535
500,7.0,3,1,1,1,1,22,2.826276665949813,2.332759639160729,4.718829045841666,0.7421650886535645,0.16757893562316895
500,7.0,3,1,1,1,1,23,2.82823055312864,1.7547606461045118,4.244375337498516,0.8103506565093994,0.1642770767211914
500,7.0,3,1,1,1,1,24,2.827711934588726,2.0112157069439576,4.679213511834185,0.6858983039855957,0.09869790077209473
500,7.2,3,1,1,1,1,0,2.827096657023008,2.2596624780976162,5.0855342927045655,0.6766817569732666,0.11283469200134277
500,7.2,3,1,1,1,1,1,2.8206368729800273,2.020807882420675,4.7535277988094915,0.6388888359069824,0.1322486400604248
500,7.2,3,1,1,1,1,2,2.8276436554942133,3.284589710169659,4.692245081050733,0.6084253787994385,0.13130736351013184
500,7.2,3,1,1,1,1,3,2.824846851107792,2.229823734175362,4.714234301234466,0.6741507053375244,0.1596364974975586
500,7.2,3,1,1,1,1,4,2.828398887885896,2.9175395172984393,5.703665747627417,0.5504262447357178,0.12321043014526367
500,7.2,3,1,1,1,1,5,2.828426018064594,2.701696937669915,5.470782311640216,0.5405786037445068,0.12219405174255371
500,7.2,3,1,1,1,1,6,2.82458181833237,2.1907493815336365,4.663995428820872,0.5294537544250488,0.13665008544921875
500,7.2,3,1,1,1,1,7,2.825473044382277,2.859718685111527,5.685191729493804,0.5566401481628418,0.12098383903503418
500,7.2,3,1,1,1,1,8,2.8280219830958435,3.1263234153946473,5.473627042303818,0.5922529697418213,0.10571432113647461
500,7.2,3,1,1,1,1,9,2.82441701532347,1.5769204634468887,4.094110271941603,0.7598855495452881,0.13083696365356445
500,7.2,3,1,1,1,1,10,2.827929445733478,2.042539157824701,4.675690469408259,0.6795558929443359,0.14426803588867188
500,7.2,3,1,1,1,1,11,2.827849893362779,2.054459940182765,4.848862577902325,0.5726091861724854,0.114410400390625
500,7.2,3,1,1,1,1,12,2.828425198890446,6.192311787234335,8.310083609579541,0.5598225593566895,0.09912919998168945
500,7.2,3,1,1,1,1,13,2.8284037369190678,2.009118905413685,4.526320478082273,0.5741231441497803,0.09058666229248047
500,7.2,3,1,1,1,1,14,2.8282049935188116,1.8747077625495165,4.550678008060078,0.7194979190826416,0.12013649940490723
500,7.2,3,1,1,1,1,15,2.828059607665374,3.3439359170083063,4.570215366668026,0.5284173488616943,0.1329200267791748
500,7.2,3,1,1,1,1,16,2.826812007102369,3.060673507276135,5.749507939498873,0.596635103225708,0.12900805473327637
500,7.2,3,1,1,1,1,17,2.82840221911111,6.19023198297054,8.653897936139398,0.4793586730957031,0.13287067413330078
500,7.2,3,1,1,1,1,18,2.821228342792409,2.9889229678680738,4.855825644873429,0.5077426433563232,0.09675407409667969
500,7.2,3,1,1,1,1,19,2.817735630193364,2.2652806519694653,4.8046013412747275,0.48365330696105957,0.11304569244384766
500,7.2,3,1,1,1,1,20,2.8240433772269866,1.8757020807728202,4.074829745746253,0.6065585613250732,0.13664627075195312
500,7.2,3,1,1,1,1,21,2.8170811802975515,1.9582075901639702,4.693144873431276,0.4896407127380371,0.11651802062988281
500,7.2,3,1,1,1,1,22,2.827636138708829,2.5580197559732167,5.159031476937443,0.5633695125579834,0.06304264068603516
500,7.2,3,1,1,1,1,23,2.82538288958699,2.781585565124399,5.437832465121053,0.45300984382629395,0.10469245910644531
500,7.2,3,1,1,1,1,24,2.8284213673308907,3.2056935078471014,4.564808340051289,0.49573302268981934,0.09385490417480469
500,7.4,3,1,1,1,1,0,2.826091930050752,2.5155533510876356,5.011817290503107,0.4879932403564453,0.10129666328430176
500,7.4,3,1,1,1,1,1,2.8273625643029408,3.400826610457633,5.832409181388083,0.568530797958374,0.10839629173278809
500,7.4,3,1,1,1,1,2,2.8283702686635723,2.183199340124008,4.5258762105273345,0.5868029594421387,0.08818268775939941
500,7.4,3,1,1,1,1,3,2.82825345492814,2.9813710811699337,4.759680898941368,0.5687723159790039,0.09033012390136719
500,7.4,3,1,1,1,1,4,2.8283889981848365,3.167113663086184,5.017110059895275,0.5694353580474854,0.0972282886505127
500,7.4,3,1,1,1,1,5,2.8187551924053293,2.0010844515449673,4.404219707910845,0.522273063659668,0.07461071014404297
500,7.4,3,1,1,1,1,6,2.827806396802993,2.3070828869362003,4.808715738639074,0.7500886917114258,0.16452479362487793
500,7.4,3,1,1,1,1,7,2.8283800496526363,2.3250794172373763,5.003233623801167,0.819631814956665,0.17561054229736328
500,7.4,3,1,1,1,1,8,2.8255389550747148,2.15358564140683,4.503209534517705,0.6470940113067627,0.12734079360961914
500,7.4,3,1,1,1,1,9,2.8280089127579204,2.301474208457123,5.116464059609502,0.6787889003753662,0.17670083045959473
500,7.4,3,1,1,1,1,10,2.828131437117455,3.0226196910485417,5.511686607440982,0.7049868106842041,0.12954449653625488
500,7.4,3,1,1,1,1,11,2.827817292304345,3.0373462400022935,5.428540599616567,0.8514032363891602,0.19078946113586426
500,7.4,3,1,1,1,1,12,2.8279468122057554,2.1399776360139287,4.755574339933928,0.5848808288574219,0.1358327865600586
500,7.4,3,1,1,1,1,13,2.8282196477458714,2.2866109138816504,4.626741516503681,0.6435067653656006,0.12933802604675293
500,7.4,3,1,1,1,1,14,2.8240912302483414,1.68371444962789,4.507080297658316,0.6223771572113037,0.12870407104492188
500,7.4,3,1,1,1,1,15,2.8283141271558714,1.9443455189164816,4.7725585549075555,0.6155872344970703,0.14750123023986816
500,7.4,3,1,1,1,1,16,2.821277035919485,2.692674927911336,4.866647713627835,0.8445694446563721,0.1508486270904541
500,7.4,3,1,1,1,1,17,2.8284251274246164,7.696327606951126,9.318599127507314,0.7413101196289062,0.12101268768310547
500,7.4,3,1,1,1,1,18,2.8081914243490673,2.039580931382938,4.591690442177601,0.7148020267486572,0.1270616054534912
500,7.4,3,1,1,1,1,19,2.8269850953468363,2.8696089698662473,5.258901677720724,0.6192722320556641,0.11652183532714844
500,7.4,3,1,1,1,1,20,2.827022596473792,3.475259550010655,6.158108876825777,0.61051344871521,0.14151978492736816
500,7.4,3,1,1,1,1,21,2.8282270401487097,2.6643796035202203,4.711896059629931,0.8693966865539551,0.1801283359527588
500,7.4,3,1,1,1,1,22,2.8278038879117364,3.6311210584488074,4.1914954243088,0.7320132255554199,0.1613459587097168
500,7.4,3,1,1,1,1,23,2.8284109701405042,2.001438637253403,4.628330189707478,0.7356045246124268,0.1534574031829834
500,7.4,3,1,1,1,1,24,2.793214119355293,2.610290559738953,5.403504679094246,0.8726387023925781,0.16859054565429688
500,7.6000000000000005,3,1,1,1,1,0,2.8277174005266046,2.2356079671078732,4.535037931568684,0.8326091766357422,0.1876378059387207
500,7.6000000000000005,3,1,1,1,1,1,2.8284222884764305,5.955273675106918,7.1072781673294045,0.7210719585418701,0.14705705642700195
500,7.6000000000000005,3,1,1,1,1,2,2.825824384872054,1.9073423941417083,4.686833570100429,0.7652382850646973,0.1025083065032959
500,7.6000000000000005,3,1,1,1,1,3,2.828180924225265,2.66293472764252,4.638101450738115,0.6909782886505127,0.1018075942993164
500,7.6000000000000005,3,1,1,1,1,4,2.8283986761155,7.247588364493026,8.504845160444026,0.6764438152313232,0.15497732162475586
500,7.6000000000000005,3,1,1,1,1,5,2.828422677115109,2.4958331516323966,5.200174255058151,0.8235886096954346,0.17904281616210938
500,7.6000000000000005,3,1,1,1,1,6,2.8283817788423677,3.49182264177469,5.187217865091592,0.7309894561767578,0.14554047584533691
500,7.6000000000000005,3,1,1,1,1,7,2.8257949458250486,2.108263892479543,4.434958526133569,0.6073575019836426,0.1653144359588623
500,7.6000000000000005,3,1,1,1,1,8,2.828426996558337,1.8079731697950614,4.557017661934044,0.6712448596954346,0.12975549697875977
500,7.6000000000000005,3,1,1,1,1,9,2.828370220626327,3.5352413143096837,6.200964711024319,0.7476158142089844,0.1687183380126953
500,7.6000000000000005,3,1,1,1,1,10,2.824106064542016,3.004768580778335,4.993386172945859,0.8506014347076416,0.15398812294006348
500,7.6000000000000005,3,1,1,1,1,11,2.8283962211523,2.520562725688364,5.176832993573547,0.6752679347991943,0.1511852741241455
500,7.6000000000000005,3,1,1,1,1,12,2.8284270525636908,8.615117316107682,11.401824238075942,0.6918022632598877,0.12057185173034668
500,7.6000000000000005,3,1,1,1,1,13,2.8281187477084275,3.0068905502671153,4.807574257267047,0.7585511207580566,0.12846755981445312
500,7.6000000000000005,3,1,1,1,1,14,2.82508780925959,1.9059356855665908,4.523824654267971,0.9373905658721924,0.18001890182495117
500,7.6000000000000005,3,1,1,1,1,15,2.828419687414854,5.8233807766776335,7.724413886588685,0.8242967128753662,0.1420893669128418
500,7.6000000000000005,3,1,1,1,1,16,2.8279958694850382,2.9929125171843833,5.069198635528512,0.8726198673248291,0.15301895141601562
500,7.6000000000000005,3,1,1,1,1,17,2.828095234636072,2.4185401790984846,5.205101645968663,0.6904699802398682,0.13497257232666016
500,7.6000000000000005,3,1,1,1,1,18,2.828424321652388,6.159304023618499,8.217534086635096,0.7680103778839111,0.13952422142028809
500,7.6000000000000005,3,1,1,1,1,19,2.8283873028886366,2.3913092046420026,5.200445921989653,0.7531228065490723,0.16202759742736816
500,7.6000000000000005,3,1,1,1,1,20,2.828394854322638,2.657651485120589,5.286003316656075,0.6969726085662842,0.10356616973876953
500,7.6000000000000005,3,1,1,1,1,21,2.8002823321272703,2.468810357455591,5.253206555528117,0.7167642116546631,0.13240718841552734
500,7.6000000000000005,3,1,1,1,1,22,2.8231375017527234,2.2986946052470314,5.121832106999754,0.6329240798950195,0.14946198463439941
500,7.6000000000000005,3,1,1,1,1,23,2.8284168317539593,3.0543598529243354,4.792881984893492,0.8790478706359863,0.17373967170715332
500,7.6000000000000005,3,1,1,1,1,24,2.8279388812651933,2.492500586274932,5.3203030227979795,0.7154920101165771,0.12642955780029297
500,7.800000000000001,3,1,1,1,1,0,2.8283539468432384,3.419624789113668,5.464448369220335,0.6588268280029297,0.12794971466064453
500,7.800000000000001,3,1,1,1,1,1,2.8255628493486653,2.0969655506949665,4.534071047308627,0.6312909126281738,0.16106176376342773
500,7.800000000000001,3,1,1,1,1,2,2.8283692609626576,3.5445815900683075,5.980344902214271,0.6659598350524902,0.11051130294799805
500,7.800000000000001,3,1,1,1,1,3,2.8283819838225748,2.7155299540349076,5.299103798133594,0.7573897838592529,0.13602924346923828
500,7.800000000000001,3,1,1,1,1,4,2.8272444273666846,3.2213074993394484,5.91920195748874,0.7091066837310791,0.12012147903442383
500,7.800000000000001,3,1,1,1,1,5,2.828423127941478,2.702173551907821,5.530551920002802,0.6636195182800293,0.1090705394744873
500,7.800000000000001,3,1,1,1,1,6,2.8284077092414788,1.9560246128518122,4.67892738955536,0.6377542018890381,0.16893339157104492
500,7.800000000000001,3,1,1,1,1,7,2.828427063530082,2.72214869864032,4.847938998999623,0.7210745811462402,0.15253710746765137
500,7.800000000000001,3,1,1,1,1,8,2.8265960871057794,2.298327388787642,4.90727766413578,0.868241548538208,0.16274476051330566
500,7.800000000000001,3,1,1,1,1,9,2.8284159024575986,3.0229131268349767,5.810448665728996,0.8529150485992432,0.11852049827575684
500,7.800000000000001,3,1,1,1,1,10,2.8276456752808614,3.1448297210464196,5.447060252309769,0.6551370620727539,0.13915061950683594
500,7.800000000000001,3,1,1,1,1,11,2.827506152298447,2.5271710418770335,4.414824422010671,0.7104861736297607,0.13284826278686523
500,7.800000000000001,3,1,1,1,1,12,2.828277606616892,2.483487963561818,5.148984238229268,0.7656936645507812,0.15726613998413086
500,7.800000000000001,3,1,1,1,1,13,2.828361130508969,3.6042590712939453,6.431541478893196,0.6807637214660645,0.12458491325378418
500,7.800000000000001,3,1,1,1,1,14,2.82842365117793,2.677653385441257,4.979964256936386,0.6327219009399414,0.12151622772216797
500,7.800000000000001,3,1,1,1,1,15,2.82800915509803,2.255105328900483,5.047852874427335,0.6351475715637207,0.08966636657714844
500,7.800000000000001,3,1,1,1,1,16,2.8276347146614365,3.5209953534853744,5.230045076587397,0.575857400894165,0.0936589241027832
500,7.800000000000001,3,1,1,1,1,17,2.8284053175883788,2.625273181698387,5.270809835377278,0.5942556858062744,0.13901400566101074
500,7.800000000000001,3,1,1,1,1,18,2.8282492964368644,2.10247996495446,4.827772238500811,0.6417062282562256,0.13145756721496582
500,7.800000000000001,3,1,1,1,1,19,2.828039359532922,2.685677102738674,5.336285420318412,0.5746040344238281,0.09595179557800293
500,7.800000000000001,3,1,1,1,1,20,2.8271852069843737,2.5399064233853292,5.363199642869022,0.5465612411499023,0.1005544662475586
500,7.800000000000001,3,1,1,1,1,21,2.8272216710108413,2.8536497907264327,4.922262307645903,0.5999753475189209,0.08394384384155273
500,7.800000000000001,3,1,1,1,1,22,2.82840795566112,2.2679669788706063,4.815323387481399,0.5861599445343018,0.11713528633117676
500,7.800000000000001,3,1,1,1,1,23,2.8270813742882357,3.6133392341397075,5.313399487169762,0.6216576099395752,0.12716984748840332
500,7.800000000000001,3,1,1,1,1,24,2.8249806689401136,2.530861855764364,5.03240915421206,0.5441880226135254,0.10845494270324707
500,8.0,3,1,1,1,1,0,2.8259203212157886,2.815910259364005,5.049700312301969,0.5349125862121582,0.13326239585876465
500,8.0,3,1,1,1,1,1,2.8261307029387677,3.1222124276416783,4.806057755513901,0.502713680267334,0.11663675308227539
500,8.0,3,1,1,1,1,2,2.828391098820177,2.019176625514627,4.822872256351264,0.6032500267028809,0.08053088188171387
500,8.0,3,1,1,1,1,3,2.828369668405487,3.094854565362924,5.379043119555798,0.6163241863250732,0.11480069160461426
500,8.0,3,1,1,1,1,4,2.8283965753428895,5.996873426619781,8.796351569066696,0.7148523330688477,0.1221468448638916
500,8.0,3,1,1,1,1,5,2.8238810830847236,2.547572669276405,5.254922548141559,0.6229655742645264,0.08485531806945801
500,8.0,3,1,1,1,1,6,2.828125810201713,3.0656902204498437,4.83360315759881,0.5947706699371338,0.10156941413879395
500,8.0,3,1,1,1,1,7,2.8284154235572654,3.419890259088339,4.8064003876217285,0.6557388305664062,0.10060906410217285
500,8.0,3,1,1,1,1,8,2.8246908949401712,2.655137594197718,5.294023751120374,0.5623166561126709,0.133012056350708
500,8.0,3,1,1,1,1,9,2.828257095834087,2.2168381664875416,5.034078611397063,0.7257022857666016,0.12807464599609375
500,8.0,3,1,1,1,1,10,2.824785937813853,2.7126787593935378,5.285235582585861,0.7468364238739014,0.1180109977722168
500,8.0,3,1,1,1,1,11,2.8278868475138683,3.2074798951276033,5.61469073923935,0.6701126098632812,0.09053206443786621
500,8.0,3,1,1,1,1,12,2.8283896433300115,3.4133447381701476,6.240573604943281,0.7119569778442383,0.1655268669128418
500,8.0,3,1,1,1,1,13,2.828348275938089,2.6900246750832073,4.949186796633711,0.6938462257385254,0.09943485260009766
500,8.0,3,1,1,1,1,14,2.8284101189068225,2.564146438840688,5.367657761121427,0.7773754596710205,0.14459609985351562
500,8.0,3,1,1,1,1,15,2.828214097635954,2.7417602442233675,5.147240168857749,0.7319381237030029,0.13205599784851074
500,8.0,3,1,1,1,1,16,2.8260769166423607,2.760318365388611,5.302233783960375,0.7060346603393555,0.10087442398071289
500,8.0,3,1,1,1,1,17,2.8284078377040363,1.9885559956438714,4.612577600614633,0.5797863006591797,0.1348876953125
500,8.0,3,1,1,1,1,18,2.8284084524788846,1.9476311876087922,4.714050647180132,0.8083035945892334,0.153184175491333
500,8.0,3,1,1,1,1,19,2.828109693988371,3.561583768263078,6.339072552264934,0.8297476768493652,0.1685166358947754
500,8.0,3,1,1,1,1,20,2.8283607948775757,2.8751733042231113,5.688851055958872,0.7011368274688721,0.16345000267028809
500,8.0,3,1,1,1,1,21,2.8283971965557773,2.923466085284634,5.624004991018804,0.7486450672149658,0.14862823486328125
500,8.0,3,1,1,1,1,22,2.828394325245512,2.053231978562721,4.544969699415942,0.8467597961425781,0.16511130332946777
500,8.0,3,1,1,1,1,23,2.8284019528076625,2.657647547768381,5.385885479244553,0.8871982097625732,0.14097070693969727
500,8.0,3,1,1,1,1,24,2.8284196336970044,6.300769695518454,8.654922110969343,0.6512281894683838,0.1636672019958496
500,8.200000000000001,3,1,1,1,1,0,2.8282942286009227,2.513513396247703,5.324115534902431,0.6947565078735352,0.1466684341430664
500,8.200000000000001,3,1,1,1,1,1,2.828409619525345,3.2921022191643954,5.67441735747967,0.5722932815551758,0.10558247566223145
500,8.200000000000001,3,1,1,1,1,2,2.8173280011477253,2.892668191567884,5.294091238023032,0.6538224220275879,0.16263341903686523
500,8.200000000000001,3,1,1,1,1,3,2.828421333386833,6.03113508804011,8.856837467170745,0.8032228946685791,0.18361306190490723
500,8.200000000000001,3,1,1,1,1,4,2.828256201414925,3.68056429978424,5.195155786757531,0.6558187007904053,0.1046600341796875
500,8.200000000000001,3,1,1,1,1,5,2.8278722959792293,2.8801187189424398,4.707287045169611,0.6360602378845215,0.17035341262817383
500,8.200000000000001,3,1,1,1,1,6,2.828041275295127,2.9676752889393962,5.698970354205581,0.7040977478027344,0.1316823959350586
500,8.200000000000001,3,1,1,1,1,7,2.8284241486197756,6.24467028737904,8.575923111270363,0.7863864898681641,0.14449214935302734
500,8.200000000000001,3,1,1,1,1,8,2.828414704448583,2.2572990804449633,4.936546256791738,0.836463451385498,0.19366240501403809
500,8.200000000000001,3,1,1,1,1,9,2.8281930252264513,2.9397241436665134,5.460392679828537,0.7067723274230957,0.13272953033447266
500,8.200000000000001,3,1,1,1,1,10,2.828411911338379,3.1846821299834973,5.970735919973658,0.6155400276184082,0.14623546600341797
500,8.200000000000001,3,1,1,1,1,11,2.828427011435655,2.0238882451840676,4.454126450147429,0.6871209144592285,0.16474294662475586
500,8.200000000000001,3,1,1,1,1,12,2.8284147873578767,2.667440115596724,5.220461932418846,0.8105390071868896,0.19141840934753418
500,8.200000000000001,3,1,1,1,1,13,2.8283988568709506,2.800775652510009,5.109009859510208,0.7831828594207764,0.14910626411437988
500,8.200000000000001,3,1,1,1,1,14,2.8284253754299282,2.529816133851666,5.331715202302097,0.8335258960723877,0.11759662628173828
500,8.200000000000001,3,1,1,1,1,15,2.828402878566563,2.2397160992602236,4.994509132384946,0.5890493392944336,0.15151238441467285
500,8.200000000000001,3,1,1,1,1,16,2.8277117695367946,2.063595256127658,4.884283209332469,0.6860823631286621,0.17106318473815918
500,8.200000000000001,3,1,1,1,1,17,2.828217044060203,3.1337535314589218,5.449390658985384,0.8468499183654785,0.1805272102355957
500,8.200000000000001,3,1,1,1,1,18,2.818239385131858,2.7446359378910477,4.818215439134386,0.6625516414642334,0.10276126861572266
500,8.200000000000001,3,1,1,1,1,19,2.8282949101401917,2.7465073962340925,4.913076859094527,0.6222720146179199,0.14137530326843262
500,8.200000000000001,3,1,1,1,1,20,2.827245163982365,3.6095259897820564,5.11445646904526,0.632821798324585,0.13366317749023438
500,8.200000000000001,3,1,1,1,1,21,2.8284258297378644,2.690275094238138,5.401826787670319,0.6367557048797607,0.10467338562011719
500,8.200000000000001,3,1,1,1,1,22,2.8278479662499185,3.139739478718622,5.048456155912994,0.6193459033966064,0.12376570701599121
500,8.200000000000001,3,1,1,1,1,23,2.828251529188401,3.38887834260076,5.821531621356904,0.586418628692627,0.1116485595703125
500,8.200000000000001,3,1,1,1,1,24,2.8279962001754866,1.9588198541488546,4.4205427967914055,0.5721743106842041,0.11579632759094238
500,8.4,3,1,1,1,1,0,2.8282443527671,2.891478868562462,5.506357397911913,0.5994791984558105,0.1105184555053711
500,8.4,3,1,1,1,1,1,2.8280124794961377,3.6463843650719063,5.868753560205001,0.5917818546295166,0.10959291458129883
500,8.4,3,1,1,1,1,2,2.8284260567584982,2.355354806085197,5.017309199546238,0.572584867477417,0.14668726921081543
500,8.4,3,1,1,1,1,3,2.828411336388321,3.19788073602304,5.586904378009709,0.650808572769165,0.12891530990600586
500,8.4,3,1,1,1,1,4,2.8284268212158925,2.566198602750319,5.238006245775946,0.5327298641204834,0.11636066436767578
500,8.4,3,1,1,1,1,5,2.82841353536136,2.8901773409359377,5.516620377060708,0.5571026802062988,0.11928224563598633
500,8.4,3,1,1,1,1,6,2.828401964023879,2.4187515243029143,5.195554225034723,0.5424001216888428,0.11191368103027344
500,8.4,3,1,1,1,1,7,2.828048931907704,3.2721977855625117,5.351634227286884,0.6037766933441162,0.12272500991821289
500,8.4,3,1,1,1,1,8,2.828426069903071,2.742798284372115,4.8564378905295005,0.6093199253082275,0.12380647659301758
500,8.4,3,1,1,1,1,9,2.8284271160236116,5.374612926830053,8.18143197686843,0.7114264965057373,0.15924811363220215
500,8.4,3,1,1,1,1,10,2.828214660469204,3.2803198514672722,6.099522885886117,0.5749251842498779,0.12146568298339844
500,8.4,3,1,1,1,1,11,2.8283077880884298,2.992505269351441,5.549367137588559,0.61167311668396,0.1283414363861084
500,8.4,3,1,1,1,1,12,2.8283219690660166,2.107108781787161,4.541769320509157,0.5699014663696289,0.1242828369140625
500,8.4,3,1,1,1,1,13,2.82842560933915,2.739083156254349,5.2157370476148905,0.5825333595275879,0.1118924617767334
500,8.4,3,1,1,1,1,14,2.8283803028465595,3.095132898407962,5.9178225809832705,0.6555562019348145,0.13261628150939941
500,8.4,3,1,1,1,1,15,2.8280133518202417,3.7767546358285227,6.260407040442514,0.5377779006958008,0.12322521209716797
500,8.4,3,1,1,1,1,16,2.8283523773830788,2.939281955212691,5.303804936775133,0.5122706890106201,0.13423633575439453
500,8.4,3,1,1,1,1,17,2.828405568802362,2.552492387902989,5.255752766910536,0.5286321640014648,0.12420225143432617
500,8.4,3,1,1,1,1,18,2.828419610997033,2.0504341598316493,4.834084737437514,0.6285684108734131,0.14228057861328125
500,8.4,3,1,1,1,1,19,2.8281541169142113,2.8970642673544353,5.432209052201088,0.6324238777160645,0.14405083656311035
500,8.4,3,1,1,1,1,20,2.827661526037023,2.5119918752187527,4.714320813870624,0.7705783843994141,0.10160994529724121
500,8.4,3,1,1,1,1,21,2.8266222827701126,3.5496181403939344,6.374141602308095,0.5956835746765137,0.15514254570007324
500,8.4,3,1,1,1,1,22,2.8284228070619566,4.886390728636756,7.371716422380395,0.6910338401794434,0.16268420219421387
500,8.4,3,1,1,1,1,23,2.8283052641909046,3.2756538777580713,6.100881579060376,0.6626718044281006,0.13555908203125
500,8.4,3,1,1,1,1,24,2.828209247615562,2.6857548084645857,5.426526335051324,0.6975767612457275,0.14192438125610352
500,8.6,3,1,1,1,1,0,2.828417746434969,3.8719923390132593,6.324360428772829,0.8538486957550049,0.14619112014770508
500,8.6,3,1,1,1,1,1,2.8281964081741164,2.7963684454252813,5.613890745331874,0.6923060417175293,0.1540687084197998
500,8.6,3,1,1,1,1,2,2.8284209460756284,3.7937965219175487,6.162399990378736,0.6969540119171143,0.12747478485107422
500,8.6,3,1,1,1,1,3,2.8284252927417612,5.722975442519091,8.549915726346653,0.6016905307769775,0.16723322868347168
500,8.6,3,1,1,1,1,4,2.8283455615448085,2.236587024686984,4.876332573227676,0.9317378997802734,0.1957402229309082
500,8.6,3,1,1,1,1,5,2.8283887854201017,2.830494498135399,5.317170639978421,0.6869716644287109,0.17449331283569336
500,8.6,3,1,1,1,1,6,2.828262726827576,3.078439943461277,5.282835660934467,0.6514720916748047,0.12361907958984375
500,8.6,3,1,1,1,1,7,2.828420912355668,2.1597219796974727,4.870744002999745,0.6915876865386963,0.12889409065246582
500,8.6,3,1,1,1,1,8,2.8284269881507544,3.4021764607169858,6.071867727838091,0.6328480243682861,0.14714336395263672
500,8.6,3,1,1,1,1,9,2.8283971867809603,2.830089631820007,5.627291970683171,0.7776250839233398,0.21146106719970703
500,8.6,3,1,1,1,1,10,2.8282277740605677,2.8273595373496723,5.213676384298978,0.7404928207397461,0.10277938842773438
500,8.6,3,1,1,1,1,11,2.82827306201647,3.3796912596127577,5.683031194466279,0.6771571636199951,0.10459136962890625
500,8.6,3,1,1,1,1,12,2.8280792168803583,2.9152061268163685,5.223780143323312,0.7157354354858398,0.11074233055114746
500,8.6,3,1,1,1,1,13,2.828425722039556,2.54879773544629,5.257642530461364,0.797318696975708,0.16116118431091309
500,8.6,3,1,1,1,1,14,2.8284233380906847,6.759555862961858,9.456423929706807,0.7980279922485352,0.11041927337646484
500,8.6,3,1,1,1,1,15,2.8283079640413913,3.3939820569440773,5.7002413050677685,0.7332479953765869,0.13282012939453125
500,8.6,3,1,1,1,1,16,2.8283676486174096,2.5467624622421385,5.1018017235238595,0.7083883285522461,0.13532233238220215
500,8.6,3,1,1,1,1,17,2.827874533715646,3.2145829756165494,5.301553941708308,0.6829779148101807,0.17252087593078613
500,8.6,3,1,1,1,1,18,2.828425449369029,6.704593320563211,9.47186970182317,0.9130475521087646,0.16824817657470703
500,8.6,3,1,1,1,1,19,2.8268385765557813,3.80348659338637,6.006087170862715,0.729062557220459,0.1403334140777588
500,8.6,3,1,1,1,1,20,2.8283940517233273,3.42628934181873,6.101005913368233,0.7374997138977051,0.1336367130279541
500,8.6,3,1,1,1,1,21,2.828420816508987,5.579069731105835,8.36858620769791,0.8926723003387451,0.16182875633239746
500,8.6,3,1,1,1,1,22,2.8279892883608206,2.850203300502041,4.6631205500714366,0.783754825592041,0.1622471809387207
500,8.6,3,1,1,1,1,23,2.822939880249705,3.1443302571293494,5.76546985999058,0.7690510749816895,0.13767766952514648
500,8.6,3,1,1,1,1,24,2.828357751761296,3.0389148769894523,5.841956545007562,0.6358678340911865,0.1436464786529541
500,8.8,3,1,1,1,1,0,2.828273648877636,2.5695788385854805,5.374302430690909,0.6876683235168457,0.10370111465454102
500,8.8,3,1,1,1,1,1,2.828424113541588,5.269466973713804,7.467028488983699,0.5415894985198975,0.1252133846282959
500,8.8,3,1,1,1,1,2,2.828421453008987,2.8157935774211267,5.288192446109372,0.7505457401275635,0.15360522270202637
500,8.8,3,1,1,1,1,3,2.8284226656737848,3.416448529188595,6.234743680794365,0.6918582916259766,0.16695904731750488
500,8.8,3,1,1,1,1,4,2.8284162084080564,2.5376545912531863,5.269517634170237,0.6778850555419922,0.1549828052520752
500,8.8,3,1,1,1,1,5,2.8283643966969882,3.5028348280251196,5.65848049548034,0.6804420948028564,0.1353752613067627
500,8.8,3,1,1,1,1,6,2.828426704803289,3.5390974640959585,6.151101377338204,0.6234281063079834,0.1463639736175537
500,8.8,3,1,1,1,1,7,2.8276433925293394,3.2933816160868545,6.071824629465709,0.8358709812164307,0.15216875076293945
500,8.8,3,1,1,1,1,8,2.8284263098390645,3.197788935350067,5.327478953458646,0.7433733940124512,0.09404301643371582
500,8.8,3,1,1,1,1,9,2.828296605964182,2.881287580239344,5.590448890485769,0.6465029716491699,0.09601593017578125
500,8.8,3,1,1,1,1,10,2.8270557036022015,3.254511453556338,6.072334592703967,0.6803915500640869,0.10853242874145508
500,8.8,3,1,1,1,1,11,2.8284209665201345,5.668621339570522,8.37243617663183,0.6594998836517334,0.15352106094360352
500,8.8,3,1,1,1,1,12,2.8283911804484148,4.376387423654814,7.198575225724018,0.8493950366973877,0.16299986839294434
500,8.8,3,1,1,1,1,13,2.828138370593564,3.3215487785700493,5.630499051898872,0.5417575836181641,0.1335163116455078
500,8.8,3,1,1,1,1,14,2.8281120461053257,2.695044711300022,5.443717976328633,0.7533903121948242,0.13351202011108398
500,8.8,3,1,1,1,1,15,2.8283790259946575,3.2439457417893123,6.06324086295967,0.6253037452697754,0.1435413360595703
500,8.8,3,1,1,1,1,16,2.8284199954888094,3.142056975837664,5.8298483557433975,0.538032054901123,0.1434335708618164
500,8.8,3,1,1,1,1,17,2.8284165285146976,3.0095993415011506,5.7342112511780705,0.729111909866333,0.13657259941101074
500,8.8,3,1,1,1,1,18,2.8279228724493497,3.0058799694455516,5.805015844862474,0.5805375576019287,0.08199644088745117
500,8.8,3,1,1,1,1,19,2.8272694438503323,2.536155353634466,5.099155064719341,0.4586036205291748,0.10758352279663086
500,8.8,3,1,1,1,1,20,2.828425825220015,5.871567062087884,8.08160102726982,0.5040664672851562,0.10159134864807129
500,8.8,3,1,1,1,1,21,2.8284270175826793,5.5642933139157895,7.686233437057238,0.5074787139892578,0.10062432289123535
500,8.8,3,1,1,1,1,22,2.8284129836868463,2.8956050178901633,5.305748243918591,0.5378878116607666,0.09855890274047852
500,8.8,3,1,1,1,1,23,2.8282128787064824,3.1137992658319313,5.939186759903719,0.6212296485900879,0.10067510604858398
500,8.8,3,1,1,1,1,24,2.8256852646254975,3.2561474521364473,5.882580012562021,0.48932337760925293,0.10659193992614746
500,9.0,3,1,1,1,1,0,2.8283560814381286,2.654421260789487,5.302982277240263,0.4561169147491455,0.10800886154174805
500,9.0,3,1,1,1,1,1,2.828379591129855,4.021292863883182,6.423092383475652,0.43482184410095215,0.10171961784362793
500,9.0,3,1,1,1,1,2,2.8284240095138884,3.2626496356102517,5.720942388993542,0.4598197937011719,0.09360122680664062
500,9.0,3,1,1,1,1,3,2.8280574299219228,3.133077176110465,5.878766734039203,0.48471975326538086,0.0984644889831543
500,9.0,3,1,1,1,1,4,2.8283984779843414,2.9881888760283357,5.7159314691056196,0.46713924407958984,0.11052417755126953
500,9.0,3,1,1,1,1,5,2.828425239989882,2.720069295216296,5.1052793390195035,0.538374662399292,0.11719465255737305
500,9.0,3,1,1,1,1,6,2.8284268603663985,4.870463652308559,7.519291089724389,0.4268758296966553,0.08999300003051758
500,9.0,3,1,1,1,1,7,2.8284267613052316,6.803152806899935,8.57740193248348,0.4539034366607666,0.09660458564758301
500,9.0,3,1,1,1,1,8,2.8284270105376015,5.974971615021974,8.662083237046714,0.3937380313873291,0.0965120792388916
500,9.0,3,1,1,1,1,9,2.8284234003541413,3.214079479330846,6.00513390837947,0.4525187015533447,0.10209250450134277
500,9.0,3,1,1,1,1,10,2.82842556577069,4.916544999772386,7.594146878295096,0.4103965759277344,0.09174108505249023
500,9.0,3,1,1,1,1,11,2.8278011388075033,3.7556365322663727,6.2175011504577995,0.45230579376220703,0.09874677658081055
500,9.0,3,1,1,1,1,12,2.8284260734737527,2.807518157026125,5.364060531931347,0.606191873550415,0.14302539825439453
500,9.0,3,1,1,1,1,13,2.828426645181066,6.37972932440886,7.682444889908968,0.49006104469299316,0.11567068099975586
500,9.0,3,1,1,1,1,14,2.8284262575166585,6.807681697964108,8.293270151404693,0.44666409492492676,0.09192824363708496
500,9.0,3,1,1,1,1,15,2.8284239150653794,2.994477650984518,5.782604037191575,0.3944587707519531,0.1061546802520752
500,9.0,3,1,1,1,1,16,2.828110176081345,3.7974425131218585,6.4653572971732896,0.38979601860046387,0.09908103942871094
500,9.0,3,1,1,1,1,17,2.8271607889630856,2.454160798222092,4.899345838857736,0.47069787979125977,0.09948897361755371
500,9.0,3,1,1,1,1,18,2.8284051358480666,2.8846745233405593,5.548944880330415,0.6135737895965576,0.11563563346862793
500,9.0,3,1,1,1,1,19,2.826163827136295,3.3493924638026265,5.842314276604716,0.5142879486083984,0.10742425918579102
500,9.0,3,1,1,1,1,20,2.8276469651940634,2.819156544324642,5.465963827607659,0.5090923309326172,0.11023497581481934
500,9.0,3,1,1,1,1,21,2.828134694527526,2.8735096324482434,5.292437615433421,0.5025670528411865,0.1214144229888916
500,9.0,3,1,1,1,1,22,2.828422711255782,6.201678762083894,8.119178101002237,0.52935791015625,0.12125062942504883
500,9.0,3,1,1,1,1,23,2.8284210129071914,2.580631889963633,5.37849418147532,0.5459399223327637,0.12486433982849121
500,9.0,3,1,1,1,1,24,2.828107878365673,3.9604343422660486,6.736152855738499,0.7623546123504639,0.16625213623046875
500,9.200000000000001,3,1,1,1,1,0,2.8283476818314335,3.8574666465542857,6.024367110539087,0.5927889347076416,0.1086583137512207
500,9.200000000000001,3,1,1,1,1,1,2.8284260892460105,4.4625439074981825,6.987212050698344,0.5846161842346191,0.11456489562988281
500,9.200000000000001,3,1,1,1,1,2,2.828423688078112,3.417194268445747,6.129729873908417,0.5726265907287598,0.12671899795532227
500,9.200000000000001,3,1,1,1,1,3,2.828426310863396,5.669038265433173,8.391950618483019,0.5868945121765137,0.11666131019592285
500,9.200000000000001,3,1,1,1,1,4,2.8284263500936664,2.866641308896153,5.695067658989819,0.620030403137207,0.11858844757080078
500,9.200000000000001,3,1,1,1,1,5,2.8283919251299623,2.4873969359535915,5.1879305690942665,0.7136216163635254,0.16592192649841309
500,9.200000000000001,3,1,1,1,1,6,2.8283296994539655,3.129048284713814,5.939761567367915,0.5097265243530273,0.11772036552429199
500,9.200000000000001,3,1,1,1,1,7,2.828405691135396,6.0508299523763815,8.851584446291413,0.5187027454376221,0.12676239013671875
500,9.200000000000001,3,1,1,1,1,8,2.828235145922126,3.329300580180002,5.566698184692548,0.5274238586425781,0.11432886123657227
500,9.200000000000001,3,1,1,1,1,9,2.8282341411936756,2.8828995941144817,5.650580159038126,0.6034371852874756,0.11765074729919434
500,9.200000000000001,3,1,1,1,1,10,2.8284045474999853,3.3245108952114437,6.151494743582889,0.7480566501617432,0.17973017692565918
500,9.200000000000001,3,1,1,1,1,11,2.8284238467924165,5.270909590462691,8.05237398572848,0.5539398193359375,0.12154746055603027
500,9.200000000000001,3,1,1,1,1,12,2.827038008505329,3.198500104130036,5.987682546194126,0.5380241870880127,0.1198275089263916
500,9.200000000000001,3,1,1,1,1,13,2.8283656849160552,3.6037451325846503,6.4293495982508375,0.562330961227417,0.11565041542053223
500,9.200000000000001,3,1,1,1,1,14,2.8284075484724247,2.739851508962993,5.205245676635277,0.582136869430542,0.12694668769836426
500,9.200000000000001,3,1,1,1,1,15,2.8284165052834025,3.3598292227357756,5.779210357201861,0.7023830413818359,0.16579055786132812
500,9.200000000000001,3,1,1,1,1,16,2.8282374284598104,3.510337542414614,6.030128832254974,0.652695894241333,0.13736510276794434
500,9.200000000000001,3,1,1,1,1,17,2.828418354760758,2.7941502111040624,5.417937210286928,0.5869479179382324,0.12420868873596191
500,9.200000000000001,3,1,1,1,1,18,2.8284244741551707,2.899941696416694,5.125758096875888,0.5760142803192139,0.1284041404724121
500,9.200000000000001,3,1,1,1,1,19,2.828296084367476,3.2884289673699723,5.707740841010457,0.5739924907684326,0.11809945106506348
500,9.200000000000001,3,1,1,1,1,20,2.8283615965843527,2.534251660362294,5.3543930950475245,0.6326882839202881,0.13820672035217285
500,9.200000000000001,3,1,1,1,1,21,2.8283399423112248,2.8036406091454538,5.612138725736626,0.7027895450592041,0.1551682949066162
500,9.200000000000001,3,1,1,1,1,22,2.8276992706141546,2.6987110059677457,5.311708945502591,0.5819187164306641,0.14007282257080078
500,9.200000000000001,3,1,1,1,1,23,2.828315684224916,3.755949028790015,6.330817998106378,0.5416595935821533,0.13028192520141602
500,9.200000000000001,3,1,1,1,1,24,2.8283034920647783,3.153781541129125,5.357455514340414,0.5357577800750732,0.1171417236328125
500,9.4,3,1,1,1,1,0,2.827966703135133,3.689333512750189,6.05815522586555,0.5415775775909424,0.11857938766479492
500,9.4,3,1,1,1,1,1,2.8273004789845055,2.9060204799280136,5.376479101692947,0.7727320194244385,0.15711688995361328
500,9.4,3,1,1,1,1,2,2.8283630583486765,4.066346147957386,6.367005275011078,0.6018295288085938,0.12361860275268555
500,9.4,3,1,1,1,1,3,2.827840758169995,2.7165743472267887,5.48905341888535,0.5867934226989746,0.11273002624511719
500,9.4,3,1,1,1,1,4,2.828345884346679,2.737526153042294,4.988519088871774,0.6210765838623047,0.13701725006103516
500,9.4,3,1,1,1,1,5,2.8276689529571652,3.37874270144483,5.234768092783874,0.6061305999755859,0.15640521049499512
500,9.4,3,1,1,1,1,6,2.8277330807873775,2.794396043488837,5.563267770154195,0.7304830551147461,0.17069125175476074
500,9.4,3,1,1,1,1,7,2.828415404940759,2.4338345406578785,5.1055577489937285,0.6191439628601074,0.12090349197387695
500,9.4,3,1,1,1,1,8,2.82824200192654,3.128521513509207,5.745879145771175,0.578477144241333,0.11676859855651855
500,9.4,3,1,1,1,1,9,2.8283216141271055,3.6262785573780967,5.825590151672179,0.569108247756958,0.11564493179321289
500,9.4,3,1,1,1,1,10,2.8283792611559644,3.428201191111686,6.028001356478861,0.5687713623046875,0.12393546104431152
500,9.4,3,1,1,1,1,11,2.8283122103699094,3.6853829518615275,6.410724861401031,0.622577428817749,0.1350257396697998
500,9.4,3,1,1,1,1,12,2.8284064161763918,3.3582224577649895,5.88481432849996,0.7722728252410889,0.17018389701843262
500,9.4,3,1,1,1,1,13,2.8284262428486615,2.6831613696919465,5.3372269078112105,0.5832419395446777,0.11851811408996582
500,9.4,3,1,1,1,1,14,2.8283446302445228,3.216182143039963,5.783595998434981,0.6110610961914062,0.12213826179504395
500,9.4,3,1,1,1,1,15,2.8263941857227595,3.182805296558586,5.75702383654906,0.5863008499145508,0.11936712265014648
500,9.4,3,1,1,1,1,16,2.8281250288018116,2.9956638853311395,5.756529858100224,0.5662803649902344,0.11913800239562988
500,9.4,3,1,1,1,1,17,2.8284112445137057,3.3378001106189514,6.100946873281009,0.7551031112670898,0.1410820484161377
500,9.4,3,1,1,1,1,18,2.8284271167548503,5.923294269763694,8.674604161240948,0.4937281608581543,0.12910103797912598
500,9.4,3,1,1,1,1,19,2.828422595992,5.379477858857748,7.711268019859794,0.5483553409576416,0.10834097862243652
500,9.4,3,1,1,1,1,20,2.8284022830185562,2.819274023721007,5.611279103715406,0.5358138084411621,0.11047482490539551
500,9.4,3,1,1,1,1,21,2.8284271224677826,2.9721272105550427,5.4661856073195025,0.5563614368438721,0.1181943416595459
500,9.4,3,1,1,1,1,22,2.8283657475672683,3.460645132322243,5.665629443876389,0.6115562915802002,0.1547701358795166
500,9.4,3,1,1,1,1,23,2.828393498950479,5.503094270185334,8.060123636215312,0.7079916000366211,0.12743091583251953
500,9.4,3,1,1,1,1,24,2.8284257693447956,5.252911418553957,7.608720478117043,0.5699272155761719,0.13597321510314941
500,9.600000000000001,3,1,1,1,1,0,2.8284172575861546,3.379259363689758,5.850562857340377,0.5884509086608887,0.14342951774597168
500,9.600000000000001,3,1,1,1,1,1,2.8283810105994958,5.287340513315837,7.869217285834745,0.5264577865600586,0.1124413013458252
500,9.600000000000001,3,1,1,1,1,2,2.828426966629098,5.803714515844613,8.616190140133956,0.5352365970611572,0.10998821258544922
500,9.600000000000001,3,1,1,1,1,3,2.8284271065355955,2.929000125059173,5.501577270702578,0.6219072341918945,0.1126556396484375
500,9.600000000000001,3,1,1,1,1,4,2.8284039921468445,3.1145661109901868,5.940887605147486,0.526125431060791,0.10477352142333984
500,9.600000000000001,3,1,1,1,1,5,2.8284262344913316,2.881001484663465,5.481635331464869,0.639944314956665,0.14467334747314453
500,9.600000000000001,3,1,1,1,1,6,2.8284270430320997,3.7026557474825417,6.002794539752216,0.6475715637207031,0.11961674690246582
500,9.600000000000001,3,1,1,1,1,7,2.8284261789376437,6.707791454576352,8.689903057042379,0.6803238391876221,0.13029098510742188
500,9.600000000000001,3,1,1,1,1,8,2.8284005352318373,5.652524228092291,8.47306670833692,0.7235124111175537,0.1409449577331543
500,9.600000000000001,3,1,1,1,1,9,2.8284270935734974,6.4580491210006885,7.855434935035363,0.6023471355438232,0.12662601470947266
500,9.600000000000001,3,1,1,1,1,10,2.8284058345917877,3.821498774327709,5.24011426798931,0.48119211196899414,0.0821077823638916
500,9.600000000000001,3,1,1,1,1,11,2.8283797967532887,5.031334714832016,7.260108369586058,0.5150630474090576,0.1265268325805664
500,9.600000000000001,3,1,1,1,1,12,2.828355406774689,3.2113584838249065,5.549546067674056,0.614494800567627,0.10486984252929688
500,9.600000000000001,3,1,1,1,1,13,2.8284249509377912,3.8122255143555104,5.673289267263014,0.5781755447387695,0.09669375419616699
500,9.600000000000001,3,1,1,1,1,14,2.828427088326067,3.245842583693222,5.875074065703284,0.7114274501800537,0.11925435066223145
500,9.600000000000001,3,1,1,1,1,15,2.8281484995722197,6.954149645251188,9.562579881506007,0.5779969692230225,0.08576631546020508
500,9.600000000000001,3,1,1,1,1,16,2.828375752930563,3.8278998262404627,6.373944397583799,0.5651953220367432,0.13628053665161133
500,9.600000000000001,3,1,1,1,1,17,2.8283858586946162,3.20302481512382,5.962630505221407,0.5487387180328369,0.1170957088470459
500,9.600000000000001,3,1,1,1,1,18,2.8284258924510013,5.637317451251695,7.7090498621377295,0.5486199855804443,0.10422372817993164
500,9.600000000000001,3,1,1,1,1,19,2.828202060119307,2.7152523294452724,5.507221451224012,0.5943524837493896,0.07563138008117676
500,9.600000000000001,3,1,1,1,1,20,2.828367638850144,3.4847757623830646,5.777934440099072,0.6200306415557861,0.1380767822265625
500,9.600000000000001,3,1,1,1,1,21,2.828394617180329,2.791523391979735,5.296845485869555,0.6625454425811768,0.1203925609588623
500,9.600000000000001,3,1,1,1,1,22,2.8278450056165303,4.193005675518939,6.96762816828085,0.5026741027832031,0.09896516799926758
500,9.600000000000001,3,1,1,1,1,23,2.828405190442268,3.4725709465988035,5.715371217870905,0.47926855087280273,0.10167312622070312
500,9.600000000000001,3,1,1,1,1,24,2.8284271116386126,6.081993935864625,7.8923858618786085,0.43816208839416504,0.10767722129821777
500,9.8,3,1,1,1,1,0,2.828426950768378,6.770382823142331,8.732818592223444,0.6032757759094238,0.11337733268737793
500,9.8,3,1,1,1,1,1,2.8284070250472264,5.637909787200545,8.385526761130524,0.7234749794006348,0.1006622314453125
500,9.8,3,1,1,1,1,2,2.828423680145506,4.319684227483019,5.853076835866627,0.6195929050445557,0.09653759002685547
500,9.8,3,1,1,1,1,3,2.8283703802678404,5.685544318361803,8.149434527786623,0.6336352825164795,0.09574127197265625
500,9.8,3,1,1,1,1,4,2.8283989282602766,3.607748748961575,6.435700997401631,0.5619199275970459,0.1067967414855957
500,9.8,3,1,1,1,1,5,2.8284271048365786,7.200824694317345,8.904631153640294,0.6138129234313965,0.09954667091369629
500,9.8,3,1,1,1,1,6,2.828288090680741,3.9574661691837507,5.836504456448363,0.6981370449066162,0.13139939308166504
500,9.8,3,1,1,1,1,7,2.828087187406468,3.3657815887315388,6.184882809811589,0.707648515701294,0.10263514518737793
500,9.8,3,1,1,1,1,8,2.8284101039464358,5.6451101730736335,7.927955597205532,0.6471719741821289,0.11268067359924316
500,9.8,3,1,1,1,1,9,2.8283983865888502,2.9046529548485918,5.727393779910964,0.6437020301818848,0.1197054386138916
500,9.8,3,1,1,1,1,10,2.828403210189528,3.437141018553997,5.562415060623931,0.6480615139007568,0.1452019214630127
500,9.8,3,1,1,1,1,11,2.8284261357890825,6.202355617967221,8.962662700572297,0.5915744304656982,0.14733648300170898
500,9.8,3,1,1,1,1,12,2.828314400198398,6.188680139264538,7.884036250040509,0.9015395641326904,0.1805722713470459
500,9.8,3,1,1,1,1,13,2.828426452137477,4.157012609807862,6.9361922281264015,0.7557203769683838,0.1095895767211914
500,9.8,3,1,1,1,1,14,2.828426668684021,3.528455180411631,5.9791497888677165,0.6888015270233154,0.1296076774597168
500,9.8,3,1,1,1,1,15,2.8284162046275165,3.748674898028158,5.88691425177157,0.642026424407959,0.17127466201782227
500,9.8,3,1,1,1,1,16,2.828291200841403,3.37083739722199,5.705679402005892,0.8977937698364258,0.1786797046661377
500,9.8,3,1,1,1,1,17,2.828422443430223,3.745576978436955,6.453250972233185,0.6596570014953613,0.1557164192199707
500,9.8,3,1,1,1,1,18,2.8284099908771503,3.420180807656388,6.22577561735611,0.7380528450012207,0.10168027877807617
500,9.8,3,1,1,1,1,19,2.8282511354437316,5.051964625523954,7.708960724995492,0.6863064765930176,0.11575055122375488
500,9.8,3,1,1,1,1,20,2.8281445799572102,2.921113575405594,5.743393651333321,0.670588493347168,0.15690302848815918
500,9.8,3,1,1,1,1,21,2.828250445776738,3.1737453003262224,5.712506592826791,0.8086516857147217,0.18553519248962402
500,9.8,3,1,1,1,1,22,2.828423839708191,3.123219140127538,5.8020437407672425,0.6929202079772949,0.14469552040100098
500,9.8,3,1,1,1,1,23,2.828420253501982,3.371960994975259,5.746900302299311,0.5820736885070801,0.11455702781677246
500,9.8,3,1,1,1,1,24,2.8284270827505495,5.548279137761617,7.408309414785283,0.659914493560791,0.14731121063232422
500,10.0,3,1,1,1,1,0,2.8284236928843405,5.565682860091113,8.025827078109868,0.7713778018951416,0.10740447044372559
500,10.0,3,1,1,1,1,1,2.8284268495171934,5.815362138618614,8.382670409742504,0.8345069885253906,0.1670057773590088
500,10.0,3,1,1,1,1,2,2.8284253176980325,3.392154658723765,5.293488876636955,0.6296131610870361,0.17511749267578125
500,10.0,3,1,1,1,1,3,2.8283770588951986,3.715345158234499,6.15661914134809,0.7082858085632324,0.13141202926635742
500,10.0,3,1,1,1,1,4,2.8284128723785815,3.604551350553716,6.16126220434094,0.6414306163787842,0.14892125129699707
500,10.0,3,1,1,1,1,5,2.8284229196824944,6.840034036719758,8.575211243506217,0.8654534816741943,0.18172430992126465
500,10.0,3,1,1,1,1,6,2.8283854105542066,4.004788423394198,6.4373427545003015,0.7680625915527344,0.1153268814086914
500,10.0,3,1,1,1,1,7,2.8284249388434146,5.193057387956198,7.954913892434455,0.7891945838928223,0.16521883010864258
500,10.0,3,1,1,1,1,8,2.828423913983109,3.515178354780051,6.2762618974295,0.7904491424560547,0.17885327339172363
500,10.0,3,1,1,1,1,9,2.8276741947018595,3.0228846254196067,5.828609241427264,0.8489198684692383,0.1761009693145752
500,10.0,3,1,1,1,1,10,2.8284175995922296,3.579068952202436,6.368857408690486,0.7039411067962646,0.1424562931060791
500,10.0,3,1,1,1,1,11,2.828259703081879,3.1813534960761154,5.154717115702603,0.7350902557373047,0.14692473411560059
500,10.0,3,1,1,1,1,12,2.8284120722687645,3.0750852533131163,5.740628849891529,0.8128912448883057,0.16899824142456055
500,10.0,3,1,1,1,1,13,2.8283774869088765,3.3365207002867567,6.13858494841223,0.783278226852417,0.12511205673217773
500,10.0,3,1,1,1,1,14,2.828386221271771,2.9010694285517826,5.454295098218864,0.9031827449798584,0.15537595748901367
500,10.0,3,1,1,1,1,15,2.828425605103522,3.1417923912635284,5.922965957501162,0.6274333000183105,0.14107275009155273
500,10.0,3,1,1,1,1,16,2.828334340476939,6.0750090409186965,8.903166968846707,0.7026381492614746,0.12066531181335449
500,10.0,3,1,1,1,1,17,2.828425532888044,3.479749291164665,5.874720365462874,0.6850147247314453,0.12808895111083984
500,10.0,3,1,1,1,1,18,2.828424957775412,5.78624781448441,8.56265723189141,0.7663431167602539,0.1642158031463623
500,10.0,3,1,1,1,1,19,2.828426752748901,4.115570078091726,6.818165923195412,0.7002487182617188,0.13881134986877441
500,10.0,3,1,1,1,1,20,2.8284228822561612,3.305604044200718,6.122195953342278,0.676619291305542,0.10916686058044434
500,10.0,3,1,1,1,1,21,2.8284271134145866,3.5865166229019048,6.396141485207393,0.6306052207946777,0.09704422950744629
500,10.0,3,1,1,1,1,22,2.8284204990572297,3.2537330920413523,5.692038170969486,0.6784393787384033,0.15831470489501953
500,10.0,3,1,1,1,1,23,2.8282253151219345,3.6494504963872023,6.463849388464644,0.7788963317871094,0.16853570938110352
500,10.0,3,1,1,1,1,24,2.8284148098280713,5.016082297933646,7.318109603976266,0.6661760807037354,0.15351319313049316
500,10.200000000000001,3,1,1,1,1,0,2.8284145719574174,3.525140522617759,6.298896517313077,0.7469930648803711,0.12051510810852051
500,10.200000000000001,3,1,1,1,1,1,2.8283069887643766,6.3294249547315955,9.044469426234697,0.5572447776794434,0.13358139991760254
500,10.200000000000001,3,1,1,1,1,2,2.828426923417654,5.415410187624345,8.243700319381965,0.5299139022827148,0.1093587875366211
500,10.200000000000001,3,1,1,1,1,3,2.828212777036903,3.546993804793653,5.486689466223911,0.6461219787597656,0.13359689712524414
500,10.200000000000001,3,1,1,1,1,4,2.828424582720124,3.377533579202753,5.752195181710264,0.5560216903686523,0.12011551856994629
500,10.200000000000001,3,1,1,1,1,5,2.82841998200745,3.0496293230748317,5.563906012673751,0.5585818290710449,0.11582303047180176
500,10.200000000000001,3,1,1,1,1,6,2.8284080369411297,2.9965962255841556,5.78950580277629,0.5488405227661133,0.09550142288208008
500,10.200000000000001,3,1,1,1,1,7,2.8284234462749698,6.2916795253714,7.8496842775659905,0.5251224040985107,0.13151049613952637
500,10.200000000000001,3,1,1,1,1,8,2.8284000794154402,2.8286570895687944,5.612440966712573,0.5409672260284424,0.1330862045288086
500,10.200000000000001,3,1,1,1,1,9,2.82842588657152,5.5284154292731325,7.774595356654874,0.7001891136169434,0.14200735092163086
500,10.200000000000001,3,1,1,1,1,10,2.8283826166775,3.4079834738105816,5.99382077378916,0.5889339447021484,0.11278247833251953
500,10.200000000000001,3,1,1,1,1,11,2.8284024733499016,5.425558008234044,8.019607217347147,0.6398708820343018,0.10005474090576172
500,10.200000000000001,3,1,1,1,1,12,2.8283779142813255,5.691337525427286,7.52125220314656,0.6072070598602295,0.1172480583190918
500,10.200000000000001,3,1,1,1,1,13,2.8283837365629743,4.9230369845329776,7.077918679211356,0.5752012729644775,0.1229715347290039
500,10.200000000000001,3,1,1,1,1,14,2.8284117438988954,3.601195351165937,5.5613930437329255,0.585892915725708,0.1184389591217041
500,10.200000000000001,3,1,1,1,1,15,2.8283983639600723,3.5650604364009038,6.118141527968618,0.7944588661193848,0.1296381950378418
500,10.200000000000001,3,1,1,1,1,16,2.8284238185645902,6.340785978360315,9.129667258335282,0.6863682270050049,0.10042619705200195
500,10.200000000000001,3,1,1,1,1,17,2.828426920194058,5.268500736659672,7.552513809827359,0.6869297027587891,0.10555458068847656
500,10.200000000000001,3,1,1,1,1,18,2.8284252781153185,5.624968159838672,6.929523927270546,0.5622284412384033,0.1025550365447998
500,10.200000000000001,3,1,1,1,1,19,2.828426847716028,6.016797158829397,7.845700586378226,0.6087963581085205,0.12241387367248535
500,10.200000000000001,3,1,1,1,1,20,2.8284269204708723,3.787402072666643,5.400906947282687,0.8014538288116455,0.1789548397064209
500,10.200000000000001,3,1,1,1,1,21,2.8282964659760013,3.865659211942836,6.682253010927354,0.6941516399383545,0.18391966819763184
500,10.200000000000001,3,1,1,1,1,22,2.828395988501703,3.179399465688587,5.66505791731365,0.6763951778411865,0.12415885925292969
500,10.200000000000001,3,1,1,1,1,23,2.8284202012302786,4.184900871402032,6.961636615036161,0.5467245578765869,0.135756254196167
500,10.200000000000001,3,1,1,1,1,24,2.8284270753834715,3.184894102537675,5.8270800169116885,0.5646035671234131,0.1033773422241211
500,10.4,3,1,1,1,1,0,2.8283381160931897,3.7700558112740468,6.17425822522332,0.7141323089599609,0.17413640022277832
500,10.4,3,1,1,1,1,1,2.828326816983899,3.17714651712007,5.627206349253247,0.7013735771179199,0.1229095458984375
500,10.4,3,1,1,1,1,2,2.828416989383313,3.046487629119768,5.657929879917107,0.7089517116546631,0.1366748809814453
500,10.4,3,1,1,1,1,3,2.8284246173544,4.386229302992687,7.207681543868003,0.6453914642333984,0.12186288833618164
500,10.4,3,1,1,1,1,4,2.828426887374783,5.31290933429407,8.059616700519916,0.6083462238311768,0.12265348434448242
500,10.4,3,1,1,1,1,5,2.8282785601367664,5.000162154334788,6.891456866722377,0.873424768447876,0.13775944709777832
500,10.4,3,1,1,1,1,6,2.8282985653076116,3.4889934628805928,6.052850042150279,0.6678292751312256,0.16537880897521973
500,10.4,3,1,1,1,1,7,2.828414323189451,3.934815989124755,6.677916175672509,0.7816145420074463,0.13115477561950684
500,10.4,3,1,1,1,1,8,2.8284222455157857,4.3619206044682555,6.99573371726289,0.687091588973999,0.11596536636352539
500,10.4,3,1,1,1,1,9,2.828426273081459,4.069848204581401,6.83578085854311,0.6139435768127441,0.09983372688293457
500,10.4,3,1,1,1,1,10,2.8284268104698516,3.947398795650844,6.631623143013009,0.8621995449066162,0.11368536949157715
500,10.4,3,1,1,1,1,11,2.8283837728234156,3.674041642013692,6.501443937899406,0.7144794464111328,0.1056513786315918
500,10.4,3,1,1,1,1,12,2.82840904597062,4.489828910831765,5.96807124165901,0.6720700263977051,0.1536238193511963
500,10.4,3,1,1,1,1,13,2.828355233512119,3.858523356683951,5.605474283686938,0.6565022468566895,0.14858317375183105
500,10.4,3,1,1,1,1,14,2.82842603758071,3.9266927355284147,5.898196399212537,1.032174825668335,0.22671866416931152
500,10.4,3,1,1,1,1,15,2.8281203002451014,3.8388891575855353,6.610992180223688,0.779761791229248,0.12680339813232422
500,10.4,3,1,1,1,1,16,2.828422220652413,3.271102924889511,5.789512023840943,0.6750776767730713,0.15025615692138672
500,10.4,3,1,1,1,1,17,2.8284270965780745,6.719824335071249,8.933133057839827,0.684349536895752,0.13118886947631836
500,10.4,3,1,1,1,1,18,2.8284231892075713,6.119391554634807,7.775290336105028,0.8006377220153809,0.18646883964538574
500,10.4,3,1,1,1,1,19,2.8284271229001967,5.795931751495501,8.5438309274911,0.8011531829833984,0.17717885971069336
500,10.4,3,1,1,1,1,20,2.8284008153773135,3.626029645480593,6.099222001281979,0.6131200790405273,0.13699984550476074
500,10.4,3,1,1,1,1,21,2.828421238039288,3.765302850757709,6.100907768900862,0.6666862964630127,0.12641644477844238
500,10.4,3,1,1,1,1,22,2.828415817231054,3.8051514542434095,6.206337129674689,0.6139633655548096,0.16750597953796387
500,10.4,3,1,1,1,1,23,2.8283751347791806,2.9242395989827585,5.6141921579426874,0.8093106746673584,0.1503586769104004
500,10.4,3,1,1,1,1,24,2.8283630004152154,2.8086663492410047,5.398698112345571,0.718203067779541,0.12741589546203613
500,10.600000000000001,3,1,1,1,1,0,2.828426514887825,5.401389711380152,7.98593906626663,0.6813309192657471,0.13606786727905273
500,10.600000000000001,3,1,1,1,1,1,2.828401766641333,3.890951648143515,6.705368466142654,0.6312909126281738,0.1277780532836914
500,10.600000000000001,3,1,1,1,1,2,2.8284215100690697,5.774544405983391,7.369826670573274,0.5774638652801514,0.15099430084228516
500,10.600000000000001,3,1,1,1,1,3,2.8281727313868337,3.538355892458974,6.324159941081906,0.7373256683349609,0.1383955478668213
500,10.600000000000001,3,1,1,1,1,4,2.828423890193051,3.675528310173665,6.233196555887314,0.7383780479431152,0.16151833534240723
500,10.600000000000001,3,1,1,1,1,5,2.8284209932085083,3.483382159810146,6.261839262185741,0.5781757831573486,0.13705229759216309
500,10.600000000000001,3,1,1,1,1,6,2.828425132188494,5.626841460049603,7.454054844673228,0.5915122032165527,0.15053033828735352
500,10.600000000000001,3,1,1,1,1,7,2.8284192031108613,3.156412247755509,5.607210979563272,0.6178312301635742,0.12941431999206543
500,10.600000000000001,3,1,1,1,1,8,2.828424570696667,3.123552449367359,5.868603919024697,0.5605065822601318,0.150038480758667
500,10.600000000000001,3,1,1,1,1,9,2.8283899939935546,3.4099335473632957,6.23832354135685,0.7026927471160889,0.15294432640075684
500,10.600000000000001,3,1,1,1,1,10,2.8284191877652356,3.653315993607738,6.246851400466489,0.5906808376312256,0.07700443267822266
500,10.600000000000001,3,1,1,1,1,11,2.8284026205151838,3.9371951064508437,6.245435880968348,0.5424449443817139,0.1220250129699707
500,10.600000000000001,3,1,1,1,1,12,2.828313224956104,4.040620390409877,6.516736837609123,0.5541806221008301,0.07283997535705566
500,10.600000000000001,3,1,1,1,1,13,2.8284039258030633,4.2116676280157845,6.738301164229597,0.5914115905761719,0.0932462215423584
500,10.600000000000001,3,1,1,1,1,14,2.828423425358134,3.804314272090278,5.835471478138244,0.6061859130859375,0.12231230735778809
500,10.600000000000001,3,1,1,1,1,15,2.828426874945352,3.5738852840155575,6.383383512785085,0.6019062995910645,0.1355898380279541
500,10.600000000000001,3,1,1,1,1,16,2.8284108445248557,3.4719701076998297,6.289695708478869,0.4551675319671631,0.12119674682617188
500,10.600000000000001,3,1,1,1,1,17,2.8284160853082128,4.525689949589392,6.547889687906695,0.527956485748291,0.11637187004089355
500,10.600000000000001,3,1,1,1,1,18,2.8283707695933,3.765907497254833,6.591311996287461,0.5473942756652832,0.12298297882080078
500,10.600000000000001,3,1,1,1,1,19,2.828417601300625,4.307651137044619,7.04927824518939,0.5742924213409424,0.13280200958251953
500,10.600000000000001,3,1,1,1,1,20,2.8281536598106403,3.1989534690012977,6.020139897266466,0.6567509174346924,0.10541629791259766
500,10.600000000000001,3,1,1,1,1,21,2.8284106325841782,3.709760344590022,6.489740148840122,0.6203899383544922,0.13816189765930176
500,10.600000000000001,3,1,1,1,1,22,2.8282930273168745,3.120676227136373,5.912137632700578,0.5251777172088623,0.06826138496398926
500,10.600000000000001,3,1,1,1,1,23,2.8284117366713275,6.710119617900895,8.396154982464516,0.4624965190887451,0.10135483741760254
500,10.600000000000001,3,1,1,1,1,24,2.828274423955178,4.03007533039585,6.448178644923274,0.5384318828582764,0.09788203239440918
500,10.8,3,1,1,1,1,0,2.8284064710795227,4.663537700250945,7.019513276695519,0.5679864883422852,0.10972976684570312
500,10.8,3,1,1,1,1,1,2.828309788710741,4.581086248634282,7.217318182963053,0.626945972442627,0.13583040237426758
500,10.8,3,1,1,1,1,2,2.8282722691186404,4.157986639797079,6.986258908915719,0.6929497718811035,0.1289072036743164
500,10.8,3,1,1,1,1,3,2.828338060856698,3.900751280933655,6.484422115659027,0.6321756839752197,0.13415098190307617
500,10.8,3,1,1,1,1,4,2.8284237783712056,3.741880430399401,6.567088186597544,0.6616115570068359,0.15921330451965332
500,10.8,3,1,1,1,1,5,2.8283793432668887,3.6519452104396155,6.440033183895228,0.5729317665100098,0.12117767333984375
500,10.8,3,1,1,1,1,6,2.8283368237697557,3.6395277899458813,6.296044751376052,0.5754165649414062,0.1548311710357666
500,10.8,3,1,1,1,1,7,2.828425102513137,4.8250572203134485,7.53378612275379,0.760547399520874,0.1567087173461914
500,10.8,3,1,1,1,1,8,2.828424534764838,6.418857565159999,9.061880439377079,0.7053325176239014,0.17383337020874023
500,10.8,3,1,1,1,1,9,2.828427104194791,4.53721516621804,7.136577737192713,0.6615543365478516,0.12791204452514648
500,10.8,3,1,1,1,1,10,2.827984646834712,3.3927738360724904,5.561157186728648,0.7152845859527588,0.1362760066986084
500,10.8,3,1,1,1,1,11,2.828416733730171,5.532158618377791,7.483045742127429,0.6740617752075195,0.16672205924987793
500,10.8,3,1,1,1,1,12,2.8283934422330503,3.8425466337207808,6.450659381008737,0.8181414604187012,0.17422986030578613
500,10.8,3,1,1,1,1,13,2.8284256392210194,4.445274513450451,7.273297443365431,0.696892499923706,0.15096211433410645
500,10.8,3,1,1,1,1,14,2.828424570787155,4.116680614076082,6.9030731511941905,0.684767484664917,0.10867524147033691
500,10.8,3,1,1,1,1,15,2.8282644041964153,4.197964956698194,6.395509883789191,0.725825309753418,0.1338958740234375
500,10.8,3,1,1,1,1,16,2.828393102137428,4.200856603839299,6.2867535387704265,0.7644753456115723,0.17833352088928223
500,10.8,3,1,1,1,1,17,2.8284258009202636,5.0708640205349695,7.517518217258281,0.7342319488525391,0.1679677963256836
500,10.8,3,1,1,1,1,18,2.8284226451512207,4.976101516005901,7.650461854579006,0.7300963401794434,0.12444877624511719
500,10.8,3,1,1,1,1,19,2.8284254447873276,5.38586578050704,8.074663170903001,0.6953155994415283,0.12279605865478516
500,10.8,3,1,1,1,1,20,2.8284249806073793,4.633075981252289,7.147099936053106,0.6638000011444092,0.15244150161743164
500,10.8,3,1,1,1,1,21,2.8282962528193654,4.906243461597142,7.541295115754586,0.8148210048675537,0.1458756923675537
500,10.8,3,1,1,1,1,22,2.8284231275508054,3.4437816632709928,6.269935816147919,0.8831090927124023,0.1692979335784912
500,10.8,3,1,1,1,1,23,2.8284197960653663,3.7084658323168007,6.099310696187495,0.6607580184936523,0.12758755683898926
500,10.8,3,1,1,1,1,24,2.8284258647080027,5.413630848160903,7.339560337163333,0.6702704429626465,0.11493611335754395
500,11.0,3,1,1,1,1,0,2.8284270537832947,6.346866944605996,9.111575521841573,0.8132667541503906,0.17076611518859863
500,11.0,3,1,1,1,1,1,2.828423771034586,3.780065392559561,5.817437717380365,0.7442703247070312,0.1425023078918457
500,11.0,3,1,1,1,1,2,2.8284241999580746,3.8259427399574935,6.284314625293751,0.6645996570587158,0.18154358863830566
500,11.0,3,1,1,1,1,3,2.8283893913480145,3.836420214955933,6.442792501517225,0.7418973445892334,0.1385338306427002
500,11.0,3,1,1,1,1,4,2.82842708687387,4.804620567928505,7.350150677947592,0.6682045459747314,0.12350106239318848
500,11.0,3,1,1,1,1,5,2.828425431313235,3.781267630055371,6.602828265799479,0.8083624839782715,0.18763017654418945
500,11.0,3,1,1,1,1,6,2.8283148431904674,4.999816097641799,7.379566855258038,0.6466944217681885,0.16079378128051758
500,11.0,3,1,1,1,1,7,2.828418400938147,5.086596445019222,7.769650850727555,0.6402561664581299,0.12861013412475586
500,11.0,3,1,1,1,1,8,2.828399980817699,3.589058698270051,6.324995909348823,0.6333467960357666,0.11465334892272949
500,11.0,3,1,1,1,1,9,2.8284245226008156,6.571938667169036,8.20095499750261,0.6450767517089844,0.16137003898620605
500,11.0,3,1,1,1,1,10,2.828377008853052,4.835883703946603,6.734964821884048,0.7810060977935791,0.1942155361175537
500,11.0,3,1,1,1,1,11,2.8284060214258764,3.796238112205308,6.541985750308258,0.7242462635040283,0.13248920440673828
500,11.0,3,1,1,1,1,12,2.8284063299944515,3.4574233973198885,6.284265867503461,0.6938848495483398,0.10743212699890137
500,11.0,3,1,1,1,1,13,2.8283501517611223,4.135127216747466,6.724375440738276,0.6155352592468262,0.11856198310852051
500,11.0,3,1,1,1,1,14,2.8284210747472676,3.8439708313296195,6.6723919060768875,0.897296667098999,0.18628978729248047
500,11.0,3,1,1,1,1,15,2.8284260762438778,5.98276563883132,8.8107011007033,0.6394481658935547,0.10860967636108398
500,11.0,3,1,1,1,1,16,2.8283778677124003,3.5767358717419757,6.1581311395774625,0.6207878589630127,0.15115761756896973
500,11.0,3,1,1,1,1,17,2.828409210879149,4.352398169721511,7.119807270436343,0.629906177520752,0.14428305625915527
500,11.0,3,1,1,1,1,18,2.8283062513655084,4.420579441437847,5.941329044987054,0.6680703163146973,0.12372088432312012
500,11.0,3,1,1,1,1,19,2.828418839549414,4.018365339183164,6.1638024241322675,0.8051066398620605,0.16842079162597656
500,11.0,3,1,1,1,1,20,2.828409921453244,3.5501191108316434,6.32416499929673,0.6854653358459473,0.12686705589294434
500,11.0,3,1,1,1,1,21,2.8284093330831666,4.312873612976831,6.9983395098433165,0.6410355567932129,0.13532710075378418
500,11.0,3,1,1,1,1,22,2.828427124594916,3.579349134613039,6.3563792590705575,0.5441040992736816,0.12240839004516602
500,11.0,3,1,1,1,1,23,2.8284268168130073,3.2605625580854563,5.955490932422906,0.6450574398040771,0.13152766227722168
500,11.0,3,1,1,1,1,24,2.8282990005848774,4.134895444658611,5.633335387100776,0.7532153129577637,0.14322638511657715
500,11.200000000000001,3,1,1,1,1,0,2.828400215745466,5.250690249546811,7.718325850956424,0.6424708366394043,0.17020416259765625
500,11.200000000000001,3,1,1,1,1,1,2.828061807989595,4.645714630136742,7.190592793760363,0.624828577041626,0.09846878051757812
500,11.200000000000001,3,1,1,1,1,2,2.828403999060631,5.353980692518275,8.110573175551425,0.6929628849029541,0.1188962459564209
500,11.200000000000001,3,1,1,1,1,3,2.828424480744195,4.764409165219445,7.592534850452351,0.6300532817840576,0.10862922668457031
500,11.200000000000001,3,1,1,1,1,4,2.828427105297174,4.593199148039183,6.737454398035979,0.675886869430542,0.13166475296020508
500,11.200000000000001,3,1,1,1,1,5,2.8284211970938404,3.5706346960515236,6.392317092714688,0.6431665420532227,0.11865401268005371
500,11.200000000000001,3,1,1,1,1,6,2.8283802781375083,3.908278286310957,6.5818956851379244,0.5939924716949463,0.08769583702087402
500,11.200000000000001,3,1,1,1,1,7,2.8284233411500805,4.270719896216852,7.037631151837806,0.4824502468109131,0.11407661437988281
500,11.200000000000001,3,1,1,1,1,8,2.828419501027369,3.5692532381769686,6.293543160366034,0.6417632102966309,0.13663887977600098
500,11.200000000000001,3,1,1,1,1,9,2.828406737504413,4.402793498225347,7.221505288935582,0.6402478218078613,0.10863947868347168
500,11.200000000000001,3,1,1,1,1,10,2.8284088958739697,4.3875037662984955,6.934156301038596,0.6172454357147217,0.11619377136230469
500,11.200000000000001,3,1,1,1,1,11,2.828425489014502,4.170960471680726,6.991451693705709,0.5534136295318604,0.10562610626220703
500,11.200000000000001,3,1,1,1,1,12,2.828402668279606,4.401029635294133,7.030126712147046,0.5291275978088379,0.11142659187316895
500,11.200000000000001,3,1,1,1,1,13,2.828426883941236,4.122803369098522,6.930913267688604,0.5826787948608398,0.11529350280761719
500,11.200000000000001,3,1,1,1,1,14,2.8284270013001214,5.048318449396898,7.127177672265496,0.5227632522583008,0.10341572761535645
500,11.200000000000001,3,1,1,1,1,15,2.8284104436548545,4.391041938775907,7.051393652808431,0.6129457950592041,0.11076498031616211
500,11.200000000000001,3,1,1,1,1,16,2.828063695140108,3.431362000634634,6.027746805358522,0.5655276775360107,0.10332179069519043
500,11.200000000000001,3,1,1,1,1,17,2.8284171373662477,5.926142197207429,8.328387793333004,0.4407534599304199,0.0706937313079834
500,11.200000000000001,3,1,1,1,1,18,2.82842633162898,4.275927953906823,6.817353962274477,0.5603671073913574,0.07600879669189453
500,11.200000000000001,3,1,1,1,1,19,2.828268193160838,3.8364880243293458,6.561059911354871,0.564579963684082,0.07371234893798828
500,11.200000000000001,3,1,1,1,1,20,2.828408841890617,4.327038044874886,7.150084236446357,0.5718443393707275,0.07105493545532227
500,11.200000000000001,3,1,1,1,1,21,2.828412320516061,5.483221312877196,8.283824568809987,0.5447986125946045,0.07765626907348633
500,11.200000000000001,3,1,1,1,1,22,2.828426679009411,3.845473819651774,6.556349786514668,0.5419559478759766,0.08178043365478516
500,11.200000000000001,3,1,1,1,1,23,2.8284253428227606,4.251880533232725,7.0311927668645,0.43220949172973633,0.062094688415527344
500,11.200000000000001,3,1,1,1,1,24,2.82842658773871,5.022203068837808,7.834314996463553,0.5521581172943115,0.08347511291503906
500,11.4,3,1,1,1,1,0,2.828426267196516,4.6392075056193285,7.165867394647608,0.5527665615081787,0.06773924827575684
500,11.4,3,1,1,1,1,1,2.8284156299654932,3.703301223054744,6.366403895799221,0.5252532958984375,0.07680296897888184
500,11.4,3,1,1,1,1,2,2.8282942148027916,5.5212496020355,7.864790393184647,0.6535718441009521,0.1042337417602539
500,11.4,3,1,1,1,1,3,2.828426042123172,4.635526241998362,7.283624144124526,0.7780041694641113,0.16318702697753906
500,11.4,3,1,1,1,1,4,2.8284190700900833,4.621593055735603,7.365811415796399,0.818526029586792,0.16796588897705078
500,11.4,3,1,1,1,1,5,2.8284266562520957,3.7501275301761305,6.4925878461116895,0.8156123161315918,0.12815117835998535
500,11.4,3,1,1,1,1,6,2.828423099889196,4.724567059156443,7.497909786177445,0.6289491653442383,0.17760777473449707
500,11.4,3,1,1,1,1,7,2.8284182799685134,4.466354053019846,7.208188115551819,0.7518863677978516,0.17956876754760742
500,11.4,3,1,1,1,1,8,2.82836358091483,3.473305003885437,6.287553487686224,0.7168266773223877,0.1144251823425293
500,11.4,3,1,1,1,1,9,2.8284198279401274,4.10175556646229,6.160890099597446,0.6732089519500732,0.10619235038757324
500,11.4,3,1,1,1,1,10,2.828338523521807,4.462453115318437,7.065481537943247,0.6992478370666504,0.13515520095825195
500,11.4,3,1,1,1,1,11,2.8284253647442177,3.880555182154949,6.509449689933075,0.71724534034729,0.15795612335205078
500,11.4,3,1,1,1,1,12,2.8284223676194657,5.818265842983695,7.746549159065046,0.8618929386138916,0.17078042030334473
500,11.4,3,1,1,1,1,13,2.8282562745948705,6.433599394479925,9.074735759464138,0.5920517444610596,0.17639374732971191
500,11.4,3,1,1,1,1,14,2.8283978963359244,4.922688181093578,7.598624657683535,0.7131001949310303,0.1293489933013916
500,11.4,3,1,1,1,1,15,2.82824731158382,3.759797635531109,6.486353721923609,0.7383062839508057,0.12553715705871582
500,11.4,3,1,1,1,1,16,2.8284190111287075,4.258594199996979,6.17196228283191,0.7891533374786377,0.1796407699584961
500,11.4,3,1,1,1,1,17,2.8283700916944756,4.652062853918202,7.320830929183678,0.6637177467346191,0.1735069751739502
500,11.4,3,1,1,1,1,18,2.8284259763548607,7.358172898714516,10.144842398379904,0.7319819927215576,0.13542699813842773
500,11.4,3,1,1,1,1,19,2.828406329878159,4.572187335121306,6.678232890800148,0.6644587516784668,0.11325573921203613
500,11.4,3,1,1,1,1,20,2.8284095247234706,4.8692495997303205,6.747499708201849,0.6033267974853516,0.10723733901977539
500,11.4,3,1,1,1,1,21,2.8283602950890803,4.7242786420564435,7.397920283935307,0.8736679553985596,0.14917850494384766
500,11.4,3,1,1,1,1,22,2.828419704556694,4.024983258329722,6.055200353534353,0.7834455966949463,0.15088176727294922
500,11.4,3,1,1,1,1,23,2.8284046219023633,4.739174213098391,7.5651175105443915,0.7101967334747314,0.11665177345275879
500,11.4,3,1,1,1,1,24,2.828389337656224,4.142231221202477,6.937558553513808,0.6918120384216309,0.11994290351867676
500,11.600000000000001,3,1,1,1,1,0,2.8284271088380453,4.813495316850537,7.51192970491606,0.6743175983428955,0.18526029586791992
500,11.600000000000001,3,1,1,1,1,1,2.828417832713792,4.686327457721233,7.3705824220376694,0.7922742366790771,0.12051749229431152
500,11.600000000000001,3,1,1,1,1,2,2.8284088226768747,4.899832286455846,7.625326800581794,0.6555948257446289,0.14410710334777832
500,11.600000000000001,3,1,1,1,1,3,2.8283803743036726,4.5825469091395306,7.254078912785825,0.6798584461212158,0.10405373573303223
500,11.600000000000001,3,1,1,1,1,4,2.82842558000825,3.8643175205917237,6.6885653370398845,0.6719353199005127,0.1398177146911621
500,11.600000000000001,3,1,1,1,1,5,2.8284270542321135,3.5094345321438665,5.740626561229197,0.7902336120605469,0.2026965618133545
500,11.600000000000001,3,1,1,1,1,6,2.8283434235662988,4.570068345645567,7.392163531418572,0.7672438621520996,0.17287564277648926
500,11.600000000000001,3,1,1,1,1,7,2.8284271242987784,4.955352000020376,6.804868564528882,0.6845457553863525,0.12789201736450195
500,11.600000000000001,3,1,1,1,1,8,2.828382957112995,3.9251719105644076,6.617415821022343,0.6455528736114502,0.13162469863891602
500,11.600000000000001,3,1,1,1,1,9,2.828403479565795,4.580996258833531,7.380750669948828,0.5730366706848145,0.16442632675170898
500,11.600000000000001,3,1,1,1,1,10,2.828424047246323,4.362046806544455,6.75442227758741,0.859302282333374,0.15160799026489258
500,11.600000000000001,3,1,1,1,1,11,2.8284077676185713,4.133553951836833,6.672309748586894,0.7086117267608643,0.14484238624572754
500,11.600000000000001,3,1,1,1,1,12,2.828417629010814,4.731248202373859,6.6492085719351,0.7148938179016113,0.11966848373413086
500,11.600000000000001,3,1,1,1,1,13,2.8284221227716064,4.1142666483400125,6.820192832599082,0.70455002784729,0.1255660057067871
500,11.600000000000001,3,1,1,1,1,14,2.828426842898602,4.784532422332235,7.610280101120436,0.8237237930297852,0.1993415355682373
500,11.600000000000001,3,1,1,1,1,15,2.8284266442346335,4.039525245661888,6.846961683319837,0.9367542266845703,0.1733105182647705
500,11.600000000000001,3,1,1,1,1,16,2.8284271207805496,4.139746637476553,6.944698505975669,0.732036828994751,0.12126326560974121
500,11.600000000000001,3,1,1,1,1,17,2.8283401797078622,4.926667160482513,7.752559830139506,0.6563215255737305,0.12228727340698242
500,11.600000000000001,3,1,1,1,1,18,2.8284091909783733,3.980551688859223,6.646602238249548,0.6358606815338135,0.10662579536437988
500,11.600000000000001,3,1,1,1,1,19,2.8284208351183477,4.0176298904063,6.746769049510915,0.7863364219665527,0.1703946590423584
500,11.600000000000001,3,1,1,1,1,20,2.8284227499327965,4.5461841387818485,7.074090228586396,0.7331809997558594,0.12794089317321777
500,11.600000000000001,3,1,1,1,1,21,2.8284246342864807,3.469218982958122,6.050793106919015,0.6848974227905273,0.11694169044494629
500,11.600000000000001,3,1,1,1,1,22,2.828423076981638,4.783529139746324,7.588669794316662,0.6519279479980469,0.11469745635986328
500,11.600000000000001,3,1,1,1,1,23,2.8284201605753556,4.857378141305207,7.537025525951467,0.6069495677947998,0.11990714073181152
500,11.600000000000001,3,1,1,1,1,24,2.8283136047414184,3.1709248161811527,5.964397934554562,0.825312614440918,0.15518999099731445
500,11.8,3,1,1,1,1,0,2.828426947707579,4.631201663521528,6.972399689305118,0.6732056140899658,0.15278887748718262
500,11.8,3,1,1,1,1,1,2.8284134917562382,4.549654556824969,7.362723059768989,0.7261731624603271,0.14017748832702637
500,11.8,3,1,1,1,1,2,2.8284214680040853,3.3510969999947253,6.173010676296254,0.6396701335906982,0.12179422378540039
500,11.8,3,1,1,1,1,3,2.8282772554301507,3.9145877119836956,6.223103835413964,0.6170735359191895,0.1372051239013672
500,11.8,3,1,1,1,1,4,2.8284257661914793,4.652934703138415,7.107362742671827,0.8355503082275391,0.15473532676696777
500,11.8,3,1,1,1,1,5,2.8284031257169056,3.415662455026115,6.049246831147785,0.6479909420013428,0.12380361557006836
500,11.8,3,1,1,1,1,6,2.8283829854641533,5.006006970582614,7.8264263349337515,0.6823465824127197,0.127244234085083
500,11.8,3,1,1,1,1,7,2.828426923053133,3.6465927343588858,5.945231207390257,0.693047285079956,0.15684890747070312
500,11.8,3,1,1,1,1,8,2.828422728265094,4.284591994213809,7.111185805728134,0.7026739120483398,0.11019492149353027
500,11.8,3,1,1,1,1,9,2.8284038868621537,3.725551094050682,6.536998410378571,0.7968900203704834,0.13805627822875977
500,11.8,3,1,1,1,1,10,2.8283526263091847,3.7443303242813917,6.572201643237398,0.6439042091369629,0.14264607429504395
500,11.8,3,1,1,1,1,11,2.8284217394887956,4.51146252520958,7.180704836559716,0.6314806938171387,0.12846589088439941
500,11.8,3,1,1,1,1,12,2.828255400027977,3.903556650746603,6.341710597486893,0.6833224296569824,0.10032010078430176
500,11.8,3,1,1,1,1,13,2.828425791328875,4.559305213777181,7.369622276891503,0.6626543998718262,0.12943410873413086
500,11.8,3,1,1,1,1,14,2.8284269752873143,4.2827142573406745,7.078331199799456,0.8540127277374268,0.14051246643066406
500,11.8,3,1,1,1,1,15,2.828072863783743,5.782803852195135,7.991560637941934,0.5362887382507324,0.12277889251708984
500,11.8,3,1,1,1,1,16,2.8280646983107713,3.9179558597842026,6.229808114464549,0.5655174255371094,0.14296984672546387
500,11.8,3,1,1,1,1,17,2.8283943092055197,5.279696664213596,7.966159838261188,0.5451962947845459,0.13843703269958496
500,11.8,3,1,1,1,1,18,2.8284266744416326,5.168943993565416,7.837830983252696,0.6222050189971924,0.13483786582946777
500,11.8,3,1,1,1,1,19,2.8284222727086186,4.5777153768626135,7.264106585284143,0.7987046241760254,0.16769742965698242
500,11.8,3,1,1,1,1,20,2.828426764371975,4.2301407444475885,6.966840684321825,0.781517744064331,0.12907934188842773
500,11.8,3,1,1,1,1,21,2.828427082697449,3.950882329011863,6.595997143611629,0.6801626682281494,0.15744590759277344
500,11.8,3,1,1,1,1,22,2.8284240026497636,5.465068090757665,7.339949074574541,0.6188085079193115,0.1136023998260498
500,11.8,3,1,1,1,1,23,2.828424942252637,4.513484821478716,7.0710716059529135,0.6446099281311035,0.12062501907348633
500,11.8,3,1,1,1,1,24,2.8284251979167863,3.8339775196171932,6.576849721742912,0.7349588871002197,0.1608567237854004
