n,s1,1_p_s2,s2,beta,q,sqrt_q,rep_no,eigen_mat_rerr,eigen_mat_terr,eigen_mat_ev_time,eigen_mat_cal_translation_time
500,0.0,3.84,1.2,1,1,1,0,0.07489518586600352,0.16483517281684795,0.3814542293548584,0.07538151741027832
500,0.0,3.84,1.2,1,1,1,1,0.08734127763246775,0.13172036594586403,0.7752745151519775,0.08111691474914551
500,0.0,3.84,1.2,1,1,1,2,0.07172143174368112,0.13679673613624574,0.4137887954711914,0.07500553131103516
500,0.0,3.84,1.2,1,1,1,3,0.06916690960124347,0.15060961798187916,0.5357639789581299,0.07755446434020996
500,0.0,3.84,1.2,1,1,1,4,0.0727783740840639,0.138597577619844,0.4380922317504883,0.07492375373840332
500,0.0,3.84,1.2,1,1,1,5,0.0745962626950944,0.15309671897624888,0.45685625076293945,0.09095597267150879
500,0.0,3.84,1.2,1,1,1,6,0.06931155346475508,0.15853325116708447,0.6376864910125732,0.07625102996826172
500,0.0,3.84,1.2,1,1,1,7,0.06966332542356735,0.15235830407536566,0.39139890670776367,0.07689547538757324
500,0.0,3.84,1.2,1,1,1,8,0.06781251685426745,0.15086764513073395,0.33057403564453125,0.06339478492736816
500,0.0,3.84,1.2,1,1,1,9,0.07529452286221627,0.15185748365739882,0.4998779296875,0.09743976593017578
500,0.0,3.84,1.2,1,1,1,10,0.07348307789869482,0.1723269677755267,0.6602404117584229,0.1174013614654541
500,0.0,3.84,1.2,1,1,1,11,0.0746420021574358,0.1512261079331194,0.8039095401763916,0.15494108200073242
500,0.0,3.84,1.2,1,1,1,12,0.07619118120385777,0.15929514347165055,0.5411312580108643,0.10706090927124023
500,0.0,3.84,1.2,1,1,1,13,0.06800900141084075,0.16921131015831783,0.5707392692565918,0.09450149536132812
500,0.0,3.84,1.2,1,1,1,14,0.08245224345676566,0.1508343031424288,0.555687427520752,0.09915709495544434
500,0.0,3.84,1.2,1,1,1,15,0.07358364914447874,0.148141117089561,0.5216426849365234,0.08862423896789551
500,0.0,3.84,1.2,1,1,1,16,0.06786131129463303,0.1500333378459263,0.5315062999725342,0.10868525505065918
500,0.0,3.84,1.2,1,1,1,17,0.07479145865227964,0.13328753781546343,0.6494078636169434,0.12624573707580566
500,0.0,3.84,1.2,1,1,1,18,0.06775545734985346,0.18257191036468867,0.4909181594848633,0.11265778541564941
500,0.0,3.84,1.2,1,1,1,19,0.09231911410154195,0.14733996200429175,0.48014187812805176,0.11446857452392578
500,0.0,3.84,1.2,1,1,1,20,0.06553967064853704,0.15913944993410428,0.5038492679595947,0.10877418518066406
500,0.0,3.84,1.2,1,1,1,21,0.07681855034570081,0.1581769020992374,0.503093957901001,0.09395194053649902
500,0.0,3.84,1.2,1,1,1,22,0.08599717433154996,0.14321861512085585,0.5917751789093018,0.12449955940246582
500,0.0,3.84,1.2,1,1,1,23,0.06744062391736573,0.1487320241932206,0.6106216907501221,0.11369037628173828
500,0.0,3.84,1.2,1,1,1,24,0.07013827238955286,0.14500576349880048,0.5201573371887207,0.11821103096008301
500,0.2,3.84,1.2,1,1,1,0,0.08126269481878315,0.13400545403552466,0.4975910186767578,0.11337089538574219
500,0.2,3.84,1.2,1,1,1,1,0.0719376203994796,0.15228112259569823,0.4956228733062744,0.1045675277709961
500,0.2,3.84,1.2,1,1,1,2,0.07727904200738428,0.15465945455745647,0.5385067462921143,0.10613226890563965
500,0.2,3.84,1.2,1,1,1,3,0.07858328317146263,0.14520029139635818,0.6023955345153809,0.13155174255371094
500,0.2,3.84,1.2,1,1,1,4,0.07947256098098349,0.14934246278476226,0.5063982009887695,0.10256028175354004
500,0.2,3.84,1.2,1,1,1,5,0.07508285345288553,0.17670407341576977,0.61238694190979,0.12488150596618652
500,0.2,3.84,1.2,1,1,1,6,0.07811270295829698,0.15552306429842386,0.6527736186981201,0.12733936309814453
500,0.2,3.84,1.2,1,1,1,7,0.08071536751082925,0.1649425389426973,0.5013160705566406,0.1032719612121582
500,0.2,3.84,1.2,1,1,1,8,0.07717645264884254,0.16740566728222203,0.6066501140594482,0.12389659881591797
500,0.2,3.84,1.2,1,1,1,9,0.06873103229336613,0.16555697976696812,0.6336286067962646,0.13094234466552734
500,0.2,3.84,1.2,1,1,1,10,0.07039864398352046,0.16594081374097894,0.6078526973724365,0.12581872940063477
500,0.2,3.84,1.2,1,1,1,11,0.07792911770715363,0.14624539513734244,0.542325496673584,0.1094655990600586
500,0.2,3.84,1.2,1,1,1,12,0.07298660524557708,0.18460861211252091,0.48474645614624023,0.09306502342224121
500,0.2,3.84,1.2,1,1,1,13,0.07518506421771605,0.14956248742944458,0.5163898468017578,0.11304879188537598
500,0.2,3.84,1.2,1,1,1,14,0.07279280178738291,0.15627553651235268,0.6636331081390381,0.12320852279663086
500,0.2,3.84,1.2,1,1,1,15,0.06853737105340364,0.15794955120527412,0.5715126991271973,0.10059380531311035
500,0.2,3.84,1.2,1,1,1,16,0.07577817165986198,0.13832543946278825,0.5114297866821289,0.09001302719116211
500,0.2,3.84,1.2,1,1,1,17,0.08598080557122698,0.15218010451110256,0.5009434223175049,0.09648799896240234
500,0.2,3.84,1.2,1,1,1,18,0.0868727687103542,0.14972242535381547,0.49770641326904297,0.08824872970581055
500,0.2,3.84,1.2,1,1,1,19,0.07099724339174829,0.16806714699029265,0.6646544933319092,0.11760091781616211
500,0.2,3.84,1.2,1,1,1,20,0.07652336001709951,0.16273010244890393,0.556495189666748,0.1027076244354248
500,0.2,3.84,1.2,1,1,1,21,0.07474557280241814,0.15484117103859876,0.5557534694671631,0.10051894187927246
500,0.2,3.84,1.2,1,1,1,22,0.06806432306669075,0.17080515589852177,0.4954509735107422,0.09103822708129883
500,0.2,3.84,1.2,1,1,1,23,0.07038535687556852,0.16071854955287274,0.5079421997070312,0.09355878829956055
500,0.2,3.84,1.2,1,1,1,24,0.073146084675473,0.17762715738665075,0.4893064498901367,0.1006617546081543
500,0.4,3.84,1.2,1,1,1,0,0.07966892504472918,0.15868020820394707,0.5758287906646729,0.14252710342407227
500,0.4,3.84,1.2,1,1,1,1,0.08364818614172219,0.15726360459430333,0.6611602306365967,0.12266659736633301
500,0.4,3.84,1.2,1,1,1,2,0.0769199012338026,0.1656064112517868,0.5455515384674072,0.0985572338104248
500,0.4,3.84,1.2,1,1,1,3,0.08029983654125326,0.1608812511754051,0.48912596702575684,0.09902477264404297
500,0.4,3.84,1.2,1,1,1,4,0.07994569737060127,0.14665294345600577,0.5040640830993652,0.09807205200195312
500,0.4,3.84,1.2,1,1,1,5,0.08244398867561335,0.16595668446992667,0.6037123203277588,0.13313508033752441
500,0.4,3.84,1.2,1,1,1,6,0.09906035365820862,0.17359227015467701,0.5772981643676758,0.09560012817382812
500,0.4,3.84,1.2,1,1,1,7,0.07781813200707938,0.16740216776158995,0.5067999362945557,0.09446835517883301
500,0.4,3.84,1.2,1,1,1,8,0.08049269716509093,0.14609916417343233,0.5070908069610596,0.09749245643615723
500,0.4,3.84,1.2,1,1,1,9,0.08102924919889276,0.14603946315136473,0.507648229598999,0.08445358276367188
500,0.4,3.84,1.2,1,1,1,10,0.08496628135566904,0.16484322927515965,0.488955020904541,0.0945432186126709
500,0.4,3.84,1.2,1,1,1,11,0.09073108608886157,0.13778180211205787,0.6304066181182861,0.11311888694763184
500,0.4,3.84,1.2,1,1,1,12,0.08318163198655071,0.15867128896323665,0.5014228820800781,0.10496640205383301
500,0.4,3.84,1.2,1,1,1,13,0.07691011575871123,0.1651445581982817,0.5074419975280762,0.09793782234191895
500,0.4,3.84,1.2,1,1,1,14,0.1106337435318417,0.14611648904638955,0.5288057327270508,0.10099029541015625
500,0.4,3.84,1.2,1,1,1,15,0.0929616143442732,0.16349522794750895,0.5122098922729492,0.09704232215881348
500,0.4,3.84,1.2,1,1,1,16,0.0809139499427882,0.1670008456170808,0.529731035232544,0.11350345611572266
500,0.4,3.84,1.2,1,1,1,17,0.07500287564429509,0.15962767355732235,0.6266829967498779,0.1335902214050293
500,0.4,3.84,1.2,1,1,1,18,0.08293808878423922,0.16766560662851865,0.4797513484954834,0.10585451126098633
500,0.4,3.84,1.2,1,1,1,19,0.08149345924829007,0.14544976528950726,0.5269505977630615,0.10048604011535645
500,0.4,3.84,1.2,1,1,1,20,0.07850916872931316,0.1562519781919611,0.5298569202423096,0.0886077880859375
500,0.4,3.84,1.2,1,1,1,21,0.07880540731498074,0.18320830285060952,0.5335960388183594,0.09359598159790039
500,0.4,3.84,1.2,1,1,1,22,0.07695208630247956,0.14168603891322729,0.6175696849822998,0.15725326538085938
500,0.4,3.84,1.2,1,1,1,23,0.0868291381703898,0.19684676628451198,0.8533992767333984,0.14169597625732422
500,0.4,3.84,1.2,1,1,1,24,0.08299708743846673,0.15370701965947192,0.5519285202026367,0.0886986255645752
500,0.6000000000000001,3.84,1.2,1,1,1,0,0.11248704543191182,0.14826847041912236,0.4910614490509033,0.09679484367370605
500,0.6000000000000001,3.84,1.2,1,1,1,1,0.09657260483461054,0.14043083965366862,0.4940969944000244,0.09577131271362305
500,0.6000000000000001,3.84,1.2,1,1,1,2,0.09711307541654751,0.14608037492354276,0.50551438331604,0.09137296676635742
500,0.6000000000000001,3.84,1.2,1,1,1,3,0.0908857062065005,0.1644043276773936,0.6449546813964844,0.14484620094299316
500,0.6000000000000001,3.84,1.2,1,1,1,4,0.09565717583953308,0.13571387674895655,0.5196969509124756,0.08615326881408691
500,0.6000000000000001,3.84,1.2,1,1,1,5,0.09424421239215344,0.17679391587113766,0.5241560935974121,0.08442282676696777
500,0.6000000000000001,3.84,1.2,1,1,1,6,0.09531256186947348,0.17496298277040206,0.5208985805511475,0.09949851036071777
500,0.6000000000000001,3.84,1.2,1,1,1,7,0.10628344593712814,0.15663783704751053,0.4992077350616455,0.1065206527709961
500,0.6000000000000001,3.84,1.2,1,1,1,8,0.0894019959052528,0.13779907682969386,0.5989785194396973,0.13254451751708984
500,0.6000000000000001,3.84,1.2,1,1,1,9,0.09864842507644536,0.1715598447820419,0.6102664470672607,0.10041975975036621
500,0.6000000000000001,3.84,1.2,1,1,1,10,0.10394344308503006,0.15495368577978305,0.6686265468597412,0.11259055137634277
500,0.6000000000000001,3.84,1.2,1,1,1,11,0.09571885907242643,0.17547716358546592,0.602834939956665,0.0995635986328125
500,0.6000000000000001,3.84,1.2,1,1,1,12,0.10503604237101732,0.17351746191358608,0.5888893604278564,0.11206436157226562
500,0.6000000000000001,3.84,1.2,1,1,1,13,0.10034241703470494,0.1571891435412857,0.6646914482116699,0.1127316951751709
500,0.6000000000000001,3.84,1.2,1,1,1,14,0.08904248146932418,0.14929122122449692,0.6964190006256104,0.1124429702758789
500,0.6000000000000001,3.84,1.2,1,1,1,15,0.09391791999495279,0.15455282544123297,0.5573010444641113,0.1099996566772461
500,0.6000000000000001,3.84,1.2,1,1,1,16,0.08610957932447484,0.1546028630374312,0.5582547187805176,0.09387874603271484
500,0.6000000000000001,3.84,1.2,1,1,1,17,0.10588855176222398,0.1633376220929355,0.6692466735839844,0.11836838722229004
500,0.6000000000000001,3.84,1.2,1,1,1,18,0.09744329768654547,0.17673518002526611,0.7119150161743164,0.14339661598205566
500,0.6000000000000001,3.84,1.2,1,1,1,19,0.08611574937142409,0.14563230173746164,0.7280757427215576,0.12159538269042969
500,0.6000000000000001,3.84,1.2,1,1,1,20,0.09429943714534873,0.17595578964130387,0.5637764930725098,0.10166049003601074
500,0.6000000000000001,3.84,1.2,1,1,1,21,0.10632527524796903,0.15178311065134234,0.5459384918212891,0.0933370590209961
500,0.6000000000000001,3.84,1.2,1,1,1,22,0.10319238519386408,0.1547784094540303,0.541738748550415,0.1012105941772461
500,0.6000000000000001,3.84,1.2,1,1,1,23,0.10584279887896242,0.14018852584042943,0.54756760597229,0.11612105369567871
500,0.6000000000000001,3.84,1.2,1,1,1,24,0.10201383551063622,0.1624616191892099,0.7752246856689453,0.11787819862365723
500,0.8,3.84,1.2,1,1,1,0,0.12375373241297741,0.20688529527800603,0.5451359748840332,0.12065005302429199
500,0.8,3.84,1.2,1,1,1,1,0.10738331326748182,0.14599176996782223,0.7218742370605469,0.09846663475036621
500,0.8,3.84,1.2,1,1,1,2,0.10665019647297894,0.1639969262968305,0.6106054782867432,0.11256814002990723
500,0.8,3.84,1.2,1,1,1,3,0.11467880002164277,0.16255906478476034,0.5734448432922363,0.11934185028076172
500,0.8,3.84,1.2,1,1,1,4,0.10731709757324087,0.15936836259804543,0.7061405181884766,0.13673043251037598
500,0.8,3.84,1.2,1,1,1,5,0.11658231081261189,0.14950819969650317,0.6441495418548584,0.1125650405883789
500,0.8,3.84,1.2,1,1,1,6,0.1034618808545231,0.15259466654670023,0.539294958114624,0.11246609687805176
500,0.8,3.84,1.2,1,1,1,7,0.12239305481954132,0.14187321269095618,0.544572114944458,0.09563708305358887
500,0.8,3.84,1.2,1,1,1,8,0.1287071954515663,0.15754354973673004,0.6769444942474365,0.10554051399230957
500,0.8,3.84,1.2,1,1,1,9,0.1116865303001108,0.15584256393329138,0.6621124744415283,0.11087608337402344
500,0.8,3.84,1.2,1,1,1,10,0.12108762459872899,0.18081259550582157,0.7464234828948975,0.12462162971496582
500,0.8,3.84,1.2,1,1,1,11,0.11220061542680747,0.18527037955826123,1.974517822265625,0.37072253227233887
500,0.8,3.84,1.2,1,1,1,12,0.10776855416612761,0.1622287883482632,1.3860929012298584,0.3451709747314453
500,0.8,3.84,1.2,1,1,1,13,0.11129540464137844,0.15203236927710878,2.2023074626922607,0.3136441707611084
500,0.8,3.84,1.2,1,1,1,14,0.1008897850364817,0.15831527262127973,1.7003741264343262,0.21952438354492188
500,0.8,3.84,1.2,1,1,1,15,0.11447009312999046,0.15698739977060258,2.0090291500091553,0.4559159278869629
500,0.8,3.84,1.2,1,1,1,16,0.10843186508151148,0.16680048609011,1.9803366661071777,0.2915492057800293
500,0.8,3.84,1.2,1,1,1,17,0.10559834717505791,0.16317096204997958,1.5434322357177734,0.2552683353424072
500,0.8,3.84,1.2,1,1,1,18,0.11434429747041244,0.14838412354069325,1.585658311843872,0.36069250106811523
500,0.8,3.84,1.2,1,1,1,19,0.1185354069507585,0.18478108614859454,1.598154067993164,0.35528993606567383
500,0.8,3.84,1.2,1,1,1,20,0.14028565756627706,0.1645604332495315,2.1146304607391357,0.3731539249420166
500,0.8,3.84,1.2,1,1,1,21,0.11308129853565116,0.16764184538866655,1.9457924365997314,0.3268280029296875
500,0.8,3.84,1.2,1,1,1,22,0.10514205871429694,0.16516252257124578,1.6964101791381836,0.42743659019470215
500,0.8,3.84,1.2,1,1,1,23,0.1296046325912619,0.16774599128182804,1.971294641494751,0.28142523765563965
500,0.8,3.84,1.2,1,1,1,24,0.11373372599915452,0.17122355486633375,1.6953599452972412,0.2946898937225342
500,1.0,3.84,1.2,1,1,1,0,0.12532197909100928,0.1875114758676095,1.7286090850830078,0.2885582447052002
500,1.0,3.84,1.2,1,1,1,1,0.12836931546527908,0.17432256208623306,1.845381498336792,0.26796531677246094
500,1.0,3.84,1.2,1,1,1,2,0.1286736480756089,0.1740976630982086,1.681971549987793,0.4087796211242676
500,1.0,3.84,1.2,1,1,1,3,0.14102214154868176,0.1683436083326947,1.757502555847168,0.23881077766418457
500,1.0,3.84,1.2,1,1,1,4,0.14385880441573928,0.1768906576788774,1.7289175987243652,0.31397557258605957
500,1.0,3.84,1.2,1,1,1,5,0.11858600989092428,0.1559771187123662,1.8893651962280273,0.27794790267944336
500,1.0,3.84,1.2,1,1,1,6,0.12963391549587905,0.14713174620333924,1.7521662712097168,0.3689441680908203
500,1.0,3.84,1.2,1,1,1,7,0.14985920855248894,0.15781472830704313,1.7805042266845703,0.30823230743408203
500,1.0,3.84,1.2,1,1,1,8,0.1348957913464959,0.15266575877109373,1.6073460578918457,0.3169846534729004
500,1.0,3.84,1.2,1,1,1,9,0.13302133801107385,0.1544697663505248,1.7963697910308838,0.3700430393218994
500,1.0,3.84,1.2,1,1,1,10,0.13884953190032795,0.18543354829700787,1.9293804168701172,0.38681602478027344
500,1.0,3.84,1.2,1,1,1,11,0.12633575829621202,0.1638368107877258,1.6119797229766846,0.2933988571166992
500,1.0,3.84,1.2,1,1,1,12,0.12107936188801717,0.1852923837407542,1.462376594543457,0.3910074234008789
500,1.0,3.84,1.2,1,1,1,13,0.15676072638513183,0.1837650011059265,1.6789770126342773,0.39200329780578613
500,1.0,3.84,1.2,1,1,1,14,0.12825323405917274,0.16950758116748116,2.0832672119140625,0.36945152282714844
500,1.0,3.84,1.2,1,1,1,15,0.11730293443071467,0.17006539902296192,1.6101922988891602,0.25273895263671875
500,1.0,3.84,1.2,1,1,1,16,0.13084914146472099,0.15507005029264145,1.8787519931793213,0.3928983211517334
500,1.0,3.84,1.2,1,1,1,17,0.13068802243258607,0.17784438720644283,1.8467626571655273,0.283050537109375
500,1.0,3.84,1.2,1,1,1,18,0.1340540505257881,0.20131199834075683,1.9263315200805664,0.35073113441467285
500,1.0,3.84,1.2,1,1,1,19,0.14336833289015138,0.14353194326010285,1.7918503284454346,0.2724275588989258
500,1.0,3.84,1.2,1,1,1,20,0.128401487368262,0.16119019940342144,1.5021872520446777,0.33072996139526367
500,1.0,3.84,1.2,1,1,1,21,0.14835516108658475,0.1490516007479452,2.018622636795044,0.4143333435058594
500,1.0,3.84,1.2,1,1,1,22,0.13128277365907653,0.16563345318912842,1.7579705715179443,0.23226094245910645
500,1.0,3.84,1.2,1,1,1,23,0.1321874423830753,0.17887691242497009,1.9131529331207275,0.3701353073120117
500,1.0,3.84,1.2,1,1,1,24,0.13734896064307867,0.18510918393648487,1.9166886806488037,0.2622365951538086
500,1.2000000000000002,3.84,1.2,1,1,1,0,0.14358856864718877,0.17417942386889507,1.788149356842041,0.26339268684387207
500,1.2000000000000002,3.84,1.2,1,1,1,1,0.15962172354103793,0.18756025696674916,1.8471205234527588,0.3067023754119873
500,1.2000000000000002,3.84,1.2,1,1,1,2,0.17290564963124982,0.1691306250872872,1.7607758045196533,0.21750092506408691
500,1.2000000000000002,3.84,1.2,1,1,1,3,0.1469521410309688,0.1532773995896405,1.53775954246521,0.353604793548584
500,1.2000000000000002,3.84,1.2,1,1,1,4,0.15726465077400353,0.15574450078902893,2.119100332260132,0.24095416069030762
500,1.2000000000000002,3.84,1.2,1,1,1,5,0.14447057192552246,0.21119313843579726,1.511779546737671,0.38076162338256836
500,1.2000000000000002,3.84,1.2,1,1,1,6,0.14232670683463267,0.15942505112487765,1.722672700881958,0.4019179344177246
500,1.2000000000000002,3.84,1.2,1,1,1,7,0.1683932384076202,0.18048881372240969,1.9217896461486816,0.3592691421508789
500,1.2000000000000002,3.84,1.2,1,1,1,8,0.16829253043840336,0.15653011058531413,1.4523053169250488,0.3584589958190918
500,1.2000000000000002,3.84,1.2,1,1,1,9,0.16089378585425135,0.1797166315178246,2.0492115020751953,0.3917384147644043
500,1.2000000000000002,3.84,1.2,1,1,1,10,0.14840711431127993,0.1773306822538018,1.9009602069854736,0.39057016372680664
500,1.2000000000000002,3.84,1.2,1,1,1,11,0.1460634024594862,0.157144968141692,1.6249115467071533,0.25306272506713867
500,1.2000000000000002,3.84,1.2,1,1,1,12,0.14916179080369582,0.16197053675029155,1.938673734664917,0.3428382873535156
500,1.2000000000000002,3.84,1.2,1,1,1,13,0.18203078603700049,0.16701853214712842,1.6316807270050049,0.3208911418914795
500,1.2000000000000002,3.84,1.2,1,1,1,14,0.15093589138052405,0.1785571771733626,1.5232198238372803,0.31531810760498047
500,1.2000000000000002,3.84,1.2,1,1,1,15,0.18522853299688696,0.17178937980908685,1.9930262565612793,0.4752194881439209
500,1.2000000000000002,3.84,1.2,1,1,1,16,0.15696186508467294,0.15717423753494855,1.8923709392547607,0.3419508934020996
500,1.2000000000000002,3.84,1.2,1,1,1,17,0.1497744329587725,0.16214843253902236,1.834268569946289,0.4474220275878906
500,1.2000000000000002,3.84,1.2,1,1,1,18,0.1520490970624328,0.18978229583479597,1.8431727886199951,0.2703065872192383
500,1.2000000000000002,3.84,1.2,1,1,1,19,0.12862043842202292,0.1567461800415456,1.576951503753662,0.45528221130371094
500,1.2000000000000002,3.84,1.2,1,1,1,20,0.14316662935640237,0.15777753716201656,1.8340909481048584,0.3108785152435303
500,1.2000000000000002,3.84,1.2,1,1,1,21,0.1410241884095166,0.17950826893481348,1.64473295211792,0.2894294261932373
500,1.2000000000000002,3.84,1.2,1,1,1,22,0.194827912762257,0.16396577049665104,1.945373773574829,0.26645731925964355
500,1.2000000000000002,3.84,1.2,1,1,1,23,0.14673858691284059,0.1725865691162315,1.9819927215576172,0.35614609718322754
500,1.2000000000000002,3.84,1.2,1,1,1,24,0.14550502949056437,0.17631242594188742,1.920304298400879,0.22549962997436523
500,1.4000000000000001,3.84,1.2,1,1,1,0,0.15899156062998504,0.2164302782933441,1.925701379776001,0.4792513847351074
500,1.4000000000000001,3.84,1.2,1,1,1,1,0.15779724515828222,0.179187552174288,2.186724901199341,0.24230170249938965
500,1.4000000000000001,3.84,1.2,1,1,1,2,0.1464332768717119,0.1660062542585785,1.623171329498291,0.26566505432128906
500,1.4000000000000001,3.84,1.2,1,1,1,3,0.15802562986074128,0.17907777828200944,2.03686261177063,0.4550657272338867
500,1.4000000000000001,3.84,1.2,1,1,1,4,0.1637622709672067,0.18042012031450977,1.5536792278289795,0.31056714057922363
500,1.4000000000000001,3.84,1.2,1,1,1,5,0.14991268522755072,0.16806550453860636,2.059818744659424,0.4107699394226074
500,1.4000000000000001,3.84,1.2,1,1,1,6,0.18003708207443359,0.18676211691955613,1.6538197994232178,0.30216526985168457
500,1.4000000000000001,3.84,1.2,1,1,1,7,0.2088368270342599,0.17078674752661657,1.5582189559936523,0.3007934093475342
500,1.4000000000000001,3.84,1.2,1,1,1,8,0.16176642754798204,0.16445390298663876,1.6057844161987305,0.3727121353149414
500,1.4000000000000001,3.84,1.2,1,1,1,9,0.1639759707662969,0.20650677240243062,1.5498218536376953,0.312152624130249
500,1.4000000000000001,3.84,1.2,1,1,1,10,0.1621636569690455,0.19366198050616176,1.6571650505065918,0.34397053718566895
500,1.4000000000000001,3.84,1.2,1,1,1,11,0.16378913923611715,0.14487882976000213,1.8078594207763672,0.2414863109588623
500,1.4000000000000001,3.84,1.2,1,1,1,12,0.1740328237776555,0.2013471145947942,1.6567919254302979,0.4494438171386719
500,1.4000000000000001,3.84,1.2,1,1,1,13,0.17433049482184554,0.20030535070374347,1.9048755168914795,0.39000606536865234
500,1.4000000000000001,3.84,1.2,1,1,1,14,0.20771299826216585,0.17086124459806848,1.6609246730804443,0.3849165439605713
500,1.4000000000000001,3.84,1.2,1,1,1,15,0.17145151036725692,0.17867153803816344,1.945951223373413,0.28775882720947266
500,1.4000000000000001,3.84,1.2,1,1,1,16,0.142196173397894,0.16355570842024014,1.5482807159423828,0.2141270637512207
500,1.4000000000000001,3.84,1.2,1,1,1,17,0.1631754127721187,0.1789942674126746,1.6296253204345703,0.3786160945892334
500,1.4000000000000001,3.84,1.2,1,1,1,18,0.16747930408979608,0.19175785897408493,2.093076467514038,0.3887505531311035
500,1.4000000000000001,3.84,1.2,1,1,1,19,0.1983186072839393,0.22142539740636316,1.9330370426177979,0.2997143268585205
500,1.4000000000000001,3.84,1.2,1,1,1,20,0.158809046894138,0.1669943333161669,1.7312171459197998,0.3385756015777588
500,1.4000000000000001,3.84,1.2,1,1,1,21,0.1819488244767443,0.1701072591400514,1.9465861320495605,0.32952427864074707
500,1.4000000000000001,3.84,1.2,1,1,1,22,0.16456176957667137,0.18304580752419355,1.6631805896759033,0.3318147659301758
500,1.4000000000000001,3.84,1.2,1,1,1,23,0.1551764552978867,0.17289889839912292,2.1002187728881836,0.42096710205078125
500,1.4000000000000001,3.84,1.2,1,1,1,24,0.1931059524388152,0.17150916543375108,1.8656725883483887,0.36289238929748535
500,1.6,3.84,1.2,1,1,1,0,0.1730441151321452,0.17394619515521662,1.5204064846038818,0.2597038745880127
500,1.6,3.84,1.2,1,1,1,1,0.19215712528965928,0.17233451292489732,2.0201416015625,0.24434947967529297
500,1.6,3.84,1.2,1,1,1,2,0.17704031127969014,0.1717313965938175,1.6094002723693848,0.27916622161865234
500,1.6,3.84,1.2,1,1,1,3,0.20276953649629378,0.1831926799430541,1.546827793121338,0.2347264289855957
500,1.6,3.84,1.2,1,1,1,4,0.18097037578466013,0.18152452720726459,2.04028058052063,0.3737640380859375
500,1.6,3.84,1.2,1,1,1,5,0.19311213174845387,0.19005595305991224,1.5861058235168457,0.3158683776855469
500,1.6,3.84,1.2,1,1,1,6,0.1978579859842376,0.20940737599609174,1.8298273086547852,0.41565370559692383
500,1.6,3.84,1.2,1,1,1,7,0.19650079022683006,0.20687522323511165,1.5229620933532715,0.3266410827636719
500,1.6,3.84,1.2,1,1,1,8,0.18284822189234115,0.21274168038668,2.2029106616973877,0.3318915367126465
500,1.6,3.84,1.2,1,1,1,9,0.16483593772726673,0.18850153751920115,1.5910749435424805,0.29545140266418457
500,1.6,3.84,1.2,1,1,1,10,0.19101332253035677,0.16244275135707623,1.9792594909667969,0.27425718307495117
500,1.6,3.84,1.2,1,1,1,11,0.19714580052580113,0.2003759327912058,2.0996837615966797,0.40725088119506836
500,1.6,3.84,1.2,1,1,1,12,0.19609233744699384,0.17837071009203487,1.9147310256958008,0.2953946590423584
500,1.6,3.84,1.2,1,1,1,13,0.18566037229273327,0.1886904287079949,1.577343225479126,0.24336457252502441
500,1.6,3.84,1.2,1,1,1,14,0.1923385691413334,0.18388397062774414,2.265146255493164,0.4207468032836914
500,1.6,3.84,1.2,1,1,1,15,0.18815819375661366,0.18464046224352224,1.830291748046875,0.26487112045288086
500,1.6,3.84,1.2,1,1,1,16,0.19225942918874706,0.18930110585486193,1.7776308059692383,0.3076305389404297
500,1.6,3.84,1.2,1,1,1,17,0.19777520070844432,0.15524313370894643,1.9124693870544434,0.3642899990081787
500,1.6,3.84,1.2,1,1,1,18,0.17128867902485123,0.20314498304249326,1.6791715621948242,0.3113253116607666
500,1.6,3.84,1.2,1,1,1,19,0.19552432312762613,0.19022814575468866,1.3750178813934326,0.28125786781311035
500,1.6,3.84,1.2,1,1,1,20,0.18533688319757555,0.18503395299537506,1.7447104454040527,0.45337700843811035
500,1.6,3.84,1.2,1,1,1,21,0.17592153541094746,0.16192034155166385,1.8641529083251953,0.22795438766479492
500,1.6,3.84,1.2,1,1,1,22,0.18354956318365323,0.20515039761865153,1.9546515941619873,0.2908656597137451
500,1.6,3.84,1.2,1,1,1,23,0.19621432321108395,0.18302673283008933,1.903963565826416,0.2709345817565918
500,1.6,3.84,1.2,1,1,1,24,0.19056283729685522,0.17752048430789288,1.9240944385528564,0.39890074729919434
500,1.8,3.84,1.2,1,1,1,0,0.24277034135203013,0.21666225907891143,1.9379661083221436,0.25246644020080566
500,1.8,3.84,1.2,1,1,1,1,0.19016264827614646,0.20375564921385803,1.7583401203155518,0.24326062202453613
500,1.8,3.84,1.2,1,1,1,2,0.21346235904466082,0.17983024613014228,1.942500352859497,0.24698233604431152
500,1.8,3.84,1.2,1,1,1,3,0.21198087122294196,0.21357641740865502,1.7745459079742432,0.25157785415649414
500,1.8,3.84,1.2,1,1,1,4,0.1989801493118443,0.191031843725221,2.1543240547180176,0.27675843238830566
500,1.8,3.84,1.2,1,1,1,5,0.19668667254794445,0.2177115453494721,1.7670650482177734,0.3663935661315918
500,1.8,3.84,1.2,1,1,1,6,0.20551386179273862,0.1699836858828029,1.5164804458618164,0.2886970043182373
500,1.8,3.84,1.2,1,1,1,7,0.22342967206868466,0.22666556178513209,1.7186064720153809,0.46282315254211426
500,1.8,3.84,1.2,1,1,1,8,0.18726756384367219,0.20632292808779695,1.5542912483215332,0.32714080810546875
500,1.8,3.84,1.2,1,1,1,9,0.21801838877398488,0.21573140677654457,1.6643695831298828,0.3878796100616455
500,1.8,3.84,1.2,1,1,1,10,0.19532424053482092,0.20792703150224587,1.8103957176208496,0.272078275680542
500,1.8,3.84,1.2,1,1,1,11,0.2250039705979509,0.17197416396648893,1.6414165496826172,0.36643242835998535
500,1.8,3.84,1.2,1,1,1,12,0.21775165560863208,0.18702503711388,2.0404202938079834,0.25531721115112305
500,1.8,3.84,1.2,1,1,1,13,0.20061342037322802,0.16970744887722986,1.6509768962860107,0.34458041191101074
500,1.8,3.84,1.2,1,1,1,14,0.19676122673607221,0.2516328683562689,1.8734030723571777,0.3954799175262451
500,1.8,3.84,1.2,1,1,1,15,0.2400740576232364,0.23790672440729804,1.6305019855499268,0.23126602172851562
500,1.8,3.84,1.2,1,1,1,16,0.20519004313468303,0.17745929505425906,1.5703141689300537,0.31358814239501953
500,1.8,3.84,1.2,1,1,1,17,0.20123365607052396,0.19199623031508203,1.9225425720214844,0.36119794845581055
500,1.8,3.84,1.2,1,1,1,18,0.208971004842146,0.19863796445221588,1.695784091949463,0.33528733253479004
500,1.8,3.84,1.2,1,1,1,19,0.20010769124452218,0.1788311157492783,1.607649564743042,0.3118278980255127
500,1.8,3.84,1.2,1,1,1,20,0.21965495726585657,0.1923995070105196,1.7096128463745117,0.32581400871276855
500,1.8,3.84,1.2,1,1,1,21,0.18211719733131448,0.2206235190267214,1.740180492401123,0.21501922607421875
500,1.8,3.84,1.2,1,1,1,22,0.20493976609188966,0.17862563178664842,1.6287446022033691,0.4313356876373291
500,1.8,3.84,1.2,1,1,1,23,0.20979458524890784,0.21114765499093027,1.9079577922821045,0.3121047019958496
500,1.8,3.84,1.2,1,1,1,24,0.20522175023135147,0.17059130268456343,1.6690561771392822,0.270505428314209
500,2.0,3.84,1.2,1,1,1,0,0.2439266326335246,0.2287123502598948,1.85841703414917,0.38243627548217773
500,2.0,3.84,1.2,1,1,1,1,0.23858028929519656,0.19451859778776445,1.810814619064331,0.22665762901306152
500,2.0,3.84,1.2,1,1,1,2,0.24793280733685152,0.19789230443094522,1.6034228801727295,0.34856748580932617
500,2.0,3.84,1.2,1,1,1,3,0.22765799687030752,0.19589393685254225,2.184028387069702,0.4502131938934326
500,2.0,3.84,1.2,1,1,1,4,0.22016786051747847,0.19683342052215083,1.4593262672424316,0.3097872734069824
500,2.0,3.84,1.2,1,1,1,5,0.21450321549708604,0.19984765575298094,1.8010997772216797,0.39142870903015137
500,2.0,3.84,1.2,1,1,1,6,0.23710224723980888,0.1783168485714904,1.6755075454711914,0.27054476737976074
500,2.0,3.84,1.2,1,1,1,7,0.20893063505734433,0.20333129127030722,1.8151824474334717,0.276080846786499
500,2.0,3.84,1.2,1,1,1,8,0.2125500113371336,0.27548554833610195,1.9550423622131348,0.29564762115478516
500,2.0,3.84,1.2,1,1,1,9,0.25036005955461754,0.17457603453056117,1.6831073760986328,0.27898144721984863
500,2.0,3.84,1.2,1,1,1,10,0.22378149569298622,0.19563647430166045,1.91286039352417,0.27423691749572754
500,2.0,3.84,1.2,1,1,1,11,0.22896197296336285,0.22168183497488092,1.5832345485687256,0.23897528648376465
500,2.0,3.84,1.2,1,1,1,12,0.2506432410802596,0.19726671399955106,2.0000057220458984,0.36563658714294434
500,2.0,3.84,1.2,1,1,1,13,0.23918031528652742,0.19668620079034624,2.0395216941833496,0.45458316802978516
500,2.0,3.84,1.2,1,1,1,14,0.25050487279471495,0.20420438401575136,1.8003249168395996,0.2732584476470947
500,2.0,3.84,1.2,1,1,1,15,0.21147129648195473,0.19863507143665246,1.9495608806610107,0.34705686569213867
500,2.0,3.84,1.2,1,1,1,16,0.23357188552053887,0.2348182216241017,1.8575081825256348,0.3562166690826416
500,2.0,3.84,1.2,1,1,1,17,0.24061459266947402,0.2225289340460745,1.543346643447876,0.32598066329956055
500,2.0,3.84,1.2,1,1,1,18,0.24811741253471833,0.21503916988952423,2.1439208984375,0.39835262298583984
500,2.0,3.84,1.2,1,1,1,19,0.3030170358925224,0.21277882380221932,1.4142765998840332,0.21524429321289062
500,2.0,3.84,1.2,1,1,1,20,0.2381153606607347,0.19605748542736656,1.3418347835540771,0.36231112480163574
500,2.0,3.84,1.2,1,1,1,21,0.21145418431520616,0.21651551841521202,1.3908584117889404,0.23358869552612305
500,2.0,3.84,1.2,1,1,1,22,0.29973569045707504,0.18747601813567183,1.6389954090118408,0.42844486236572266
500,2.0,3.84,1.2,1,1,1,23,0.22186803825448753,0.22140516549353714,1.959331750869751,0.3540182113647461
500,2.0,3.84,1.2,1,1,1,24,0.2637390374230682,0.25374178028153116,1.7185420989990234,0.4412879943847656
500,2.2,3.84,1.2,1,1,1,0,0.23414472665237596,0.21805494876170728,1.6606571674346924,0.29968976974487305
500,2.2,3.84,1.2,1,1,1,1,0.25221426280044157,0.25614411842480844,1.7101025581359863,0.41146349906921387
500,2.2,3.84,1.2,1,1,1,2,0.23436172358084767,0.2172945190086453,1.750169038772583,0.5154910087585449
500,2.2,3.84,1.2,1,1,1,3,0.22796754437327105,0.2215364834278134,1.8178210258483887,0.267808198928833
500,2.2,3.84,1.2,1,1,1,4,0.2878260075373607,0.229613879581087,2.2723610401153564,0.39341115951538086
500,2.2,3.84,1.2,1,1,1,5,0.25862205331712107,0.18715063785143737,1.8261208534240723,0.31565213203430176
500,2.2,3.84,1.2,1,1,1,6,0.29234295407684774,0.18754562623333013,1.7998683452606201,0.2744302749633789
500,2.2,3.84,1.2,1,1,1,7,0.29181125136795166,0.1972330497380643,2.148409843444824,0.3010847568511963
500,2.2,3.84,1.2,1,1,1,8,0.27804938974896604,0.19613321249451007,1.9346201419830322,0.2765991687774658
500,2.2,3.84,1.2,1,1,1,9,0.22916914900544444,0.19367852494749851,1.784149169921875,0.3765552043914795
500,2.2,3.84,1.2,1,1,1,10,0.24149730357724103,0.24632812474744806,1.6158771514892578,0.356935977935791
500,2.2,3.84,1.2,1,1,1,11,0.25132243252606395,0.19508909319309745,1.5379314422607422,0.36559534072875977
500,2.2,3.84,1.2,1,1,1,12,0.24246688304645814,0.2176682382061174,1.9064784049987793,0.2144794464111328
500,2.2,3.84,1.2,1,1,1,13,0.2568710887842725,0.251639324707949,1.484224557876587,0.27501940727233887
500,2.2,3.84,1.2,1,1,1,14,0.24208163399317104,0.2277573880080038,1.8378324508666992,0.29027509689331055
500,2.2,3.84,1.2,1,1,1,15,0.2618032833358821,0.20629633641287407,1.8021142482757568,0.3725721836090088
500,2.2,3.84,1.2,1,1,1,16,0.3196863738292513,0.1937423979100661,1.7072334289550781,0.25162315368652344
500,2.2,3.84,1.2,1,1,1,17,0.26678723175814656,0.2162552755325272,1.8364007472991943,0.3580973148345947
500,2.2,3.84,1.2,1,1,1,18,0.27184973868662626,0.2025691364325296,1.6558325290679932,0.32311534881591797
500,2.2,3.84,1.2,1,1,1,19,0.30825863268931786,0.21445265582626333,2.096466541290283,0.42326927185058594
500,2.2,3.84,1.2,1,1,1,20,0.2572423148720419,0.2434441790948905,1.9114830493927002,0.4030177593231201
500,2.2,3.84,1.2,1,1,1,21,0.2930753745759464,0.24774770426818285,1.6658999919891357,0.3395824432373047
500,2.2,3.84,1.2,1,1,1,22,0.23518370129556174,0.1981454530814494,1.6578888893127441,0.258270263671875
500,2.2,3.84,1.2,1,1,1,23,0.22978463339413358,0.24495272078264185,1.5473911762237549,0.3498215675354004
500,2.2,3.84,1.2,1,1,1,24,0.23527503782331538,0.18320903166505426,1.9245939254760742,0.45501065254211426
500,2.4000000000000004,3.84,1.2,1,1,1,0,0.3087680271185914,0.2381733459567778,1.9649057388305664,0.35980892181396484
500,2.4000000000000004,3.84,1.2,1,1,1,1,0.27988630206780546,0.2586811798369985,1.6619420051574707,0.3240489959716797
500,2.4000000000000004,3.84,1.2,1,1,1,2,0.28285029251399907,0.23728517339039043,1.8612923622131348,0.3466372489929199
500,2.4000000000000004,3.84,1.2,1,1,1,3,0.2746564305088673,0.2106668015147291,2.025989294052124,0.4135134220123291
500,2.4000000000000004,3.84,1.2,1,1,1,4,0.29192435688588503,0.2726581093952176,1.5458056926727295,0.2879939079284668
500,2.4000000000000004,3.84,1.2,1,1,1,5,0.2608926090275243,0.22357241640639283,1.6477508544921875,0.2137150764465332
500,2.4000000000000004,3.84,1.2,1,1,1,6,0.2585165392553717,0.21161903870737778,1.8440518379211426,0.4120352268218994
500,2.4000000000000004,3.84,1.2,1,1,1,7,0.3103954022323732,0.24107713100522016,1.712918758392334,0.34581732749938965
500,2.4000000000000004,3.84,1.2,1,1,1,8,0.26615408466637097,0.2798031753308227,2.2701244354248047,0.21528267860412598
500,2.4000000000000004,3.84,1.2,1,1,1,9,0.2632763927373073,0.24594750436001778,1.3659424781799316,0.2759370803833008
500,2.4000000000000004,3.84,1.2,1,1,1,10,0.31354135458042953,0.20368148563529645,1.86798095703125,0.4673421382904053
500,2.4000000000000004,3.84,1.2,1,1,1,11,0.27683782853102645,0.22357375056723283,1.5459892749786377,0.24457645416259766
500,2.4000000000000004,3.84,1.2,1,1,1,12,0.291160290219216,0.2514505349068354,2.183109760284424,0.44875311851501465
500,2.4000000000000004,3.84,1.2,1,1,1,13,0.24431814655240527,0.25154603487189847,1.9465932846069336,0.24196147918701172
500,2.4000000000000004,3.84,1.2,1,1,1,14,0.27532984738318855,0.20185474961808025,1.3133342266082764,0.23090791702270508
500,2.4000000000000004,3.84,1.2,1,1,1,15,0.2604206689452006,0.1991667191194834,1.846996545791626,0.5156009197235107
500,2.4000000000000004,3.84,1.2,1,1,1,16,0.3004040244625731,0.21072429785891644,1.6611242294311523,0.4664428234100342
500,2.4000000000000004,3.84,1.2,1,1,1,17,0.31388034000924087,0.1918768556259009,1.565030813217163,0.32340335845947266
500,2.4000000000000004,3.84,1.2,1,1,1,18,0.2951707316777305,0.21519881308716785,2.1998119354248047,0.3240330219268799
500,2.4000000000000004,3.84,1.2,1,1,1,19,0.25663446809026597,0.2210107271452561,1.7685091495513916,0.3444039821624756
500,2.4000000000000004,3.84,1.2,1,1,1,20,0.26424413958265797,0.21325414637726992,2.0436859130859375,0.42681431770324707
500,2.4000000000000004,3.84,1.2,1,1,1,21,0.2663875616785826,0.20354378158206005,1.6073462963104248,0.3496584892272949
500,2.4000000000000004,3.84,1.2,1,1,1,22,0.2817572759965692,0.22266086827491618,1.4704046249389648,0.3469526767730713
500,2.4000000000000004,3.84,1.2,1,1,1,23,0.28473561364693467,0.2065958619404262,2.076608896255493,0.396343469619751
500,2.4000000000000004,3.84,1.2,1,1,1,24,0.28261026447242227,0.21644415690374555,1.6343307495117188,0.24172663688659668
500,2.6,3.84,1.2,1,1,1,0,0.26760640767567717,0.3042289537038393,1.5562946796417236,0.367687463760376
500,2.6,3.84,1.2,1,1,1,1,0.3006260911880416,0.25238220811504547,1.8916945457458496,0.3267326354980469
500,2.6,3.84,1.2,1,1,1,2,0.31871046998011465,0.20411692390281813,1.7948110103607178,0.29434943199157715
500,2.6,3.84,1.2,1,1,1,3,0.31849886084196166,0.24823235127707188,1.8501136302947998,0.3024752140045166
500,2.6,3.84,1.2,1,1,1,4,0.34651429377936654,0.2278860980333191,1.9180512428283691,0.25159621238708496
500,2.6,3.84,1.2,1,1,1,5,0.29680704474468067,0.21223962431689367,1.6884050369262695,0.3271968364715576
500,2.6,3.84,1.2,1,1,1,6,0.3347818372999487,0.25442760373532847,1.6892831325531006,0.30456972122192383
500,2.6,3.84,1.2,1,1,1,7,0.38107267691315777,0.2333555192973011,1.824897050857544,0.3798379898071289
500,2.6,3.84,1.2,1,1,1,8,0.30167823775801705,0.2428758812087122,1.6882197856903076,0.36896705627441406
500,2.6,3.84,1.2,1,1,1,9,0.2771214240486461,0.25200829907102196,1.746593952178955,0.2967109680175781
500,2.6,3.84,1.2,1,1,1,10,0.3936061838796246,0.23525596494529108,1.7345991134643555,0.27887511253356934
500,2.6,3.84,1.2,1,1,1,11,0.2846111971827232,0.27482487826137386,1.7916498184204102,0.3880436420440674
500,2.6,3.84,1.2,1,1,1,12,0.290911893449473,0.23543808768100272,1.6250109672546387,0.4307436943054199
500,2.6,3.84,1.2,1,1,1,13,0.3189753476653341,0.25985687377821814,1.6731154918670654,0.39414048194885254
500,2.6,3.84,1.2,1,1,1,14,0.2928270203284337,0.19233210195776676,1.6390399932861328,0.266664981842041
500,2.6,3.84,1.2,1,1,1,15,0.2680987424810276,0.24050119688973834,1.6773569583892822,0.38077425956726074
500,2.6,3.84,1.2,1,1,1,16,0.29057113237880133,0.22960048783377357,1.8521053791046143,0.38821840286254883
500,2.6,3.84,1.2,1,1,1,17,0.27530174445106226,0.25338736025102665,1.8095176219940186,0.3960437774658203
500,2.6,3.84,1.2,1,1,1,18,0.30338387193632693,0.24608561141604215,1.774611234664917,0.35611891746520996
500,2.6,3.84,1.2,1,1,1,19,0.2900993241877191,0.23197417573802,1.4836134910583496,0.384521484375
500,2.6,3.84,1.2,1,1,1,20,0.2954232515408441,0.219643294652558,1.7880990505218506,0.38654208183288574
500,2.6,3.84,1.2,1,1,1,21,0.32733887662150013,0.25463181408878083,1.5878846645355225,0.2305588722229004
500,2.6,3.84,1.2,1,1,1,22,0.29509577563900197,0.21770754618498558,1.9283790588378906,0.18479013442993164
500,2.6,3.84,1.2,1,1,1,23,0.3032676203792908,0.2227232096090863,1.5614533424377441,0.34669065475463867
500,2.6,3.84,1.2,1,1,1,24,0.3074660181552304,0.23226740364123682,1.8846607208251953,0.28285765647888184
500,2.8000000000000003,3.84,1.2,1,1,1,0,0.34549343786548997,0.24493969327691725,1.8506832122802734,0.34224915504455566
500,2.8000000000000003,3.84,1.2,1,1,1,1,0.33089058925292897,0.2790224382560388,1.5420219898223877,0.2989993095397949
500,2.8000000000000003,3.84,1.2,1,1,1,2,0.32706088577329046,0.25383180060843485,1.8559026718139648,0.3684213161468506
500,2.8000000000000003,3.84,1.2,1,1,1,3,0.37696405037826264,0.2554295450070891,1.6502952575683594,0.3230583667755127
500,2.8000000000000003,3.84,1.2,1,1,1,4,0.2781100041659573,0.22930172948092856,1.9377729892730713,0.45984387397766113
500,2.8000000000000003,3.84,1.2,1,1,1,5,0.323690265098391,0.23809865259198995,1.486722707748413,0.3102149963378906
500,2.8000000000000003,3.84,1.2,1,1,1,6,0.3178907023030611,0.24691144376266963,1.8470046520233154,0.2536780834197998
500,2.8000000000000003,3.84,1.2,1,1,1,7,0.3296997121244981,0.23160020347018206,1.7726051807403564,0.4384803771972656
500,2.8000000000000003,3.84,1.2,1,1,1,8,0.3208937158211959,0.22948030700358432,1.9523594379425049,0.3462839126586914
500,2.8000000000000003,3.84,1.2,1,1,1,9,0.30956176931663376,0.26003356544735484,1.7552909851074219,0.22266578674316406
500,2.8000000000000003,3.84,1.2,1,1,1,10,0.3191814072294417,0.24218969964889073,1.9190876483917236,0.3844587802886963
500,2.8000000000000003,3.84,1.2,1,1,1,11,0.3107793684922036,0.20011971176342522,1.7817678451538086,0.2898585796356201
500,2.8000000000000003,3.84,1.2,1,1,1,12,0.45402571601632896,0.2464923788271466,1.7283391952514648,0.37022972106933594
500,2.8000000000000003,3.84,1.2,1,1,1,13,0.2810707691423662,0.22451116119704198,1.88315749168396,0.3139481544494629
500,2.8000000000000003,3.84,1.2,1,1,1,14,0.2858416319338877,0.2743614448184195,1.7028028964996338,0.33008575439453125
500,2.8000000000000003,3.84,1.2,1,1,1,15,0.294667001208214,0.2496963622369802,1.83197021484375,0.3910343647003174
500,2.8000000000000003,3.84,1.2,1,1,1,16,0.2858053188883381,0.26840266063250257,1.4578213691711426,0.2588307857513428
500,2.8000000000000003,3.84,1.2,1,1,1,17,0.34434883817976075,0.31130296687376324,2.2371859550476074,0.48161983489990234
500,2.8000000000000003,3.84,1.2,1,1,1,18,0.3549806951419364,0.2532282760880132,1.7710747718811035,0.3018982410430908
500,2.8000000000000003,3.84,1.2,1,1,1,19,0.267705285428678,0.22672532930245973,1.6972253322601318,0.2937321662902832
500,2.8000000000000003,3.84,1.2,1,1,1,20,0.3483004227839428,0.22580744759993648,2.1560754776000977,0.43116259574890137
500,2.8000000000000003,3.84,1.2,1,1,1,21,0.35609212816882524,0.23324126701454206,1.6460340023040771,0.3480491638183594
500,2.8000000000000003,3.84,1.2,1,1,1,22,0.37636970308944007,0.2442027173166595,1.9770002365112305,0.22852849960327148
500,2.8000000000000003,3.84,1.2,1,1,1,23,0.3387501556021795,0.2573053311890548,1.953845500946045,0.4320700168609619
500,2.8000000000000003,3.84,1.2,1,1,1,24,0.33657448223908876,0.25753739328344827,1.7411205768585205,0.34912967681884766
500,3.0,3.84,1.2,1,1,1,0,0.3501297407721398,0.2307427314106081,2.187168836593628,0.3026587963104248
500,3.0,3.84,1.2,1,1,1,1,0.3579938191327947,0.35672681143683665,1.7926640510559082,0.39432287216186523
500,3.0,3.84,1.2,1,1,1,2,0.34164189569239395,0.24552474782664177,1.501276969909668,0.30445218086242676
500,3.0,3.84,1.2,1,1,1,3,0.36462311865327734,0.3517961812967319,1.9617640972137451,0.2553579807281494
500,3.0,3.84,1.2,1,1,1,4,0.3395017100439564,0.27806109876662716,1.5918285846710205,0.24437332153320312
500,3.0,3.84,1.2,1,1,1,5,0.3874921261585236,0.246299796240291,1.7029674053192139,0.35778236389160156
500,3.0,3.84,1.2,1,1,1,6,0.3684703504806715,0.22185158518112624,1.6938540935516357,0.3149600028991699
500,3.0,3.84,1.2,1,1,1,7,0.327306271728498,0.2881846028790532,1.4253065586090088,0.2551708221435547
500,3.0,3.84,1.2,1,1,1,8,0.3603485667837183,0.3053528718184377,1.847649335861206,0.38443899154663086
500,3.0,3.84,1.2,1,1,1,9,0.3296325929186016,0.2890717334785524,1.64384126663208,0.2416839599609375
500,3.0,3.84,1.2,1,1,1,10,0.31484783263015714,0.2151205636093001,2.008354663848877,0.4701833724975586
500,3.0,3.84,1.2,1,1,1,11,0.303816166260195,0.21576076169246083,1.818655014038086,0.24649667739868164
500,3.0,3.84,1.2,1,1,1,12,0.3227212581840306,0.2896697033671714,1.7570629119873047,0.3203551769256592
500,3.0,3.84,1.2,1,1,1,13,0.38853527545899685,0.27923220594226983,2.1935575008392334,0.2350304126739502
500,3.0,3.84,1.2,1,1,1,14,0.3516687383575151,0.32521001105400077,1.6697115898132324,0.3750433921813965
500,3.0,3.84,1.2,1,1,1,15,0.3309697625171175,0.2542372861746057,1.7761845588684082,0.24199390411376953
500,3.0,3.84,1.2,1,1,1,16,0.3636454808730212,0.23453612260510723,1.9803590774536133,0.3028385639190674
500,3.0,3.84,1.2,1,1,1,17,0.3486430854784569,0.24390677523242243,1.724299430847168,0.32721638679504395
500,3.0,3.84,1.2,1,1,1,18,0.3496221856583427,0.23975584597158234,1.9260411262512207,0.3226616382598877
500,3.0,3.84,1.2,1,1,1,19,0.35434460687050523,0.30082031424301214,2.0059914588928223,0.31470322608947754
500,3.0,3.84,1.2,1,1,1,20,0.31741618855699033,0.23710371997532526,1.5433719158172607,0.25731348991394043
500,3.0,3.84,1.2,1,1,1,21,0.3433953944202081,0.27262650725875637,1.7577791213989258,0.34827542304992676
500,3.0,3.84,1.2,1,1,1,22,0.31062195232349726,0.28166435922540944,1.6429107189178467,0.25099897384643555
500,3.0,3.84,1.2,1,1,1,23,0.35957794764036155,0.21027350699943406,1.4132239818572998,0.3623390197753906
500,3.0,3.84,1.2,1,1,1,24,0.3441420047131491,0.28433830180889597,1.9390535354614258,0.2843034267425537
500,3.2,3.84,1.2,1,1,1,0,0.33279537098275586,0.2501003170672427,1.666602611541748,0.3522825241088867
500,3.2,3.84,1.2,1,1,1,1,0.39554506600045763,0.2604775641535402,1.9871046543121338,0.36762285232543945
500,3.2,3.84,1.2,1,1,1,2,0.385910842954037,0.25511788048286044,1.5650653839111328,0.32245516777038574
500,3.2,3.84,1.2,1,1,1,3,0.35483364846871845,0.2592028197416766,1.9780240058898926,0.3580806255340576
500,3.2,3.84,1.2,1,1,1,4,0.37070958843863666,0.32650827062272303,1.7726540565490723,0.30515193939208984
500,3.2,3.84,1.2,1,1,1,5,0.39086571442714674,0.24835302950464216,1.6248815059661865,0.274122953414917
500,3.2,3.84,1.2,1,1,1,6,0.38382780614756984,0.27900900480087565,1.8355293273925781,0.4007737636566162
500,3.2,3.84,1.2,1,1,1,7,0.48361887669262166,0.2654515067458102,1.6484551429748535,0.3829820156097412
500,3.2,3.84,1.2,1,1,1,8,0.3677241787940374,0.2697083448931937,1.5628376007080078,0.3518071174621582
500,3.2,3.84,1.2,1,1,1,9,0.3433038846070423,0.2849270587196056,1.9264514446258545,0.4274463653564453
500,3.2,3.84,1.2,1,1,1,10,0.3572208371205021,0.2519007139257462,1.852736234664917,0.2905733585357666
500,3.2,3.84,1.2,1,1,1,11,0.39623218099631613,0.31259584789446204,1.867281436920166,0.4121427536010742
500,3.2,3.84,1.2,1,1,1,12,0.343784807173908,0.25645961434766423,1.6200120449066162,0.21657419204711914
500,3.2,3.84,1.2,1,1,1,13,0.3831011519130502,0.2674435851252351,1.4887590408325195,0.35609960556030273
500,3.2,3.84,1.2,1,1,1,14,0.38982200614213663,0.24154470773202844,1.8484807014465332,0.3624579906463623
500,3.2,3.84,1.2,1,1,1,15,0.33864573040063006,0.2873401337067002,1.611783504486084,0.24042963981628418
500,3.2,3.84,1.2,1,1,1,16,0.37829419154637256,0.35050681159718977,1.8089876174926758,0.3045804500579834
500,3.2,3.84,1.2,1,1,1,17,0.3906744703890071,0.2676459870805897,1.7004895210266113,0.3633875846862793
500,3.2,3.84,1.2,1,1,1,18,0.3192620515297631,0.3041158129492761,1.6037302017211914,0.25296902656555176
500,3.2,3.84,1.2,1,1,1,19,0.38833200544133406,0.31198422735797976,1.9363930225372314,0.2935910224914551
500,3.2,3.84,1.2,1,1,1,20,0.36470461231453255,0.283858337098077,1.6420447826385498,0.22504472732543945
500,3.2,3.84,1.2,1,1,1,21,0.3532634405456112,0.246594349133286,1.7873647212982178,0.37840771675109863
500,3.2,3.84,1.2,1,1,1,22,0.4176817887593227,0.3554885904046855,1.9767506122589111,0.36414527893066406
500,3.2,3.84,1.2,1,1,1,23,0.3457105561116046,0.2115989264052321,1.7789571285247803,0.41709017753601074
500,3.2,3.84,1.2,1,1,1,24,0.376049949477025,0.3093524223653353,1.8106365203857422,0.438615083694458
500,3.4000000000000004,3.84,1.2,1,1,1,0,0.4633445226745234,0.27175654451612336,1.955465316772461,0.35766172409057617
500,3.4000000000000004,3.84,1.2,1,1,1,1,0.36817536169353227,0.24261708903241272,1.601855754852295,0.3137519359588623
500,3.4000000000000004,3.84,1.2,1,1,1,2,0.4196724443521606,0.2703614555567336,2.014258623123169,0.3555936813354492
500,3.4000000000000004,3.84,1.2,1,1,1,3,0.33128443317179757,0.26660152334269444,1.6186227798461914,0.35487985610961914
500,3.4000000000000004,3.84,1.2,1,1,1,4,0.38292391626767713,0.3141943141838045,1.710834264755249,0.31891489028930664
500,3.4000000000000004,3.84,1.2,1,1,1,5,0.3913263254973019,0.2953461599588998,1.634110927581787,0.27097010612487793
500,3.4000000000000004,3.84,1.2,1,1,1,6,0.44523383401898736,0.227855555819189,1.7411491870880127,0.2880127429962158
500,3.4000000000000004,3.84,1.2,1,1,1,7,0.44558540731484825,0.26915282614805064,1.7909948825836182,0.3974184989929199
500,3.4000000000000004,3.84,1.2,1,1,1,8,0.3920444635935305,0.294935794105549,1.8661267757415771,0.23253917694091797
500,3.4000000000000004,3.84,1.2,1,1,1,9,0.3625034955423768,0.2799032511271508,1.7904472351074219,0.32787442207336426
500,3.4000000000000004,3.84,1.2,1,1,1,10,0.35261302931398925,0.313653257683515,1.424480676651001,0.2544875144958496
500,3.4000000000000004,3.84,1.2,1,1,1,11,0.4404093338648367,0.27735278295840765,1.6977417469024658,0.2540616989135742
500,3.4000000000000004,3.84,1.2,1,1,1,12,0.38794696908658927,0.34609644211478274,1.8675072193145752,0.4220893383026123
500,3.4000000000000004,3.84,1.2,1,1,1,13,0.49623197441504463,0.2812938060819395,2.0781643390655518,0.3802831172943115
500,3.4000000000000004,3.84,1.2,1,1,1,14,0.4045294306862934,0.24492330777670718,1.5128960609436035,0.2884652614593506
500,3.4000000000000004,3.84,1.2,1,1,1,15,0.36515608912107966,0.29776965266182326,1.9989736080169678,0.2710556983947754
500,3.4000000000000004,3.84,1.2,1,1,1,16,0.5048484565574208,0.24801321984738772,1.9665107727050781,0.26391029357910156
500,3.4000000000000004,3.84,1.2,1,1,1,17,0.4009018325881325,0.24287863460481696,1.525836706161499,0.3984827995300293
500,3.4000000000000004,3.84,1.2,1,1,1,18,0.37656155366995964,0.2842644352352245,1.761951208114624,0.3331422805786133
500,3.4000000000000004,3.84,1.2,1,1,1,19,0.40943965933549076,0.3165447889139253,1.4668092727661133,0.31815671920776367
500,3.4000000000000004,3.84,1.2,1,1,1,20,0.48183355422588725,0.33548757628922576,2.2872393131256104,0.4218573570251465
500,3.4000000000000004,3.84,1.2,1,1,1,21,0.38983352726951714,0.3494118110893112,1.5433125495910645,0.27899909019470215
500,3.4000000000000004,3.84,1.2,1,1,1,22,0.3924251774731493,0.28338955595420046,1.4827792644500732,0.37283945083618164
500,3.4000000000000004,3.84,1.2,1,1,1,23,0.35577147913735957,0.30683800024976055,2.0017528533935547,0.2718789577484131
500,3.4000000000000004,3.84,1.2,1,1,1,24,0.3415244549308893,0.3382412697933649,1.8707382678985596,0.300121545791626
500,3.6,3.84,1.2,1,1,1,0,0.3672042835717329,0.290632027367685,2.355694055557251,0.4285571575164795
500,3.6,3.84,1.2,1,1,1,1,0.39584683616374955,0.3217322155650664,2.0112111568450928,0.34978795051574707
500,3.6,3.84,1.2,1,1,1,2,0.42087743221008267,0.2707506595507599,1.903022289276123,0.37853050231933594
500,3.6,3.84,1.2,1,1,1,3,0.41670797363925083,0.24664846262676482,1.8006844520568848,0.3133251667022705
500,3.6,3.84,1.2,1,1,1,4,0.4376336190272083,0.364950625798175,1.8521685600280762,0.34768009185791016
500,3.6,3.84,1.2,1,1,1,5,0.3931721066801999,0.32960852320255535,1.6952641010284424,0.4409935474395752
500,3.6,3.84,1.2,1,1,1,6,0.4142990648678665,0.27166004728352366,2.0431861877441406,0.2670464515686035
500,3.6,3.84,1.2,1,1,1,7,0.4137245559688922,0.38362476232657955,1.5268852710723877,0.35082364082336426
500,3.6,3.84,1.2,1,1,1,8,0.37242524753085265,0.3021840579648328,1.8098440170288086,0.22508573532104492
500,3.6,3.84,1.2,1,1,1,9,0.3726448852342344,0.3341514983387949,2.272747039794922,0.23823285102844238
500,3.6,3.84,1.2,1,1,1,10,0.4316028320700657,0.2880921925403857,2.2814571857452393,0.3784511089324951
500,3.6,3.84,1.2,1,1,1,11,0.4638126854738109,0.37683689007951704,1.523167610168457,0.2772183418273926
500,3.6,3.84,1.2,1,1,1,12,0.4731469268779542,0.23283360712718817,0.38059139251708984,0.06350874900817871
500,3.6,3.84,1.2,1,1,1,13,0.42187346656396896,0.3041166721084053,0.35320234298706055,0.07492208480834961
500,3.6,3.84,1.2,1,1,1,14,0.3788654280472927,0.3438021190503802,0.32508158683776855,0.06800508499145508
500,3.6,3.84,1.2,1,1,1,15,0.3970740184874717,0.3695163996446795,0.3446941375732422,0.0649864673614502
500,3.6,3.84,1.2,1,1,1,16,0.48885259679328835,0.3038413906895074,0.6912381649017334,0.12493896484375
500,3.6,3.84,1.2,1,1,1,17,0.4718645081526307,0.3175510632423666,0.4892148971557617,0.12505197525024414
500,3.6,3.84,1.2,1,1,1,18,0.4132273838414079,0.27762847982879324,0.5517208576202393,0.12149834632873535
500,3.6,3.84,1.2,1,1,1,19,0.3862324789356179,0.37457363516901326,0.5765557289123535,0.09151911735534668
500,3.6,3.84,1.2,1,1,1,20,0.4470496455928226,0.2714088543571028,0.5072965621948242,0.09706306457519531
500,3.6,3.84,1.2,1,1,1,21,0.3677883691036231,0.3412374769903233,0.6940710544586182,0.15904736518859863
500,3.6,3.84,1.2,1,1,1,22,0.4071560608850163,0.31740081737378184,0.8064310550689697,0.13652253150939941
500,3.6,3.84,1.2,1,1,1,23,0.3940952361749102,0.2323421940014217,0.5602478981018066,0.09859728813171387
500,3.6,3.84,1.2,1,1,1,24,0.3742570486409439,0.27791836874415127,0.49680233001708984,0.09157299995422363
500,3.8000000000000003,3.84,1.2,1,1,1,0,0.38630616447200117,0.29984998479539626,0.511338472366333,0.08801770210266113
500,3.8000000000000003,3.84,1.2,1,1,1,1,0.4700533275779355,0.31246421203016467,0.5720236301422119,0.11108160018920898
500,3.8000000000000003,3.84,1.2,1,1,1,2,0.4282772583031207,0.3090092145670703,0.6515259742736816,0.11253142356872559
500,3.8000000000000003,3.84,1.2,1,1,1,3,0.45293092663260104,0.30355011783876257,0.541919469833374,0.10542154312133789
500,3.8000000000000003,3.84,1.2,1,1,1,4,0.4318726924499371,0.3641747347858833,0.5155923366546631,0.09052228927612305
500,3.8000000000000003,3.84,1.2,1,1,1,5,0.44999464359508945,0.3143180695925904,0.5986599922180176,0.1074988842010498
500,3.8000000000000003,3.84,1.2,1,1,1,6,0.4022305682324914,0.30382348038681806,0.5197591781616211,0.08752012252807617
500,3.8000000000000003,3.84,1.2,1,1,1,7,0.47434318235371775,0.29130202870752425,0.738135814666748,0.12807464599609375
500,3.8000000000000003,3.84,1.2,1,1,1,8,0.40194684216417287,0.36281980859565854,0.5143330097198486,0.09987401962280273
500,3.8000000000000003,3.84,1.2,1,1,1,9,0.422749617246175,0.326722349019761,0.565575122833252,0.09824991226196289
500,3.8000000000000003,3.84,1.2,1,1,1,10,0.4150845237197445,0.36387575708262354,0.5159809589385986,0.11052131652832031
500,3.8000000000000003,3.84,1.2,1,1,1,11,0.45658251625590246,0.35097719296318824,0.6319785118103027,0.10127854347229004
500,3.8000000000000003,3.84,1.2,1,1,1,12,0.419290276538648,0.3342854081045958,0.7109565734863281,0.13152289390563965
500,3.8000000000000003,3.84,1.2,1,1,1,13,0.4380276315928904,0.3268165602079714,0.6287276744842529,0.09952163696289062
500,3.8000000000000003,3.84,1.2,1,1,1,14,0.38293459186191264,0.27376263889596986,0.6161987781524658,0.10565018653869629
500,3.8000000000000003,3.84,1.2,1,1,1,15,0.4403506108277897,0.3216954790420196,0.653050422668457,0.09803581237792969
500,3.8000000000000003,3.84,1.2,1,1,1,16,0.4425771518053345,0.29766595964208803,1.005136489868164,0.10004782676696777
500,3.8000000000000003,3.84,1.2,1,1,1,17,0.46037210003622325,0.33786120776746587,0.8365299701690674,0.14514732360839844
500,3.8000000000000003,3.84,1.2,1,1,1,18,0.4283539575070579,0.2850120224167511,0.6311826705932617,0.10112953186035156
500,3.8000000000000003,3.84,1.2,1,1,1,19,0.4491030929872891,0.26626152411021514,0.6041600704193115,0.10253715515136719
500,3.8000000000000003,3.84,1.2,1,1,1,20,0.5164359460579411,0.3116412896845136,0.7250471115112305,0.10505557060241699
500,3.8000000000000003,3.84,1.2,1,1,1,21,0.49747563909679565,0.2774378137952713,0.7334415912628174,0.08140420913696289
500,3.8000000000000003,3.84,1.2,1,1,1,22,0.472953565307872,0.333261349299385,0.7003219127655029,0.14624357223510742
500,3.8000000000000003,3.84,1.2,1,1,1,23,0.3759869371601098,0.31878251740868824,0.6306583881378174,0.10605621337890625
500,3.8000000000000003,3.84,1.2,1,1,1,24,0.42538051908866087,0.3134456454456047,0.866051435470581,0.10207819938659668
500,4.0,3.84,1.2,1,1,1,0,0.5494825232015111,0.3646373261260966,0.5583071708679199,0.10256028175354004
500,4.0,3.84,1.2,1,1,1,1,0.4617444981651202,0.3994015240061229,0.6391088962554932,0.10457634925842285
500,4.0,3.84,1.2,1,1,1,2,0.4966156801867227,0.2844312016756116,0.7637324333190918,0.12043476104736328
500,4.0,3.84,1.2,1,1,1,3,0.41906711059486873,0.3437293560453821,0.6880912780761719,0.15113520622253418
500,4.0,3.84,1.2,1,1,1,4,0.4495208989928228,0.3436890265294409,0.6856486797332764,0.1414034366607666
500,4.0,3.84,1.2,1,1,1,5,0.4881546139013986,0.32008422563185074,0.7066810131072998,0.1084129810333252
500,4.0,3.84,1.2,1,1,1,6,0.5413284364817628,0.3780172669074851,0.5431349277496338,0.11042237281799316
500,4.0,3.84,1.2,1,1,1,7,0.4294736256633853,0.2859965251791792,0.9212648868560791,0.10532474517822266
500,4.0,3.84,1.2,1,1,1,8,0.5211450497353634,0.36588749912037805,0.69645094871521,0.10923242568969727
500,4.0,3.84,1.2,1,1,1,9,0.4674224829728891,0.280982345429174,0.9053323268890381,0.17324018478393555
500,4.0,3.84,1.2,1,1,1,10,0.6160726567342365,0.2697491448259075,0.6048717498779297,0.10553503036499023
500,4.0,3.84,1.2,1,1,1,11,0.47537808757403616,0.38641577833443996,0.6578731536865234,0.14655852317810059
500,4.0,3.84,1.2,1,1,1,12,0.4419615567327981,0.26785100772390324,0.8148438930511475,0.149522066116333
500,4.0,3.84,1.2,1,1,1,13,0.4662698506819352,0.39678646791274413,0.591219425201416,0.11502218246459961
500,4.0,3.84,1.2,1,1,1,14,0.45554165722189766,0.37609903517038185,0.5763497352600098,0.11094403266906738
500,4.0,3.84,1.2,1,1,1,15,0.42127368090081535,0.3633395311450792,0.7156524658203125,0.10875296592712402
500,4.0,3.84,1.2,1,1,1,16,0.4618640771933852,0.2940714437353688,0.6656684875488281,0.10851049423217773
500,4.0,3.84,1.2,1,1,1,17,0.4404999553433982,0.32441210970477696,0.9072308540344238,0.12732648849487305
500,4.0,3.84,1.2,1,1,1,18,0.492940907509224,0.38786184521580147,0.6877844333648682,0.10350584983825684
500,4.0,3.84,1.2,1,1,1,19,0.5000950851968379,0.2914597167847598,0.5830082893371582,0.10552239418029785
500,4.0,3.84,1.2,1,1,1,20,0.46233324351302696,0.3033983439054229,0.7465095520019531,0.1443626880645752
500,4.0,3.84,1.2,1,1,1,21,0.430473967721972,0.3052801501805414,0.7782266139984131,0.1550893783569336
500,4.0,3.84,1.2,1,1,1,22,0.4783462704160397,0.39043734113533685,0.5801875591278076,0.07877111434936523
500,4.0,3.84,1.2,1,1,1,23,0.47881103783390444,0.2983845997518994,0.7570693492889404,0.10650897026062012
500,4.0,3.84,1.2,1,1,1,24,0.5222630656848318,0.32354153009291187,0.5908334255218506,0.09677863121032715
500,4.2,3.84,1.2,1,1,1,0,0.44264200553945643,0.35829913921062834,0.8499135971069336,0.10430908203125
500,4.2,3.84,1.2,1,1,1,1,0.47092184173881363,0.3429681913277768,0.7256767749786377,0.16678166389465332
500,4.2,3.84,1.2,1,1,1,2,0.4381580558896473,0.38336538880829973,0.7723679542541504,0.10160326957702637
500,4.2,3.84,1.2,1,1,1,3,0.49330307145622104,0.3049812615835466,0.7205779552459717,0.10062074661254883
500,4.2,3.84,1.2,1,1,1,4,0.47419744845911194,0.3433216685649206,0.770909309387207,0.1036531925201416
500,4.2,3.84,1.2,1,1,1,5,0.4871542201210331,0.32233585154707006,0.7132396697998047,0.07826662063598633
500,4.2,3.84,1.2,1,1,1,6,0.4357172608958885,0.44358208465735643,0.7646937370300293,0.09721493721008301
500,4.2,3.84,1.2,1,1,1,7,0.5393802402761843,0.32008801885387084,0.5603711605072021,0.11014723777770996
500,4.2,3.84,1.2,1,1,1,8,0.48828618256138095,0.3813124532678957,0.6730079650878906,0.11051273345947266
500,4.2,3.84,1.2,1,1,1,9,0.5025976475288771,0.32806972321516914,0.7038683891296387,0.09804391860961914
500,4.2,3.84,1.2,1,1,1,10,0.465868771533464,0.4099574689892222,0.5712752342224121,0.10748648643493652
500,4.2,3.84,1.2,1,1,1,11,0.5213881222659562,0.4275761155666126,0.6860008239746094,0.1951918601989746
500,4.2,3.84,1.2,1,1,1,12,0.5397167692168009,0.3323946368620351,0.593510627746582,0.10831713676452637
500,4.2,3.84,1.2,1,1,1,13,0.48008245281360207,0.31856323456328045,0.6631133556365967,0.16130876541137695
500,4.2,3.84,1.2,1,1,1,14,0.5898141716854359,0.3234769558234399,0.6894235610961914,0.08273577690124512
500,4.2,3.84,1.2,1,1,1,15,0.4438584950890085,0.34042856374340347,0.5768718719482422,0.10321736335754395
500,4.2,3.84,1.2,1,1,1,16,0.47194097223676834,0.33300288902974573,0.6100544929504395,0.13657212257385254
500,4.2,3.84,1.2,1,1,1,17,0.49457167810972735,0.36676442208409865,0.6620652675628662,0.07432055473327637
500,4.2,3.84,1.2,1,1,1,18,0.4612491588011768,0.4069225661533207,0.5986902713775635,0.15123391151428223
500,4.2,3.84,1.2,1,1,1,19,0.4686620024988009,0.2962872596158421,0.7496306896209717,0.10218286514282227
500,4.2,3.84,1.2,1,1,1,20,0.442886454447353,0.3419613231674993,0.622584342956543,0.09888434410095215
500,4.2,3.84,1.2,1,1,1,21,0.584434102626332,0.3685945850657893,0.6809189319610596,0.11831116676330566
500,4.2,3.84,1.2,1,1,1,22,0.5398030805562845,0.2935226336104114,0.660120964050293,0.110076904296875
500,4.2,3.84,1.2,1,1,1,23,0.5398903831939502,0.3498446524686773,0.6023235321044922,0.11717462539672852
500,4.2,3.84,1.2,1,1,1,24,0.5141284770616399,0.4537245142933389,0.7380118370056152,0.1093904972076416
500,4.4,3.84,1.2,1,1,1,0,0.4252178323610583,0.34328880706044484,0.7477338314056396,0.0748748779296875
500,4.4,3.84,1.2,1,1,1,1,0.5289938506994731,0.3830857553995772,0.8723800182342529,0.09417223930358887
500,4.4,3.84,1.2,1,1,1,2,0.4950395509585264,0.31471539924264197,0.7944166660308838,0.21622729301452637
500,4.4,3.84,1.2,1,1,1,3,0.5110083004090951,0.32875965604155094,0.6292860507965088,0.10201716423034668
500,4.4,3.84,1.2,1,1,1,4,0.5372917089495858,0.35328470545348784,0.7375388145446777,0.11176395416259766
500,4.4,3.84,1.2,1,1,1,5,0.45827968261079605,0.3839475401413133,0.625293493270874,0.10919761657714844
500,4.4,3.84,1.2,1,1,1,6,0.50876799612796,0.38185398589598407,0.7530934810638428,0.09763455390930176
500,4.4,3.84,1.2,1,1,1,7,0.4561550080103182,0.36827649493000153,0.5785746574401855,0.12360477447509766
500,4.4,3.84,1.2,1,1,1,8,0.48774350575886366,0.2956849442947255,0.6463403701782227,0.10927391052246094
500,4.4,3.84,1.2,1,1,1,9,0.5382526001555962,0.4161340167753027,0.7013263702392578,0.13856196403503418
500,4.4,3.84,1.2,1,1,1,10,0.5032967502755024,0.40054713188681973,0.6688344478607178,0.10313749313354492
500,4.4,3.84,1.2,1,1,1,11,0.5077129898449103,0.40411663110693136,0.6831095218658447,0.1223611831665039
500,4.4,3.84,1.2,1,1,1,12,0.46220583687397987,0.49115154077512796,0.7304155826568604,0.12132835388183594
500,4.4,3.84,1.2,1,1,1,13,0.5004203687446552,0.4142200107390375,0.7068667411804199,0.10560870170593262
500,4.4,3.84,1.2,1,1,1,14,0.45553247282403414,0.36350532637223537,0.6690483093261719,0.09747028350830078
500,4.4,3.84,1.2,1,1,1,15,0.503459127249152,0.4467766497385704,0.6388466358184814,0.1400597095489502
500,4.4,3.84,1.2,1,1,1,16,0.5088196165285974,0.3709611250058594,0.7454588413238525,0.13879084587097168
500,4.4,3.84,1.2,1,1,1,17,0.7964323874675815,0.34615935391317904,0.6696348190307617,0.10365867614746094
500,4.4,3.84,1.2,1,1,1,18,0.4541601825507202,0.3427842310965826,0.7034037113189697,0.11680078506469727
500,4.4,3.84,1.2,1,1,1,19,0.5174270147681066,0.34798145264436764,0.6105289459228516,0.10175275802612305
500,4.4,3.84,1.2,1,1,1,20,0.5436656712105917,0.30820818335009437,1.0068647861480713,0.10692620277404785
500,4.4,3.84,1.2,1,1,1,21,0.4616088934017352,0.324723800809565,0.6372387409210205,0.13879704475402832
500,4.4,3.84,1.2,1,1,1,22,0.5488273881601329,0.3374103254453924,0.7781569957733154,0.08845019340515137
500,4.4,3.84,1.2,1,1,1,23,0.5119946025276304,0.42062517644810593,0.6940329074859619,0.11044526100158691
500,4.4,3.84,1.2,1,1,1,24,0.5361058783620715,0.45902496644289675,0.6835315227508545,0.10707998275756836
500,4.6000000000000005,3.84,1.2,1,1,1,0,0.6537298661603248,0.3584558976272355,0.6185564994812012,0.1018059253692627
500,4.6000000000000005,3.84,1.2,1,1,1,1,0.5648621228096488,0.37846976317706943,0.5928847789764404,0.11441826820373535
500,4.6000000000000005,3.84,1.2,1,1,1,2,0.5565415552514468,0.42226536958287947,0.8972337245941162,0.09960532188415527
500,4.6000000000000005,3.84,1.2,1,1,1,3,0.5648366395814539,0.33645887500220917,0.537738561630249,0.1004033088684082
500,4.6000000000000005,3.84,1.2,1,1,1,4,0.5035455791043996,0.36849041635071933,0.6882755756378174,0.10135388374328613
500,4.6000000000000005,3.84,1.2,1,1,1,5,0.5012692148684679,0.32678041638027405,0.8123743534088135,0.08208036422729492
500,4.6000000000000005,3.84,1.2,1,1,1,6,0.6491933098131536,0.4205725498930375,0.8947575092315674,0.12196707725524902
500,4.6000000000000005,3.84,1.2,1,1,1,7,0.6696597470093901,0.3019552068219842,0.5261526107788086,0.08551478385925293
500,4.6000000000000005,3.84,1.2,1,1,1,8,0.567306874601381,0.353183605545956,0.5136308670043945,0.0935056209564209
500,4.6000000000000005,3.84,1.2,1,1,1,9,0.5109752405398411,0.3404577344165377,0.6878836154937744,0.17554283142089844
500,4.6000000000000005,3.84,1.2,1,1,1,10,0.536180311576277,0.39256515936942094,0.5295455455780029,0.09504485130310059
500,4.6000000000000005,3.84,1.2,1,1,1,11,0.5347484017990696,0.40244608214681254,0.5902442932128906,0.15111827850341797
500,4.6000000000000005,3.84,1.2,1,1,1,12,0.5005784534708336,0.4025755463459361,0.7226548194885254,0.13747906684875488
500,4.6000000000000005,3.84,1.2,1,1,1,13,0.6274701544505644,0.411432788077252,0.4893317222595215,0.099945068359375
500,4.6000000000000005,3.84,1.2,1,1,1,14,0.518380914415472,0.2922046666225989,0.8111019134521484,0.1493847370147705
500,4.6000000000000005,3.84,1.2,1,1,1,15,0.5696191615639801,0.5267478433158173,0.5560433864593506,0.10905170440673828
500,4.6000000000000005,3.84,1.2,1,1,1,16,0.5829058783945789,0.3809918654835967,0.6492569446563721,0.16016173362731934
500,4.6000000000000005,3.84,1.2,1,1,1,17,0.49355744798786744,0.3859604646314765,0.6977593898773193,0.14909911155700684
500,4.6000000000000005,3.84,1.2,1,1,1,18,0.5162019028285374,0.36702652541051595,0.5680816173553467,0.10650491714477539
500,4.6000000000000005,3.84,1.2,1,1,1,19,0.5971010945518845,0.3774256858556988,0.606513261795044,0.10552000999450684
500,4.6000000000000005,3.84,1.2,1,1,1,20,0.46804919819371216,0.395366567459873,0.6433722972869873,0.13054251670837402
500,4.6000000000000005,3.84,1.2,1,1,1,21,0.5376245704098567,0.34940853811467315,0.5802123546600342,0.1025686264038086
500,4.6000000000000005,3.84,1.2,1,1,1,22,0.4593803349202922,0.3754942495459644,0.6541094779968262,0.1475238800048828
500,4.6000000000000005,3.84,1.2,1,1,1,23,0.5256347210566554,0.3334413468410842,0.5057373046875,0.11350321769714355
500,4.6000000000000005,3.84,1.2,1,1,1,24,0.4601664204508639,0.48161373849641054,0.5712015628814697,0.09650564193725586
500,4.800000000000001,3.84,1.2,1,1,1,0,0.5846364702761062,0.33008301020390823,0.5706853866577148,0.0895075798034668
500,4.800000000000001,3.84,1.2,1,1,1,1,0.5016474620671141,0.39536025915021894,0.8433024883270264,0.13707351684570312
500,4.800000000000001,3.84,1.2,1,1,1,2,0.7074787678577201,0.3523267646956207,0.7501413822174072,0.16491985321044922
500,4.800000000000001,3.84,1.2,1,1,1,3,0.5626226473785128,0.3330767897954879,0.7750165462493896,0.1551351547241211
500,4.800000000000001,3.84,1.2,1,1,1,4,0.5481266383611444,0.35631546013293164,0.7026677131652832,0.09378170967102051
500,4.800000000000001,3.84,1.2,1,1,1,5,0.50592604020516,0.36565309887179,0.6046912670135498,0.10924625396728516
500,4.800000000000001,3.84,1.2,1,1,1,6,0.6111024991876723,0.34979286363251844,0.7198760509490967,0.12363934516906738
500,4.800000000000001,3.84,1.2,1,1,1,7,0.6560233098374444,0.3337123855259823,0.5519354343414307,0.13789892196655273
500,4.800000000000001,3.84,1.2,1,1,1,8,0.554472873350396,0.3315713151227449,0.7340695858001709,0.1221015453338623
500,4.800000000000001,3.84,1.2,1,1,1,9,0.5316626927867285,0.4552664390082053,0.6512346267700195,0.11809897422790527
500,4.800000000000001,3.84,1.2,1,1,1,10,0.5304119148103402,0.3379859088825134,0.5221192836761475,0.1000678539276123
500,4.800000000000001,3.84,1.2,1,1,1,11,0.5597128456450758,0.32118137293687454,0.7484889030456543,0.1401042938232422
500,4.800000000000001,3.84,1.2,1,1,1,12,0.5263023204272363,0.34280659980360045,0.6696157455444336,0.09690332412719727
500,4.800000000000001,3.84,1.2,1,1,1,13,0.5419704559330322,0.3824978978285093,0.7366201877593994,0.11061811447143555
500,4.800000000000001,3.84,1.2,1,1,1,14,0.5278647099524604,0.4039327225120913,0.6363785266876221,0.1268599033355713
500,4.800000000000001,3.84,1.2,1,1,1,15,0.5194196526296072,0.5085335684220433,0.6439845561981201,0.11801695823669434
500,4.800000000000001,3.84,1.2,1,1,1,16,0.4892170800839192,0.3760026568465448,0.7731080055236816,0.1651475429534912
500,4.800000000000001,3.84,1.2,1,1,1,17,0.5333880819384601,0.4354756827367009,0.5109760761260986,0.09151053428649902
500,4.800000000000001,3.84,1.2,1,1,1,18,0.5672760245017675,0.33204394951103317,0.6658387184143066,0.08993744850158691
500,4.800000000000001,3.84,1.2,1,1,1,19,0.590136765442144,0.4376889474112879,0.5387310981750488,0.09914207458496094
500,4.800000000000001,3.84,1.2,1,1,1,20,0.5094432660628778,0.3395228396273728,0.6425144672393799,0.13154268264770508
500,4.800000000000001,3.84,1.2,1,1,1,21,0.6819980046306314,0.4478070284421517,0.7195346355438232,0.175246000289917
500,4.800000000000001,3.84,1.2,1,1,1,22,0.5124204666084128,0.3706855318104528,0.7212522029876709,0.09251976013183594
500,4.800000000000001,3.84,1.2,1,1,1,23,0.5272293266675772,0.5163327054008304,0.5904834270477295,0.09619688987731934
500,4.800000000000001,3.84,1.2,1,1,1,24,0.5643916704657798,0.31579932526437043,0.5887722969055176,0.12461233139038086
500,5.0,3.84,1.2,1,1,1,0,0.6336734724362242,0.44796642453448404,0.995314359664917,0.16439056396484375
500,5.0,3.84,1.2,1,1,1,1,0.6164415686220193,0.3766482989502214,0.6531033515930176,0.08816742897033691
500,5.0,3.84,1.2,1,1,1,2,0.6269580479651389,0.37904925783642685,0.5400540828704834,0.10270333290100098
500,5.0,3.84,1.2,1,1,1,3,0.7484594587293868,0.3964134129136192,0.540076732635498,0.12140202522277832
500,5.0,3.84,1.2,1,1,1,4,0.5855867053569306,0.4335177036057284,0.6057484149932861,0.11463308334350586
500,5.0,3.84,1.2,1,1,1,5,0.6068769170277871,0.4187670084487298,0.7235193252563477,0.1625070571899414
500,5.0,3.84,1.2,1,1,1,6,0.549815324740314,0.34354094436567634,0.5483582019805908,0.08772516250610352
500,5.0,3.84,1.2,1,1,1,7,0.5803785539283162,0.46899055404315343,0.5108652114868164,0.10410046577453613
500,5.0,3.84,1.2,1,1,1,8,0.5941586913581071,0.38231543648732447,0.5342855453491211,0.11562705039978027
500,5.0,3.84,1.2,1,1,1,9,0.592492169961879,0.476143303041298,0.539060115814209,0.10261225700378418
500,5.0,3.84,1.2,1,1,1,10,0.5981189698792309,0.547018665435841,0.6691243648529053,0.12966108322143555
500,5.0,3.84,1.2,1,1,1,11,0.6139555182175227,0.34740491784498334,0.4979259967803955,0.11761355400085449
500,5.0,3.84,1.2,1,1,1,12,0.5781894873107861,0.35470253963776693,0.5152244567871094,0.10657858848571777
500,5.0,3.84,1.2,1,1,1,13,0.5173617068627464,0.4945153925212283,0.5181970596313477,0.10690855979919434
500,5.0,3.84,1.2,1,1,1,14,0.5971088427660712,0.4948747296595238,0.6496174335479736,0.13373708724975586
500,5.0,3.84,1.2,1,1,1,15,0.6305053490480231,0.35206649990235184,0.7081625461578369,0.12891459465026855
500,5.0,3.84,1.2,1,1,1,16,0.5666371702061979,0.4001806352508085,0.6410403251647949,0.09365510940551758
500,5.0,3.84,1.2,1,1,1,17,0.47739675530339554,0.38996490988817606,0.5073425769805908,0.10062885284423828
500,5.0,3.84,1.2,1,1,1,18,0.6035092531118922,0.43854895198809707,0.5006759166717529,0.10557270050048828
500,5.0,3.84,1.2,1,1,1,19,0.5709561389137305,0.41102274862279287,0.45640087127685547,0.09098100662231445
500,5.0,3.84,1.2,1,1,1,20,0.5574292369155681,0.5849388266704824,0.5192427635192871,0.09747910499572754
500,5.0,3.84,1.2,1,1,1,21,0.6889037786118277,0.3562162369126546,0.643460750579834,0.13714122772216797
500,5.0,3.84,1.2,1,1,1,22,0.5652705145186757,0.3800311004719327,0.5208289623260498,0.08909010887145996
500,5.0,3.84,1.2,1,1,1,23,0.5158323575203204,0.4555450288353848,0.5055480003356934,0.09706640243530273
500,5.0,3.84,1.2,1,1,1,24,0.6214914860251002,0.3781647273815986,0.5416238307952881,0.08848381042480469
500,5.2,3.84,1.2,1,1,1,0,0.5343446491956532,0.49834554915811086,0.5167677402496338,0.10602426528930664
500,5.2,3.84,1.2,1,1,1,1,0.5431062783412545,0.40962676116737123,0.5161116123199463,0.11370563507080078
500,5.2,3.84,1.2,1,1,1,2,0.613885097536074,0.39059125573393033,0.6866269111633301,0.1401982307434082
500,5.2,3.84,1.2,1,1,1,3,0.586174409259069,0.5993543736774822,0.5531303882598877,0.09698653221130371
500,5.2,3.84,1.2,1,1,1,4,0.6392464967448143,0.36880893968134293,0.5197720527648926,0.09842205047607422
500,5.2,3.84,1.2,1,1,1,5,0.6410945544656039,0.5040998434368469,0.49863386154174805,0.1051023006439209
500,5.2,3.84,1.2,1,1,1,6,0.6783631789083432,0.4167321771154027,0.49099040031433105,0.09029412269592285
500,5.2,3.84,1.2,1,1,1,7,0.6555668829697976,0.44752768840317675,0.6401255130767822,0.12229347229003906
500,5.2,3.84,1.2,1,1,1,8,0.6346598910066096,0.42733537819589046,0.5592842102050781,0.09101653099060059
500,5.2,3.84,1.2,1,1,1,9,0.6744995101199001,0.49239313803656076,0.5527679920196533,0.11043572425842285
500,5.2,3.84,1.2,1,1,1,10,0.5406666064552443,0.4620576859650537,0.5906987190246582,0.1178903579711914
500,5.2,3.84,1.2,1,1,1,11,0.6487760345944057,0.4390483271590331,0.4676549434661865,0.10299348831176758
500,5.2,3.84,1.2,1,1,1,12,0.5572362107196142,0.45362246660157424,0.5365514755249023,0.11534357070922852
500,5.2,3.84,1.2,1,1,1,13,0.6215819232010145,0.38791372980422795,0.6559460163116455,0.11043453216552734
500,5.2,3.84,1.2,1,1,1,14,0.7099138406556368,0.539003768045443,0.5364367961883545,0.09811925888061523
500,5.2,3.84,1.2,1,1,1,15,0.5783465336075208,0.4408530705009249,0.5801641941070557,0.08906292915344238
500,5.2,3.84,1.2,1,1,1,16,0.6302141503219638,0.36404075422513693,0.48752284049987793,0.08643889427185059
500,5.2,3.84,1.2,1,1,1,17,0.6015139226574974,0.5139634433475598,0.5089936256408691,0.0934293270111084
500,5.2,3.84,1.2,1,1,1,18,0.5608973175592334,0.5569006151424154,0.6455268859863281,0.11674690246582031
500,5.2,3.84,1.2,1,1,1,19,0.6086876669204724,0.4559780558447005,0.5841259956359863,0.09897708892822266
500,5.2,3.84,1.2,1,1,1,20,0.6568276429605213,0.4409707425544037,0.5462603569030762,0.09623050689697266
500,5.2,3.84,1.2,1,1,1,21,0.6578198406112953,0.45553161550837257,0.49568843841552734,0.0924367904663086
500,5.2,3.84,1.2,1,1,1,22,0.6150562418075637,0.4528866364125193,0.48296380043029785,0.0945284366607666
500,5.2,3.84,1.2,1,1,1,23,0.5898627361414993,0.4254531014890743,0.46762585639953613,0.08779525756835938
500,5.2,3.84,1.2,1,1,1,24,0.5751918844026074,0.509822932807,0.5716409683227539,0.10277819633483887
500,5.4,3.84,1.2,1,1,1,0,0.6525831166701974,0.44030471224537104,0.4531733989715576,0.08875870704650879
500,5.4,3.84,1.2,1,1,1,1,0.6274614340747928,0.46264379100302966,0.45964956283569336,0.08240032196044922
500,5.4,3.84,1.2,1,1,1,2,0.5866720829950582,0.3821082437946144,0.4495415687561035,0.08552980422973633
500,5.4,3.84,1.2,1,1,1,3,0.8574030215592208,0.43396514182546975,0.5284883975982666,0.10711336135864258
500,5.4,3.84,1.2,1,1,1,4,0.58399669317368,0.38482523600985297,0.4334840774536133,0.0791165828704834
500,5.4,3.84,1.2,1,1,1,5,0.6979355914973661,0.46786044726708453,0.5341439247131348,0.1032876968383789
500,5.4,3.84,1.2,1,1,1,6,0.7679431466532414,0.48079627473271175,0.5019421577453613,0.10894107818603516
500,5.4,3.84,1.2,1,1,1,7,0.6230251593670599,0.5170448266191825,0.5172140598297119,0.10147666931152344
500,5.4,3.84,1.2,1,1,1,8,0.7082002447671237,0.4898550518830137,0.467667818069458,0.08283829689025879
500,5.4,3.84,1.2,1,1,1,9,0.6628374138341658,0.3843505384078823,0.4252464771270752,0.08141231536865234
500,5.4,3.84,1.2,1,1,1,10,0.6770472580254159,0.4603712852406522,0.41777467727661133,0.07798576354980469
500,5.4,3.84,1.2,1,1,1,11,0.6294330999289742,0.4953241821598168,0.5345702171325684,0.09877586364746094
500,5.4,3.84,1.2,1,1,1,12,0.6809630708940411,0.39747728701267876,0.4440441131591797,0.07895755767822266
500,5.4,3.84,1.2,1,1,1,13,0.6374445092411637,0.363527959981066,0.4419431686401367,0.08252930641174316
500,5.4,3.84,1.2,1,1,1,14,0.635975582832848,0.5478456452175821,0.464754581451416,0.08738827705383301
500,5.4,3.84,1.2,1,1,1,15,0.6279723314888069,0.4210333097588494,0.48334217071533203,0.09111237525939941
500,5.4,3.84,1.2,1,1,1,16,0.7738348340580301,0.44229367754344967,0.46360206604003906,0.08518028259277344
500,5.4,3.84,1.2,1,1,1,17,0.6424506687740119,0.36040899814871424,0.464658260345459,0.09817647933959961
500,5.4,3.84,1.2,1,1,1,18,0.6797334327057114,0.6135445096893538,0.5790305137634277,0.10686326026916504
500,5.4,3.84,1.2,1,1,1,19,0.6055313897297576,0.3747294976692935,0.43194103240966797,0.08379554748535156
500,5.4,3.84,1.2,1,1,1,20,0.687730830367281,0.3367439066409661,0.43272900581359863,0.07946109771728516
500,5.4,3.84,1.2,1,1,1,21,0.6084575231678288,0.40763674770414926,0.4452841281890869,0.09051299095153809
500,5.4,3.84,1.2,1,1,1,22,0.6428072084443327,0.44789638099084383,0.45336031913757324,0.07962441444396973
500,5.4,3.84,1.2,1,1,1,23,0.6884305143144764,0.5711356708006659,0.47286438941955566,0.08252072334289551
500,5.4,3.84,1.2,1,1,1,24,0.6260233479043325,0.3529412232832023,0.6050798892974854,0.09821462631225586
500,5.6000000000000005,3.84,1.2,1,1,1,0,0.6217583063943782,0.3975262119535176,0.47618722915649414,0.09496784210205078
500,5.6000000000000005,3.84,1.2,1,1,1,1,0.6048390488337844,0.5634596681521568,0.47285890579223633,0.08639049530029297
500,5.6000000000000005,3.84,1.2,1,1,1,2,0.5989000092034078,0.4062237659496392,0.46491456031799316,0.08761239051818848
500,5.6000000000000005,3.84,1.2,1,1,1,3,0.5647590464091229,0.4256572886255395,0.492079496383667,0.09131073951721191
500,5.6000000000000005,3.84,1.2,1,1,1,4,0.6699959856835285,0.46592801541633155,0.478701114654541,0.09714436531066895
500,5.6000000000000005,3.84,1.2,1,1,1,5,0.6457493948671829,0.4317874030571138,0.6900029182434082,0.1298074722290039
500,5.6000000000000005,3.84,1.2,1,1,1,6,0.6429806079639528,0.5175723092027216,0.708869218826294,0.12498593330383301
500,5.6000000000000005,3.84,1.2,1,1,1,7,0.6379706000420311,0.4728223048833426,0.5136783123016357,0.09596967697143555
500,5.6000000000000005,3.84,1.2,1,1,1,8,0.7336760185623581,0.5734565231351348,0.5108504295349121,0.09264278411865234
500,5.6000000000000005,3.84,1.2,1,1,1,9,0.639724458649803,0.40319615839843465,0.5019538402557373,0.08938336372375488
500,5.6000000000000005,3.84,1.2,1,1,1,10,0.6204698360479721,0.4318528780835922,0.5043127536773682,0.10186457633972168
500,5.6000000000000005,3.84,1.2,1,1,1,11,0.7888228203966091,0.5062442929291501,0.6359410285949707,0.16178393363952637
500,5.6000000000000005,3.84,1.2,1,1,1,12,0.566257340092803,0.5006008819984407,0.5515305995941162,0.09178900718688965
500,5.6000000000000005,3.84,1.2,1,1,1,13,0.7306554143086748,0.5294115011181424,0.5359594821929932,0.10563206672668457
500,5.6000000000000005,3.84,1.2,1,1,1,14,0.6227276566000859,0.43851458697649554,0.5168085098266602,0.1010594367980957
500,5.6000000000000005,3.84,1.2,1,1,1,15,0.6728919126324602,0.47065597702052225,0.5032553672790527,0.09448814392089844
500,5.6000000000000005,3.84,1.2,1,1,1,16,0.6300810587587785,0.3966953538509128,0.6087286472320557,0.13757920265197754
500,5.6000000000000005,3.84,1.2,1,1,1,17,0.6256277968037337,0.4354018688793579,0.5752880573272705,0.08560299873352051
500,5.6000000000000005,3.84,1.2,1,1,1,18,0.5919904263323466,0.5423684118286095,0.5312612056732178,0.10670280456542969
500,5.6000000000000005,3.84,1.2,1,1,1,19,0.7012782746522258,0.3792287766370789,0.5485098361968994,0.1126093864440918
500,5.6000000000000005,3.84,1.2,1,1,1,20,0.6055829530964044,0.45675680260784973,0.5034270286560059,0.09643769264221191
500,5.6000000000000005,3.84,1.2,1,1,1,21,0.5977693239277292,0.38271438773566435,0.49780869483947754,0.09811639785766602
500,5.6000000000000005,3.84,1.2,1,1,1,22,0.8064387520761287,0.3997795820054251,0.5636100769042969,0.12551045417785645
500,5.6000000000000005,3.84,1.2,1,1,1,23,0.6393731560866349,0.4096848434171319,0.5665342807769775,0.10456085205078125
500,5.6000000000000005,3.84,1.2,1,1,1,24,0.7454369238749159,0.38713774305702076,0.5266025066375732,0.09763264656066895
500,5.800000000000001,3.84,1.2,1,1,1,0,0.6649392393423521,0.541722040201581,0.5121958255767822,0.1057891845703125
500,5.800000000000001,3.84,1.2,1,1,1,1,0.7143963640934596,0.42699954639687715,0.6290409564971924,0.11854076385498047
500,5.800000000000001,3.84,1.2,1,1,1,2,0.705229780509066,0.5937008283004926,0.6485538482666016,0.11869549751281738
500,5.800000000000001,3.84,1.2,1,1,1,3,0.6708119621185492,0.4316308849368554,0.5293033123016357,0.09464883804321289
500,5.800000000000001,3.84,1.2,1,1,1,4,0.7241412056438492,0.626762379040016,0.5074276924133301,0.09335064888000488
500,5.800000000000001,3.84,1.2,1,1,1,5,0.6721146937890029,0.5397918515139382,0.5090909004211426,0.10365176200866699
500,5.800000000000001,3.84,1.2,1,1,1,6,0.6689237121658632,0.39003144771408904,0.4967024326324463,0.09656190872192383
500,5.800000000000001,3.84,1.2,1,1,1,7,0.7223030429197159,0.4291034511863192,0.4779543876647949,0.09205985069274902
500,5.800000000000001,3.84,1.2,1,1,1,8,0.7628190303601226,0.4566102749256109,0.5908558368682861,0.10351061820983887
500,5.800000000000001,3.84,1.2,1,1,1,9,0.6342191306605182,0.5082042808836811,0.47389936447143555,0.09642505645751953
500,5.800000000000001,3.84,1.2,1,1,1,10,0.6453728092289482,0.6976079215012674,0.4710876941680908,0.0963897705078125
500,5.800000000000001,3.84,1.2,1,1,1,11,0.7017491390019491,0.630981070875519,0.43759703636169434,0.08507156372070312
500,5.800000000000001,3.84,1.2,1,1,1,12,0.7100137003714697,0.4409348168082947,0.4464685916900635,0.08315706253051758
500,5.800000000000001,3.84,1.2,1,1,1,13,0.6167344466785992,0.5668023922201204,0.4347679615020752,0.08265376091003418
500,5.800000000000001,3.84,1.2,1,1,1,14,0.6616151919321072,0.504099605381139,0.5527300834655762,0.10737228393554688
500,5.800000000000001,3.84,1.2,1,1,1,15,0.7966754219535449,0.5982680177260358,0.44221973419189453,0.0796804428100586
500,5.800000000000001,3.84,1.2,1,1,1,16,0.6439018060119078,0.4400437898662095,0.46602416038513184,0.08654046058654785
500,5.800000000000001,3.84,1.2,1,1,1,17,0.7122102960427723,0.5874767477920111,0.4761331081390381,0.0840451717376709
500,5.800000000000001,3.84,1.2,1,1,1,18,0.7962306983789484,0.4960945983827957,0.4400146007537842,0.08254027366638184
500,5.800000000000001,3.84,1.2,1,1,1,19,0.7297483850474595,0.40583039507170104,0.40386462211608887,0.0844423770904541
500,5.800000000000001,3.84,1.2,1,1,1,20,0.635260248422738,0.46987820993410934,0.4184703826904297,0.0897207260131836
500,5.800000000000001,3.84,1.2,1,1,1,21,0.6077458746174811,0.4365009545246847,0.5384082794189453,0.1055152416229248
500,5.800000000000001,3.84,1.2,1,1,1,22,0.97928992820928,0.4273659052958317,0.3757596015930176,0.07568836212158203
500,5.800000000000001,3.84,1.2,1,1,1,23,0.6309687362083025,0.5221122661442557,0.38510632514953613,0.07851123809814453
500,5.800000000000001,3.84,1.2,1,1,1,24,0.8224827554190599,0.43347096866181684,0.48610687255859375,0.0827474594116211
500,6.0,3.84,1.2,1,1,1,0,0.6980271927456453,0.5330294934423829,0.3889596462249756,0.0710291862487793
500,6.0,3.84,1.2,1,1,1,1,0.6968884804820877,0.4813588921590994,0.33034753799438477,0.07147502899169922
500,6.0,3.84,1.2,1,1,1,2,0.6596031967579796,0.47789240957690515,0.36222124099731445,0.07850861549377441
500,6.0,3.84,1.2,1,1,1,3,0.7592438943934257,0.4126015688324115,0.4496438503265381,0.08759760856628418
500,6.0,3.84,1.2,1,1,1,4,0.9020114179441778,0.6174983815523761,0.3625807762145996,0.06590509414672852
500,6.0,3.84,1.2,1,1,1,5,0.7204150397813166,0.44980776817850276,0.34356188774108887,0.07576560974121094
500,6.0,3.84,1.2,1,1,1,6,0.6339370753525256,0.44865810501182196,0.34659886360168457,0.06623053550720215
500,6.0,3.84,1.2,1,1,1,7,0.8261845662150124,0.4589320837241945,0.33873510360717773,0.06597304344177246
500,6.0,3.84,1.2,1,1,1,8,0.7123448216876136,0.5094608362738365,0.35431361198425293,0.06342816352844238
500,6.0,3.84,1.2,1,1,1,9,0.747650045666727,0.6056431733452482,0.32271862030029297,0.06545329093933105
500,6.0,3.84,1.2,1,1,1,10,0.6628242061468436,0.4982561049339387,0.3888118267059326,0.0740664005279541
500,6.0,3.84,1.2,1,1,1,11,0.7673302024335469,0.4711536699904939,0.35146594047546387,0.0731043815612793
500,6.0,3.84,1.2,1,1,1,12,0.6481516115121183,0.4335233255050912,0.3998527526855469,0.06799864768981934
500,6.0,3.84,1.2,1,1,1,13,0.6505695326708328,0.3755072666167906,0.3145737648010254,0.06551218032836914
500,6.0,3.84,1.2,1,1,1,14,0.7173383235716709,0.4279824115930938,0.3373584747314453,0.06504583358764648
500,6.0,3.84,1.2,1,1,1,15,0.6994796449597057,0.5018138118020636,0.37805986404418945,0.06361842155456543
500,6.0,3.84,1.2,1,1,1,16,0.7682027182527251,0.4658713416634886,0.35266900062561035,0.08049511909484863
500,6.0,3.84,1.2,1,1,1,17,0.711614454160154,0.5091230152393611,0.3915107250213623,0.07518315315246582
500,6.0,3.84,1.2,1,1,1,18,0.7463273529084439,0.5867908725429416,0.3396797180175781,0.06306600570678711
500,6.0,3.84,1.2,1,1,1,19,0.7152330696053777,0.45762264973054023,0.36320066452026367,0.06398367881774902
500,6.0,3.84,1.2,1,1,1,20,0.7611655979776453,0.5879630338323183,0.33305859565734863,0.08171892166137695
500,6.0,3.84,1.2,1,1,1,21,0.6916467219895828,0.5978810748843087,0.3276939392089844,0.06600046157836914
500,6.0,3.84,1.2,1,1,1,22,0.6795058922652195,0.443637043777283,0.441802978515625,0.08549642562866211
500,6.0,3.84,1.2,1,1,1,23,0.8522736171546268,0.5272650534925074,0.4988884925842285,0.08753275871276855
500,6.0,3.84,1.2,1,1,1,24,0.6853492129249166,0.42021080699060415,0.6260986328125,0.12653088569641113
500,6.2,3.84,1.2,1,1,1,0,0.6604544438961375,0.46439455322128237,0.6507525444030762,0.10453462600708008
500,6.2,3.84,1.2,1,1,1,1,0.8410688503383873,0.49162956424248555,0.665630578994751,0.13552212715148926
500,6.2,3.84,1.2,1,1,1,2,0.6662837955019097,0.43786259107399716,0.5046703815460205,0.1085200309753418
500,6.2,3.84,1.2,1,1,1,3,0.7285418300840704,0.5525489596046161,0.5144839286804199,0.11303400993347168
500,6.2,3.84,1.2,1,1,1,4,0.7336277065476727,0.46769267868595216,0.557999849319458,0.12154293060302734
500,6.2,3.84,1.2,1,1,1,5,0.7597567682274377,0.5283980066409878,0.6707537174224854,0.12055039405822754
500,6.2,3.84,1.2,1,1,1,6,0.8106103049516463,0.4273695598950319,0.5061964988708496,0.10053086280822754
500,6.2,3.84,1.2,1,1,1,7,0.9778742132446856,0.5842108693374103,0.49161291122436523,0.10651850700378418
500,6.2,3.84,1.2,1,1,1,8,0.6937796802393373,0.6324660177313124,0.5217390060424805,0.11119556427001953
500,6.2,3.84,1.2,1,1,1,9,0.6614354463690973,0.4842280160615809,0.5039083957672119,0.10351729393005371
500,6.2,3.84,1.2,1,1,1,10,0.7249583836235474,0.5231175639198635,0.67643141746521,0.11651945114135742
500,6.2,3.84,1.2,1,1,1,11,0.719477483000185,0.4394155829982013,0.5017926692962646,0.10806703567504883
500,6.2,3.84,1.2,1,1,1,12,0.8194584216762202,0.457543483371302,0.5024521350860596,0.10706830024719238
500,6.2,3.84,1.2,1,1,1,13,0.8981026388133444,0.44426904749559676,0.527989387512207,0.10403990745544434
500,6.2,3.84,1.2,1,1,1,14,0.6299593241414293,0.39066695813206315,0.5127592086791992,0.10050082206726074
500,6.2,3.84,1.2,1,1,1,15,0.8300480361536391,0.42259113601830706,0.5237147808074951,0.09603762626647949
500,6.2,3.84,1.2,1,1,1,16,0.879243623090147,0.516158589455736,0.6311607360839844,0.13004684448242188
500,6.2,3.84,1.2,1,1,1,17,0.768018523877012,0.4381459530425189,0.5181553363800049,0.0908365249633789
500,6.2,3.84,1.2,1,1,1,18,0.7278775398292435,0.4666594449555977,0.5374796390533447,0.10049724578857422
500,6.2,3.84,1.2,1,1,1,19,0.6731089198798915,0.5215712585361925,0.524207353591919,0.09925436973571777
500,6.2,3.84,1.2,1,1,1,20,0.6971205724704761,0.405220601247037,0.5217690467834473,0.09730839729309082
500,6.2,3.84,1.2,1,1,1,21,0.7762342629077932,0.5145667312578623,0.6206762790679932,0.15960478782653809
500,6.2,3.84,1.2,1,1,1,22,0.8016542498493285,0.5053341692509404,0.8326082229614258,0.1502530574798584
500,6.2,3.84,1.2,1,1,1,23,0.7552071844266867,0.5455558720320243,0.5555036067962646,0.0890042781829834
500,6.2,3.84,1.2,1,1,1,24,0.7247431262804108,0.5956262013976403,0.48084163665771484,0.09251737594604492
500,6.4,3.84,1.2,1,1,1,0,0.7206364777371032,0.5339522118028798,0.4924144744873047,0.10650014877319336
500,6.4,3.84,1.2,1,1,1,1,0.9535652496905396,0.5529209604472566,0.5030624866485596,0.11900544166564941
500,6.4,3.84,1.2,1,1,1,2,0.7399958125560542,0.6934682641225233,0.7055799961090088,0.12003374099731445
500,6.4,3.84,1.2,1,1,1,3,0.839884657786576,0.5125167988040181,0.47716331481933594,0.09451651573181152
500,6.4,3.84,1.2,1,1,1,4,0.773887825511858,0.46971690246041514,0.5036261081695557,0.09750938415527344
500,6.4,3.84,1.2,1,1,1,5,0.7498054091464009,0.4666271218105648,0.6428508758544922,0.11249804496765137
500,6.4,3.84,1.2,1,1,1,6,0.8382347951939816,0.45836666179933716,0.6440236568450928,0.10042929649353027
500,6.4,3.84,1.2,1,1,1,7,0.7758153800287992,0.4601460634080591,0.7591648101806641,0.12254047393798828
500,6.4,3.84,1.2,1,1,1,8,0.8019137898573305,0.4419657694940847,0.5572068691253662,0.09650349617004395
500,6.4,3.84,1.2,1,1,1,9,0.7372623000811691,0.540465294530472,0.6386086940765381,0.10343337059020996
500,6.4,3.84,1.2,1,1,1,10,0.8809963602254439,0.4869512808296097,0.6466338634490967,0.08251237869262695
500,6.4,3.84,1.2,1,1,1,11,0.8896869689789718,0.5734622564684005,0.6112611293792725,0.08573412895202637
500,6.4,3.84,1.2,1,1,1,12,0.8473512919027242,0.44972655974083053,0.7590372562408447,0.14130735397338867
500,6.4,3.84,1.2,1,1,1,13,0.8408372581466947,0.5690470381984273,0.5862884521484375,0.08651328086853027
500,6.4,3.84,1.2,1,1,1,14,0.8883952047877403,0.5653425724443247,0.6010761260986328,0.10815238952636719
500,6.4,3.84,1.2,1,1,1,15,0.6797189255603271,0.54798486840525,0.6084954738616943,0.11561155319213867
500,6.4,3.84,1.2,1,1,1,16,0.7677868210659742,0.5185905813293392,0.7478265762329102,0.14433765411376953
500,6.4,3.84,1.2,1,1,1,17,0.7956861759912237,0.44206671109026374,0.7503314018249512,0.12160634994506836
500,6.4,3.84,1.2,1,1,1,18,0.7264477966891509,0.4747915900968572,0.6208131313323975,0.11912822723388672
500,6.4,3.84,1.2,1,1,1,19,0.7544031102357717,0.5228188097803507,0.6250603199005127,0.10784268379211426
500,6.4,3.84,1.2,1,1,1,20,0.7476293413855829,0.4703671771911233,0.6174416542053223,0.08340048789978027
500,6.4,3.84,1.2,1,1,1,21,0.8619523756326362,0.5580825435126144,0.5570833683013916,0.11261987686157227
500,6.4,3.84,1.2,1,1,1,22,0.8040157712303767,0.5687798286091187,0.7299678325653076,0.14559221267700195
500,6.4,3.84,1.2,1,1,1,23,0.7253133794469578,0.5663506033983359,0.620100736618042,0.07989859580993652
500,6.4,3.84,1.2,1,1,1,24,0.7905588954304643,0.6004195227845976,0.5776281356811523,0.11725926399230957
500,6.6000000000000005,3.84,1.2,1,1,1,0,0.6943044071079962,0.6727923910190785,0.56974196434021,0.11428689956665039
500,6.6000000000000005,3.84,1.2,1,1,1,1,0.8560153933475164,0.4550614014537337,0.5691123008728027,0.10601401329040527
500,6.6000000000000005,3.84,1.2,1,1,1,2,0.7812140651234948,0.49503121671217665,0.743422269821167,0.1158590316772461
500,6.6000000000000005,3.84,1.2,1,1,1,3,0.6657429651555631,0.5371674758823732,0.6250581741333008,0.11045169830322266
500,6.6000000000000005,3.84,1.2,1,1,1,4,0.8312429158180017,0.5716680845577622,0.5362610816955566,0.11819052696228027
500,6.6000000000000005,3.84,1.2,1,1,1,5,0.7170242192846312,0.6113324984056724,0.5119740962982178,0.09148406982421875
500,6.6000000000000005,3.84,1.2,1,1,1,6,0.7828674618646451,0.5322478854820448,0.5129756927490234,0.13802790641784668
500,6.6000000000000005,3.84,1.2,1,1,1,7,0.9257261682117168,0.5085214409483882,0.5444812774658203,0.0686345100402832
500,6.6000000000000005,3.84,1.2,1,1,1,8,0.8084296855182652,0.5691020065770662,0.6311938762664795,0.10987257957458496
500,6.6000000000000005,3.84,1.2,1,1,1,9,0.8260272352990704,0.6468535190086414,0.5291929244995117,0.10387778282165527
500,6.6000000000000005,3.84,1.2,1,1,1,10,0.8453014508210942,0.43437893892738494,0.47656774520874023,0.11096692085266113
500,6.6000000000000005,3.84,1.2,1,1,1,11,1.0043663922005697,0.5014645757037207,0.6043784618377686,0.10154485702514648
500,6.6000000000000005,3.84,1.2,1,1,1,12,1.0827780495584018,0.6074376085963781,0.48867154121398926,0.0922400951385498
500,6.6000000000000005,3.84,1.2,1,1,1,13,0.7975640534633527,0.5103825726661015,0.5158047676086426,0.08107209205627441
500,6.6000000000000005,3.84,1.2,1,1,1,14,0.8790885997958032,0.6197866357575642,0.5857393741607666,0.0946354866027832
500,6.6000000000000005,3.84,1.2,1,1,1,15,0.7451051766389869,0.5050466817937496,0.5775389671325684,0.10526871681213379
500,6.6000000000000005,3.84,1.2,1,1,1,16,0.7137462239315592,0.4847377062309697,0.6784746646881104,0.11797857284545898
500,6.6000000000000005,3.84,1.2,1,1,1,17,0.7866881538167749,0.5772553808539628,0.8368258476257324,0.11039328575134277
500,6.6000000000000005,3.84,1.2,1,1,1,18,0.7681973222999191,0.6558530155775577,0.5071554183959961,0.09731292724609375
500,6.6000000000000005,3.84,1.2,1,1,1,19,0.8466017646439234,0.49875549735541597,0.5170371532440186,0.09674382209777832
500,6.6000000000000005,3.84,1.2,1,1,1,20,0.6873429987902386,0.47851829984191985,0.44885993003845215,0.07696366310119629
500,6.6000000000000005,3.84,1.2,1,1,1,21,0.706542370468406,0.6014868898927983,0.48357248306274414,0.10802674293518066
500,6.6000000000000005,3.84,1.2,1,1,1,22,0.8549194992320125,0.5471134378839115,0.4254639148712158,0.09675073623657227
500,6.6000000000000005,3.84,1.2,1,1,1,23,0.7668124414344706,0.5063891617918049,0.41751694679260254,0.08248734474182129
500,6.6000000000000005,3.84,1.2,1,1,1,24,0.7626062042421646,0.6399178595418118,0.4434070587158203,0.05716252326965332
500,6.800000000000001,3.84,1.2,1,1,1,0,0.8028523596989577,0.6130970327990222,0.47191429138183594,0.07134199142456055
500,6.800000000000001,3.84,1.2,1,1,1,1,0.8238276446548514,0.5119094045712892,0.4718773365020752,0.056887149810791016
500,6.800000000000001,3.84,1.2,1,1,1,2,0.9393618841915738,0.6038746822171158,0.4690701961517334,0.07088112831115723
500,6.800000000000001,3.84,1.2,1,1,1,3,0.8733224773546039,0.530208564170877,0.4819600582122803,0.0682532787322998
500,6.800000000000001,3.84,1.2,1,1,1,4,0.8375802358270393,0.49893685558345996,0.4662590026855469,0.08530259132385254
500,6.800000000000001,3.84,1.2,1,1,1,5,0.7236137867985964,0.7511293274523944,0.50063157081604,0.05923581123352051
500,6.800000000000001,3.84,1.2,1,1,1,6,0.8095138771621616,0.567716827324916,0.5173313617706299,0.09352660179138184
500,6.800000000000001,3.84,1.2,1,1,1,7,0.8934457806334448,0.4537368226338621,0.5954408645629883,0.09342503547668457
500,6.800000000000001,3.84,1.2,1,1,1,8,0.7118796931458362,0.4799942939084214,0.5781869888305664,0.11452436447143555
500,6.800000000000001,3.84,1.2,1,1,1,9,0.7619673308504381,0.6136831293149462,0.57063889503479,0.06999874114990234
500,6.800000000000001,3.84,1.2,1,1,1,10,0.8125886262984041,0.556791692082777,0.554579496383667,0.09917092323303223
500,6.800000000000001,3.84,1.2,1,1,1,11,0.767803959903902,0.5145448643441802,0.5602579116821289,0.08751440048217773
500,6.800000000000001,3.84,1.2,1,1,1,12,0.9219285404787605,0.648989072454912,0.6495466232299805,0.12351155281066895
500,6.800000000000001,3.84,1.2,1,1,1,13,0.8592164718112615,0.6344998540502083,0.7432916164398193,0.12251639366149902
500,6.800000000000001,3.84,1.2,1,1,1,14,0.8795803182581596,0.5214750955443683,0.5921428203582764,0.08246159553527832
500,6.800000000000001,3.84,1.2,1,1,1,15,0.8871749193984437,0.7233872683413162,0.6103334426879883,0.10943078994750977
500,6.800000000000001,3.84,1.2,1,1,1,16,0.9658223582584501,0.5491853601732205,0.6001794338226318,0.11600184440612793
500,6.800000000000001,3.84,1.2,1,1,1,17,0.8394146137351675,0.6973030353846272,0.6017398834228516,0.12274456024169922
500,6.800000000000001,3.84,1.2,1,1,1,18,0.8390137974879678,0.6249423349111036,0.7197167873382568,0.1405019760131836
500,6.800000000000001,3.84,1.2,1,1,1,19,0.7552064389068649,0.45464450977614834,0.5951170921325684,0.09506988525390625
500,6.800000000000001,3.84,1.2,1,1,1,20,0.8932762639411731,0.5465203292166394,0.5725717544555664,0.10994577407836914
500,6.800000000000001,3.84,1.2,1,1,1,21,0.9255617831484113,0.6304916541715305,0.5577592849731445,0.09521865844726562
500,6.800000000000001,3.84,1.2,1,1,1,22,0.9980859872480683,0.4576513811682289,0.5600547790527344,0.11651468276977539
500,6.800000000000001,3.84,1.2,1,1,1,23,0.8684789290715974,0.7254890148770438,0.7592265605926514,0.12696528434753418
500,6.800000000000001,3.84,1.2,1,1,1,24,0.7070011938980951,0.4455519488577721,0.6086931228637695,0.11607575416564941
500,7.0,3.84,1.2,1,1,1,0,0.8789659389088668,0.7446840347548435,0.6122381687164307,0.09451699256896973
500,7.0,3.84,1.2,1,1,1,1,0.8629806549657011,0.6105126667664682,0.6396157741546631,0.0774223804473877
500,7.0,3.84,1.2,1,1,1,2,0.8906086851221933,0.5904828338126918,0.6126120090484619,0.10651588439941406
500,7.0,3.84,1.2,1,1,1,3,0.8028096152618871,0.8311307055189286,0.84902024269104,0.14206504821777344
500,7.0,3.84,1.2,1,1,1,4,0.8484655881318284,0.5450796804627527,0.8378424644470215,0.1066124439239502
500,7.0,3.84,1.2,1,1,1,5,0.7714341619039382,0.5100581544502675,0.5443098545074463,0.10820388793945312
500,7.0,3.84,1.2,1,1,1,6,0.7930871203005205,0.4922916937932694,0.5870363712310791,0.09041786193847656
500,7.0,3.84,1.2,1,1,1,7,0.9276832228451345,0.9021449111765806,0.5774273872375488,0.12111020088195801
500,7.0,3.84,1.2,1,1,1,8,1.092374133371395,0.5355414814346505,0.7033584117889404,0.13153815269470215
500,7.0,3.84,1.2,1,1,1,9,0.8378356285819871,0.5145890915931901,0.637101411819458,0.10841107368469238
500,7.0,3.84,1.2,1,1,1,10,0.8469654991363628,0.6720493779418053,0.6418886184692383,0.12467408180236816
500,7.0,3.84,1.2,1,1,1,11,0.9721291166878991,0.597536323697942,0.7480306625366211,0.12242293357849121
500,7.0,3.84,1.2,1,1,1,12,0.9018525156366404,0.6511414639815865,0.6042907238006592,0.09150981903076172
500,7.0,3.84,1.2,1,1,1,13,0.8346196569540298,0.731748407391447,0.7543799877166748,0.12845778465270996
500,7.0,3.84,1.2,1,1,1,14,0.7999317074794126,0.510388663468741,0.6015415191650391,0.10097694396972656
500,7.0,3.84,1.2,1,1,1,15,0.847582090192572,0.5287265184908517,0.642789363861084,0.13000059127807617
500,7.0,3.84,1.2,1,1,1,16,0.8663787677738182,0.7293859514558103,0.6060974597930908,0.10030579566955566
500,7.0,3.84,1.2,1,1,1,17,0.9650540898064622,0.5698846544009116,0.5671358108520508,0.07993435859680176
500,7.0,3.84,1.2,1,1,1,18,0.8836854873951273,0.5711273041248609,0.7395203113555908,0.14139795303344727
500,7.0,3.84,1.2,1,1,1,19,1.1184437097870876,0.5824805714171615,0.6210572719573975,0.13081693649291992
500,7.0,3.84,1.2,1,1,1,20,0.8289978325777765,0.5359136993087261,0.6150102615356445,0.13235926628112793
500,7.0,3.84,1.2,1,1,1,21,0.8954341999303845,0.5246011315456,0.605374813079834,0.0840914249420166
500,7.0,3.84,1.2,1,1,1,22,0.8797027242820625,0.5073556702804879,0.7096493244171143,0.14752531051635742
500,7.0,3.84,1.2,1,1,1,23,0.8390944830720738,0.72206099463261,0.6491799354553223,0.1361703872680664
500,7.0,3.84,1.2,1,1,1,24,0.9082050510369909,0.7784128442521181,0.5996508598327637,0.11105847358703613
500,7.2,3.84,1.2,1,1,1,0,0.981650983462587,0.5867361959825387,0.5887467861175537,0.10875892639160156
500,7.2,3.84,1.2,1,1,1,1,1.0197365614633995,0.5053429634294562,0.584597110748291,0.10182619094848633
500,7.2,3.84,1.2,1,1,1,2,1.8101691379971103,0.5155359329228686,0.632089376449585,0.11808538436889648
500,7.2,3.84,1.2,1,1,1,3,0.8627693900431987,0.5330150093605691,0.6545529365539551,0.11103224754333496
500,7.2,3.84,1.2,1,1,1,4,0.9667438620285137,0.6706066271208677,0.7213339805603027,0.1374683380126953
500,7.2,3.84,1.2,1,1,1,5,0.7557585157007011,0.5200691423905629,0.6050841808319092,0.11821532249450684
500,7.2,3.84,1.2,1,1,1,6,0.962539230227969,0.5631350297949442,0.5671441555023193,0.11319470405578613
500,7.2,3.84,1.2,1,1,1,7,0.8906234093903412,0.5247828657125013,0.5617241859436035,0.10438275337219238
500,7.2,3.84,1.2,1,1,1,8,1.0124533702091931,0.8896698437603053,0.5512995719909668,0.11055135726928711
500,7.2,3.84,1.2,1,1,1,9,1.8705301379931332,0.8378990150692428,0.7402067184448242,0.13884234428405762
500,7.2,3.84,1.2,1,1,1,10,0.9182307541135273,0.6381025771830597,0.5484442710876465,0.11147141456604004
500,7.2,3.84,1.2,1,1,1,11,0.9117870781078504,0.6402373476431861,0.6221184730529785,0.10068225860595703
500,7.2,3.84,1.2,1,1,1,12,0.8266819585839754,0.5704349014312,0.6473252773284912,0.08815217018127441
500,7.2,3.84,1.2,1,1,1,13,0.7550584383945788,0.5346112595213723,0.608884334564209,0.09307551383972168
500,7.2,3.84,1.2,1,1,1,14,1.166577137187255,0.5949736795342241,0.7704198360443115,0.12445259094238281
500,7.2,3.84,1.2,1,1,1,15,0.88555989353433,0.6555374024783333,0.5963788032531738,0.08094310760498047
500,7.2,3.84,1.2,1,1,1,16,0.8879212730697957,0.6654650109366048,0.6847655773162842,0.10259175300598145
500,7.2,3.84,1.2,1,1,1,17,0.8630849690068227,0.7671620073171841,0.7846019268035889,0.0897059440612793
500,7.2,3.84,1.2,1,1,1,18,0.9390685822193745,0.6347638706277308,0.6044018268585205,0.1025228500366211
500,7.2,3.84,1.2,1,1,1,19,0.9249349328651085,0.6489261470371679,0.7679233551025391,0.1186525821685791
500,7.2,3.84,1.2,1,1,1,20,0.8249748219786533,0.5567248720209221,0.6003859043121338,0.10764098167419434
500,7.2,3.84,1.2,1,1,1,21,0.8056326869146946,0.5374554367252251,0.5697081089019775,0.11529421806335449
500,7.2,3.84,1.2,1,1,1,22,0.9020149895254244,0.6433813601052177,0.5529153347015381,0.11413717269897461
500,7.2,3.84,1.2,1,1,1,23,0.8693521958039812,0.6041951988477163,0.553870677947998,0.09665894508361816
500,7.2,3.84,1.2,1,1,1,24,0.9242692957354735,0.4876932759622604,0.6649816036224365,0.13439249992370605
500,7.4,3.84,1.2,1,1,1,0,0.8781873280065371,0.5743438349323434,0.716609001159668,0.15086841583251953
500,7.4,3.84,1.2,1,1,1,1,0.9515758129962241,0.6190174363591577,0.6350195407867432,0.09739899635314941
500,7.4,3.84,1.2,1,1,1,2,0.8939295738268975,0.539726232454222,0.6124966144561768,0.09006738662719727
500,7.4,3.84,1.2,1,1,1,3,0.902109519748808,0.6259674022473614,0.5534701347351074,0.0845339298248291
500,7.4,3.84,1.2,1,1,1,4,0.8208459822235847,0.6090939175316573,0.5479190349578857,0.12351703643798828
500,7.4,3.84,1.2,1,1,1,5,2.67830257093802,1.1201919125523925,0.713815450668335,0.11299490928649902
500,7.4,3.84,1.2,1,1,1,6,0.9667160378823674,0.676594138634722,0.6058845520019531,0.11542487144470215
500,7.4,3.84,1.2,1,1,1,7,2.0160545640219785,0.714262172774874,0.6373746395111084,0.10649728775024414
500,7.4,3.84,1.2,1,1,1,8,0.8359299064251767,0.4834664136088635,0.5739877223968506,0.10418152809143066
500,7.4,3.84,1.2,1,1,1,9,0.9370560533081772,0.5420375085381821,0.5479116439819336,0.10951876640319824
500,7.4,3.84,1.2,1,1,1,10,0.9363146352818351,0.5726933021606747,0.7284102439880371,0.14413690567016602
500,7.4,3.84,1.2,1,1,1,11,0.8159612357678546,0.5100071076899104,0.6030776500701904,0.12252044677734375
500,7.4,3.84,1.2,1,1,1,12,1.244222386431311,0.6956089908024456,0.6529989242553711,0.09120655059814453
500,7.4,3.84,1.2,1,1,1,13,0.9264188131454469,0.7245736040992605,0.559232234954834,0.06987738609313965
500,7.4,3.84,1.2,1,1,1,14,0.8559503293967233,0.5822969136337659,0.5725588798522949,0.08802652359008789
500,7.4,3.84,1.2,1,1,1,15,0.9760144516813688,0.6611111409981913,0.5839953422546387,0.11006307601928711
500,7.4,3.84,1.2,1,1,1,16,0.9032715585554766,0.5514506748360893,0.7046494483947754,0.14069461822509766
500,7.4,3.84,1.2,1,1,1,17,0.9786627737515681,0.5691066452877391,0.6435534954071045,0.0959463119506836
500,7.4,3.84,1.2,1,1,1,18,0.8046346589293052,0.5310415015907721,0.5823240280151367,0.09524726867675781
500,7.4,3.84,1.2,1,1,1,19,0.8257340078244595,0.7041486165645479,0.5974178314208984,0.12165284156799316
500,7.4,3.84,1.2,1,1,1,20,0.8773423479195479,0.6228182986825768,0.6202220916748047,0.09770417213439941
500,7.4,3.84,1.2,1,1,1,21,0.9811720098050978,0.6100162191241115,0.736975908279419,0.14411163330078125
500,7.4,3.84,1.2,1,1,1,22,0.8607687187752348,0.6436062591214176,0.5677280426025391,0.09041452407836914
500,7.4,3.84,1.2,1,1,1,23,0.865192841488332,0.5761238379401932,0.5287656784057617,0.09144163131713867
500,7.4,3.84,1.2,1,1,1,24,0.9637676140458991,1.0460764994568534,0.5984220504760742,0.09213066101074219
500,7.6000000000000005,3.84,1.2,1,1,1,0,0.9753801834144491,0.5755840815172665,0.5850088596343994,0.08751225471496582
500,7.6000000000000005,3.84,1.2,1,1,1,1,0.83368196302559,0.6669734082836494,0.662067174911499,0.1378796100616455
500,7.6000000000000005,3.84,1.2,1,1,1,2,0.8679692423231058,0.6222412352129344,0.6308481693267822,0.09143829345703125
500,7.6000000000000005,3.84,1.2,1,1,1,3,1.342349055336922,0.7666373681727586,0.5184409618377686,0.10947823524475098
500,7.6000000000000005,3.84,1.2,1,1,1,4,0.9308202072809061,0.6674744307467473,0.5550296306610107,0.13883304595947266
500,7.6000000000000005,3.84,1.2,1,1,1,5,2.757665316423046,0.6524817695266488,0.5737707614898682,0.0964205265045166
500,7.6000000000000005,3.84,1.2,1,1,1,6,1.2937859140718135,0.9219502747003265,0.66097092628479,0.09363150596618652
500,7.6000000000000005,3.84,1.2,1,1,1,7,0.8602873013774375,0.530733174273611,0.8673975467681885,0.1631917953491211
500,7.6000000000000005,3.84,1.2,1,1,1,8,1.3275604732855626,0.5106507876875293,0.5920760631561279,0.09947705268859863
500,7.6000000000000005,3.84,1.2,1,1,1,9,0.9149194160142505,0.8332653998313265,0.5924222469329834,0.10872054100036621
500,7.6000000000000005,3.84,1.2,1,1,1,10,0.9065543080334448,0.6574463959673592,0.5529890060424805,0.10714960098266602
500,7.6000000000000005,3.84,1.2,1,1,1,11,0.9669965499529073,0.6300322203453648,0.5716860294342041,0.11027812957763672
500,7.6000000000000005,3.84,1.2,1,1,1,12,0.8876128459328603,0.5521032273332713,0.749506950378418,0.1148984432220459
500,7.6000000000000005,3.84,1.2,1,1,1,13,0.9708865577313283,0.5330938725239381,0.5650570392608643,0.08372902870178223
500,7.6000000000000005,3.84,1.2,1,1,1,14,0.953259809020337,0.605493468366858,0.5411853790283203,0.10422682762145996
500,7.6000000000000005,3.84,1.2,1,1,1,15,2.6863781047950184,0.6612017265444216,0.5508084297180176,0.0784611701965332
500,7.6000000000000005,3.84,1.2,1,1,1,16,1.0100280924804266,0.6690461486734487,0.5175631046295166,0.08133864402770996
500,7.6000000000000005,3.84,1.2,1,1,1,17,0.9596750263401307,0.597128705167683,0.4997522830963135,0.0720670223236084
500,7.6000000000000005,3.84,1.2,1,1,1,18,0.9926282184292755,0.583276648092726,0.6099159717559814,0.11038947105407715
500,7.6000000000000005,3.84,1.2,1,1,1,19,0.8824888102257079,0.5483818952952284,0.5234527587890625,0.08402252197265625
500,7.6000000000000005,3.84,1.2,1,1,1,20,0.9440186598999034,0.7289487617703406,0.5736877918243408,0.06930923461914062
500,7.6000000000000005,3.84,1.2,1,1,1,21,0.9564541965709071,0.6740819491930854,0.529390811920166,0.08225154876708984
500,7.6000000000000005,3.84,1.2,1,1,1,22,0.9232258875580726,0.7007342308814082,0.5428066253662109,0.0635530948638916
500,7.6000000000000005,3.84,1.2,1,1,1,23,1.1392193492128198,0.6830005474414663,0.5562515258789062,0.07148861885070801
500,7.6000000000000005,3.84,1.2,1,1,1,24,0.8948903362682756,0.6182335061757099,0.587644100189209,0.09632992744445801
500,7.800000000000001,3.84,1.2,1,1,1,0,1.096884686860258,0.7470693512589849,0.5157368183135986,0.06513094902038574
500,7.800000000000001,3.84,1.2,1,1,1,1,0.9567924532533953,0.596608065997274,0.4915785789489746,0.07392382621765137
500,7.800000000000001,3.84,1.2,1,1,1,2,0.9867850212156751,0.5976812825612317,0.49184107780456543,0.07372498512268066
500,7.800000000000001,3.84,1.2,1,1,1,3,0.8810177986227035,0.6007636279006584,0.575481653213501,0.10071015357971191
500,7.800000000000001,3.84,1.2,1,1,1,4,1.0357887721044476,0.5422173752784821,0.6159381866455078,0.07291150093078613
500,7.800000000000001,3.84,1.2,1,1,1,5,2.7580567594979204,0.9513236116339248,0.6489605903625488,0.10154867172241211
500,7.800000000000001,3.84,1.2,1,1,1,6,1.1429226361473015,0.550293575698841,0.5283844470977783,0.10560297966003418
500,7.800000000000001,3.84,1.2,1,1,1,7,1.0499733242739262,0.576143148462128,0.5424361228942871,0.08962082862854004
500,7.800000000000001,3.84,1.2,1,1,1,8,2.804746040468806,1.1594535417322986,0.607818603515625,0.06978797912597656
500,7.800000000000001,3.84,1.2,1,1,1,9,1.058977412048375,0.6795201353592307,0.5998575687408447,0.08550667762756348
500,7.800000000000001,3.84,1.2,1,1,1,10,0.8907902855465397,0.6677565541014292,0.7148411273956299,0.11525797843933105
500,7.800000000000001,3.84,1.2,1,1,1,11,1.1344316275223283,0.5538835636540523,0.6275177001953125,0.09449362754821777
500,7.800000000000001,3.84,1.2,1,1,1,12,0.9793108646231872,0.7786238057536405,0.5787825584411621,0.10898256301879883
500,7.800000000000001,3.84,1.2,1,1,1,13,0.9220596202890299,0.6055813819418611,0.6331744194030762,0.0935359001159668
500,7.800000000000001,3.84,1.2,1,1,1,14,0.9840927128630526,0.5943436834314024,0.6144928932189941,0.09711503982543945
500,7.800000000000001,3.84,1.2,1,1,1,15,0.9679267292425692,0.8483247282091786,0.6182835102081299,0.13862872123718262
500,7.800000000000001,3.84,1.2,1,1,1,16,1.0596929092019,0.5184663347693467,0.7087993621826172,0.1290748119354248
500,7.800000000000001,3.84,1.2,1,1,1,17,2.7444863720243493,0.9762276035150089,0.6064357757568359,0.10677123069763184
500,7.800000000000001,3.84,1.2,1,1,1,18,0.9730690550428115,0.8536068501235031,0.6534881591796875,0.10174965858459473
500,7.800000000000001,3.84,1.2,1,1,1,19,0.9055540473669422,0.6311181792348743,0.6148557662963867,0.08938431739807129
500,7.800000000000001,3.84,1.2,1,1,1,20,0.878903167818253,0.6135778132779246,0.5919113159179688,0.11709117889404297
500,7.800000000000001,3.84,1.2,1,1,1,21,1.0160319250255863,0.7110580181525795,0.7948403358459473,0.12841057777404785
500,7.800000000000001,3.84,1.2,1,1,1,22,1.087094665150453,0.5224473594181609,0.6166019439697266,0.11350893974304199
500,7.800000000000001,3.84,1.2,1,1,1,23,1.0169750212055035,0.6959992276672662,0.6808445453643799,0.1643073558807373
500,7.800000000000001,3.84,1.2,1,1,1,24,1.0619858633940376,0.6373963819712727,0.6327788829803467,0.08404183387756348
500,8.0,3.84,1.2,1,1,1,0,1.042743018719707,0.7293683845131845,0.6561298370361328,0.14917778968811035
500,8.0,3.84,1.2,1,1,1,1,1.2764654044209534,0.6180633323140852,0.6599433422088623,0.1320488452911377
500,8.0,3.84,1.2,1,1,1,2,0.99681651956546,0.5551446807432432,0.6348226070404053,0.09254121780395508
500,8.0,3.84,1.2,1,1,1,3,1.0256033086020113,0.6122125071920622,0.6136844158172607,0.09959006309509277
500,8.0,3.84,1.2,1,1,1,4,0.9001004625543992,0.6078924842586839,0.5996444225311279,0.09710073471069336
500,8.0,3.84,1.2,1,1,1,5,1.06646808106558,0.6737459471992285,0.6599342823028564,0.08710765838623047
500,8.0,3.84,1.2,1,1,1,6,0.9813578789010936,0.7644905666353137,0.7535772323608398,0.12641668319702148
500,8.0,3.84,1.2,1,1,1,7,2.7168878796075977,0.9203434472438807,0.6121017932891846,0.08840298652648926
500,8.0,3.84,1.2,1,1,1,8,2.0126423094374,0.7178106342564717,0.608736515045166,0.11744904518127441
500,8.0,3.84,1.2,1,1,1,9,1.1154039216527845,0.6321534795734648,0.642634391784668,0.08245635032653809
500,8.0,3.84,1.2,1,1,1,10,0.963782176079684,0.6457969828603023,0.6161289215087891,0.08355855941772461
500,8.0,3.84,1.2,1,1,1,11,2.7881779325894596,0.5850112576998648,0.7626199722290039,0.11829233169555664
500,8.0,3.84,1.2,1,1,1,12,2.2118398449039307,0.783092281208888,0.6157634258270264,0.11200094223022461
500,8.0,3.84,1.2,1,1,1,13,0.9768950679109634,0.6138589028985488,0.6502184867858887,0.08123254776000977
500,8.0,3.84,1.2,1,1,1,14,1.3430320810806882,0.6846875467462339,0.6063408851623535,0.09695267677307129
500,8.0,3.84,1.2,1,1,1,15,1.045812018336903,0.5780782042888504,0.5948958396911621,0.12751388549804688
500,8.0,3.84,1.2,1,1,1,16,1.0132963614321626,0.7512230438314623,0.7340011596679688,0.12688422203063965
500,8.0,3.84,1.2,1,1,1,17,1.2217222589150851,0.7462559883203059,0.733109712600708,0.12186408042907715
500,8.0,3.84,1.2,1,1,1,18,1.2927538192224388,0.5746692630425244,0.6237719058990479,0.11065840721130371
500,8.0,3.84,1.2,1,1,1,19,0.9031407715273749,0.6604551141615609,0.6007297039031982,0.09232473373413086
500,8.0,3.84,1.2,1,1,1,20,1.0812638178239649,0.7814229945097215,0.5873517990112305,0.11370420455932617
500,8.0,3.84,1.2,1,1,1,21,0.9391688171047838,0.5568397672101447,0.7675788402557373,0.13867473602294922
500,8.0,3.84,1.2,1,1,1,22,0.9647562965226105,0.7019993737798632,0.5961463451385498,0.1277937889099121
500,8.0,3.84,1.2,1,1,1,23,0.9891319012159302,0.7864994140534,0.6101996898651123,0.10198855400085449
500,8.0,3.84,1.2,1,1,1,24,0.9529534748034744,0.6333289470551989,0.6120057106018066,0.09150862693786621
500,8.200000000000001,3.84,1.2,1,1,1,0,0.9875251479138241,0.7965813642188447,0.5785093307495117,0.09245872497558594
500,8.200000000000001,3.84,1.2,1,1,1,1,1.0019265023000767,0.6659078097190245,0.7428195476531982,0.12509632110595703
500,8.200000000000001,3.84,1.2,1,1,1,2,1.652833724266469,0.6961531805802451,0.5728693008422852,0.08986949920654297
500,8.200000000000001,3.84,1.2,1,1,1,3,1.1368400949617823,0.6691784883427606,0.6065642833709717,0.09912967681884766
500,8.200000000000001,3.84,1.2,1,1,1,4,1.034948216740311,0.732691858777562,0.6068282127380371,0.09798955917358398
500,8.200000000000001,3.84,1.2,1,1,1,5,0.977817986129358,0.5662373715134527,0.6095974445343018,0.10190129280090332
500,8.200000000000001,3.84,1.2,1,1,1,6,2.5790133486339735,0.869587622338129,0.67708420753479,0.12839746475219727
500,8.200000000000001,3.84,1.2,1,1,1,7,1.136823509090728,0.7032513870098226,0.6433603763580322,0.11155343055725098
500,8.200000000000001,3.84,1.2,1,1,1,8,2.0531717598774852,0.7916515417047514,0.5860791206359863,0.11060547828674316
500,8.200000000000001,3.84,1.2,1,1,1,9,0.9608277128785672,0.8909150133641277,0.5987105369567871,0.0974431037902832
500,8.200000000000001,3.84,1.2,1,1,1,10,1.3639759062318808,0.8747697807013195,0.61311936378479,0.11030006408691406
500,8.200000000000001,3.84,1.2,1,1,1,11,2.210467447571993,0.8323990598382476,0.6630697250366211,0.12591314315795898
500,8.200000000000001,3.84,1.2,1,1,1,12,1.0526154788416318,0.7026887391537772,0.8198537826538086,0.13387489318847656
500,8.200000000000001,3.84,1.2,1,1,1,13,0.9315061716231836,0.6239641592649194,0.5694432258605957,0.09407830238342285
500,8.200000000000001,3.84,1.2,1,1,1,14,1.1123371631251389,0.7932993344517633,0.5418069362640381,0.10717439651489258
500,8.200000000000001,3.84,1.2,1,1,1,15,1.0046748263978988,0.6992506599574376,0.52358078956604,0.09903883934020996
500,8.200000000000001,3.84,1.2,1,1,1,16,0.8597635890711907,0.5820568545170935,0.5026788711547852,0.10260701179504395
500,8.200000000000001,3.84,1.2,1,1,1,17,1.0090926124274102,0.6747454956059362,0.6212213039398193,0.11368322372436523
500,8.200000000000001,3.84,1.2,1,1,1,18,2.1848243845590645,0.868727945808217,0.5891313552856445,0.07291650772094727
500,8.200000000000001,3.84,1.2,1,1,1,19,0.9390732050874095,0.6457623330686235,0.5769140720367432,0.10392594337463379
500,8.200000000000001,3.84,1.2,1,1,1,20,0.9441680745710204,0.5921625946318624,0.5489306449890137,0.11026334762573242
500,8.200000000000001,3.84,1.2,1,1,1,21,2.598844559954676,1.3846457728396202,0.589247465133667,0.10037779808044434
500,8.200000000000001,3.84,1.2,1,1,1,22,0.9106755212553089,0.8114345424567032,0.6224784851074219,0.13048410415649414
500,8.200000000000001,3.84,1.2,1,1,1,23,1.2546512207467866,0.7465363059732134,0.7700812816619873,0.12333941459655762
500,8.200000000000001,3.84,1.2,1,1,1,24,1.1638484558876987,0.5818803808939668,0.6169724464416504,0.10248851776123047
500,8.4,3.84,1.2,1,1,1,0,2.8169743190189345,0.7330543522609698,0.5811889171600342,0.11000704765319824
500,8.4,3.84,1.2,1,1,1,1,2.7831142684769947,0.9992731812943206,0.593590259552002,0.07836627960205078
500,8.4,3.84,1.2,1,1,1,2,0.9536477721484128,0.6348371301476184,0.6013765335083008,0.08451128005981445
500,8.4,3.84,1.2,1,1,1,3,0.9891630407506801,0.6631551259226288,0.7811572551727295,0.1254730224609375
500,8.4,3.84,1.2,1,1,1,4,1.1528632465024773,0.5993738436881713,0.5758707523345947,0.12674903869628906
500,8.4,3.84,1.2,1,1,1,5,1.0774313106892943,0.9565885559311692,0.6043701171875,0.10148406028747559
500,8.4,3.84,1.2,1,1,1,6,1.9012136670060693,0.9864334387198423,0.6969943046569824,0.10756301879882812
500,8.4,3.84,1.2,1,1,1,7,0.9567472590834261,0.687342263456069,0.6745684146881104,0.13013029098510742
500,8.4,3.84,1.2,1,1,1,8,1.3876617258650343,0.8702131644324242,0.6484620571136475,0.10792994499206543
500,8.4,3.84,1.2,1,1,1,9,1.2811718071544154,0.8139148198634046,0.5660126209259033,0.11453795433044434
500,8.4,3.84,1.2,1,1,1,10,1.115899291340735,0.6706315683378071,0.5676326751708984,0.10554909706115723
500,8.4,3.84,1.2,1,1,1,11,2.790515775052754,1.330735441902919,0.5510640144348145,0.0995948314666748
500,8.4,3.84,1.2,1,1,1,12,2.1327454038911613,0.6796202196788136,0.5061459541320801,0.0996999740600586
500,8.4,3.84,1.2,1,1,1,13,1.1288593941861302,0.7610012803951581,0.5808150768280029,0.12159395217895508
500,8.4,3.84,1.2,1,1,1,14,2.51169199918615,0.7291445504006366,0.6854219436645508,0.12073254585266113
500,8.4,3.84,1.2,1,1,1,15,1.0961795078365775,0.7567631887351912,0.5888552665710449,0.0984945297241211
500,8.4,3.84,1.2,1,1,1,16,1.0307580027483327,0.6826943528648911,0.5574116706848145,0.10550713539123535
500,8.4,3.84,1.2,1,1,1,17,1.1881201488176114,0.6291796187029497,0.5358595848083496,0.12291240692138672
500,8.4,3.84,1.2,1,1,1,18,1.2109830141782834,0.8107345116795285,0.5638952255249023,0.11027193069458008
500,8.4,3.84,1.2,1,1,1,19,1.9109525447523221,2.062000029020838,0.689486026763916,0.09687328338623047
500,8.4,3.84,1.2,1,1,1,20,1.2101952166456829,0.9007588425856995,0.5637505054473877,0.09524250030517578
500,8.4,3.84,1.2,1,1,1,21,2.4787848459748107,0.7314611999363937,0.563068151473999,0.12369561195373535
500,8.4,3.84,1.2,1,1,1,22,1.3201907796335945,0.7769319762610821,0.611015796661377,0.11125779151916504
500,8.4,3.84,1.2,1,1,1,23,1.0691709111489442,0.568234790506699,0.5651881694793701,0.09383940696716309
500,8.4,3.84,1.2,1,1,1,24,2.4513431078371593,0.8613448128799323,0.6616497039794922,0.0926516056060791
500,8.6,3.84,1.2,1,1,1,0,2.8265631283502137,0.8341762572084257,0.7097327709197998,0.1025233268737793
500,8.6,3.84,1.2,1,1,1,1,1.446939793922145,0.6855869045499372,0.6964116096496582,0.12326383590698242
500,8.6,3.84,1.2,1,1,1,2,1.1021350455224628,0.6301996192930767,0.7325882911682129,0.14278292655944824
500,8.6,3.84,1.2,1,1,1,3,2.536196229300593,1.0471845950914627,0.6132595539093018,0.1004936695098877
500,8.6,3.84,1.2,1,1,1,4,2.1732448319653392,1.7049262020373537,0.6480565071105957,0.11652684211730957
500,8.6,3.84,1.2,1,1,1,5,1.2039986620794365,0.6911360981837442,0.6134014129638672,0.0944979190826416
500,8.6,3.84,1.2,1,1,1,6,1.0540207005848892,0.8822600090872496,0.5958995819091797,0.08937549591064453
500,8.6,3.84,1.2,1,1,1,7,1.1010140965140034,1.1416602680582726,0.6002273559570312,0.10405230522155762
500,8.6,3.84,1.2,1,1,1,8,2.243032526331481,0.9970804326332674,0.6627929210662842,0.08413577079772949
500,8.6,3.84,1.2,1,1,1,9,1.2245788928150287,0.8088765206574247,0.6832613945007324,0.11616826057434082
500,8.6,3.84,1.2,1,1,1,10,2.7483810967820395,0.7365679882661422,0.7177734375,0.09679102897644043
500,8.6,3.84,1.2,1,1,1,11,1.014632615342471,0.7782623389049675,0.5686001777648926,0.10706138610839844
500,8.6,3.84,1.2,1,1,1,12,2.792865616620192,0.7416565999781367,0.5793228149414062,0.08434176445007324
500,8.6,3.84,1.2,1,1,1,13,1.0479744779821198,0.6483958866928468,0.6181187629699707,0.10687875747680664
500,8.6,3.84,1.2,1,1,1,14,1.025693468783151,0.7534959811097874,0.5867955684661865,0.08030867576599121
500,8.6,3.84,1.2,1,1,1,15,0.9994643149588968,0.6109266316692785,0.6615614891052246,0.10675549507141113
500,8.6,3.84,1.2,1,1,1,16,1.0010707569948476,0.7591858429987344,0.5413970947265625,0.08251070976257324
500,8.6,3.84,1.2,1,1,1,17,2.539712575660558,0.6988120186405427,0.5524868965148926,0.11400890350341797
500,8.6,3.84,1.2,1,1,1,18,2.808618421311601,2.3615683058127304,0.638298749923706,0.09838390350341797
500,8.6,3.84,1.2,1,1,1,19,2.8036289657543287,0.6998899942621088,0.6608703136444092,0.09351968765258789
500,8.6,3.84,1.2,1,1,1,20,1.0430068526039997,0.7341660630386081,0.7333745956420898,0.12723827362060547
500,8.6,3.84,1.2,1,1,1,21,1.276127013526912,0.7679021203805828,0.6894774436950684,0.11104464530944824
500,8.6,3.84,1.2,1,1,1,22,1.0908360797940964,0.6912152086349768,0.7556602954864502,0.11056900024414062
500,8.6,3.84,1.2,1,1,1,23,2.6664028300962523,0.6928462145286414,0.6136646270751953,0.0878450870513916
500,8.6,3.84,1.2,1,1,1,24,1.1537394414051259,0.7577472606415466,0.5416274070739746,0.0953073501586914
500,8.8,3.84,1.2,1,1,1,0,1.5028034887857389,1.485828434622241,0.7438454627990723,0.12167477607727051
500,8.8,3.84,1.2,1,1,1,1,2.7117435854785787,1.6828091637588556,0.6025352478027344,0.11568450927734375
500,8.8,3.84,1.2,1,1,1,2,2.721339839812538,1.4318081746886109,0.626533031463623,0.09175348281860352
500,8.8,3.84,1.2,1,1,1,3,2.811672781846721,1.1986727209787995,0.613292932510376,0.07394886016845703
500,8.8,3.84,1.2,1,1,1,4,1.8979686378839478,1.1317367479939608,0.5431098937988281,0.10407137870788574
500,8.8,3.84,1.2,1,1,1,5,1.094144536379666,0.7216986408772685,0.5358164310455322,0.10860228538513184
500,8.8,3.84,1.2,1,1,1,6,1.1417680729762598,0.5742464259097569,0.639833927154541,0.1293337345123291
500,8.8,3.84,1.2,1,1,1,7,2.548921267567139,1.4534779230335764,0.5525407791137695,0.09642434120178223
500,8.8,3.84,1.2,1,1,1,8,1.3029534292296074,0.659085279633478,0.5977268218994141,0.10486817359924316
500,8.8,3.84,1.2,1,1,1,9,2.731482204636384,1.392374866196604,0.5804483890533447,0.1119837760925293
500,8.8,3.84,1.2,1,1,1,10,2.7968760584342083,1.1580715806914355,0.5775949954986572,0.09377670288085938
500,8.8,3.84,1.2,1,1,1,11,1.298397968584469,0.6917523072972773,0.672539234161377,0.14066219329833984
500,8.8,3.84,1.2,1,1,1,12,0.9709794504549298,0.7719231251807233,0.5573482513427734,0.10515046119689941
500,8.8,3.84,1.2,1,1,1,13,2.6775336542691988,0.9359043996964114,0.5486359596252441,0.0877072811126709
500,8.8,3.84,1.2,1,1,1,14,2.6518990086332974,0.7656818965583514,0.5765013694763184,0.09003353118896484
500,8.8,3.84,1.2,1,1,1,15,2.3854593949704905,0.6975877762110012,0.619417667388916,0.11554455757141113
500,8.8,3.84,1.2,1,1,1,16,1.491736681858344,0.7212737493147524,0.7186470031738281,0.1161355972290039
500,8.8,3.84,1.2,1,1,1,17,2.5067365311620566,1.2051027292950331,0.8690392971038818,0.15443658828735352
500,8.8,3.84,1.2,1,1,1,18,1.327284280615631,0.6844865766938986,0.6249361038208008,0.0956575870513916
500,8.8,3.84,1.2,1,1,1,19,2.3626774644095976,0.9870297656506751,0.596440315246582,0.10464906692504883
500,8.8,3.84,1.2,1,1,1,20,1.115300363993964,0.7952564923775837,0.5732789039611816,0.08001399040222168
500,8.8,3.84,1.2,1,1,1,21,1.1865129663287275,0.7667840118818909,0.5698916912078857,0.14084482192993164
500,8.8,3.84,1.2,1,1,1,22,2.2408574077217853,0.7146534905724046,0.7128729820251465,0.1273970603942871
500,8.8,3.84,1.2,1,1,1,23,2.736165805269928,2.26895790163017,0.6221022605895996,0.10039854049682617
500,8.8,3.84,1.2,1,1,1,24,2.731778337385233,1.7375502288390188,0.5510745048522949,0.11007547378540039
500,9.0,3.84,1.2,1,1,1,0,2.824686918889485,0.9718470601195449,0.5376965999603271,0.09549546241760254
500,9.0,3.84,1.2,1,1,1,1,1.1623584003476979,0.845177135409882,0.566319465637207,0.09850263595581055
500,9.0,3.84,1.2,1,1,1,2,2.8265539916222053,0.7196938275057755,0.7204995155334473,0.12479901313781738
500,9.0,3.84,1.2,1,1,1,3,2.7644874232229686,2.6162159176678776,0.5554506778717041,0.09295034408569336
500,9.0,3.84,1.2,1,1,1,4,2.488016985280037,2.133621939710518,0.5632646083831787,0.1311655044555664
500,9.0,3.84,1.2,1,1,1,5,2.810711372143629,1.2473794390257338,0.5599591732025146,0.11217522621154785
500,9.0,3.84,1.2,1,1,1,6,1.4174138252343031,0.8492167039907611,0.5808682441711426,0.11171984672546387
500,9.0,3.84,1.2,1,1,1,7,2.8264814293955043,1.0522726322529103,0.6701233386993408,0.12824106216430664
500,9.0,3.84,1.2,1,1,1,8,2.4559777814160633,1.6274901556903623,0.6988084316253662,0.12160277366638184
500,9.0,3.84,1.2,1,1,1,9,2.783937882290541,0.6981408808373633,0.5526585578918457,0.10308837890625
500,9.0,3.84,1.2,1,1,1,10,2.6687432915190734,0.7079099451186683,0.5675320625305176,0.10637569427490234
500,9.0,3.84,1.2,1,1,1,11,1.643850229436279,0.7629307170690524,0.6245968341827393,0.12276935577392578
500,9.0,3.84,1.2,1,1,1,12,1.5228449326947247,0.7755671052310107,0.659282922744751,0.11359667778015137
500,9.0,3.84,1.2,1,1,1,13,1.3238416901799768,0.7407845429625711,0.6251769065856934,0.11287689208984375
500,9.0,3.84,1.2,1,1,1,14,1.2215493637173631,0.7720789785739627,0.5649416446685791,0.1087796688079834
500,9.0,3.84,1.2,1,1,1,15,2.2829261910752536,0.7721341193933666,0.6361093521118164,0.09051942825317383
500,9.0,3.84,1.2,1,1,1,16,2.8280555031155536,1.184350683998843,0.6419034004211426,0.09767723083496094
500,9.0,3.84,1.2,1,1,1,17,2.476290766395037,0.8380676856377341,0.5984928607940674,0.10868453979492188
500,9.0,3.84,1.2,1,1,1,18,1.338246713154746,0.5576939025373664,0.7636280059814453,0.13492441177368164
500,9.0,3.84,1.2,1,1,1,19,1.347588469199742,0.8239341984459424,0.642218828201294,0.09544587135314941
500,9.0,3.84,1.2,1,1,1,20,2.1582970716277545,1.1813502239517324,0.5956244468688965,0.11381101608276367
500,9.0,3.84,1.2,1,1,1,21,2.641218740283654,0.7333526289280389,0.5853300094604492,0.11327242851257324
500,9.0,3.84,1.2,1,1,1,22,2.6924426008130546,2.3789844945540897,0.5627059936523438,0.10318422317504883
500,9.0,3.84,1.2,1,1,1,23,2.04242551201577,1.622358697852752,0.6638867855072021,0.14410710334777832
500,9.0,3.84,1.2,1,1,1,24,2.8138120206236588,1.1549657368231074,0.5989916324615479,0.0973672866821289
500,9.200000000000001,3.84,1.2,1,1,1,0,2.666516524411868,1.2409461518091456,0.7169303894042969,0.1221914291381836
500,9.200000000000001,3.84,1.2,1,1,1,1,2.827829099747906,2.000913697014321,0.6124212741851807,0.1398019790649414
500,9.200000000000001,3.84,1.2,1,1,1,2,1.3020955973667452,1.2138500605363522,0.6158144474029541,0.12057089805603027
500,9.200000000000001,3.84,1.2,1,1,1,3,2.800805531273286,2.520840770976954,0.6806962490081787,0.13547039031982422
500,9.200000000000001,3.84,1.2,1,1,1,4,1.2964121635173265,0.8538544344850753,0.5875523090362549,0.0874631404876709
500,9.200000000000001,3.84,1.2,1,1,1,5,1.2236755565402078,0.6903067312487652,0.6239893436431885,0.15015196800231934
500,9.200000000000001,3.84,1.2,1,1,1,6,2.647440237861362,0.9540357712516662,0.735410213470459,0.12919092178344727
500,9.200000000000001,3.84,1.2,1,1,1,7,1.2649415619412667,1.0087095818555294,0.6154587268829346,0.11829209327697754
500,9.200000000000001,3.84,1.2,1,1,1,8,2.6728991971174327,0.938427867371053,0.7281525135040283,0.11465263366699219
500,9.200000000000001,3.84,1.2,1,1,1,9,2.8078506184830045,1.9995154112375753,0.5627734661102295,0.10160112380981445
500,9.200000000000001,3.84,1.2,1,1,1,10,2.0061150156004572,0.6982291928790464,0.63124680519104,0.12023568153381348
500,9.200000000000001,3.84,1.2,1,1,1,11,2.810907233824006,0.7861412139121343,0.6390073299407959,0.09556841850280762
500,9.200000000000001,3.84,1.2,1,1,1,12,1.9377225169598755,1.1002650829684308,0.5866403579711914,0.09337449073791504
500,9.200000000000001,3.84,1.2,1,1,1,13,1.1696372858608073,0.9335242411320687,0.5836443901062012,0.08914756774902344
500,9.200000000000001,3.84,1.2,1,1,1,14,1.0642828231152497,0.9391353870168665,0.718097448348999,0.12126922607421875
500,9.200000000000001,3.84,1.2,1,1,1,15,1.5584020657340427,0.8775086293853456,0.5517683029174805,0.10930705070495605
500,9.200000000000001,3.84,1.2,1,1,1,16,2.801108188623224,0.6259266823124875,0.6167325973510742,0.10900092124938965
500,9.200000000000001,3.84,1.2,1,1,1,17,2.340150762990163,1.4672742715254126,0.6263442039489746,0.1084589958190918
500,9.200000000000001,3.84,1.2,1,1,1,18,2.5800383044968274,2.0203632050401206,0.6321978569030762,0.09552741050720215
500,9.200000000000001,3.84,1.2,1,1,1,19,2.7325641096753985,1.1904404852597747,0.7405920028686523,0.15293288230895996
500,9.200000000000001,3.84,1.2,1,1,1,20,2.463859131737345,0.9678745214562929,0.6486060619354248,0.09956836700439453
500,9.200000000000001,3.84,1.2,1,1,1,21,1.3216393209184618,0.6589860912215603,0.6240067481994629,0.12662434577941895
500,9.200000000000001,3.84,1.2,1,1,1,22,2.4008837860906964,0.6599549225032867,0.6374812126159668,0.10284423828125
500,9.200000000000001,3.84,1.2,1,1,1,23,2.799384698447698,1.4484581896702138,0.598111629486084,0.10455679893493652
500,9.200000000000001,3.84,1.2,1,1,1,24,2.75608163619659,0.7563858024596677,0.7680099010467529,0.14525079727172852
500,9.4,3.84,1.2,1,1,1,0,2.828425475976496,1.366568058817634,0.6960947513580322,0.14853787422180176
500,9.4,3.84,1.2,1,1,1,1,2.6576606906184024,2.592226083366532,0.6600124835968018,0.10026812553405762
500,9.4,3.84,1.2,1,1,1,2,2.7928644702577197,0.7584378633982339,0.5865499973297119,0.09951615333557129
500,9.4,3.84,1.2,1,1,1,3,2.7808654315576042,1.249632298006932,0.5929577350616455,0.10641241073608398
500,9.4,3.84,1.2,1,1,1,4,2.727025043586129,1.187765045542725,0.7450656890869141,0.14351701736450195
500,9.4,3.84,1.2,1,1,1,5,2.7801067033837294,1.2993627329017934,0.5820965766906738,0.11904025077819824
500,9.4,3.84,1.2,1,1,1,6,2.8251823628977384,1.2101477387065318,0.5913352966308594,0.13240361213684082
500,9.4,3.84,1.2,1,1,1,7,2.8275472061538154,1.0211357728733446,0.5857982635498047,0.1000669002532959
500,9.4,3.84,1.2,1,1,1,8,1.303385454354129,0.7353515396890508,0.6234545707702637,0.09740710258483887
500,9.4,3.84,1.2,1,1,1,9,1.2189453093285398,0.7789134617998256,0.7798092365264893,0.15212678909301758
500,9.4,3.84,1.2,1,1,1,10,2.7711669956777154,1.6211147082977562,0.6049010753631592,0.09954452514648438
500,9.4,3.84,1.2,1,1,1,11,1.9868714282896816,1.2049402729390102,0.6213297843933105,0.11148595809936523
500,9.4,3.84,1.2,1,1,1,12,2.4646955444381407,0.8942551967406053,0.6690073013305664,0.09500551223754883
500,9.4,3.84,1.2,1,1,1,13,1.741447286700999,0.816363262496149,0.6163346767425537,0.0980076789855957
500,9.4,3.84,1.2,1,1,1,14,2.8224291991424093,1.348389106005709,0.7000775337219238,0.1235201358795166
500,9.4,3.84,1.2,1,1,1,15,2.588473385274761,1.2544181113815276,0.658078670501709,0.09772968292236328
500,9.4,3.84,1.2,1,1,1,16,2.594720504690095,1.6123153066160496,0.5585131645202637,0.11182427406311035
500,9.4,3.84,1.2,1,1,1,17,2.828271588627727,1.361717639268605,0.5622155666351318,0.08808040618896484
500,9.4,3.84,1.2,1,1,1,18,2.6489658164550347,1.2068761746282093,0.6182816028594971,0.08390641212463379
500,9.4,3.84,1.2,1,1,1,19,2.5719969088987975,1.2619991024121382,0.6736271381378174,0.12520837783813477
500,9.4,3.84,1.2,1,1,1,20,2.6773641395805994,2.2043914517453076,0.8886737823486328,0.1378469467163086
500,9.4,3.84,1.2,1,1,1,21,1.2102406202220657,0.7722598220051704,0.5923874378204346,0.09863853454589844
500,9.4,3.84,1.2,1,1,1,22,1.356977716328936,0.7496246772115892,0.6339728832244873,0.09786057472229004
500,9.4,3.84,1.2,1,1,1,23,2.810892088545626,2.138139149811542,0.5625391006469727,0.09650254249572754
500,9.4,3.84,1.2,1,1,1,24,2.8244257006759943,3.0721064488393024,0.5521204471588135,0.09389352798461914
500,9.600000000000001,3.84,1.2,1,1,1,0,2.8251865265257643,1.3534004858044357,0.7292273044586182,0.1430377960205078
500,9.600000000000001,3.84,1.2,1,1,1,1,2.7374270303579182,1.2069318595303156,0.5846469402313232,0.07069897651672363
500,9.600000000000001,3.84,1.2,1,1,1,2,2.792287299189025,0.9470400116829651,0.584484338760376,0.09460878372192383
500,9.600000000000001,3.84,1.2,1,1,1,3,2.6730946215315026,1.9535732250176112,0.5883758068084717,0.10920572280883789
500,9.600000000000001,3.84,1.2,1,1,1,4,2.7675124482888767,0.9276682581425224,0.6508686542510986,0.10742807388305664
500,9.600000000000001,3.84,1.2,1,1,1,5,2.7902401196668327,1.147611437509337,0.7129576206207275,0.11151480674743652
500,9.600000000000001,3.84,1.2,1,1,1,6,2.827439749895991,1.7396710096074428,0.6254391670227051,0.09352397918701172
500,9.600000000000001,3.84,1.2,1,1,1,7,2.772724504695907,1.4704365686706018,0.554847002029419,0.09469318389892578
500,9.600000000000001,3.84,1.2,1,1,1,8,2.810106737764798,1.1492199824709006,0.5660538673400879,0.08734345436096191
500,9.600000000000001,3.84,1.2,1,1,1,9,2.8160977901123925,0.9899123141171438,0.60595703125,0.10770583152770996
500,9.600000000000001,3.84,1.2,1,1,1,10,2.7086836655166637,1.2266600705457578,0.6098406314849854,0.08351492881774902
500,9.600000000000001,3.84,1.2,1,1,1,11,2.828250581879931,2.3288719179738266,0.6644747257232666,0.11914944648742676
500,9.600000000000001,3.84,1.2,1,1,1,12,2.7874760448716223,0.8991413473853771,0.6036982536315918,0.09747552871704102
500,9.600000000000001,3.84,1.2,1,1,1,13,2.814963677043912,2.319261608474114,0.6017282009124756,0.11729884147644043
500,9.600000000000001,3.84,1.2,1,1,1,14,2.670047443188534,1.28659254563496,0.6568772792816162,0.08666682243347168
500,9.600000000000001,3.84,1.2,1,1,1,15,2.554831884787933,0.9750042946439772,0.6923830509185791,0.13258862495422363
500,9.600000000000001,3.84,1.2,1,1,1,16,2.4540002904467153,0.6732716240660453,0.697509765625,0.1387801170349121
500,9.600000000000001,3.84,1.2,1,1,1,17,2.2119976164257973,1.3243608840615804,0.6233282089233398,0.08398056030273438
500,9.600000000000001,3.84,1.2,1,1,1,18,2.815961252466094,1.2017742212666893,0.6144106388092041,0.0965113639831543
500,9.600000000000001,3.84,1.2,1,1,1,19,2.6745936113399043,1.4381152364260787,0.5734999179840088,0.08367085456848145
500,9.600000000000001,3.84,1.2,1,1,1,20,2.547874191750189,1.7789683638228488,0.6051204204559326,0.11377644538879395
500,9.600000000000001,3.84,1.2,1,1,1,21,2.8283421978316414,2.672568076524722,0.7214372158050537,0.1343536376953125
500,9.600000000000001,3.84,1.2,1,1,1,22,2.698596747534235,1.0311651574340315,0.5966012477874756,0.10048460960388184
500,9.600000000000001,3.84,1.2,1,1,1,23,2.819195333248189,1.4272608467370898,0.5658652782440186,0.09818148612976074
500,9.600000000000001,3.84,1.2,1,1,1,24,2.5251234347474405,1.614469976229112,0.569180965423584,0.10344648361206055
500,9.8,3.84,1.2,1,1,1,0,2.731640106007864,1.3834482379301083,0.5570716857910156,0.10246419906616211
500,9.8,3.84,1.2,1,1,1,1,1.2479412229336622,0.7086035088175343,0.6673054695129395,0.14791083335876465
500,9.8,3.84,1.2,1,1,1,2,2.735295488106152,1.3525177171723053,0.6198389530181885,0.09101271629333496
500,9.8,3.84,1.2,1,1,1,3,2.4145126626348765,2.4084300315877734,0.6086506843566895,0.11197757720947266
500,9.8,3.84,1.2,1,1,1,4,2.2047618279359202,0.803226046761575,0.5758817195892334,0.10871005058288574
500,9.8,3.84,1.2,1,1,1,5,2.827391952717027,2.823687428093983,0.6250464916229248,0.09534311294555664
500,9.8,3.84,1.2,1,1,1,6,2.645346525928596,0.8883616978006125,0.5674171447753906,0.0894627571105957
500,9.8,3.84,1.2,1,1,1,7,2.7742469872639313,1.2342042128367412,0.6877985000610352,0.13436412811279297
500,9.8,3.84,1.2,1,1,1,8,2.8199034039139943,1.7703031412416814,0.5927488803863525,0.11580252647399902
500,9.8,3.84,1.2,1,1,1,9,2.6629538501100316,1.2852048340218654,0.7778933048248291,0.12257552146911621
500,9.8,3.84,1.2,1,1,1,10,2.281070028569551,1.0283558201465253,0.5398612022399902,0.08203673362731934
500,9.8,3.84,1.2,1,1,1,11,2.724424723314883,1.81247896850657,0.5321536064147949,0.07919597625732422
500,9.8,3.84,1.2,1,1,1,12,2.789234563036668,0.8997946728998117,0.7532796859741211,0.12161755561828613
500,9.8,3.84,1.2,1,1,1,13,2.739124217899991,1.9420953369328786,0.6206181049346924,0.09952235221862793
500,9.8,3.84,1.2,1,1,1,14,2.802823095844456,1.3965317700366862,0.6134383678436279,0.09453511238098145
500,9.8,3.84,1.2,1,1,1,15,2.6419800185375784,0.8104974547850579,0.5719506740570068,0.0854642391204834
500,9.8,3.84,1.2,1,1,1,16,2.815869147973689,1.2420260906998275,0.6004407405853271,0.08708429336547852
500,9.8,3.84,1.2,1,1,1,17,2.8282459269609554,1.8417767036008905,0.7337756156921387,0.1272108554840088
500,9.8,3.84,1.2,1,1,1,18,2.738308524567637,1.9863458768997488,0.6057150363922119,0.12155795097351074
500,9.8,3.84,1.2,1,1,1,19,2.8283270652658157,1.5029578653650266,0.6218781471252441,0.09045290946960449
500,9.8,3.84,1.2,1,1,1,20,2.826654540244212,1.4557508114513356,0.6146409511566162,0.08907389640808105
500,9.8,3.84,1.2,1,1,1,21,2.598064300467951,1.6046192231939678,0.5935370922088623,0.07846808433532715
500,9.8,3.84,1.2,1,1,1,22,2.8284107101017444,0.8892878459988615,0.6900210380554199,0.11412453651428223
500,9.8,3.84,1.2,1,1,1,23,2.001440559907972,1.128963563024206,0.635530948638916,0.09151887893676758
500,9.8,3.84,1.2,1,1,1,24,2.8262591780107025,1.364109327128947,0.5649209022521973,0.12399101257324219
