n,s1,1_p_s2,s2,beta,q,sqrt_q,rep_no,eigen_mat_rerr,eigen_mat_terr,eigen_mat_gerr,eigen_mat_ev_time,eigen_mat_cal_translation_time
500,1,0.0,0.0,1,1,1,0,0.11238427932411459,0.09154661640979105,0.1758579100312634,0.46580934524536133,0.088226318359375
500,1,0.0,0.0,1,1,1,1,0.11336449567869629,0.0744019016505063,0.16170111239742724,0.3931572437286377,0.09402704238891602
500,1,0.0,0.0,1,1,1,2,0.0955924731425482,0.09329033553561099,0.16341359320795346,0.3983004093170166,0.08334136009216309
500,1,0.0,0.0,1,1,1,3,0.1075455988800138,0.059335622920001885,0.15593883558106433,0.4326627254486084,0.08049345016479492
500,1,0.0,0.0,1,1,1,4,0.1106621384392899,0.06972576491928816,0.14636082429566175,0.44101667404174805,0.09352731704711914
500,1,0.0,0.0,1,1,1,5,0.0968898676806695,0.06712651220494438,0.14660232928999067,0.42951130867004395,0.08905029296875
500,1,0.0,0.0,1,1,1,6,0.1184032969832956,0.0661783777291142,0.1550578842653137,0.4014322757720947,0.08590173721313477
500,1,0.0,0.0,1,1,1,7,0.121184015764985,0.07164013752270305,0.16979681044557665,0.47442078590393066,0.08400464057922363
500,1,0.0,0.0,1,1,1,8,0.11334441163503021,0.06785247632153428,0.13764129439958742,0.418414831161499,0.08603906631469727
500,1,0.0,0.0,1,1,1,9,0.09800873476698678,0.07109237260946726,0.14007457826332342,0.4178781509399414,0.08454394340515137
500,1,0.0,0.0,1,1,1,10,0.11758015730772595,0.07077810586500774,0.164728528204538,0.42829465866088867,0.09751462936401367
500,1,0.0,0.0,1,1,1,11,0.11839287529655439,0.07390123580176629,0.14832619626050986,0.420147180557251,0.08506488800048828
500,1,0.0,0.0,1,1,1,12,0.09848998185367883,0.06478404707811174,0.16327402893179055,0.41077518463134766,0.08985471725463867
500,1,0.0,0.0,1,1,1,13,0.10323795992306466,0.07746022197394892,0.14771800209747032,0.584789514541626,0.10021018981933594
500,1,0.0,0.0,1,1,1,14,0.09698748950450337,0.0646248654728023,0.14544792711085444,0.6724071502685547,0.12091255187988281
500,1,0.0,0.0,1,1,1,15,0.12142293073276458,0.07116956693736198,0.15811356605668225,0.7381389141082764,0.13819336891174316
500,1,0.0,0.0,1,1,1,16,0.11262792959233305,0.06707976735599754,0.15408314882086424,0.5105075836181641,0.09454584121704102
500,1,0.0,0.0,1,1,1,17,0.10724792574382574,0.07325229595112684,0.18050022169495258,0.41140007972717285,0.08398866653442383
500,1,0.0,0.0,1,1,1,18,0.09856932644691045,0.08425452673695051,0.15863833258158216,0.4295341968536377,0.09552288055419922
500,1,0.0,0.0,1,1,1,19,0.1146140843012145,0.07417092793088183,0.16896136516264398,0.45804452896118164,0.08643603324890137
500,1,0.0,0.0,1,1,1,20,0.11225569021027458,0.06644764372843733,0.1738674263371726,0.4050765037536621,0.08724188804626465
500,1,0.0,0.0,1,1,1,21,0.10222200447445909,0.12368274910475974,0.209366004575118,0.40949344635009766,0.08597183227539062
500,1,0.0,0.0,1,1,1,22,0.11428900453809618,0.07061293773171136,0.15263787704768372,0.40903592109680176,0.08353066444396973
500,1,0.0,0.0,1,1,1,23,0.10463499892467479,0.07053141320053896,0.1515365845989022,0.3951447010040283,0.09306550025939941
500,1,0.0,0.0,1,1,1,24,0.09123085510219328,0.07935231784200285,0.15391193291841448,0.40923333168029785,0.08692431449890137
500,1,0.44000000000000006,0.2,1,1,1,0,0.128614343521916,0.07816751682549102,0.19360429711238863,0.42226123809814453,0.08503580093383789
500,1,0.44000000000000006,0.2,1,1,1,1,0.11293151851057168,0.09126779209235927,0.16448125145070547,0.46196436882019043,0.09950900077819824
500,1,0.44000000000000006,0.2,1,1,1,2,0.10275064170128138,0.06758442830742613,0.1544613771039866,0.3885831832885742,0.09251928329467773
500,1,0.44000000000000006,0.2,1,1,1,3,0.1058961696210751,0.07516540883970811,0.1495269515213534,0.40755438804626465,0.08751034736633301
500,1,0.44000000000000006,0.2,1,1,1,4,0.09995239287317141,0.08701118590045771,0.17434594644537021,0.4569368362426758,0.10151386260986328
500,1,0.44000000000000006,0.2,1,1,1,5,0.10684615103728505,0.07497387960873114,0.17341437900886378,0.4107701778411865,0.07851266860961914
500,1,0.44000000000000006,0.2,1,1,1,6,0.10833072154539264,0.0673329136077053,0.17566363515309794,0.401409387588501,0.08750200271606445
500,1,0.44000000000000006,0.2,1,1,1,7,0.11953350043590096,0.07312995988500653,0.1576909998413735,0.582695722579956,0.14251971244812012
500,1,0.44000000000000006,0.2,1,1,1,8,0.10825129000968149,0.07329006887347576,0.1563113090707452,0.6741957664489746,0.1339116096496582
500,1,0.44000000000000006,0.2,1,1,1,9,0.12475996287298731,0.07592667692937996,0.1682631881881308,0.557199239730835,0.13606500625610352
500,1,0.44000000000000006,0.2,1,1,1,10,0.12448403023509917,0.06636288152327013,0.14585726771625213,0.6130023002624512,0.13951611518859863
500,1,0.44000000000000006,0.2,1,1,1,11,0.11030589292909826,0.0889175057896292,0.14852497418492938,0.6037077903747559,0.12206530570983887
500,1,0.44000000000000006,0.2,1,1,1,12,0.10982878518899801,0.08502910760213782,0.16668468338189776,0.606837272644043,0.14854860305786133
500,1,0.44000000000000006,0.2,1,1,1,13,0.10429749570453982,0.07827668133246582,0.1434265162034617,0.7028567790985107,0.15007495880126953
500,1,0.44000000000000006,0.2,1,1,1,14,0.11006973033443283,0.06405505591049734,0.1647029716125304,0.576901912689209,0.13443398475646973
500,1,0.44000000000000006,0.2,1,1,1,15,0.10171705910606264,0.0878056446095673,0.1613279649291082,0.5761406421661377,0.12105774879455566
500,1,0.44000000000000006,0.2,1,1,1,16,0.11369215010817545,0.09328087818018356,0.18075433895640267,0.5528144836425781,0.14761662483215332
500,1,0.44000000000000006,0.2,1,1,1,17,0.14120550863786568,0.09326433935918976,0.18686429516967487,0.5671253204345703,0.12904834747314453
500,1,0.44000000000000006,0.2,1,1,1,18,0.1126197044302061,0.07314800848329654,0.17474729093539912,0.6689939498901367,0.16367125511169434
500,1,0.44000000000000006,0.2,1,1,1,19,0.11081482480270011,0.07778867406908725,0.1518117158890435,0.5951433181762695,0.12089419364929199
500,1,0.44000000000000006,0.2,1,1,1,20,0.11424750753269537,0.07021083707982055,0.16286260640158648,0.5725059509277344,0.12854409217834473
500,1,0.44000000000000006,0.2,1,1,1,21,0.11317880937840025,0.07323333036684654,0.16225545714597137,0.588677167892456,0.13142633438110352
500,1,0.44000000000000006,0.2,1,1,1,22,0.09107138666112373,0.06694363933157488,0.14073880177191755,0.5821533203125,0.12941527366638184
500,1,0.44000000000000006,0.2,1,1,1,23,0.11839715216992971,0.08420877345484394,0.15815649992677439,0.7511780261993408,0.1405351161956787
500,1,0.44000000000000006,0.2,1,1,1,24,0.11718213138395138,0.06355276406301855,0.17666672702623704,0.768286943435669,0.13351774215698242
500,1,0.96,0.4,1,1,1,0,0.11447525359058393,0.07037838941483547,0.15073312554595852,0.5625457763671875,0.12009477615356445
500,1,0.96,0.4,1,1,1,1,0.11348607850409402,0.08225918304990405,0.1692733064106697,0.5647330284118652,0.12050294876098633
500,1,0.96,0.4,1,1,1,2,0.10691328261633515,0.08500287071170076,0.1769966995313263,0.5966050624847412,0.11352396011352539
500,1,0.96,0.4,1,1,1,3,0.11054886442285608,0.08266747913558149,0.168866227135872,0.6948244571685791,0.14088153839111328
500,1,0.96,0.4,1,1,1,4,0.10331594119711755,0.0957740699401572,0.174758391477659,0.587127685546875,0.12903332710266113
500,1,0.96,0.4,1,1,1,5,0.13432502843013144,0.09459808275286527,0.202109272575748,0.5764641761779785,0.11451339721679688
500,1,0.96,0.4,1,1,1,6,0.11651171935391601,0.07174523733678333,0.14928736319716304,0.5790510177612305,0.1294102668762207
500,1,0.96,0.4,1,1,1,7,0.1088018657835729,0.09832053017477357,0.20712239595834647,0.5616858005523682,0.11704611778259277
500,1,0.96,0.4,1,1,1,8,0.10934815530790588,0.08034536092322897,0.16298499136387065,0.762444019317627,0.18262529373168945
500,1,0.96,0.4,1,1,1,9,0.10742283419104134,0.09103474691463097,0.1532221327289076,0.5892581939697266,0.1180264949798584
500,1,0.96,0.4,1,1,1,10,0.11096006700697239,0.0880142306179948,0.17950934407671182,0.5787699222564697,0.12351465225219727
500,1,0.96,0.4,1,1,1,11,0.10411983567384117,0.08422267653051448,0.16840015613617587,0.5787999629974365,0.11603975296020508
500,1,0.96,0.4,1,1,1,12,0.11728607054596282,0.07440665070298252,0.17766663024587445,0.5580003261566162,0.1190643310546875
500,1,0.96,0.4,1,1,1,13,0.10904806744188546,0.07298082844527999,0.16540513144468866,0.6837477684020996,0.17261004447937012
500,1,0.96,0.4,1,1,1,14,0.09714447068845897,0.08837378876139,0.1709889809060614,0.6325728893280029,0.11420440673828125
500,1,0.96,0.4,1,1,1,15,0.1160751821713882,0.08946942971323109,0.18134697347767392,0.592958927154541,0.11552858352661133
500,1,0.96,0.4,1,1,1,16,0.128846675944306,0.07527416317883415,0.1533485014549456,0.5749502182006836,0.12053847312927246
500,1,0.96,0.4,1,1,1,17,0.12347763175528742,0.08539780516379565,0.15787988609998177,0.5678279399871826,0.1185145378112793
500,1,0.96,0.4,1,1,1,18,0.10171871201432071,0.07472560346466758,0.1621751883870176,0.8164522647857666,0.1895890235900879
500,1,0.96,0.4,1,1,1,19,0.11425800167798608,0.07151866273413286,0.16003824239055203,0.7781758308410645,0.15930843353271484
500,1,0.96,0.4,1,1,1,20,0.10532850081104822,0.08136532913138543,0.16605290831560005,0.5952208042144775,0.14351534843444824
500,1,0.96,0.4,1,1,1,21,0.11653617228451243,0.08465676070648377,0.19019216111693185,0.5998752117156982,0.10522150993347168
500,1,0.96,0.4,1,1,1,22,0.12017634668443006,0.08497692725417401,0.16467125306874336,0.5812065601348877,0.12251567840576172
500,1,0.96,0.4,1,1,1,23,0.1152000392817638,0.08546430304253648,0.1971471465517089,0.6716468334197998,0.1654834747314453
500,1,0.96,0.4,1,1,1,24,0.1204661433843372,0.08332583605755312,0.1698527588895359,0.6474559307098389,0.12856149673461914
500,1,1.5600000000000003,0.6000000000000001,1,1,1,0,0.1110815771431745,0.09997015527765983,0.1657466771589743,0.5901787281036377,0.11503148078918457
500,1,1.5600000000000003,0.6000000000000001,1,1,1,1,0.106379620558091,0.09754036337065561,0.16109611154698672,0.5923433303833008,0.11756348609924316
500,1,1.5600000000000003,0.6000000000000001,1,1,1,2,0.13233463939259507,0.08438905460278288,0.1916369444686956,0.5671567916870117,0.11503052711486816
500,1,1.5600000000000003,0.6000000000000001,1,1,1,3,0.13088567431625922,0.137016537861229,0.2679022121774882,0.6394736766815186,0.13049960136413574
500,1,1.5600000000000003,0.6000000000000001,1,1,1,4,0.11236958400853157,0.09751231293575884,0.1675894160610032,0.7613184452056885,0.17260456085205078
500,1,1.5600000000000003,0.6000000000000001,1,1,1,5,0.12037177971768467,0.10124478078498933,0.2021143428953297,0.5890758037567139,0.1185159683227539
500,1,1.5600000000000003,0.6000000000000001,1,1,1,6,0.10702169487512687,0.1043248259126243,0.17916925207003168,0.5705554485321045,0.11595797538757324
500,1,1.5600000000000003,0.6000000000000001,1,1,1,7,0.11267680208674527,0.10158928939689726,0.18674813174739757,0.5769696235656738,0.13006210327148438
500,1,1.5600000000000003,0.6000000000000001,1,1,1,8,0.11272728815829505,0.09733557392106816,0.16321270058530418,0.6011636257171631,0.1401069164276123
500,1,1.5600000000000003,0.6000000000000001,1,1,1,9,0.11916065555633766,0.09165477137505745,0.1804636358186874,0.7787714004516602,0.17053818702697754
500,1,1.5600000000000003,0.6000000000000001,1,1,1,10,0.11457776360005793,0.10689124485620081,0.1718983920985046,0.6001560688018799,0.12202882766723633
500,1,1.5600000000000003,0.6000000000000001,1,1,1,11,0.1135667767181939,0.08422527218120701,0.1714529013847051,0.5794479846954346,0.10956430435180664
500,1,1.5600000000000003,0.6000000000000001,1,1,1,12,0.12290519628370009,0.09315462223662663,0.20634170180712305,0.7439072132110596,0.17363715171813965
500,1,1.5600000000000003,0.6000000000000001,1,1,1,13,0.12121267540771831,0.10600453526653995,0.18538960991691972,0.7659966945648193,0.1445000171661377
500,1,1.5600000000000003,0.6000000000000001,1,1,1,14,0.11282185141725663,0.08907271362454539,0.17525788861460864,0.7498297691345215,0.18209075927734375
500,1,1.5600000000000003,0.6000000000000001,1,1,1,15,0.10472843102573534,0.11514896058850489,0.18158218811211707,0.5834779739379883,0.13150572776794434
500,1,1.5600000000000003,0.6000000000000001,1,1,1,16,0.11060444741679405,0.09520500207276522,0.19014412287128485,0.6081874370574951,0.12141680717468262
500,1,1.5600000000000003,0.6000000000000001,1,1,1,17,0.11873082070816167,0.09521680736811325,0.20020169345718306,0.6359667778015137,0.13175177574157715
500,1,1.5600000000000003,0.6000000000000001,1,1,1,18,0.11173530609134813,0.12583119136417958,0.20930773760890228,0.6236495971679688,0.14510512351989746
500,1,1.5600000000000003,0.6000000000000001,1,1,1,19,0.11831941537715487,0.09949811335618107,0.20169198622270645,0.7664284706115723,0.16600251197814941
500,1,1.5600000000000003,0.6000000000000001,1,1,1,20,0.10713805764137622,0.10150269715663975,0.17789073468927352,0.5973823070526123,0.11604666709899902
500,1,1.5600000000000003,0.6000000000000001,1,1,1,21,0.11134050077259877,0.08787789678704157,0.16898604949315976,0.5739030838012695,0.12007856369018555
500,1,1.5600000000000003,0.6000000000000001,1,1,1,22,0.1236826537092909,0.11491314281543101,0.2328329945202393,0.5736753940582275,0.11879730224609375
500,1,1.5600000000000003,0.6000000000000001,1,1,1,23,0.13208198890788983,0.1142262266690115,0.2140589168030307,0.5790789127349854,0.11824512481689453
500,1,1.5600000000000003,0.6000000000000001,1,1,1,24,0.13379901142614292,0.09901964190638478,0.17178399490284596,0.6341023445129395,0.1649799346923828
500,1,2.2399999999999998,0.8,1,1,1,0,0.1285071500772944,0.11575764435693199,0.21543322167172485,0.5931835174560547,0.11605381965637207
500,1,2.2399999999999998,0.8,1,1,1,1,0.12894202882785474,0.1330515467648857,0.19310637586875345,0.8284647464752197,0.09645628929138184
500,1,2.2399999999999998,0.8,1,1,1,2,0.11513644243229687,0.11202187321803941,0.200684602462873,0.7022335529327393,0.13040637969970703
500,1,2.2399999999999998,0.8,1,1,1,3,0.12743852442002887,0.1104139915331674,0.20543076467327476,0.7206511497497559,0.1474604606628418
500,1,2.2399999999999998,0.8,1,1,1,4,0.11167994796701117,0.12919721350760727,0.19117371960858315,0.8538248538970947,0.1815662384033203
500,1,2.2399999999999998,0.8,1,1,1,5,0.12725931214524483,0.12845758592625312,0.22526644389031494,0.7640335559844971,0.18648838996887207
500,1,2.2399999999999998,0.8,1,1,1,6,0.11329042816931004,0.17533529086217584,0.2541638247370511,0.8460683822631836,0.18248295783996582
500,1,2.2399999999999998,0.8,1,1,1,7,0.14025543101777246,0.12558502344785527,0.20176188423223146,0.6901342868804932,0.11365771293640137
500,1,2.2399999999999998,0.8,1,1,1,8,0.12503680938969497,0.13882303462303963,0.22092080995891603,0.8252239227294922,0.1624619960784912
500,1,2.2399999999999998,0.8,1,1,1,9,0.13111336723853054,0.11048212765331876,0.19675215180695924,0.7577846050262451,0.13940954208374023
500,1,2.2399999999999998,0.8,1,1,1,10,0.11920788428163115,0.11769667838910064,0.21764293038091204,0.7216718196868896,0.12079262733459473
500,1,2.2399999999999998,0.8,1,1,1,11,0.12361156340177638,0.12479915736334816,0.21102863656502685,0.6711986064910889,0.10710453987121582
500,1,2.2399999999999998,0.8,1,1,1,12,0.11000160393208622,0.11538787522154859,0.2178161333181362,0.6823406219482422,0.15421557426452637
500,1,2.2399999999999998,0.8,1,1,1,13,0.11866378506250436,0.12142142186272818,0.2028034875784159,0.8340234756469727,0.18423032760620117
500,1,2.2399999999999998,0.8,1,1,1,14,0.12416273865990977,0.1255445878457201,0.1853765711425746,0.7382941246032715,0.11540842056274414
500,1,2.2399999999999998,0.8,1,1,1,15,0.11777381095057265,0.15178455962433596,0.2495490762326451,0.7559709548950195,0.1714646816253662
500,1,2.2399999999999998,0.8,1,1,1,16,0.12010663523825979,0.11644216170003698,0.22311335744366434,0.8002169132232666,0.13592815399169922
500,1,2.2399999999999998,0.8,1,1,1,17,0.11446993242109607,0.11538998580983245,0.21279806923476965,0.7965781688690186,0.1743450164794922
500,1,2.2399999999999998,0.8,1,1,1,18,0.1231898922525641,0.13293097714393085,0.21627989543509218,0.6811444759368896,0.11708426475524902
500,1,2.2399999999999998,0.8,1,1,1,19,0.12072055022932623,0.12797735553393835,0.20733668455514706,0.7314596176147461,0.1275629997253418
500,1,2.2399999999999998,0.8,1,1,1,20,0.11515258011712821,0.10804295064969265,0.18703111157844776,0.7089943885803223,0.13818717002868652
500,1,2.2399999999999998,0.8,1,1,1,21,0.11279171472240268,0.12546677052653785,0.1999984684325855,0.7788047790527344,0.1644906997680664
500,1,2.2399999999999998,0.8,1,1,1,22,0.11930720520849021,0.11189695518565962,0.19515378607436612,0.9525682926177979,0.19524407386779785
500,1,2.2399999999999998,0.8,1,1,1,23,0.12701662101268982,0.12003810488945374,0.21182204119854037,0.7754240036010742,0.15898728370666504
500,1,2.2399999999999998,0.8,1,1,1,24,0.11160150574408183,0.12953542342989216,0.2400123309750286,0.7164249420166016,0.1244821548461914
500,1,3.0,1.0,1,1,1,0,0.11721840394560731,0.1488819852350319,0.20925202926020026,0.6737072467803955,0.12471771240234375
500,1,3.0,1.0,1,1,1,1,0.10500148811199887,0.15045587073241093,0.21936106497541516,0.7524104118347168,0.15711522102355957
500,1,3.0,1.0,1,1,1,2,0.12397350264970147,0.1470323973672128,0.22927893159083684,0.6752016544342041,0.10225033760070801
500,1,3.0,1.0,1,1,1,3,0.11196540072745971,0.14370691228121948,0.2072880175623484,0.6411700248718262,0.11808991432189941
500,1,3.0,1.0,1,1,1,4,0.12307057203555007,0.13924041993820302,0.24561822184174426,0.6433050632476807,0.13231849670410156
500,1,3.0,1.0,1,1,1,5,0.11411553233899589,0.12372083772774038,0.21084346183815023,0.6427712440490723,0.1275632381439209
500,1,3.0,1.0,1,1,1,6,0.13603410715398268,0.13263784329095635,0.2349097233342234,0.742607593536377,0.14742350578308105
500,1,3.0,1.0,1,1,1,7,0.12903495792052355,0.12902677830666867,0.22796036140882855,0.6933739185333252,0.12508773803710938
500,1,3.0,1.0,1,1,1,8,0.13583844337911333,0.13020767069312625,0.20669458167173793,0.6732771396636963,0.13013696670532227
500,1,3.0,1.0,1,1,1,9,0.14283840845062565,0.14277630543366177,0.22814352008697925,0.6314382553100586,0.10808992385864258
500,1,3.0,1.0,1,1,1,10,0.12724994142781823,0.16570932513726777,0.2130481826980444,0.6631877422332764,0.15604543685913086
500,1,3.0,1.0,1,1,1,11,0.12009850666734956,0.14347648979101157,0.20410876592353458,0.8409411907196045,0.18310832977294922
500,1,3.0,1.0,1,1,1,12,0.11609853932948755,0.1437143265532194,0.2542586574959907,0.5877861976623535,0.1248788833618164
500,1,3.0,1.0,1,1,1,13,0.12364027196433684,0.1431375403383986,0.23082356544460195,0.6589348316192627,0.1208181381225586
500,1,3.0,1.0,1,1,1,14,0.12787317307423476,0.13826095081382841,0.23512551472553736,0.5638742446899414,0.1371779441833496
500,1,3.0,1.0,1,1,1,15,0.12657317442129837,0.1451106481887861,0.21094247719313933,1.4388494491577148,0.25438451766967773
500,1,3.0,1.0,1,1,1,16,0.13350860022436792,0.1463000488109522,0.2354736865563663,1.4728784561157227,0.1734306812286377
500,1,3.0,1.0,1,1,1,17,0.11046191729365597,0.13806508075361593,0.22657665473584207,1.2899205684661865,0.15211915969848633
500,1,3.0,1.0,1,1,1,18,0.11867594615361676,0.14396537957845232,0.22937028214222915,1.5152695178985596,0.19414520263671875
500,1,3.0,1.0,1,1,1,19,0.13595272544603434,0.15964129773515942,0.22722216737783335,1.2397379875183105,0.3614673614501953
500,1,3.0,1.0,1,1,1,20,0.12597786242456402,0.13497675000203116,0.21284002701624444,1.5158634185791016,0.1763439178466797
500,1,3.0,1.0,1,1,1,21,0.15868294877723543,0.13244734573645106,0.19699971750492135,1.5408899784088135,0.2514779567718506
500,1,3.0,1.0,1,1,1,22,0.12029042485299409,0.1429402269455884,0.2348682147641033,1.3666512966156006,0.16599178314208984
500,1,3.0,1.0,1,1,1,23,0.11662393581291504,0.13726602417660905,0.21996249004548546,1.159083366394043,0.20493602752685547
500,1,3.0,1.0,1,1,1,24,0.16016522418711038,0.13220101124671327,0.2284270982838258,1.5571253299713135,0.25432538986206055
500,1,3.8400000000000007,1.2000000000000002,1,1,1,0,0.13302112031720884,0.18529385928130077,0.2667306539073213,1.4658203125,0.16773319244384766
500,1,3.8400000000000007,1.2000000000000002,1,1,1,1,0.13478536308040498,0.18097638843882805,0.23935060006171238,1.5733239650726318,0.3570899963378906
500,1,3.8400000000000007,1.2000000000000002,1,1,1,2,0.12723324370564879,0.1618826474727199,0.25871113921793987,1.4467554092407227,0.2759368419647217
500,1,3.8400000000000007,1.2000000000000002,1,1,1,3,0.10966842758974792,0.19039460056725466,0.2498529999635745,1.1021087169647217,0.2991142272949219
500,1,3.8400000000000007,1.2000000000000002,1,1,1,4,0.14561256922803853,0.18453309314527985,0.26519966605857265,0.8249814510345459,0.08307385444641113
500,1,3.8400000000000007,1.2000000000000002,1,1,1,5,0.13446678365706882,0.1943754726577939,0.2469948317555395,0.45212578773498535,0.09279727935791016
500,1,3.8400000000000007,1.2000000000000002,1,1,1,6,0.11634140764255826,0.16554805145572657,0.22942575917751923,0.5415782928466797,0.12352681159973145
500,1,3.8400000000000007,1.2000000000000002,1,1,1,7,0.13168648770917937,0.1791291947956341,0.2600551666947335,0.49222540855407715,0.11665678024291992
500,1,3.8400000000000007,1.2000000000000002,1,1,1,8,0.12500581830666524,0.17773971723924403,0.2478070287649648,0.49852871894836426,0.10799360275268555
500,1,3.8400000000000007,1.2000000000000002,1,1,1,9,0.13148823683550906,0.17816321692250137,0.2433712565628488,0.4844999313354492,0.11233234405517578
500,1,3.8400000000000007,1.2000000000000002,1,1,1,10,0.13417779194375234,0.15586015267780828,0.2352919559373688,0.4965085983276367,0.10363435745239258
500,1,3.8400000000000007,1.2000000000000002,1,1,1,11,0.13378428367953601,0.17550743227970686,0.2742382631345211,0.48363447189331055,0.10583019256591797
500,1,3.8400000000000007,1.2000000000000002,1,1,1,12,0.14591218666096273,0.18490189175917818,0.30539163041359674,0.5396881103515625,0.11662483215332031
500,1,3.8400000000000007,1.2000000000000002,1,1,1,13,0.11674755393978696,0.16774515620085,0.22519065068726346,0.46363210678100586,0.09397268295288086
500,1,3.8400000000000007,1.2000000000000002,1,1,1,14,0.12565208556856902,0.15482021831491002,0.2501549761560486,0.4465627670288086,0.09920215606689453
500,1,3.8400000000000007,1.2000000000000002,1,1,1,15,0.13562135305845105,0.15248977406107658,0.22742208680392864,0.4107344150543213,0.09060096740722656
500,1,3.8400000000000007,1.2000000000000002,1,1,1,16,0.1379749391665363,0.15382789928811047,0.2412207423437349,0.4277358055114746,0.09909653663635254
500,1,3.8400000000000007,1.2000000000000002,1,1,1,17,0.15302884246432075,0.19579751172380572,0.2596361524047873,0.43346738815307617,0.09300374984741211
500,1,3.8400000000000007,1.2000000000000002,1,1,1,18,0.12161828386265108,0.1519928149206069,0.22454630989800914,0.42998671531677246,0.10696673393249512
500,1,3.8400000000000007,1.2000000000000002,1,1,1,19,0.12592746917885309,0.15843717302272348,0.2507717155609197,0.47721385955810547,0.08683562278747559
500,1,3.8400000000000007,1.2000000000000002,1,1,1,20,0.13855882245398776,0.1885344161213128,0.2888043012112455,0.4000437259674072,0.08483099937438965
500,1,3.8400000000000007,1.2000000000000002,1,1,1,21,0.11375121739860641,0.1485429570009553,0.2355071622692704,0.43418312072753906,0.09430336952209473
500,1,3.8400000000000007,1.2000000000000002,1,1,1,22,0.15890572518367355,0.17805232537908536,0.27362420227940204,0.46975159645080566,0.1031949520111084
500,1,3.8400000000000007,1.2000000000000002,1,1,1,23,0.11656722428024446,0.1396818748314289,0.24875898403269797,0.390775203704834,0.08286786079406738
500,1,3.8400000000000007,1.2000000000000002,1,1,1,24,0.11857565451715522,0.18624483105661505,0.30430686734885204,0.39584946632385254,0.08244657516479492
500,1,4.760000000000001,1.4000000000000001,1,1,1,0,0.1564525588697046,0.18790438183638652,0.2934392595308295,0.45736169815063477,0.09009075164794922
500,1,4.760000000000001,1.4000000000000001,1,1,1,1,0.15344481666640736,0.18224989566755803,0.2841283130989185,0.4112544059753418,0.08934950828552246
500,1,4.760000000000001,1.4000000000000001,1,1,1,2,0.1550856475946691,0.206790947473265,0.2984914049336794,0.39597368240356445,0.08800435066223145
500,1,4.760000000000001,1.4000000000000001,1,1,1,3,0.17831604278356014,0.19983622265797735,0.3039434006834673,0.4055900573730469,0.08102250099182129
500,1,4.760000000000001,1.4000000000000001,1,1,1,4,0.14869530001232048,0.21145005111959228,0.28848340860113225,0.41005706787109375,0.09753632545471191
500,1,4.760000000000001,1.4000000000000001,1,1,1,5,0.13421907047106596,0.20192398313868132,0.277229488377122,0.41460275650024414,0.08570456504821777
500,1,4.760000000000001,1.4000000000000001,1,1,1,6,0.1450577680400155,0.19401065321880556,0.3136605691441612,0.4003770351409912,0.08783864974975586
500,1,4.760000000000001,1.4000000000000001,1,1,1,7,0.14090470737209013,0.1947501647537181,0.2986956412513195,0.4733307361602783,0.09521675109863281
500,1,4.760000000000001,1.4000000000000001,1,1,1,8,0.13872172743740524,0.18800278184287905,0.2711917793848089,0.3951601982116699,0.08398771286010742
500,1,4.760000000000001,1.4000000000000001,1,1,1,9,0.13204225114672777,0.2558254318794562,0.36055122576327814,0.4266934394836426,0.08197879791259766
500,1,4.760000000000001,1.4000000000000001,1,1,1,10,0.14028261304284367,0.1701958430772417,0.2938700618995197,0.4079310894012451,0.09129738807678223
500,1,4.760000000000001,1.4000000000000001,1,1,1,11,0.12346202055540219,0.17525255969242487,0.25079013581445975,0.402909517288208,0.0841379165649414
500,1,4.760000000000001,1.4000000000000001,1,1,1,12,0.1398329051412734,0.18320079986428484,0.27827782333087475,0.41675567626953125,0.09264731407165527
500,1,4.760000000000001,1.4000000000000001,1,1,1,13,0.12518748394237528,0.2036379856889451,0.2903779939738548,0.4082071781158447,0.09388470649719238
500,1,4.760000000000001,1.4000000000000001,1,1,1,14,0.12646418691472183,0.2228334977018563,0.32139131115281455,0.4407973289489746,0.08841538429260254
500,1,4.760000000000001,1.4000000000000001,1,1,1,15,0.13375136632437185,0.17750482259573008,0.2686450374607917,0.41507411003112793,0.08215975761413574
500,1,4.760000000000001,1.4000000000000001,1,1,1,16,0.15431037670743575,0.209580703135893,0.27907638148719954,0.4145772457122803,0.08198809623718262
500,1,4.760000000000001,1.4000000000000001,1,1,1,17,0.12553683648681968,0.18046355551089646,0.27665398273991976,0.4118375778198242,0.08843016624450684
500,1,4.760000000000001,1.4000000000000001,1,1,1,18,0.14381720791714647,0.19069012422472933,0.26694713914230417,0.408611536026001,0.0846092700958252
500,1,4.760000000000001,1.4000000000000001,1,1,1,19,0.13797108686094847,0.18282528352429867,0.274277632147753,0.40726542472839355,0.08611893653869629
500,1,4.760000000000001,1.4000000000000001,1,1,1,20,0.1450079229288884,0.23531697605842458,0.27840654116217256,0.4075586795806885,0.09199857711791992
500,1,4.760000000000001,1.4000000000000001,1,1,1,21,0.15168566146389129,0.19355885296493894,0.29293093464163356,0.42902469635009766,0.09883618354797363
500,1,4.760000000000001,1.4000000000000001,1,1,1,22,0.1438815355788754,0.1886082032052404,0.28747382624210527,0.6091458797454834,0.10036659240722656
500,1,4.760000000000001,1.4000000000000001,1,1,1,23,0.1560911427954962,0.17478029977675746,0.27597031595190064,0.5121428966522217,0.10227108001708984
500,1,4.760000000000001,1.4000000000000001,1,1,1,24,0.1305101092607155,0.1794772436067371,0.25531183242887384,0.5337257385253906,0.12306094169616699
500,1,5.760000000000001,1.6,1,1,1,0,0.15852185105730862,0.28135255304705775,0.40213807935981527,0.550220251083374,0.11038446426391602
500,1,5.760000000000001,1.6,1,1,1,1,0.143229347277812,0.20906348526340876,0.3031661204061371,0.5572373867034912,0.13725876808166504
500,1,5.760000000000001,1.6,1,1,1,2,0.15598601325748024,0.21373298244913694,0.2933434522621927,0.6771881580352783,0.15780997276306152
500,1,5.760000000000001,1.6,1,1,1,3,0.13997583961516047,0.2395532636838848,0.3242131316274519,0.6084396839141846,0.14184236526489258
500,1,5.760000000000001,1.6,1,1,1,4,0.19306829512413862,0.21526655357930277,0.31951492565572126,0.6167490482330322,0.12140965461730957
500,1,5.760000000000001,1.6,1,1,1,5,0.1693227210239536,0.21686167822205227,0.3134170270656772,0.608288049697876,0.1207127571105957
500,1,5.760000000000001,1.6,1,1,1,6,0.14344223448521526,0.2347656608705646,0.36703341466675515,0.5924336910247803,0.1185307502746582
500,1,5.760000000000001,1.6,1,1,1,7,0.1405683448584637,0.23378336090724802,0.3044155406573414,0.6274874210357666,0.16083598136901855
500,1,5.760000000000001,1.6,1,1,1,8,0.1500744321803647,0.19448252280422887,0.29613642550840463,0.563622236251831,0.10860896110534668
500,1,5.760000000000001,1.6,1,1,1,9,0.14072018408012696,0.23573899398408127,0.3668311018665391,0.5367181301116943,0.11369609832763672
500,1,5.760000000000001,1.6,1,1,1,10,0.15470393729043022,0.20987445763628174,0.30319211052100137,0.5271475315093994,0.1044154167175293
500,1,5.760000000000001,1.6,1,1,1,11,0.14339024421101837,0.2735623441848106,0.4091143881273579,0.5079357624053955,0.0937037467956543
500,1,5.760000000000001,1.6,1,1,1,12,0.15506724013921233,0.19170873980276007,0.2777713256587298,0.49596548080444336,0.12090778350830078
500,1,5.760000000000001,1.6,1,1,1,13,0.16720550315953706,0.22993887697487614,0.32690728434964017,0.5871772766113281,0.13041043281555176
500,1,5.760000000000001,1.6,1,1,1,14,0.1416535147393521,0.24495532376891183,0.3108936862579911,0.4852719306945801,0.10691022872924805
500,1,5.760000000000001,1.6,1,1,1,15,0.1567939041019449,0.21531837277205254,0.289339163208142,0.6038107872009277,0.09414815902709961
500,1,5.760000000000001,1.6,1,1,1,16,0.1434197993848121,0.19093404550205054,0.28460965520143855,0.5772068500518799,0.09397721290588379
500,1,5.760000000000001,1.6,1,1,1,17,0.15309692462977526,0.19569401025510247,0.3284310855490422,0.5702178478240967,0.11521029472351074
500,1,5.760000000000001,1.6,1,1,1,18,0.15643585999353835,0.20069393255017504,0.29338875552926,0.648331880569458,0.12902379035949707
500,1,5.760000000000001,1.6,1,1,1,19,0.1553556752601458,0.19832354158483748,0.31903672009049056,0.5058889389038086,0.10395193099975586
500,1,5.760000000000001,1.6,1,1,1,20,0.1463505441869905,0.1992261187039173,0.2870792893795199,0.5026884078979492,0.09271001815795898
500,1,5.760000000000001,1.6,1,1,1,21,0.17964008961997058,0.2038359765695511,0.32760591998885114,0.48136138916015625,0.10096144676208496
500,1,5.760000000000001,1.6,1,1,1,22,0.14762824292164858,0.21002200411931884,0.322733522159393,0.5438480377197266,0.07289624214172363
500,1,5.760000000000001,1.6,1,1,1,23,0.15326176089790236,0.20491395973227258,0.35817572063017494,0.546147346496582,0.06302595138549805
500,1,5.760000000000001,1.6,1,1,1,24,0.1357322693637462,0.19673038809395005,0.2958497253945967,0.6835033893585205,0.12108683586120605
500,1,6.84,1.8,1,1,1,0,0.17540723320889892,0.23691065840277833,0.3489245561272122,0.5992996692657471,0.07514667510986328
500,1,6.84,1.8,1,1,1,1,0.16973258489598164,0.23228222314019503,0.3246984544980053,0.6339032649993896,0.1260237693786621
500,1,6.84,1.8,1,1,1,2,0.155038797290165,0.232943357195554,0.38627200835630604,0.6994757652282715,0.09306859970092773
500,1,6.84,1.8,1,1,1,3,0.15515091250389568,0.23708365580432975,0.35177942043246074,0.6796128749847412,0.12116169929504395
500,1,6.84,1.8,1,1,1,4,0.19396462900413322,0.2288716962160942,0.314591142285091,0.8974270820617676,0.10602951049804688
500,1,6.84,1.8,1,1,1,5,0.18317392457618636,0.23759799006182472,0.3465669206982809,0.7074458599090576,0.13389301300048828
500,1,6.84,1.8,1,1,1,6,0.14694493516661195,0.22148647505145838,0.31620306743104654,0.6316869258880615,0.09888720512390137
500,1,6.84,1.8,1,1,1,7,0.18187601340543424,0.24872313700539056,0.3337697398147438,0.6172623634338379,0.1029813289642334
500,1,6.84,1.8,1,1,1,8,0.1584727018839188,0.25704278735532765,0.3470511462410698,0.6012632846832275,0.12480282783508301
500,1,6.84,1.8,1,1,1,9,0.14564982811054974,0.2421477372895979,0.3221340989676305,0.6396939754486084,0.12551283836364746
500,1,6.84,1.8,1,1,1,10,0.15604140847275633,0.23867246767055272,0.33514230395024913,0.6079709529876709,0.12451815605163574
500,1,6.84,1.8,1,1,1,11,0.1695230687280871,0.24365576745327786,0.33605086816665775,0.576845645904541,0.127183198928833
500,1,6.84,1.8,1,1,1,12,0.16131480348809585,0.23785638127687636,0.3991711847649722,0.6596620082855225,0.08442521095275879
500,1,6.84,1.8,1,1,1,13,0.1799910340445857,0.24493978053396698,0.3622740205773348,0.6652655601501465,0.12853789329528809
500,1,6.84,1.8,1,1,1,14,0.16418101580184502,0.22055482138945443,0.3564133448299934,0.6455905437469482,0.12752723693847656
500,1,6.84,1.8,1,1,1,15,0.17533186177005358,0.2377762130592097,0.3778046292268183,0.516887903213501,0.10541725158691406
500,1,6.84,1.8,1,1,1,16,0.16945615527047828,0.25411833439524895,0.3601717778578266,0.5513575077056885,0.09240913391113281
500,1,6.84,1.8,1,1,1,17,0.14228813744307667,0.2650266209761538,0.3829299779370946,0.5486993789672852,0.09213018417358398
500,1,6.84,1.8,1,1,1,18,0.15361883491614559,0.24103759024645835,0.3642293150868177,0.5622498989105225,0.08063459396362305
500,1,6.84,1.8,1,1,1,19,0.1534529145099675,0.27803536664793554,0.3816031213924158,0.559206485748291,0.10145163536071777
500,1,6.84,1.8,1,1,1,20,0.17383373637997257,0.25817020758111325,0.3792003464240323,0.6436445713043213,0.11961865425109863
500,1,6.84,1.8,1,1,1,21,0.15871162871125818,0.22913190284599005,0.31793831202854156,0.5748579502105713,0.09766912460327148
500,1,6.84,1.8,1,1,1,22,0.1534303452738004,0.22400129575247152,0.3438733098160418,0.6482968330383301,0.09525918960571289
500,1,6.84,1.8,1,1,1,23,0.13790030562827904,0.22944372414458072,0.3142263139368398,0.6388726234436035,0.08666300773620605
500,1,6.84,1.8,1,1,1,24,0.1464238115027874,0.22778703167242406,0.31381246941451063,0.6552407741546631,0.104644775390625
500,1,8.0,2.0,1,1,1,0,0.14785739467170883,0.25898516393531185,0.34658087463351983,0.7631168365478516,0.13921189308166504
500,1,8.0,2.0,1,1,1,1,0.1778657448555282,0.24498292828763746,0.3580455200560422,0.6549038887023926,0.13912153244018555
500,1,8.0,2.0,1,1,1,2,0.17052833754059216,0.25895056423852336,0.38179252153395665,0.617393970489502,0.09964704513549805
500,1,8.0,2.0,1,1,1,3,0.18912362052035211,0.2931146651794117,0.3887443108986418,0.5819058418273926,0.0936734676361084
500,1,8.0,2.0,1,1,1,4,0.1559401567921877,0.36061905765753594,0.49476902725004324,0.6054413318634033,0.07294535636901855
500,1,8.0,2.0,1,1,1,5,0.18657419339345757,0.2746113857685321,0.37643594300386557,0.6025135517120361,0.11031270027160645
500,1,8.0,2.0,1,1,1,6,0.1808899704556717,0.24655606033771055,0.3288318679613842,0.5759172439575195,0.12995123863220215
500,1,8.0,2.0,1,1,1,7,0.17455099421406867,0.25601037781046565,0.37232064417737454,0.5873682498931885,0.08098292350769043
500,1,8.0,2.0,1,1,1,8,0.14937410003069865,0.274863938847623,0.3556558911146615,0.5881462097167969,0.1176450252532959
500,1,8.0,2.0,1,1,1,9,0.15105894267612593,0.3250007489239553,0.43434293015565606,0.5137288570404053,0.12117481231689453
500,1,8.0,2.0,1,1,1,10,0.1762770655975966,0.3761304127654082,0.5524074783630049,0.5293393135070801,0.10426044464111328
500,1,8.0,2.0,1,1,1,11,0.17819839064220966,0.2400841791981286,0.3726626048607832,0.6820068359375,0.13619589805603027
500,1,8.0,2.0,1,1,1,12,0.155566593595732,0.2808689944660023,0.4263780499573273,0.561424970626831,0.13165664672851562
500,1,8.0,2.0,1,1,1,13,0.1592605466203654,0.28547070095759325,0.3929219704978174,0.6897311210632324,0.16588234901428223
500,1,8.0,2.0,1,1,1,14,0.1850087372071757,0.2855308646357761,0.4361535759821754,0.6781511306762695,0.13988232612609863
500,1,8.0,2.0,1,1,1,15,0.17254176741561558,0.2710254114657296,0.38283148910748344,0.6715168952941895,0.16206073760986328
500,1,8.0,2.0,1,1,1,16,0.17868168664675488,0.2561685891719076,0.38243640030367904,0.8197023868560791,0.15168976783752441
500,1,8.0,2.0,1,1,1,17,0.20141152564692108,0.26811029980912937,0.3479998845382284,0.6663737297058105,0.11464619636535645
500,1,8.0,2.0,1,1,1,18,0.17081517828161222,0.2670831713620144,0.3765918763201341,0.704491376876831,0.09762787818908691
500,1,8.0,2.0,1,1,1,19,0.18492325926115732,0.2717189750000214,0.3811676306903544,0.6793901920318604,0.13474702835083008
500,1,8.0,2.0,1,1,1,20,0.17084951664554315,0.38602410922426494,0.47728712506142795,0.7396860122680664,0.176177978515625
500,1,8.0,2.0,1,1,1,21,0.16162783342167775,0.3168354676641011,0.39497522540796687,0.8687849044799805,0.1750783920288086
500,1,8.0,2.0,1,1,1,22,0.17884967501771118,0.27797280718229894,0.3569920829428209,0.7211346626281738,0.11464309692382812
500,1,8.0,2.0,1,1,1,23,0.1753030917222704,0.281671153567481,0.4368502140868804,0.8262314796447754,0.10909295082092285
500,1,8.0,2.0,1,1,1,24,0.15279926969505828,0.23968904567277816,0.34883356626657386,0.706383466720581,0.15221524238586426
500,1,9.240000000000002,2.2,1,1,1,0,0.1937035605036927,0.3126573522830016,0.4363000093225952,0.8627824783325195,0.2199549674987793
500,1,9.240000000000002,2.2,1,1,1,1,0.16768468040643272,0.266023314772097,0.3804329702346054,0.8224999904632568,0.15355992317199707
500,1,9.240000000000002,2.2,1,1,1,2,0.18913469693814447,0.26952826306056804,0.4296459821828225,0.6673901081085205,0.13581538200378418
500,1,9.240000000000002,2.2,1,1,1,3,0.19882605166998746,0.33896292034912057,0.48920155648891994,0.7764265537261963,0.10025882720947266
500,1,9.240000000000002,2.2,1,1,1,4,0.1645702379817639,0.2854323658577906,0.3859521535303754,0.8722188472747803,0.1767749786376953
500,1,9.240000000000002,2.2,1,1,1,5,0.18631143419778332,0.2787997290292132,0.39723698568844656,0.7241683006286621,0.13252687454223633
500,1,9.240000000000002,2.2,1,1,1,6,0.19696067057236394,0.27068730704485033,0.45036899872284497,0.7579178810119629,0.17009425163269043
500,1,9.240000000000002,2.2,1,1,1,7,0.16063963733941267,0.2771305820763329,0.3894245785166609,0.7105038166046143,0.11907815933227539
500,1,9.240000000000002,2.2,1,1,1,8,0.16848589551950743,0.3236518370914099,0.412324841994559,0.7275025844573975,0.12251782417297363
500,1,9.240000000000002,2.2,1,1,1,9,0.17985037298811232,0.33799191134298906,0.4313452184099586,0.7966728210449219,0.11841988563537598
500,1,9.240000000000002,2.2,1,1,1,10,0.1801710875948161,0.29207131192006325,0.3831781404103728,0.6338958740234375,0.09545040130615234
500,1,9.240000000000002,2.2,1,1,1,11,0.17013852422525327,0.28930729417901047,0.37377975174799516,0.5497426986694336,0.12775683403015137
500,1,9.240000000000002,2.2,1,1,1,12,0.19274620429290704,0.30872014294588707,0.41979283045930277,0.5673980712890625,0.15006709098815918
500,1,9.240000000000002,2.2,1,1,1,13,0.18835012896957556,0.2659215308580754,0.3889125477177562,0.5986671447753906,0.09249567985534668
500,1,9.240000000000002,2.2,1,1,1,14,0.17259443101400118,0.32450001219408225,0.44349510484451016,0.6666884422302246,0.1135411262512207
500,1,9.240000000000002,2.2,1,1,1,15,0.2062127110145417,0.2641290193452815,0.4032444999198172,0.5775079727172852,0.09701108932495117
500,1,9.240000000000002,2.2,1,1,1,16,0.19443718090248635,0.27196467150066106,0.43769430895322425,0.5229747295379639,0.09670639038085938
500,1,9.240000000000002,2.2,1,1,1,17,0.1752407444669029,0.29828106169031104,0.4048838002133305,0.5693354606628418,0.07903051376342773
500,1,9.240000000000002,2.2,1,1,1,18,0.20306656252363672,0.290443326694097,0.3974092730197383,0.5181713104248047,0.06822872161865234
500,1,9.240000000000002,2.2,1,1,1,19,0.17392672989753388,0.31863126799636304,0.4172222953123561,0.5139248371124268,0.11241650581359863
500,1,9.240000000000002,2.2,1,1,1,20,0.19848578868502736,0.3092653855193594,0.37809687690969,0.5637545585632324,0.08188223838806152
500,1,9.240000000000002,2.2,1,1,1,21,0.18470509770691998,0.2798666654898328,0.4327658495165586,0.5557422637939453,0.11192011833190918
500,1,9.240000000000002,2.2,1,1,1,22,0.17277782845541026,0.3109152754666751,0.41287244284127256,0.5502240657806396,0.0989539623260498
500,1,9.240000000000002,2.2,1,1,1,23,0.18945480393785263,0.3040127578294669,0.4552641580381799,0.571181058883667,0.07750964164733887
500,1,9.240000000000002,2.2,1,1,1,24,0.1939851070210309,0.2866364070193022,0.4470450523683364,0.5652873516082764,0.06873297691345215
500,1,10.560000000000002,2.4000000000000004,1,1,1,0,0.19498315502170738,0.3651148463665608,0.4973598275383604,0.5410397052764893,0.09672999382019043
500,1,10.560000000000002,2.4000000000000004,1,1,1,1,0.20283155938392738,0.33741960986970426,0.44935162998063305,0.5587432384490967,0.06898140907287598
500,1,10.560000000000002,2.4000000000000004,1,1,1,2,0.21384359943225523,0.3170966550445978,0.49435745522588004,0.547337532043457,0.08959221839904785
500,1,10.560000000000002,2.4000000000000004,1,1,1,3,0.19480950464194774,0.3224980831627483,0.4981946269927997,0.5354595184326172,0.09963846206665039
500,1,10.560000000000002,2.4000000000000004,1,1,1,4,0.2042423836928621,0.402665042217153,0.5542079795956816,0.5373735427856445,0.12379050254821777
500,1,10.560000000000002,2.4000000000000004,1,1,1,5,0.19482974772391592,0.31878613194706634,0.42859231090643946,0.5353832244873047,0.06551265716552734
500,1,10.560000000000002,2.4000000000000004,1,1,1,6,0.1970501206231392,0.2913377787494444,0.44235365653128955,0.563007116317749,0.10065603256225586
500,1,10.560000000000002,2.4000000000000004,1,1,1,7,0.18672989618695643,0.34095629654971704,0.46295184365704434,0.538210391998291,0.06788063049316406
500,1,10.560000000000002,2.4000000000000004,1,1,1,8,0.18580389468689854,0.2718511175309197,0.3996409315243038,0.4922323226928711,0.10383868217468262
500,1,10.560000000000002,2.4000000000000004,1,1,1,9,0.23697425613659787,0.29045917215092565,0.45037893873676604,0.5513265132904053,0.08194851875305176
500,1,10.560000000000002,2.4000000000000004,1,1,1,10,0.19190301844685534,0.35257333133284846,0.4795510962338825,0.5677769184112549,0.08411026000976562
500,1,10.560000000000002,2.4000000000000004,1,1,1,11,0.19584757121189295,0.2992224075425218,0.4185430524922988,0.5417771339416504,0.10021615028381348
500,1,10.560000000000002,2.4000000000000004,1,1,1,12,0.21459889965069034,0.2990983969487212,0.47871091327391674,0.6667289733886719,0.14096927642822266
500,1,10.560000000000002,2.4000000000000004,1,1,1,13,0.20047950441500556,0.30085770949712876,0.46346578056179977,0.6065976619720459,0.1117086410522461
500,1,10.560000000000002,2.4000000000000004,1,1,1,14,0.19221478409191567,0.32185160109518934,0.414387440524291,0.6570262908935547,0.14055538177490234
500,1,10.560000000000002,2.4000000000000004,1,1,1,15,0.20932991232990095,0.2901290966803262,0.4337242306556914,0.7382311820983887,0.16884660720825195
500,1,10.560000000000002,2.4000000000000004,1,1,1,16,0.22044166943500298,0.3253261911314138,0.4610356170520999,0.8593897819519043,0.18867182731628418
500,1,10.560000000000002,2.4000000000000004,1,1,1,17,0.18938003694905808,0.3224272387310849,0.4539489308516613,0.946805477142334,0.15342974662780762
500,1,10.560000000000002,2.4000000000000004,1,1,1,18,0.19866952928374731,0.33616722735583293,0.414927063163014,0.74361252784729,0.16536545753479004
500,1,10.560000000000002,2.4000000000000004,1,1,1,19,0.21102583449344897,0.31815111036853017,0.4285689517866528,0.7489233016967773,0.13605499267578125
500,1,10.560000000000002,2.4000000000000004,1,1,1,20,0.18745793717916232,0.3499925499079687,0.5103892876089904,0.842796802520752,0.1413114070892334
500,1,10.560000000000002,2.4000000000000004,1,1,1,21,0.21555299571456538,0.33462694450065544,0.5501799402152208,0.8931479454040527,0.18113446235656738
500,1,10.560000000000002,2.4000000000000004,1,1,1,22,0.18468138109735455,0.29644480661868927,0.4255602280888394,0.7314467430114746,0.17004680633544922
500,1,10.560000000000002,2.4000000000000004,1,1,1,23,0.1938475054103776,0.3392940542595384,0.4738629200601946,0.7529938220977783,0.12871789932250977
500,1,10.560000000000002,2.4000000000000004,1,1,1,24,0.18935642365170702,0.40837647214070893,0.4969880147159432,0.6674954891204834,0.1626729965209961
500,1,11.959999999999999,2.6,1,1,1,0,0.21209561118517067,0.28815220905435984,0.4554154565417433,0.8838598728179932,0.15511512756347656
500,1,11.959999999999999,2.6,1,1,1,1,0.2228208346159716,0.38104375294585385,0.5521002712963732,0.823721170425415,0.14038848876953125
500,1,11.959999999999999,2.6,1,1,1,2,0.21020365554830076,0.35179823857954695,0.548576868694061,0.762009859085083,0.1416165828704834
500,1,11.959999999999999,2.6,1,1,1,3,0.22350123094828397,0.36637729272123376,0.5141982233577636,0.6726620197296143,0.1206655502319336
500,1,11.959999999999999,2.6,1,1,1,4,0.20426573400955086,0.3542285629394575,0.5427664677723701,0.745246171951294,0.13946914672851562
500,1,11.959999999999999,2.6,1,1,1,5,0.20590773614305294,0.3491025132293918,0.506774015650803,0.8996422290802002,0.16451120376586914
500,1,11.959999999999999,2.6,1,1,1,6,0.1901894609973166,0.373965198102446,0.5537224086164942,0.8540961742401123,0.17215275764465332
500,1,11.959999999999999,2.6,1,1,1,7,0.21023961487655388,0.3753587753942944,0.4725326557394656,0.8136210441589355,0.18203997611999512
500,1,11.959999999999999,2.6,1,1,1,8,0.23147911882181832,0.31137740890917703,0.4156528220469002,0.7416768074035645,0.11516070365905762
500,1,11.959999999999999,2.6,1,1,1,9,0.1956378096008209,0.38072011306332526,0.5702373780965878,0.8685927391052246,0.14812707901000977
500,1,11.959999999999999,2.6,1,1,1,10,0.20163190417808582,0.3499622563606972,0.4603656962613495,0.6909041404724121,0.1826171875
500,1,11.959999999999999,2.6,1,1,1,11,0.24325992036463148,0.3995956341025447,0.5357958908049067,0.7747304439544678,0.11458086967468262
500,1,11.959999999999999,2.6,1,1,1,12,0.20377929268447323,0.35505711617883634,0.5570294363478495,1.0055477619171143,0.15894365310668945
500,1,11.959999999999999,2.6,1,1,1,13,0.20372768474849687,0.35594067096386217,0.46565486067035644,0.9153842926025391,0.1985321044921875
500,1,11.959999999999999,2.6,1,1,1,14,0.2475285695660394,0.3324785341066671,0.45075369722813174,0.703819751739502,0.1711273193359375
500,1,11.959999999999999,2.6,1,1,1,15,0.2165883048275939,0.31867501070827725,0.4582051085028205,0.7732701301574707,0.11151480674743652
500,1,11.959999999999999,2.6,1,1,1,16,0.17857740400853056,0.3581631025633533,0.44688069935359487,0.6778643131256104,0.12602949142456055
500,1,11.959999999999999,2.6,1,1,1,17,0.2038154350435711,0.37926411914449293,0.4863188512049236,0.7529125213623047,0.17214632034301758
500,1,11.959999999999999,2.6,1,1,1,18,0.20934161840891669,0.3986489598909614,0.5285638969226665,0.5854701995849609,0.13442230224609375
500,1,11.959999999999999,2.6,1,1,1,19,0.21856209030946183,0.3533510815440447,0.4920377896975517,0.6151456832885742,0.12853622436523438
500,1,11.959999999999999,2.6,1,1,1,20,0.2128424066588947,0.42607382139531363,0.6299070721688379,0.6658518314361572,0.09751319885253906
500,1,11.959999999999999,2.6,1,1,1,21,0.21446222017828373,0.3428981433560158,0.49075913778535607,0.6101503372192383,0.08250880241394043
500,1,11.959999999999999,2.6,1,1,1,22,0.19561146590470777,0.32744296678998397,0.4711123762838645,0.7083253860473633,0.14121747016906738
500,1,11.959999999999999,2.6,1,1,1,23,0.21785435885306398,0.4789384829658553,0.6967928418189193,0.6575467586517334,0.14290452003479004
500,1,11.959999999999999,2.6,1,1,1,24,0.23464279052594478,0.3380846600218826,0.48812169517106674,0.5590894222259521,0.11545634269714355
500,1,13.440000000000003,2.8000000000000003,1,1,1,0,0.2173408665057309,0.44269554188617194,0.6286814231520894,0.5271050930023193,0.07534003257751465
500,1,13.440000000000003,2.8000000000000003,1,1,1,1,0.21126661837847438,0.3756087364341394,0.5028359273738746,0.5088090896606445,0.10769462585449219
500,1,13.440000000000003,2.8000000000000003,1,1,1,2,0.23565895011106974,0.4552144255381908,0.5968740735113712,0.5527195930480957,0.08608460426330566
500,1,13.440000000000003,2.8000000000000003,1,1,1,3,0.21655975178095144,0.43119136240092576,0.6477511141818773,0.5966610908508301,0.12358260154724121
500,1,13.440000000000003,2.8000000000000003,1,1,1,4,0.24615607445065463,0.4240079641335581,0.5468522010693726,0.5547645092010498,0.08884263038635254
500,1,13.440000000000003,2.8000000000000003,1,1,1,5,0.24815199930006843,0.37673417895772837,0.6248861782577968,0.5240006446838379,0.09243488311767578
500,1,13.440000000000003,2.8000000000000003,1,1,1,6,0.23844800454748802,0.33880888957163147,0.5308667148781102,0.5362958908081055,0.07221055030822754
500,1,13.440000000000003,2.8000000000000003,1,1,1,7,0.23029298341495574,0.3618906907976718,0.4950581417207782,0.5412752628326416,0.0997323989868164
500,1,13.440000000000003,2.8000000000000003,1,1,1,8,0.2818677265057064,0.38864749007929505,0.6705152165850015,0.5503549575805664,0.10961389541625977
500,1,13.440000000000003,2.8000000000000003,1,1,1,9,0.24638434813224783,0.3673860248878799,0.570150029683785,0.545424222946167,0.06458735466003418
500,1,13.440000000000003,2.8000000000000003,1,1,1,10,0.20538234335750888,0.39394564314317615,0.47135177955597996,0.5443320274353027,0.08315587043762207
500,1,13.440000000000003,2.8000000000000003,1,1,1,11,0.23125670983951893,0.33928789256995395,0.45945234415419045,0.524350643157959,0.07658958435058594
500,1,13.440000000000003,2.8000000000000003,1,1,1,12,0.25822140594749926,0.40730047734740993,0.5341834232945725,0.5446298122406006,0.1049506664276123
500,1,13.440000000000003,2.8000000000000003,1,1,1,13,0.20490111559162516,0.36393312550620427,0.5272117500973732,0.5522315502166748,0.09293770790100098
500,1,13.440000000000003,2.8000000000000003,1,1,1,14,0.23568889524524975,0.39012988754095573,0.6258187827862055,0.5562386512756348,0.10201406478881836
500,1,13.440000000000003,2.8000000000000003,1,1,1,15,0.2202659112595245,0.443782910292229,0.570429035119386,0.542994499206543,0.07652974128723145
500,1,13.440000000000003,2.8000000000000003,1,1,1,16,0.24106946929446652,0.3491135881066785,0.4771275194019603,0.49673008918762207,0.11931586265563965
500,1,13.440000000000003,2.8000000000000003,1,1,1,17,0.2264632411624928,0.3628732708818837,0.5629719785784709,0.5406930446624756,0.07932066917419434
500,1,13.440000000000003,2.8000000000000003,1,1,1,18,0.24057693568983998,0.3648240855928078,0.5074046662952686,0.5418365001678467,0.0708012580871582
500,1,13.440000000000003,2.8000000000000003,1,1,1,19,0.2471997672710786,0.38766848915750407,0.4811464066190255,0.5520341396331787,0.09269571304321289
500,1,13.440000000000003,2.8000000000000003,1,1,1,20,0.23793424042203576,0.4089416529345197,0.5087885525659799,0.8658773899078369,0.17120647430419922
500,1,13.440000000000003,2.8000000000000003,1,1,1,21,0.22620956719416307,0.3451885771630889,0.5009547114962137,0.7255549430847168,0.13811802864074707
500,1,13.440000000000003,2.8000000000000003,1,1,1,22,0.22340207758469804,0.3959292763319958,0.5464054773306266,0.8000905513763428,0.14719200134277344
500,1,13.440000000000003,2.8000000000000003,1,1,1,23,0.25300151177434477,0.419938075203854,0.6215176747198252,0.6874029636383057,0.1571028232574463
500,1,13.440000000000003,2.8000000000000003,1,1,1,24,0.23482240609015886,0.4229038643537593,0.5582073417350191,0.896726131439209,0.17952203750610352
500,1,15.0,3.0,1,1,1,0,0.3564339386419779,0.5577535047596288,0.9141874434016067,0.7253646850585938,0.14952969551086426
500,1,15.0,3.0,1,1,1,1,0.25570012071790155,0.4194499147080166,0.6115363547695918,0.7660317420959473,0.13543462753295898
500,1,15.0,3.0,1,1,1,2,0.24386426136009703,0.4261873875919276,0.6333076245611988,0.7449290752410889,0.12851738929748535
500,1,15.0,3.0,1,1,1,3,0.2470604281446252,0.3754991001060281,0.5207693624311537,0.832777738571167,0.17089271545410156
500,1,15.0,3.0,1,1,1,4,0.25535375995765575,0.3582770930297068,0.5637059247501377,0.9287858009338379,0.17329812049865723
500,1,15.0,3.0,1,1,1,5,0.26505254212378443,0.35420028329725284,0.5138412177408906,0.7553942203521729,0.1423053741455078
500,1,15.0,3.0,1,1,1,6,0.22354093111202308,0.44066789959344194,0.6612459681251223,0.7674047946929932,0.12005877494812012
500,1,15.0,3.0,1,1,1,7,0.21871548427548035,0.3694392624226055,0.4797529909972773,0.7383828163146973,0.15347051620483398
500,1,15.0,3.0,1,1,1,8,0.24288969181366404,0.39105167315288564,0.5317930425759758,0.9212052822113037,0.17700743675231934
500,1,15.0,3.0,1,1,1,9,0.22721530803246096,0.37473425923574755,0.577696015377603,0.73384690284729,0.1381540298461914
500,1,15.0,3.0,1,1,1,10,0.26430304918833775,0.3808583841858936,0.5799134686963802,0.7621767520904541,0.16387438774108887
500,1,15.0,3.0,1,1,1,11,0.242833341564605,0.46365750842930087,0.6371346905329867,0.8808877468109131,0.17307806015014648
500,1,15.0,3.0,1,1,1,12,0.2408565839284779,0.3712900694997593,0.555589789384943,0.9516510963439941,0.12179136276245117
500,1,15.0,3.0,1,1,1,13,0.24244232117625647,0.5423247245649853,0.7198898675308886,0.8131675720214844,0.13151311874389648
500,1,15.0,3.0,1,1,1,14,0.2538893213606593,0.4577377373819665,0.5913786407987266,0.7335553169250488,0.17911863327026367
500,1,15.0,3.0,1,1,1,15,0.23660351760103704,0.40264058761127464,0.5506459824039909,0.72920823097229,0.1421680450439453
500,1,15.0,3.0,1,1,1,16,0.22070937434030663,0.3868251362846582,0.5899661021233644,0.8226232528686523,0.19202828407287598
500,1,15.0,3.0,1,1,1,17,0.23143936226672224,0.4658438545722999,0.6654205230816382,0.7803268432617188,0.135206937789917
500,1,15.0,3.0,1,1,1,18,0.2286368877331394,0.40293877109829573,0.5435617941529268,0.783517599105835,0.12558388710021973
500,1,15.0,3.0,1,1,1,19,0.23350918734210116,0.35377668237339266,0.5506785482191127,0.708087682723999,0.14128422737121582
500,1,15.0,3.0,1,1,1,20,0.2607679127214924,0.4581517372414544,0.6371509845989278,0.703427791595459,0.18306469917297363
500,1,15.0,3.0,1,1,1,21,0.3303569055158614,0.4009622396290341,0.585052732371535,0.8836829662322998,0.23049497604370117
500,1,15.0,3.0,1,1,1,22,0.2324487248563848,0.4258207701537903,0.598935802130055,0.877122163772583,0.19741034507751465
500,1,15.0,3.0,1,1,1,23,0.21115907241466497,0.3926188291352458,0.5002973803695543,0.773719072341919,0.18436598777770996
500,1,15.0,3.0,1,1,1,24,0.24607298073195888,0.4186246859656112,0.6427653771170477,0.6853611469268799,0.12142515182495117
500,1,16.64,3.2,1,1,1,0,0.26575390837149143,0.4293932081900646,0.573230163481379,0.8254671096801758,0.18155789375305176
500,1,16.64,3.2,1,1,1,1,0.262201695305603,0.403462339595289,0.6136760797309277,0.784517765045166,0.16713786125183105
500,1,16.64,3.2,1,1,1,2,0.2564699459603487,0.44011099916726404,0.6701140819774106,0.8768973350524902,0.12352705001831055
500,1,16.64,3.2,1,1,1,3,0.2762624132175264,0.5231028888428133,0.6817133243468239,0.7307181358337402,0.14377379417419434
500,1,16.64,3.2,1,1,1,4,0.2678127366370416,0.45195966125993164,0.618921195421986,0.8967599868774414,0.17158198356628418
500,1,16.64,3.2,1,1,1,5,0.28760219679120635,0.46550600695351707,0.6902244791754525,0.6677067279815674,0.12552309036254883
500,1,16.64,3.2,1,1,1,6,0.2404131290129074,0.49004705133271864,0.6495955729799758,0.6471247673034668,0.1388096809387207
500,1,16.64,3.2,1,1,1,7,1.1110931724026698,0.4361577827499981,1.3432877799029714,0.6680192947387695,0.11551022529602051
500,1,16.64,3.2,1,1,1,8,0.26558996417475217,0.42315864161583483,0.6270481678564805,0.6299035549163818,0.13658857345581055
500,1,16.64,3.2,1,1,1,9,0.28317189228993744,0.41578333322205624,0.6547529786127375,0.8004419803619385,0.1562507152557373
500,1,16.64,3.2,1,1,1,10,0.24378206922807624,0.4692203279363008,0.5980716559862528,0.6829242706298828,0.12045907974243164
500,1,16.64,3.2,1,1,1,11,0.24080274731699433,0.4715229993742882,0.705092589253436,0.5863163471221924,0.1062932014465332
500,1,16.64,3.2,1,1,1,12,0.2773118109933433,0.45454388071092666,0.6841880501561302,0.5757029056549072,0.10809159278869629
500,1,16.64,3.2,1,1,1,13,0.30335181849208,0.48621873680785876,0.7629057726978345,0.5933115482330322,0.10550999641418457
500,1,16.64,3.2,1,1,1,14,0.2616028115097727,0.5850863819145603,0.7554693949549394,0.6572723388671875,0.13481640815734863
500,1,16.64,3.2,1,1,1,15,0.30112743114614854,0.42724913314855173,0.5708184898846194,0.5508825778961182,0.07851624488830566
500,1,16.64,3.2,1,1,1,16,0.2717335676388141,0.4505736497618572,0.7043035100022272,0.5801033973693848,0.11198711395263672
500,1,16.64,3.2,1,1,1,17,0.30300597763147685,0.42102725379106704,0.6768543422962312,0.5450477600097656,0.11651420593261719
500,1,16.64,3.2,1,1,1,18,0.2809681305210016,0.4399976002476437,0.6016076443989824,0.5108685493469238,0.11704158782958984
500,1,16.64,3.2,1,1,1,19,0.31316205673702524,0.4614282281740538,0.5976886417189236,0.5375585556030273,0.10302138328552246
500,1,16.64,3.2,1,1,1,20,0.26062929495809634,0.43444243052986603,0.6517489739917613,0.6000089645385742,0.12020754814147949
500,1,16.64,3.2,1,1,1,21,0.3144948029402296,0.5439698834758979,0.8584646864161275,0.6101078987121582,0.1360626220703125
500,1,16.64,3.2,1,1,1,22,0.2897094941641554,0.5171388270363173,0.6458240719304457,0.5458393096923828,0.10063791275024414
500,1,16.64,3.2,1,1,1,23,0.2748291434567283,0.39108835965897376,0.5849877558987535,0.5344901084899902,0.11416745185852051
500,1,16.64,3.2,1,1,1,24,0.23642228771537283,0.49133847831627153,0.5767680478251127,0.5464932918548584,0.0681760311126709
500,1,18.360000000000003,3.4000000000000004,1,1,1,0,0.29388370175721285,0.4879366889519782,0.6554818191717624,0.5774459838867188,0.11634707450866699
500,1,18.360000000000003,3.4000000000000004,1,1,1,1,0.31190900047253417,0.5010435387181306,0.7138823830867359,0.5453879833221436,0.08269190788269043
500,1,18.360000000000003,3.4000000000000004,1,1,1,2,0.37655053184706794,0.5651877244487125,0.7668484856417999,0.5136346817016602,0.09089398384094238
500,1,18.360000000000003,3.4000000000000004,1,1,1,3,0.41808366005785086,0.508314821662637,0.8811950496172896,0.5342605113983154,0.1092534065246582
500,1,18.360000000000003,3.4000000000000004,1,1,1,4,0.3028975650510264,0.4753758182566806,0.6632224765008291,0.5118143558502197,0.1081075668334961
500,1,18.360000000000003,3.4000000000000004,1,1,1,5,0.28954585348780826,0.48626851859911924,0.6715462576285117,0.5226366519927979,0.10852169990539551
500,1,18.360000000000003,3.4000000000000004,1,1,1,6,0.3037177073311133,0.5434892027769673,0.8106544946924323,0.5751969814300537,0.08941984176635742
500,1,18.360000000000003,3.4000000000000004,1,1,1,7,0.2527008763530709,0.4604952114674029,0.7037802251590631,0.584212064743042,0.09857988357543945
500,1,18.360000000000003,3.4000000000000004,1,1,1,8,0.3749150173503095,0.4626723928278284,0.7176550577885541,0.5558817386627197,0.10465884208679199
500,1,18.360000000000003,3.4000000000000004,1,1,1,9,0.30161383737401204,0.4113046461738059,0.5838137854457595,0.5969460010528564,0.12686562538146973
500,1,18.360000000000003,3.4000000000000004,1,1,1,10,0.2804694358507237,0.4237631549280295,0.6089882705848952,0.6799089908599854,0.1005697250366211
500,1,18.360000000000003,3.4000000000000004,1,1,1,11,0.3488251021674845,0.44743642911697856,0.7188485929070949,0.8228063583374023,0.1954028606414795
500,1,18.360000000000003,3.4000000000000004,1,1,1,12,0.5811905323742561,0.536531827451458,0.8956472615535773,0.8584740161895752,0.15825796127319336
500,1,18.360000000000003,3.4000000000000004,1,1,1,13,0.700708154420955,0.5374931707224504,1.2382013251434054,0.8364706039428711,0.15262413024902344
500,1,18.360000000000003,3.4000000000000004,1,1,1,14,0.3351249550750023,0.5548733581582355,0.7770266846335979,0.7707512378692627,0.16788458824157715
500,1,18.360000000000003,3.4000000000000004,1,1,1,15,0.2860691704600672,0.45555907271479384,0.6647539643264794,0.7977814674377441,0.16693949699401855
500,1,18.360000000000003,3.4000000000000004,1,1,1,16,0.3013822910730021,0.47559517648133787,0.7113463333081708,0.775092363357544,0.15433621406555176
500,1,18.360000000000003,3.4000000000000004,1,1,1,17,0.3388175581930754,0.436750575252576,0.6635335742893691,0.7192656993865967,0.1274878978729248
500,1,18.360000000000003,3.4000000000000004,1,1,1,18,0.2871216931793927,0.42087257315487336,0.653654852212062,0.8150613307952881,0.16164231300354004
500,1,18.360000000000003,3.4000000000000004,1,1,1,19,0.3205258733293531,0.4318308946696858,0.6862105821591173,0.7238407135009766,0.14266562461853027
500,1,18.360000000000003,3.4000000000000004,1,1,1,20,0.3043267742468214,0.4790677471591747,0.6894208616294644,0.9331612586975098,0.11661911010742188
500,1,18.360000000000003,3.4000000000000004,1,1,1,21,0.34814871087796184,0.5485264421733864,0.8311382687118716,0.6806783676147461,0.13625502586364746
500,1,18.360000000000003,3.4000000000000004,1,1,1,22,0.38345963586343546,0.5040370758320725,0.8874967116955079,0.7795381546020508,0.10367751121520996
500,1,18.360000000000003,3.4000000000000004,1,1,1,23,0.2928164175167492,0.5167626708799472,0.6986801797480273,0.7192173004150391,0.1431272029876709
500,1,18.360000000000003,3.4000000000000004,1,1,1,24,0.3274420592158418,0.4597404948183568,0.6933265759201503,0.8909063339233398,0.19745469093322754
500,1,20.16,3.6,1,1,1,0,0.3050074709071881,0.459353008773984,0.670213298073938,0.7167384624481201,0.1080021858215332
500,1,20.16,3.6,1,1,1,1,0.3021241943671838,0.46065256422504425,0.7162756941249555,0.7228798866271973,0.1596207618713379
500,1,20.16,3.6,1,1,1,2,0.3700131832946006,0.5846362162735254,0.8900371303227668,0.7811741828918457,0.11070418357849121
500,1,20.16,3.6,1,1,1,3,0.3081825718324895,0.5566363010955737,0.7509955886273829,0.8913030624389648,0.15828394889831543
500,1,20.16,3.6,1,1,1,4,0.35769247500144713,0.5134562962900753,0.8711487712915225,0.711759090423584,0.11583065986633301
500,1,20.16,3.6,1,1,1,5,0.27434992487704507,0.45750852462258745,0.6808583439015568,0.7946114540100098,0.10512852668762207
500,1,20.16,3.6,1,1,1,6,0.27679116068753873,0.48364416368721236,0.6918414196805438,0.8854591846466064,0.15877032279968262
500,1,20.16,3.6,1,1,1,7,0.3317799938651711,0.5255596666873761,0.6808865758554479,0.9263081550598145,0.16105341911315918
500,1,20.16,3.6,1,1,1,8,0.30765749962858097,0.4670947668506962,0.6186566944731106,0.709566593170166,0.14082932472229004
500,1,20.16,3.6,1,1,1,9,0.6032800489051331,0.5340401084282118,0.9765120472536882,0.7801306247711182,0.1527407169342041
500,1,20.16,3.6,1,1,1,10,0.37891612329463853,0.45850507061864176,0.8151943826504506,0.7601699829101562,0.1615922451019287
500,1,20.16,3.6,1,1,1,11,0.32320613258762104,0.5348210248374616,0.7668599814150387,0.8315448760986328,0.16350173950195312
500,1,20.16,3.6,1,1,1,12,0.38848580472926636,0.4619200541719737,0.708124989196426,0.818476676940918,0.16163945198059082
500,1,20.16,3.6,1,1,1,13,0.31658031925027985,0.5124817650794625,0.7637980953242016,0.742995023727417,0.1297445297241211
500,1,20.16,3.6,1,1,1,14,0.3433970260833445,0.5298718639744876,0.8310366531708713,0.7231035232543945,0.12554669380187988
500,1,20.16,3.6,1,1,1,15,0.4337661431049002,0.529899526614861,0.732919300436262,0.7784991264343262,0.09925723075866699
500,1,20.16,3.6,1,1,1,16,0.31113120887312273,0.4983191979392951,0.6999252266241756,0.8789935111999512,0.20022845268249512
500,1,20.16,3.6,1,1,1,17,0.36946890942332405,0.5675615023946371,0.9370304118179611,0.7064716815948486,0.11565852165222168
500,1,20.16,3.6,1,1,1,18,0.30827422589981,0.5910161008086517,0.8978564802274496,0.7383818626403809,0.17308783531188965
500,1,20.16,3.6,1,1,1,19,0.32986530937249914,0.4781072077807034,0.6994798792041689,0.7249743938446045,0.12718987464904785
500,1,20.16,3.6,1,1,1,20,0.3669932311592733,0.5208768466007626,0.726989930787859,0.7810366153717041,0.1843881607055664
500,1,20.16,3.6,1,1,1,21,0.3401082750721424,0.4989687814384349,0.7689548608571397,0.9584805965423584,0.17986583709716797
500,1,20.16,3.6,1,1,1,22,0.3260431083007518,0.49708346362556105,0.6782024229155439,0.950282096862793,0.1614835262298584
500,1,20.16,3.6,1,1,1,23,0.3187658306999479,0.522865284119382,0.7705039110393452,0.7003898620605469,0.14120769500732422
500,1,20.16,3.6,1,1,1,24,0.3872021474584172,0.45365137020198265,0.7649441599448342,0.8088676929473877,0.17690634727478027
500,1,22.040000000000003,3.8000000000000003,1,1,1,0,0.3672692455387084,0.5122866385622998,0.8795558841010083,0.7591309547424316,0.12070798873901367
500,1,22.040000000000003,3.8000000000000003,1,1,1,1,0.4083523248232756,0.5435513074822995,0.9519036323055752,0.766324520111084,0.10568404197692871
500,1,22.040000000000003,3.8000000000000003,1,1,1,2,0.5810360328676629,0.588463627151647,0.9750357107966171,0.6731531620025635,0.12267279624938965
500,1,22.040000000000003,3.8000000000000003,1,1,1,3,0.47307663985420273,0.5541437670576013,0.7367093121992586,0.716292142868042,0.11058902740478516
500,1,22.040000000000003,3.8000000000000003,1,1,1,4,0.35855059789619903,0.436563651329104,0.7362671757973239,0.8464739322662354,0.16557073593139648
500,1,22.040000000000003,3.8000000000000003,1,1,1,5,0.3150741846741883,0.5377402304937433,0.7201511439494239,0.7292394638061523,0.11111235618591309
500,1,22.040000000000003,3.8000000000000003,1,1,1,6,0.580026888748285,0.7594840440834904,1.3395109328317754,0.6638610363006592,0.10507011413574219
500,1,22.040000000000003,3.8000000000000003,1,1,1,7,0.509285039039886,0.5213497591496781,0.7790909042891635,0.6752557754516602,0.11259126663208008
500,1,22.040000000000003,3.8000000000000003,1,1,1,8,0.432780741106999,0.5866666785400919,1.0194474196470908,0.5664472579956055,0.12787628173828125
500,1,22.040000000000003,3.8000000000000003,1,1,1,9,0.46987944629584494,0.5785148525327227,0.911238553162137,0.6939871311187744,0.1380176544189453
500,1,22.040000000000003,3.8000000000000003,1,1,1,10,0.4231351467691654,0.5023346285107106,0.7786729596876789,0.607151985168457,0.10370111465454102
500,1,22.040000000000003,3.8000000000000003,1,1,1,11,0.36490939561120067,0.5223616547409815,0.7190696139171235,0.5553727149963379,0.11492657661437988
500,1,22.040000000000003,3.8000000000000003,1,1,1,12,0.7262469352419713,0.5894226465505374,0.9714731955035045,0.5768897533416748,0.09703564643859863
500,1,22.040000000000003,3.8000000000000003,1,1,1,13,0.3858763994941917,0.4908086648794198,0.7562325832988834,0.5765151977539062,0.06787610054016113
500,1,22.040000000000003,3.8000000000000003,1,1,1,14,0.6690056904743306,0.5956375610544061,1.2646432515287367,0.5783114433288574,0.1102304458618164
500,1,22.040000000000003,3.8000000000000003,1,1,1,15,0.31748362861337315,0.5859119048694352,0.8056424940465816,0.6090831756591797,0.1377549171447754
500,1,22.040000000000003,3.8000000000000003,1,1,1,16,0.3328364270030303,0.5525740999457284,0.8594206736712788,0.6134052276611328,0.11470842361450195
500,1,22.040000000000003,3.8000000000000003,1,1,1,17,0.3489146438489428,0.5196043111341465,0.7188544596010672,0.522179126739502,0.08377528190612793
500,1,22.040000000000003,3.8000000000000003,1,1,1,18,1.4197406029593684,0.6184967838092418,1.7086309946186222,0.5229110717773438,0.07130861282348633
500,1,22.040000000000003,3.8000000000000003,1,1,1,19,0.4914525219204123,0.5428209043082959,1.034273426228708,0.548654317855835,0.06490731239318848
500,1,22.040000000000003,3.8000000000000003,1,1,1,20,0.35776204539530315,0.5061678037404578,0.7924478396866901,0.5514297485351562,0.09162068367004395
500,1,22.040000000000003,3.8000000000000003,1,1,1,21,0.3640232959810187,0.5084962477051522,0.7511756243709666,0.5862720012664795,0.08051800727844238
500,1,22.040000000000003,3.8000000000000003,1,1,1,22,0.3443926549952453,0.5310703042323184,0.7721256567883614,0.5690805912017822,0.07868599891662598
500,1,22.040000000000003,3.8000000000000003,1,1,1,23,0.5711286301845167,0.7303612668292359,1.1144016414767246,0.524601936340332,0.10625267028808594
500,1,22.040000000000003,3.8000000000000003,1,1,1,24,0.770426483106604,0.7372446740374089,1.4242119293024587,0.554764986038208,0.07764315605163574
500,1,24.0,4.0,1,1,1,0,2.8177345454676828,2.3491178591601956,5.163759291991444,0.5453948974609375,0.07499146461486816
500,1,24.0,4.0,1,1,1,1,0.6452899838678957,0.5740642378695081,0.9485546587463392,0.5432283878326416,0.09270858764648438
500,1,24.0,4.0,1,1,1,2,0.7693144802502493,0.6826506770209829,1.3256847340325772,0.5485351085662842,0.07473325729370117
500,1,24.0,4.0,1,1,1,3,0.34843020560441246,0.5951186456646491,0.8253207351771892,0.5591797828674316,0.06930184364318848
500,1,24.0,4.0,1,1,1,4,0.44029919258224043,0.5594001600266877,0.7856773059363766,0.5635552406311035,0.08146810531616211
500,1,24.0,4.0,1,1,1,5,2.6384004570601616,0.892945864716618,3.5313463217767795,0.6505026817321777,0.11557292938232422
500,1,24.0,4.0,1,1,1,6,1.3310650019202916,0.8525349298967215,2.183599931817013,0.7565484046936035,0.1746976375579834
500,1,24.0,4.0,1,1,1,7,1.2206128634685458,1.9632017979627872,2.8178165255794165,0.841968297958374,0.12633681297302246
500,1,24.0,4.0,1,1,1,8,0.4579263142367951,0.6047254914062129,1.0408077713014792,0.8145415782928467,0.1728043556213379
500,1,24.0,4.0,1,1,1,9,2.0318666418782785,0.8958194420945937,2.920652578853519,0.7593183517456055,0.11065173149108887
500,1,24.0,4.0,1,1,1,10,0.6626484179098212,0.5705227838622978,0.933222919459186,1.0053164958953857,0.20079493522644043
500,1,24.0,4.0,1,1,1,11,1.1003167537458247,0.7758155899408037,1.4441336704108085,0.7525503635406494,0.17677783966064453
500,1,24.0,4.0,1,1,1,12,0.5902524620437906,0.5686403066086302,0.9954606613147403,0.7055721282958984,0.13662052154541016
500,1,24.0,4.0,1,1,1,13,0.9177691585226232,0.6567737237313476,1.127570914644761,0.7526772022247314,0.1639723777770996
500,1,24.0,4.0,1,1,1,14,0.6502167333919391,0.5236292673344232,0.8290256938990599,0.7475125789642334,0.1656017303466797
500,1,24.0,4.0,1,1,1,15,0.8412150733488286,0.9283143270444442,1.7695294003932727,0.9581670761108398,0.18069171905517578
500,1,24.0,4.0,1,1,1,16,0.857491808607789,0.8215111600932885,1.4251284481406752,0.82204270362854,0.11195755004882812
500,1,24.0,4.0,1,1,1,17,0.8723268673854149,0.6811697738575049,1.5534966412429196,0.7226390838623047,0.1636190414428711
500,1,24.0,4.0,1,1,1,18,2.8284228762359285,2.829542235371341,5.652520305195361,0.7606136798858643,0.14890313148498535
500,1,24.0,4.0,1,1,1,19,1.093701962996993,0.752294055393287,1.7261873302909905,0.9101238250732422,0.16290521621704102
500,1,24.0,4.0,1,1,1,20,0.4661012989053685,0.6799052206235259,1.0381347894431783,0.7688322067260742,0.1260519027709961
500,1,24.0,4.0,1,1,1,21,0.6670739154571422,0.5183156690885723,1.1853895845457145,0.6885058879852295,0.12025833129882812
500,1,24.0,4.0,1,1,1,22,1.286723651549463,0.7718657525886075,1.7516320828765317,0.8322479724884033,0.12153792381286621
500,1,24.0,4.0,1,1,1,23,0.4386318706692611,0.5726443788885582,0.9526127439950146,0.9064986705780029,0.17350196838378906
500,1,24.0,4.0,1,1,1,24,1.6084330352785978,0.6569177107129212,2.1205444892259657,0.7649693489074707,0.12481260299682617
500,1,26.040000000000003,4.2,1,1,1,0,1.0882823327949964,0.9084637791822967,1.7336954556014996,0.777080774307251,0.12208938598632812
500,1,26.040000000000003,4.2,1,1,1,1,0.5710257884623465,0.5980851616101526,1.0625035978950748,0.9252698421478271,0.1657111644744873
500,1,26.040000000000003,4.2,1,1,1,2,0.7891881384644404,0.7190679601639027,1.3578043202686418,0.9065108299255371,0.18759584426879883
500,1,26.040000000000003,4.2,1,1,1,3,2.8283867126153566,4.744642344611125,7.33580130123282,0.7996542453765869,0.10904526710510254
500,1,26.040000000000003,4.2,1,1,1,4,2.697823267266764,1.8624328348210826,4.34627186383303,0.7312772274017334,0.10123491287231445
500,1,26.040000000000003,4.2,1,1,1,5,0.8456178011283535,0.702832205026576,1.433877362714699,0.8096263408660889,0.13565325736999512
500,1,26.040000000000003,4.2,1,1,1,6,2.828425886707024,2.8966732408716567,5.3076657267489935,0.7408320903778076,0.1843881607055664
500,1,26.040000000000003,4.2,1,1,1,7,0.9061733711841109,0.8654672632147373,1.619628611267234,0.9083495140075684,0.12183165550231934
500,1,26.040000000000003,4.2,1,1,1,8,0.8411817669598834,0.7151872876419304,1.2825025240684775,0.6899096965789795,0.13055753707885742
500,1,26.040000000000003,4.2,1,1,1,9,0.7636750986320792,0.6683704490541202,1.2761476396289058,0.7662289142608643,0.16161847114562988
500,1,26.040000000000003,4.2,1,1,1,10,2.702922887811721,2.3380617683366536,4.606393430811313,0.7600829601287842,0.14581966400146484
500,1,26.040000000000003,4.2,1,1,1,11,2.814486598671013,2.759554838993814,4.939659410767617,0.7972304821014404,0.17503786087036133
500,1,26.040000000000003,4.2,1,1,1,12,0.9111723102271273,0.7042903011802931,1.6154626114074204,0.6322894096374512,0.1431422233581543
500,1,26.040000000000003,4.2,1,1,1,13,0.7188143225596887,0.6468203752119404,1.2627230857947818,0.7168445587158203,0.10209441184997559
500,1,26.040000000000003,4.2,1,1,1,14,2.828176305368639,4.608972222546438,7.172783394203661,0.679598331451416,0.12019944190979004
500,1,26.040000000000003,4.2,1,1,1,15,1.2299778424644172,0.8153145449566849,2.045292387421102,0.6656270027160645,0.1168971061706543
500,1,26.040000000000003,4.2,1,1,1,16,2.828175716918659,4.839169633705856,6.696716660561137,0.8350903987884521,0.14280295372009277
500,1,26.040000000000003,4.2,1,1,1,17,0.42183686173277446,0.5974172826718762,1.004149922787403,0.6396498680114746,0.15856170654296875
500,1,26.040000000000003,4.2,1,1,1,18,2.8280547466035393,3.740337975056015,6.32107251915485,0.692610502243042,0.13594985008239746
500,1,26.040000000000003,4.2,1,1,1,19,0.5999691941965795,0.6537690997081735,1.062523814873595,0.6224944591522217,0.1496431827545166
500,1,26.040000000000003,4.2,1,1,1,20,0.7320312284364769,0.7302643615095624,1.3394391289712,0.625603437423706,0.08776307106018066
500,1,26.040000000000003,4.2,1,1,1,21,0.36603222641854366,0.5505047586076065,0.8196979521488712,0.6742982864379883,0.13145685195922852
500,1,26.040000000000003,4.2,1,1,1,22,2.818257396932303,2.1319127190933083,4.278903248248027,0.5683925151824951,0.12099456787109375
500,1,26.040000000000003,4.2,1,1,1,23,1.1706220959714473,0.7595966949629062,1.6347300470699069,0.602330207824707,0.09048295021057129
500,1,26.040000000000003,4.2,1,1,1,24,1.7872355445865362,0.7641788601332737,1.8719432186160159,0.5593757629394531,0.08042073249816895
500,1,28.160000000000004,4.4,1,1,1,0,2.827219582207153,2.8018216825269544,5.163208708329296,0.5664608478546143,0.07434797286987305
500,1,28.160000000000004,4.4,1,1,1,1,2.8213237597558405,2.953409282620905,5.5488944417895425,0.5788102149963379,0.10951089859008789
500,1,28.160000000000004,4.4,1,1,1,2,2.620774098613255,0.7783126003979746,3.0482112533297228,0.5592267513275146,0.09022688865661621
500,1,28.160000000000004,4.4,1,1,1,3,2.816651001763569,2.07419431596658,4.869631616570185,0.5777087211608887,0.0883018970489502
500,1,28.160000000000004,4.4,1,1,1,4,2.8257580517795575,1.5491802373932044,4.374938289172762,0.5894711017608643,0.0814213752746582
500,1,28.160000000000004,4.4,1,1,1,5,2.8283047646771626,4.799691538203265,7.304749700138965,0.5391058921813965,0.08372831344604492
500,1,28.160000000000004,4.4,1,1,1,6,2.82836478885592,4.854653487871839,6.959708979393981,0.5313661098480225,0.07378101348876953
500,1,28.160000000000004,4.4,1,1,1,7,2.8218844193919796,1.7505912413780107,4.197679374724358,0.5602676868438721,0.12272453308105469
500,1,28.160000000000004,4.4,1,1,1,8,1.0814068754101425,0.7876073340699304,1.53674610540125,0.5254111289978027,0.09909653663635254
500,1,28.160000000000004,4.4,1,1,1,9,2.8276584146972454,1.5172736737963648,4.1414279883781475,0.5679569244384766,0.06809425354003906
500,1,28.160000000000004,4.4,1,1,1,10,1.0002313172345993,0.9448538374427543,1.820302194465402,0.49730730056762695,0.10418343544006348
500,1,28.160000000000004,4.4,1,1,1,11,1.074618505212828,0.9105685327286601,1.7537630145676704,0.5033106803894043,0.10561466217041016
500,1,28.160000000000004,4.4,1,1,1,12,2.8284271206528255,2.174887376294017,4.879763196424037,0.5403387546539307,0.07805013656616211
500,1,28.160000000000004,4.4,1,1,1,13,1.1813481522226577,0.9064109337289005,1.964558514844207,0.5544872283935547,0.10602474212646484
500,1,28.160000000000004,4.4,1,1,1,14,2.8278445720869407,4.3667523607009056,6.4399350770571475,0.566411018371582,0.10721874237060547
500,1,28.160000000000004,4.4,1,1,1,15,0.8910886147321696,0.7243581548910163,1.3512379064660995,0.5347673892974854,0.08399748802185059
500,1,28.160000000000004,4.4,1,1,1,16,2.8283787227186954,4.577614700914246,7.087037838308236,0.5459315776824951,0.09134435653686523
500,1,28.160000000000004,4.4,1,1,1,17,0.6209476268745562,0.7458968692520166,1.2525365373815889,0.5348477363586426,0.09083151817321777
500,1,28.160000000000004,4.4,1,1,1,18,2.8281649701631215,2.687814482844161,5.186661983471465,0.5677790641784668,0.12357974052429199
500,1,28.160000000000004,4.4,1,1,1,19,2.82842030297702,3.3167245192690666,6.11845329039223,0.5383462905883789,0.12031435966491699
500,1,28.160000000000004,4.4,1,1,1,20,1.140568211608849,0.7527101829971607,1.6600281786939362,0.663609504699707,0.12646102905273438
500,1,28.160000000000004,4.4,1,1,1,21,1.023688363514095,1.4054412354088208,2.274352866422758,0.7283825874328613,0.17152976989746094
500,1,28.160000000000004,4.4,1,1,1,22,1.8224418635407782,0.9526333740946356,2.3342869967769944,0.7486820220947266,0.16088223457336426
500,1,28.160000000000004,4.4,1,1,1,23,2.8284207540317903,3.778233140860696,6.021571977821768,0.9313564300537109,0.16493701934814453
500,1,28.160000000000004,4.4,1,1,1,24,2.8229160347818643,2.2008352226897436,4.605069937204844,0.7806754112243652,0.12891936302185059
500,1,30.360000000000007,4.6000000000000005,1,1,1,0,0.8094109480896116,0.7364566569828966,1.237429823487711,0.7178339958190918,0.16258549690246582
500,1,30.360000000000007,4.6000000000000005,1,1,1,1,2.8283469046274843,6.672978475858982,9.485378693131853,0.7084770202636719,0.12505793571472168
500,1,30.360000000000007,4.6000000000000005,1,1,1,2,2.8284210891469166,4.861461696664131,6.33144073875742,0.8174827098846436,0.18431782722473145
500,1,30.360000000000007,4.6000000000000005,1,1,1,3,2.8274482485409336,3.4049564935899035,6.113720454921119,0.9145708084106445,0.14469385147094727
500,1,30.360000000000007,4.6000000000000005,1,1,1,4,2.823815746968378,4.051029595270219,6.440862090523331,0.700756311416626,0.12466287612915039
500,1,30.360000000000007,4.6000000000000005,1,1,1,5,2.828426214487872,3.9132318558497077,5.936629051277296,0.7063956260681152,0.17569422721862793
500,1,30.360000000000007,4.6000000000000005,1,1,1,6,2.8262358441697786,3.0356937283818293,5.513290549065712,0.7714300155639648,0.17023801803588867
500,1,30.360000000000007,4.6000000000000005,1,1,1,7,2.82480003788055,1.099963256714266,3.366739463188744,1.0224120616912842,0.16734695434570312
500,1,30.360000000000007,4.6000000000000005,1,1,1,8,2.4555800730065642,0.9743145463531155,2.73679899262587,0.6830105781555176,0.13901567459106445
500,1,30.360000000000007,4.6000000000000005,1,1,1,9,1.575701684867659,2.2230367044183987,3.798738389286058,0.7908124923706055,0.13368654251098633
500,1,30.360000000000007,4.6000000000000005,1,1,1,10,2.828172013891181,2.527849445045946,5.127171794495272,0.7022600173950195,0.15777945518493652
500,1,30.360000000000007,4.6000000000000005,1,1,1,11,2.775339197043033,2.577224246131297,4.28014368573156,0.9355695247650146,0.17798066139221191
500,1,30.360000000000007,4.6000000000000005,1,1,1,12,2.824922153350372,2.3583253409139737,4.62347955717982,0.7391815185546875,0.13357138633728027
500,1,30.360000000000007,4.6000000000000005,1,1,1,13,2.7767886919805918,2.4766918910866305,4.874650732195798,0.7492754459381104,0.1625363826751709
500,1,30.360000000000007,4.6000000000000005,1,1,1,14,2.828111700269562,2.4629611131176916,5.268096195768917,0.7322425842285156,0.12766098976135254
500,1,30.360000000000007,4.6000000000000005,1,1,1,15,2.8276463545389348,3.624841633288085,6.025855492542607,0.8006353378295898,0.18185639381408691
500,1,30.360000000000007,4.6000000000000005,1,1,1,16,2.761592650395197,2.694795909407921,5.322685043966984,0.8403534889221191,0.13166475296020508
500,1,30.360000000000007,4.6000000000000005,1,1,1,17,2.8284270696098854,6.386493241667681,8.338563434018223,0.7167954444885254,0.13850045204162598
500,1,30.360000000000007,4.6000000000000005,1,1,1,18,2.828350211699467,3.1460394524686284,5.907521627761002,0.7351775169372559,0.12463927268981934
500,1,30.360000000000007,4.6000000000000005,1,1,1,19,2.826917140741006,5.378663907841108,6.582688719895724,0.7427382469177246,0.10164809226989746
500,1,30.360000000000007,4.6000000000000005,1,1,1,20,2.8265978610858102,2.487000581063168,5.065960343783823,0.8385367393493652,0.17918086051940918
500,1,30.360000000000007,4.6000000000000005,1,1,1,21,2.828427062484537,3.1605307293582756,5.6198505348168375,0.7592010498046875,0.1273808479309082
500,1,30.360000000000007,4.6000000000000005,1,1,1,22,2.814002171824857,3.146693928406609,5.853696836276729,0.7964155673980713,0.17367029190063477
500,1,30.360000000000007,4.6000000000000005,1,1,1,23,2.8284203140246005,2.8396157146688914,5.235632124690794,0.8561081886291504,0.16920995712280273
500,1,30.360000000000007,4.6000000000000005,1,1,1,24,2.825569358743973,4.015791806036898,6.148143134035319,0.934333324432373,0.18081164360046387
500,1,32.64000000000001,4.800000000000001,1,1,1,0,2.8284209064637285,2.998665690681118,5.601514280855831,0.716766357421875,0.1055445671081543
500,1,32.64000000000001,4.800000000000001,1,1,1,1,2.828332695597474,3.0992786514808364,5.465866349489785,0.689561128616333,0.12056255340576172
500,1,32.64000000000001,4.800000000000001,1,1,1,2,2.8260828082626412,1.8829611953853918,4.705772482536538,0.6653001308441162,0.13701844215393066
500,1,32.64000000000001,4.800000000000001,1,1,1,3,2.8244264228120795,3.834503057550801,5.048094674492886,0.687004566192627,0.10327625274658203
500,1,32.64000000000001,4.800000000000001,1,1,1,4,2.7362991710607805,2.7918892944463978,4.891763073027533,0.7767190933227539,0.14646530151367188
500,1,32.64000000000001,4.800000000000001,1,1,1,5,2.8265132328138503,2.8155295549460666,5.3291829416783205,0.6495118141174316,0.12584614753723145
500,1,32.64000000000001,4.800000000000001,1,1,1,6,2.806691113495956,2.4384581344008858,5.024319153719594,0.6961479187011719,0.10852956771850586
500,1,32.64000000000001,4.800000000000001,1,1,1,7,1.7260760111845368,1.2164632864002956,2.9425392975848323,0.607191801071167,0.07709479331970215
500,1,32.64000000000001,4.800000000000001,1,1,1,8,2.827049171487019,3.1541195272346454,5.507768305647744,0.6023082733154297,0.08820724487304688
500,1,32.64000000000001,4.800000000000001,1,1,1,9,2.305898545147587,1.4831300486480126,3.186110855686616,0.660099983215332,0.12789130210876465
500,1,32.64000000000001,4.800000000000001,1,1,1,10,2.8028564699776712,2.4389921565113317,4.937481684505446,0.60835862159729,0.08100080490112305
500,1,32.64000000000001,4.800000000000001,1,1,1,11,2.8284224496297603,3.530325666949011,6.348346135597829,0.5549144744873047,0.12207889556884766
500,1,32.64000000000001,4.800000000000001,1,1,1,12,2.827719326348323,3.318251443943649,6.125809393494663,0.577592134475708,0.1296675205230713
500,1,32.64000000000001,4.800000000000001,1,1,1,13,2.8284098842117986,5.149434780942841,7.975931077406604,0.5673296451568604,0.11091446876525879
500,1,32.64000000000001,4.800000000000001,1,1,1,14,2.828152355314538,2.9201207792320143,5.184866402294428,0.6353352069854736,0.11647796630859375
500,1,32.64000000000001,4.800000000000001,1,1,1,15,2.824194813207803,1.411425339261823,3.5145895096871635,0.5286951065063477,0.07700657844543457
500,1,32.64000000000001,4.800000000000001,1,1,1,16,2.8284271235217466,5.346903006447257,8.125442081879392,0.5637674331665039,0.07465958595275879
500,1,32.64000000000001,4.800000000000001,1,1,1,17,2.8284053106041553,2.916453469834925,5.130550146182715,0.6028406620025635,0.1081085205078125
500,1,32.64000000000001,4.800000000000001,1,1,1,18,2.827720168266682,3.1561387927367925,5.963536453536016,0.5258433818817139,0.10467815399169922
500,1,32.64000000000001,4.800000000000001,1,1,1,19,2.8283647576703106,2.0763539911536686,4.394009286795798,0.5674600601196289,0.09585857391357422
500,1,32.64000000000001,4.800000000000001,1,1,1,20,2.8282024621707174,3.746287477126989,5.467155260673875,0.5672667026519775,0.07361316680908203
500,1,32.64000000000001,4.800000000000001,1,1,1,21,2.8276850742477952,3.982032421173244,6.542702086121517,0.5221700668334961,0.09732341766357422
500,1,32.64000000000001,4.800000000000001,1,1,1,22,2.8284233609148206,3.0741373458149845,5.784827026667834,0.5739691257476807,0.08856010437011719
500,1,32.64000000000001,4.800000000000001,1,1,1,23,2.8284253026839288,3.973204071374724,6.728217021886241,0.5917165279388428,0.08665966987609863
500,1,32.64000000000001,4.800000000000001,1,1,1,24,2.8222643289312255,4.545777516467996,6.295382065182416,0.5537090301513672,0.07585597038269043
500,1,35.0,5.0,1,1,1,0,2.82786968363122,2.2802913895679575,4.902895020611169,0.5267050266265869,0.12205839157104492
500,1,35.0,5.0,1,1,1,1,2.828331641765259,2.6564835447387924,5.077918201967888,0.5309569835662842,0.1097724437713623
500,1,35.0,5.0,1,1,1,2,2.828409567034396,4.442651855989638,7.271061423024034,0.5507509708404541,0.08067154884338379
500,1,35.0,5.0,1,1,1,3,2.8284271240114247,5.898148834975759,7.460472745563191,0.5597074031829834,0.06822681427001953
500,1,35.0,5.0,1,1,1,4,2.8242922030690063,2.534265886469944,4.651272982589008,0.5346696376800537,0.08460021018981934
500,1,35.0,5.0,1,1,1,5,2.8284247117594563,5.464509701667757,7.947743032782589,0.5433907508850098,0.07511353492736816
500,1,35.0,5.0,1,1,1,6,2.8284260669329337,2.6973305390821007,5.136555337453955,0.5169017314910889,0.07350993156433105
500,1,35.0,5.0,1,1,1,7,2.8284029642002313,5.317435691197247,6.857296703556121,0.6460278034210205,0.14470601081848145
500,1,35.0,5.0,1,1,1,8,2.828235359104766,2.9943252565530014,5.186438927276062,0.6747188568115234,0.11690926551818848
500,1,35.0,5.0,1,1,1,9,2.8281402147948906,5.305025784606394,8.128465576601084,0.6980013847351074,0.12360835075378418
500,1,35.0,5.0,1,1,1,10,2.826459882634533,2.0097376665434874,4.17054916928973,0.7677197456359863,0.16647028923034668
500,1,35.0,5.0,1,1,1,11,2.8284107186071763,3.995669575144586,6.028255150114552,0.7886619567871094,0.13465380668640137
500,1,35.0,5.0,1,1,1,12,2.827589099575512,2.41228330374344,4.966292559238214,0.9534516334533691,0.19890713691711426
500,1,35.0,5.0,1,1,1,13,2.8284107460668135,6.270596317213654,9.09894935218366,0.8034079074859619,0.16307997703552246
500,1,35.0,5.0,1,1,1,14,2.82842429486758,2.7226698075245155,5.55084894733006,0.7595255374908447,0.11457610130310059
500,1,35.0,5.0,1,1,1,15,2.828158214443058,2.8744487542453863,5.563298742850593,0.7102518081665039,0.15127992630004883
500,1,35.0,5.0,1,1,1,16,2.8282989241725867,3.830055826504559,6.657995701545263,0.8857557773590088,0.1904764175415039
500,1,35.0,5.0,1,1,1,17,2.828365743261107,2.6736945781838655,5.265108925703176,0.7140460014343262,0.13035130500793457
500,1,35.0,5.0,1,1,1,18,2.828416245662199,4.171261509563609,6.416670465792814,0.7212493419647217,0.172499418258667
500,1,35.0,5.0,1,1,1,19,2.8283903562113966,3.4091398119618557,6.009325036455738,0.7793340682983398,0.10761141777038574
500,1,35.0,5.0,1,1,1,20,2.8284230566303474,3.519368858024033,5.569959645885136,0.9103102684020996,0.19497466087341309
500,1,35.0,5.0,1,1,1,21,2.828398797318697,4.465968392315333,6.572417451305758,0.7892987728118896,0.12199997901916504
500,1,35.0,5.0,1,1,1,22,2.0502200893795806,1.0800649230670265,3.130285012446607,0.7305872440338135,0.12236166000366211
500,1,35.0,5.0,1,1,1,23,2.8281373010158504,2.0924288142721403,4.767089450961029,0.7227029800415039,0.17168498039245605
500,1,35.0,5.0,1,1,1,24,2.8283637082517763,4.227131131998763,7.013749905931286,0.7273366451263428,0.12653422355651855
500,1,37.440000000000005,5.2,1,1,1,0,2.8284202267237846,3.3870701656356084,6.215442585219984,0.8596010208129883,0.1853485107421875
500,1,37.440000000000005,5.2,1,1,1,1,2.826403529520121,3.3336979370382727,5.7737354058431425,0.7441537380218506,0.13907551765441895
500,1,37.440000000000005,5.2,1,1,1,2,2.828426402762797,4.770114358671367,6.8013610715193416,0.7384631633758545,0.14596152305603027
500,1,37.440000000000005,5.2,1,1,1,3,2.8281031406304575,3.0439048435772675,5.862061341774908,0.7864959239959717,0.11140704154968262
500,1,37.440000000000005,5.2,1,1,1,4,2.8284266233420263,4.318604527829845,7.0690193839017645,0.9791038036346436,0.20192623138427734
500,1,37.440000000000005,5.2,1,1,1,5,2.828424688694097,6.4136127251610455,8.326014535762194,0.7078077793121338,0.16926336288452148
500,1,37.440000000000005,5.2,1,1,1,6,2.82663445654691,3.3038757021325265,5.385924386913748,0.7256696224212646,0.14148926734924316
500,1,37.440000000000005,5.2,1,1,1,7,2.8284269647157054,6.4749929674841855,9.303330658564619,0.700218915939331,0.12249898910522461
500,1,37.440000000000005,5.2,1,1,1,8,2.828362373445303,3.433601168211135,5.444672192443023,0.7403151988983154,0.1684424877166748
500,1,37.440000000000005,5.2,1,1,1,9,2.828425331097021,6.7511770043295085,7.617466349189797,0.7925429344177246,0.10902810096740723
500,1,37.440000000000005,5.2,1,1,1,10,2.8175368277794792,1.471663180178515,4.289200007957994,0.7250010967254639,0.13593006134033203
500,1,37.440000000000005,5.2,1,1,1,11,2.828088058382374,4.91504426657293,7.255044435950576,0.78877854347229,0.11192941665649414
500,1,37.440000000000005,5.2,1,1,1,12,2.8284233657945927,3.3064627817397736,6.132604277750556,0.7299184799194336,0.1279582977294922
500,1,37.440000000000005,5.2,1,1,1,13,2.8283916118737316,4.458569507291425,7.245987493411833,0.9446732997894287,0.18268775939941406
500,1,37.440000000000005,5.2,1,1,1,14,2.8284190778799916,6.841626283582944,9.65982382750914,0.7014296054840088,0.16055560111999512
500,1,37.440000000000005,5.2,1,1,1,15,2.828359899757724,3.643754275205273,6.406032977079699,0.6818051338195801,0.12618684768676758
500,1,37.440000000000005,5.2,1,1,1,16,2.8235515595957232,5.172921416844274,7.804463123597561,0.6925559043884277,0.17757391929626465
500,1,37.440000000000005,5.2,1,1,1,17,2.8284268169980957,4.3909623811715335,7.1086806841572905,0.7306761741638184,0.12124323844909668
500,1,37.440000000000005,5.2,1,1,1,18,2.827534982888286,2.732861095376805,5.486265455737844,0.8809709548950195,0.14710092544555664
500,1,37.440000000000005,5.2,1,1,1,19,2.8283667371304944,7.081503778617914,8.85130134980684,0.6965935230255127,0.1297168731689453
500,1,37.440000000000005,5.2,1,1,1,20,2.8280631569674934,2.755514545284064,5.189649913725612,0.6683070659637451,0.1366562843322754
500,1,37.440000000000005,5.2,1,1,1,21,2.744145334567044,2.7310594963523434,4.041208710695172,0.7319550514221191,0.12181663513183594
500,1,37.440000000000005,5.2,1,1,1,22,2.8280050223252773,2.387639717801652,4.758124887016747,0.6668069362640381,0.1246192455291748
500,1,37.440000000000005,5.2,1,1,1,23,2.828418042524307,2.6031508758590447,5.202784147439454,0.6125540733337402,0.09661173820495605
500,1,37.440000000000005,5.2,1,1,1,24,2.8284243070095756,4.736612723847962,7.518331346714001,0.590778112411499,0.0896613597869873
500,1,39.96000000000001,5.4,1,1,1,0,2.82842398195425,4.023886077967093,6.590284056619337,0.5643715858459473,0.07615971565246582
500,1,39.96000000000001,5.4,1,1,1,1,2.828392174858517,2.3543219980156223,4.2314399747529325,0.55082106590271,0.08161616325378418
500,1,39.96000000000001,5.4,1,1,1,2,2.8008748812310484,2.7914343348012327,4.883709767637127,0.5562708377838135,0.08769011497497559
500,1,39.96000000000001,5.4,1,1,1,3,2.828427095168007,3.7580662543360757,6.561021726358195,0.6077358722686768,0.10965394973754883
500,1,39.96000000000001,5.4,1,1,1,4,2.8284263980323523,5.420964807221826,7.9055722053077195,0.511805534362793,0.11832880973815918
500,1,39.96000000000001,5.4,1,1,1,5,2.828426212005008,3.070746926619097,5.738945947760279,0.5652041435241699,0.08311986923217773
500,1,39.96000000000001,5.4,1,1,1,6,2.8283947777616825,3.6202348994824973,5.776878533888668,0.52205491065979,0.08071470260620117
500,1,39.96000000000001,5.4,1,1,1,7,2.82822834348526,4.1389311632142896,6.628180392585267,0.5304429531097412,0.07867693901062012
500,1,39.96000000000001,5.4,1,1,1,8,2.8272067645580288,2.7962047446492218,5.546384646707782,0.55812668800354,0.08401322364807129
500,1,39.96000000000001,5.4,1,1,1,9,2.82837137741716,6.1798578845119145,8.897560940493584,0.5580837726593018,0.06613707542419434
500,1,39.96000000000001,5.4,1,1,1,10,2.828420004250027,3.200745295515979,5.783655245332458,0.5307989120483398,0.06851434707641602
500,1,39.96000000000001,5.4,1,1,1,11,2.8283610027242805,2.5463126460969203,5.2077919150609855,0.5433762073516846,0.07927775382995605
500,1,39.96000000000001,5.4,1,1,1,12,2.828264373139292,3.8660588363433046,6.673885213995428,0.5604779720306396,0.10466384887695312
500,1,39.96000000000001,5.4,1,1,1,13,2.828426844235017,3.8901664374757052,6.554220045069197,0.550499677658081,0.08204388618469238
500,1,39.96000000000001,5.4,1,1,1,14,2.8284267289671146,5.5061317001578,7.678733049601995,0.5635085105895996,0.09208202362060547
500,1,39.96000000000001,5.4,1,1,1,15,2.828426602443288,6.443241941106672,8.017429526782223,0.5559144020080566,0.11078047752380371
500,1,39.96000000000001,5.4,1,1,1,16,2.828361651896328,5.330612119269436,7.752829294559277,0.46063899993896484,0.10572028160095215
500,1,39.96000000000001,5.4,1,1,1,17,2.8284135987146017,2.936968862076257,5.617895647171334,0.5676188468933105,0.12442612648010254
500,1,39.96000000000001,5.4,1,1,1,18,2.8284271229127382,3.800031740453624,6.349720312077305,0.5414464473724365,0.08967232704162598
500,1,39.96000000000001,5.4,1,1,1,19,2.828304878804188,3.651064519985697,6.277987816421344,0.49085426330566406,0.09266328811645508
500,1,39.96000000000001,5.4,1,1,1,20,2.828394088133593,4.055582434619471,6.882191965896894,0.5188579559326172,0.11178827285766602
500,1,39.96000000000001,5.4,1,1,1,21,2.8277533706141496,3.188668273588523,5.7078195209717,0.5334000587463379,0.10362815856933594
500,1,39.96000000000001,5.4,1,1,1,22,2.828368633646679,4.92624936284696,6.646386064034939,0.5086627006530762,0.12017512321472168
500,1,39.96000000000001,5.4,1,1,1,23,2.82842683537849,5.344238378107674,6.189537216368715,0.6806480884552002,0.10467219352722168
500,1,39.96000000000001,5.4,1,1,1,24,2.8264553027385184,2.8879459413374704,5.2930940292057125,0.7010593414306641,0.12971782684326172
500,1,42.56000000000001,5.6000000000000005,1,1,1,0,2.8283263195127444,4.7049811326637885,7.214340860144709,0.7598292827606201,0.15447449684143066
500,1,42.56000000000001,5.6000000000000005,1,1,1,1,2.8277215109432645,2.7118811178461866,5.310192400411427,0.8789575099945068,0.19466495513916016
500,1,42.56000000000001,5.6000000000000005,1,1,1,2,2.8283967553583818,3.0749582094404495,5.2873451804919505,0.6936542987823486,0.13071298599243164
500,1,42.56000000000001,5.6000000000000005,1,1,1,3,2.8276568130549187,3.5108392382324793,6.132443577900663,0.7528185844421387,0.16456913948059082
500,1,42.56000000000001,5.6000000000000005,1,1,1,4,2.8280751836244207,3.69237619809404,6.281431131820797,0.7624092102050781,0.12944936752319336
500,1,42.56000000000001,5.6000000000000005,1,1,1,5,2.828314744093338,4.220605347072161,6.683808277628293,0.9209239482879639,0.16348838806152344
500,1,42.56000000000001,5.6000000000000005,1,1,1,6,2.8281985646535204,5.782890176381825,8.01512091548188,0.7574849128723145,0.13371729850769043
500,1,42.56000000000001,5.6000000000000005,1,1,1,7,2.8284217534201797,5.695069266857496,8.033364574802391,0.6917569637298584,0.14488792419433594
500,1,42.56000000000001,5.6000000000000005,1,1,1,8,2.828420905795036,3.0276860128620684,5.537064790297579,0.7738075256347656,0.13008427619934082
500,1,42.56000000000001,5.6000000000000005,1,1,1,9,2.8279370865130047,3.437001003556221,5.6312831186951975,0.8945505619049072,0.16017770767211914
500,1,42.56000000000001,5.6000000000000005,1,1,1,10,2.8284146030801574,4.405784563265632,6.987033256714857,0.8789451122283936,0.1621389389038086
500,1,42.56000000000001,5.6000000000000005,1,1,1,11,2.827416788619813,2.9100934806547465,5.734387513535992,0.7555453777313232,0.13797760009765625
500,1,42.56000000000001,5.6000000000000005,1,1,1,12,2.828388700899526,4.172368862699116,6.995760579668235,0.6949996948242188,0.12067008018493652
500,1,42.56000000000001,5.6000000000000005,1,1,1,13,2.8282233729578596,4.846556449604836,6.539821442198987,0.9084043502807617,0.18692827224731445
500,1,42.56000000000001,5.6000000000000005,1,1,1,14,2.8284257793660146,3.978518889286307,6.806944668652322,0.7737009525299072,0.17115473747253418
500,1,42.56000000000001,5.6000000000000005,1,1,1,15,2.828389583732982,4.186959598694983,5.960916621401163,0.7419636249542236,0.14702153205871582
500,1,42.56000000000001,5.6000000000000005,1,1,1,16,2.8283224209896023,3.6116937912760805,6.142025472131105,0.7650394439697266,0.12275838851928711
500,1,42.56000000000001,5.6000000000000005,1,1,1,17,2.828333578345848,6.141903906779183,8.59365367362729,0.7977011203765869,0.17044925689697266
500,1,42.56000000000001,5.6000000000000005,1,1,1,18,2.828425593204375,4.11621076009035,6.312178575843911,0.8753726482391357,0.17299985885620117
500,1,42.56000000000001,5.6000000000000005,1,1,1,19,2.8284212512991167,3.987196526215553,6.790568589554574,0.6964111328125,0.1248331069946289
500,1,42.56000000000001,5.6000000000000005,1,1,1,20,2.828423543024999,5.823200844067481,8.106973710445683,0.6976091861724854,0.16783356666564941
500,1,42.56000000000001,5.6000000000000005,1,1,1,21,2.8192964910404683,2.8326034055162794,5.140953849730834,0.7281994819641113,0.12170577049255371
500,1,42.56000000000001,5.6000000000000005,1,1,1,22,2.8283761406754753,5.3026648658253155,7.543496847096795,0.8991649150848389,0.15613293647766113
500,1,42.56000000000001,5.6000000000000005,1,1,1,23,2.828387435129787,3.2635725275034417,5.835174259880064,0.7337524890899658,0.10941052436828613
500,1,42.56000000000001,5.6000000000000005,1,1,1,24,2.8283666883363496,5.892208784275237,7.430482027993083,0.7543668746948242,0.182694673538208
500,1,45.24000000000001,5.800000000000001,1,1,1,0,2.8282252714806804,4.736797563063137,7.318572353083803,0.7010552883148193,0.177412748336792
500,1,45.24000000000001,5.800000000000001,1,1,1,1,2.8284258166851015,4.606305046310047,7.367582661915484,0.9894812107086182,0.21680617332458496
500,1,45.24000000000001,5.800000000000001,1,1,1,2,2.8227427936237257,3.6076806210181136,5.27203385543453,0.7750158309936523,0.13489866256713867
500,1,45.24000000000001,5.800000000000001,1,1,1,3,2.828426065181788,5.2069361127793305,8.026352727173286,0.7224199771881104,0.1107633113861084
500,1,45.24000000000001,5.800000000000001,1,1,1,4,2.8284234819584535,6.016695190700632,8.739033963707465,0.7291896343231201,0.18471193313598633
500,1,45.24000000000001,5.800000000000001,1,1,1,5,2.8282104067862854,4.7606663749594915,7.518813570692711,0.8698289394378662,0.1409902572631836
500,1,45.24000000000001,5.800000000000001,1,1,1,6,2.8284134442688202,4.440366059458844,7.26573918210037,0.7990767955780029,0.13933348655700684
500,1,45.24000000000001,5.800000000000001,1,1,1,7,2.82826424707091,3.858581116336855,6.539452878947152,0.6925234794616699,0.14186787605285645
500,1,45.24000000000001,5.800000000000001,1,1,1,8,2.8284083571059155,4.3992585735114345,6.9874007595810905,0.7119543552398682,0.09774303436279297
500,1,45.24000000000001,5.800000000000001,1,1,1,9,2.8282956885122186,3.789255737196183,6.325661543250888,0.6631503105163574,0.11688733100891113
500,1,45.24000000000001,5.800000000000001,1,1,1,10,2.828425414747665,3.133967056904079,5.699999705014394,0.743840217590332,0.1671743392944336
500,1,45.24000000000001,5.800000000000001,1,1,1,11,2.8284259161732916,4.288573340675185,6.77946780731566,0.6282029151916504,0.10997438430786133
500,1,45.24000000000001,5.800000000000001,1,1,1,12,2.82842712383055,5.426704549083279,8.188397421627036,0.6310515403747559,0.12671494483947754
500,1,45.24000000000001,5.800000000000001,1,1,1,13,2.828368083850107,4.668250641397629,6.798351176018304,0.6905145645141602,0.11601781845092773
500,1,45.24000000000001,5.800000000000001,1,1,1,14,2.8282744894975105,4.281762872147315,6.785462613183826,0.6191897392272949,0.12464284896850586
500,1,45.24000000000001,5.800000000000001,1,1,1,15,2.828423122814744,4.866947917932121,6.638130864676436,0.7743303775787354,0.17367172241210938
500,1,45.24000000000001,5.800000000000001,1,1,1,16,2.8284268651130797,5.090257625435171,7.79395149470685,0.609886646270752,0.11842536926269531
500,1,45.24000000000001,5.800000000000001,1,1,1,17,2.8281791148922215,4.220335247287188,6.46906506306569,0.6929917335510254,0.08663034439086914
500,1,45.24000000000001,5.800000000000001,1,1,1,18,2.828422910027932,3.522582308635366,6.160180949132604,0.6945738792419434,0.1289958953857422
500,1,45.24000000000001,5.800000000000001,1,1,1,19,2.8284217463671015,2.943072129457633,5.525891503817328,0.6910204887390137,0.14456796646118164
500,1,45.24000000000001,5.800000000000001,1,1,1,20,2.828155084181167,4.092903988814273,6.694352344841768,0.6646738052368164,0.14125728607177734
500,1,45.24000000000001,5.800000000000001,1,1,1,21,2.8282106022906777,4.040566462437711,6.634742153268327,0.5816645622253418,0.10727787017822266
500,1,45.24000000000001,5.800000000000001,1,1,1,22,2.8284205738702672,4.529182994950107,7.354864345819986,0.5757062435150146,0.09496307373046875
500,1,45.24000000000001,5.800000000000001,1,1,1,23,2.828425314966258,3.1190070703683395,5.5174328764177325,0.5502612590789795,0.10157132148742676
500,1,45.24000000000001,5.800000000000001,1,1,1,24,2.828407239331391,4.303701113700447,6.587880327893991,0.5348544120788574,0.0909266471862793
