n,s1,1_p_s2,s2,beta,q,sqrt_q,rep_no,eigen_mat_rerr,eigen_mat_terr,eigen_mat_ev_time,eigen_mat_cal_translation_time
500,0.0,1.56,0.6,1,1,1,0,0.03526830179647979,0.07367735565728123,0.3994755744934082,0.0709085464477539
500,0.0,1.56,0.6,1,1,1,1,0.03423683250315464,0.08478756019109247,0.47955918312072754,0.08213019371032715
500,0.0,1.56,0.6,1,1,1,2,0.034914001943636405,0.0704625744094555,0.35455846786499023,0.0866093635559082
500,0.0,1.56,0.6,1,1,1,3,0.03413085020125416,0.0756704963070023,0.3776085376739502,0.07619023323059082
500,0.0,1.56,0.6,1,1,1,4,0.041678780008610014,0.07378607809974747,0.4679985046386719,0.058122873306274414
500,0.0,1.56,0.6,1,1,1,5,0.03716393859988048,0.07863638584526421,0.45700836181640625,0.08696985244750977
500,0.0,1.56,0.6,1,1,1,6,0.03911954236524169,0.07158825859879213,0.43369436264038086,0.08357381820678711
500,0.0,1.56,0.6,1,1,1,7,0.03815278723554548,0.0773076669486568,0.5912325382232666,0.10012507438659668
500,0.0,1.56,0.6,1,1,1,8,0.04298601260078066,0.08278384175538012,0.4407064914703369,0.08409571647644043
500,0.0,1.56,0.6,1,1,1,9,0.030568903471137845,0.0788048398483583,0.31157541275024414,0.05750608444213867
500,0.0,1.56,0.6,1,1,1,10,0.03592516915933653,0.08561492608544041,0.2990834712982178,0.055982351303100586
500,0.0,1.56,0.6,1,1,1,11,0.0351587340442413,0.07196694453569331,0.31006574630737305,0.05401206016540527
500,0.0,1.56,0.6,1,1,1,12,0.03303940505996253,0.08512868148374504,0.3330404758453369,0.07892751693725586
500,0.0,1.56,0.6,1,1,1,13,0.03179293884445005,0.08241072527001012,0.4571819305419922,0.0921170711517334
500,0.0,1.56,0.6,1,1,1,14,0.039358915378431975,0.07870938697855422,0.3786790370941162,0.08136153221130371
500,0.0,1.56,0.6,1,1,1,15,0.034847660730518266,0.08469940715457942,0.5175411701202393,0.09893965721130371
500,0.0,1.56,0.6,1,1,1,16,0.03882893288602469,0.07303121934690354,0.5152890682220459,0.07462739944458008
500,0.0,1.56,0.6,1,1,1,17,0.039368184383069924,0.08889343122513199,0.5313549041748047,0.10002326965332031
500,0.0,1.56,0.6,1,1,1,18,0.039105997667778,0.07094647975744954,0.5228221416473389,0.1163015365600586
500,0.0,1.56,0.6,1,1,1,19,0.034296985051369154,0.07993549130325199,0.6010928153991699,0.09974789619445801
500,0.0,1.56,0.6,1,1,1,20,0.03209029660035465,0.07697821000487567,0.4660947322845459,0.0838320255279541
500,0.0,1.56,0.6,1,1,1,21,0.03644421066580142,0.07549511037492765,0.5175213813781738,0.09144735336303711
500,0.0,1.56,0.6,1,1,1,22,0.03572346888938611,0.0920195273709814,0.5270874500274658,0.06875848770141602
500,0.0,1.56,0.6,1,1,1,23,0.04151781530133387,0.07255156060425538,0.533336877822876,0.08284544944763184
500,0.0,1.56,0.6,1,1,1,24,0.033940822719079874,0.07331819354298583,0.6981925964355469,0.09415578842163086
500,0.2,1.56,0.6,1,1,1,0,0.03930541433521106,0.09624513381627157,0.536383867263794,0.07201886177062988
500,0.2,1.56,0.6,1,1,1,1,0.038218357428811967,0.06956170917068843,0.5135180950164795,0.07452940940856934
500,0.2,1.56,0.6,1,1,1,2,0.04895600997998371,0.07533799676712524,0.4670853614807129,0.0973348617553711
500,0.2,1.56,0.6,1,1,1,3,0.038330341898605624,0.08119122253866268,0.5056629180908203,0.11213302612304688
500,0.2,1.56,0.6,1,1,1,4,0.04611557466955134,0.08427067637769957,0.4354732036590576,0.08805418014526367
500,0.2,1.56,0.6,1,1,1,5,0.04349385512556092,0.08269915351782164,0.566946268081665,0.0980224609375
500,0.2,1.56,0.6,1,1,1,6,0.042405159779180766,0.07438711967757364,0.5226218700408936,0.08798813819885254
500,0.2,1.56,0.6,1,1,1,7,0.04210515923248992,0.07124898088975756,0.49512815475463867,0.07663941383361816
500,0.2,1.56,0.6,1,1,1,8,0.04170307734499007,0.07767069725448247,0.5266861915588379,0.07130122184753418
500,0.2,1.56,0.6,1,1,1,9,0.04425240232006377,0.07520941261905363,0.4491391181945801,0.11908507347106934
500,0.2,1.56,0.6,1,1,1,10,0.044558394278003476,0.07383409960004883,1.504044771194458,0.3362846374511719
500,0.2,1.56,0.6,1,1,1,11,0.04995843507754407,0.0717687919607648,2.0589089393615723,0.3999934196472168
500,0.2,1.56,0.6,1,1,1,12,0.04581210458226882,0.08818499442803113,1.7649202346801758,0.4007401466369629
500,0.2,1.56,0.6,1,1,1,13,0.045022408898764806,0.07627927719493334,1.83872389793396,0.40275120735168457
500,0.2,1.56,0.6,1,1,1,14,0.039359942291181324,0.0722917923422104,1.6458702087402344,0.33803582191467285
500,0.2,1.56,0.6,1,1,1,15,0.039942084324831255,0.08279347548234404,2.080636739730835,0.44525718688964844
500,0.2,1.56,0.6,1,1,1,16,0.03870334254262754,0.08250339327814216,2.0792441368103027,0.42282843589782715
500,0.2,1.56,0.6,1,1,1,17,0.04281320254132329,0.07800320606260679,1.7977330684661865,0.3979673385620117
500,0.2,1.56,0.6,1,1,1,18,0.04805401335854681,0.07210623071265106,1.857729196548462,0.3470182418823242
500,0.2,1.56,0.6,1,1,1,19,0.041792765535942945,0.08154548111199918,1.696302890777588,0.2517085075378418
500,0.2,1.56,0.6,1,1,1,20,0.04064677508202239,0.07350699839441815,1.9249510765075684,0.5021700859069824
500,0.2,1.56,0.6,1,1,1,21,0.04413898333256354,0.0901011814042316,1.6348750591278076,0.28517723083496094
500,0.2,1.56,0.6,1,1,1,22,0.03868214656394012,0.07290254625090181,1.6547245979309082,0.4398369789123535
500,0.2,1.56,0.6,1,1,1,23,0.03816214504953141,0.07474662340693938,1.9459471702575684,0.21736764907836914
500,0.2,1.56,0.6,1,1,1,24,0.04168299143756363,0.07683639682732991,1.924457311630249,0.3592545986175537
500,0.4,1.56,0.6,1,1,1,0,0.06751845357359795,0.07187434672441034,1.8637609481811523,0.47802233695983887
500,0.4,1.56,0.6,1,1,1,1,0.053978456051284096,0.09209806890670905,1.9034392833709717,0.37218475341796875
500,0.4,1.56,0.6,1,1,1,2,0.05902481434005267,0.07636526644085356,1.6911869049072266,0.4342203140258789
500,0.4,1.56,0.6,1,1,1,3,0.05458741468686911,0.07529012097857336,1.6843059062957764,0.23334288597106934
500,0.4,1.56,0.6,1,1,1,4,0.061846124878188774,0.07436671967037899,1.5966203212738037,0.388092041015625
500,0.4,1.56,0.6,1,1,1,5,0.055194698492740925,0.08923303405318146,1.9358632564544678,0.29758358001708984
500,0.4,1.56,0.6,1,1,1,6,0.055088113236170265,0.08475881041797036,1.7757189273834229,0.4080936908721924
500,0.4,1.56,0.6,1,1,1,7,0.05754830954148732,0.08032189943747015,1.5692520141601562,0.2788083553314209
500,0.4,1.56,0.6,1,1,1,8,0.057435344514292906,0.08141504639327593,1.722973346710205,0.4175090789794922
500,0.4,1.56,0.6,1,1,1,9,0.05848910094637363,0.08695925881391948,1.7372767925262451,0.23037266731262207
500,0.4,1.56,0.6,1,1,1,10,0.05433303796377278,0.0920640973747388,1.7023561000823975,0.3585803508758545
500,0.4,1.56,0.6,1,1,1,11,0.0630518292230072,0.08955498509326376,1.5953433513641357,0.2619500160217285
500,0.4,1.56,0.6,1,1,1,12,0.05377044733301195,0.07337442044953675,1.5416619777679443,0.232316255569458
500,0.4,1.56,0.6,1,1,1,13,0.05228156235112665,0.07252774261669093,2.035883665084839,0.38731813430786133
500,0.4,1.56,0.6,1,1,1,14,0.05599737816062071,0.08403875704331867,1.667104721069336,0.37955760955810547
500,0.4,1.56,0.6,1,1,1,15,0.05616328987471834,0.07984034484234466,1.5280506610870361,0.30857372283935547
500,0.4,1.56,0.6,1,1,1,16,0.05784787810772795,0.09294950410784855,1.8472745418548584,0.3944234848022461
500,0.4,1.56,0.6,1,1,1,17,0.05110012118931884,0.07739358839089372,1.6539337635040283,0.34229588508605957
500,0.4,1.56,0.6,1,1,1,18,0.05779899271794541,0.08063503051777156,1.9515299797058105,0.2647581100463867
500,0.4,1.56,0.6,1,1,1,19,0.05057313783462925,0.07720416652070262,1.7857029438018799,0.2783772945404053
500,0.4,1.56,0.6,1,1,1,20,0.05618562078874349,0.07116149775383622,1.9860200881958008,0.36843442916870117
500,0.4,1.56,0.6,1,1,1,21,0.05544923525212734,0.09070540331793328,2.1606366634368896,0.3025786876678467
500,0.4,1.56,0.6,1,1,1,22,0.05968367411063773,0.07319314149235029,1.607661485671997,0.2938523292541504
500,0.4,1.56,0.6,1,1,1,23,0.05282229946463721,0.07539575425790764,1.6109023094177246,0.43947434425354004
500,0.4,1.56,0.6,1,1,1,24,0.06163230994315624,0.07632220888230465,1.9232075214385986,0.4713461399078369
500,0.6000000000000001,1.56,0.6,1,1,1,0,0.07312686677750123,0.08654451171882889,1.6613492965698242,0.3166797161102295
500,0.6000000000000001,1.56,0.6,1,1,1,1,0.07230249036805285,0.0795027994091929,1.8865063190460205,0.4064943790435791
500,0.6000000000000001,1.56,0.6,1,1,1,2,0.08792237761557181,0.08514866322563713,1.7633068561553955,0.2722768783569336
500,0.6000000000000001,1.56,0.6,1,1,1,3,0.07979265381915575,0.08661464089335684,1.73848295211792,0.42694950103759766
500,0.6000000000000001,1.56,0.6,1,1,1,4,0.08140663527200806,0.08345224491197807,1.8332910537719727,0.3521404266357422
500,0.6000000000000001,1.56,0.6,1,1,1,5,0.07081932872039172,0.09147097514968174,1.6626229286193848,0.44196295738220215
500,0.6000000000000001,1.56,0.6,1,1,1,6,0.07598703750661455,0.09500343027021439,1.9600536823272705,0.2451779842376709
500,0.6000000000000001,1.56,0.6,1,1,1,7,0.07390721513426785,0.08632990560481264,1.6467504501342773,0.39072442054748535
500,0.6000000000000001,1.56,0.6,1,1,1,8,0.0674982813864301,0.0836738197170621,1.9343485832214355,0.37869691848754883
500,0.6000000000000001,1.56,0.6,1,1,1,9,0.06898341457869402,0.08472163108550029,1.7706313133239746,0.4420928955078125
500,0.6000000000000001,1.56,0.6,1,1,1,10,0.08014062645201037,0.09633016960991833,1.6828999519348145,0.30347323417663574
500,0.6000000000000001,1.56,0.6,1,1,1,11,0.08824400317097816,0.08999036539789533,1.851212739944458,0.2532460689544678
500,0.6000000000000001,1.56,0.6,1,1,1,12,0.07294227686645213,0.1010194177673552,1.8954823017120361,0.3528428077697754
500,0.6000000000000001,1.56,0.6,1,1,1,13,0.07105435069809345,0.08898911637711485,1.5042991638183594,0.34951233863830566
500,0.6000000000000001,1.56,0.6,1,1,1,14,0.07276095630746743,0.08394314322184873,2.1198673248291016,0.41205286979675293
500,0.6000000000000001,1.56,0.6,1,1,1,15,0.06876780169054081,0.09376734653453125,1.8425533771514893,0.2542123794555664
500,0.6000000000000001,1.56,0.6,1,1,1,16,0.07744809273765052,0.09081914237947945,1.6556904315948486,0.45806407928466797
500,0.6000000000000001,1.56,0.6,1,1,1,17,0.07773895553511047,0.07847540198860624,1.936528205871582,0.3696563243865967
500,0.6000000000000001,1.56,0.6,1,1,1,18,0.07105616388792811,0.09898728360984124,1.5809800624847412,0.28840208053588867
500,0.6000000000000001,1.56,0.6,1,1,1,19,0.07561437483024792,0.07299734610499757,1.682201623916626,0.348132848739624
500,0.6000000000000001,1.56,0.6,1,1,1,20,0.07442561410793594,0.0804803825294438,1.5432703495025635,0.37983107566833496
500,0.6000000000000001,1.56,0.6,1,1,1,21,0.06768188650866844,0.07611143086463926,1.861577033996582,0.3309006690979004
500,0.6000000000000001,1.56,0.6,1,1,1,22,0.07565148288056381,0.07444168359125732,1.769007682800293,0.2836778163909912
500,0.6000000000000001,1.56,0.6,1,1,1,23,0.06961433555921966,0.0797710851347573,1.5768280029296875,0.37390804290771484
500,0.6000000000000001,1.56,0.6,1,1,1,24,0.06758180511355777,0.09466545156636698,1.879990816116333,0.29305148124694824
500,0.8,1.56,0.6,1,1,1,0,0.11198879981952026,0.08666805995779525,1.5113420486450195,0.23206138610839844
500,0.8,1.56,0.6,1,1,1,1,0.08062831518881286,0.09157787905088755,1.867509126663208,0.3987553119659424
500,0.8,1.56,0.6,1,1,1,2,0.0827220331962674,0.08793167005236625,1.9884960651397705,0.36375856399536133
500,0.8,1.56,0.6,1,1,1,3,0.10092911672717055,0.09669003344614205,1.5854213237762451,0.28066110610961914
500,0.8,1.56,0.6,1,1,1,4,0.08407721770506471,0.089480165326249,1.5643806457519531,0.3066742420196533
500,0.8,1.56,0.6,1,1,1,5,0.09167843445424448,0.09549308202069368,1.5536398887634277,0.2437431812286377
500,0.8,1.56,0.6,1,1,1,6,0.11025283268448169,0.08850324334937548,1.9552948474884033,0.2976207733154297
500,0.8,1.56,0.6,1,1,1,7,0.10774592199722129,0.078080102083663,1.8546779155731201,0.45596981048583984
500,0.8,1.56,0.6,1,1,1,8,0.10730757260639859,0.07828438841098806,1.492069959640503,0.32161736488342285
500,0.8,1.56,0.6,1,1,1,9,0.08953417853552627,0.0742711441845351,1.7561204433441162,0.3606297969818115
500,0.8,1.56,0.6,1,1,1,10,0.09511386506687684,0.12432550423399685,1.6887152194976807,0.39160799980163574
500,0.8,1.56,0.6,1,1,1,11,0.09734847481751181,0.09944607187221209,1.9718971252441406,0.3247182369232178
500,0.8,1.56,0.6,1,1,1,12,0.09460552989037767,0.08749667984067935,1.6551949977874756,0.26159238815307617
500,0.8,1.56,0.6,1,1,1,13,0.08966624769064943,0.08538192861185734,1.5569789409637451,0.4375452995300293
500,0.8,1.56,0.6,1,1,1,14,0.1055995563371416,0.09489022251467671,1.924520492553711,0.2084212303161621
500,0.8,1.56,0.6,1,1,1,15,0.09393859117173667,0.08702238774316437,1.5985350608825684,0.22635912895202637
500,0.8,1.56,0.6,1,1,1,16,0.09287221945962469,0.09090950468953385,2.0905921459198,0.3200709819793701
500,0.8,1.56,0.6,1,1,1,17,0.08938045366219476,0.08713842243711264,1.8551580905914307,0.4041867256164551
500,0.8,1.56,0.6,1,1,1,18,0.09047785342863991,0.09258111310577274,1.5419700145721436,0.3784630298614502
500,0.8,1.56,0.6,1,1,1,19,0.09344470088364122,0.09256311979775626,1.8116536140441895,0.3530275821685791
500,0.8,1.56,0.6,1,1,1,20,0.10136882709038152,0.09057116257751434,1.702634572982788,0.2813088893890381
500,0.8,1.56,0.6,1,1,1,21,0.09231604171190308,0.08737195460373146,1.9473962783813477,0.2512013912200928
500,0.8,1.56,0.6,1,1,1,22,0.09802416809477163,0.12325046069885505,1.7690374851226807,0.42686915397644043
500,0.8,1.56,0.6,1,1,1,23,0.08219131854126628,0.09663087392285281,1.9886894226074219,0.2776007652282715
500,0.8,1.56,0.6,1,1,1,24,0.09645004457211864,0.07804940403136316,1.9228057861328125,0.2564823627471924
500,1.0,1.56,0.6,1,1,1,0,0.13748755933817075,0.09383654803883316,1.5579426288604736,0.2564699649810791
500,1.0,1.56,0.6,1,1,1,1,0.11761436092671687,0.09466411601723505,1.7266154289245605,0.3095223903656006
500,1.0,1.56,0.6,1,1,1,2,0.12905318017361372,0.0998222961442813,1.648620367050171,0.21220970153808594
500,1.0,1.56,0.6,1,1,1,3,0.10854677054779964,0.12062784085072452,1.6623804569244385,0.42499423027038574
500,1.0,1.56,0.6,1,1,1,4,0.12378821464593151,0.10991397526919257,1.5163087844848633,0.43218445777893066
500,1.0,1.56,0.6,1,1,1,5,0.13908907888548952,0.12372032699853963,1.8173043727874756,0.37802553176879883
500,1.0,1.56,0.6,1,1,1,6,0.11784317357450427,0.09901866992627506,1.7326099872589111,0.220536470413208
500,1.0,1.56,0.6,1,1,1,7,0.12114854638484586,0.11732971426535989,1.6854851245880127,0.3246166706085205
500,1.0,1.56,0.6,1,1,1,8,0.1327100586496602,0.10010800205690766,1.580207109451294,0.3775601387023926
500,1.0,1.56,0.6,1,1,1,9,0.11219520894013972,0.09921831989292992,1.679722547531128,0.2783188819885254
500,1.0,1.56,0.6,1,1,1,10,0.12222055550623666,0.12387140651807658,1.452056884765625,0.37670087814331055
500,1.0,1.56,0.6,1,1,1,11,0.11198585346880802,0.10368614006536057,1.647873878479004,0.325592041015625
500,1.0,1.56,0.6,1,1,1,12,0.13757739437202002,0.11371460455154989,1.834613561630249,0.38222265243530273
500,1.0,1.56,0.6,1,1,1,13,0.13310874055745486,0.09709376720341914,1.9098622798919678,0.27672457695007324
500,1.0,1.56,0.6,1,1,1,14,0.11769400945526602,0.09970391347511585,1.704235315322876,0.4357030391693115
500,1.0,1.56,0.6,1,1,1,15,0.114134247208711,0.11685644666210188,2.1115472316741943,0.27869224548339844
500,1.0,1.56,0.6,1,1,1,16,0.11038449014801469,0.11570921364231683,1.7773382663726807,0.3277275562286377
500,1.0,1.56,0.6,1,1,1,17,0.11791493110845522,0.09567205315672521,1.6121258735656738,0.302030086517334
500,1.0,1.56,0.6,1,1,1,18,0.10794917700350505,0.11485788340823055,1.533581256866455,0.2687699794769287
500,1.0,1.56,0.6,1,1,1,19,0.11149675685800808,0.09724092759035646,1.910292625427246,0.3879861831665039
500,1.0,1.56,0.6,1,1,1,20,0.1313413795984248,0.11207568195219968,1.525876522064209,0.296464204788208
500,1.0,1.56,0.6,1,1,1,21,0.11465200715365316,0.12175103628843162,1.6039316654205322,0.3392188549041748
500,1.0,1.56,0.6,1,1,1,22,0.11877247801112041,0.10593305298398109,1.5578908920288086,0.26332640647888184
500,1.0,1.56,0.6,1,1,1,23,0.11690634957656423,0.09297366873310164,1.4956321716308594,0.3149580955505371
500,1.0,1.56,0.6,1,1,1,24,0.12750465800948704,0.09242549601461371,1.932952880859375,0.41404104232788086
500,1.2000000000000002,1.56,0.6,1,1,1,0,0.13836833259730055,0.09463231077397874,1.7167057991027832,0.28673744201660156
500,1.2000000000000002,1.56,0.6,1,1,1,1,0.13163423770511376,0.09404283684815852,1.6099193096160889,0.35630059242248535
500,1.2000000000000002,1.56,0.6,1,1,1,2,0.12564579762838596,0.10729400583366527,1.956458330154419,0.4054534435272217
500,1.2000000000000002,1.56,0.6,1,1,1,3,0.136441701591616,0.10485897609145668,1.77683424949646,0.3081502914428711
500,1.2000000000000002,1.56,0.6,1,1,1,4,0.14168747860976863,0.10900304085738634,1.9047386646270752,0.3474245071411133
500,1.2000000000000002,1.56,0.6,1,1,1,5,0.13981763265883537,0.12844804718174066,1.6975219249725342,0.33802342414855957
500,1.2000000000000002,1.56,0.6,1,1,1,6,0.13556679082777015,0.09989962924598775,1.8298358917236328,0.4454948902130127
500,1.2000000000000002,1.56,0.6,1,1,1,7,0.1367907907485481,0.11058102808309492,1.838956356048584,0.2252647876739502
500,1.2000000000000002,1.56,0.6,1,1,1,8,0.11813712451185202,0.11110082334407288,1.6699607372283936,0.3479161262512207
500,1.2000000000000002,1.56,0.6,1,1,1,9,0.12516998369227378,0.12520950154951763,1.897711992263794,0.3418276309967041
500,1.2000000000000002,1.56,0.6,1,1,1,10,0.1390289031969603,0.10456465178178422,1.8241488933563232,0.2424938678741455
500,1.2000000000000002,1.56,0.6,1,1,1,11,0.16781481059773884,0.10125383090730966,1.637885332107544,0.3866617679595947
500,1.2000000000000002,1.56,0.6,1,1,1,12,0.14187136151705845,0.10664691416273178,1.9530344009399414,0.3343222141265869
500,1.2000000000000002,1.56,0.6,1,1,1,13,0.1756944226890104,0.14503793652404115,2.1802914142608643,0.31286001205444336
500,1.2000000000000002,1.56,0.6,1,1,1,14,0.11564623741152871,0.104627716325406,1.639801025390625,0.2927122116088867
500,1.2000000000000002,1.56,0.6,1,1,1,15,0.1457451123911181,0.10254911243336214,2.2273237705230713,0.38398051261901855
500,1.2000000000000002,1.56,0.6,1,1,1,16,0.15003680050943186,0.09897316733146039,1.7037949562072754,0.30057239532470703
500,1.2000000000000002,1.56,0.6,1,1,1,17,0.13200376724407506,0.1205506588075627,1.6371755599975586,0.2580115795135498
500,1.2000000000000002,1.56,0.6,1,1,1,18,0.13103155443665165,0.10565088454608743,2.0808522701263428,0.22635316848754883
500,1.2000000000000002,1.56,0.6,1,1,1,19,0.16578970071979132,0.10159951486586137,1.441197156906128,0.40525364875793457
500,1.2000000000000002,1.56,0.6,1,1,1,20,0.12750984252329287,0.12255614612919398,1.771108627319336,0.22061419486999512
500,1.2000000000000002,1.56,0.6,1,1,1,21,0.1392812217778726,0.09771112961731826,1.6046302318572998,0.21729326248168945
500,1.2000000000000002,1.56,0.6,1,1,1,22,0.126209026980826,0.11507875870939024,1.6719820499420166,0.33130645751953125
500,1.2000000000000002,1.56,0.6,1,1,1,23,0.15905444946863195,0.11737178193209592,1.970055103302002,0.3844492435455322
500,1.2000000000000002,1.56,0.6,1,1,1,24,0.1381600475172028,0.10889168616890234,1.655088186264038,0.3354794979095459
500,1.4000000000000001,1.56,0.6,1,1,1,0,0.17564785469217192,0.12540282965426855,1.4362478256225586,0.3631479740142822
500,1.4000000000000001,1.56,0.6,1,1,1,1,0.14974590897533605,0.11823794841478967,1.5525832176208496,0.24115562438964844
500,1.4000000000000001,1.56,0.6,1,1,1,2,0.1506319744003589,0.10888515362987247,1.859332799911499,0.3461906909942627
500,1.4000000000000001,1.56,0.6,1,1,1,3,0.16876872613874075,0.12086544247654586,1.9443447589874268,0.290499210357666
500,1.4000000000000001,1.56,0.6,1,1,1,4,0.1614096707926734,0.1325352575783851,1.7247264385223389,0.22269606590270996
500,1.4000000000000001,1.56,0.6,1,1,1,5,0.13916900978738864,0.113491551142541,1.845775842666626,0.3528285026550293
500,1.4000000000000001,1.56,0.6,1,1,1,6,0.18090105337037984,0.1420947269059026,1.4673449993133545,0.21641898155212402
500,1.4000000000000001,1.56,0.6,1,1,1,7,0.15616411870852565,0.13792984840356892,1.8765747547149658,0.3876512050628662
500,1.4000000000000001,1.56,0.6,1,1,1,8,0.1569908353297688,0.14763002538482173,1.9617235660552979,0.2842395305633545
500,1.4000000000000001,1.56,0.6,1,1,1,9,0.15636497474021394,0.1263101605511266,1.7710840702056885,0.4048459529876709
500,1.4000000000000001,1.56,0.6,1,1,1,10,0.1684067129047854,0.12845553704696633,1.6835761070251465,0.4557607173919678
500,1.4000000000000001,1.56,0.6,1,1,1,11,0.16244980356411218,0.12438478132786158,1.6926732063293457,0.23546934127807617
500,1.4000000000000001,1.56,0.6,1,1,1,12,0.18326508363742097,0.10457329933212911,1.6657991409301758,0.3301091194152832
500,1.4000000000000001,1.56,0.6,1,1,1,13,0.17195081754105532,0.1291434428356608,2.033172369003296,0.320131778717041
500,1.4000000000000001,1.56,0.6,1,1,1,14,0.15326133996670877,0.10808779187239281,1.9168939590454102,0.32840418815612793
500,1.4000000000000001,1.56,0.6,1,1,1,15,0.1566137724455409,0.09860866962351768,2.1732020378112793,0.3972034454345703
500,1.4000000000000001,1.56,0.6,1,1,1,16,0.1632627729542421,0.11962561059438075,1.9083304405212402,0.4147205352783203
500,1.4000000000000001,1.56,0.6,1,1,1,17,0.14641194654112238,0.09765456206364423,1.5412042140960693,0.23035812377929688
500,1.4000000000000001,1.56,0.6,1,1,1,18,0.15467180247414433,0.13896773010342497,1.7343013286590576,0.40526866912841797
500,1.4000000000000001,1.56,0.6,1,1,1,19,0.20820957272562352,0.13394133184522988,1.633683681488037,0.3271462917327881
500,1.4000000000000001,1.56,0.6,1,1,1,20,0.1617096801579538,0.12952870082011614,1.9170372486114502,0.41524767875671387
500,1.4000000000000001,1.56,0.6,1,1,1,21,0.15046177549575604,0.10791174894265426,1.5819001197814941,0.38037848472595215
500,1.4000000000000001,1.56,0.6,1,1,1,22,0.17929158582450602,0.12163362805380011,1.9229340553283691,0.29785776138305664
500,1.4000000000000001,1.56,0.6,1,1,1,23,0.18629802022735226,0.1124579603637838,1.8495593070983887,0.365126371383667
500,1.4000000000000001,1.56,0.6,1,1,1,24,0.20363136664131287,0.12028685612229793,1.7976458072662354,0.20633411407470703
500,1.6,1.56,0.6,1,1,1,0,0.16774320837037718,0.11236551253489736,1.575209617614746,0.3305647373199463
500,1.6,1.56,0.6,1,1,1,1,0.19560287756167083,0.14022879976300048,1.741715908050537,0.2593870162963867
500,1.6,1.56,0.6,1,1,1,2,0.16332911839294645,0.12918543842595617,1.9242403507232666,0.40897321701049805
500,1.6,1.56,0.6,1,1,1,3,0.16359324814969717,0.14429103663340054,1.8804004192352295,0.24496102333068848
500,1.6,1.56,0.6,1,1,1,4,0.1796834567101832,0.1268548023225192,1.9306623935699463,0.3889145851135254
500,1.6,1.56,0.6,1,1,1,5,0.19225879465206783,0.11298550672059636,1.4973258972167969,0.3556652069091797
500,1.6,1.56,0.6,1,1,1,6,0.18019231393196322,0.13611827052186332,1.7644927501678467,0.34028100967407227
500,1.6,1.56,0.6,1,1,1,7,0.2029070434068061,0.16181434537743838,1.639235019683838,0.24024510383605957
500,1.6,1.56,0.6,1,1,1,8,0.1871004818575175,0.1318841171413299,2.015098810195923,0.2730231285095215
500,1.6,1.56,0.6,1,1,1,9,0.17356467695795885,0.1372518625148868,1.7997186183929443,0.39457035064697266
500,1.6,1.56,0.6,1,1,1,10,0.19806847625119925,0.132138392909685,1.7163951396942139,0.28784918785095215
500,1.6,1.56,0.6,1,1,1,11,0.18169976312012384,0.13673445145514007,1.8067388534545898,0.386974573135376
500,1.6,1.56,0.6,1,1,1,12,0.1685557399630537,0.14921610577995115,1.7730989456176758,0.30072927474975586
500,1.6,1.56,0.6,1,1,1,13,0.17643535421397066,0.16340822536861335,1.695955514907837,0.25089526176452637
500,1.6,1.56,0.6,1,1,1,14,0.19796414871343918,0.12927928114333423,1.8604657649993896,0.21939873695373535
500,1.6,1.56,0.6,1,1,1,15,0.17101798272469865,0.14318478235878987,1.7113301753997803,0.24027299880981445
500,1.6,1.56,0.6,1,1,1,16,0.175148992637732,0.13740526947593426,1.7728617191314697,0.4213986396789551
500,1.6,1.56,0.6,1,1,1,17,0.1676525931140415,0.12542921614596123,1.5469591617584229,0.25398683547973633
500,1.6,1.56,0.6,1,1,1,18,0.17956502031369204,0.13458224186497308,1.7641675472259521,0.3526606559753418
500,1.6,1.56,0.6,1,1,1,19,0.1790191753787566,0.15822548047492707,1.685239315032959,0.2515091896057129
500,1.6,1.56,0.6,1,1,1,20,0.19512327314653188,0.14725147506014946,1.8725028038024902,0.30364084243774414
500,1.6,1.56,0.6,1,1,1,21,0.17535551898889973,0.11448855638980455,1.7760052680969238,0.33032965660095215
500,1.6,1.56,0.6,1,1,1,22,0.16695690140890782,0.12020940859469678,1.7606725692749023,0.4252955913543701
500,1.6,1.56,0.6,1,1,1,23,0.18194638924726006,0.12314860850560864,1.5266804695129395,0.360806941986084
500,1.6,1.56,0.6,1,1,1,24,0.1821841155072752,0.12387783127143949,1.8946490287780762,0.2147071361541748
500,1.8,1.56,0.6,1,1,1,0,0.21799541156851054,0.19482769251554463,1.5832176208496094,0.2574160099029541
500,1.8,1.56,0.6,1,1,1,1,0.22061250350574008,0.15332147365969334,1.8167366981506348,0.377732515335083
500,1.8,1.56,0.6,1,1,1,2,0.21332428084020624,0.14224710277649602,1.4477877616882324,0.24364852905273438
500,1.8,1.56,0.6,1,1,1,3,0.19549247168169506,0.17184553610450842,1.7189831733703613,0.32346677780151367
500,1.8,1.56,0.6,1,1,1,4,0.2015885316934639,0.167287130675633,1.946082353591919,0.4048290252685547
500,1.8,1.56,0.6,1,1,1,5,0.2407263672605826,0.1443223273060645,1.6043157577514648,0.2728273868560791
500,1.8,1.56,0.6,1,1,1,6,0.242159463399642,0.17373478925298008,1.917506217956543,0.38102006912231445
500,1.8,1.56,0.6,1,1,1,7,0.2014850841827699,0.14480407886395344,2.1260018348693848,0.458984375
500,1.8,1.56,0.6,1,1,1,8,0.1976881431408639,0.12899612758833562,1.7505590915679932,0.43960046768188477
500,1.8,1.56,0.6,1,1,1,9,0.20098798715446312,0.15150762615701255,1.9567642211914062,0.4365861415863037
500,1.8,1.56,0.6,1,1,1,10,0.19943967941190832,0.13510497220884388,1.9736685752868652,0.31453776359558105
500,1.8,1.56,0.6,1,1,1,11,0.2380503004385812,0.13155167690368083,1.6898548603057861,0.3146684169769287
500,1.8,1.56,0.6,1,1,1,12,0.18189566147335362,0.1425282682127862,1.7697713375091553,0.33344125747680664
500,1.8,1.56,0.6,1,1,1,13,0.17984518735021301,0.1386284730930875,1.6830649375915527,0.26178717613220215
500,1.8,1.56,0.6,1,1,1,14,0.20187259568885263,0.13115436412222764,2.1097943782806396,0.3937358856201172
500,1.8,1.56,0.6,1,1,1,15,0.18853856908731834,0.13056030355174755,2.0104434490203857,0.45303940773010254
500,1.8,1.56,0.6,1,1,1,16,0.22435406424127086,0.1460157506291504,1.4990575313568115,0.241774320602417
500,1.8,1.56,0.6,1,1,1,17,0.22497454501017014,0.1349788385848118,1.8433458805084229,0.38826727867126465
500,1.8,1.56,0.6,1,1,1,18,0.21247792897028617,0.12755112914660313,1.7239952087402344,0.267179012298584
500,1.8,1.56,0.6,1,1,1,19,0.20748821000356849,0.14195550734959358,1.80977201461792,0.3336644172668457
500,1.8,1.56,0.6,1,1,1,20,0.2211885286160315,0.15204080952517243,1.761296272277832,0.39620137214660645
500,1.8,1.56,0.6,1,1,1,21,0.21325373588025176,0.1386510041627574,1.9774842262268066,0.42615723609924316
500,1.8,1.56,0.6,1,1,1,22,0.1754833173001983,0.13190260875343074,1.947965383529663,0.4600989818572998
500,1.8,1.56,0.6,1,1,1,23,0.1813422000181957,0.12060402075675868,1.8115043640136719,0.42806482315063477
500,1.8,1.56,0.6,1,1,1,24,0.19582608476437505,0.1369194597845067,1.6979691982269287,0.299271821975708
500,2.0,1.56,0.6,1,1,1,0,0.2050947704728998,0.12559535373721878,1.9950065612792969,0.3595552444458008
500,2.0,1.56,0.6,1,1,1,1,0.23993555778113465,0.14984553384004506,1.7337322235107422,0.37609052658081055
500,2.0,1.56,0.6,1,1,1,2,0.22608676736975977,0.15185838167030957,1.6180973052978516,0.3221397399902344
500,2.0,1.56,0.6,1,1,1,3,0.2292274237584039,0.16121439572347318,1.6379811763763428,0.2475273609161377
500,2.0,1.56,0.6,1,1,1,4,0.2343220895417532,0.16007099956130752,1.6817066669464111,0.36715054512023926
500,2.0,1.56,0.6,1,1,1,5,0.23035268469450443,0.13628009021259196,1.7507576942443848,0.235365629196167
500,2.0,1.56,0.6,1,1,1,6,0.207780666013687,0.14703912403737937,1.8144447803497314,0.4563021659851074
500,2.0,1.56,0.6,1,1,1,7,0.24760658730568835,0.15769998357458834,1.7868232727050781,0.41095590591430664
500,2.0,1.56,0.6,1,1,1,8,0.2152296240095265,0.1706763314029339,1.9714546203613281,0.3697028160095215
500,2.0,1.56,0.6,1,1,1,9,0.20933496996997933,0.15244760969762403,1.5044715404510498,0.25745487213134766
500,2.0,1.56,0.6,1,1,1,10,0.2171986039415499,0.18174101407693544,1.8062429428100586,0.3689084053039551
500,2.0,1.56,0.6,1,1,1,11,0.22144884994242728,0.1628818628053525,1.8298873901367188,0.39114904403686523
500,2.0,1.56,0.6,1,1,1,12,0.23704447429159953,0.1636211990871246,1.6360564231872559,0.20531606674194336
500,2.0,1.56,0.6,1,1,1,13,0.2158882252083809,0.16380418404543562,1.9336767196655273,0.40837836265563965
500,2.0,1.56,0.6,1,1,1,14,0.21348422007517764,0.14850218752218008,1.433760643005371,0.34495091438293457
500,2.0,1.56,0.6,1,1,1,15,0.2193660755636285,0.13022702722216112,1.7597243785858154,0.3301544189453125
500,2.0,1.56,0.6,1,1,1,16,0.2327749860587902,0.13926585416422027,1.3810720443725586,0.24303150177001953
500,2.0,1.56,0.6,1,1,1,17,0.25605977302547017,0.1369853017220314,1.575592041015625,0.3541908264160156
500,2.0,1.56,0.6,1,1,1,18,0.21023197790371753,0.16490498661867667,2.1501402854919434,0.26328587532043457
500,2.0,1.56,0.6,1,1,1,19,0.22342673580364336,0.1321510850092986,1.6147091388702393,0.23394227027893066
500,2.0,1.56,0.6,1,1,1,20,0.22415489867136493,0.18763245663782577,1.7700676918029785,0.31646728515625
500,2.0,1.56,0.6,1,1,1,21,0.2314082153333793,0.15576453636401133,1.790257453918457,0.4673879146575928
500,2.0,1.56,0.6,1,1,1,22,0.20788416295508058,0.150694566635993,1.492788553237915,0.32637834548950195
500,2.0,1.56,0.6,1,1,1,23,0.20060502220160617,0.14502423386795282,1.8796463012695312,0.35492730140686035
500,2.0,1.56,0.6,1,1,1,24,0.1985192571762856,0.15838104874393447,1.5482759475708008,0.2938554286956787
500,2.2,1.56,0.6,1,1,1,0,0.25137752335612007,0.1641084111338166,1.5002458095550537,0.38550519943237305
500,2.2,1.56,0.6,1,1,1,1,0.2196404897859178,0.22444765596512495,1.5164518356323242,0.3301541805267334
500,2.2,1.56,0.6,1,1,1,2,0.24523276904477648,0.15990724717740523,1.6172425746917725,0.24673008918762207
500,2.2,1.56,0.6,1,1,1,3,0.28752331323074565,0.1652800849565335,1.6245315074920654,0.29575014114379883
500,2.2,1.56,0.6,1,1,1,4,0.23192143781653166,0.22322902088220586,1.5423777103424072,0.2692837715148926
500,2.2,1.56,0.6,1,1,1,5,0.2323885003570197,0.15185949758526385,1.7466020584106445,0.30452513694763184
500,2.2,1.56,0.6,1,1,1,6,0.23580964123971712,0.15499016175828265,1.8808979988098145,0.3604564666748047
500,2.2,1.56,0.6,1,1,1,7,0.25593352938049874,0.17630698300917058,1.7290339469909668,0.356503963470459
500,2.2,1.56,0.6,1,1,1,8,0.22829182479105894,0.1579853025382634,1.7965059280395508,0.3406343460083008
500,2.2,1.56,0.6,1,1,1,9,0.25595451045406703,0.18423406194991576,1.7221875190734863,0.3585343360900879
500,2.2,1.56,0.6,1,1,1,10,0.2979453541624726,0.16267996840742696,1.9567415714263916,0.36948156356811523
500,2.2,1.56,0.6,1,1,1,11,0.26042418919405985,0.1898275817824814,1.413283348083496,0.22024774551391602
500,2.2,1.56,0.6,1,1,1,12,0.23452995321949452,0.1503596846621903,1.5714480876922607,0.3738985061645508
500,2.2,1.56,0.6,1,1,1,13,0.21782100499790147,0.1810374906315194,1.9955048561096191,0.3117496967315674
500,2.2,1.56,0.6,1,1,1,14,0.2671377407041457,0.21572587074583563,1.8879215717315674,0.4201817512512207
500,2.2,1.56,0.6,1,1,1,15,0.21579462144354886,0.19880233404493533,1.5464963912963867,0.22233319282531738
500,2.2,1.56,0.6,1,1,1,16,0.24282604331076865,0.16103942318375852,1.8812000751495361,0.29299330711364746
500,2.2,1.56,0.6,1,1,1,17,0.24380309837050046,0.1767786446015368,1.707005500793457,0.33901095390319824
500,2.2,1.56,0.6,1,1,1,18,0.24626879153126588,0.20502373768470566,1.7009987831115723,0.33128786087036133
500,2.2,1.56,0.6,1,1,1,19,0.2565465232716592,0.15503886427587457,1.816209077835083,0.4008448123931885
500,2.2,1.56,0.6,1,1,1,20,0.20820492619346373,0.15637657639551436,1.6161434650421143,0.24381327629089355
500,2.2,1.56,0.6,1,1,1,21,0.25667336421486964,0.187602487793931,1.9560093879699707,0.24222087860107422
500,2.2,1.56,0.6,1,1,1,22,0.23652582796221347,0.15770834432753664,1.6146328449249268,0.3417549133300781
500,2.2,1.56,0.6,1,1,1,23,0.2322047504559723,0.16756792738940013,2.036585569381714,0.428189754486084
500,2.2,1.56,0.6,1,1,1,24,0.22152095985850095,0.23422550641214035,1.8006155490875244,0.40036630630493164
500,2.4000000000000004,1.56,0.6,1,1,1,0,0.2758998194057406,0.17500289309874617,1.831761121749878,0.36280250549316406
500,2.4000000000000004,1.56,0.6,1,1,1,1,0.31317144583091394,0.1764322354784408,2.0575153827667236,0.34659790992736816
500,2.4000000000000004,1.56,0.6,1,1,1,2,0.3288426678272217,0.22592675448211308,2.0141518115997314,0.26625919342041016
500,2.4000000000000004,1.56,0.6,1,1,1,3,0.2856303122481188,0.174013210073425,1.8257386684417725,0.3981919288635254
500,2.4000000000000004,1.56,0.6,1,1,1,4,0.2521789849281282,0.16542500406710667,1.7816343307495117,0.3809077739715576
500,2.4000000000000004,1.56,0.6,1,1,1,5,0.27519872244728005,0.1567979415227464,1.4688384532928467,0.4043600559234619
500,2.4000000000000004,1.56,0.6,1,1,1,6,0.24425950691351048,0.20784721608714285,1.9722576141357422,0.33910441398620605
500,2.4000000000000004,1.56,0.6,1,1,1,7,0.2655907144018137,0.17818359288242186,1.5834875106811523,0.2203667163848877
500,2.4000000000000004,1.56,0.6,1,1,1,8,0.30225158198585905,0.16960468815999938,1.7185323238372803,0.28209924697875977
500,2.4000000000000004,1.56,0.6,1,1,1,9,0.31460128304096435,0.13665000561983134,1.7663679122924805,0.4316086769104004
500,2.4000000000000004,1.56,0.6,1,1,1,10,0.2774212214025458,0.15858050729682133,2.004777431488037,0.2549762725830078
500,2.4000000000000004,1.56,0.6,1,1,1,11,0.2843138273449266,0.1630075055822411,1.6817359924316406,0.25952863693237305
500,2.4000000000000004,1.56,0.6,1,1,1,12,0.26347395223279557,0.23036071301448588,1.8232285976409912,0.2835719585418701
500,2.4000000000000004,1.56,0.6,1,1,1,13,0.25590301022569945,0.18839056750765085,1.6561639308929443,0.3775813579559326
500,2.4000000000000004,1.56,0.6,1,1,1,14,0.24891147151025192,0.16800827393157594,1.880692958831787,0.4239840507507324
500,2.4000000000000004,1.56,0.6,1,1,1,15,0.28439588173975777,0.18623212635449968,1.9569628238677979,0.3042304515838623
500,2.4000000000000004,1.56,0.6,1,1,1,16,0.2728994788310309,0.22682376403913332,1.6446430683135986,0.29030466079711914
500,2.4000000000000004,1.56,0.6,1,1,1,17,0.29223755671460927,0.15247251830224398,1.9314138889312744,0.2814311981201172
500,2.4000000000000004,1.56,0.6,1,1,1,18,0.33112483006293036,0.17430217592686115,1.5794978141784668,0.3602733612060547
500,2.4000000000000004,1.56,0.6,1,1,1,19,0.2773845876433818,0.22746743333296543,1.7669322490692139,0.36180758476257324
500,2.4000000000000004,1.56,0.6,1,1,1,20,0.2511010912057292,0.21364823309030526,1.9575741291046143,0.2945420742034912
500,2.4000000000000004,1.56,0.6,1,1,1,21,0.2845441432304024,0.1545030160705382,1.943772792816162,0.3547027111053467
500,2.4000000000000004,1.56,0.6,1,1,1,22,0.26393481424518445,0.20793134489879653,1.9612398147583008,0.2632937431335449
500,2.4000000000000004,1.56,0.6,1,1,1,23,0.34743034654910526,0.1984333711312725,1.711501121520996,0.39710092544555664
500,2.4000000000000004,1.56,0.6,1,1,1,24,0.27684860483279455,0.20160853008009327,1.9347467422485352,0.3771789073944092
500,2.6,1.56,0.6,1,1,1,0,0.28624004004450126,0.199636220187441,1.581071376800537,0.27986788749694824
500,2.6,1.56,0.6,1,1,1,1,0.31320642851860875,0.19040796117168257,1.623784065246582,0.25409626960754395
500,2.6,1.56,0.6,1,1,1,2,0.30390746864079154,0.18259509502889,1.7746984958648682,0.2799856662750244
500,2.6,1.56,0.6,1,1,1,3,0.28303736408849656,0.18943105634077123,1.7828173637390137,0.30938172340393066
500,2.6,1.56,0.6,1,1,1,4,0.3102381607639178,0.22277841967353484,1.6266911029815674,0.24521207809448242
500,2.6,1.56,0.6,1,1,1,5,0.31523946578926204,0.17900448456507517,1.9046695232391357,0.2180333137512207
500,2.6,1.56,0.6,1,1,1,6,0.30140792149987133,0.17664851489000932,1.7789747714996338,0.35059523582458496
500,2.6,1.56,0.6,1,1,1,7,0.24964534369964866,0.20871041919248803,1.9924976825714111,0.2625710964202881
500,2.6,1.56,0.6,1,1,1,8,0.2713350775867403,0.183300837813558,1.7369863986968994,0.3689415454864502
500,2.6,1.56,0.6,1,1,1,9,0.3105319364768511,0.2675838863741089,1.5440616607666016,0.24732160568237305
500,2.6,1.56,0.6,1,1,1,10,0.3401086734090964,0.20356432900647328,1.853865146636963,0.23392200469970703
500,2.6,1.56,0.6,1,1,1,11,0.28952811250351307,0.1868949536240504,1.6944005489349365,0.2432410717010498
500,2.6,1.56,0.6,1,1,1,12,0.263928980974114,0.24015439768137603,1.801344633102417,0.3103213310241699
500,2.6,1.56,0.6,1,1,1,13,0.35144364715564547,0.1951018563070653,1.794593334197998,0.31267809867858887
500,2.6,1.56,0.6,1,1,1,14,0.3953976832793027,0.1758046105060024,1.6442973613739014,0.3839242458343506
500,2.6,1.56,0.6,1,1,1,15,0.2606439150294397,0.1824684735943034,1.997582197189331,0.27712464332580566
500,2.6,1.56,0.6,1,1,1,16,0.3010920143179592,0.2152259405929518,1.6215667724609375,0.3531839847564697
500,2.6,1.56,0.6,1,1,1,17,0.2940943243803685,0.19739982554308275,2.0908753871917725,0.36495256423950195
500,2.6,1.56,0.6,1,1,1,18,0.29379440466483925,0.2528273071827895,1.710709810256958,0.3226964473724365
500,2.6,1.56,0.6,1,1,1,19,0.29679182008231136,0.1981438112762389,1.5752389430999756,0.30280399322509766
500,2.6,1.56,0.6,1,1,1,20,0.28024614356058564,0.19835783035706891,1.9863667488098145,0.41086888313293457
500,2.6,1.56,0.6,1,1,1,21,0.2862013846116694,0.22540313026252196,2.265843152999878,0.2734191417694092
500,2.6,1.56,0.6,1,1,1,22,0.27591774280781795,0.17217881913787292,1.5165071487426758,0.3168325424194336
500,2.6,1.56,0.6,1,1,1,23,0.29795977345105756,0.18053659065846056,1.7847747802734375,0.4420797824859619
500,2.6,1.56,0.6,1,1,1,24,0.32034655863048833,0.19358191319228238,1.7671761512756348,0.2971169948577881
500,2.8000000000000003,1.56,0.6,1,1,1,0,0.2940427310049471,0.22004481492242414,1.7081148624420166,0.3634510040283203
500,2.8000000000000003,1.56,0.6,1,1,1,1,0.3644892394342095,0.22550584974610957,1.5370638370513916,0.3782472610473633
500,2.8000000000000003,1.56,0.6,1,1,1,2,0.32916741766474605,0.18025820624589547,1.6484339237213135,0.38524866104125977
500,2.8000000000000003,1.56,0.6,1,1,1,3,0.37248590539027865,0.20078267298089328,1.629472017288208,0.310654878616333
500,2.8000000000000003,1.56,0.6,1,1,1,4,0.3060910173086704,0.21869448299453784,1.5053322315216064,0.3257896900177002
500,2.8000000000000003,1.56,0.6,1,1,1,5,0.31726433658757064,0.20958334451431826,1.8683936595916748,0.35047364234924316
500,2.8000000000000003,1.56,0.6,1,1,1,6,0.29187514398300496,0.19969075916934592,1.7194015979766846,0.3056297302246094
500,2.8000000000000003,1.56,0.6,1,1,1,7,0.3078773072654796,0.22397216342261908,1.80222749710083,0.25002169609069824
500,2.8000000000000003,1.56,0.6,1,1,1,8,0.3001077303817503,0.2255299006036268,1.6296963691711426,0.3630821704864502
500,2.8000000000000003,1.56,0.6,1,1,1,9,0.3143010594590447,0.20074672273636107,1.5510585308074951,0.38590359687805176
500,2.8000000000000003,1.56,0.6,1,1,1,10,0.29772751640002254,0.20061775226783252,1.8529841899871826,0.3760190010070801
500,2.8000000000000003,1.56,0.6,1,1,1,11,0.3185384326884073,0.22536221258772862,1.7930915355682373,0.2735450267791748
500,2.8000000000000003,1.56,0.6,1,1,1,12,0.3014819778954324,0.20073458592041993,1.6849136352539062,0.35846853256225586
500,2.8000000000000003,1.56,0.6,1,1,1,13,0.2877824926496858,0.21488850382976182,2.007901430130005,0.3005039691925049
500,2.8000000000000003,1.56,0.6,1,1,1,14,0.30120768253601593,0.22962982257931508,2.2183516025543213,0.2823941707611084
500,2.8000000000000003,1.56,0.6,1,1,1,15,0.30681090275391604,0.27428461877047805,1.5430023670196533,0.3678455352783203
500,2.8000000000000003,1.56,0.6,1,1,1,16,0.2910188458227814,0.19668804959062414,2.1761512756347656,0.4268171787261963
500,2.8000000000000003,1.56,0.6,1,1,1,17,0.32686388771990976,0.24320828169602637,1.5557289123535156,0.23035550117492676
500,2.8000000000000003,1.56,0.6,1,1,1,18,0.2802043715987263,0.1849546552928409,1.7334740161895752,0.28836798667907715
500,2.8000000000000003,1.56,0.6,1,1,1,19,0.3867898548342337,0.20793753143154675,1.7706317901611328,0.428652286529541
500,2.8000000000000003,1.56,0.6,1,1,1,20,0.3211762849414137,0.2251816573956273,1.4931771755218506,0.27654337882995605
500,2.8000000000000003,1.56,0.6,1,1,1,21,0.3449442872147929,0.21952507899749094,1.7243156433105469,0.24555134773254395
500,2.8000000000000003,1.56,0.6,1,1,1,22,0.3552764202272586,0.3023636863855562,1.5768539905548096,0.3303389549255371
500,2.8000000000000003,1.56,0.6,1,1,1,23,0.3126404058060858,0.22813293076202396,1.7610788345336914,0.34903621673583984
500,2.8000000000000003,1.56,0.6,1,1,1,24,0.34405713256035136,0.19182029611972992,1.6867623329162598,0.3791158199310303
500,3.0,1.56,0.6,1,1,1,0,0.31695048458098524,0.2864136577886921,1.6185402870178223,0.39713573455810547
500,3.0,1.56,0.6,1,1,1,1,0.38369650152068735,0.23482126195760017,1.8452224731445312,0.2738018035888672
500,3.0,1.56,0.6,1,1,1,2,0.3459983368280808,0.22886550927525454,1.4261071681976318,0.30751562118530273
500,3.0,1.56,0.6,1,1,1,3,0.39142021214526906,0.27817116266442277,1.9978857040405273,0.37415337562561035
500,3.0,1.56,0.6,1,1,1,4,0.3369722954060687,0.2407213885110054,1.9506874084472656,0.38037896156311035
500,3.0,1.56,0.6,1,1,1,5,0.33339704577624857,0.23808457155194215,1.7152125835418701,0.36036062240600586
500,3.0,1.56,0.6,1,1,1,6,0.35208975949167387,0.21056028319967973,1.999610424041748,0.2528531551361084
500,3.0,1.56,0.6,1,1,1,7,0.3556158363148179,0.2302228982248291,1.7714450359344482,0.2753887176513672
500,3.0,1.56,0.6,1,1,1,8,0.3752766105868129,0.22898728893825257,1.8708243370056152,0.2850611209869385
500,3.0,1.56,0.6,1,1,1,9,0.31162226226463485,0.1983673910895877,1.5551207065582275,0.38216137886047363
500,3.0,1.56,0.6,1,1,1,10,0.4209745121116119,0.24902793012878682,1.6669631004333496,0.4533965587615967
500,3.0,1.56,0.6,1,1,1,11,0.3538054120131299,0.2413757546877531,2.0446643829345703,0.33536577224731445
500,3.0,1.56,0.6,1,1,1,12,0.35367735216082713,0.19466320421501646,1.894038200378418,0.37278318405151367
500,3.0,1.56,0.6,1,1,1,13,0.3511650078293727,0.2561590317465434,1.5371649265289307,0.3633551597595215
500,3.0,1.56,0.6,1,1,1,14,0.2970547319068096,0.21096720967102325,1.7734243869781494,0.4049997329711914
500,3.0,1.56,0.6,1,1,1,15,0.3354712692353066,0.2483083658179706,1.695685625076294,0.21524882316589355
500,3.0,1.56,0.6,1,1,1,16,0.3426725820824693,0.24578809712205235,1.963620662689209,0.4539816379547119
500,3.0,1.56,0.6,1,1,1,17,0.325864636482336,0.2253161256517416,2.1893234252929688,0.32512426376342773
500,3.0,1.56,0.6,1,1,1,18,0.3424197779409137,0.2987053809610556,1.964942455291748,0.31516408920288086
500,3.0,1.56,0.6,1,1,1,19,0.3541314572779497,0.2446258210492371,2.1738903522491455,0.32859182357788086
500,3.0,1.56,0.6,1,1,1,20,0.3367806609847171,0.20426628347806666,1.927201271057129,0.41042137145996094
500,3.0,1.56,0.6,1,1,1,21,0.33148473917675503,0.18547522488976972,1.510413646697998,0.22501230239868164
500,3.0,1.56,0.6,1,1,1,22,0.35152230036768645,0.21405069370819008,1.7780427932739258,0.3646540641784668
500,3.0,1.56,0.6,1,1,1,23,0.32014230135403227,0.284105859761512,1.7902491092681885,0.37912726402282715
500,3.0,1.56,0.6,1,1,1,24,0.34399401799639356,0.22350780550078186,1.9388234615325928,0.3050425052642822
500,3.2,1.56,0.6,1,1,1,0,0.37184002666960203,0.2656133268532454,1.6939787864685059,0.4199488162994385
500,3.2,1.56,0.6,1,1,1,1,0.3754864424305781,0.23218919037054941,1.9092962741851807,0.2298884391784668
500,3.2,1.56,0.6,1,1,1,2,0.3845465481604572,0.23511640284619403,1.8902618885040283,0.3579740524291992
500,3.2,1.56,0.6,1,1,1,3,0.3553341861484689,0.31883517856434246,1.8396220207214355,0.26610684394836426
500,3.2,1.56,0.6,1,1,1,4,0.3667225419691016,0.20295337449465906,1.8300561904907227,0.32539987564086914
500,3.2,1.56,0.6,1,1,1,5,0.38217579603670754,0.26122067897276546,2.052825927734375,0.3619530200958252
500,3.2,1.56,0.6,1,1,1,6,0.378615040333584,0.23212716071170672,1.7372710704803467,0.22141361236572266
500,3.2,1.56,0.6,1,1,1,7,0.33121609901642823,0.21562622830974032,2.0405492782592773,0.3178877830505371
500,3.2,1.56,0.6,1,1,1,8,0.34291749623748546,0.24338600842133828,2.0897510051727295,0.29773402214050293
500,3.2,1.56,0.6,1,1,1,9,0.33583329717847726,0.24537380037694836,1.7157859802246094,0.2815377712249756
500,3.2,1.56,0.6,1,1,1,10,0.34879445146908156,0.2571387925946233,1.8002080917358398,0.29306483268737793
500,3.2,1.56,0.6,1,1,1,11,0.47194109507769766,0.22792705761149132,1.8687119483947754,0.26065802574157715
500,3.2,1.56,0.6,1,1,1,12,0.3302546403464837,0.25740763202437583,1.6678690910339355,0.2437736988067627
500,3.2,1.56,0.6,1,1,1,13,0.3499369201962765,0.21890545465470726,1.6003766059875488,0.35619378089904785
500,3.2,1.56,0.6,1,1,1,14,0.33375754739543073,0.2554689171944895,1.6104552745819092,0.3086681365966797
500,3.2,1.56,0.6,1,1,1,15,0.4247368934136913,0.2167040649597144,1.7911465167999268,0.2867903709411621
500,3.2,1.56,0.6,1,1,1,16,0.3686231042330097,0.24740683755649043,1.6888656616210938,0.4448721408843994
500,3.2,1.56,0.6,1,1,1,17,0.34790331094861593,0.2999190047292454,1.4941060543060303,0.30034494400024414
500,3.2,1.56,0.6,1,1,1,18,0.3425713808138372,0.2773701699958509,1.9327397346496582,0.32706117630004883
500,3.2,1.56,0.6,1,1,1,19,0.3498330181288982,0.3014020008717154,1.707252025604248,0.230912446975708
500,3.2,1.56,0.6,1,1,1,20,0.37433359837855795,0.24999668618412899,1.6195166110992432,0.22402715682983398
500,3.2,1.56,0.6,1,1,1,21,0.37225804128890816,0.26001426490738455,1.83933687210083,0.29763007164001465
500,3.2,1.56,0.6,1,1,1,22,0.35755102303106145,0.2578667899846748,1.75250244140625,0.2681851387023926
500,3.2,1.56,0.6,1,1,1,23,0.3727856048454507,0.2373488024137796,1.8191072940826416,0.3656914234161377
500,3.2,1.56,0.6,1,1,1,24,0.3961700948991571,0.23928561479595223,1.4724266529083252,0.34839868545532227
500,3.4000000000000004,1.56,0.6,1,1,1,0,0.37621462988204635,0.23277679672126209,1.6775355339050293,0.3524436950683594
500,3.4000000000000004,1.56,0.6,1,1,1,1,0.3646166297178428,0.32995416023381025,1.7488126754760742,0.2759823799133301
500,3.4000000000000004,1.56,0.6,1,1,1,2,0.34342771666562827,0.2407687794295815,1.6464827060699463,0.23135876655578613
500,3.4000000000000004,1.56,0.6,1,1,1,3,0.3797555277554644,0.21005784633679153,1.7911062240600586,0.34354162216186523
500,3.4000000000000004,1.56,0.6,1,1,1,4,0.348559716534286,0.3814569304561881,1.7479615211486816,0.31430983543395996
500,3.4000000000000004,1.56,0.6,1,1,1,5,0.3848047127120201,0.30820727919737184,2.122123956680298,0.3756062984466553
500,3.4000000000000004,1.56,0.6,1,1,1,6,0.5714938500342371,0.3889362479663557,2.0264790058135986,0.4597020149230957
500,3.4000000000000004,1.56,0.6,1,1,1,7,0.38347457584344863,0.22409426782829683,1.7396416664123535,0.30079078674316406
500,3.4000000000000004,1.56,0.6,1,1,1,8,0.4315339094528441,0.29363779442359994,1.707850456237793,0.3044886589050293
500,3.4000000000000004,1.56,0.6,1,1,1,9,0.3830757771641849,0.2826904423896115,1.8887526988983154,0.45334935188293457
500,3.4000000000000004,1.56,0.6,1,1,1,10,0.41689028856948945,0.27404046437814156,1.6897506713867188,0.3308260440826416
500,3.4000000000000004,1.56,0.6,1,1,1,11,0.39195198765870376,0.30324600903210114,1.971693992614746,0.2460799217224121
500,3.4000000000000004,1.56,0.6,1,1,1,12,0.40007645651251583,0.2878469344995383,1.586538553237915,0.29364895820617676
500,3.4000000000000004,1.56,0.6,1,1,1,13,0.41563271430649606,0.2857805809615002,1.8155860900878906,0.43760156631469727
500,3.4000000000000004,1.56,0.6,1,1,1,14,0.36945469022282845,0.30342925945483284,1.9007840156555176,0.36943984031677246
500,3.4000000000000004,1.56,0.6,1,1,1,15,0.3987303291872628,0.2529341926057342,1.7306950092315674,0.2727375030517578
500,3.4000000000000004,1.56,0.6,1,1,1,16,0.353936949390736,0.3355850731913612,1.446873426437378,0.28903698921203613
500,3.4000000000000004,1.56,0.6,1,1,1,17,0.38256272203162084,0.26992610019146634,1.585294485092163,0.34493279457092285
500,3.4000000000000004,1.56,0.6,1,1,1,18,0.3956928003874926,0.3053769201496375,1.9576635360717773,0.34687280654907227
500,3.4000000000000004,1.56,0.6,1,1,1,19,0.36629729022874924,0.2259269283401276,1.7875487804412842,0.34371495246887207
500,3.4000000000000004,1.56,0.6,1,1,1,20,0.4283444259512831,0.21598123494230803,1.4748737812042236,0.3037989139556885
500,3.4000000000000004,1.56,0.6,1,1,1,21,0.38152292280200656,0.21162885074025373,1.9585704803466797,0.2529449462890625
500,3.4000000000000004,1.56,0.6,1,1,1,22,0.4117721987705561,0.25092325594752535,1.7225816249847412,0.25286006927490234
500,3.4000000000000004,1.56,0.6,1,1,1,23,0.4396684915613396,0.25794925884111297,1.9643526077270508,0.2883446216583252
500,3.4000000000000004,1.56,0.6,1,1,1,24,0.4071455547241207,0.31643481817159463,2.011945962905884,0.3967881202697754
500,3.6,1.56,0.6,1,1,1,0,0.4538079661213703,0.3176250451036077,1.9223239421844482,0.2890927791595459
500,3.6,1.56,0.6,1,1,1,1,0.4268846344632402,0.28353222360303987,1.9403924942016602,0.3663463592529297
500,3.6,1.56,0.6,1,1,1,2,0.45913180533788855,0.29362862827475966,1.847261667251587,0.48404884338378906
500,3.6,1.56,0.6,1,1,1,3,0.4366144407891931,0.26733894010672554,1.7268874645233154,0.3701775074005127
500,3.6,1.56,0.6,1,1,1,4,0.40366290354867435,0.3569502895300426,1.9964113235473633,0.32037830352783203
500,3.6,1.56,0.6,1,1,1,5,0.38265136285841345,0.24249497987641971,1.6247236728668213,0.2703680992126465
500,3.6,1.56,0.6,1,1,1,6,0.542118976058526,0.30616940761951017,2.0222043991088867,0.25859904289245605
500,3.6,1.56,0.6,1,1,1,7,0.4449224834697936,0.25299825755054706,1.8611667156219482,0.4279184341430664
500,3.6,1.56,0.6,1,1,1,8,0.4007720644143169,0.23508119200045874,1.559516191482544,0.35977697372436523
500,3.6,1.56,0.6,1,1,1,9,0.43404229279403506,0.25838631379552085,1.9791178703308105,0.2685532569885254
500,3.6,1.56,0.6,1,1,1,10,0.3678038412167878,0.302000661552518,1.7380955219268799,0.24369168281555176
500,3.6,1.56,0.6,1,1,1,11,0.4342372398745136,0.3154121133222835,1.9554176330566406,0.41972780227661133
500,3.6,1.56,0.6,1,1,1,12,0.4171852195192551,0.2335043468970514,1.996126413345337,0.39442873001098633
500,3.6,1.56,0.6,1,1,1,13,0.39689085530089996,0.26134749913780386,1.9424042701721191,0.27771902084350586
500,3.6,1.56,0.6,1,1,1,14,0.4028280997247386,0.3260846377374088,2.1675174236297607,0.4702603816986084
500,3.6,1.56,0.6,1,1,1,15,0.4326750575773465,0.268598960952007,1.9395439624786377,0.31008148193359375
500,3.6,1.56,0.6,1,1,1,16,0.36788196326982586,0.25500802475398576,1.6900880336761475,0.33113741874694824
500,3.6,1.56,0.6,1,1,1,17,0.453232314502203,0.3092668359030068,1.7831904888153076,0.40608882904052734
500,3.6,1.56,0.6,1,1,1,18,0.39308954341998287,0.22542014610261457,1.5864992141723633,0.24486994743347168
500,3.6,1.56,0.6,1,1,1,19,0.4209430480373224,0.3344581118355946,2.1564416885375977,0.4097175598144531
500,3.6,1.56,0.6,1,1,1,20,0.4390993297670978,0.33748089980461704,1.992171287536621,0.2858116626739502
500,3.6,1.56,0.6,1,1,1,21,0.44350357618479247,0.2647726647186755,1.7624988555908203,0.36348509788513184
500,3.6,1.56,0.6,1,1,1,22,0.46186336977124864,0.23862744661067534,2.0514822006225586,0.4189131259918213
500,3.6,1.56,0.6,1,1,1,23,0.46299147912021904,0.2723371408494306,2.2422678470611572,0.2703883647918701
500,3.6,1.56,0.6,1,1,1,24,0.4032217464107192,0.3200788098789352,1.7500274181365967,0.34568023681640625
500,3.8000000000000003,1.56,0.6,1,1,1,0,0.430988596118143,0.2584341249201069,1.8320984840393066,0.2654416561126709
500,3.8000000000000003,1.56,0.6,1,1,1,1,0.4024326107246168,0.2786305655908818,1.6926283836364746,0.36226391792297363
500,3.8000000000000003,1.56,0.6,1,1,1,2,0.42069075440949755,0.2834317229317312,1.7470767498016357,0.42685484886169434
500,3.8000000000000003,1.56,0.6,1,1,1,3,0.41703270913536683,0.21442017602630783,1.7175476551055908,0.29867029190063477
500,3.8000000000000003,1.56,0.6,1,1,1,4,0.4478129014200644,0.3129955638759656,1.696237325668335,0.2657005786895752
500,3.8000000000000003,1.56,0.6,1,1,1,5,0.45322487055273153,0.3389325649367868,2.1410069465637207,0.2622818946838379
500,3.8000000000000003,1.56,0.6,1,1,1,6,0.44648895678254685,0.3066099935981756,1.6974272727966309,0.42232179641723633
500,3.8000000000000003,1.56,0.6,1,1,1,7,0.43729518178295723,0.32087209796545724,1.5565528869628906,0.3803877830505371
500,3.8000000000000003,1.56,0.6,1,1,1,8,0.4563874849066223,0.29342670950636374,1.9587109088897705,0.4381835460662842
500,3.8000000000000003,1.56,0.6,1,1,1,9,0.45418803026689336,0.23385757506860633,1.6507024765014648,0.21029043197631836
500,3.8000000000000003,1.56,0.6,1,1,1,10,0.4653048526514334,0.2736184458635052,1.701200008392334,0.35957956314086914
500,3.8000000000000003,1.56,0.6,1,1,1,11,0.5249213351537271,0.28863458145661,1.8545305728912354,0.35434746742248535
500,3.8000000000000003,1.56,0.6,1,1,1,12,0.385952636257066,0.3190620158147386,1.6860170364379883,0.24542903900146484
500,3.8000000000000003,1.56,0.6,1,1,1,13,0.461206869260741,0.24395088005714605,1.9171350002288818,0.3551814556121826
500,3.8000000000000003,1.56,0.6,1,1,1,14,0.4212285996859587,0.3039416693033346,1.7321820259094238,0.27370309829711914
500,3.8000000000000003,1.56,0.6,1,1,1,15,0.43092300929420674,0.2688945355113641,1.8802332878112793,0.3288710117340088
500,3.8000000000000003,1.56,0.6,1,1,1,16,0.4397242931129704,0.27595447997371125,1.9333388805389404,0.2648148536682129
500,3.8000000000000003,1.56,0.6,1,1,1,17,0.4120194099738011,0.25644366164241916,1.6969807147979736,0.3567962646484375
500,3.8000000000000003,1.56,0.6,1,1,1,18,0.4336146833041187,0.2467383350499325,1.6488094329833984,0.37552666664123535
500,3.8000000000000003,1.56,0.6,1,1,1,19,0.44361239095348703,0.2693451657065965,1.7474315166473389,0.4715602397918701
500,3.8000000000000003,1.56,0.6,1,1,1,20,0.44206330356610696,0.23773261175394003,1.6260960102081299,0.29912352561950684
500,3.8000000000000003,1.56,0.6,1,1,1,21,0.38064480530852485,0.36819087680797646,1.606804609298706,0.23209381103515625
500,3.8000000000000003,1.56,0.6,1,1,1,22,0.3964313451181443,0.32389075126412287,1.8274352550506592,0.34557628631591797
500,3.8000000000000003,1.56,0.6,1,1,1,23,0.46160029899870136,0.27215536878294083,1.4542434215545654,0.299623966217041
500,3.8000000000000003,1.56,0.6,1,1,1,24,0.40471867876989365,0.31932906184964177,2.180964708328247,0.3780229091644287
500,4.0,1.56,0.6,1,1,1,0,0.4512914542382704,0.2687435488784483,1.9802725315093994,0.287384033203125
500,4.0,1.56,0.6,1,1,1,1,0.4608238012312833,0.3651819375054365,1.7383944988250732,0.2759568691253662
500,4.0,1.56,0.6,1,1,1,2,0.46524259856082717,0.313531529220949,1.8059320449829102,0.3130192756652832
500,4.0,1.56,0.6,1,1,1,3,0.48324194626987843,0.24496178824751047,1.6855151653289795,0.3078465461730957
500,4.0,1.56,0.6,1,1,1,4,0.48498835323482314,0.35700842898944113,1.8903961181640625,0.22072601318359375
500,4.0,1.56,0.6,1,1,1,5,0.5037127769685871,0.28197254383896375,1.966120958328247,0.4240283966064453
500,4.0,1.56,0.6,1,1,1,6,0.6633227833185381,0.2756164746150483,1.714475393295288,0.2957131862640381
500,4.0,1.56,0.6,1,1,1,7,0.46647385872036173,0.2893017355005107,1.7091765403747559,0.37539005279541016
500,4.0,1.56,0.6,1,1,1,8,0.46154975812845933,0.2989417783592335,1.7252638339996338,0.29816722869873047
500,4.0,1.56,0.6,1,1,1,9,0.48952755739695303,0.3427043124559799,1.6621103286743164,0.4152390956878662
500,4.0,1.56,0.6,1,1,1,10,0.440686104150005,0.34224764196833884,1.501417875289917,0.26120495796203613
500,4.0,1.56,0.6,1,1,1,11,0.5184497315297001,0.40844328496395815,1.8367877006530762,0.30645108222961426
500,4.0,1.56,0.6,1,1,1,12,0.5051999693541087,0.2564179781811934,1.8373339176177979,0.25835323333740234
500,4.0,1.56,0.6,1,1,1,13,0.4313794587769878,0.2936445951035231,1.7341175079345703,0.32461023330688477
500,4.0,1.56,0.6,1,1,1,14,0.4453003495169393,0.2692577451850102,1.7744495868682861,0.42233967781066895
500,4.0,1.56,0.6,1,1,1,15,0.40545920371706146,0.39785093112776115,1.844398021697998,0.4774749279022217
500,4.0,1.56,0.6,1,1,1,16,0.4161417413721923,0.28059170608540074,1.8694889545440674,0.40129518508911133
500,4.0,1.56,0.6,1,1,1,17,0.4434924768173709,0.33552276736668496,1.7820615768432617,0.4207923412322998
500,4.0,1.56,0.6,1,1,1,18,0.626233518642105,0.2946075769450854,1.5024147033691406,0.38216066360473633
500,4.0,1.56,0.6,1,1,1,19,0.45767608645488395,0.3105320159520751,1.565410852432251,0.22381854057312012
500,4.0,1.56,0.6,1,1,1,20,0.4341819872047504,0.30142899915826443,1.5116703510284424,0.40720224380493164
500,4.0,1.56,0.6,1,1,1,21,0.4825819834250171,0.2870837282308471,1.7595932483673096,0.40084147453308105
500,4.0,1.56,0.6,1,1,1,22,0.4091202465506236,0.3477700475992124,1.6368658542633057,0.27297282218933105
500,4.0,1.56,0.6,1,1,1,23,0.4703198417275557,0.28028464792109165,1.4711260795593262,0.43151187896728516
500,4.0,1.56,0.6,1,1,1,24,0.4620988031293738,0.26881839998960105,1.6113977432250977,0.31082916259765625
500,4.2,1.56,0.6,1,1,1,0,0.5860371534628986,0.3423936762952357,1.7218332290649414,0.4065570831298828
500,4.2,1.56,0.6,1,1,1,1,0.4631394032052193,0.3383901918071305,2.051995277404785,0.38803529739379883
500,4.2,1.56,0.6,1,1,1,2,0.4160032385941137,0.266468055586367,1.5434210300445557,0.2612137794494629
500,4.2,1.56,0.6,1,1,1,3,0.5091402571453609,0.44328023752600876,1.4667541980743408,0.31889915466308594
500,4.2,1.56,0.6,1,1,1,4,0.46590973947482933,0.310257501192442,1.9171271324157715,0.35944581031799316
500,4.2,1.56,0.6,1,1,1,5,0.5324187987992152,0.30515777808653355,1.9977359771728516,0.4373452663421631
500,4.2,1.56,0.6,1,1,1,6,0.4430656891992284,0.2598840612047442,1.5348494052886963,0.2325587272644043
500,4.2,1.56,0.6,1,1,1,7,0.4817894170483882,0.32983879959733364,1.9240214824676514,0.36017322540283203
500,4.2,1.56,0.6,1,1,1,8,0.6352713165798863,0.3285366020607199,1.6952965259552002,0.21995830535888672
500,4.2,1.56,0.6,1,1,1,9,0.4510982380611285,0.28853877617504864,1.7944469451904297,0.3945009708404541
500,4.2,1.56,0.6,1,1,1,10,0.4828589395063969,0.32700414945723993,1.3457531929016113,0.21975922584533691
500,4.2,1.56,0.6,1,1,1,11,0.5362173682520015,0.34693315988909185,1.8959877490997314,0.3280212879180908
500,4.2,1.56,0.6,1,1,1,12,0.4937226199467341,0.3457268219911108,1.5797209739685059,0.2877049446105957
500,4.2,1.56,0.6,1,1,1,13,0.4616803194184951,0.35226179156019866,1.5329086780548096,0.5033917427062988
500,4.2,1.56,0.6,1,1,1,14,0.46709259575564643,0.32997342144513697,1.8048303127288818,0.4168891906738281
500,4.2,1.56,0.6,1,1,1,15,0.5243221537387839,0.2528195452583866,2.374070405960083,0.4206502437591553
500,4.2,1.56,0.6,1,1,1,16,0.5276155815330885,0.35475958687409537,1.9016458988189697,0.34776806831359863
500,4.2,1.56,0.6,1,1,1,17,0.5286734884500818,0.3759875360945669,1.7678172588348389,0.3480231761932373
500,4.2,1.56,0.6,1,1,1,18,0.5172069962655093,0.34536429179817224,1.5398797988891602,0.32743096351623535
500,4.2,1.56,0.6,1,1,1,19,0.5199853627188045,0.3107705332311867,1.679262638092041,0.41466665267944336
500,4.2,1.56,0.6,1,1,1,20,0.4449930907133193,0.4204022270262208,2.031836748123169,0.38582873344421387
500,4.2,1.56,0.6,1,1,1,21,0.5156602368680562,0.25965392430757567,1.9657390117645264,0.27991771697998047
500,4.2,1.56,0.6,1,1,1,22,0.5807819181690176,0.33369273313401027,1.7175788879394531,0.36243104934692383
500,4.2,1.56,0.6,1,1,1,23,0.4852330177610081,0.31481847226068904,1.993314504623413,0.40983009338378906
500,4.2,1.56,0.6,1,1,1,24,0.5674866795944903,0.3302801715301481,1.6415436267852783,0.2854804992675781
500,4.4,1.56,0.6,1,1,1,0,0.5281162781561168,0.37119491590926823,1.6954684257507324,0.23752880096435547
500,4.4,1.56,0.6,1,1,1,1,0.5020068227272986,0.4155688301989497,1.5892834663391113,0.33893632888793945
500,4.4,1.56,0.6,1,1,1,2,0.49752647727770355,0.373826792049094,1.871795892715454,0.22942900657653809
500,4.4,1.56,0.6,1,1,1,3,0.48143914548888084,0.3130111147648816,2.125732898712158,0.3700895309448242
500,4.4,1.56,0.6,1,1,1,4,0.5051818049858811,0.28668178864676763,2.0388665199279785,0.39444923400878906
500,4.4,1.56,0.6,1,1,1,5,0.5548179079638272,0.445776865865977,1.8003976345062256,0.359677791595459
500,4.4,1.56,0.6,1,1,1,6,0.49384583778006863,0.3469856428909534,1.7171123027801514,0.3773200511932373
500,4.4,1.56,0.6,1,1,1,7,0.41155484753784255,0.35008297602053323,1.8101956844329834,0.30798912048339844
500,4.4,1.56,0.6,1,1,1,8,0.5355363242078532,0.27761260992713305,1.6720216274261475,0.3414192199707031
500,4.4,1.56,0.6,1,1,1,9,0.5432284291281531,0.34069814390334985,1.601262092590332,0.25715160369873047
500,4.4,1.56,0.6,1,1,1,10,0.5225413387798334,0.34808096155754303,1.971745491027832,0.2684485912322998
500,4.4,1.56,0.6,1,1,1,11,0.5130998605186609,0.2745460516566683,1.7721686363220215,0.3084683418273926
500,4.4,1.56,0.6,1,1,1,12,0.4703330131591068,0.31866214913298396,1.7326369285583496,0.402860164642334
500,4.4,1.56,0.6,1,1,1,13,0.5011674400325754,0.3578030333530848,1.557457447052002,0.2252182960510254
500,4.4,1.56,0.6,1,1,1,14,0.45253294953269996,0.30857688248941667,1.9159717559814453,0.3023495674133301
500,4.4,1.56,0.6,1,1,1,15,0.5827313164646479,0.5002071541209864,1.9000322818756104,0.2663540840148926
500,4.4,1.56,0.6,1,1,1,16,0.5363875678435382,0.3226098255018506,1.7408907413482666,0.4294254779815674
500,4.4,1.56,0.6,1,1,1,17,0.49458009903320954,0.5236592206310793,1.6890432834625244,0.3022036552429199
500,4.4,1.56,0.6,1,1,1,18,0.45469165983633786,0.38146825030516235,1.481480360031128,0.25514960289001465
500,4.4,1.56,0.6,1,1,1,19,0.46408660988381445,0.3145031457162198,1.69533109664917,0.2731161117553711
500,4.4,1.56,0.6,1,1,1,20,0.5083094909309045,0.3061340433002653,1.4992899894714355,0.25617432594299316
500,4.4,1.56,0.6,1,1,1,21,0.5493348073897654,0.33099596220632405,2.0958468914031982,0.29381322860717773
500,4.4,1.56,0.6,1,1,1,22,0.48930789989200985,0.36348555188383214,1.7885899543762207,0.2943229675292969
500,4.4,1.56,0.6,1,1,1,23,0.4741023087306502,0.2852583339656256,1.7331697940826416,0.34520864486694336
500,4.4,1.56,0.6,1,1,1,24,0.6319006807020718,0.2904051876674335,2.3072497844696045,0.27861905097961426
500,4.6000000000000005,1.56,0.6,1,1,1,0,0.5141473571339304,0.3029777502540201,1.4843828678131104,0.38701438903808594
500,4.6000000000000005,1.56,0.6,1,1,1,1,0.5752958358197712,0.368490369475986,1.880967378616333,0.4486532211303711
500,4.6000000000000005,1.56,0.6,1,1,1,2,0.5069674270644201,0.3461640375431214,1.8911514282226562,0.1860675811767578
500,4.6000000000000005,1.56,0.6,1,1,1,3,0.5715851038756065,0.3783588412731185,1.6319561004638672,0.26187753677368164
500,4.6000000000000005,1.56,0.6,1,1,1,4,0.47229247181836087,0.27212169541773856,1.681481122970581,0.2826247215270996
500,4.6000000000000005,1.56,0.6,1,1,1,5,0.5175554304103595,0.3711191577665517,1.520620346069336,0.28718137741088867
500,4.6000000000000005,1.56,0.6,1,1,1,6,0.5518218733049005,0.47141818713337147,1.9477269649505615,0.4450535774230957
500,4.6000000000000005,1.56,0.6,1,1,1,7,0.5644333359396481,0.35802628328403746,1.8548235893249512,0.26322197914123535
500,4.6000000000000005,1.56,0.6,1,1,1,8,0.5236934530524184,0.34298878860886756,1.4904956817626953,0.3195769786834717
500,4.6000000000000005,1.56,0.6,1,1,1,9,0.6017974620113539,0.3463681358101048,1.8131954669952393,0.36202478408813477
500,4.6000000000000005,1.56,0.6,1,1,1,10,0.5251210542946385,0.30810144721264976,1.8001785278320312,0.32185983657836914
500,4.6000000000000005,1.56,0.6,1,1,1,11,0.5334193259129058,0.33268047025073844,1.7443909645080566,0.3261408805847168
500,4.6000000000000005,1.56,0.6,1,1,1,12,0.4776545231942628,0.4341674844330839,1.6222443580627441,0.2889852523803711
500,4.6000000000000005,1.56,0.6,1,1,1,13,0.49615516563272655,0.2740711013789661,1.606389045715332,0.27353930473327637
500,4.6000000000000005,1.56,0.6,1,1,1,14,0.541463424819661,0.306231556409837,2.1332969665527344,0.42897772789001465
500,4.6000000000000005,1.56,0.6,1,1,1,15,0.5556519175770794,0.4468569425963572,1.6377747058868408,0.28719019889831543
500,4.6000000000000005,1.56,0.6,1,1,1,16,0.5669376979536157,0.2708606334652383,1.7938361167907715,0.3729844093322754
500,4.6000000000000005,1.56,0.6,1,1,1,17,0.5725922769219277,0.31349728188239245,1.4817826747894287,0.26654863357543945
500,4.6000000000000005,1.56,0.6,1,1,1,18,0.5023824357054095,0.30370835220314923,1.4317708015441895,0.3064420223236084
500,4.6000000000000005,1.56,0.6,1,1,1,19,0.6625499244428057,0.42708410395238744,1.6321725845336914,0.30823779106140137
500,4.6000000000000005,1.56,0.6,1,1,1,20,0.49952804587507915,0.3210900546624271,1.6277828216552734,0.29645705223083496
500,4.6000000000000005,1.56,0.6,1,1,1,21,0.5114302539760437,0.2762025972065715,1.7511188983917236,0.42658233642578125
500,4.6000000000000005,1.56,0.6,1,1,1,22,0.4940785852002634,0.3726608828941082,1.4699578285217285,0.28619980812072754
500,4.6000000000000005,1.56,0.6,1,1,1,23,0.47813710548124316,0.41936692403257136,1.843813419342041,0.33269453048706055
500,4.6000000000000005,1.56,0.6,1,1,1,24,0.4887398434216841,0.3983701934657879,1.6194994449615479,0.3313624858856201
500,4.800000000000001,1.56,0.6,1,1,1,0,0.5857853270363463,0.32066871631315325,1.5384538173675537,0.27127742767333984
500,4.800000000000001,1.56,0.6,1,1,1,1,0.5110912573378105,0.2983137558806636,1.2641034126281738,0.23736095428466797
500,4.800000000000001,1.56,0.6,1,1,1,2,0.5103324917968087,0.35222519327115603,1.6922144889831543,0.29866671562194824
500,4.800000000000001,1.56,0.6,1,1,1,3,0.5276151660295559,0.3758795598053698,1.6352121829986572,0.36080026626586914
500,4.800000000000001,1.56,0.6,1,1,1,4,0.5343687411408286,0.3515410905410667,1.615321397781372,0.3402094841003418
500,4.800000000000001,1.56,0.6,1,1,1,5,0.5091750431883381,0.3143603413177236,1.7222802639007568,0.20493626594543457
500,4.800000000000001,1.56,0.6,1,1,1,6,0.6524533206910783,0.3904225437095536,1.9214560985565186,0.3571934700012207
500,4.800000000000001,1.56,0.6,1,1,1,7,0.4693252819357165,0.35117203379763223,1.8004322052001953,0.3708531856536865
500,4.800000000000001,1.56,0.6,1,1,1,8,0.5425890088938647,0.32268666797032836,1.6510519981384277,0.27533507347106934
500,4.800000000000001,1.56,0.6,1,1,1,9,0.5107505797618866,0.35413047357033495,0.9898054599761963,0.20249438285827637
500,4.800000000000001,1.56,0.6,1,1,1,10,0.5687732248288369,0.29924104421437064,0.43439435958862305,0.09044694900512695
500,4.800000000000001,1.56,0.6,1,1,1,11,0.5075946607144171,0.33882848044946423,0.437716007232666,0.09254956245422363
500,4.800000000000001,1.56,0.6,1,1,1,12,0.6670599385967554,0.32726115235406433,0.43053746223449707,0.09963178634643555
500,4.800000000000001,1.56,0.6,1,1,1,13,0.5462372808663895,0.3025511780364295,0.4250636100769043,0.08853316307067871
500,4.800000000000001,1.56,0.6,1,1,1,14,0.7274058792525734,0.3326608571029653,0.4904341697692871,0.08051753044128418
500,4.800000000000001,1.56,0.6,1,1,1,15,0.5607020928090923,0.38672327215149865,0.45696210861206055,0.05337786674499512
500,4.800000000000001,1.56,0.6,1,1,1,16,0.5139775903424622,0.39142631594544397,0.4853520393371582,0.07688307762145996
500,4.800000000000001,1.56,0.6,1,1,1,17,0.5731703042258577,0.3666302490746819,0.45087122917175293,0.08403468132019043
500,4.800000000000001,1.56,0.6,1,1,1,18,0.558156929174313,0.4738870595861579,0.5320041179656982,0.07852292060852051
500,4.800000000000001,1.56,0.6,1,1,1,19,0.5007813435804391,0.35708667760949797,0.49056243896484375,0.09051036834716797
500,4.800000000000001,1.56,0.6,1,1,1,20,0.547090536295905,0.33626945481256065,0.5173625946044922,0.08202719688415527
500,4.800000000000001,1.56,0.6,1,1,1,21,0.5047639185240884,0.3275989596910479,0.5171513557434082,0.09543871879577637
500,4.800000000000001,1.56,0.6,1,1,1,22,0.6071842519297114,0.3561731179220476,0.5263745784759521,0.10050296783447266
500,4.800000000000001,1.56,0.6,1,1,1,23,0.598833293059815,0.4052781389516993,0.6141855716705322,0.1260824203491211
500,4.800000000000001,1.56,0.6,1,1,1,24,0.5370798946883091,0.3558448246794994,0.5715596675872803,0.1084907054901123
500,5.0,1.56,0.6,1,1,1,0,0.6341122595108335,0.38564884152443835,0.5862929821014404,0.11525177955627441
500,5.0,1.56,0.6,1,1,1,1,0.6179418824189613,0.36866046640168687,0.5683956146240234,0.1170661449432373
500,5.0,1.56,0.6,1,1,1,2,0.5696974032849316,0.398073774070771,0.5572655200958252,0.11557316780090332
500,5.0,1.56,0.6,1,1,1,3,0.6179150216044331,0.3381804494777337,0.5763623714447021,0.12052178382873535
500,5.0,1.56,0.6,1,1,1,4,0.5827891830472743,0.4243721311572601,0.720461368560791,0.12309598922729492
500,5.0,1.56,0.6,1,1,1,5,0.554380358436714,0.3599936207180054,0.6250078678131104,0.1361837387084961
500,5.0,1.56,0.6,1,1,1,6,0.5565464160530631,0.31986015640845233,0.5868046283721924,0.11724972724914551
500,5.0,1.56,0.6,1,1,1,7,0.6316851218012849,0.40249750495028325,0.611069917678833,0.11363601684570312
500,5.0,1.56,0.6,1,1,1,8,0.5564018831411615,0.3913576589262067,0.6200859546661377,0.08500480651855469
500,5.0,1.56,0.6,1,1,1,9,0.6292391758396118,0.5032812736259394,0.7198641300201416,0.15755677223205566
500,5.0,1.56,0.6,1,1,1,10,0.5270057843431578,0.3107367939085442,0.5825917720794678,0.13087224960327148
500,5.0,1.56,0.6,1,1,1,11,0.5771054955268689,0.400188836666888,0.7817344665527344,0.10614657402038574
500,5.0,1.56,0.6,1,1,1,12,0.5915771550188208,0.3112588808167395,0.5899550914764404,0.08750438690185547
500,5.0,1.56,0.6,1,1,1,13,0.5459391818484619,0.4567019129140447,0.5996110439300537,0.09767651557922363
500,5.0,1.56,0.6,1,1,1,14,0.5707899807662504,0.38124078368409403,0.800809383392334,0.13411998748779297
500,5.0,1.56,0.6,1,1,1,15,0.5998386946763709,0.49348295471305914,0.5876529216766357,0.09357500076293945
500,5.0,1.56,0.6,1,1,1,16,0.547490851384126,0.4323074356040741,0.6005520820617676,0.11320066452026367
500,5.0,1.56,0.6,1,1,1,17,0.5833741754863836,0.3694281853556357,0.5848169326782227,0.11043453216552734
500,5.0,1.56,0.6,1,1,1,18,0.6072575929888169,0.3058201964753314,0.6572835445404053,0.11966395378112793
500,5.0,1.56,0.6,1,1,1,19,0.5651670646085435,0.41433307500445915,0.6993577480316162,0.13837814331054688
500,5.0,1.56,0.6,1,1,1,20,0.5458186325705043,0.33057780674825404,0.5937368869781494,0.10945844650268555
500,5.0,1.56,0.6,1,1,1,21,0.5771007888837741,0.4373246988217123,0.5885326862335205,0.13355088233947754
500,5.0,1.56,0.6,1,1,1,22,0.6685043736865118,0.32126277731749214,0.5941870212554932,0.09856486320495605
500,5.0,1.56,0.6,1,1,1,23,0.6159230572230516,0.40212064575521494,0.6608211994171143,0.10436129570007324
500,5.0,1.56,0.6,1,1,1,24,0.568997211506549,0.38090136667346075,0.6092820167541504,0.12253975868225098
500,5.2,1.56,0.6,1,1,1,0,0.7555222476704351,0.514962002461819,0.6008038520812988,0.10232734680175781
500,5.2,1.56,0.6,1,1,1,1,0.5692825321498337,0.47005876678615,0.6044659614562988,0.10751628875732422
500,5.2,1.56,0.6,1,1,1,2,0.5689565131888579,0.46967031464718395,0.5687878131866455,0.10955238342285156
500,5.2,1.56,0.6,1,1,1,3,0.5732675976410352,0.45606730244929006,0.6050155162811279,0.10355019569396973
500,5.2,1.56,0.6,1,1,1,4,0.6025110283562771,0.4025144841111541,0.6104962825775146,0.09197616577148438
500,5.2,1.56,0.6,1,1,1,5,0.6245294453562487,0.31365360241479473,0.8778846263885498,0.16930484771728516
500,5.2,1.56,0.6,1,1,1,6,0.5884322863455497,0.3890655131394916,0.6597447395324707,0.11703610420227051
500,5.2,1.56,0.6,1,1,1,7,0.628380702267114,0.5217346540902389,0.5568020343780518,0.1147758960723877
500,5.2,1.56,0.6,1,1,1,8,0.5803157414544132,0.34465656644153336,0.5487589836120605,0.10968732833862305
500,5.2,1.56,0.6,1,1,1,9,0.7107151755861223,0.4881349244661816,0.5712013244628906,0.104400634765625
500,5.2,1.56,0.6,1,1,1,10,0.6028724484765053,0.4608039524508076,0.7336876392364502,0.1315162181854248
500,5.2,1.56,0.6,1,1,1,11,0.5923241023273942,0.369746382863482,0.6159119606018066,0.08494710922241211
500,5.2,1.56,0.6,1,1,1,12,0.7076469069285385,0.39673444136657476,0.5559120178222656,0.11053252220153809
500,5.2,1.56,0.6,1,1,1,13,0.6690711618866056,0.3422428849967327,0.6349785327911377,0.09053254127502441
500,5.2,1.56,0.6,1,1,1,14,0.6233682860387172,0.440690651416427,0.5880587100982666,0.1095123291015625
500,5.2,1.56,0.6,1,1,1,15,0.5490553278268624,0.3956500290391531,0.7296299934387207,0.14240765571594238
500,5.2,1.56,0.6,1,1,1,16,0.5644699438786542,0.3809418685225228,0.6027677059173584,0.08250951766967773
500,5.2,1.56,0.6,1,1,1,17,0.5514671590626887,0.3817836999758765,0.561190128326416,0.12054300308227539
500,5.2,1.56,0.6,1,1,1,18,0.7142706218022052,0.3707208264947427,0.5391013622283936,0.1104593276977539
500,5.2,1.56,0.6,1,1,1,19,0.5150393796696463,0.3503614004171902,0.5782675743103027,0.13352036476135254
500,5.2,1.56,0.6,1,1,1,20,0.6137617284094649,0.3426272767460619,0.7483868598937988,0.1285264492034912
500,5.2,1.56,0.6,1,1,1,21,0.7689131914663704,0.4532872429481909,0.6058259010314941,0.11244940757751465
500,5.2,1.56,0.6,1,1,1,22,0.5956538424529129,0.3553479540996456,0.6275753974914551,0.11258578300476074
500,5.2,1.56,0.6,1,1,1,23,0.5921649143699613,0.4417223700574592,0.5808031558990479,0.08896374702453613
500,5.2,1.56,0.6,1,1,1,24,0.6911762415415101,0.43027434683776666,0.6575541496276855,0.1137838363647461
500,5.4,1.56,0.6,1,1,1,0,0.611577237718268,0.47494366728530696,0.8524117469787598,0.17035889625549316
500,5.4,1.56,0.6,1,1,1,1,0.6398448378358822,0.3865839102799518,0.5610852241516113,0.08555793762207031
500,5.4,1.56,0.6,1,1,1,2,0.5602483429909472,0.33149900353784045,0.6756246089935303,0.09135293960571289
500,5.4,1.56,0.6,1,1,1,3,0.5624224382163897,0.40815869365040275,0.6148478984832764,0.08296561241149902
500,5.4,1.56,0.6,1,1,1,4,0.6482802574487766,0.3815810905943073,0.5708568096160889,0.10828161239624023
500,5.4,1.56,0.6,1,1,1,5,0.6114059539135112,0.4505482079811389,0.7112233638763428,0.15317964553833008
500,5.4,1.56,0.6,1,1,1,6,0.6257658767609712,0.4514620146329097,0.5768980979919434,0.09453272819519043
500,5.4,1.56,0.6,1,1,1,7,0.6824660342392017,0.43867795631024636,0.5788850784301758,0.12052607536315918
500,5.4,1.56,0.6,1,1,1,8,0.7747419950557892,0.3892559324238666,0.5933518409729004,0.12453436851501465
500,5.4,1.56,0.6,1,1,1,9,0.7180301385189746,0.43848644276200816,0.6134004592895508,0.12040972709655762
500,5.4,1.56,0.6,1,1,1,10,0.6376320919664595,0.32593788209203145,0.6008951663970947,0.13003921508789062
500,5.4,1.56,0.6,1,1,1,11,0.6210632410788153,0.3370063570225791,0.6741559505462646,0.12207961082458496
500,5.4,1.56,0.6,1,1,1,12,0.6041675713164244,0.5338339530812017,0.5920214653015137,0.11753392219543457
500,5.4,1.56,0.6,1,1,1,13,0.6099358564364614,0.4654506789260449,0.5460362434387207,0.11558699607849121
500,5.4,1.56,0.6,1,1,1,14,0.6419909738247873,0.40749022813105074,0.5723104476928711,0.12940740585327148
500,5.4,1.56,0.6,1,1,1,15,0.661830008919123,0.4875548073713522,0.6320300102233887,0.11404800415039062
500,5.4,1.56,0.6,1,1,1,16,0.7890523257943398,0.5328667497913409,0.7536325454711914,0.1547989845275879
500,5.4,1.56,0.6,1,1,1,17,0.6070323588512371,0.4037607158816393,0.6059627532958984,0.11142396926879883
500,5.4,1.56,0.6,1,1,1,18,0.6118053743715984,0.4322178678225532,0.6762089729309082,0.1314380168914795
500,5.4,1.56,0.6,1,1,1,19,0.5757375207208293,0.41366954903516207,0.717872142791748,0.11941647529602051
500,5.4,1.56,0.6,1,1,1,20,0.6220130583436126,0.42885987054608044,0.5717730522155762,0.11622786521911621
500,5.4,1.56,0.6,1,1,1,21,0.6637437399460949,0.41053068382281516,0.7643177509307861,0.15407276153564453
500,5.4,1.56,0.6,1,1,1,22,0.6147515713074814,0.38392782768412076,0.6622235774993896,0.14375686645507812
500,5.4,1.56,0.6,1,1,1,23,0.6817235993710087,0.43622522743826625,0.6023831367492676,0.10346388816833496
500,5.4,1.56,0.6,1,1,1,24,0.5582352960247582,0.4389020203739243,0.5754673480987549,0.11440420150756836
500,5.6000000000000005,1.56,0.6,1,1,1,0,0.6033787186852532,0.4598097542621732,0.5940053462982178,0.09944415092468262
500,5.6000000000000005,1.56,0.6,1,1,1,1,0.6882356775690144,0.5886179708637446,0.7417540550231934,0.13652634620666504
500,5.6000000000000005,1.56,0.6,1,1,1,2,0.6284432998030951,0.4779550633974846,0.5585129261016846,0.11153531074523926
500,5.6000000000000005,1.56,0.6,1,1,1,3,0.6803415206814846,0.4686181959577873,0.5621223449707031,0.13352012634277344
500,5.6000000000000005,1.56,0.6,1,1,1,4,0.6267382766455646,0.4539065280801344,0.598454475402832,0.1237330436706543
500,5.6000000000000005,1.56,0.6,1,1,1,5,0.6009632249320337,0.42701839337904174,0.5852470397949219,0.11446475982666016
500,5.6000000000000005,1.56,0.6,1,1,1,6,0.7077120503540731,0.5243856098218337,0.697805643081665,0.1313779354095459
500,5.6000000000000005,1.56,0.6,1,1,1,7,0.6365191134126846,0.5340032579719254,0.7097265720367432,0.11004972457885742
500,5.6000000000000005,1.56,0.6,1,1,1,8,0.6678882815168213,0.43964781837737793,0.6092731952667236,0.11034679412841797
500,5.6000000000000005,1.56,0.6,1,1,1,9,0.758704351543642,0.4105432626569615,0.621145486831665,0.09665226936340332
500,5.6000000000000005,1.56,0.6,1,1,1,10,0.7369087584283923,0.44097505463137204,0.5588991641998291,0.11121821403503418
500,5.6000000000000005,1.56,0.6,1,1,1,11,0.6952937088187596,0.3475815256281996,0.5643494129180908,0.1248161792755127
500,5.6000000000000005,1.56,0.6,1,1,1,12,0.6203935772029415,0.42790239274687963,0.7962055206298828,0.11362195014953613
500,5.6000000000000005,1.56,0.6,1,1,1,13,0.7120359718770716,0.4736254246496993,0.7009427547454834,0.13043665885925293
500,5.6000000000000005,1.56,0.6,1,1,1,14,0.8578802617129367,0.379015803074599,0.6636934280395508,0.13728880882263184
500,5.6000000000000005,1.56,0.6,1,1,1,15,0.5820322082690457,0.4775139472830926,0.6210331916809082,0.09244608879089355
500,5.6000000000000005,1.56,0.6,1,1,1,16,0.6214017316084806,0.35544432857140906,0.6292660236358643,0.08402752876281738
500,5.6000000000000005,1.56,0.6,1,1,1,17,0.6479425489075356,0.423606285075389,0.7140505313873291,0.13934946060180664
500,5.6000000000000005,1.56,0.6,1,1,1,18,0.6738978183741247,0.5568539121480179,0.6261143684387207,0.08632683753967285
500,5.6000000000000005,1.56,0.6,1,1,1,19,0.6954579167134435,0.3967166868669205,0.6280379295349121,0.10455203056335449
500,5.6000000000000005,1.56,0.6,1,1,1,20,0.592880027639393,0.4285529410158837,0.5537691116333008,0.11583662033081055
500,5.6000000000000005,1.56,0.6,1,1,1,21,0.7146941555433634,0.44490270459665493,0.5796926021575928,0.0836031436920166
500,5.6000000000000005,1.56,0.6,1,1,1,22,0.6205231767359078,0.41221029773622386,0.734574556350708,0.1285703182220459
500,5.6000000000000005,1.56,0.6,1,1,1,23,0.6492547939763939,0.362474568546735,0.5553014278411865,0.1165008544921875
500,5.6000000000000005,1.56,0.6,1,1,1,24,0.6727880623729219,0.5012751813394477,0.5694448947906494,0.12936711311340332
500,5.800000000000001,1.56,0.6,1,1,1,0,0.6104150379610155,0.41222104426083855,0.6047115325927734,0.1184847354888916
500,5.800000000000001,1.56,0.6,1,1,1,1,0.7014017547715117,0.4660442484829321,0.5886876583099365,0.11083102226257324
500,5.800000000000001,1.56,0.6,1,1,1,2,0.6289150722991383,0.3966451094606404,0.6596472263336182,0.1333463191986084
500,5.800000000000001,1.56,0.6,1,1,1,3,0.7699941440898044,0.38199242589934335,0.7022287845611572,0.09362602233886719
500,5.800000000000001,1.56,0.6,1,1,1,4,0.7500677655629154,0.42305725990824117,0.5645697116851807,0.11432170867919922
500,5.800000000000001,1.56,0.6,1,1,1,5,0.6693731140456987,0.4514536847783647,0.58119797706604,0.1125481128692627
500,5.800000000000001,1.56,0.6,1,1,1,6,0.7796231772150931,0.40415536873644864,0.5677733421325684,0.1131894588470459
500,5.800000000000001,1.56,0.6,1,1,1,7,0.7012433936393859,0.45850283730812547,0.5791735649108887,0.12194371223449707
500,5.800000000000001,1.56,0.6,1,1,1,8,0.5858517526363964,0.38659228953071073,0.8457999229431152,0.15543103218078613
500,5.800000000000001,1.56,0.6,1,1,1,9,0.7155151630622874,0.3902429489332819,0.5752658843994141,0.11205387115478516
500,5.800000000000001,1.56,0.6,1,1,1,10,0.649123025130662,0.5059821081624009,0.56607985496521,0.11469483375549316
500,5.800000000000001,1.56,0.6,1,1,1,11,0.6465509392186987,0.4145998445979064,0.557199239730835,0.11353206634521484
500,5.800000000000001,1.56,0.6,1,1,1,12,0.6711861169161432,0.4722939320590512,0.5526986122131348,0.13801860809326172
500,5.800000000000001,1.56,0.6,1,1,1,13,0.636332526441438,0.4458890347876337,0.7272436618804932,0.1361243724822998
500,5.800000000000001,1.56,0.6,1,1,1,14,0.6454082811098775,0.4106613998331172,0.5749342441558838,0.11351180076599121
500,5.800000000000001,1.56,0.6,1,1,1,15,0.6714131588926417,0.4968961442772123,0.5562901496887207,0.12773346900939941
500,5.800000000000001,1.56,0.6,1,1,1,16,0.7813946271684497,0.41470453105295874,0.6000356674194336,0.11546730995178223
500,5.800000000000001,1.56,0.6,1,1,1,17,0.6746701094305896,0.3505554628415146,0.6100387573242188,0.11040186882019043
500,5.800000000000001,1.56,0.6,1,1,1,18,0.7265766649862297,0.44938723913364526,0.6609430313110352,0.13173723220825195
500,5.800000000000001,1.56,0.6,1,1,1,19,0.7584238238137461,0.3564889612856483,0.6709284782409668,0.09595227241516113
500,5.800000000000001,1.56,0.6,1,1,1,20,0.5838120763512723,0.35021836040324295,0.6029531955718994,0.11215066909790039
500,5.800000000000001,1.56,0.6,1,1,1,21,0.5949581875882588,0.4447859885485964,0.5710864067077637,0.11326098442077637
500,5.800000000000001,1.56,0.6,1,1,1,22,0.7202254667912317,0.4802628258451855,0.5709934234619141,0.08220338821411133
500,5.800000000000001,1.56,0.6,1,1,1,23,0.6268168520402989,0.4376097839949835,0.5496666431427002,0.13572144508361816
500,5.800000000000001,1.56,0.6,1,1,1,24,0.8201664592854351,0.39835586507735105,0.7140967845916748,0.12407231330871582
500,6.0,1.56,0.6,1,1,1,0,0.7262593006152117,0.45096232943061676,0.5705325603485107,0.1031484603881836
500,6.0,1.56,0.6,1,1,1,1,0.7453290743406282,0.45964290587999096,0.598283052444458,0.11633586883544922
500,6.0,1.56,0.6,1,1,1,2,0.6592188469140748,0.4963294374905487,0.5800950527191162,0.0964350700378418
500,6.0,1.56,0.6,1,1,1,3,0.7353824992178192,0.4460419789390093,0.6568100452423096,0.1292710304260254
500,6.0,1.56,0.6,1,1,1,4,0.8327385380331356,0.4819609616202328,0.8598389625549316,0.17792057991027832
500,6.0,1.56,0.6,1,1,1,5,0.6642485010419964,0.46441275292110734,0.6416959762573242,0.10956263542175293
500,6.0,1.56,0.6,1,1,1,6,0.7314883491428777,0.4612812556540496,0.5869665145874023,0.11457586288452148
500,6.0,1.56,0.6,1,1,1,7,0.7929540874892955,0.4819442481098978,0.5679521560668945,0.11669325828552246
500,6.0,1.56,0.6,1,1,1,8,0.8098819103632622,0.40709753165786544,0.597313404083252,0.11676383018493652
500,6.0,1.56,0.6,1,1,1,9,0.5957836806902801,0.49326409314902353,0.7029092311859131,0.1326591968536377
500,6.0,1.56,0.6,1,1,1,10,0.6879437213941568,0.36623826975414614,0.6117420196533203,0.11345958709716797
500,6.0,1.56,0.6,1,1,1,11,0.6267134441417747,0.4587317337233638,0.5953102111816406,0.09691929817199707
500,6.0,1.56,0.6,1,1,1,12,0.6957259176278399,0.45185993659728224,0.6021151542663574,0.10652875900268555
500,6.0,1.56,0.6,1,1,1,13,0.7471188432518004,0.5543235041159481,0.5954482555389404,0.10754251480102539
500,6.0,1.56,0.6,1,1,1,14,0.6253367029968803,0.37881566034178893,0.5781824588775635,0.13751626014709473
500,6.0,1.56,0.6,1,1,1,15,0.6707177115059043,0.4624739335052354,0.711491584777832,0.13055944442749023
500,6.0,1.56,0.6,1,1,1,16,0.6315449935005665,0.5088430589188411,0.549572229385376,0.12916970252990723
500,6.0,1.56,0.6,1,1,1,17,0.7023889997854741,0.4493244437948325,0.5657103061676025,0.1171259880065918
500,6.0,1.56,0.6,1,1,1,18,0.7995743246397486,0.49875468805965256,0.5979650020599365,0.11852359771728516
500,6.0,1.56,0.6,1,1,1,19,0.6479699558307473,0.4714323033153961,0.5805552005767822,0.1121819019317627
500,6.0,1.56,0.6,1,1,1,20,0.6670209626777055,0.40049932487762147,0.7491981983184814,0.12364649772644043
500,6.0,1.56,0.6,1,1,1,21,0.7576985016317589,0.5000400878208696,0.5903956890106201,0.09056782722473145
500,6.0,1.56,0.6,1,1,1,22,0.6688928510518095,0.6085596471106474,0.5575747489929199,0.10052275657653809
500,6.0,1.56,0.6,1,1,1,23,0.6467333856196836,0.4639116691775413,0.7044715881347656,0.1523582935333252
500,6.0,1.56,0.6,1,1,1,24,0.6823319752205926,0.5111725799725418,0.6566243171691895,0.1154627799987793
500,6.2,1.56,0.6,1,1,1,0,0.7604118965691146,0.4221548516593086,0.6976377964019775,0.14429354667663574
500,6.2,1.56,0.6,1,1,1,1,0.7809631536957363,0.49923840865964714,0.6552302837371826,0.11860084533691406
500,6.2,1.56,0.6,1,1,1,2,0.8881495614651292,0.5167235540154314,0.5553641319274902,0.11325907707214355
500,6.2,1.56,0.6,1,1,1,3,0.7767734694145607,0.5566995973251834,0.6263892650604248,0.08855295181274414
500,6.2,1.56,0.6,1,1,1,4,0.8006590028250984,0.4869393609855665,0.5739450454711914,0.09520959854125977
500,6.2,1.56,0.6,1,1,1,5,0.7791760802928399,0.4444920616099106,0.6898634433746338,0.1418900489807129
500,6.2,1.56,0.6,1,1,1,6,0.6925601022095701,0.5179464716527572,0.632667064666748,0.11240267753601074
500,6.2,1.56,0.6,1,1,1,7,0.7067261428725767,0.4574221008633984,0.5650811195373535,0.11298012733459473
500,6.2,1.56,0.6,1,1,1,8,0.7862215545330659,0.50065514219286,0.5780966281890869,0.10962224006652832
500,6.2,1.56,0.6,1,1,1,9,0.7378173018309095,0.5057237564222093,0.5777390003204346,0.12714886665344238
500,6.2,1.56,0.6,1,1,1,10,0.6924420563968618,0.5123900113144184,0.5997602939605713,0.1190633773803711
500,6.2,1.56,0.6,1,1,1,11,0.7645035421778213,0.4183865141178377,0.6888787746429443,0.16292500495910645
500,6.2,1.56,0.6,1,1,1,12,0.6886607975769778,0.767017335905276,0.5983049869537354,0.08806180953979492
500,6.2,1.56,0.6,1,1,1,13,0.7598700715665639,0.4530239956371848,0.5970561504364014,0.11575436592102051
500,6.2,1.56,0.6,1,1,1,14,0.7843457493999103,0.37822069387151136,0.5888488292694092,0.1056678295135498
500,6.2,1.56,0.6,1,1,1,15,0.777404467104994,0.5089623348161112,0.5635216236114502,0.1156456470489502
500,6.2,1.56,0.6,1,1,1,16,0.7480310966179665,0.583276376055703,0.7687168121337891,0.12161445617675781
500,6.2,1.56,0.6,1,1,1,17,0.7680038677013271,0.4361847525718305,0.5908877849578857,0.10560250282287598
500,6.2,1.56,0.6,1,1,1,18,0.7818276937176757,0.5455778609241279,0.732839822769165,0.1385667324066162
500,6.2,1.56,0.6,1,1,1,19,0.8482914305619254,0.43313007539859355,0.5650017261505127,0.11660599708557129
500,6.2,1.56,0.6,1,1,1,20,0.8437742861198022,0.4655371548936873,0.572613000869751,0.13007569313049316
500,6.2,1.56,0.6,1,1,1,21,0.645429454172801,0.5312202531158199,0.700585126876831,0.13357925415039062
500,6.2,1.56,0.6,1,1,1,22,0.6535082697648379,0.4110756978220308,0.5999526977539062,0.10747885704040527
500,6.2,1.56,0.6,1,1,1,23,0.7472944706637642,0.4917825432034888,0.5611944198608398,0.12239646911621094
500,6.2,1.56,0.6,1,1,1,24,0.7568176363049853,0.45441824692398863,0.5993363857269287,0.11363101005554199
500,6.4,1.56,0.6,1,1,1,0,0.7649349475462214,0.6519856563291451,0.5834531784057617,0.11049151420593262
500,6.4,1.56,0.6,1,1,1,1,0.7889340037089475,0.6823097377314102,0.6042640209197998,0.08497953414916992
500,6.4,1.56,0.6,1,1,1,2,0.6912925044786468,0.45823164835013275,0.7306427955627441,0.1266794204711914
500,6.4,1.56,0.6,1,1,1,3,0.747842299053196,0.5183446847615941,0.5653982162475586,0.09873557090759277
500,6.4,1.56,0.6,1,1,1,4,0.7423129791001596,0.5565746012087516,0.5661754608154297,0.1130826473236084
500,6.4,1.56,0.6,1,1,1,5,0.7602782880198632,0.5146783801391855,0.5670340061187744,0.09615707397460938
500,6.4,1.56,0.6,1,1,1,6,0.7467257030071761,0.5783231077328689,0.5581696033477783,0.12620067596435547
500,6.4,1.56,0.6,1,1,1,7,0.7876023430433094,0.4695620176681743,0.7472062110900879,0.12868285179138184
500,6.4,1.56,0.6,1,1,1,8,0.720055872915534,0.4363453629494371,0.5580394268035889,0.09419870376586914
500,6.4,1.56,0.6,1,1,1,9,0.7250256312175337,0.44483973727465265,0.5832581520080566,0.12236976623535156
500,6.4,1.56,0.6,1,1,1,10,0.7339700618803049,0.5541508149933418,0.6094985008239746,0.08044934272766113
500,6.4,1.56,0.6,1,1,1,11,0.7529505915709294,0.5148032770586152,0.6218013763427734,0.08826398849487305
500,6.4,1.56,0.6,1,1,1,12,0.6978168609893404,0.48154672037146656,0.6678867340087891,0.1355724334716797
500,6.4,1.56,0.6,1,1,1,13,0.7899459824868201,0.43044311288644455,0.7372415065765381,0.14735674858093262
500,6.4,1.56,0.6,1,1,1,14,0.8509365109036126,0.48340501590772617,0.6271331310272217,0.0965576171875
500,6.4,1.56,0.6,1,1,1,15,0.8055471741510233,0.627237126259083,0.5822901725769043,0.10999083518981934
500,6.4,1.56,0.6,1,1,1,16,0.7903867798204285,0.4578868484208288,0.552804708480835,0.11266922950744629
500,6.4,1.56,0.6,1,1,1,17,0.7935325706151405,0.47094584043134397,0.6465282440185547,0.09723973274230957
500,6.4,1.56,0.6,1,1,1,18,0.6718804653109467,0.5318819069195624,0.7045342922210693,0.12956976890563965
500,6.4,1.56,0.6,1,1,1,19,0.6727612199810211,0.4947043309994515,0.562516450881958,0.10957121849060059
500,6.4,1.56,0.6,1,1,1,20,0.7272702543363248,0.44674835005267166,0.5447964668273926,0.12941503524780273
500,6.4,1.56,0.6,1,1,1,21,0.9473017186183738,0.43421491761136816,0.6186673641204834,0.09735798835754395
500,6.4,1.56,0.6,1,1,1,22,0.7510507901394778,0.4834672420648362,0.602240800857544,0.1147158145904541
500,6.4,1.56,0.6,1,1,1,23,0.8099041215978224,0.4257890285077392,0.7117233276367188,0.14699792861938477
500,6.4,1.56,0.6,1,1,1,24,0.795230067998584,0.7041667806588712,0.5619046688079834,0.1185154914855957
500,6.6000000000000005,1.56,0.6,1,1,1,0,0.859807611293351,0.5555878744502052,0.5740134716033936,0.11351871490478516
500,6.6000000000000005,1.56,0.6,1,1,1,1,0.7689072428347635,0.5575524600095836,0.5693848133087158,0.1164560317993164
500,6.6000000000000005,1.56,0.6,1,1,1,2,0.7711440972423056,0.6741887335248897,0.5562355518341064,0.14304494857788086
500,6.6000000000000005,1.56,0.6,1,1,1,3,0.7849102940548439,0.5979916121272049,0.684051513671875,0.1351628303527832
500,6.6000000000000005,1.56,0.6,1,1,1,4,0.7238505887153488,0.5383157179379894,0.6657686233520508,0.09198927879333496
500,6.6000000000000005,1.56,0.6,1,1,1,5,0.8485939399309105,0.4402397059993908,0.5666565895080566,0.08875489234924316
500,6.6000000000000005,1.56,0.6,1,1,1,6,0.743566106882436,0.5062239873435008,0.5841379165649414,0.1072385311126709
500,6.6000000000000005,1.56,0.6,1,1,1,7,0.7725182425983627,0.48770791925188217,0.5937528610229492,0.11757111549377441
500,6.6000000000000005,1.56,0.6,1,1,1,8,0.6887493905501166,0.4793163841008374,0.7276842594146729,0.13072657585144043
500,6.6000000000000005,1.56,0.6,1,1,1,9,0.9352618171541153,0.425977677943919,0.697528600692749,0.1209862232208252
500,6.6000000000000005,1.56,0.6,1,1,1,10,0.9148880870091235,0.4634282444946734,0.5711896419525146,0.10451984405517578
500,6.6000000000000005,1.56,0.6,1,1,1,11,0.7904248723811992,0.45412499185757826,0.6144230365753174,0.1032557487487793
500,6.6000000000000005,1.56,0.6,1,1,1,12,0.8220130050467588,0.4544327707241828,0.5690581798553467,0.11398911476135254
500,6.6000000000000005,1.56,0.6,1,1,1,13,0.7982522820038638,0.5111169802143912,0.564068078994751,0.09328746795654297
500,6.6000000000000005,1.56,0.6,1,1,1,14,0.8464573901655732,0.5499123035759204,0.7299103736877441,0.12109827995300293
500,6.6000000000000005,1.56,0.6,1,1,1,15,0.7994502319511153,0.49284299384549146,0.5497720241546631,0.11126041412353516
500,6.6000000000000005,1.56,0.6,1,1,1,16,0.7887337972888594,0.5149792065806661,0.5698757171630859,0.09976053237915039
500,6.6000000000000005,1.56,0.6,1,1,1,17,0.7129091808266586,0.43324367105442685,0.6106526851654053,0.11650204658508301
500,6.6000000000000005,1.56,0.6,1,1,1,18,0.7933809397163478,0.48201876358392615,0.608243465423584,0.10001301765441895
500,6.6000000000000005,1.56,0.6,1,1,1,19,0.7195452197769598,0.6892092602088713,0.6820650100708008,0.12737798690795898
500,6.6000000000000005,1.56,0.6,1,1,1,20,0.831572076184127,0.4040807376207876,0.7184512615203857,0.08610749244689941
500,6.6000000000000005,1.56,0.6,1,1,1,21,0.8062717421122508,0.7555825844766876,0.6242644786834717,0.08158755302429199
500,6.6000000000000005,1.56,0.6,1,1,1,22,0.9599001280927535,0.49645781392234284,0.539064884185791,0.10899209976196289
500,6.6000000000000005,1.56,0.6,1,1,1,23,0.8943007482992018,0.5642366191830166,0.5553140640258789,0.1145181655883789
500,6.6000000000000005,1.56,0.6,1,1,1,24,0.6889683680817436,0.5656388157514394,0.5588169097900391,0.10898327827453613
500,6.800000000000001,1.56,0.6,1,1,1,0,0.7080207117085267,0.554557001142601,0.7049770355224609,0.13141465187072754
500,6.800000000000001,1.56,0.6,1,1,1,1,0.7964878768248008,0.44779335718772306,0.5530214309692383,0.11385607719421387
500,6.800000000000001,1.56,0.6,1,1,1,2,0.7803973757399439,0.5002443884678485,0.6109375953674316,0.14225983619689941
500,6.800000000000001,1.56,0.6,1,1,1,3,0.9428577042373156,0.44742352618000913,0.6899991035461426,0.12166690826416016
500,6.800000000000001,1.56,0.6,1,1,1,4,0.9094454073263333,0.5019677948492423,0.5870075225830078,0.11207962036132812
500,6.800000000000001,1.56,0.6,1,1,1,5,0.8393831373301329,0.4539831726595644,0.7001731395721436,0.12993121147155762
500,6.800000000000001,1.56,0.6,1,1,1,6,0.9513159671207017,0.531991321872781,0.5520346164703369,0.12880754470825195
500,6.800000000000001,1.56,0.6,1,1,1,7,0.846206197797372,0.4683046312586484,0.6105682849884033,0.0897977352142334
500,6.800000000000001,1.56,0.6,1,1,1,8,0.7148045623240021,0.5039451363796773,0.590829610824585,0.11265087127685547
500,6.800000000000001,1.56,0.6,1,1,1,9,0.8205954186083348,0.5202349481911913,0.5848417282104492,0.08502554893493652
500,6.800000000000001,1.56,0.6,1,1,1,10,0.8207844093310341,0.7461827121512854,0.740994930267334,0.1494765281677246
500,6.800000000000001,1.56,0.6,1,1,1,11,0.855711911534324,0.5774782163827146,0.6403415203094482,0.0850381851196289
500,6.800000000000001,1.56,0.6,1,1,1,12,0.8011864057848151,0.5358223529240026,0.5730476379394531,0.11200523376464844
500,6.800000000000001,1.56,0.6,1,1,1,13,0.7869239834918931,0.46520306475549394,0.5842561721801758,0.09541940689086914
500,6.800000000000001,1.56,0.6,1,1,1,14,1.13963309073088,0.5502570129469612,0.5865213871002197,0.11871528625488281
500,6.800000000000001,1.56,0.6,1,1,1,15,0.9336869457087456,0.6048040009903961,0.6308906078338623,0.13158321380615234
500,6.800000000000001,1.56,0.6,1,1,1,16,0.7609698243669744,0.5755748472812012,0.6900866031646729,0.1552574634552002
500,6.800000000000001,1.56,0.6,1,1,1,17,0.7835157900627612,0.5907397506977856,0.6067478656768799,0.11774349212646484
500,6.800000000000001,1.56,0.6,1,1,1,18,0.8295434369968718,0.5280897843240631,0.5814652442932129,0.11473631858825684
500,6.800000000000001,1.56,0.6,1,1,1,19,0.8839447640181327,0.4795385087940891,0.592310905456543,0.0909268856048584
500,6.800000000000001,1.56,0.6,1,1,1,20,0.723942082550363,0.5030088354934447,0.575552225112915,0.09955835342407227
500,6.800000000000001,1.56,0.6,1,1,1,21,0.8031760446105968,0.4890321844605162,0.7407524585723877,0.12261319160461426
500,6.800000000000001,1.56,0.6,1,1,1,22,0.8918120521133086,0.5367516783854909,0.7016716003417969,0.11694979667663574
500,6.800000000000001,1.56,0.6,1,1,1,23,0.8328525102861114,0.5998052544302861,0.6941826343536377,0.15563344955444336
500,6.800000000000001,1.56,0.6,1,1,1,24,0.7206158313562803,0.6304095782310238,0.6188294887542725,0.10590767860412598
500,7.0,1.56,0.6,1,1,1,0,0.9499594595785666,0.4843076436850763,0.6185541152954102,0.08546566963195801
500,7.0,1.56,0.6,1,1,1,1,0.7733071435875959,0.5893368835760441,0.8180732727050781,0.1263141632080078
500,7.0,1.56,0.6,1,1,1,2,0.7802162285219594,0.5381934757135223,0.5588736534118652,0.12031364440917969
500,7.0,1.56,0.6,1,1,1,3,0.8330033857993041,0.6781855243794407,0.5666909217834473,0.11129546165466309
500,7.0,1.56,0.6,1,1,1,4,0.865252025990299,0.45839432783362394,0.6274287700653076,0.08813190460205078
500,7.0,1.56,0.6,1,1,1,5,0.8130150543938807,0.6575086598362258,0.5954902172088623,0.10915613174438477
500,7.0,1.56,0.6,1,1,1,6,0.8122748634582274,0.6611606341392923,0.6899635791778564,0.12590909004211426
500,7.0,1.56,0.6,1,1,1,7,0.8270360234045954,0.49940239095074423,0.6513173580169678,0.11688804626464844
500,7.0,1.56,0.6,1,1,1,8,0.9651840838606217,0.5448126958705866,0.6054596900939941,0.0892801284790039
500,7.0,1.56,0.6,1,1,1,9,0.846822606607854,0.6547392042076682,0.5576035976409912,0.11453819274902344
500,7.0,1.56,0.6,1,1,1,10,0.8259995008257561,0.6424349014343885,0.592139720916748,0.10294818878173828
500,7.0,1.56,0.6,1,1,1,11,0.7254807344675163,0.6428577253916741,0.6464366912841797,0.13281822204589844
500,7.0,1.56,0.6,1,1,1,12,0.8717002313520144,0.715637423952676,0.6882765293121338,0.15317535400390625
500,7.0,1.56,0.6,1,1,1,13,0.8797252380430727,0.5638043197187729,0.5805072784423828,0.0951991081237793
500,7.0,1.56,0.6,1,1,1,14,1.0494160571896116,0.5202069157664742,0.642754077911377,0.08876252174377441
500,7.0,1.56,0.6,1,1,1,15,0.7527045424815921,0.5391391737124576,0.5666882991790771,0.10742568969726562
500,7.0,1.56,0.6,1,1,1,16,0.8681284742990386,0.5637533947581085,0.5602772235870361,0.10887789726257324
500,7.0,1.56,0.6,1,1,1,17,0.8644385062066812,0.4224867753621424,0.8156528472900391,0.14266514778137207
500,7.0,1.56,0.6,1,1,1,18,0.8842363745517314,0.5760263764215068,0.6206653118133545,0.11386322975158691
500,7.0,1.56,0.6,1,1,1,19,0.8067236817367014,0.5967930008328896,0.6128909587860107,0.09289026260375977
500,7.0,1.56,0.6,1,1,1,20,0.8135065982540043,0.4668748005777293,0.5685508251190186,0.11554503440856934
500,7.0,1.56,0.6,1,1,1,21,0.7677806248519438,0.6605891233020109,0.5887484550476074,0.08915543556213379
500,7.0,1.56,0.6,1,1,1,22,0.8638000820485829,0.4513586780015265,0.7201545238494873,0.13915061950683594
500,7.0,1.56,0.6,1,1,1,23,0.941089789717144,0.58663468052119,0.5771324634552002,0.11120271682739258
500,7.0,1.56,0.6,1,1,1,24,1.114617634422705,0.54456396402046,0.5644638538360596,0.09913969039916992
500,7.2,1.56,0.6,1,1,1,0,0.9940522290687239,0.5942445017454596,0.5729873180389404,0.10205864906311035
500,7.2,1.56,0.6,1,1,1,1,0.8980190812385653,0.4597776300129757,0.5650298595428467,0.1349027156829834
500,7.2,1.56,0.6,1,1,1,2,1.121001097053941,0.5586127380192114,0.6566810607910156,0.12028193473815918
500,7.2,1.56,0.6,1,1,1,3,0.8691876427764463,0.5866946412425593,0.689007043838501,0.11970686912536621
500,7.2,1.56,0.6,1,1,1,4,0.7632698644102784,0.6230124057591333,0.5672152042388916,0.10028433799743652
500,7.2,1.56,0.6,1,1,1,5,0.8526005117021026,0.5731535500277483,0.6438148021697998,0.10008025169372559
500,7.2,1.56,0.6,1,1,1,6,0.8378965491144067,0.7461177170487869,0.5874943733215332,0.11200833320617676
500,7.2,1.56,0.6,1,1,1,7,0.8908651836998706,0.7862280531778542,0.5963790416717529,0.09053969383239746
500,7.2,1.56,0.6,1,1,1,8,0.9010689269694842,0.49214652937913117,0.7191150188446045,0.14421296119689941
500,7.2,1.56,0.6,1,1,1,9,0.8658159848185534,0.518735771166731,0.5932958126068115,0.10773110389709473
500,7.2,1.56,0.6,1,1,1,10,0.8255828011062197,0.483683728458252,0.5549533367156982,0.11357331275939941
500,7.2,1.56,0.6,1,1,1,11,0.9660760495673788,0.578835231571007,0.5480897426605225,0.11700248718261719
500,7.2,1.56,0.6,1,1,1,12,0.972843326677431,0.7081976674842987,0.6753795146942139,0.13118886947631836
500,7.2,1.56,0.6,1,1,1,13,0.9489668660346414,0.5090594674277518,0.8328168392181396,0.1640183925628662
500,7.2,1.56,0.6,1,1,1,14,0.870294369689822,0.50431824663575,0.5948238372802734,0.11895895004272461
500,7.2,1.56,0.6,1,1,1,15,0.9293169808048384,0.6485655528319814,0.5342600345611572,0.11221456527709961
500,7.2,1.56,0.6,1,1,1,16,0.8281638611233587,0.670861855699272,0.5502336025238037,0.10700798034667969
500,7.2,1.56,0.6,1,1,1,17,0.820202865338611,0.5463037594014669,0.5567107200622559,0.11702251434326172
500,7.2,1.56,0.6,1,1,1,18,0.9689941977939863,0.45362052906471767,0.676365852355957,0.1416764259338379
500,7.2,1.56,0.6,1,1,1,19,0.8930455627286725,0.5931110714631039,0.6114287376403809,0.13391947746276855
500,7.2,1.56,0.6,1,1,1,20,0.8653235289739157,0.5061250366206866,0.6080710887908936,0.08172750473022461
500,7.2,1.56,0.6,1,1,1,21,0.7934364848202303,0.7222758628894613,0.6403248310089111,0.09300541877746582
500,7.2,1.56,0.6,1,1,1,22,0.9040056133956137,0.5449966552395942,0.5920991897583008,0.0926215648651123
500,7.2,1.56,0.6,1,1,1,23,0.870675972404051,0.7441416032644178,0.6015276908874512,0.09073710441589355
500,7.2,1.56,0.6,1,1,1,24,1.0137827590223523,0.512794742615147,0.7143912315368652,0.12958502769470215
500,7.4,1.56,0.6,1,1,1,0,0.9115008498710869,0.7137514387382408,0.558311939239502,0.10949945449829102
500,7.4,1.56,0.6,1,1,1,1,0.8870233467040167,0.5589215588261047,0.5520725250244141,0.10265183448791504
500,7.4,1.56,0.6,1,1,1,2,0.9862948743222281,0.6411434730735225,0.6785528659820557,0.11943912506103516
500,7.4,1.56,0.6,1,1,1,3,0.8477525118393254,0.6034769960331879,0.5947434902191162,0.09963750839233398
500,7.4,1.56,0.6,1,1,1,4,0.9551011863864362,0.7886131844439423,0.7232694625854492,0.12632417678833008
500,7.4,1.56,0.6,1,1,1,5,0.7623971282093437,0.5105333125309919,0.6143975257873535,0.12202239036560059
500,7.4,1.56,0.6,1,1,1,6,2.789571199731478,1.4893335329772701,0.6027028560638428,0.11497068405151367
500,7.4,1.56,0.6,1,1,1,7,0.8937960046241421,0.5319144304256332,0.718512773513794,0.12353515625
500,7.4,1.56,0.6,1,1,1,8,1.1892082512561915,0.5046986887329502,0.694828987121582,0.09950542449951172
500,7.4,1.56,0.6,1,1,1,9,0.8167219846058121,0.49968994161631053,0.6790776252746582,0.12757325172424316
500,7.4,1.56,0.6,1,1,1,10,0.995991415247101,0.53750793058312,0.7109041213989258,0.09194493293762207
500,7.4,1.56,0.6,1,1,1,11,0.9255013992717569,0.6047981189566215,0.6340408325195312,0.08846688270568848
500,7.4,1.56,0.6,1,1,1,12,1.0964133343252809,0.5387722662026273,0.5803666114807129,0.09414339065551758
500,7.4,1.56,0.6,1,1,1,13,1.7341454295691479,0.6951774170752898,0.586035966873169,0.08443760871887207
500,7.4,1.56,0.6,1,1,1,14,0.8723695561129282,0.525348107350228,0.5288021564483643,0.09678339958190918
500,7.4,1.56,0.6,1,1,1,15,0.923205070372673,0.7522462955907073,0.7240085601806641,0.12536406517028809
500,7.4,1.56,0.6,1,1,1,16,0.9962362077989985,0.5163904232007666,0.5489544868469238,0.12955689430236816
500,7.4,1.56,0.6,1,1,1,17,1.0169559641966575,0.6202699659823799,0.6178066730499268,0.10045790672302246
500,7.4,1.56,0.6,1,1,1,18,0.8421534810433234,0.5216458632276201,0.6139507293701172,0.09625911712646484
500,7.4,1.56,0.6,1,1,1,19,1.0506263321723048,0.5619252694301304,0.597611665725708,0.09320497512817383
500,7.4,1.56,0.6,1,1,1,20,0.9504687996262728,0.579328536748063,0.7107830047607422,0.13416695594787598
500,7.4,1.56,0.6,1,1,1,21,1.0327067955372389,0.5542454833149,0.6126034259796143,0.10692954063415527
500,7.4,1.56,0.6,1,1,1,22,2.147214386712177,2.2139781174893245,0.5651755332946777,0.10998106002807617
500,7.4,1.56,0.6,1,1,1,23,1.0015102447927355,0.5081991831477809,0.5360610485076904,0.11473202705383301
500,7.4,1.56,0.6,1,1,1,24,0.9227821191002445,0.5842912199506449,0.612145185470581,0.10883355140686035
500,7.6000000000000005,1.56,0.6,1,1,1,0,0.888221606204899,0.6119942258380282,0.6942791938781738,0.11179375648498535
500,7.6000000000000005,1.56,0.6,1,1,1,1,0.8301547083167357,0.681563609074257,0.7418081760406494,0.13578581809997559
500,7.6000000000000005,1.56,0.6,1,1,1,2,0.942885999657347,0.545235447880684,0.7036314010620117,0.12693524360656738
500,7.6000000000000005,1.56,0.6,1,1,1,3,0.9722585929747248,0.6115306870968482,0.8019256591796875,0.13318872451782227
500,7.6000000000000005,1.56,0.6,1,1,1,4,0.9858882471094096,0.506858151988994,0.591623067855835,0.09334063529968262
500,7.6000000000000005,1.56,0.6,1,1,1,5,0.9084075073149503,0.569219719357294,0.6495828628540039,0.13308286666870117
500,7.6000000000000005,1.56,0.6,1,1,1,6,0.9874100756839174,0.8284380868696402,0.7008922100067139,0.10517311096191406
500,7.6000000000000005,1.56,0.6,1,1,1,7,1.0039624497848005,0.7142640222801201,0.6014158725738525,0.07755780220031738
500,7.6000000000000005,1.56,0.6,1,1,1,8,1.0049846606124846,0.610918960321559,0.5664355754852295,0.10936260223388672
500,7.6000000000000005,1.56,0.6,1,1,1,9,0.9149419823404288,0.5823927774559031,0.573108434677124,0.11043000221252441
500,7.6000000000000005,1.56,0.6,1,1,1,10,0.9598110023391518,0.7944835708014664,0.5719516277313232,0.10512685775756836
500,7.6000000000000005,1.56,0.6,1,1,1,11,1.3291247136249935,0.5354578858509567,0.7591021060943604,0.11717939376831055
500,7.6000000000000005,1.56,0.6,1,1,1,12,1.1015712451774236,0.7255981040366847,0.5952005386352539,0.10241508483886719
500,7.6000000000000005,1.56,0.6,1,1,1,13,0.8467077207299956,0.525531177956861,0.5791594982147217,0.09837985038757324
500,7.6000000000000005,1.56,0.6,1,1,1,14,0.987075981098597,0.6223184948461848,0.5666992664337158,0.11992216110229492
500,7.6000000000000005,1.56,0.6,1,1,1,15,1.0265893120141287,0.6748153850383714,0.6152365207672119,0.10284948348999023
500,7.6000000000000005,1.56,0.6,1,1,1,16,0.9334260187005697,0.762566172950833,0.6795153617858887,0.13167977333068848
500,7.6000000000000005,1.56,0.6,1,1,1,17,1.0028545652069187,0.6184964365338355,0.6717422008514404,0.09502410888671875
500,7.6000000000000005,1.56,0.6,1,1,1,18,0.9161728066277185,0.497157053307381,0.5727612972259521,0.10853242874145508
500,7.6000000000000005,1.56,0.6,1,1,1,19,0.9213595533594585,0.8874262596270519,0.6559431552886963,0.13117671012878418
500,7.6000000000000005,1.56,0.6,1,1,1,20,0.9026448606256655,0.678699090843243,0.6105649471282959,0.09038758277893066
500,7.6000000000000005,1.56,0.6,1,1,1,21,0.7854533678324341,0.6333697004216512,0.6301620006561279,0.13157272338867188
500,7.6000000000000005,1.56,0.6,1,1,1,22,0.8609671257019844,0.5175683522514604,0.7645418643951416,0.12840890884399414
500,7.6000000000000005,1.56,0.6,1,1,1,23,0.913915989014251,0.5475369720522396,0.5867657661437988,0.10593438148498535
500,7.6000000000000005,1.56,0.6,1,1,1,24,0.866457782990838,0.48967732400283476,0.6418311595916748,0.10042428970336914
500,7.800000000000001,1.56,0.6,1,1,1,0,1.1233143318833378,0.6765742030501477,0.5730466842651367,0.1151731014251709
500,7.800000000000001,1.56,0.6,1,1,1,1,1.02133726027215,0.6269177642953986,0.5704646110534668,0.11951828002929688
500,7.800000000000001,1.56,0.6,1,1,1,2,0.9756643339608329,0.5571378345552384,0.725151777267456,0.13144874572753906
500,7.800000000000001,1.56,0.6,1,1,1,3,1.0709830954399562,0.628118630945892,0.5711851119995117,0.10839700698852539
500,7.800000000000001,1.56,0.6,1,1,1,4,0.8555975748927294,0.5621476288582977,0.5494303703308105,0.11236143112182617
500,7.800000000000001,1.56,0.6,1,1,1,5,1.1615113471520704,0.5628328222574701,0.5622282028198242,0.11690855026245117
500,7.800000000000001,1.56,0.6,1,1,1,6,0.9824892012966404,0.580696595680124,0.5616781711578369,0.1091620922088623
500,7.800000000000001,1.56,0.6,1,1,1,7,2.826786004044199,0.8678324747294088,0.7231552600860596,0.12526226043701172
500,7.800000000000001,1.56,0.6,1,1,1,8,0.9445330042626962,0.530607611567577,0.5650317668914795,0.09337186813354492
500,7.800000000000001,1.56,0.6,1,1,1,9,1.3846421969359017,0.6269645980585533,0.598541259765625,0.10537004470825195
500,7.800000000000001,1.56,0.6,1,1,1,10,0.9145280021136587,0.6530370573423216,0.5858011245727539,0.11944031715393066
500,7.800000000000001,1.56,0.6,1,1,1,11,2.7480636045350133,0.7509808282936167,0.6279809474945068,0.0900883674621582
500,7.800000000000001,1.56,0.6,1,1,1,12,0.9836913854728182,0.5888292213128274,0.6451079845428467,0.13210058212280273
500,7.800000000000001,1.56,0.6,1,1,1,13,0.872888804553733,0.6456584315446239,0.7094388008117676,0.12008404731750488
500,7.800000000000001,1.56,0.6,1,1,1,14,1.0398019266695395,0.5733785330310927,0.5789368152618408,0.1082158088684082
500,7.800000000000001,1.56,0.6,1,1,1,15,0.9319425491288151,0.6090370321103146,0.5842595100402832,0.09727764129638672
500,7.800000000000001,1.56,0.6,1,1,1,16,1.0395107551527025,0.7282987295691405,0.6293814182281494,0.09264373779296875
500,7.800000000000001,1.56,0.6,1,1,1,17,1.0937309644261115,0.6144754346812316,0.7663619518280029,0.13248491287231445
500,7.800000000000001,1.56,0.6,1,1,1,18,1.0115550609332502,0.5466903877508743,0.7217249870300293,0.12860512733459473
500,7.800000000000001,1.56,0.6,1,1,1,19,0.9430651366336622,0.5568448399908434,0.568760871887207,0.09150910377502441
500,7.800000000000001,1.56,0.6,1,1,1,20,0.8272723270531047,0.5374999528333531,0.5947086811065674,0.1116020679473877
500,7.800000000000001,1.56,0.6,1,1,1,21,1.029127962527711,0.6257193232993951,0.6853711605072021,0.11567020416259766
500,7.800000000000001,1.56,0.6,1,1,1,22,1.1784831916070995,0.5981771411581204,0.6544559001922607,0.10274219512939453
500,7.800000000000001,1.56,0.6,1,1,1,23,0.9484339755343617,0.6038884387215961,0.7070086002349854,0.12732839584350586
500,7.800000000000001,1.56,0.6,1,1,1,24,1.0755943403635109,0.49992121026705,0.5485107898712158,0.11551022529602051
500,8.0,1.56,0.6,1,1,1,0,1.1367955273800725,0.7533615258577071,0.6165413856506348,0.11698055267333984
500,8.0,1.56,0.6,1,1,1,1,1.150919132337642,0.6572047004798524,0.5690145492553711,0.09903955459594727
500,8.0,1.56,0.6,1,1,1,2,1.0792929958918713,0.6850638797063208,0.5887017250061035,0.11252260208129883
500,8.0,1.56,0.6,1,1,1,3,1.0036087485972016,0.5536503942654727,0.6911535263061523,0.14705967903137207
500,8.0,1.56,0.6,1,1,1,4,0.9759094182287446,0.6555286552237932,0.587867021560669,0.11461019515991211
500,8.0,1.56,0.6,1,1,1,5,1.2280572411099318,0.6138521841398079,0.5680689811706543,0.10461020469665527
500,8.0,1.56,0.6,1,1,1,6,2.782585765846131,0.5994003572803026,0.5623042583465576,0.10415983200073242
500,8.0,1.56,0.6,1,1,1,7,0.9926870424459195,0.6316626078515473,0.5696313381195068,0.11120963096618652
500,8.0,1.56,0.6,1,1,1,8,0.8916418791145194,0.5932627456645997,0.6605648994445801,0.13874316215515137
500,8.0,1.56,0.6,1,1,1,9,1.0195125879820877,0.6076079889292247,0.6884880065917969,0.12463831901550293
500,8.0,1.56,0.6,1,1,1,10,0.9919834078517216,0.7311582144098417,0.5796756744384766,0.12099552154541016
500,8.0,1.56,0.6,1,1,1,11,2.735375986882502,0.5010875286290155,0.6947078704833984,0.12160444259643555
500,8.0,1.56,0.6,1,1,1,12,2.80245651838072,0.8257234715392344,0.6990761756896973,0.14327168464660645
500,8.0,1.56,0.6,1,1,1,13,1.0842237440861004,0.7326580986149871,0.6779634952545166,0.10460591316223145
500,8.0,1.56,0.6,1,1,1,14,1.158396817710212,0.8063204313534278,0.701106071472168,0.09845662117004395
500,8.0,1.56,0.6,1,1,1,15,0.8665561518133333,0.644446324596825,0.5941264629364014,0.11646676063537598
500,8.0,1.56,0.6,1,1,1,16,1.0309159707221747,0.6966379810091323,0.588780403137207,0.08977079391479492
500,8.0,1.56,0.6,1,1,1,17,2.794700845496636,1.661206042773772,0.5446503162384033,0.09343314170837402
500,8.0,1.56,0.6,1,1,1,18,0.8305127654618005,0.5911637132626314,0.5644505023956299,0.11199808120727539
500,8.0,1.56,0.6,1,1,1,19,1.326487094128516,0.701026670027065,0.7480385303497314,0.11711525917053223
500,8.0,1.56,0.6,1,1,1,20,2.8023557346284145,1.726469571752122,0.5548298358917236,0.11348366737365723
500,8.0,1.56,0.6,1,1,1,21,0.891796301508564,0.5801094120316375,0.5551657676696777,0.13256192207336426
500,8.0,1.56,0.6,1,1,1,22,1.0114049360013677,0.6417295480691231,0.6013264656066895,0.1174771785736084
500,8.0,1.56,0.6,1,1,1,23,0.977913314862187,0.5486149569191052,0.599292516708374,0.09129786491394043
500,8.0,1.56,0.6,1,1,1,24,2.065430788188662,0.7189638363998849,0.69291090965271,0.12378287315368652
500,8.200000000000001,1.56,0.6,1,1,1,0,1.5115708578340064,0.6693628180743216,0.7189364433288574,0.09816622734069824
500,8.200000000000001,1.56,0.6,1,1,1,1,1.1762994191438647,0.6035964103737439,0.5981631278991699,0.08543658256530762
500,8.200000000000001,1.56,0.6,1,1,1,2,2.7131255340656493,0.7590234971589,0.5543193817138672,0.08905363082885742
500,8.200000000000001,1.56,0.6,1,1,1,3,0.9545865193740484,0.6227289379496218,0.5503618717193604,0.12906694412231445
500,8.200000000000001,1.56,0.6,1,1,1,4,1.0074674457628405,0.7630000694972227,0.57871413230896,0.12186908721923828
500,8.200000000000001,1.56,0.6,1,1,1,5,1.004863099585225,0.6637637768649809,0.6864347457885742,0.13492941856384277
500,8.200000000000001,1.56,0.6,1,1,1,6,0.953379879178357,0.7915152153259439,0.6833546161651611,0.11823010444641113
500,8.200000000000001,1.56,0.6,1,1,1,7,2.7907225100388637,2.019248450728633,0.6960883140563965,0.13390398025512695
500,8.200000000000001,1.56,0.6,1,1,1,8,0.9050870162214922,0.7224053500698207,0.5936181545257568,0.08756494522094727
500,8.200000000000001,1.56,0.6,1,1,1,9,2.790036549324311,1.207812093482458,0.6164755821228027,0.09249043464660645
500,8.200000000000001,1.56,0.6,1,1,1,10,1.2674776016506915,0.6036411977696235,0.6726832389831543,0.15698528289794922
500,8.200000000000001,1.56,0.6,1,1,1,11,0.8779196969310628,0.6932121202018148,0.6077115535736084,0.11198163032531738
500,8.200000000000001,1.56,0.6,1,1,1,12,0.8965595286710099,0.6180465750875778,0.5617148876190186,0.11765050888061523
500,8.200000000000001,1.56,0.6,1,1,1,13,0.9928602879581547,0.7954323129256641,0.5546603202819824,0.11501002311706543
500,8.200000000000001,1.56,0.6,1,1,1,14,1.1204924014768372,0.5360895838151342,0.5353298187255859,0.11163687705993652
500,8.200000000000001,1.56,0.6,1,1,1,15,2.823076341419594,0.8862096660368373,0.6854941844940186,0.1556694507598877
500,8.200000000000001,1.56,0.6,1,1,1,16,1.002340571894386,0.7649454365682067,0.6020522117614746,0.10980391502380371
500,8.200000000000001,1.56,0.6,1,1,1,17,1.1025553407950925,0.6991826215131002,0.5522561073303223,0.11259865760803223
500,8.200000000000001,1.56,0.6,1,1,1,18,0.9998383367521065,0.5891141205012951,0.5561084747314453,0.11272883415222168
500,8.200000000000001,1.56,0.6,1,1,1,19,2.2291699376498197,0.800600832748358,0.5926177501678467,0.11868715286254883
500,8.200000000000001,1.56,0.6,1,1,1,20,1.480430077246076,1.1217466321040184,0.602259635925293,0.1290433406829834
500,8.200000000000001,1.56,0.6,1,1,1,21,0.9366326537766277,0.62611919543434,0.6939997673034668,0.14813828468322754
500,8.200000000000001,1.56,0.6,1,1,1,22,2.5927659305185022,0.8856892012060024,0.6022515296936035,0.11442732810974121
500,8.200000000000001,1.56,0.6,1,1,1,23,1.060051743070219,0.6407846921274619,0.5918128490447998,0.1094961166381836
500,8.200000000000001,1.56,0.6,1,1,1,24,1.0745392397200038,1.168550645545764,0.5635945796966553,0.11551690101623535
500,8.4,1.56,0.6,1,1,1,0,1.058715874699233,0.682841546390778,0.5734832286834717,0.11174702644348145
500,8.4,1.56,0.6,1,1,1,1,1.2423516945730397,0.6054427744714777,0.7371690273284912,0.16106271743774414
500,8.4,1.56,0.6,1,1,1,2,1.13109940242176,0.824434054826049,0.7086997032165527,0.11913537979125977
500,8.4,1.56,0.6,1,1,1,3,0.9679620653465958,0.672687022372713,0.6229193210601807,0.10053348541259766
500,8.4,1.56,0.6,1,1,1,4,1.43616192269807,0.715128804765038,0.5804426670074463,0.11600947380065918
500,8.4,1.56,0.6,1,1,1,5,1.2683543662944157,0.8463154863171526,0.566131591796875,0.1096348762512207
500,8.4,1.56,0.6,1,1,1,6,2.783757674302662,0.8362166526488964,0.715641975402832,0.14198827743530273
500,8.4,1.56,0.6,1,1,1,7,2.7504879062477467,1.056177276198826,0.6257407665252686,0.08545994758605957
500,8.4,1.56,0.6,1,1,1,8,1.0312140065122986,0.679609538363036,0.5687236785888672,0.1070261001586914
500,8.4,1.56,0.6,1,1,1,9,1.0850432385286284,0.7916596526303857,0.5621874332427979,0.11097836494445801
500,8.4,1.56,0.6,1,1,1,10,1.0290278799325034,0.7097999175983858,0.5682008266448975,0.1126101016998291
500,8.4,1.56,0.6,1,1,1,11,1.0320207335218508,0.7435088630854552,0.5686557292938232,0.1371471881866455
500,8.4,1.56,0.6,1,1,1,12,2.7391176187580086,0.9600204231391101,0.7239847183227539,0.1223447322845459
500,8.4,1.56,0.6,1,1,1,13,1.2886759637314922,0.7509156820568161,0.6125650405883789,0.09144878387451172
500,8.4,1.56,0.6,1,1,1,14,1.1988127725473017,0.7493552726869419,0.5789432525634766,0.11498713493347168
500,8.4,1.56,0.6,1,1,1,15,1.0782850544125855,0.6134419181375804,0.5806384086608887,0.1096959114074707
500,8.4,1.56,0.6,1,1,1,16,2.342014131678281,1.6350947543893941,0.5661802291870117,0.10946774482727051
500,8.4,1.56,0.6,1,1,1,17,1.1205653071636617,0.5917527950134328,0.6929309368133545,0.14039278030395508
500,8.4,1.56,0.6,1,1,1,18,2.6601527023554032,1.7354054570929593,0.5600142478942871,0.11174821853637695
500,8.4,1.56,0.6,1,1,1,19,1.4922360172196072,0.6064798810807811,0.618316650390625,0.09242916107177734
500,8.4,1.56,0.6,1,1,1,20,2.6171922262942773,1.5025621210587188,0.6036465167999268,0.10733795166015625
500,8.4,1.56,0.6,1,1,1,21,1.152176249223568,0.7442040849933608,0.6566667556762695,0.1195518970489502
500,8.4,1.56,0.6,1,1,1,22,1.0252250685129818,0.7211808174028748,0.7892618179321289,0.14819836616516113
500,8.4,1.56,0.6,1,1,1,23,1.0212929880227744,0.6961459012607548,0.5979678630828857,0.09658265113830566
500,8.4,1.56,0.6,1,1,1,24,1.4969128201927882,0.554083326171689,0.6114320755004883,0.11297369003295898
500,8.6,1.56,0.6,1,1,1,0,1.026906003251889,0.6045303597959564,0.578317403793335,0.1110541820526123
500,8.6,1.56,0.6,1,1,1,1,2.5549567982180177,0.6391802131244528,0.55552077293396,0.11932969093322754
500,8.6,1.56,0.6,1,1,1,2,1.1232703518384426,0.6093588747399902,0.6258132457733154,0.10179257392883301
500,8.6,1.56,0.6,1,1,1,3,1.9829414624422077,0.8633854866117581,0.7491257190704346,0.10769176483154297
500,8.6,1.56,0.6,1,1,1,4,0.9619236507811462,0.6789281188611116,0.5738365650177002,0.09858083724975586
500,8.6,1.56,0.6,1,1,1,5,0.9735109485513302,0.5659622797148303,0.5726087093353271,0.11271023750305176
500,8.6,1.56,0.6,1,1,1,6,2.5360988402434246,1.3902494440746496,0.5947318077087402,0.0824587345123291
500,8.6,1.56,0.6,1,1,1,7,2.2585757640783326,0.8424708585504982,0.5651037693023682,0.0934598445892334
500,8.6,1.56,0.6,1,1,1,8,1.2106571875663334,0.7887998459621729,0.6897027492523193,0.14754080772399902
500,8.6,1.56,0.6,1,1,1,9,1.311859452265736,0.6735462446392344,0.5599014759063721,0.09448599815368652
500,8.6,1.56,0.6,1,1,1,10,2.4698910525443942,0.8323455802114001,0.5447633266448975,0.11716341972351074
500,8.6,1.56,0.6,1,1,1,11,2.1826443132171955,0.6888463925121749,0.572887659072876,0.12503647804260254
500,8.6,1.56,0.6,1,1,1,12,1.2724389414206951,0.8884429315005062,0.5814192295074463,0.11320376396179199
500,8.6,1.56,0.6,1,1,1,13,2.215376312492517,1.5136280793474561,0.6630771160125732,0.1340038776397705
500,8.6,1.56,0.6,1,1,1,14,1.0972753330896468,0.7019076737952669,0.6193103790283203,0.11852288246154785
500,8.6,1.56,0.6,1,1,1,15,2.762126169902177,0.8390892831696751,0.5859427452087402,0.11104917526245117
500,8.6,1.56,0.6,1,1,1,16,1.2500621676436354,0.5877583895463226,0.6568005084991455,0.14412283897399902
500,8.6,1.56,0.6,1,1,1,17,1.1820193824123568,0.7377900923910189,0.7112691402435303,0.12619543075561523
500,8.6,1.56,0.6,1,1,1,18,2.8171957296480072,0.6718414250176096,0.6003344058990479,0.1142587661743164
500,8.6,1.56,0.6,1,1,1,19,2.560858213995929,0.7196516132440332,0.7327127456665039,0.11008477210998535
500,8.6,1.56,0.6,1,1,1,20,2.58938702040479,0.8052837870039041,0.5490562915802002,0.111663818359375
500,8.6,1.56,0.6,1,1,1,21,2.503765337174424,1.7532518030044448,0.5391747951507568,0.10163211822509766
500,8.6,1.56,0.6,1,1,1,22,1.0823204272757412,0.6495491731138127,0.5807714462280273,0.12217926979064941
500,8.6,1.56,0.6,1,1,1,23,1.2470503100011745,0.5414473832465876,0.627131462097168,0.08748579025268555
500,8.6,1.56,0.6,1,1,1,24,2.4608484031832996,0.6878551937682343,0.7417547702789307,0.14668846130371094
500,8.8,1.56,0.6,1,1,1,0,2.8284236826795977,4.528519144528759,0.6037845611572266,0.10195684432983398
500,8.8,1.56,0.6,1,1,1,1,1.4811919524722923,0.7629757214551324,0.5676662921905518,0.11144423484802246
500,8.8,1.56,0.6,1,1,1,2,1.1247018628905339,0.7177206812005372,0.6080994606018066,0.08345603942871094
500,8.8,1.56,0.6,1,1,1,3,1.17553995492885,0.7272606972447385,0.5599982738494873,0.09651446342468262
500,8.8,1.56,0.6,1,1,1,4,1.0415049572910107,0.9090517801048,0.684650182723999,0.16710162162780762
500,8.8,1.56,0.6,1,1,1,5,2.0081991449696255,1.212539076251385,0.5728068351745605,0.11418342590332031
500,8.8,1.56,0.6,1,1,1,6,2.2523134379321923,0.9384270021486366,0.5559747219085693,0.13694477081298828
500,8.8,1.56,0.6,1,1,1,7,2.7590139930388524,0.8085372329585846,0.5847072601318359,0.10740876197814941
500,8.8,1.56,0.6,1,1,1,8,2.650747017418944,0.7068280955939333,0.646806001663208,0.08377504348754883
500,8.8,1.56,0.6,1,1,1,9,2.1350879089862884,0.7197097698106895,0.6228187084197998,0.13346648216247559
500,8.8,1.56,0.6,1,1,1,10,2.6283104889786815,0.8517420846896707,0.7001028060913086,0.10761332511901855
500,8.8,1.56,0.6,1,1,1,11,2.312044089722805,0.8643096109716147,0.6680772304534912,0.1368391513824463
500,8.8,1.56,0.6,1,1,1,12,1.6901768511408994,1.3966273702518839,0.7118253707885742,0.11354899406433105
500,8.8,1.56,0.6,1,1,1,13,2.7955354392264478,0.6177351362732162,0.6099603176116943,0.11474609375
500,8.8,1.56,0.6,1,1,1,14,1.1214906601882517,0.6121140395167229,0.5970261096954346,0.10747694969177246
500,8.8,1.56,0.6,1,1,1,15,2.741588419384346,0.8830105779856937,0.7376155853271484,0.1278073787689209
500,8.8,1.56,0.6,1,1,1,16,2.756792573364158,0.7988393059373482,0.5647013187408447,0.11428236961364746
500,8.8,1.56,0.6,1,1,1,17,1.6033639405817133,0.7215342695366118,0.5654680728912354,0.11044931411743164
500,8.8,1.56,0.6,1,1,1,18,1.3597700426772277,0.6164023870967656,0.5761263370513916,0.11045002937316895
500,8.8,1.56,0.6,1,1,1,19,2.8203484396235106,2.686772668217786,0.5545742511749268,0.13300752639770508
500,8.8,1.56,0.6,1,1,1,20,1.2236956621693544,0.6519668739925051,0.7354319095611572,0.1312861442565918
500,8.8,1.56,0.6,1,1,1,21,1.4251791467302237,0.7886501808253512,0.5779719352722168,0.11985492706298828
500,8.8,1.56,0.6,1,1,1,22,2.3421230181974644,0.9180039345978833,0.5719425678253174,0.12153816223144531
500,8.8,1.56,0.6,1,1,1,23,2.809901499868928,1.883682591376235,0.6131956577301025,0.08952665328979492
500,8.8,1.56,0.6,1,1,1,24,1.1774404317381222,0.815615909840337,0.6092259883880615,0.11344456672668457
500,9.0,1.56,0.6,1,1,1,0,2.249768758124633,0.6447259299330179,0.6677970886230469,0.12619280815124512
500,9.0,1.56,0.6,1,1,1,1,2.268733729934118,1.098641786643191,0.6822288036346436,0.10041379928588867
500,9.0,1.56,0.6,1,1,1,2,2.7015218303652366,0.8952143589427382,0.5902791023254395,0.10730695724487305
500,9.0,1.56,0.6,1,1,1,3,2.13549937935626,0.6895388973038462,0.5755257606506348,0.11651086807250977
500,9.0,1.56,0.6,1,1,1,4,1.1827532722550658,0.7389514483023897,0.5896260738372803,0.08501935005187988
500,9.0,1.56,0.6,1,1,1,5,1.193033621171979,0.830697323084327,0.6067602634429932,0.09152650833129883
500,9.0,1.56,0.6,1,1,1,6,2.2677669356652252,1.3814014499544203,0.8042845726013184,0.1597599983215332
500,9.0,1.56,0.6,1,1,1,7,2.7688882448223007,1.3824966816448316,0.5761981010437012,0.11067008972167969
500,9.0,1.56,0.6,1,1,1,8,1.229991815407308,0.7855102824999884,0.5871434211730957,0.09993457794189453
500,9.0,1.56,0.6,1,1,1,9,1.3914852233365438,0.6834916957134176,0.5567989349365234,0.10351276397705078
500,9.0,1.56,0.6,1,1,1,10,1.1880347346049076,0.8130137581579846,0.5755579471588135,0.1303873062133789
500,9.0,1.56,0.6,1,1,1,11,2.7612443740499413,1.5355894986594034,0.7810027599334717,0.1230010986328125
500,9.0,1.56,0.6,1,1,1,12,2.344820049116172,0.9986832870585118,0.5523929595947266,0.13292503356933594
500,9.0,1.56,0.6,1,1,1,13,1.170996325614846,0.7099264689809351,0.5858805179595947,0.10743880271911621
500,9.0,1.56,0.6,1,1,1,14,2.570423341079425,1.5249378432314251,0.6241726875305176,0.08626127243041992
500,9.0,1.56,0.6,1,1,1,15,2.8251425036698157,0.6757768832176394,0.5705008506774902,0.10419893264770508
500,9.0,1.56,0.6,1,1,1,16,2.775275412387886,2.1665376381268517,0.6548538208007812,0.13953781127929688
500,9.0,1.56,0.6,1,1,1,17,2.5374472620763404,0.9887521819195756,0.6774618625640869,0.11641597747802734
500,9.0,1.56,0.6,1,1,1,18,2.332946927528528,0.9733524496326896,0.5897188186645508,0.1001288890838623
500,9.0,1.56,0.6,1,1,1,19,2.527007311544056,0.7642630936830556,0.5466098785400391,0.09726691246032715
500,9.0,1.56,0.6,1,1,1,20,2.5789143017765808,2.616190285385669,0.5568764209747314,0.11297821998596191
500,9.0,1.56,0.6,1,1,1,21,2.7381311323728865,0.6569041608245769,0.5867288112640381,0.12220168113708496
500,9.0,1.56,0.6,1,1,1,22,1.5791093160329464,0.8075480637218866,0.684821367263794,0.12778329849243164
500,9.0,1.56,0.6,1,1,1,23,2.8090577188488095,1.23846964168552,0.6066370010375977,0.10355830192565918
500,9.0,1.56,0.6,1,1,1,24,2.7361374046423514,0.9985625057423824,0.603219747543335,0.11081123352050781
500,9.200000000000001,1.56,0.6,1,1,1,0,2.7201028203965567,0.8684960864349923,0.5461204051971436,0.09942913055419922
500,9.200000000000001,1.56,0.6,1,1,1,1,2.504720716888897,1.227014321617241,0.661766529083252,0.1573185920715332
500,9.200000000000001,1.56,0.6,1,1,1,2,2.435234533423422,0.9114153514031431,0.8570339679718018,0.17930245399475098
500,9.200000000000001,1.56,0.6,1,1,1,3,2.714141314985348,0.9987365732029898,0.6781439781188965,0.08442974090576172
500,9.200000000000001,1.56,0.6,1,1,1,4,2.7572322426407228,0.8184448119806167,0.5712456703186035,0.09250235557556152
500,9.200000000000001,1.56,0.6,1,1,1,5,2.8284049283223025,2.2416592678536023,0.5880248546600342,0.11716318130493164
500,9.200000000000001,1.56,0.6,1,1,1,6,2.682214064026599,1.2436513020234188,0.5877909660339355,0.10169124603271484
500,9.200000000000001,1.56,0.6,1,1,1,7,2.631390878135946,0.7883050347986248,0.6914448738098145,0.12948203086853027
500,9.200000000000001,1.56,0.6,1,1,1,8,2.7832091582231984,2.39262666402764,0.6088814735412598,0.11059260368347168
500,9.200000000000001,1.56,0.6,1,1,1,9,2.7409093256332184,1.505811622212964,0.6210029125213623,0.09305858612060547
500,9.200000000000001,1.56,0.6,1,1,1,10,1.3970296392754453,0.7112716885579452,0.5655050277709961,0.1006162166595459
500,9.200000000000001,1.56,0.6,1,1,1,11,1.1624355521054515,0.668327433955093,0.5676994323730469,0.0965578556060791
500,9.200000000000001,1.56,0.6,1,1,1,12,2.7563040897553464,1.5394263384474562,0.6144273281097412,0.08866429328918457
500,9.200000000000001,1.56,0.6,1,1,1,13,2.8188167869675578,1.2265854914552496,0.7235219478607178,0.12890267372131348
500,9.200000000000001,1.56,0.6,1,1,1,14,2.6071179522181858,0.6471153266859501,0.6800804138183594,0.1456143856048584
500,9.200000000000001,1.56,0.6,1,1,1,15,1.2276951341585718,0.807370051812533,0.6040322780609131,0.09415221214294434
500,9.200000000000001,1.56,0.6,1,1,1,16,2.828209184575754,1.1693384315627162,0.6110954284667969,0.11100625991821289
500,9.200000000000001,1.56,0.6,1,1,1,17,2.4998336573793947,1.0946608046465403,0.5876083374023438,0.1139974594116211
500,9.200000000000001,1.56,0.6,1,1,1,18,2.7366661852493728,1.1518502372960073,0.7449595928192139,0.14499378204345703
500,9.200000000000001,1.56,0.6,1,1,1,19,1.077245595641085,0.6773014279377811,0.5724260807037354,0.11292886734008789
500,9.200000000000001,1.56,0.6,1,1,1,20,2.809592972013453,2.0549946960283347,0.5829896926879883,0.10405755043029785
500,9.200000000000001,1.56,0.6,1,1,1,21,1.3108710032527195,0.7279965568948373,0.6904857158660889,0.15999603271484375
500,9.200000000000001,1.56,0.6,1,1,1,22,2.8250705886581042,0.6981490773997264,0.6012318134307861,0.09342503547668457
500,9.200000000000001,1.56,0.6,1,1,1,23,2.8098436440983257,1.863957441067084,0.69704270362854,0.15527653694152832
500,9.200000000000001,1.56,0.6,1,1,1,24,2.814748260810189,0.8968250053861723,0.5799145698547363,0.11544680595397949
500,9.4,1.56,0.6,1,1,1,0,2.821948517120145,0.8574434818356943,0.5543925762176514,0.1005706787109375
500,9.4,1.56,0.6,1,1,1,1,2.822951381328799,1.523025316330823,0.5696170330047607,0.11404132843017578
500,9.4,1.56,0.6,1,1,1,2,2.6264579342909498,1.3881954308479298,0.5699882507324219,0.14078617095947266
500,9.4,1.56,0.6,1,1,1,3,2.82743550310193,1.822516054104036,0.7304856777191162,0.1174161434173584
500,9.4,1.56,0.6,1,1,1,4,2.826435866239805,2.325291952797787,0.6627638339996338,0.12861156463623047
500,9.4,1.56,0.6,1,1,1,5,2.7939703942153664,2.1776766689212534,0.5889270305633545,0.11040496826171875
500,9.4,1.56,0.6,1,1,1,6,2.808299723532944,1.4911032990999395,0.6165270805358887,0.11371397972106934
500,9.4,1.56,0.6,1,1,1,7,2.808061461542329,0.8690799862690739,0.5692050457000732,0.1135108470916748
500,9.4,1.56,0.6,1,1,1,8,2.820156163609095,2.5717584759477927,0.5691428184509277,0.11742091178894043
500,9.4,1.56,0.6,1,1,1,9,2.7230361536578007,1.5163401782406052,0.7305700778961182,0.13061261177062988
500,9.4,1.56,0.6,1,1,1,10,2.7584596215614456,1.5967297865615753,0.5660147666931152,0.11044788360595703
500,9.4,1.56,0.6,1,1,1,11,2.8269310130807668,0.7933520978231698,0.5548043251037598,0.10740518569946289
500,9.4,1.56,0.6,1,1,1,12,2.794809454190696,1.7297833732873928,0.6064193248748779,0.10900568962097168
500,9.4,1.56,0.6,1,1,1,13,2.8230277782707494,1.0595815359208245,0.6446387767791748,0.08712172508239746
500,9.4,1.56,0.6,1,1,1,14,1.3154922527304456,0.860233857075067,0.6768171787261963,0.12755227088928223
500,9.4,1.56,0.6,1,1,1,15,2.7429990391618304,0.9593855827967523,0.607090950012207,0.1120905876159668
500,9.4,1.56,0.6,1,1,1,16,1.0715397913608184,0.8579718428560953,0.7177944183349609,0.12068772315979004
500,9.4,1.56,0.6,1,1,1,17,2.797522408520015,1.0144146792916822,0.6123113632202148,0.10113525390625
500,9.4,1.56,0.6,1,1,1,18,2.6949350453502383,1.4948528467594024,0.5898454189300537,0.11181378364562988
500,9.4,1.56,0.6,1,1,1,19,2.8085482921022615,1.1800927003578492,0.6957554817199707,0.12063169479370117
500,9.4,1.56,0.6,1,1,1,20,2.215150666562027,1.0428872646007046,0.6872236728668213,0.11847400665283203
500,9.4,1.56,0.6,1,1,1,21,2.8154574183600216,0.9019920412278276,0.5871953964233398,0.11369442939758301
500,9.4,1.56,0.6,1,1,1,22,2.815947251885138,0.7838820020026805,0.5603489875793457,0.1136484146118164
500,9.4,1.56,0.6,1,1,1,23,2.8078151403769374,1.5886071064844165,0.5592854022979736,0.11862778663635254
500,9.4,1.56,0.6,1,1,1,24,2.474913198955045,0.9367128890493626,0.5950748920440674,0.11364364624023438
500,9.600000000000001,1.56,0.6,1,1,1,0,2.814986969890662,1.664147739672753,0.6976211071014404,0.12772512435913086
500,9.600000000000001,1.56,0.6,1,1,1,1,2.7637204432831073,1.5153573232535333,0.5813548564910889,0.12908411026000977
500,9.600000000000001,1.56,0.6,1,1,1,2,2.7918349103811972,1.0290132681308908,0.6079566478729248,0.11251378059387207
500,9.600000000000001,1.56,0.6,1,1,1,3,2.8243748720386397,1.152143725052424,0.5891778469085693,0.10765600204467773
500,9.600000000000001,1.56,0.6,1,1,1,4,2.825180822737812,0.9389024602552408,0.5708401203155518,0.11648440361022949
500,9.600000000000001,1.56,0.6,1,1,1,5,2.473437160409876,0.677340295833526,0.7100756168365479,0.15071487426757812
500,9.600000000000001,1.56,0.6,1,1,1,6,2.545302823919421,0.8075067993095365,0.5694634914398193,0.1116175651550293
500,9.600000000000001,1.56,0.6,1,1,1,7,2.6267775957085906,0.9826328028107709,0.5841190814971924,0.11083126068115234
500,9.600000000000001,1.56,0.6,1,1,1,8,2.8275651742795866,2.4784036570541286,0.5865356922149658,0.10958290100097656
500,9.600000000000001,1.56,0.6,1,1,1,9,2.8212142729915133,1.1808209733583095,0.5495154857635498,0.11475348472595215
500,9.600000000000001,1.56,0.6,1,1,1,10,2.777393829699445,1.3522539497329673,0.6011264324188232,0.14746665954589844
500,9.600000000000001,1.56,0.6,1,1,1,11,2.791112746459947,1.4472612955133501,0.7765421867370605,0.16311407089233398
500,9.600000000000001,1.56,0.6,1,1,1,12,2.8204271479373686,1.6442735116980605,0.5695936679840088,0.11362886428833008
500,9.600000000000001,1.56,0.6,1,1,1,13,2.516893773289708,1.7101176329907128,0.5832319259643555,0.1094968318939209
500,9.600000000000001,1.56,0.6,1,1,1,14,2.7868465111471776,0.8317046961266951,0.5543131828308105,0.10650062561035156
500,9.600000000000001,1.56,0.6,1,1,1,15,2.791659522031474,1.7218564446979783,0.536454439163208,0.13332891464233398
500,9.600000000000001,1.56,0.6,1,1,1,16,2.5432550530567477,1.6003500850519465,0.7561604976654053,0.16833066940307617
500,9.600000000000001,1.56,0.6,1,1,1,17,2.7290331039436064,1.9722662373789883,0.5817480087280273,0.10357475280761719
500,9.600000000000001,1.56,0.6,1,1,1,18,2.7100818238852176,0.9436303438617728,0.6095061302185059,0.10486292839050293
500,9.600000000000001,1.56,0.6,1,1,1,19,2.826748003042673,1.9529223531490636,0.5958061218261719,0.0844414234161377
500,9.600000000000001,1.56,0.6,1,1,1,20,2.8259827124191803,1.4630060108286718,0.5742418766021729,0.09239482879638672
500,9.600000000000001,1.56,0.6,1,1,1,21,2.8254979706396597,1.2936454883994495,0.7064330577850342,0.15085864067077637
500,9.600000000000001,1.56,0.6,1,1,1,22,1.4669661556903635,0.9424620863639892,0.588054895401001,0.10424423217773438
500,9.600000000000001,1.56,0.6,1,1,1,23,2.8054921354905353,0.864484837744369,0.6459815502166748,0.13846683502197266
500,9.600000000000001,1.56,0.6,1,1,1,24,2.8245422632772867,0.9877959890361753,0.6290829181671143,0.1238548755645752
500,9.8,1.56,0.6,1,1,1,0,2.8276442270455746,0.8212448633690852,0.5918724536895752,0.11040949821472168
500,9.8,1.56,0.6,1,1,1,1,2.173905105826843,1.003122958972331,0.6694700717926025,0.12384223937988281
500,9.8,1.56,0.6,1,1,1,2,2.827877686026836,2.9064577107421634,0.647571325302124,0.11321306228637695
500,9.8,1.56,0.6,1,1,1,3,2.8208652528400755,1.1831992932924875,0.5626776218414307,0.10998654365539551
500,9.8,1.56,0.6,1,1,1,4,2.8272649634463507,1.5078384033850276,0.5576663017272949,0.10443758964538574
500,9.8,1.56,0.6,1,1,1,5,2.696720149072638,1.0292397162065425,0.5668013095855713,0.11108517646789551
500,9.8,1.56,0.6,1,1,1,6,2.490360998419503,2.116432927999369,0.7009737491607666,0.15830492973327637
500,9.8,1.56,0.6,1,1,1,7,2.825642000049918,1.346607959090663,0.7338361740112305,0.14044761657714844
500,9.8,1.56,0.6,1,1,1,8,2.8206116166813566,1.581213770310447,0.6072022914886475,0.10043215751647949
500,9.8,1.56,0.6,1,1,1,9,2.813246630715063,1.8355295465670576,0.594048261642456,0.09822773933410645
500,9.8,1.56,0.6,1,1,1,10,2.820307208916643,1.6111780515241405,0.6397998332977295,0.10794639587402344
500,9.8,1.56,0.6,1,1,1,11,2.620936903181981,1.405140560755832,0.5757136344909668,0.09082627296447754
500,9.8,1.56,0.6,1,1,1,12,2.8277500372825934,0.9234735193168381,0.7115657329559326,0.12704992294311523
500,9.8,1.56,0.6,1,1,1,13,1.4742111063596965,1.026145794607225,0.5532898902893066,0.12147688865661621
500,9.8,1.56,0.6,1,1,1,14,2.7834285345214402,0.83461375701045,0.5623452663421631,0.10910320281982422
500,9.8,1.56,0.6,1,1,1,15,2.6969698388792818,1.681010036613532,0.5963034629821777,0.10504770278930664
500,9.8,1.56,0.6,1,1,1,16,1.5969994966863867,1.1762054418226913,0.581890344619751,0.11250638961791992
500,9.8,1.56,0.6,1,1,1,17,2.8284268299224165,1.4703698544004205,0.7386264801025391,0.1106407642364502
500,9.8,1.56,0.6,1,1,1,18,2.812920118141348,1.1037053914976005,0.6425981521606445,0.10118818283081055
500,9.8,1.56,0.6,1,1,1,19,2.0617513282798448,0.8828944172277101,0.5600192546844482,0.10765576362609863
500,9.8,1.56,0.6,1,1,1,20,2.8145815938729886,1.7606749065514589,0.555809497833252,0.10225486755371094
500,9.8,1.56,0.6,1,1,1,21,2.824963741595756,1.0255428538627904,0.5968282222747803,0.08604192733764648
500,9.8,1.56,0.6,1,1,1,22,1.4106115561384542,0.6293516652359075,0.5564074516296387,0.13316106796264648
500,9.8,1.56,0.6,1,1,1,23,2.8074474645494436,1.4470497091839363,0.7219583988189697,0.13637351989746094
500,9.8,1.56,0.6,1,1,1,24,2.393772774618567,1.2603099627700851,0.591865062713623,0.11628341674804688
