n,s1,1_p_s2,s2,beta,q,sqrt_q,rep_no,eigen_mat_rerr,eigen_mat_terr,eigen_mat_ev_time,eigen_mat_cal_translation_time
500,0.0,0.0,0.0,1,1,1,0,1.0731766083331818e-14,1.589752535806066e-14,0.3761768341064453,0.06701087951660156
500,0.0,0.0,0.0,1,1,1,1,1.2156379707701006e-14,1.166104191474638e-14,0.38426852226257324,0.06700587272644043
500,0.0,0.0,0.0,1,1,1,2,2.0284825911167076e-14,2.0226788844753565e-14,0.3497920036315918,0.06151843070983887
500,0.0,0.0,0.0,1,1,1,3,2.3068698995117056e-14,1.8894678177176877e-14,0.2991478443145752,0.054984331130981445
500,0.0,0.0,0.0,1,1,1,4,1.8887949615202415e-14,3.081243945852278e-14,0.31164121627807617,0.05553865432739258
500,0.0,0.0,0.0,1,1,1,5,1.4921327816624378e-14,2.4174325623459297e-14,0.33979320526123047,0.06903815269470215
500,0.0,0.0,0.0,1,1,1,6,1.3317189102507656e-14,1.9307748781549222e-14,0.3921973705291748,0.0772237777709961
500,0.0,0.0,0.0,1,1,1,7,1.2436557689322195e-14,1.6307812013652647e-14,0.3144662380218506,0.06800651550292969
500,0.0,0.0,0.0,1,1,1,8,1.5495368873916312e-14,1.3140557696760554e-14,0.35389280319213867,0.06951212882995605
500,0.0,0.0,0.0,1,1,1,9,2.7524003247143935e-14,1.9808382535834288e-14,0.33310985565185547,0.06298089027404785
500,0.0,0.0,0.0,1,1,1,10,1.3601145406002861e-14,9.028543609586259e-15,0.3143770694732666,0.0559995174407959
500,0.0,0.0,0.0,1,1,1,11,1.6223721576125066e-14,2.828956324064966e-14,0.32715630531311035,0.054984092712402344
500,0.0,0.0,0.0,1,1,1,12,1.334997023194082e-14,1.5372480116112342e-14,0.3135662078857422,0.05699920654296875
500,0.0,0.0,0.0,1,1,1,13,2.4354612168958946e-14,2.8332243914680207e-14,0.38109350204467773,0.07452797889709473
500,0.0,0.0,0.0,1,1,1,14,1.47395434865064e-14,2.5901306269295994e-14,0.3741147518157959,0.07850527763366699
500,0.0,0.0,0.0,1,1,1,15,1.9140000230241678e-14,1.613847699528322e-14,0.3148365020751953,0.0709829330444336
500,0.0,0.0,0.0,1,1,1,16,8.205048395534445e-15,1.6944273122371346e-14,0.3224620819091797,0.07051348686218262
500,0.0,0.0,0.0,1,1,1,17,1.9077915586409494e-14,3.1938166106671567e-14,0.3345608711242676,0.055507659912109375
500,0.0,0.0,0.0,1,1,1,18,2.0984536817869476e-14,1.900168680696495e-14,0.349625825881958,0.0634911060333252
500,0.0,0.0,0.0,1,1,1,19,2.619028307396079e-14,2.9225593944630285e-14,0.3417072296142578,0.0560002326965332
500,0.0,0.0,0.0,1,1,1,20,1.569417664573977e-14,1.915030128395535e-14,0.32634401321411133,0.07150006294250488
500,0.0,0.0,0.0,1,1,1,21,1.282042476257627e-14,1.883203021958419e-14,0.4205780029296875,0.0775148868560791
500,0.0,0.0,0.0,1,1,1,22,9.60679774612937e-15,1.6877672350847458e-14,0.30477356910705566,0.054039955139160156
500,0.0,0.0,0.0,1,1,1,23,1.949704727419777e-14,1.712921581461192e-14,0.3256962299346924,0.05450868606567383
500,0.0,0.0,0.0,1,1,1,24,1.587601941816377e-14,2.808052311790109e-14,0.3275899887084961,0.058065176010131836
500,0.2,0.16640000000000005,0.08000000000000002,1,1,1,0,0.0241283726201374,0.015095770009949482,0.3287162780761719,0.05350637435913086
500,0.2,0.16640000000000005,0.08000000000000002,1,1,1,1,0.02774268704949187,0.01745501745952072,0.31972646713256836,0.05951237678527832
500,0.2,0.16640000000000005,0.08000000000000002,1,1,1,2,0.020807759013444994,0.01509100631121632,0.3211851119995117,0.0560002326965332
500,0.2,0.16640000000000005,0.08000000000000002,1,1,1,3,0.02356673837924565,0.017568503673954072,0.35090041160583496,0.06801390647888184
500,0.2,0.16640000000000005,0.08000000000000002,1,1,1,4,0.02143422739175311,0.016055549290461633,0.319225549697876,0.0574953556060791
500,0.2,0.16640000000000005,0.08000000000000002,1,1,1,5,0.022182339922576216,0.017142698784064617,0.30927610397338867,0.05498242378234863
500,0.2,0.16640000000000005,0.08000000000000002,1,1,1,6,0.023718588856067296,0.0185271911576681,0.3290708065032959,0.055773258209228516
500,0.2,0.16640000000000005,0.08000000000000002,1,1,1,7,0.02093741658069858,0.01877751214510528,0.32827329635620117,0.06351137161254883
500,0.2,0.16640000000000005,0.08000000000000002,1,1,1,8,0.022775988267964852,0.013340773278835079,0.3212113380432129,0.06100273132324219
500,0.2,0.16640000000000005,0.08000000000000002,1,1,1,9,0.022792653729050698,0.01652967380624722,0.3225216865539551,0.0705099105834961
500,0.2,0.16640000000000005,0.08000000000000002,1,1,1,10,0.024963402799289745,0.016381821465564543,0.34578752517700195,0.0835258960723877
500,0.2,0.16640000000000005,0.08000000000000002,1,1,1,11,0.023293384359441706,0.013896560794665253,0.4259657859802246,0.0740349292755127
500,0.2,0.16640000000000005,0.08000000000000002,1,1,1,12,0.02257337454634744,0.019945667616098017,0.46279454231262207,0.09248757362365723
500,0.2,0.16640000000000005,0.08000000000000002,1,1,1,13,0.02251980346554172,0.015145770507561378,0.464080810546875,0.0855109691619873
500,0.2,0.16640000000000005,0.08000000000000002,1,1,1,14,0.018913323608396072,0.02020765996715863,0.4802064895629883,0.11050796508789062
500,0.2,0.16640000000000005,0.08000000000000002,1,1,1,15,0.021513557244776226,0.01620628993625804,0.5050127506256104,0.09641599655151367
500,0.2,0.16640000000000005,0.08000000000000002,1,1,1,16,0.02567734099855201,0.017817253865807518,0.5763182640075684,0.132523775100708
500,0.2,0.16640000000000005,0.08000000000000002,1,1,1,17,0.022375586959849057,0.0180504441961612,0.5827949047088623,0.10105061531066895
500,0.2,0.16640000000000005,0.08000000000000002,1,1,1,18,0.02374420107179206,0.016723465657400436,0.4504358768463135,0.09841561317443848
500,0.2,0.16640000000000005,0.08000000000000002,1,1,1,19,0.021716088458998875,0.017346343519379796,0.4583854675292969,0.1033172607421875
500,0.2,0.16640000000000005,0.08000000000000002,1,1,1,20,0.02152919588078586,0.020348084444779712,0.4600484371185303,0.09949803352355957
500,0.2,0.16640000000000005,0.08000000000000002,1,1,1,21,0.022905457708821686,0.014932631441473837,0.4512820243835449,0.09707355499267578
500,0.2,0.16640000000000005,0.08000000000000002,1,1,1,22,0.022790578422453273,0.01613635145170484,0.5551769733428955,0.13152503967285156
500,0.2,0.16640000000000005,0.08000000000000002,1,1,1,23,0.01921635333513574,0.017709025772556033,0.5776662826538086,0.1260521411895752
500,0.2,0.16640000000000005,0.08000000000000002,1,1,1,24,0.019317348701154546,0.01522481821995483,0.457409143447876,0.1080329418182373
500,0.4,0.3456000000000001,0.16000000000000003,1,1,1,0,0.040698587605594194,0.0343583453768812,0.46383118629455566,0.08851504325866699
500,0.4,0.3456000000000001,0.16000000000000003,1,1,1,1,0.05052376144799039,0.0453712158472309,0.5256264209747314,0.09949636459350586
500,0.4,0.3456000000000001,0.16000000000000003,1,1,1,2,0.04338399089642896,0.035841713951748844,0.44095778465270996,0.12411332130432129
500,0.4,0.3456000000000001,0.16000000000000003,1,1,1,3,0.05201422198405899,0.036998822612228074,0.560039758682251,0.12058281898498535
500,0.4,0.3456000000000001,0.16000000000000003,1,1,1,4,0.04631656540162186,0.039160234276255285,0.4663879871368408,0.10107684135437012
500,0.4,0.3456000000000001,0.16000000000000003,1,1,1,5,0.04693826576561696,0.034947721748462765,0.44226980209350586,0.09017539024353027
500,0.4,0.3456000000000001,0.16000000000000003,1,1,1,6,0.046884217857605534,0.04473106614597936,0.4794473648071289,0.10315918922424316
500,0.4,0.3456000000000001,0.16000000000000003,1,1,1,7,0.04503792837277849,0.0330151286179184,0.4968125820159912,0.11103582382202148
500,0.4,0.3456000000000001,0.16000000000000003,1,1,1,8,0.040371366452125385,0.04049936575827386,0.5870935916900635,0.14954280853271484
500,0.4,0.3456000000000001,0.16000000000000003,1,1,1,9,0.04323691260299441,0.03526622857749855,0.5585572719573975,0.09849143028259277
500,0.4,0.3456000000000001,0.16000000000000003,1,1,1,10,0.04854884340527267,0.044978473377804674,0.4866194725036621,0.1195223331451416
500,0.4,0.3456000000000001,0.16000000000000003,1,1,1,11,0.041825152250347726,0.03101914226799929,0.46512341499328613,0.09552502632141113
500,0.4,0.3456000000000001,0.16000000000000003,1,1,1,12,0.04427544070427587,0.039309350677237655,0.48962974548339844,0.09451985359191895
500,0.4,0.3456000000000001,0.16000000000000003,1,1,1,13,0.04249716868026766,0.03132368141557314,0.47162842750549316,0.10051536560058594
500,0.4,0.3456000000000001,0.16000000000000003,1,1,1,14,0.04855745607989199,0.04535439911503871,0.5531432628631592,0.1275312900543213
500,0.4,0.3456000000000001,0.16000000000000003,1,1,1,15,0.045809468651697986,0.03229277693502547,0.45960307121276855,0.09984111785888672
500,0.4,0.3456000000000001,0.16000000000000003,1,1,1,16,0.04526473559419572,0.03130093705180198,0.5545003414154053,0.1391918659210205
500,0.4,0.3456000000000001,0.16000000000000003,1,1,1,17,0.04695638106356956,0.032905392881722416,0.4770846366882324,0.09704780578613281
500,0.4,0.3456000000000001,0.16000000000000003,1,1,1,18,0.042473320003830674,0.030720994995296853,0.483431339263916,0.10207653045654297
500,0.4,0.3456000000000001,0.16000000000000003,1,1,1,19,0.04474500636626716,0.03505180119018762,0.4857923984527588,0.10754537582397461
500,0.4,0.3456000000000001,0.16000000000000003,1,1,1,20,0.04292171622653754,0.035615253242093234,0.645167350769043,0.1231546401977539
500,0.4,0.3456000000000001,0.16000000000000003,1,1,1,21,0.051620833087690346,0.03750954531692079,0.4913194179534912,0.09851503372192383
500,0.4,0.3456000000000001,0.16000000000000003,1,1,1,22,0.04261487313538381,0.03255222871551998,0.5171091556549072,0.1020362377166748
500,0.4,0.3456000000000001,0.16000000000000003,1,1,1,23,0.043455448523296664,0.039829158891937895,0.46637892723083496,0.1024165153503418
500,0.4,0.3456000000000001,0.16000000000000003,1,1,1,24,0.05550956014075881,0.038483153890073334,0.4531877040863037,0.09813284873962402
500,0.6000000000000001,0.5376000000000002,0.24000000000000005,1,1,1,0,0.06601122126105004,0.052919127667531804,0.6614060401916504,0.137251615524292
500,0.6000000000000001,0.5376000000000002,0.24000000000000005,1,1,1,1,0.06939408756220022,0.06419378915542968,0.4508814811706543,0.09473490715026855
500,0.6000000000000001,0.5376000000000002,0.24000000000000005,1,1,1,2,0.0674383807685173,0.052782425124744035,0.4554026126861572,0.0925142765045166
500,0.6000000000000001,0.5376000000000002,0.24000000000000005,1,1,1,3,0.06582560274287294,0.0459909796184146,0.5397558212280273,0.12553811073303223
500,0.6000000000000001,0.5376000000000002,0.24000000000000005,1,1,1,4,0.06551031106276296,0.044864896631892935,0.586864709854126,0.1251528263092041
500,0.6000000000000001,0.5376000000000002,0.24000000000000005,1,1,1,5,0.08086805440608871,0.051341135233622354,0.4898862838745117,0.10835075378417969
500,0.6000000000000001,0.5376000000000002,0.24000000000000005,1,1,1,6,0.059412068023794166,0.04619989827911027,0.6351556777954102,0.1255338191986084
500,0.6000000000000001,0.5376000000000002,0.24000000000000005,1,1,1,7,0.06091311362312518,0.04764612201749731,0.4707832336425781,0.0905144214630127
500,0.6000000000000001,0.5376000000000002,0.24000000000000005,1,1,1,8,0.06060601991998159,0.04735698979334155,0.49350500106811523,0.1099860668182373
500,0.6000000000000001,0.5376000000000002,0.24000000000000005,1,1,1,9,0.06496052482808228,0.045140068446516565,0.46309876441955566,0.10369014739990234
500,0.6000000000000001,0.5376000000000002,0.24000000000000005,1,1,1,10,0.07219126808455219,0.053665072661189826,0.44469499588012695,0.10545897483825684
500,0.6000000000000001,0.5376000000000002,0.24000000000000005,1,1,1,11,0.06786262223820787,0.05079408147979179,0.5609903335571289,0.14502382278442383
500,0.6000000000000001,0.5376000000000002,0.24000000000000005,1,1,1,12,0.06532769303410059,0.0438519828649097,0.6364901065826416,0.11266636848449707
500,0.6000000000000001,0.5376000000000002,0.24000000000000005,1,1,1,13,0.07359830833158579,0.047301029683928256,0.5280680656433105,0.09561705589294434
500,0.6000000000000001,0.5376000000000002,0.24000000000000005,1,1,1,14,0.06522060921628672,0.054338894322770726,0.5128865242004395,0.11897540092468262
500,0.6000000000000001,0.5376000000000002,0.24000000000000005,1,1,1,15,0.07056182471666474,0.042914861559547546,0.4534144401550293,0.10552144050598145
500,0.6000000000000001,0.5376000000000002,0.24000000000000005,1,1,1,16,0.06730606180305103,0.059829747451624775,0.4811103343963623,0.0948784351348877
500,0.6000000000000001,0.5376000000000002,0.24000000000000005,1,1,1,17,0.0705231338858471,0.04388751540131935,0.5153205394744873,0.11566948890686035
500,0.6000000000000001,0.5376000000000002,0.24000000000000005,1,1,1,18,0.05988141681115372,0.042819690653158035,0.5832014083862305,0.134063720703125
500,0.6000000000000001,0.5376000000000002,0.24000000000000005,1,1,1,19,0.07286460626897867,0.049792729663512024,0.4824244976043701,0.09461092948913574
500,0.6000000000000001,0.5376000000000002,0.24000000000000005,1,1,1,20,0.06958769476521015,0.049492696398455945,0.49188876152038574,0.10632753372192383
500,0.6000000000000001,0.5376000000000002,0.24000000000000005,1,1,1,21,0.06684608667976825,0.0684883367314118,0.47831177711486816,0.0967249870300293
500,0.6000000000000001,0.5376000000000002,0.24000000000000005,1,1,1,22,0.06753121508700284,0.05755177741390593,0.8112308979034424,0.13836288452148438
500,0.6000000000000001,0.5376000000000002,0.24000000000000005,1,1,1,23,0.06784619345434496,0.05085414312593627,0.6812214851379395,0.13925623893737793
500,0.6000000000000001,0.5376000000000002,0.24000000000000005,1,1,1,24,0.06490171786493958,0.05851042288989555,0.7535064220428467,0.12464022636413574
500,0.8,0.7424000000000003,0.32000000000000006,1,1,1,0,0.10450411839470612,0.0652430065827312,0.7512180805206299,0.12320113182067871
500,0.8,0.7424000000000003,0.32000000000000006,1,1,1,1,0.08668442773620337,0.06503081487822675,0.6016759872436523,0.0982048511505127
500,0.8,0.7424000000000003,0.32000000000000006,1,1,1,2,0.08132975493744694,0.06911514937168624,0.6449615955352783,0.10456061363220215
500,0.8,0.7424000000000003,0.32000000000000006,1,1,1,3,0.09455578471231586,0.06651565992449732,0.7224960327148438,0.13060855865478516
500,0.8,0.7424000000000003,0.32000000000000006,1,1,1,4,0.08163199741645188,0.07661657967867984,0.573875904083252,0.09318280220031738
500,0.8,0.7424000000000003,0.32000000000000006,1,1,1,5,0.09433632442999648,0.07379450921681717,0.6248252391815186,0.13152265548706055
500,0.8,0.7424000000000003,0.32000000000000006,1,1,1,6,0.09125799444792579,0.06699167108742898,0.626807451248169,0.09234452247619629
500,0.8,0.7424000000000003,0.32000000000000006,1,1,1,7,0.09374567367320108,0.06515217546245515,0.591991662979126,0.0862884521484375
500,0.8,0.7424000000000003,0.32000000000000006,1,1,1,8,0.08734745430388002,0.06738688975725599,0.6858460903167725,0.15976691246032715
500,0.8,0.7424000000000003,0.32000000000000006,1,1,1,9,0.0893854323512099,0.10157831271303457,0.621309757232666,0.09792733192443848
500,0.8,0.7424000000000003,0.32000000000000006,1,1,1,10,0.09308347872948222,0.05536860901714647,0.6172168254852295,0.08542275428771973
500,0.8,0.7424000000000003,0.32000000000000006,1,1,1,11,0.08754860630450917,0.06126043731366586,0.5770261287689209,0.10247087478637695
500,0.8,0.7424000000000003,0.32000000000000006,1,1,1,12,0.07556269675766145,0.06433741153524128,0.5571482181549072,0.09554004669189453
500,0.8,0.7424000000000003,0.32000000000000006,1,1,1,13,0.08201682595202324,0.06685564972819417,0.6851367950439453,0.13125896453857422
500,0.8,0.7424000000000003,0.32000000000000006,1,1,1,14,0.09123561561624555,0.07822594364174115,0.6228768825531006,0.08015680313110352
500,0.8,0.7424000000000003,0.32000000000000006,1,1,1,15,0.09276144212831317,0.06455068307770499,0.5614814758300781,0.0844566822052002
500,0.8,0.7424000000000003,0.32000000000000006,1,1,1,16,0.09818004962991345,0.07305965095198265,0.5889484882354736,0.10258173942565918
500,0.8,0.7424000000000003,0.32000000000000006,1,1,1,17,0.08567522874159351,0.0578137888303805,0.5728483200073242,0.10767865180969238
500,0.8,0.7424000000000003,0.32000000000000006,1,1,1,18,0.09834760457077976,0.07051485994171995,0.5533304214477539,0.10833001136779785
500,0.8,0.7424000000000003,0.32000000000000006,1,1,1,19,0.09251292425076367,0.0717886759343118,0.8066847324371338,0.14145827293395996
500,0.8,0.7424000000000003,0.32000000000000006,1,1,1,20,0.08236526980127233,0.0794092124607226,0.5762958526611328,0.10050582885742188
500,0.8,0.7424000000000003,0.32000000000000006,1,1,1,21,0.1034827899772051,0.061917014066671466,0.49457693099975586,0.10996222496032715
500,0.8,0.7424000000000003,0.32000000000000006,1,1,1,22,0.08688726657192136,0.06549059789416582,0.5237479209899902,0.10461974143981934
500,0.8,0.7424000000000003,0.32000000000000006,1,1,1,23,0.08578517220456516,0.056019449478661706,0.5097887516021729,0.07727408409118652
500,0.8,0.7424000000000003,0.32000000000000006,1,1,1,24,0.0793017056866583,0.08277620654006898,0.5631272792816162,0.10527324676513672
500,1.0,0.96,0.4,1,1,1,0,0.13027940673119076,0.08831576666453128,0.6412105560302734,0.10271668434143066
500,1.0,0.96,0.4,1,1,1,1,0.10946638731936138,0.10430991439884531,0.4544370174407959,0.09964156150817871
500,1.0,0.96,0.4,1,1,1,2,0.12816128629582668,0.0889495544050916,0.48589444160461426,0.0954902172088623
500,1.0,0.96,0.4,1,1,1,3,0.10893827996788477,0.08069206124246715,0.516836404800415,0.10819339752197266
500,1.0,0.96,0.4,1,1,1,4,0.11247826126192924,0.07772870751591145,0.5460312366485596,0.11397266387939453
500,1.0,0.96,0.4,1,1,1,5,0.1023174261696979,0.07677478145221876,0.6816959381103516,0.11932015419006348
500,1.0,0.96,0.4,1,1,1,6,0.10819607371509343,0.06917431394455342,0.5362703800201416,0.11231470108032227
500,1.0,0.96,0.4,1,1,1,7,0.0992715550526431,0.08758025938267903,0.5044217109680176,0.12096333503723145
500,1.0,0.96,0.4,1,1,1,8,0.10856139122243773,0.10406427228476557,0.5530483722686768,0.11397838592529297
500,1.0,0.96,0.4,1,1,1,9,0.10601523192947093,0.09877153636312659,0.4987351894378662,0.12633061408996582
500,1.0,0.96,0.4,1,1,1,10,0.11984726648949688,0.08143964809872378,0.5017611980438232,0.12453603744506836
500,1.0,0.96,0.4,1,1,1,11,0.10455713052053406,0.08399787469963696,0.6618642807006836,0.1065828800201416
500,1.0,0.96,0.4,1,1,1,12,0.11491065168368862,0.09060824139168343,0.4975302219390869,0.10334420204162598
500,1.0,0.96,0.4,1,1,1,13,0.10735146332354552,0.085098523848049,0.5250039100646973,0.09172773361206055
500,1.0,0.96,0.4,1,1,1,14,0.11564932045769187,0.08780889802433466,0.5155031681060791,0.0685117244720459
500,1.0,0.96,0.4,1,1,1,15,0.11445492094425647,0.08183144071723197,0.5397074222564697,0.09812736511230469
500,1.0,0.96,0.4,1,1,1,16,0.09629925853429816,0.07506091851287516,0.60630202293396,0.12044429779052734
500,1.0,0.96,0.4,1,1,1,17,0.10478181793599775,0.07340275668200803,0.5873725414276123,0.08345890045166016
500,1.0,0.96,0.4,1,1,1,18,0.10596464836811798,0.07557279357807081,0.4816932678222656,0.07070040702819824
500,1.0,0.96,0.4,1,1,1,19,0.10463134516127133,0.07634185595494641,0.44834256172180176,0.09745311737060547
500,1.0,0.96,0.4,1,1,1,20,0.11258664772512077,0.07637304034252504,0.48687076568603516,0.06891417503356934
500,1.0,0.96,0.4,1,1,1,21,0.10745442122473833,0.08926714684981008,0.46599698066711426,0.08303713798522949
500,1.0,0.96,0.4,1,1,1,22,0.10439971135740887,0.08220779007915731,0.535764217376709,0.0846700668334961
500,1.0,0.96,0.4,1,1,1,23,0.10794164712785773,0.09893392588997417,0.5629689693450928,0.08948397636413574
500,1.0,0.96,0.4,1,1,1,24,0.11422933840336723,0.09715574598992786,0.49507880210876465,0.06855654716491699
500,1.2000000000000002,1.1904000000000001,0.4800000000000001,1,1,1,0,0.12468084610164844,0.0931192344637288,0.4682178497314453,0.08650588989257812
500,1.2000000000000002,1.1904000000000001,0.4800000000000001,1,1,1,1,0.14504438626796606,0.08879409687327201,0.4134945869445801,0.09305810928344727
500,1.2000000000000002,1.1904000000000001,0.4800000000000001,1,1,1,2,0.1530140303019619,0.11439563912598784,0.4557673931121826,0.08932018280029297
500,1.2000000000000002,1.1904000000000001,0.4800000000000001,1,1,1,3,0.14013255546855924,0.08991791821461526,0.4218118190765381,0.08312678337097168
500,1.2000000000000002,1.1904000000000001,0.4800000000000001,1,1,1,4,0.13414210736783885,0.09880432397349562,0.610907793045044,0.10158348083496094
500,1.2000000000000002,1.1904000000000001,0.4800000000000001,1,1,1,5,0.13415157907139602,0.08536973998880036,0.43608808517456055,0.0892477035522461
500,1.2000000000000002,1.1904000000000001,0.4800000000000001,1,1,1,6,0.11549732340871069,0.08443509304965897,0.45205092430114746,0.08980774879455566
500,1.2000000000000002,1.1904000000000001,0.4800000000000001,1,1,1,7,0.1419832221957275,0.08732673172477136,0.420759916305542,0.08613777160644531
500,1.2000000000000002,1.1904000000000001,0.4800000000000001,1,1,1,8,0.1405218531327426,0.10243113093648977,0.4246037006378174,0.08156228065490723
500,1.2000000000000002,1.1904000000000001,0.4800000000000001,1,1,1,9,0.14935947104584865,0.0909626861374066,0.419614315032959,0.08775925636291504
500,1.2000000000000002,1.1904000000000001,0.4800000000000001,1,1,1,10,0.11812323508428038,0.1138454574958539,0.5006744861602783,0.10668230056762695
500,1.2000000000000002,1.1904000000000001,0.4800000000000001,1,1,1,11,0.1374106668409934,0.10958265959558729,0.5234885215759277,0.11831974983215332
500,1.2000000000000002,1.1904000000000001,0.4800000000000001,1,1,1,12,0.12818341721521714,0.11495317500513587,0.4795548915863037,0.10042142868041992
500,1.2000000000000002,1.1904000000000001,0.4800000000000001,1,1,1,13,0.12541458054564772,0.1122162240557251,0.48816514015197754,0.1289050579071045
500,1.2000000000000002,1.1904000000000001,0.4800000000000001,1,1,1,14,0.1429742778685792,0.08387299338130465,0.6112380027770996,0.1284470558166504
500,1.2000000000000002,1.1904000000000001,0.4800000000000001,1,1,1,15,0.13212551126445327,0.10710070338769652,0.697624683380127,0.10755181312561035
500,1.2000000000000002,1.1904000000000001,0.4800000000000001,1,1,1,16,0.12254755293920397,0.10190156310047555,0.5844275951385498,0.14173007011413574
500,1.2000000000000002,1.1904000000000001,0.4800000000000001,1,1,1,17,0.14370044167759047,0.11406943025379283,0.7764348983764648,0.1359419822692871
500,1.2000000000000002,1.1904000000000001,0.4800000000000001,1,1,1,18,0.1402380594299866,0.10764400204954902,0.5111064910888672,0.09854626655578613
500,1.2000000000000002,1.1904000000000001,0.4800000000000001,1,1,1,19,0.12696810258708804,0.12499917296323497,0.5490634441375732,0.1021418571472168
500,1.2000000000000002,1.1904000000000001,0.4800000000000001,1,1,1,20,0.15302691167920499,0.08976399285569595,0.5445854663848877,0.14063620567321777
500,1.2000000000000002,1.1904000000000001,0.4800000000000001,1,1,1,21,0.1407587186879028,0.10158269890413217,0.5275640487670898,0.09540891647338867
500,1.2000000000000002,1.1904000000000001,0.4800000000000001,1,1,1,22,0.16152482310873068,0.09714946488554659,0.737093448638916,0.11275506019592285
500,1.2000000000000002,1.1904000000000001,0.4800000000000001,1,1,1,23,0.12166201352325844,0.11564181299492896,0.5619637966156006,0.11455965042114258
500,1.2000000000000002,1.1904000000000001,0.4800000000000001,1,1,1,24,0.1491755453574685,0.10267528923715216,0.5434613227844238,0.11224961280822754
500,1.4000000000000001,1.4336000000000002,0.56,1,1,1,0,0.1428424899189945,0.12043584525488137,0.5566961765289307,0.11356377601623535
500,1.4000000000000001,1.4336000000000002,0.56,1,1,1,1,0.1722078854212502,0.1216148769278718,0.5269198417663574,0.1105804443359375
500,1.4000000000000001,1.4336000000000002,0.56,1,1,1,2,0.17579674999638936,0.1452791791359405,0.6152958869934082,0.11056828498840332
500,1.4000000000000001,1.4336000000000002,0.56,1,1,1,3,0.1604691204835713,0.13034962366644406,0.652132511138916,0.09956860542297363
500,1.4000000000000001,1.4336000000000002,0.56,1,1,1,4,0.15318206770872222,0.13789577475204,0.6109647750854492,0.10143637657165527
500,1.4000000000000001,1.4336000000000002,0.56,1,1,1,5,0.1598106169478242,0.11949789687807551,0.5609400272369385,0.09793782234191895
500,1.4000000000000001,1.4336000000000002,0.56,1,1,1,6,0.22896290282544182,0.10336175720628359,0.5248076915740967,0.10546541213989258
500,1.4000000000000001,1.4336000000000002,0.56,1,1,1,7,0.1433196304245838,0.12912620003908334,0.5035996437072754,0.11245608329772949
500,1.4000000000000001,1.4336000000000002,0.56,1,1,1,8,0.14086084142658606,0.10655172855841538,0.5928003787994385,0.12664341926574707
500,1.4000000000000001,1.4336000000000002,0.56,1,1,1,9,0.14997882043324118,0.10232233055875989,0.7113449573516846,0.130723237991333
500,1.4000000000000001,1.4336000000000002,0.56,1,1,1,10,0.18303417192170582,0.15854666915899213,0.6336963176727295,0.10229682922363281
500,1.4000000000000001,1.4336000000000002,0.56,1,1,1,11,0.16502717001146736,0.11187175597888799,0.7675986289978027,0.0921473503112793
500,1.4000000000000001,1.4336000000000002,0.56,1,1,1,12,0.177695413146358,0.11987482736369777,0.6215729713439941,0.08249044418334961
500,1.4000000000000001,1.4336000000000002,0.56,1,1,1,13,0.1530541210786898,0.11650323225817195,0.6178097724914551,0.1286168098449707
500,1.4000000000000001,1.4336000000000002,0.56,1,1,1,14,0.15241621174821712,0.13536259341270113,0.7024853229522705,0.1124873161315918
500,1.4000000000000001,1.4336000000000002,0.56,1,1,1,15,0.15482084652176217,0.10810294629809727,0.5886054039001465,0.09806084632873535
500,1.4000000000000001,1.4336000000000002,0.56,1,1,1,16,0.15034833115180773,0.119759054567912,0.602086067199707,0.09802460670471191
500,1.4000000000000001,1.4336000000000002,0.56,1,1,1,17,0.17070268298609612,0.11378559319275376,0.5818071365356445,0.10254240036010742
500,1.4000000000000001,1.4336000000000002,0.56,1,1,1,18,0.16772627229667142,0.11727627172296928,0.6755635738372803,0.12165021896362305
500,1.4000000000000001,1.4336000000000002,0.56,1,1,1,19,0.13495767240056303,0.14387806353049828,0.5972180366516113,0.08714866638183594
500,1.4000000000000001,1.4336000000000002,0.56,1,1,1,20,0.1492458000030137,0.10949594791589436,0.5314981937408447,0.12283039093017578
500,1.4000000000000001,1.4336000000000002,0.56,1,1,1,21,0.16520757580927048,0.10020834481289441,0.5426080226898193,0.08747315406799316
500,1.4000000000000001,1.4336000000000002,0.56,1,1,1,22,0.1525417148152626,0.11052397077768934,0.5384466648101807,0.09469056129455566
500,1.4000000000000001,1.4336000000000002,0.56,1,1,1,23,0.16243261588666155,0.10201034904834233,0.5353715419769287,0.10963273048400879
500,1.4000000000000001,1.4336000000000002,0.56,1,1,1,24,0.15207778794471394,0.11661760515720193,0.7444746494293213,0.12361812591552734
500,1.6,1.6896000000000004,0.6400000000000001,1,1,1,0,0.20763307134417242,0.129638842070694,0.6055746078491211,0.09748649597167969
500,1.6,1.6896000000000004,0.6400000000000001,1,1,1,1,0.17499682422541044,0.1354709036320016,0.5951724052429199,0.08396792411804199
500,1.6,1.6896000000000004,0.6400000000000001,1,1,1,2,0.17214845999963707,0.1272404508060233,0.549720048904419,0.10934114456176758
500,1.6,1.6896000000000004,0.6400000000000001,1,1,1,3,0.17882398267823035,0.16677907732517527,0.5456550121307373,0.10961437225341797
500,1.6,1.6896000000000004,0.6400000000000001,1,1,1,4,0.2013631885315234,0.1424219819126218,0.6771214008331299,0.13932037353515625
500,1.6,1.6896000000000004,0.6400000000000001,1,1,1,5,0.1660199186406748,0.1458870981782184,0.6559350490570068,0.1141672134399414
500,1.6,1.6896000000000004,0.6400000000000001,1,1,1,6,0.18016827545397054,0.15718397429553535,0.6056969165802002,0.10444307327270508
500,1.6,1.6896000000000004,0.6400000000000001,1,1,1,7,0.21040735615705988,0.1578640108837395,0.513930082321167,0.12703537940979004
500,1.6,1.6896000000000004,0.6400000000000001,1,1,1,8,0.17245702810136163,0.11960499095624698,0.5090503692626953,0.10908365249633789
500,1.6,1.6896000000000004,0.6400000000000001,1,1,1,9,0.19828888819156107,0.13900924570905854,0.5493631362915039,0.11345696449279785
500,1.6,1.6896000000000004,0.6400000000000001,1,1,1,10,0.2061499840017373,0.13232239947099428,0.5839684009552002,0.1312708854675293
500,1.6,1.6896000000000004,0.6400000000000001,1,1,1,11,0.1956160824950349,0.14271635839487942,0.5131523609161377,0.10272836685180664
500,1.6,1.6896000000000004,0.6400000000000001,1,1,1,12,0.1643161931728461,0.13097975101276824,0.5327296257019043,0.10996508598327637
500,1.6,1.6896000000000004,0.6400000000000001,1,1,1,13,0.1692820333673168,0.1551287477978464,0.49602437019348145,0.09547042846679688
500,1.6,1.6896000000000004,0.6400000000000001,1,1,1,14,0.1824150043075085,0.12531948432635162,0.4891936779022217,0.09560632705688477
500,1.6,1.6896000000000004,0.6400000000000001,1,1,1,15,0.17926892235258118,0.15229628166336218,0.5166845321655273,0.1086587905883789
500,1.6,1.6896000000000004,0.6400000000000001,1,1,1,16,0.1713824864670667,0.1360737519259258,0.5740227699279785,0.11025047302246094
500,1.6,1.6896000000000004,0.6400000000000001,1,1,1,17,0.17182657389717296,0.13064368743255558,0.42610955238342285,0.1028141975402832
500,1.6,1.6896000000000004,0.6400000000000001,1,1,1,18,0.17246213640013033,0.13661888841551104,0.4651350975036621,0.07980871200561523
500,1.6,1.6896000000000004,0.6400000000000001,1,1,1,19,0.18259858690869646,0.11697412432131422,0.4577317237854004,0.0794837474822998
500,1.6,1.6896000000000004,0.6400000000000001,1,1,1,20,0.1820509367951235,0.12047161460127206,0.4585592746734619,0.0877387523651123
500,1.6,1.6896000000000004,0.6400000000000001,1,1,1,21,0.2065025646875466,0.1537635413666942,0.4105873107910156,0.07977747917175293
500,1.6,1.6896000000000004,0.6400000000000001,1,1,1,22,0.1843937798082718,0.16362591708830782,0.5475378036499023,0.10907959938049316
500,1.6,1.6896000000000004,0.6400000000000001,1,1,1,23,0.15387890811731275,0.14618096294952465,0.499387264251709,0.09143328666687012
500,1.6,1.6896000000000004,0.6400000000000001,1,1,1,24,0.17922934330753343,0.12437130984418573,0.42285823822021484,0.08831501007080078
500,1.8,1.9584000000000004,0.7200000000000001,1,1,1,0,0.24118842047929465,0.15141997744651017,0.4693002700805664,0.09116983413696289
500,1.8,1.9584000000000004,0.7200000000000001,1,1,1,1,0.18096632096634152,0.16579084491576954,0.4422461986541748,0.07890510559082031
500,1.8,1.9584000000000004,0.7200000000000001,1,1,1,2,0.1935376801668718,0.19652392740451,0.4302635192871094,0.10180306434631348
500,1.8,1.9584000000000004,0.7200000000000001,1,1,1,3,0.25584823379880206,0.15135319601134128,0.5743041038513184,0.11109161376953125
500,1.8,1.9584000000000004,0.7200000000000001,1,1,1,4,0.1992612736949808,0.15047814686545885,0.4884071350097656,0.08837747573852539
500,1.8,1.9584000000000004,0.7200000000000001,1,1,1,5,0.19854702098828458,0.127265875257081,0.3961513042449951,0.08150577545166016
500,1.8,1.9584000000000004,0.7200000000000001,1,1,1,6,0.2016711534985763,0.15662410650673547,0.4197425842285156,0.08286046981811523
500,1.8,1.9584000000000004,0.7200000000000001,1,1,1,7,0.21442553127073696,0.15894148672510205,0.4064445495605469,0.07895088195800781
500,1.8,1.9584000000000004,0.7200000000000001,1,1,1,8,0.21610922721927758,0.1450696237091647,0.36881208419799805,0.06947731971740723
500,1.8,1.9584000000000004,0.7200000000000001,1,1,1,9,0.1937396372846327,0.17121990678844828,0.362135648727417,0.0670323371887207
500,1.8,1.9584000000000004,0.7200000000000001,1,1,1,10,0.2011314148615154,0.14100055881989926,0.36708831787109375,0.08010530471801758
500,1.8,1.9584000000000004,0.7200000000000001,1,1,1,11,0.17688443201313797,0.16426045656604646,0.4983031749725342,0.07660508155822754
500,1.8,1.9584000000000004,0.7200000000000001,1,1,1,12,0.21519829835764748,0.13891058664133826,0.3820807933807373,0.07747125625610352
500,1.8,1.9584000000000004,0.7200000000000001,1,1,1,13,0.17526130131928053,0.13643453406682063,0.36609482765197754,0.0713956356048584
500,1.8,1.9584000000000004,0.7200000000000001,1,1,1,14,0.24295231903165024,0.13438350352754305,0.35389113426208496,0.0722658634185791
500,1.8,1.9584000000000004,0.7200000000000001,1,1,1,15,0.19824551587941125,0.16825562791159174,0.41016268730163574,0.076080322265625
500,1.8,1.9584000000000004,0.7200000000000001,1,1,1,16,0.2180720521908316,0.16541805432748657,0.36179614067077637,0.072784423828125
500,1.8,1.9584000000000004,0.7200000000000001,1,1,1,17,0.21069101160082376,0.1648286538101318,0.37982726097106934,0.08089256286621094
500,1.8,1.9584000000000004,0.7200000000000001,1,1,1,18,0.18473028594596802,0.18581704345788666,0.4274001121520996,0.07485723495483398
500,1.8,1.9584000000000004,0.7200000000000001,1,1,1,19,0.22038613177774374,0.17371566903888921,0.3845176696777344,0.0735630989074707
500,1.8,1.9584000000000004,0.7200000000000001,1,1,1,20,0.17162668390646388,0.15983091481529907,0.3424227237701416,0.07401061058044434
500,1.8,1.9584000000000004,0.7200000000000001,1,1,1,21,0.1895847432601153,0.13803333019373398,0.3579447269439697,0.06708765029907227
500,1.8,1.9584000000000004,0.7200000000000001,1,1,1,22,0.2620798115350363,0.15307683388438753,0.3868982791900635,0.07902193069458008
500,1.8,1.9584000000000004,0.7200000000000001,1,1,1,23,0.21240247636367013,0.1521582274314309,0.36800622940063477,0.07364344596862793
500,1.8,1.9584000000000004,0.7200000000000001,1,1,1,24,0.22353885341793653,0.144629127768325,0.384580135345459,0.08945226669311523
500,2.0,2.2399999999999998,0.8,1,1,1,0,0.23006086870139997,0.18620240767848711,0.5413055419921875,0.11126399040222168
500,2.0,2.2399999999999998,0.8,1,1,1,1,0.21012830902565174,0.1647269178448683,0.4777204990386963,0.10619878768920898
500,2.0,2.2399999999999998,0.8,1,1,1,2,0.23969265038424004,0.18184309815082553,0.5657854080200195,0.10653424263000488
500,2.0,2.2399999999999998,0.8,1,1,1,3,0.20661121602480223,0.18750728773851974,0.6657211780548096,0.1352081298828125
500,2.0,2.2399999999999998,0.8,1,1,1,4,0.22765608096403017,0.15943781120521802,0.6050388813018799,0.12653183937072754
500,2.0,2.2399999999999998,0.8,1,1,1,5,0.2347168617536611,0.2026383441172002,0.6396951675415039,0.12897753715515137
500,2.0,2.2399999999999998,0.8,1,1,1,6,0.24114767690901992,0.18873850967730668,0.5231561660766602,0.1109151840209961
500,2.0,2.2399999999999998,0.8,1,1,1,7,0.21092054637327917,0.14137464350152018,0.5300447940826416,0.09707188606262207
500,2.0,2.2399999999999998,0.8,1,1,1,8,0.2382295861594482,0.19435391906984653,0.5707440376281738,0.11378645896911621
500,2.0,2.2399999999999998,0.8,1,1,1,9,0.27042613441410307,0.18028192451598546,0.5027358531951904,0.12211036682128906
500,2.0,2.2399999999999998,0.8,1,1,1,10,0.23553610983478832,0.18726377725411916,0.5241081714630127,0.1101994514465332
500,2.0,2.2399999999999998,0.8,1,1,1,11,0.2366236585294559,0.20729547820712643,0.7236378192901611,0.12238121032714844
500,2.0,2.2399999999999998,0.8,1,1,1,12,0.2351071471377704,0.16135264582102768,0.5289428234100342,0.09957575798034668
500,2.0,2.2399999999999998,0.8,1,1,1,13,0.20748603827584872,0.2125068482471653,0.574509859085083,0.09144997596740723
500,2.0,2.2399999999999998,0.8,1,1,1,14,0.22967252537474234,0.1454955402623411,0.6281402111053467,0.10859537124633789
500,2.0,2.2399999999999998,0.8,1,1,1,15,0.20055242724540182,0.1910551950208734,0.563685417175293,0.10492706298828125
500,2.0,2.2399999999999998,0.8,1,1,1,16,0.23919386575634674,0.1632265760791604,0.5786159038543701,0.11159443855285645
500,2.0,2.2399999999999998,0.8,1,1,1,17,0.22055146676292584,0.15632150259885463,0.7297153472900391,0.11864185333251953
500,2.0,2.2399999999999998,0.8,1,1,1,18,0.25618458381001985,0.18167633948244444,0.5042726993560791,0.12163496017456055
500,2.0,2.2399999999999998,0.8,1,1,1,19,0.2571162679545406,0.24759564843774715,0.5155088901519775,0.10570240020751953
500,2.0,2.2399999999999998,0.8,1,1,1,20,0.21397365881599756,0.18357378898162552,0.5359289646148682,0.10958623886108398
500,2.0,2.2399999999999998,0.8,1,1,1,21,0.2505125388826025,0.16648779309307954,0.5495586395263672,0.1172647476196289
500,2.0,2.2399999999999998,0.8,1,1,1,22,0.20021030217456878,0.18005344459026212,0.607647180557251,0.1473252773284912
500,2.0,2.2399999999999998,0.8,1,1,1,23,0.2516813090904749,0.1816542705464192,0.805734395980835,0.1403045654296875
500,2.0,2.2399999999999998,0.8,1,1,1,24,0.21170762822391798,0.15363809272661344,0.5513460636138916,0.10442805290222168
500,2.2,2.5344,0.8800000000000001,1,1,1,0,0.2949468135630532,0.1862480178040589,0.5424931049346924,0.10759353637695312
500,2.2,2.5344,0.8800000000000001,1,1,1,1,0.23470292109531274,0.19310700909497452,0.5103042125701904,0.08670854568481445
500,2.2,2.5344,0.8800000000000001,1,1,1,2,0.2451966936290777,0.2149384504553046,0.6620206832885742,0.13741207122802734
500,2.2,2.5344,0.8800000000000001,1,1,1,3,0.22325065514122183,0.18054501441428586,0.5217311382293701,0.1139070987701416
500,2.2,2.5344,0.8800000000000001,1,1,1,4,0.26387060549937635,0.22122110263582528,0.5449612140655518,0.11504411697387695
500,2.2,2.5344,0.8800000000000001,1,1,1,5,0.2609351127919572,0.19608392508962796,0.5353503227233887,0.1252143383026123
500,2.2,2.5344,0.8800000000000001,1,1,1,6,0.2418763290786648,0.19924469732421907,0.5251758098602295,0.12740349769592285
500,2.2,2.5344,0.8800000000000001,1,1,1,7,0.273220587816266,0.1870799650727353,0.5660085678100586,0.1156167984008789
500,2.2,2.5344,0.8800000000000001,1,1,1,8,0.25723288635520913,0.20374157580269245,0.7208397388458252,0.1441659927368164
500,2.2,2.5344,0.8800000000000001,1,1,1,9,0.26692439005682894,0.1850854008986377,0.5586066246032715,0.09150815010070801
500,2.2,2.5344,0.8800000000000001,1,1,1,10,0.23633391853436536,0.17987857293558446,0.5538933277130127,0.11724567413330078
500,2.2,2.5344,0.8800000000000001,1,1,1,11,0.23827398722007836,0.2518727331411256,0.5529241561889648,0.11065006256103516
500,2.2,2.5344,0.8800000000000001,1,1,1,12,0.2524722572622642,0.19582659243654024,0.5636475086212158,0.09946799278259277
500,2.2,2.5344,0.8800000000000001,1,1,1,13,0.23232517229234598,0.2204435417224662,0.7073607444763184,0.1376512050628662
500,2.2,2.5344,0.8800000000000001,1,1,1,14,0.24470112810457045,0.2022626012810297,0.5723514556884766,0.10148906707763672
500,2.2,2.5344,0.8800000000000001,1,1,1,15,0.23815297400746904,0.16820072829087745,0.49784302711486816,0.11448979377746582
500,2.2,2.5344,0.8800000000000001,1,1,1,16,0.24069546669112213,0.17616512355792013,0.5072405338287354,0.11557221412658691
500,2.2,2.5344,0.8800000000000001,1,1,1,17,0.21473566986715964,0.17150256803110667,0.5320754051208496,0.10061311721801758
500,2.2,2.5344,0.8800000000000001,1,1,1,18,0.23313715325721124,0.24899286483564487,0.591022253036499,0.13533353805541992
500,2.2,2.5344,0.8800000000000001,1,1,1,19,0.2340454450283421,0.1915270850216013,0.8988957405090332,0.14500975608825684
500,2.2,2.5344,0.8800000000000001,1,1,1,20,0.25523341850650594,0.20046175971451682,0.6020941734313965,0.10325288772583008
500,2.2,2.5344,0.8800000000000001,1,1,1,21,0.2638949178079756,0.18957941263082384,0.6008799076080322,0.09019088745117188
500,2.2,2.5344,0.8800000000000001,1,1,1,22,0.24780979441184287,0.2164507022692835,0.5559911727905273,0.11350822448730469
500,2.2,2.5344,0.8800000000000001,1,1,1,23,0.23126377384938732,0.17850047627340374,0.5388729572296143,0.11827373504638672
500,2.2,2.5344,0.8800000000000001,1,1,1,24,0.22634752728281762,0.23155885217198843,0.6167030334472656,0.13403701782226562
500,2.4000000000000004,2.8416000000000006,0.9600000000000002,1,1,1,0,0.24785171068477443,0.23894686030420062,0.5659518241882324,0.10529446601867676
500,2.4000000000000004,2.8416000000000006,0.9600000000000002,1,1,1,1,0.2572392623234739,0.1992293121947069,0.542757511138916,0.12179231643676758
500,2.4000000000000004,2.8416000000000006,0.9600000000000002,1,1,1,2,0.24242919271185387,0.1843414774428179,0.5328483581542969,0.10600543022155762
500,2.4000000000000004,2.8416000000000006,0.9600000000000002,1,1,1,3,0.24191378966344443,0.2003433709242921,0.5266001224517822,0.10650348663330078
500,2.4000000000000004,2.8416000000000006,0.9600000000000002,1,1,1,4,0.2756960216804336,0.17751308479648123,0.5968360900878906,0.1338794231414795
500,2.4000000000000004,2.8416000000000006,0.9600000000000002,1,1,1,5,0.3116753930571356,0.2153819349909202,0.568558931350708,0.11874222755432129
500,2.4000000000000004,2.8416000000000006,0.9600000000000002,1,1,1,6,0.25947626626019227,0.29742641358046085,0.5723521709442139,0.09369230270385742
500,2.4000000000000004,2.8416000000000006,0.9600000000000002,1,1,1,7,0.24814099519208901,0.2212573573446174,0.5340871810913086,0.1083686351776123
500,2.4000000000000004,2.8416000000000006,0.9600000000000002,1,1,1,8,0.24539894923833788,0.24412240869518728,0.5166599750518799,0.10303974151611328
500,2.4000000000000004,2.8416000000000006,0.9600000000000002,1,1,1,9,0.3323781466613486,0.1774238744618755,0.5252132415771484,0.12366676330566406
500,2.4000000000000004,2.8416000000000006,0.9600000000000002,1,1,1,10,0.2739633795732432,0.21766846632104248,0.6973569393157959,0.12561702728271484
500,2.4000000000000004,2.8416000000000006,0.9600000000000002,1,1,1,11,0.23660206276868317,0.21130077781013087,0.7560107707977295,0.13000059127807617
500,2.4000000000000004,2.8416000000000006,0.9600000000000002,1,1,1,12,0.25866839037971906,0.24885183495507146,0.611992597579956,0.11426877975463867
500,2.4000000000000004,2.8416000000000006,0.9600000000000002,1,1,1,13,0.28078691970889214,0.20115841992524167,0.5281872749328613,0.10344958305358887
500,2.4000000000000004,2.8416000000000006,0.9600000000000002,1,1,1,14,0.2713589915178096,0.22167975261023745,0.6106276512145996,0.12552714347839355
500,2.4000000000000004,2.8416000000000006,0.9600000000000002,1,1,1,15,0.2796134233106469,0.2377765375296555,0.6576526165008545,0.14864420890808105
500,2.4000000000000004,2.8416000000000006,0.9600000000000002,1,1,1,16,0.26927285282357366,0.19665990078506915,0.6798350811004639,0.11921834945678711
500,2.4000000000000004,2.8416000000000006,0.9600000000000002,1,1,1,17,0.27122259137982585,0.1972749245057059,0.5149638652801514,0.09679985046386719
500,2.4000000000000004,2.8416000000000006,0.9600000000000002,1,1,1,18,0.26031453429778045,0.22804671250631348,0.5460374355316162,0.1094965934753418
500,2.4000000000000004,2.8416000000000006,0.9600000000000002,1,1,1,19,0.2562648518476765,0.1857958868775465,0.5567920207977295,0.11332345008850098
500,2.4000000000000004,2.8416000000000006,0.9600000000000002,1,1,1,20,0.24926248945483487,0.18981620214822764,0.4929361343383789,0.1373298168182373
500,2.4000000000000004,2.8416000000000006,0.9600000000000002,1,1,1,21,0.31189422276643153,0.21909813473774398,0.5767436027526855,0.13856959342956543
500,2.4000000000000004,2.8416000000000006,0.9600000000000002,1,1,1,22,0.31729338294193005,0.22570804245262957,0.5553514957427979,0.07846903800964355
500,2.4000000000000004,2.8416000000000006,0.9600000000000002,1,1,1,23,0.2854335270490788,0.20510515455102132,0.5583784580230713,0.0804135799407959
500,2.4000000000000004,2.8416000000000006,0.9600000000000002,1,1,1,24,0.2944373168754071,0.21677891198833546,0.4900665283203125,0.11023473739624023
500,2.6,3.1616,1.04,1,1,1,0,0.31230639817651384,0.23706383540231332,0.511671781539917,0.09897828102111816
500,2.6,3.1616,1.04,1,1,1,1,0.29774366643199107,0.23408691977016682,0.5982413291931152,0.1206355094909668
500,2.6,3.1616,1.04,1,1,1,2,0.29690734906427935,0.2330111133869782,0.6749353408813477,0.12054777145385742
500,2.6,3.1616,1.04,1,1,1,3,0.3000109123201322,0.24461341578643336,0.48906683921813965,0.10051608085632324
500,2.6,3.1616,1.04,1,1,1,4,0.3039236044124208,0.2045182755420155,0.513526439666748,0.10950613021850586
500,2.6,3.1616,1.04,1,1,1,5,0.3425399057588501,0.2357660910310484,0.5354666709899902,0.09925127029418945
500,2.6,3.1616,1.04,1,1,1,6,0.30166148518205066,0.19293329754983918,0.5337474346160889,0.10946178436279297
500,2.6,3.1616,1.04,1,1,1,7,0.28883569180851,0.2312784535699213,0.6218717098236084,0.10863184928894043
500,2.6,3.1616,1.04,1,1,1,8,0.357359655970611,0.21561760269620134,0.5705127716064453,0.08214402198791504
500,2.6,3.1616,1.04,1,1,1,9,0.3192521348403721,0.18251558391963887,0.52040696144104,0.08747529983520508
500,2.6,3.1616,1.04,1,1,1,10,0.33036111873929586,0.24031831028544412,0.5596723556518555,0.08681988716125488
500,2.6,3.1616,1.04,1,1,1,11,0.3091366754466705,0.258489996839131,0.5597715377807617,0.11552190780639648
500,2.6,3.1616,1.04,1,1,1,12,0.327728814825422,0.22527567518482292,0.46260833740234375,0.082489013671875
500,2.6,3.1616,1.04,1,1,1,13,0.2778858995860387,0.2521670729597183,0.6224632263183594,0.09522247314453125
500,2.6,3.1616,1.04,1,1,1,14,0.3197262786815918,0.2634314495260247,0.46417760848999023,0.10196971893310547
500,2.6,3.1616,1.04,1,1,1,15,0.31810570944621047,0.20715304867700832,0.49187397956848145,0.08610057830810547
500,2.6,3.1616,1.04,1,1,1,16,0.284306612315067,0.2419388545073561,0.45738911628723145,0.08314061164855957
500,2.6,3.1616,1.04,1,1,1,17,0.2535911821205848,0.22861305811155475,0.42244839668273926,0.07903194427490234
500,2.6,3.1616,1.04,1,1,1,18,0.28268251540703754,0.30669438670085175,0.45001888275146484,0.0769500732421875
500,2.6,3.1616,1.04,1,1,1,19,0.28460472900847195,0.22368316722997217,0.44194579124450684,0.0985727310180664
500,2.6,3.1616,1.04,1,1,1,20,0.3220300267465032,0.26781032729423204,0.5860769748687744,0.08677887916564941
500,2.6,3.1616,1.04,1,1,1,21,0.3197349800766137,0.20968555156136887,0.4153432846069336,0.08435630798339844
500,2.6,3.1616,1.04,1,1,1,22,0.33710789325243073,0.22173661185136692,0.4201679229736328,0.07735872268676758
500,2.6,3.1616,1.04,1,1,1,23,0.36659354740769495,0.25502950228575205,0.4527130126953125,0.09269928932189941
500,2.6,3.1616,1.04,1,1,1,24,0.28468274531648446,0.25096871520444025,0.44933104515075684,0.09047865867614746
500,2.8000000000000003,3.4944000000000006,1.12,1,1,1,0,0.3597812811304248,0.24419258363176105,0.42220139503479004,0.08070778846740723
500,2.8000000000000003,3.4944000000000006,1.12,1,1,1,1,0.36961926268420353,0.23233407793293245,0.47704458236694336,0.09757757186889648
500,2.8000000000000003,3.4944000000000006,1.12,1,1,1,2,0.33042524483846414,0.22652007110267874,0.4954948425292969,0.10060667991638184
500,2.8000000000000003,3.4944000000000006,1.12,1,1,1,3,0.3168598525075804,0.22543132718197606,0.464263916015625,0.07544684410095215
500,2.8000000000000003,3.4944000000000006,1.12,1,1,1,4,0.2994654547903455,0.33818660694332325,0.4035012722015381,0.09353446960449219
500,2.8000000000000003,3.4944000000000006,1.12,1,1,1,5,0.3014240913193125,0.19354363841983305,0.4114866256713867,0.07649040222167969
500,2.8000000000000003,3.4944000000000006,1.12,1,1,1,6,0.3251355046570031,0.3083646396692116,0.4311208724975586,0.07579207420349121
500,2.8000000000000003,3.4944000000000006,1.12,1,1,1,7,0.36246174841687784,0.21071166910906158,0.4204530715942383,0.09161829948425293
500,2.8000000000000003,3.4944000000000006,1.12,1,1,1,8,0.3124028740929183,0.25265323615865753,0.47622132301330566,0.09356403350830078
500,2.8000000000000003,3.4944000000000006,1.12,1,1,1,9,0.32268388126695297,0.28752129030072765,0.47056078910827637,0.0876309871673584
500,2.8000000000000003,3.4944000000000006,1.12,1,1,1,10,0.32130348947840304,0.22929926113426208,0.47490572929382324,0.09684181213378906
500,2.8000000000000003,3.4944000000000006,1.12,1,1,1,11,0.3430242653838793,0.2679859679557805,0.5171327590942383,0.09885716438293457
500,2.8000000000000003,3.4944000000000006,1.12,1,1,1,12,0.3119154014223302,0.24891695287387997,0.45601582527160645,0.09370827674865723
500,2.8000000000000003,3.4944000000000006,1.12,1,1,1,13,0.34420406028167905,0.2556356251297106,0.42722368240356445,0.08568024635314941
500,2.8000000000000003,3.4944000000000006,1.12,1,1,1,14,0.3380251712570206,0.25205459111909173,0.44404006004333496,0.0976400375366211
500,2.8000000000000003,3.4944000000000006,1.12,1,1,1,15,0.29005999041844244,0.22575778203518432,0.5631098747253418,0.10332155227661133
500,2.8000000000000003,3.4944000000000006,1.12,1,1,1,16,0.38101052902285976,0.28415785136422206,0.4465017318725586,0.10114145278930664
500,2.8000000000000003,3.4944000000000006,1.12,1,1,1,17,0.3082915067614241,0.23266571454828214,0.46433019638061523,0.0916297435760498
500,2.8000000000000003,3.4944000000000006,1.12,1,1,1,18,0.3849416711795297,0.2710329090040248,0.49897050857543945,0.10261011123657227
500,2.8000000000000003,3.4944000000000006,1.12,1,1,1,19,0.3485275926868118,0.2406114558544945,0.5088191032409668,0.10902929306030273
500,2.8000000000000003,3.4944000000000006,1.12,1,1,1,20,0.2756124838454179,0.23456012253707884,0.5121579170227051,0.11467146873474121
500,2.8000000000000003,3.4944000000000006,1.12,1,1,1,21,0.3661090594383606,0.25010884015228374,0.6891827583312988,0.12804222106933594
500,2.8000000000000003,3.4944000000000006,1.12,1,1,1,22,0.3506660790972187,0.21092399719511037,0.556715726852417,0.12340903282165527
500,2.8000000000000003,3.4944000000000006,1.12,1,1,1,23,0.33583334928586617,0.2486531910210402,0.5430636405944824,0.10043787956237793
500,2.8000000000000003,3.4944000000000006,1.12,1,1,1,24,0.31635810820954724,0.23073211323735243,0.5482611656188965,0.11655235290527344
500,3.0,3.8400000000000007,1.2000000000000002,1,1,1,0,0.3137403932699143,0.24263882675018472,0.5799345970153809,0.11397719383239746
500,3.0,3.8400000000000007,1.2000000000000002,1,1,1,1,0.3305502826747427,0.24022846672926645,0.5685184001922607,0.13736653327941895
500,3.0,3.8400000000000007,1.2000000000000002,1,1,1,2,0.360305821442655,0.2844362262499336,0.6736383438110352,0.12603211402893066
500,3.0,3.8400000000000007,1.2000000000000002,1,1,1,3,0.417727268943908,0.25046608730391356,0.5172953605651855,0.11363053321838379
500,3.0,3.8400000000000007,1.2000000000000002,1,1,1,4,0.3732383224915188,0.31263567172129425,0.5066773891448975,0.12143445014953613
500,3.0,3.8400000000000007,1.2000000000000002,1,1,1,5,0.39269572910724004,0.2550482948963191,0.5304059982299805,0.1213376522064209
500,3.0,3.8400000000000007,1.2000000000000002,1,1,1,6,0.33560621977482447,0.25873144972484907,0.5398247241973877,0.0985722541809082
500,3.0,3.8400000000000007,1.2000000000000002,1,1,1,7,0.3353957332454498,0.28485395116714624,0.8226203918457031,0.15024185180664062
500,3.0,3.8400000000000007,1.2000000000000002,1,1,1,8,0.323861378981085,0.2233395600538913,0.5433988571166992,0.09369635581970215
500,3.0,3.8400000000000007,1.2000000000000002,1,1,1,9,0.3148659549818602,0.23217625088044933,0.5717835426330566,0.10659384727478027
500,3.0,3.8400000000000007,1.2000000000000002,1,1,1,10,0.3710984426895086,0.2904330824579838,0.5789203643798828,0.11042428016662598
500,3.0,3.8400000000000007,1.2000000000000002,1,1,1,11,0.3478665726842409,0.26582796172206097,0.585864782333374,0.08626198768615723
500,3.0,3.8400000000000007,1.2000000000000002,1,1,1,12,0.31889206492906297,0.21263879915093273,0.7277491092681885,0.13666939735412598
500,3.0,3.8400000000000007,1.2000000000000002,1,1,1,13,0.3613383607940312,0.2659677252616465,0.5689630508422852,0.09964323043823242
500,3.0,3.8400000000000007,1.2000000000000002,1,1,1,14,0.3316724389671706,0.2664452553114855,0.520622730255127,0.09643673896789551
500,3.0,3.8400000000000007,1.2000000000000002,1,1,1,15,0.3489990898694283,0.29183445969456834,0.5743100643157959,0.10167813301086426
500,3.0,3.8400000000000007,1.2000000000000002,1,1,1,16,0.3223852607360097,0.2860583520198816,0.5091526508331299,0.10410833358764648
500,3.0,3.8400000000000007,1.2000000000000002,1,1,1,17,0.3780625993567003,0.3587290169025181,0.5865848064422607,0.12613439559936523
500,3.0,3.8400000000000007,1.2000000000000002,1,1,1,18,0.2983347235801085,0.26250378219737497,0.6441586017608643,0.1280655860900879
500,3.0,3.8400000000000007,1.2000000000000002,1,1,1,19,0.3532385155304224,0.2531626998049177,0.5322179794311523,0.09750080108642578
500,3.0,3.8400000000000007,1.2000000000000002,1,1,1,20,0.3475966459532192,0.23699417611551818,0.5478308200836182,0.10845398902893066
500,3.0,3.8400000000000007,1.2000000000000002,1,1,1,21,0.3079529428686929,0.2189608610963309,0.5551028251647949,0.10019326210021973
500,3.0,3.8400000000000007,1.2000000000000002,1,1,1,22,0.35438430392655473,0.25643208628893027,0.5613441467285156,0.11047148704528809
500,3.0,3.8400000000000007,1.2000000000000002,1,1,1,23,0.34716804950392693,0.3165708252343516,0.6851563453674316,0.1239323616027832
500,3.0,3.8400000000000007,1.2000000000000002,1,1,1,24,0.32256653391646,0.22937603152220354,0.5918688774108887,0.08437299728393555
500,3.2,4.198400000000001,1.2800000000000002,1,1,1,0,0.3703113371575956,0.25932842825537566,0.540902853012085,0.09561395645141602
500,3.2,4.198400000000001,1.2800000000000002,1,1,1,1,0.35925746700661887,0.30745925684932707,0.5237696170806885,0.11245465278625488
500,3.2,4.198400000000001,1.2800000000000002,1,1,1,2,0.36143594452256605,0.25728360506098724,0.5675783157348633,0.09296035766601562
500,3.2,4.198400000000001,1.2800000000000002,1,1,1,3,0.3898122493456788,0.23757182140385602,0.7111308574676514,0.13914728164672852
500,3.2,4.198400000000001,1.2800000000000002,1,1,1,4,0.36858855184668227,0.27628011342884545,0.6443769931793213,0.15591859817504883
500,3.2,4.198400000000001,1.2800000000000002,1,1,1,5,0.33428942629029224,0.36152995647119107,0.5293664932250977,0.10334396362304688
500,3.2,4.198400000000001,1.2800000000000002,1,1,1,6,0.35283107855551266,0.24422268023723176,0.5423300266265869,0.1266469955444336
500,3.2,4.198400000000001,1.2800000000000002,1,1,1,7,0.411834422658507,0.2500985102925948,0.5470070838928223,0.09517669677734375
500,3.2,4.198400000000001,1.2800000000000002,1,1,1,8,0.34189167704404844,0.28676648762501294,0.5476939678192139,0.11249375343322754
500,3.2,4.198400000000001,1.2800000000000002,1,1,1,9,0.39923389832410533,0.28520228219890154,0.6002113819122314,0.12820959091186523
500,3.2,4.198400000000001,1.2800000000000002,1,1,1,10,0.37332108367508327,0.2789764950152447,0.7061851024627686,0.08150386810302734
500,3.2,4.198400000000001,1.2800000000000002,1,1,1,11,0.35289673377962794,0.32225764165142173,0.5753471851348877,0.09556698799133301
500,3.2,4.198400000000001,1.2800000000000002,1,1,1,12,0.43532135442629855,0.3069275315522719,0.6181702613830566,0.09615921974182129
500,3.2,4.198400000000001,1.2800000000000002,1,1,1,13,0.39135229641099784,0.26420375576314425,0.5655231475830078,0.09205102920532227
500,3.2,4.198400000000001,1.2800000000000002,1,1,1,14,0.39815529250463894,0.2925989315328421,0.666348934173584,0.12024116516113281
500,3.2,4.198400000000001,1.2800000000000002,1,1,1,15,0.36965499155467224,0.27385031990097053,0.6329391002655029,0.08410167694091797
500,3.2,4.198400000000001,1.2800000000000002,1,1,1,16,0.3726411750855385,0.2397433081321258,0.5474147796630859,0.09518170356750488
500,3.2,4.198400000000001,1.2800000000000002,1,1,1,17,0.34222050601092857,0.28456368724238396,0.5587570667266846,0.0978858470916748
500,3.2,4.198400000000001,1.2800000000000002,1,1,1,18,0.3375787504602924,0.24120244258384,0.540184736251831,0.10184836387634277
500,3.2,4.198400000000001,1.2800000000000002,1,1,1,19,0.37676745377215753,0.23925808910970645,0.6053545475006104,0.08987951278686523
500,3.2,4.198400000000001,1.2800000000000002,1,1,1,20,0.3590422568601418,0.27573262501353024,0.5994470119476318,0.14414525032043457
500,3.2,4.198400000000001,1.2800000000000002,1,1,1,21,0.3709243281987313,0.2763044558298241,0.7019822597503662,0.12250089645385742
500,3.2,4.198400000000001,1.2800000000000002,1,1,1,22,0.34867642170650465,0.2619110322219191,0.5808284282684326,0.11762857437133789
500,3.2,4.198400000000001,1.2800000000000002,1,1,1,23,0.35498928873330515,0.2736514113767514,0.6529967784881592,0.13057231903076172
500,3.2,4.198400000000001,1.2800000000000002,1,1,1,24,0.40350556718457675,0.4231421399704565,0.6868553161621094,0.11128044128417969
500,3.4000000000000004,4.569600000000001,1.3600000000000003,1,1,1,0,0.39228796018179946,0.3210920498385429,0.6634950637817383,0.12366986274719238
500,3.4000000000000004,4.569600000000001,1.3600000000000003,1,1,1,1,0.40916647516390137,0.29336644612568974,0.6410627365112305,0.1176600456237793
500,3.4000000000000004,4.569600000000001,1.3600000000000003,1,1,1,2,0.38308470012243717,0.30000933038734107,0.532839298248291,0.11261105537414551
500,3.4000000000000004,4.569600000000001,1.3600000000000003,1,1,1,3,0.4352508019494782,0.33211050225144845,0.5216617584228516,0.12375664710998535
500,3.4000000000000004,4.569600000000001,1.3600000000000003,1,1,1,4,0.39813822581969394,0.2686095573331097,0.5470154285430908,0.09337067604064941
500,3.4000000000000004,4.569600000000001,1.3600000000000003,1,1,1,5,0.35746929146879663,0.34838786146239104,0.4900336265563965,0.1086874008178711
500,3.4000000000000004,4.569600000000001,1.3600000000000003,1,1,1,6,0.37877652171661536,0.34438167000829867,0.583613395690918,0.1288008689880371
500,3.4000000000000004,4.569600000000001,1.3600000000000003,1,1,1,7,0.3789996122138965,0.2675425572756996,0.5303122997283936,0.08705902099609375
500,3.4000000000000004,4.569600000000001,1.3600000000000003,1,1,1,8,0.5554224360965723,0.28722321569547926,0.6095395088195801,0.09965777397155762
500,3.4000000000000004,4.569600000000001,1.3600000000000003,1,1,1,9,0.3906194614433944,0.3182094317953689,0.5168945789337158,0.09081101417541504
500,3.4000000000000004,4.569600000000001,1.3600000000000003,1,1,1,10,0.39682943095977957,0.29120854779109073,0.5051305294036865,0.0914161205291748
500,3.4000000000000004,4.569600000000001,1.3600000000000003,1,1,1,11,0.46299622349746006,0.34523274793979936,0.48156285285949707,0.0905599594116211
500,3.4000000000000004,4.569600000000001,1.3600000000000003,1,1,1,12,0.38611646754091516,0.25152349012868064,0.5971455574035645,0.10735940933227539
500,3.4000000000000004,4.569600000000001,1.3600000000000003,1,1,1,13,0.35899763118170636,0.2940293072703549,0.45824241638183594,0.08999943733215332
500,3.4000000000000004,4.569600000000001,1.3600000000000003,1,1,1,14,0.3781610587651513,0.33479486723872615,0.4824790954589844,0.09311103820800781
500,3.4000000000000004,4.569600000000001,1.3600000000000003,1,1,1,15,0.3743619683866583,0.30673876648082127,0.4382956027984619,0.09042096138000488
500,3.4000000000000004,4.569600000000001,1.3600000000000003,1,1,1,16,0.5214527580165537,0.26624216314705235,0.42406463623046875,0.07759618759155273
500,3.4000000000000004,4.569600000000001,1.3600000000000003,1,1,1,17,0.36959759664262554,0.3229980825291051,0.4414527416229248,0.08874821662902832
500,3.4000000000000004,4.569600000000001,1.3600000000000003,1,1,1,18,0.36910797057886285,0.26073634259691136,0.5168321132659912,0.0921018123626709
500,3.4000000000000004,4.569600000000001,1.3600000000000003,1,1,1,19,0.37721214482996623,0.3422187207422954,0.5408079624176025,0.08804869651794434
500,3.4000000000000004,4.569600000000001,1.3600000000000003,1,1,1,20,0.3678231519488801,0.36442324681913363,0.44407200813293457,0.09664011001586914
500,3.4000000000000004,4.569600000000001,1.3600000000000003,1,1,1,21,0.40489235437422955,0.33698277018427125,0.5558128356933594,0.08866095542907715
500,3.4000000000000004,4.569600000000001,1.3600000000000003,1,1,1,22,0.38584464283389247,0.3404555814249734,0.42562437057495117,0.08641862869262695
500,3.4000000000000004,4.569600000000001,1.3600000000000003,1,1,1,23,0.5041677519270628,0.3408777437940052,0.43411731719970703,0.08593273162841797
500,3.4000000000000004,4.569600000000001,1.3600000000000003,1,1,1,24,0.3925019247303603,0.25799127938851446,0.44740962982177734,0.09041309356689453
500,3.6,4.953600000000002,1.4400000000000002,1,1,1,0,0.4353758529229066,0.3242450871527181,0.5357797145843506,0.09196162223815918
500,3.6,4.953600000000002,1.4400000000000002,1,1,1,1,0.3964158546590946,0.2899241177770038,0.41086816787719727,0.07960200309753418
500,3.6,4.953600000000002,1.4400000000000002,1,1,1,2,0.41937713381168645,0.43655219004498796,0.4593527317047119,0.0879526138305664
500,3.6,4.953600000000002,1.4400000000000002,1,1,1,3,0.3949127469419347,0.2759330900752829,0.4306166172027588,0.08761978149414062
500,3.6,4.953600000000002,1.4400000000000002,1,1,1,4,0.4360337200729564,0.3633654439279125,0.4065558910369873,0.08156204223632812
500,3.6,4.953600000000002,1.4400000000000002,1,1,1,5,0.4647807915674342,0.2960547062742599,0.4492301940917969,0.08841276168823242
500,3.6,4.953600000000002,1.4400000000000002,1,1,1,6,0.4058257147410746,0.29241969886419594,0.4701972007751465,0.09650850296020508
500,3.6,4.953600000000002,1.4400000000000002,1,1,1,7,0.3794469844282694,0.42351837486373345,0.5418200492858887,0.09105205535888672
500,3.6,4.953600000000002,1.4400000000000002,1,1,1,8,0.507662311379617,0.34790946874290984,0.40717101097106934,0.07181024551391602
500,3.6,4.953600000000002,1.4400000000000002,1,1,1,9,0.4676480567136775,0.36324521179991737,0.38103675842285156,0.07542657852172852
500,3.6,4.953600000000002,1.4400000000000002,1,1,1,10,0.4418148151084452,0.26812084567362343,0.39379000663757324,0.07849478721618652
500,3.6,4.953600000000002,1.4400000000000002,1,1,1,11,0.43676643221577777,0.28836572929162135,0.36673831939697266,0.06541776657104492
500,3.6,4.953600000000002,1.4400000000000002,1,1,1,12,0.3754705262146978,0.37016237350124864,0.4039652347564697,0.07151389122009277
500,3.6,4.953600000000002,1.4400000000000002,1,1,1,13,0.47222828698036307,0.2973241133695228,0.4202721118927002,0.08114862442016602
500,3.6,4.953600000000002,1.4400000000000002,1,1,1,14,0.42051914495577924,0.3374674675260324,0.4856913089752197,0.0881035327911377
500,3.6,4.953600000000002,1.4400000000000002,1,1,1,15,0.44555178136898144,0.3866993251901433,0.388242244720459,0.08506536483764648
500,3.6,4.953600000000002,1.4400000000000002,1,1,1,16,0.440602664495323,0.32283426375081115,0.39809560775756836,0.08383607864379883
500,3.6,4.953600000000002,1.4400000000000002,1,1,1,17,0.43551680713641544,0.2732246724343232,0.44928717613220215,0.08139419555664062
500,3.6,4.953600000000002,1.4400000000000002,1,1,1,18,0.41237003396540284,0.31131887305574174,0.48345375061035156,0.08198118209838867
500,3.6,4.953600000000002,1.4400000000000002,1,1,1,19,0.39465744935070846,0.3142419216944771,0.42934417724609375,0.1101231575012207
500,3.6,4.953600000000002,1.4400000000000002,1,1,1,20,0.4117921949875917,0.27486592694929,0.5879168510437012,0.11858272552490234
500,3.6,4.953600000000002,1.4400000000000002,1,1,1,21,0.45476719353634537,0.3540232078051628,0.5468690395355225,0.0855417251586914
500,3.6,4.953600000000002,1.4400000000000002,1,1,1,22,0.42947435364712827,0.3011901970214319,0.47469186782836914,0.1173257827758789
500,3.6,4.953600000000002,1.4400000000000002,1,1,1,23,0.43290491556440425,0.2938857212468882,0.4921398162841797,0.09522843360900879
500,3.6,4.953600000000002,1.4400000000000002,1,1,1,24,0.43786698727684426,0.3808054655963823,0.5599088668823242,0.09207558631896973
500,3.8000000000000003,5.350400000000001,1.5200000000000002,1,1,1,0,0.39196776649305554,0.3102828659950307,0.5716824531555176,0.10518336296081543
500,3.8000000000000003,5.350400000000001,1.5200000000000002,1,1,1,1,0.41739407077969787,0.3371182910867484,0.6303532123565674,0.1208348274230957
500,3.8000000000000003,5.350400000000001,1.5200000000000002,1,1,1,2,0.4330561843498154,0.4508210403093335,0.6835319995880127,0.12502813339233398
500,3.8000000000000003,5.350400000000001,1.5200000000000002,1,1,1,3,0.41922788274362394,0.3674283938147144,0.557267427444458,0.11685299873352051
500,3.8000000000000003,5.350400000000001,1.5200000000000002,1,1,1,4,0.4102198608802452,0.2921577165666987,0.5517573356628418,0.10650277137756348
500,3.8000000000000003,5.350400000000001,1.5200000000000002,1,1,1,5,0.44784170976994886,0.3129379852420425,0.5059859752655029,0.13336491584777832
500,3.8000000000000003,5.350400000000001,1.5200000000000002,1,1,1,6,0.4141018501253261,0.31856217099463885,0.5933518409729004,0.1262803077697754
500,3.8000000000000003,5.350400000000001,1.5200000000000002,1,1,1,7,0.43275324740517007,0.3279756958286328,0.6599223613739014,0.12989187240600586
500,3.8000000000000003,5.350400000000001,1.5200000000000002,1,1,1,8,0.42582050483408757,0.3255071832455417,0.5698888301849365,0.12105584144592285
500,3.8000000000000003,5.350400000000001,1.5200000000000002,1,1,1,9,0.5306537894106373,0.3247059830811883,0.51749587059021,0.10904192924499512
500,3.8000000000000003,5.350400000000001,1.5200000000000002,1,1,1,10,0.4302689578730203,0.3844766319028343,0.5316977500915527,0.10197877883911133
500,3.8000000000000003,5.350400000000001,1.5200000000000002,1,1,1,11,0.41074089303304023,0.3808696561475836,0.5301859378814697,0.10345220565795898
500,3.8000000000000003,5.350400000000001,1.5200000000000002,1,1,1,12,0.4290790076117445,0.3157783447349841,0.6354124546051025,0.11841416358947754
500,3.8000000000000003,5.350400000000001,1.5200000000000002,1,1,1,13,0.41753725241115375,0.32492253385187797,0.6280233860015869,0.08357954025268555
500,3.8000000000000003,5.350400000000001,1.5200000000000002,1,1,1,14,0.4029129158412316,0.3181273899460978,0.5577373504638672,0.12334799766540527
500,3.8000000000000003,5.350400000000001,1.5200000000000002,1,1,1,15,0.39491570041866003,0.3444980958369616,0.5430033206939697,0.1020197868347168
500,3.8000000000000003,5.350400000000001,1.5200000000000002,1,1,1,16,0.3989337786348081,0.31650117725158444,0.5860147476196289,0.11971402168273926
500,3.8000000000000003,5.350400000000001,1.5200000000000002,1,1,1,17,0.40293972223778063,0.35604762249292493,0.6770257949829102,0.14617538452148438
500,3.8000000000000003,5.350400000000001,1.5200000000000002,1,1,1,18,0.4271624710659488,0.34201559528894954,0.5608594417572021,0.1212458610534668
500,3.8000000000000003,5.350400000000001,1.5200000000000002,1,1,1,19,0.39911360253732153,0.33362555212286943,0.5247621536254883,0.10727906227111816
500,3.8000000000000003,5.350400000000001,1.5200000000000002,1,1,1,20,0.4692740372425318,0.2841647666141732,0.5249969959259033,0.11693382263183594
500,3.8000000000000003,5.350400000000001,1.5200000000000002,1,1,1,21,0.5360844587208011,0.30412081500239857,0.509986400604248,0.11711430549621582
500,3.8000000000000003,5.350400000000001,1.5200000000000002,1,1,1,22,0.4314879572782438,0.3251893089137579,0.5006852149963379,0.10693001747131348
500,3.8000000000000003,5.350400000000001,1.5200000000000002,1,1,1,23,0.4572680215679446,0.33491045661427815,0.7262585163116455,0.1168980598449707
500,3.8000000000000003,5.350400000000001,1.5200000000000002,1,1,1,24,0.41051844130601634,0.3085310534416386,0.5592052936553955,0.09813404083251953
500,4.0,5.760000000000001,1.6,1,1,1,0,0.4473976368564694,0.3745272306262108,0.7521214485168457,0.11867403984069824
500,4.0,5.760000000000001,1.6,1,1,1,1,0.46494117330472917,0.320664055571313,0.5371267795562744,0.11049365997314453
500,4.0,5.760000000000001,1.6,1,1,1,2,0.49569389000791114,0.4091436320731369,0.6211793422698975,0.08255410194396973
500,4.0,5.760000000000001,1.6,1,1,1,3,0.4903862724278017,0.37107701865167647,0.716294527053833,0.13360953330993652
500,4.0,5.760000000000001,1.6,1,1,1,4,0.4912637100686905,0.30281100817743606,0.5824620723724365,0.1011042594909668
500,4.0,5.760000000000001,1.6,1,1,1,5,0.45370064162301715,0.31345587682583204,0.5830738544464111,0.11394715309143066
500,4.0,5.760000000000001,1.6,1,1,1,6,0.4422284289257603,0.2757337721871112,0.5161545276641846,0.1116335391998291
500,4.0,5.760000000000001,1.6,1,1,1,7,0.4759090229676762,0.44089976418637467,0.566765308380127,0.10900759696960449
500,4.0,5.760000000000001,1.6,1,1,1,8,0.4912860703515573,0.3831258184227275,0.514754056930542,0.10755157470703125
500,4.0,5.760000000000001,1.6,1,1,1,9,0.44317105223639,0.379555441810793,0.6270928382873535,0.14063382148742676
500,4.0,5.760000000000001,1.6,1,1,1,10,0.45253875216274403,0.37100677973833457,0.5365266799926758,0.10790705680847168
500,4.0,5.760000000000001,1.6,1,1,1,11,0.4918664006839901,0.3530310902686407,0.5996427536010742,0.12329292297363281
500,4.0,5.760000000000001,1.6,1,1,1,12,0.4491451961314563,0.3418336034957935,0.6384379863739014,0.12272191047668457
500,4.0,5.760000000000001,1.6,1,1,1,13,0.4523911769232602,0.3638154904021057,0.5740070343017578,0.13605499267578125
500,4.0,5.760000000000001,1.6,1,1,1,14,0.5380333911635049,0.28903920005985667,0.6783175468444824,0.13329529762268066
500,4.0,5.760000000000001,1.6,1,1,1,15,0.4675811699928213,0.36306618638413046,0.5253849029541016,0.12638497352600098
500,4.0,5.760000000000001,1.6,1,1,1,16,0.43493632293806167,0.3453611240716126,0.5208969116210938,0.10346674919128418
500,4.0,5.760000000000001,1.6,1,1,1,17,0.44472497059549115,0.3106885060559158,0.6248626708984375,0.10370635986328125
500,4.0,5.760000000000001,1.6,1,1,1,18,0.4820539553060055,0.3448298841448956,0.6188225746154785,0.10743212699890137
500,4.0,5.760000000000001,1.6,1,1,1,19,0.4535170430862875,0.33972526864802277,0.599973201751709,0.11364293098449707
500,4.0,5.760000000000001,1.6,1,1,1,20,0.48291894805699126,0.4388497344049415,0.6787447929382324,0.1186673641204834
500,4.0,5.760000000000001,1.6,1,1,1,21,0.43494092341685564,0.3927032091260698,0.5430722236633301,0.10152912139892578
500,4.0,5.760000000000001,1.6,1,1,1,22,0.5700751123433293,0.32639119276864603,0.5281751155853271,0.10956239700317383
500,4.0,5.760000000000001,1.6,1,1,1,23,0.4010103550402356,0.3721830458154985,0.5394909381866455,0.10955977439880371
500,4.0,5.760000000000001,1.6,1,1,1,24,0.4458240257612837,0.35604638449054804,0.5573506355285645,0.11160087585449219
500,4.2,6.182400000000001,1.6800000000000002,1,1,1,0,0.4325326508949168,0.3527252827134172,0.5990688800811768,0.12700176239013672
500,4.2,6.182400000000001,1.6800000000000002,1,1,1,1,0.5201370320828798,0.3647874598223345,0.7232673168182373,0.12158942222595215
500,4.2,6.182400000000001,1.6800000000000002,1,1,1,2,0.48773269626581506,0.3821429132191276,0.5421087741851807,0.1370701789855957
500,4.2,6.182400000000001,1.6800000000000002,1,1,1,3,0.4690332001760011,0.34678159509191453,0.5268087387084961,0.11333584785461426
500,4.2,6.182400000000001,1.6800000000000002,1,1,1,4,0.4545622039357083,0.3708076149155794,0.5131373405456543,0.09538912773132324
500,4.2,6.182400000000001,1.6800000000000002,1,1,1,5,0.5059916141048862,0.34197755134336677,0.5994267463684082,0.12161111831665039
500,4.2,6.182400000000001,1.6800000000000002,1,1,1,6,0.46269966459135026,0.348393764546363,0.6155776977539062,0.12161374092102051
500,4.2,6.182400000000001,1.6800000000000002,1,1,1,7,0.5142564371578126,0.3459710428623134,0.6298971176147461,0.1203305721282959
500,4.2,6.182400000000001,1.6800000000000002,1,1,1,8,0.44883428378545304,0.31487644843746515,0.6014010906219482,0.12518954277038574
500,4.2,6.182400000000001,1.6800000000000002,1,1,1,9,0.49141559603155777,0.397569010449602,0.5181641578674316,0.09300065040588379
500,4.2,6.182400000000001,1.6800000000000002,1,1,1,10,0.44713022793078383,0.29654878216570213,0.5950577259063721,0.10248994827270508
500,4.2,6.182400000000001,1.6800000000000002,1,1,1,11,0.4687775907497192,0.41166704961083245,0.6437509059906006,0.13880419731140137
500,4.2,6.182400000000001,1.6800000000000002,1,1,1,12,0.5330477778510854,0.4097899105133863,0.621718168258667,0.1156911849975586
500,4.2,6.182400000000001,1.6800000000000002,1,1,1,13,0.5259055215953805,0.39796770331899933,0.5682616233825684,0.09121227264404297
500,4.2,6.182400000000001,1.6800000000000002,1,1,1,14,0.4875315588166899,0.3826351710650298,0.5861167907714844,0.1035621166229248
500,4.2,6.182400000000001,1.6800000000000002,1,1,1,15,0.5300588983167628,0.36613500743339344,0.5775167942047119,0.10839056968688965
500,4.2,6.182400000000001,1.6800000000000002,1,1,1,16,0.5518774666155024,0.4607452954937962,0.6964974403381348,0.11450672149658203
500,4.2,6.182400000000001,1.6800000000000002,1,1,1,17,0.5219942303381919,0.3368548837386233,0.6310875415802002,0.0912330150604248
500,4.2,6.182400000000001,1.6800000000000002,1,1,1,18,0.49133068318927037,0.31676985623131587,0.5177042484283447,0.12809252738952637
500,4.2,6.182400000000001,1.6800000000000002,1,1,1,19,0.47661552823125775,0.37344386485478726,0.5543358325958252,0.0972297191619873
500,4.2,6.182400000000001,1.6800000000000002,1,1,1,20,0.4486248395263151,0.36032575557637114,0.5523054599761963,0.10347867012023926
500,4.2,6.182400000000001,1.6800000000000002,1,1,1,21,0.5110410798678107,0.3638600533834596,0.5045773983001709,0.10949301719665527
500,4.2,6.182400000000001,1.6800000000000002,1,1,1,22,0.4670316855692964,0.40049187453641955,0.5136325359344482,0.12590432167053223
500,4.2,6.182400000000001,1.6800000000000002,1,1,1,23,0.47184471870933403,0.4441304102386329,0.5911843776702881,0.10962080955505371
500,4.2,6.182400000000001,1.6800000000000002,1,1,1,24,0.46167093941620935,0.35860099857933436,0.47337865829467773,0.0890355110168457
500,4.4,6.617600000000001,1.7600000000000002,1,1,1,0,0.5394846275482247,0.4595196221484926,0.44065284729003906,0.09294247627258301
500,4.4,6.617600000000001,1.7600000000000002,1,1,1,1,0.5039195431726747,0.37645065087529583,0.41689157485961914,0.08397555351257324
500,4.4,6.617600000000001,1.7600000000000002,1,1,1,2,0.4920019588755617,0.6154652052854799,0.4306011199951172,0.07991242408752441
500,4.4,6.617600000000001,1.7600000000000002,1,1,1,3,0.5075167965387026,0.3990238266417484,0.5131254196166992,0.11085915565490723
500,4.4,6.617600000000001,1.7600000000000002,1,1,1,4,0.5799714386043795,0.3383731829005285,0.5152549743652344,0.10636472702026367
500,4.4,6.617600000000001,1.7600000000000002,1,1,1,5,0.525874611170923,0.3341395346626336,0.42101454734802246,0.08608150482177734
500,4.4,6.617600000000001,1.7600000000000002,1,1,1,6,0.4828472348755809,0.41358214150756134,0.4021327495574951,0.08102893829345703
500,4.4,6.617600000000001,1.7600000000000002,1,1,1,7,0.6150176062801452,0.33654298070075533,0.39431333541870117,0.08852672576904297
500,4.4,6.617600000000001,1.7600000000000002,1,1,1,8,0.47217974190942347,0.40935235750442933,0.3960287570953369,0.07356548309326172
500,4.4,6.617600000000001,1.7600000000000002,1,1,1,9,0.5466913724532477,0.41669062512105115,0.4201481342315674,0.07252192497253418
500,4.4,6.617600000000001,1.7600000000000002,1,1,1,10,0.5919074705341936,0.367171762226427,0.4273662567138672,0.10107827186584473
500,4.4,6.617600000000001,1.7600000000000002,1,1,1,11,0.5069282898609506,0.3765635261134521,0.45781922340393066,0.11424827575683594
500,4.4,6.617600000000001,1.7600000000000002,1,1,1,12,0.5600481599332222,0.43798508636158734,0.37900376319885254,0.07151222229003906
500,4.4,6.617600000000001,1.7600000000000002,1,1,1,13,0.49414394049802296,0.47087957343557335,0.38428592681884766,0.07451343536376953
500,4.4,6.617600000000001,1.7600000000000002,1,1,1,14,0.5263904378844145,0.39834631465732895,0.34171628952026367,0.06608033180236816
500,4.4,6.617600000000001,1.7600000000000002,1,1,1,15,0.5409611299898598,0.4853063522759454,0.36287569999694824,0.07493233680725098
500,4.4,6.617600000000001,1.7600000000000002,1,1,1,16,0.5883138917404487,0.40800242539999115,0.3425896167755127,0.07064318656921387
500,4.4,6.617600000000001,1.7600000000000002,1,1,1,17,0.615689133144703,0.3543916715279357,0.38491249084472656,0.07685732841491699
500,4.4,6.617600000000001,1.7600000000000002,1,1,1,18,0.6474639909472066,0.3288666257198858,0.42804765701293945,0.07802629470825195
500,4.4,6.617600000000001,1.7600000000000002,1,1,1,19,0.5854540776940858,0.411957758893224,0.3440883159637451,0.072967529296875
500,4.4,6.617600000000001,1.7600000000000002,1,1,1,20,0.6487353586793949,0.3273171645417954,0.3589613437652588,0.06659317016601562
500,4.4,6.617600000000001,1.7600000000000002,1,1,1,21,0.5093994316077091,0.4359152565491295,0.3786468505859375,0.07692551612854004
500,4.4,6.617600000000001,1.7600000000000002,1,1,1,22,0.5388932314695262,0.3203151704549284,0.3490471839904785,0.0682060718536377
500,4.4,6.617600000000001,1.7600000000000002,1,1,1,23,0.5370337908044205,0.33175249295018755,0.3584108352661133,0.06691336631774902
500,4.4,6.617600000000001,1.7600000000000002,1,1,1,24,0.6135698787282549,0.42669709247376897,0.48249268531799316,0.08357906341552734
500,4.6000000000000005,7.065600000000002,1.8400000000000003,1,1,1,0,0.578988081025415,0.38583222002025347,0.5518815517425537,0.09992718696594238
500,4.6000000000000005,7.065600000000002,1.8400000000000003,1,1,1,1,0.5735497428182988,0.5119803159390318,0.5125327110290527,0.09879708290100098
500,4.6000000000000005,7.065600000000002,1.8400000000000003,1,1,1,2,0.5981338582432426,0.36468751035335467,0.5094735622406006,0.09795141220092773
500,4.6000000000000005,7.065600000000002,1.8400000000000003,1,1,1,3,0.5635107064372549,0.5192398866912612,0.5369997024536133,0.0998988151550293
500,4.6000000000000005,7.065600000000002,1.8400000000000003,1,1,1,4,0.4852391122229822,0.389085945603837,0.6479504108428955,0.12011075019836426
500,4.6000000000000005,7.065600000000002,1.8400000000000003,1,1,1,5,0.5513604429647158,0.45078604541916045,0.7784755229949951,0.13517189025878906
500,4.6000000000000005,7.065600000000002,1.8400000000000003,1,1,1,6,0.5534252665728159,0.3713157584190123,0.6437313556671143,0.1192173957824707
500,4.6000000000000005,7.065600000000002,1.8400000000000003,1,1,1,7,0.6360465512558086,0.4895028047954356,0.5331428050994873,0.12150955200195312
500,4.6000000000000005,7.065600000000002,1.8400000000000003,1,1,1,8,0.5121881629461388,0.3906891523929214,0.5071613788604736,0.10724663734436035
500,4.6000000000000005,7.065600000000002,1.8400000000000003,1,1,1,9,0.4875211059292486,0.37501952932716054,0.5624539852142334,0.15116620063781738
500,4.6000000000000005,7.065600000000002,1.8400000000000003,1,1,1,10,0.5820163084874859,0.33887937713592325,0.5548739433288574,0.11524367332458496
500,4.6000000000000005,7.065600000000002,1.8400000000000003,1,1,1,11,0.6480016391814555,0.4131791323247989,0.7326052188873291,0.11376333236694336
500,4.6000000000000005,7.065600000000002,1.8400000000000003,1,1,1,12,0.5480535760650748,0.4250693428376064,0.5044984817504883,0.11992621421813965
500,4.6000000000000005,7.065600000000002,1.8400000000000003,1,1,1,13,0.6540490386819207,0.43183134195520595,0.534733772277832,0.1005098819732666
500,4.6000000000000005,7.065600000000002,1.8400000000000003,1,1,1,14,0.5843541285773628,0.40515510385177483,0.5779612064361572,0.09368300437927246
500,4.6000000000000005,7.065600000000002,1.8400000000000003,1,1,1,15,0.5679271102514536,0.4610783950337851,0.5238754749298096,0.1174466609954834
500,4.6000000000000005,7.065600000000002,1.8400000000000003,1,1,1,16,0.6424889507764188,0.40470317065878875,0.5945725440979004,0.11798834800720215
500,4.6000000000000005,7.065600000000002,1.8400000000000003,1,1,1,17,0.5260115696781091,0.4086259016090007,0.6917757987976074,0.1326754093170166
500,4.6000000000000005,7.065600000000002,1.8400000000000003,1,1,1,18,0.5940297826765174,0.43613285977569505,0.5380659103393555,0.09490227699279785
500,4.6000000000000005,7.065600000000002,1.8400000000000003,1,1,1,19,0.49824739960306574,0.4019277720652923,0.5555050373077393,0.09650802612304688
500,4.6000000000000005,7.065600000000002,1.8400000000000003,1,1,1,20,0.5248903283425601,0.38084426701065566,0.6018490791320801,0.08878326416015625
500,4.6000000000000005,7.065600000000002,1.8400000000000003,1,1,1,21,0.548928473515078,0.39645403295813,0.5392518043518066,0.13512873649597168
500,4.6000000000000005,7.065600000000002,1.8400000000000003,1,1,1,22,0.7013997730439245,0.4664755974465841,0.6043703556060791,0.12419629096984863
500,4.6000000000000005,7.065600000000002,1.8400000000000003,1,1,1,23,0.499950914199759,0.3511280064905298,0.5109729766845703,0.12258410453796387
500,4.6000000000000005,7.065600000000002,1.8400000000000003,1,1,1,24,0.6004774086619799,0.47981275452968264,0.5559959411621094,0.1285107135772705
500,4.800000000000001,7.526400000000002,1.9200000000000004,1,1,1,0,0.5998969969354712,0.48161220945158895,0.6949944496154785,0.14052033424377441
500,4.800000000000001,7.526400000000002,1.9200000000000004,1,1,1,1,0.5821521799909658,0.4096987816156218,0.5735645294189453,0.09482312202453613
500,4.800000000000001,7.526400000000002,1.9200000000000004,1,1,1,2,0.564544231247143,0.38908076123092444,0.6029269695281982,0.12416672706604004
500,4.800000000000001,7.526400000000002,1.9200000000000004,1,1,1,3,0.5180933671351893,0.5600532046715485,0.6044161319732666,0.1478121280670166
500,4.800000000000001,7.526400000000002,1.9200000000000004,1,1,1,4,0.6106825798522797,0.45327308005011385,0.5077800750732422,0.10251498222351074
500,4.800000000000001,7.526400000000002,1.9200000000000004,1,1,1,5,0.5343859894389683,0.4108750018130563,0.5137698650360107,0.10962438583374023
500,4.800000000000001,7.526400000000002,1.9200000000000004,1,1,1,6,0.604133518882225,0.5397703414534983,0.5845730304718018,0.11890101432800293
500,4.800000000000001,7.526400000000002,1.9200000000000004,1,1,1,7,0.6326940863427712,0.4099402900520909,0.6384646892547607,0.10566544532775879
500,4.800000000000001,7.526400000000002,1.9200000000000004,1,1,1,8,0.6341717987545875,0.4321568745024527,0.6012139320373535,0.13222479820251465
500,4.800000000000001,7.526400000000002,1.9200000000000004,1,1,1,9,0.6612454606635394,0.5059152016630795,0.5335140228271484,0.11962461471557617
500,4.800000000000001,7.526400000000002,1.9200000000000004,1,1,1,10,0.6388414488098741,0.4316627681980049,0.5371346473693848,0.11056923866271973
500,4.800000000000001,7.526400000000002,1.9200000000000004,1,1,1,11,0.5344685895472843,0.4146934550947108,0.542945384979248,0.0986013412475586
500,4.800000000000001,7.526400000000002,1.9200000000000004,1,1,1,12,0.6021112780610728,0.40791201927516324,0.5608854293823242,0.10354065895080566
500,4.800000000000001,7.526400000000002,1.9200000000000004,1,1,1,13,0.5980381059251204,0.5486333387598474,0.7086715698242188,0.13832926750183105
500,4.800000000000001,7.526400000000002,1.9200000000000004,1,1,1,14,0.5786047324183797,0.6021814555688958,0.5719687938690186,0.09888291358947754
500,4.800000000000001,7.526400000000002,1.9200000000000004,1,1,1,15,0.7168290481948347,0.3981930151596522,0.5592553615570068,0.10213279724121094
500,4.800000000000001,7.526400000000002,1.9200000000000004,1,1,1,16,0.5532496371927598,0.43048502539785954,0.5918080806732178,0.09702515602111816
500,4.800000000000001,7.526400000000002,1.9200000000000004,1,1,1,17,0.4883546284606548,0.4069178100183894,0.6198348999023438,0.09730195999145508
500,4.800000000000001,7.526400000000002,1.9200000000000004,1,1,1,18,0.7443741356532028,0.4314915498059553,0.6444857120513916,0.12359023094177246
500,4.800000000000001,7.526400000000002,1.9200000000000004,1,1,1,19,0.6473181330298589,0.5127699175165019,0.5615317821502686,0.11047673225402832
500,4.800000000000001,7.526400000000002,1.9200000000000004,1,1,1,20,0.5126038885130898,0.38053616399129137,0.6425588130950928,0.1185600757598877
500,4.800000000000001,7.526400000000002,1.9200000000000004,1,1,1,21,0.5199816431598162,0.402846021669051,0.9350848197937012,0.19405579566955566
500,4.800000000000001,7.526400000000002,1.9200000000000004,1,1,1,22,0.5865135074602834,0.47993979087776395,0.5637707710266113,0.09255433082580566
500,4.800000000000001,7.526400000000002,1.9200000000000004,1,1,1,23,0.5638280568744244,0.4436299313018792,0.618110179901123,0.1255192756652832
500,4.800000000000001,7.526400000000002,1.9200000000000004,1,1,1,24,0.5782698279673495,0.3793791276010059,0.6518936157226562,0.09631538391113281
500,5.0,8.0,2.0,1,1,1,0,0.5301527166884206,0.5068972025687603,0.5922412872314453,0.09127426147460938
500,5.0,8.0,2.0,1,1,1,1,0.5759195362986002,0.3915618023907906,0.5902934074401855,0.09751129150390625
500,5.0,8.0,2.0,1,1,1,2,0.6352190239150132,0.38323046799568156,0.5916483402252197,0.09911084175109863
500,5.0,8.0,2.0,1,1,1,3,0.5554683427086315,0.46035659643034244,0.5734021663665771,0.0863807201385498
500,5.0,8.0,2.0,1,1,1,4,0.6796573444497912,0.5150378381054445,0.6870059967041016,0.11011147499084473
500,5.0,8.0,2.0,1,1,1,5,0.6512275433021867,0.5078302733795822,0.621049165725708,0.09600973129272461
500,5.0,8.0,2.0,1,1,1,6,0.5496391716646821,0.47140296695302725,0.5391497611999512,0.11261630058288574
500,5.0,8.0,2.0,1,1,1,7,0.571102768173414,0.4212903673835622,0.6484007835388184,0.12981152534484863
500,5.0,8.0,2.0,1,1,1,8,0.5087761883461183,0.4896799108933748,0.5876140594482422,0.116455078125
500,5.0,8.0,2.0,1,1,1,9,0.5961353710339211,0.4814760114596174,0.6588170528411865,0.12159323692321777
500,5.0,8.0,2.0,1,1,1,10,0.5433819639379582,0.5822406665401184,0.5856220722198486,0.10458183288574219
500,5.0,8.0,2.0,1,1,1,11,0.6532507486937092,0.4386550072082055,0.5418522357940674,0.09801673889160156
500,5.0,8.0,2.0,1,1,1,12,0.5477657556147166,0.4659951942744225,0.5307416915893555,0.09702944755554199
500,5.0,8.0,2.0,1,1,1,13,0.6199363662498975,0.47433692360445173,0.501295804977417,0.10741162300109863
500,5.0,8.0,2.0,1,1,1,14,0.7564094606168696,0.4052804446116598,0.5828852653503418,0.10669255256652832
500,5.0,8.0,2.0,1,1,1,15,0.7136995423776886,0.45161491562710127,0.8233904838562012,0.13938045501708984
500,5.0,8.0,2.0,1,1,1,16,0.619767691810909,0.4647388148363268,0.5583508014678955,0.11511540412902832
500,5.0,8.0,2.0,1,1,1,17,0.527682552667403,0.4409330259252627,0.526806116104126,0.11954689025878906
500,5.0,8.0,2.0,1,1,1,18,0.6440986597469366,0.40222476981484667,0.5108678340911865,0.10553121566772461
500,5.0,8.0,2.0,1,1,1,19,0.4670940653911053,0.49034786174731243,0.565849781036377,0.10665321350097656
500,5.0,8.0,2.0,1,1,1,20,0.6112246941328298,0.38726709373690604,0.6367805004119873,0.12305450439453125
500,5.0,8.0,2.0,1,1,1,21,0.5625184054683454,0.6550574667229175,0.672344446182251,0.10663819313049316
500,5.0,8.0,2.0,1,1,1,22,0.5856398092235937,0.43208952656968214,0.5407676696777344,0.11977982521057129
500,5.0,8.0,2.0,1,1,1,23,0.6515657730535156,0.4696721367676535,0.5219619274139404,0.10528731346130371
500,5.0,8.0,2.0,1,1,1,24,0.7837753871521391,0.43585049538776255,0.5341196060180664,0.10799932479858398
500,5.2,8.4864,2.08,1,1,1,0,0.5400150683989418,0.41373357892488766,0.5374047756195068,0.08734941482543945
500,5.2,8.4864,2.08,1,1,1,1,0.6710472376663913,0.45483010318869127,0.6426148414611816,0.1151280403137207
500,5.2,8.4864,2.08,1,1,1,2,0.5931161201963303,0.36676230065967025,0.5092349052429199,0.08196854591369629
500,5.2,8.4864,2.08,1,1,1,3,0.6426304884990609,0.4401279631426496,0.5175502300262451,0.1034858226776123
500,5.2,8.4864,2.08,1,1,1,4,0.6246787179379563,0.4813353671422589,0.5345594882965088,0.11076617240905762
500,5.2,8.4864,2.08,1,1,1,5,0.5690308406312873,0.4650405479726993,0.47255587577819824,0.10729646682739258
500,5.2,8.4864,2.08,1,1,1,6,0.6012617364979645,0.5997670334814146,0.46028852462768555,0.11365365982055664
500,5.2,8.4864,2.08,1,1,1,7,0.7044382570266419,0.47755845601215113,0.5543997287750244,0.11281204223632812
500,5.2,8.4864,2.08,1,1,1,8,0.6636024079788096,0.5539267729079517,0.48157644271850586,0.094573974609375
500,5.2,8.4864,2.08,1,1,1,9,0.5802455499038139,0.44583429281482456,0.4610607624053955,0.10967016220092773
500,5.2,8.4864,2.08,1,1,1,10,0.7076377916000758,0.5512047844774179,0.4550614356994629,0.10263180732727051
500,5.2,8.4864,2.08,1,1,1,11,0.7054478841489202,0.5171801118211409,0.4804873466491699,0.09561300277709961
500,5.2,8.4864,2.08,1,1,1,12,0.7380750269268163,0.47009747223921033,0.5346791744232178,0.10412073135375977
500,5.2,8.4864,2.08,1,1,1,13,0.5976596216291311,0.4041051798520782,0.5813422203063965,0.11847090721130371
500,5.2,8.4864,2.08,1,1,1,14,0.6848630303520462,0.49254561921238177,0.5016162395477295,0.0955038070678711
500,5.2,8.4864,2.08,1,1,1,15,0.7434835599661493,0.4475808894346921,0.46192002296447754,0.10208439826965332
500,5.2,8.4864,2.08,1,1,1,16,0.6686680918514065,0.47706462298126956,0.5270912647247314,0.10406804084777832
500,5.2,8.4864,2.08,1,1,1,17,0.5984616147376962,0.4290585005654607,0.46768712997436523,0.09296345710754395
500,5.2,8.4864,2.08,1,1,1,18,0.7605723248720946,0.46879396062318557,0.4420621395111084,0.10387301445007324
500,5.2,8.4864,2.08,1,1,1,19,0.6516110562532386,0.48698023897616766,0.6153724193572998,0.11649656295776367
500,5.2,8.4864,2.08,1,1,1,20,0.6080112908290335,0.3812725546554953,0.5847306251525879,0.10424423217773438
500,5.2,8.4864,2.08,1,1,1,21,0.561579946054473,0.4199008014259833,0.5200076103210449,0.08896899223327637
500,5.2,8.4864,2.08,1,1,1,22,0.6534510087779989,0.5112268457125866,0.5035393238067627,0.0927896499633789
500,5.2,8.4864,2.08,1,1,1,23,0.6262542473305789,0.4462021134279549,0.4618246555328369,0.1036672592163086
500,5.2,8.4864,2.08,1,1,1,24,0.6127110287450012,0.6016754173861525,0.45746922492980957,0.08315253257751465
500,5.4,8.985600000000002,2.16,1,1,1,0,0.6607532472403105,0.40226888627942164,0.47025060653686523,0.10606050491333008
500,5.4,8.985600000000002,2.16,1,1,1,1,0.6315413307976514,0.4699717415062519,0.418442964553833,0.08840727806091309
500,5.4,8.985600000000002,2.16,1,1,1,2,0.7142832534844964,0.528589461655427,0.41602182388305664,0.07696747779846191
500,5.4,8.985600000000002,2.16,1,1,1,3,0.6136270122737566,0.49145940202814814,0.4565925598144531,0.08784055709838867
500,5.4,8.985600000000002,2.16,1,1,1,4,0.6686623176751552,0.4304323591619689,0.4114975929260254,0.08907842636108398
500,5.4,8.985600000000002,2.16,1,1,1,5,0.6467413407058281,0.44275423763975175,0.41889524459838867,0.08257627487182617
500,5.4,8.985600000000002,2.16,1,1,1,6,0.7140768929522802,0.4548729393984212,0.4888482093811035,0.10212540626525879
500,5.4,8.985600000000002,2.16,1,1,1,7,0.6336846580346529,0.4512874699782713,0.5154151916503906,0.10050392150878906
500,5.4,8.985600000000002,2.16,1,1,1,8,0.7431058324460273,0.46357329400692204,0.4393000602722168,0.08556461334228516
500,5.4,8.985600000000002,2.16,1,1,1,9,0.6133554106134281,0.6798904258739901,0.430098295211792,0.08358907699584961
500,5.4,8.985600000000002,2.16,1,1,1,10,0.6936059013196969,0.45156518890543557,0.5411159992218018,0.11113905906677246
500,5.4,8.985600000000002,2.16,1,1,1,11,0.6414280302591813,0.5642216748700907,0.463712215423584,0.09058475494384766
500,5.4,8.985600000000002,2.16,1,1,1,12,0.6627765247970238,0.40618821539647876,0.4309084415435791,0.08358430862426758
500,5.4,8.985600000000002,2.16,1,1,1,13,0.6864912953630498,0.45267103562124933,0.5331318378448486,0.09763050079345703
500,5.4,8.985600000000002,2.16,1,1,1,14,0.7044763990674185,0.43505076437489737,0.4901754856109619,0.0994863510131836
500,5.4,8.985600000000002,2.16,1,1,1,15,0.6677881431599985,0.41759590756169823,0.4253830909729004,0.0835726261138916
500,5.4,8.985600000000002,2.16,1,1,1,16,0.6199495772312087,0.4034932968645563,0.41825389862060547,0.08959269523620605
500,5.4,8.985600000000002,2.16,1,1,1,17,0.7739394671596906,0.49070238111082576,0.49524545669555664,0.07966756820678711
500,5.4,8.985600000000002,2.16,1,1,1,18,0.5721522543049112,0.5178468512123584,0.44931530952453613,0.09760832786560059
500,5.4,8.985600000000002,2.16,1,1,1,19,0.5541816803845753,0.43311335198054873,0.5964386463165283,0.11455106735229492
500,5.4,8.985600000000002,2.16,1,1,1,20,0.6414473965030215,0.48537062913604895,0.6467704772949219,0.10770630836486816
500,5.4,8.985600000000002,2.16,1,1,1,21,0.5912641681961176,0.5625340056153634,0.5144124031066895,0.09952068328857422
500,5.4,8.985600000000002,2.16,1,1,1,22,0.646343165337378,0.544566791504681,0.5542676448822021,0.10589742660522461
500,5.4,8.985600000000002,2.16,1,1,1,23,0.6041781526687,0.5649904071076485,0.5709202289581299,0.11426091194152832
500,5.4,8.985600000000002,2.16,1,1,1,24,0.7094150379059293,0.425230823647874,0.5588505268096924,0.10852837562561035
500,5.6000000000000005,9.497600000000002,2.24,1,1,1,0,0.6102948427794794,0.45455997485041877,0.6265995502471924,0.13727545738220215
500,5.6000000000000005,9.497600000000002,2.24,1,1,1,1,0.6453522704381978,0.46427552823801677,0.5748813152313232,0.11663150787353516
500,5.6000000000000005,9.497600000000002,2.24,1,1,1,2,0.6506086286308793,0.4539244225395137,0.5373189449310303,0.10261893272399902
500,5.6000000000000005,9.497600000000002,2.24,1,1,1,3,0.6405150700962188,0.6551901380931824,0.5199449062347412,0.13111543655395508
500,5.6000000000000005,9.497600000000002,2.24,1,1,1,4,0.6327759977232869,0.46486665733474647,0.5203094482421875,0.11406087875366211
500,5.6000000000000005,9.497600000000002,2.24,1,1,1,5,0.7557953579217509,0.6066106817833268,0.5297255516052246,0.10554862022399902
500,5.6000000000000005,9.497600000000002,2.24,1,1,1,6,0.7091227012090076,0.5011890801662863,0.751833438873291,0.12357854843139648
500,5.6000000000000005,9.497600000000002,2.24,1,1,1,7,0.7198296949272697,0.4321797251720596,0.664226770401001,0.11374139785766602
500,5.6000000000000005,9.497600000000002,2.24,1,1,1,8,0.6529727521683305,0.547583214269804,0.6718602180480957,0.129716157913208
500,5.6000000000000005,9.497600000000002,2.24,1,1,1,9,0.6393778349646027,0.5072591977706773,0.5589497089385986,0.10349321365356445
500,5.6000000000000005,9.497600000000002,2.24,1,1,1,10,0.639337435630255,0.4787145049105287,0.5943961143493652,0.09443163871765137
500,5.6000000000000005,9.497600000000002,2.24,1,1,1,11,0.588311323240836,0.4624990882956723,0.7365438938140869,0.12760496139526367
500,5.6000000000000005,9.497600000000002,2.24,1,1,1,12,0.6458465662825851,0.49080966801126236,0.5588181018829346,0.11454582214355469
500,5.6000000000000005,9.497600000000002,2.24,1,1,1,13,0.761159704264239,0.5287702774216594,0.5611007213592529,0.10552525520324707
500,5.6000000000000005,9.497600000000002,2.24,1,1,1,14,0.6495443999082553,0.41767446128985736,0.5327303409576416,0.12122893333435059
500,5.6000000000000005,9.497600000000002,2.24,1,1,1,15,0.6319922078430943,0.50646734041125,0.560269832611084,0.09527921676635742
500,5.6000000000000005,9.497600000000002,2.24,1,1,1,16,0.6787542321183809,0.5278970646633749,0.5888974666595459,0.12818074226379395
500,5.6000000000000005,9.497600000000002,2.24,1,1,1,17,0.7193485478853224,0.5124580653036312,0.7019979953765869,0.12060713768005371
500,5.6000000000000005,9.497600000000002,2.24,1,1,1,18,0.6917047985190398,0.499581854078941,0.5740189552307129,0.08352231979370117
500,5.6000000000000005,9.497600000000002,2.24,1,1,1,19,0.6253185850457375,0.5828866610070107,0.5709092617034912,0.09810709953308105
500,5.6000000000000005,9.497600000000002,2.24,1,1,1,20,0.6831311926529341,0.47609082503826755,0.5840399265289307,0.09758901596069336
500,5.6000000000000005,9.497600000000002,2.24,1,1,1,21,0.733917846617632,0.4646075719579197,0.5901331901550293,0.0993955135345459
500,5.6000000000000005,9.497600000000002,2.24,1,1,1,22,0.6882803573381145,0.49554619641731523,0.736656665802002,0.13456988334655762
500,5.6000000000000005,9.497600000000002,2.24,1,1,1,23,0.7108816835941254,0.6028017995924968,0.5794012546539307,0.09240555763244629
500,5.6000000000000005,9.497600000000002,2.24,1,1,1,24,0.6768603302884791,0.486409715691287,0.5899398326873779,0.09321737289428711
500,5.800000000000001,10.022400000000001,2.3200000000000003,1,1,1,0,0.6850140573822958,0.5503967556351007,0.5576021671295166,0.11403012275695801
500,5.800000000000001,10.022400000000001,2.3200000000000003,1,1,1,1,0.7261655309708763,0.5453448984930913,0.534977912902832,0.1183013916015625
500,5.800000000000001,10.022400000000001,2.3200000000000003,1,1,1,2,0.7963751348441993,0.48404161465033246,0.6227030754089355,0.12327003479003906
500,5.800000000000001,10.022400000000001,2.3200000000000003,1,1,1,3,0.7530129174284176,0.46615915098226957,0.7338204383850098,0.11543965339660645
500,5.800000000000001,10.022400000000001,2.3200000000000003,1,1,1,4,0.793566986618613,0.5078952481493461,0.5375781059265137,0.11717104911804199
500,5.800000000000001,10.022400000000001,2.3200000000000003,1,1,1,5,0.7450674394314921,0.5339022656690967,0.5383305549621582,0.10499715805053711
500,5.800000000000001,10.022400000000001,2.3200000000000003,1,1,1,6,0.6907486580416164,0.49646977696665734,0.5242400169372559,0.11611413955688477
500,5.800000000000001,10.022400000000001,2.3200000000000003,1,1,1,7,0.6700852968359634,0.43058569576367023,0.5125246047973633,0.11339402198791504
500,5.800000000000001,10.022400000000001,2.3200000000000003,1,1,1,8,0.7119355899064819,0.478778834021963,0.7647371292114258,0.11568045616149902
500,5.800000000000001,10.022400000000001,2.3200000000000003,1,1,1,9,0.6474628098177707,0.518230602111253,0.5595483779907227,0.08831310272216797
500,5.800000000000001,10.022400000000001,2.3200000000000003,1,1,1,10,0.7054692760493056,0.5299720036552329,0.5654826164245605,0.09610295295715332
500,5.800000000000001,10.022400000000001,2.3200000000000003,1,1,1,11,0.6939386095208835,0.5993086831434519,0.5486745834350586,0.11605286598205566
500,5.800000000000001,10.022400000000001,2.3200000000000003,1,1,1,12,0.7501747685979056,0.5135588360415376,0.5071852207183838,0.10430526733398438
500,5.800000000000001,10.022400000000001,2.3200000000000003,1,1,1,13,0.6922224340056833,0.4335123488533721,0.5722794532775879,0.1166534423828125
500,5.800000000000001,10.022400000000001,2.3200000000000003,1,1,1,14,0.7897169367765638,0.49688780976946706,0.7036557197570801,0.12195181846618652
500,5.800000000000001,10.022400000000001,2.3200000000000003,1,1,1,15,0.684364850018924,0.6535318259657839,0.5195558071136475,0.10555863380432129
500,5.800000000000001,10.022400000000001,2.3200000000000003,1,1,1,16,0.8854088333570171,0.6267583006553783,0.5382840633392334,0.12258267402648926
500,5.800000000000001,10.022400000000001,2.3200000000000003,1,1,1,17,0.8686599982199028,0.6547485198807743,0.5137765407562256,0.10002446174621582
500,5.800000000000001,10.022400000000001,2.3200000000000003,1,1,1,18,0.7791844304031662,0.44411999151003023,0.5506722927093506,0.09039783477783203
500,5.800000000000001,10.022400000000001,2.3200000000000003,1,1,1,19,0.6425553033595875,0.5581858775735485,0.665388822555542,0.13800787925720215
500,5.800000000000001,10.022400000000001,2.3200000000000003,1,1,1,20,0.6935611666161032,0.5501882826403927,0.6233782768249512,0.11005878448486328
500,5.800000000000001,10.022400000000001,2.3200000000000003,1,1,1,21,0.8212762614420539,0.4255088358487628,0.5068838596343994,0.10060358047485352
500,5.800000000000001,10.022400000000001,2.3200000000000003,1,1,1,22,0.8025636259591025,0.508502359324219,0.5338375568389893,0.09330964088439941
500,5.800000000000001,10.022400000000001,2.3200000000000003,1,1,1,23,0.7006904208461187,0.5245714390301519,0.5247373580932617,0.13025760650634766
500,5.800000000000001,10.022400000000001,2.3200000000000003,1,1,1,24,0.8218125436192589,0.5358514933969035,0.6733598709106445,0.1472454071044922
500,6.0,10.560000000000002,2.4000000000000004,1,1,1,0,0.7787916990652939,0.5692067978107468,0.6120285987854004,0.0904245376586914
500,6.0,10.560000000000002,2.4000000000000004,1,1,1,1,0.6982702933563812,0.42285096700189767,0.5680108070373535,0.07292318344116211
500,6.0,10.560000000000002,2.4000000000000004,1,1,1,2,0.6208119861799452,0.6099684630704076,0.6277143955230713,0.0858454704284668
500,6.0,10.560000000000002,2.4000000000000004,1,1,1,3,0.7567351784208545,0.5418748224088057,0.4971809387207031,0.10662102699279785
500,6.0,10.560000000000002,2.4000000000000004,1,1,1,4,0.6854993604266829,0.6549490233047434,0.5039453506469727,0.07345247268676758
500,6.0,10.560000000000002,2.4000000000000004,1,1,1,5,0.7987549428443139,0.5119044553846697,0.6092243194580078,0.09549093246459961
500,6.0,10.560000000000002,2.4000000000000004,1,1,1,6,0.8384065212424867,0.5492492929142426,0.4846782684326172,0.09002089500427246
500,6.0,10.560000000000002,2.4000000000000004,1,1,1,7,0.708709587738508,0.6114266750832936,0.42949748039245605,0.08292508125305176
500,6.0,10.560000000000002,2.4000000000000004,1,1,1,8,0.820294101871567,0.641374920678354,0.4324946403503418,0.07882142066955566
500,6.0,10.560000000000002,2.4000000000000004,1,1,1,9,0.6888056505155831,0.48353429720083907,0.40587425231933594,0.0838320255279541
500,6.0,10.560000000000002,2.4000000000000004,1,1,1,10,0.8030605174339944,0.6781517187918245,0.44590187072753906,0.08404016494750977
500,6.0,10.560000000000002,2.4000000000000004,1,1,1,11,0.7899750139360963,0.592250308058461,0.43132734298706055,0.10506463050842285
500,6.0,10.560000000000002,2.4000000000000004,1,1,1,12,0.701312195330901,0.4775013123671512,0.5639889240264893,0.09881114959716797
500,6.0,10.560000000000002,2.4000000000000004,1,1,1,13,0.7015060138342205,0.5136764032617321,0.3891892433166504,0.08613204956054688
500,6.0,10.560000000000002,2.4000000000000004,1,1,1,14,0.7612433390598292,0.531696940673104,0.41826319694519043,0.07530522346496582
500,6.0,10.560000000000002,2.4000000000000004,1,1,1,15,0.7252640810602562,0.7081750817604261,0.421558141708374,0.08498311042785645
500,6.0,10.560000000000002,2.4000000000000004,1,1,1,16,0.6805129299360211,0.565776483267839,0.39193010330200195,0.07201385498046875
500,6.0,10.560000000000002,2.4000000000000004,1,1,1,17,0.6502007909847362,0.5030439263650944,0.3844327926635742,0.07816338539123535
500,6.0,10.560000000000002,2.4000000000000004,1,1,1,18,0.7702396537264129,0.5064377981437242,0.42272448539733887,0.07596111297607422
500,6.0,10.560000000000002,2.4000000000000004,1,1,1,19,0.860986153479413,0.468857965974005,0.48885369300842285,0.09118103981018066
500,6.0,10.560000000000002,2.4000000000000004,1,1,1,20,0.7521333776169752,0.5568808209154555,0.34722280502319336,0.06350588798522949
500,6.0,10.560000000000002,2.4000000000000004,1,1,1,21,0.7617193723131437,0.5244083442737949,0.3462855815887451,0.07096672058105469
500,6.0,10.560000000000002,2.4000000000000004,1,1,1,22,0.7353888632007672,0.5416132415144794,0.3634214401245117,0.08170080184936523
500,6.0,10.560000000000002,2.4000000000000004,1,1,1,23,0.7729340633166648,0.4790042219568764,0.40650081634521484,0.09253263473510742
500,6.0,10.560000000000002,2.4000000000000004,1,1,1,24,0.6678830201155581,0.6471039484927542,0.36566615104675293,0.06764864921569824
500,6.2,11.110400000000004,2.4800000000000004,1,1,1,0,0.7933159160583968,0.5771761572094176,0.3499624729156494,0.07975006103515625
500,6.2,11.110400000000004,2.4800000000000004,1,1,1,1,0.8021292076508041,0.613918134124294,0.4453749656677246,0.07569694519042969
500,6.2,11.110400000000004,2.4800000000000004,1,1,1,2,0.7214405350723174,0.6232228627679912,0.35372209548950195,0.06603097915649414
500,6.2,11.110400000000004,2.4800000000000004,1,1,1,3,0.9783742806126272,0.6118142369545064,0.3556363582611084,0.06697201728820801
500,6.2,11.110400000000004,2.4800000000000004,1,1,1,4,0.874935718810853,0.5636839631448063,0.34656763076782227,0.07670998573303223
500,6.2,11.110400000000004,2.4800000000000004,1,1,1,5,0.7649562916270396,0.7469513770973476,0.3544118404388428,0.06847834587097168
500,6.2,11.110400000000004,2.4800000000000004,1,1,1,6,0.8106778488791317,0.6832236936766967,0.38273167610168457,0.07747340202331543
500,6.2,11.110400000000004,2.4800000000000004,1,1,1,7,0.878408942994836,0.6530965129999593,0.37718987464904785,0.06946206092834473
500,6.2,11.110400000000004,2.4800000000000004,1,1,1,8,0.7261942894769866,0.6009663017019697,0.5453815460205078,0.07358336448669434
500,6.2,11.110400000000004,2.4800000000000004,1,1,1,9,0.8121315734078471,0.6376121830814093,0.4373345375061035,0.0815134048461914
500,6.2,11.110400000000004,2.4800000000000004,1,1,1,10,0.703598444990917,0.7357534366543519,0.5062947273254395,0.08044004440307617
500,6.2,11.110400000000004,2.4800000000000004,1,1,1,11,0.7862182476382636,0.5242479153036343,0.5967404842376709,0.12170529365539551
500,6.2,11.110400000000004,2.4800000000000004,1,1,1,12,0.819510915141277,0.608167332344706,0.5982306003570557,0.10007762908935547
500,6.2,11.110400000000004,2.4800000000000004,1,1,1,13,0.8614273990595631,0.5699652882684626,0.5562641620635986,0.10039615631103516
500,6.2,11.110400000000004,2.4800000000000004,1,1,1,14,0.7956237956611696,0.6838624402872324,0.5994641780853271,0.1428086757659912
500,6.2,11.110400000000004,2.4800000000000004,1,1,1,15,0.7197545417734914,0.7825991750816862,0.5890870094299316,0.11882829666137695
500,6.2,11.110400000000004,2.4800000000000004,1,1,1,16,0.7504716356246203,0.4896539829401152,0.491771936416626,0.12168002128601074
500,6.2,11.110400000000004,2.4800000000000004,1,1,1,17,0.7580658335077215,0.544171101645492,0.5094189643859863,0.11297464370727539
500,6.2,11.110400000000004,2.4800000000000004,1,1,1,18,0.7664123799465195,0.536093846705207,0.5797979831695557,0.10059142112731934
500,6.2,11.110400000000004,2.4800000000000004,1,1,1,19,0.7567551392594928,0.5825054005086687,0.5152037143707275,0.11669754981994629
500,6.2,11.110400000000004,2.4800000000000004,1,1,1,20,0.7976749298453981,0.5213896263026584,3.6783347129821777,0.13248062133789062
500,6.2,11.110400000000004,2.4800000000000004,1,1,1,21,0.804813791276913,0.7393432193490453,0.6145510673522949,0.15819168090820312
500,6.2,11.110400000000004,2.4800000000000004,1,1,1,22,0.7331601132428393,0.5234936655232376,0.7636928558349609,0.12883520126342773
500,6.2,11.110400000000004,2.4800000000000004,1,1,1,23,0.8531092021138155,0.49224916158478826,0.6021723747253418,0.09163880348205566
500,6.2,11.110400000000004,2.4800000000000004,1,1,1,24,0.8708623939512239,0.5465172428217472,0.5333695411682129,0.10392451286315918
500,6.4,11.673600000000004,2.5600000000000005,1,1,1,0,0.7980003533427406,0.6459081225097513,0.7312133312225342,0.1296379566192627
500,6.4,11.673600000000004,2.5600000000000005,1,1,1,1,0.827865610156998,0.6005977960638393,0.583716869354248,0.11344504356384277
500,6.4,11.673600000000004,2.5600000000000005,1,1,1,2,0.7513318438467864,0.7184095621795928,0.5658478736877441,0.09358596801757812
500,6.4,11.673600000000004,2.5600000000000005,1,1,1,3,0.7915601088068056,0.5973206209308665,0.561398983001709,0.12050247192382812
500,6.4,11.673600000000004,2.5600000000000005,1,1,1,4,0.8852188180288286,0.558337011106732,0.5194764137268066,0.12444639205932617
500,6.4,11.673600000000004,2.5600000000000005,1,1,1,5,0.7243644011503194,0.6665539349985654,0.6455814838409424,0.1393754482269287
500,6.4,11.673600000000004,2.5600000000000005,1,1,1,6,0.7562334832725642,0.5726718244984359,0.5717742443084717,0.12280702590942383
500,6.4,11.673600000000004,2.5600000000000005,1,1,1,7,0.8396780092723177,0.5669410620053572,0.5636868476867676,0.11211442947387695
500,6.4,11.673600000000004,2.5600000000000005,1,1,1,8,0.8664589670817066,0.5501909273547512,0.531186580657959,0.12652349472045898
500,6.4,11.673600000000004,2.5600000000000005,1,1,1,9,0.8207596349858838,0.5976566860740751,0.49814748764038086,0.11661934852600098
500,6.4,11.673600000000004,2.5600000000000005,1,1,1,10,0.7811201025104443,0.6961952792492441,0.5491843223571777,0.10445594787597656
500,6.4,11.673600000000004,2.5600000000000005,1,1,1,11,0.7542945209621076,0.5985897836625159,0.7158946990966797,0.1472148895263672
500,6.4,11.673600000000004,2.5600000000000005,1,1,1,12,0.8385534357985835,0.5498218032878514,0.5085930824279785,0.10416936874389648
500,6.4,11.673600000000004,2.5600000000000005,1,1,1,13,0.7939524403669929,0.49261073628082286,0.530836820602417,0.0986180305480957
500,6.4,11.673600000000004,2.5600000000000005,1,1,1,14,0.7212700444002135,0.5675013102691806,0.5413684844970703,0.0991964340209961
500,6.4,11.673600000000004,2.5600000000000005,1,1,1,15,0.8393795881705161,0.5319643337717834,0.5799171924591064,0.09247064590454102
500,6.4,11.673600000000004,2.5600000000000005,1,1,1,16,0.842350328808826,0.7472090812945097,0.6516017913818359,0.15346336364746094
500,6.4,11.673600000000004,2.5600000000000005,1,1,1,17,0.7164326087014004,0.5155416082838504,0.585536003112793,0.11362290382385254
500,6.4,11.673600000000004,2.5600000000000005,1,1,1,18,0.7432150541199423,0.6216819618111721,0.5963964462280273,0.11008930206298828
500,6.4,11.673600000000004,2.5600000000000005,1,1,1,19,0.7989384633092247,0.6174617907415128,0.5890717506408691,0.09851193428039551
500,6.4,11.673600000000004,2.5600000000000005,1,1,1,20,0.7558182986333728,0.6793341607950234,0.524538516998291,0.10443472862243652
500,6.4,11.673600000000004,2.5600000000000005,1,1,1,21,0.9473696323589526,0.7478900210961447,0.6250152587890625,0.11830306053161621
500,6.4,11.673600000000004,2.5600000000000005,1,1,1,22,0.9184968046629682,0.8029722687775066,0.6293339729309082,0.14020848274230957
500,6.4,11.673600000000004,2.5600000000000005,1,1,1,23,0.8542707940060783,0.512700081764452,0.548516035079956,0.08045697212219238
500,6.4,11.673600000000004,2.5600000000000005,1,1,1,24,0.9367351016974759,0.604304280743329,0.5194776058197021,0.10199451446533203
500,6.6000000000000005,12.249600000000004,2.6400000000000006,1,1,1,0,0.8362583719573782,0.8072348881686149,0.5394682884216309,0.12459373474121094
500,6.6000000000000005,12.249600000000004,2.6400000000000006,1,1,1,1,0.9020084982443043,0.7041368601311189,0.5765249729156494,0.10118794441223145
500,6.6000000000000005,12.249600000000004,2.6400000000000006,1,1,1,2,0.8948123950368452,0.5403478428717801,0.6664035320281982,0.15493106842041016
500,6.6000000000000005,12.249600000000004,2.6400000000000006,1,1,1,3,0.8997319913956314,0.7499860212912026,0.5882821083068848,0.11316776275634766
500,6.6000000000000005,12.249600000000004,2.6400000000000006,1,1,1,4,0.9942834125882755,0.5655424541269238,0.5054752826690674,0.12888121604919434
500,6.6000000000000005,12.249600000000004,2.6400000000000006,1,1,1,5,0.9438711055051603,0.6587079685642546,0.5851800441741943,0.09344601631164551
500,6.6000000000000005,12.249600000000004,2.6400000000000006,1,1,1,6,0.9424361388020355,0.6512468766128976,0.566887378692627,0.11357617378234863
500,6.6000000000000005,12.249600000000004,2.6400000000000006,1,1,1,7,1.1140472545583708,0.5485085181567645,0.5763645172119141,0.11037850379943848
500,6.6000000000000005,12.249600000000004,2.6400000000000006,1,1,1,8,0.8419497242395748,0.6403248135369458,0.696660041809082,0.11445260047912598
500,6.6000000000000005,12.249600000000004,2.6400000000000006,1,1,1,9,0.8599044945443501,0.7985086499503948,0.5438482761383057,0.10864019393920898
500,6.6000000000000005,12.249600000000004,2.6400000000000006,1,1,1,10,0.7485897857648722,0.5245231186947051,0.5747127532958984,0.12124872207641602
500,6.6000000000000005,12.249600000000004,2.6400000000000006,1,1,1,11,0.8383178201027459,0.6420356320614368,0.5584895610809326,0.08581280708312988
500,6.6000000000000005,12.249600000000004,2.6400000000000006,1,1,1,12,0.825893555121174,0.6607632111890872,0.7512099742889404,0.11600232124328613
500,6.6000000000000005,12.249600000000004,2.6400000000000006,1,1,1,13,0.9771815173555228,0.7089132392305881,0.936429500579834,0.25519227981567383
500,6.6000000000000005,12.249600000000004,2.6400000000000006,1,1,1,14,0.8451175682949043,0.5968783573847252,0.6922721862792969,0.11649727821350098
500,6.6000000000000005,12.249600000000004,2.6400000000000006,1,1,1,15,0.8941045045807083,0.646773289425535,0.5933825969696045,0.10541129112243652
500,6.6000000000000005,12.249600000000004,2.6400000000000006,1,1,1,16,1.0994150506602671,0.6803425290002507,0.5513913631439209,0.10100793838500977
500,6.6000000000000005,12.249600000000004,2.6400000000000006,1,1,1,17,0.7827748429071419,0.6198153622137693,0.5710010528564453,0.11109781265258789
500,6.6000000000000005,12.249600000000004,2.6400000000000006,1,1,1,18,0.7967197880353727,0.5884401114636166,0.7169287204742432,0.1363391876220703
500,6.6000000000000005,12.249600000000004,2.6400000000000006,1,1,1,19,0.9371720907310742,0.6380149531589451,0.6560382843017578,0.11171269416809082
500,6.6000000000000005,12.249600000000004,2.6400000000000006,1,1,1,20,0.7797047815024888,0.6746112014061733,0.5473003387451172,0.11296963691711426
500,6.6000000000000005,12.249600000000004,2.6400000000000006,1,1,1,21,0.8410328932839364,0.47316899660752476,0.5376312732696533,0.11023664474487305
500,6.6000000000000005,12.249600000000004,2.6400000000000006,1,1,1,22,0.9059094807681294,0.6043182285290376,0.5501401424407959,0.09684395790100098
500,6.6000000000000005,12.249600000000004,2.6400000000000006,1,1,1,23,0.9788093112098953,0.6403578420053965,0.525446891784668,0.12167048454284668
500,6.6000000000000005,12.249600000000004,2.6400000000000006,1,1,1,24,0.9378771017060283,0.6200336930156622,0.6130015850067139,0.12675118446350098
500,6.800000000000001,12.838400000000005,2.7200000000000006,1,1,1,0,0.9057981386958794,0.6468939218220899,0.45235633850097656,0.10607647895812988
500,6.800000000000001,12.838400000000005,2.7200000000000006,1,1,1,1,0.9618824833527853,0.6172870160672915,0.49259424209594727,0.10129380226135254
500,6.800000000000001,12.838400000000005,2.7200000000000006,1,1,1,2,0.8133005044323646,0.6571002352823433,0.465620756149292,0.10646224021911621
500,6.800000000000001,12.838400000000005,2.7200000000000006,1,1,1,3,0.8336137789606171,0.6719176021942367,0.48779821395874023,0.0683431625366211
500,6.800000000000001,12.838400000000005,2.7200000000000006,1,1,1,4,0.9347817817415393,0.6793081452013155,0.45221924781799316,0.10190820693969727
500,6.800000000000001,12.838400000000005,2.7200000000000006,1,1,1,5,0.8539635434442125,0.8650259997164063,0.6200087070465088,0.11752867698669434
500,6.800000000000001,12.838400000000005,2.7200000000000006,1,1,1,6,0.8205788246014658,0.694782465811296,0.49559903144836426,0.09754228591918945
500,6.800000000000001,12.838400000000005,2.7200000000000006,1,1,1,7,0.8518980729512855,0.6927432508741879,0.5148959159851074,0.08459115028381348
500,6.800000000000001,12.838400000000005,2.7200000000000006,1,1,1,8,2.784969948613127,0.757411196574268,0.5820298194885254,0.10658574104309082
500,6.800000000000001,12.838400000000005,2.7200000000000006,1,1,1,9,1.042660634105254,0.6822414971000913,0.5758926868438721,0.09472155570983887
500,6.800000000000001,12.838400000000005,2.7200000000000006,1,1,1,10,0.7607288353200067,0.652800371214076,0.41851019859313965,0.09674572944641113
500,6.800000000000001,12.838400000000005,2.7200000000000006,1,1,1,11,0.9185965032901743,0.8436004015173634,0.5404276847839355,0.10064506530761719
500,6.800000000000001,12.838400000000005,2.7200000000000006,1,1,1,12,0.967941280525929,0.6353842828022125,0.48901915550231934,0.08500361442565918
500,6.800000000000001,12.838400000000005,2.7200000000000006,1,1,1,13,0.8510352469842914,0.5883229715203889,0.4394958019256592,0.07958650588989258
500,6.800000000000001,12.838400000000005,2.7200000000000006,1,1,1,14,0.8561095592306859,0.6594341282443101,0.4660820960998535,0.09160828590393066
500,6.800000000000001,12.838400000000005,2.7200000000000006,1,1,1,15,0.8018315032985982,0.5632977400844217,0.4301149845123291,0.08449840545654297
500,6.800000000000001,12.838400000000005,2.7200000000000006,1,1,1,16,0.908351412537853,0.664391815475766,0.4736497402191162,0.08861112594604492
500,6.800000000000001,12.838400000000005,2.7200000000000006,1,1,1,17,0.8768073640649053,0.7152243276757673,0.4456510543823242,0.10464167594909668
500,6.800000000000001,12.838400000000005,2.7200000000000006,1,1,1,18,0.9726068050010812,0.6108682389305929,0.5579652786254883,0.09064221382141113
500,6.800000000000001,12.838400000000005,2.7200000000000006,1,1,1,19,0.9497884088086659,0.7804954233465042,0.4898383617401123,0.07953810691833496
500,6.800000000000001,12.838400000000005,2.7200000000000006,1,1,1,20,0.9910970676800305,0.7368695359359236,0.45122671127319336,0.09239864349365234
500,6.800000000000001,12.838400000000005,2.7200000000000006,1,1,1,21,0.8258853175338235,0.5958135938437108,0.48124003410339355,0.08267784118652344
500,6.800000000000001,12.838400000000005,2.7200000000000006,1,1,1,22,0.7248592292088416,0.5528705732314733,0.503572940826416,0.07972979545593262
500,6.800000000000001,12.838400000000005,2.7200000000000006,1,1,1,23,0.8669889515260787,0.5616236487311937,0.4787101745605469,0.07251405715942383
500,6.800000000000001,12.838400000000005,2.7200000000000006,1,1,1,24,0.7932202768083381,0.6649909077636054,0.5759239196777344,0.10737061500549316
500,7.0,13.440000000000003,2.8000000000000003,1,1,1,0,0.862739252949147,0.7271703014153341,0.529461145401001,0.07590508460998535
500,7.0,13.440000000000003,2.8000000000000003,1,1,1,1,1.1362134651725573,0.678499610853153,0.5112009048461914,0.0874624252319336
500,7.0,13.440000000000003,2.8000000000000003,1,1,1,2,1.2556146719808599,0.727372383331429,0.4882168769836426,0.09536361694335938
500,7.0,13.440000000000003,2.8000000000000003,1,1,1,3,0.8980985687718536,0.6478224565607928,0.44555234909057617,0.11688876152038574
500,7.0,13.440000000000003,2.8000000000000003,1,1,1,4,1.2834412100956285,0.9204412063587613,0.5025930404663086,0.0865793228149414
500,7.0,13.440000000000003,2.8000000000000003,1,1,1,5,0.9629307644260654,0.5872133859896226,0.5599029064178467,0.10077118873596191
500,7.0,13.440000000000003,2.8000000000000003,1,1,1,6,0.9322862092859284,0.7577809509268075,0.5959503650665283,0.11507105827331543
500,7.0,13.440000000000003,2.8000000000000003,1,1,1,7,0.8931821043526904,0.7068371785703764,0.555598258972168,0.11063551902770996
500,7.0,13.440000000000003,2.8000000000000003,1,1,1,8,0.9283607761701258,0.8088233403211674,0.5460894107818604,0.10647702217102051
500,7.0,13.440000000000003,2.8000000000000003,1,1,1,9,1.1656468813186596,0.637293013728079,0.5473902225494385,0.09548711776733398
500,7.0,13.440000000000003,2.8000000000000003,1,1,1,10,0.9241235100972089,0.8582880890106585,0.5492329597473145,0.11460733413696289
500,7.0,13.440000000000003,2.8000000000000003,1,1,1,11,0.9089731899419672,0.8437076386708164,0.6537010669708252,0.12369179725646973
500,7.0,13.440000000000003,2.8000000000000003,1,1,1,12,0.9167150251367813,0.5763090797874932,0.5023136138916016,0.11642718315124512
500,7.0,13.440000000000003,2.8000000000000003,1,1,1,13,0.95643054230911,0.6683222869146294,0.5311081409454346,0.11324357986450195
500,7.0,13.440000000000003,2.8000000000000003,1,1,1,14,1.0036626710967782,0.6077004561480066,0.533318042755127,0.11647510528564453
500,7.0,13.440000000000003,2.8000000000000003,1,1,1,15,0.9919528801230914,0.7885223660385107,0.5635271072387695,0.11295771598815918
500,7.0,13.440000000000003,2.8000000000000003,1,1,1,16,1.3659869160457594,0.6869716274784643,0.6572446823120117,0.13418269157409668
500,7.0,13.440000000000003,2.8000000000000003,1,1,1,17,1.2824031708622472,0.703537718683002,0.6523044109344482,0.11726880073547363
500,7.0,13.440000000000003,2.8000000000000003,1,1,1,18,0.9996327955046657,0.6598734721902226,0.5506565570831299,0.0991668701171875
500,7.0,13.440000000000003,2.8000000000000003,1,1,1,19,0.9626856128589779,0.585249896710882,0.556774377822876,0.09409642219543457
500,7.0,13.440000000000003,2.8000000000000003,1,1,1,20,1.098918521063769,0.8449324160026975,0.5365829467773438,0.08246803283691406
500,7.0,13.440000000000003,2.8000000000000003,1,1,1,21,0.8727956506502234,0.7144814040855214,0.5484716892242432,0.10321450233459473
500,7.0,13.440000000000003,2.8000000000000003,1,1,1,22,0.798105720513624,0.6464428588180958,0.7462081909179688,0.11705756187438965
500,7.0,13.440000000000003,2.8000000000000003,1,1,1,23,0.81335274965342,0.676270422432095,0.5643558502197266,0.10776662826538086
500,7.0,13.440000000000003,2.8000000000000003,1,1,1,24,0.978130588802183,0.6076066941096908,0.5778977870941162,0.08315467834472656
500,7.2,14.054400000000005,2.8800000000000003,1,1,1,0,0.9075600448417492,0.7391697093621409,0.5892062187194824,0.09811663627624512
500,7.2,14.054400000000005,2.8800000000000003,1,1,1,1,1.146219875743446,0.7429691693415608,0.6051878929138184,0.09940004348754883
500,7.2,14.054400000000005,2.8800000000000003,1,1,1,2,1.0486123164897203,0.7676480228575798,0.6831254959106445,0.13879990577697754
500,7.2,14.054400000000005,2.8800000000000003,1,1,1,3,0.7946270109879685,0.6519718698598325,0.6886460781097412,0.13102006912231445
500,7.2,14.054400000000005,2.8800000000000003,1,1,1,4,0.9485779529345036,0.6621275330000933,0.5250506401062012,0.11894917488098145
500,7.2,14.054400000000005,2.8800000000000003,1,1,1,5,1.0427735438550585,0.6650601445095391,0.5509853363037109,0.1004796028137207
500,7.2,14.054400000000005,2.8800000000000003,1,1,1,6,1.0669034045495753,0.808671133710774,0.591282844543457,0.09258484840393066
500,7.2,14.054400000000005,2.8800000000000003,1,1,1,7,0.9307008887828477,0.7000689625661396,0.6341640949249268,0.1304304599761963
500,7.2,14.054400000000005,2.8800000000000003,1,1,1,8,1.144461259909779,0.7616472301770597,0.6377415657043457,0.1169276237487793
500,7.2,14.054400000000005,2.8800000000000003,1,1,1,9,0.8709075709087419,0.952134009013365,0.49971461296081543,0.1059880256652832
500,7.2,14.054400000000005,2.8800000000000003,1,1,1,10,0.9529943670650957,0.8091350864397509,0.5107553005218506,0.10142350196838379
500,7.2,14.054400000000005,2.8800000000000003,1,1,1,11,0.9245405495446154,0.750556117417308,0.4832730293273926,0.08263421058654785
500,7.2,14.054400000000005,2.8800000000000003,1,1,1,12,1.1194524372208206,0.6232897614136075,0.48960185050964355,0.08849620819091797
500,7.2,14.054400000000005,2.8800000000000003,1,1,1,13,1.0274364161340288,0.7632933596026651,0.604421854019165,0.11758923530578613
500,7.2,14.054400000000005,2.8800000000000003,1,1,1,14,0.9634485514717199,0.8948921040396377,0.6535782814025879,0.13175010681152344
500,7.2,14.054400000000005,2.8800000000000003,1,1,1,15,0.9922799095192727,0.6342287940328855,0.5441582202911377,0.0943601131439209
500,7.2,14.054400000000005,2.8800000000000003,1,1,1,16,0.8808155363842506,0.6941343793105207,0.5682041645050049,0.12358903884887695
500,7.2,14.054400000000005,2.8800000000000003,1,1,1,17,0.9421386649340207,0.6315875332226015,0.5917329788208008,0.09292435646057129
500,7.2,14.054400000000005,2.8800000000000003,1,1,1,18,0.958474765622015,0.9133691371570993,0.5211222171783447,0.1254417896270752
500,7.2,14.054400000000005,2.8800000000000003,1,1,1,19,1.0109985659162746,0.7602015850896541,0.6356070041656494,0.1306750774383545
500,7.2,14.054400000000005,2.8800000000000003,1,1,1,20,1.0065701438654222,0.7637117405054867,0.5683228969573975,0.09595799446105957
500,7.2,14.054400000000005,2.8800000000000003,1,1,1,21,0.9597614507169443,0.7079231774267569,0.5029685497283936,0.10053038597106934
500,7.2,14.054400000000005,2.8800000000000003,1,1,1,22,0.8908130449913777,0.6639672128771975,0.48299527168273926,0.08871054649353027
500,7.2,14.054400000000005,2.8800000000000003,1,1,1,23,1.1674771007518077,0.699418047393351,0.49928784370422363,0.11661291122436523
500,7.2,14.054400000000005,2.8800000000000003,1,1,1,24,2.8243667752741963,0.7278073924912605,0.5658202171325684,0.11159157752990723
500,7.4,14.681600000000005,2.9600000000000004,1,1,1,0,0.9339926353289291,0.7549447278749257,0.577749490737915,0.11966729164123535
500,7.4,14.681600000000005,2.9600000000000004,1,1,1,1,0.991624711390406,0.6856339635991513,0.4404447078704834,0.09259033203125
500,7.4,14.681600000000005,2.9600000000000004,1,1,1,2,1.1630164044142788,1.0199003179049335,0.4828071594238281,0.08100032806396484
500,7.4,14.681600000000005,2.9600000000000004,1,1,1,3,0.9885323445395574,0.7692356967319678,0.49141955375671387,0.09354758262634277
500,7.4,14.681600000000005,2.9600000000000004,1,1,1,4,0.8683026458830597,0.8514216384179308,0.44950294494628906,0.09266519546508789
500,7.4,14.681600000000005,2.9600000000000004,1,1,1,5,1.064806537354548,0.8711366062362135,0.4412083625793457,0.08994889259338379
500,7.4,14.681600000000005,2.9600000000000004,1,1,1,6,2.815060811717065,0.6654603849596953,0.5684125423431396,0.08605122566223145
500,7.4,14.681600000000005,2.9600000000000004,1,1,1,7,2.3687243387148484,1.1341409649231604,0.42756056785583496,0.08555126190185547
500,7.4,14.681600000000005,2.9600000000000004,1,1,1,8,1.0039587627922226,0.6908728538619269,0.4356508255004883,0.08667278289794922
500,7.4,14.681600000000005,2.9600000000000004,1,1,1,9,1.0782300744146196,0.7137092965822949,0.40943455696105957,0.07754898071289062
500,7.4,14.681600000000005,2.9600000000000004,1,1,1,10,0.9591595882954235,0.6278839339539113,0.4006788730621338,0.08712315559387207
500,7.4,14.681600000000005,2.9600000000000004,1,1,1,11,0.9468904914751155,0.7244109054990527,0.41058945655822754,0.0785059928894043
500,7.4,14.681600000000005,2.9600000000000004,1,1,1,12,0.9689760291359842,0.7555212592506475,0.42864346504211426,0.08817648887634277
500,7.4,14.681600000000005,2.9600000000000004,1,1,1,13,1.2516612009953851,0.8084687111164657,0.5542566776275635,0.1148829460144043
500,7.4,14.681600000000005,2.9600000000000004,1,1,1,14,1.1477405582146811,0.9028075114831651,0.4120903015136719,0.086029052734375
500,7.4,14.681600000000005,2.9600000000000004,1,1,1,15,0.9515564718131798,0.745760596538527,0.412980318069458,0.07961273193359375
500,7.4,14.681600000000005,2.9600000000000004,1,1,1,16,0.9474159555140151,0.7573104225492577,0.418503999710083,0.08244705200195312
500,7.4,14.681600000000005,2.9600000000000004,1,1,1,17,0.8101658819718428,0.6544237350392796,0.42253971099853516,0.08957242965698242
500,7.4,14.681600000000005,2.9600000000000004,1,1,1,18,0.9096098167925462,0.7528515762432633,0.4314408302307129,0.08402752876281738
500,7.4,14.681600000000005,2.9600000000000004,1,1,1,19,2.691805508905227,1.9636326504508215,0.46022653579711914,0.09060406684875488
500,7.4,14.681600000000005,2.9600000000000004,1,1,1,20,0.9664996962134327,0.7007856892099937,0.528825044631958,0.08866715431213379
500,7.4,14.681600000000005,2.9600000000000004,1,1,1,21,0.9520750691171749,0.7517378397961193,0.4512209892272949,0.09046077728271484
500,7.4,14.681600000000005,2.9600000000000004,1,1,1,22,2.7090719500706952,1.5928648404393446,0.4222602844238281,0.09395074844360352
500,7.4,14.681600000000005,2.9600000000000004,1,1,1,23,0.9790043061638847,0.7923962837411451,0.484499454498291,0.09491562843322754
500,7.4,14.681600000000005,2.9600000000000004,1,1,1,24,0.9510250078750878,0.6676496259469293,0.5020513534545898,0.10149765014648438
500,7.6000000000000005,15.321600000000005,3.0400000000000005,1,1,1,0,1.2715418142609183,1.046042147381538,0.4415726661682129,0.08629083633422852
500,7.6000000000000005,15.321600000000005,3.0400000000000005,1,1,1,1,1.2961427509584322,0.7988317226646761,0.6147420406341553,0.09998750686645508
500,7.6000000000000005,15.321600000000005,3.0400000000000005,1,1,1,2,1.0356725741364503,0.7352246256968121,0.5299403667449951,0.09355568885803223
500,7.6000000000000005,15.321600000000005,3.0400000000000005,1,1,1,3,1.0609032530879343,0.6625826835215066,0.4851868152618408,0.10237932205200195
500,7.6000000000000005,15.321600000000005,3.0400000000000005,1,1,1,4,0.8982177060997458,0.6169305461434963,0.5528991222381592,0.1041107177734375
500,7.6000000000000005,15.321600000000005,3.0400000000000005,1,1,1,5,0.9672738248800696,0.6664623609475003,0.5384049415588379,0.12335681915283203
500,7.6000000000000005,15.321600000000005,3.0400000000000005,1,1,1,6,1.0602885945601614,0.7127641212321237,0.5340921878814697,0.1066291332244873
500,7.6000000000000005,15.321600000000005,3.0400000000000005,1,1,1,7,1.073024714853672,0.8282764558935649,0.6917374134063721,0.13532161712646484
500,7.6000000000000005,15.321600000000005,3.0400000000000005,1,1,1,8,0.9683532854336907,0.6178866207972533,0.6000990867614746,0.10494422912597656
500,7.6000000000000005,15.321600000000005,3.0400000000000005,1,1,1,9,1.1953362381978545,0.7708269888084148,0.517786979675293,0.11955785751342773
500,7.6000000000000005,15.321600000000005,3.0400000000000005,1,1,1,10,1.1009053552265176,0.790169659927046,0.5442578792572021,0.10164546966552734
500,7.6000000000000005,15.321600000000005,3.0400000000000005,1,1,1,11,2.4651153386195244,0.6142901753570963,0.5864913463592529,0.11397910118103027
500,7.6000000000000005,15.321600000000005,3.0400000000000005,1,1,1,12,0.9963540331943187,0.8180114614047521,0.6210403442382812,0.11862540245056152
500,7.6000000000000005,15.321600000000005,3.0400000000000005,1,1,1,13,0.9951969243853982,0.6856924875708621,0.6327998638153076,0.12641525268554688
500,7.6000000000000005,15.321600000000005,3.0400000000000005,1,1,1,14,0.8952872481011881,0.7988721427236962,0.5268254280090332,0.1160879135131836
500,7.6000000000000005,15.321600000000005,3.0400000000000005,1,1,1,15,0.9762500747046661,0.7174404380262019,0.5257511138916016,0.09939932823181152
500,7.6000000000000005,15.321600000000005,3.0400000000000005,1,1,1,16,1.2004499841036158,0.7984079716429233,0.5508260726928711,0.09818148612976074
500,7.6000000000000005,15.321600000000005,3.0400000000000005,1,1,1,17,1.1583591909941833,0.7861291812296607,0.5268895626068115,0.10056304931640625
500,7.6000000000000005,15.321600000000005,3.0400000000000005,1,1,1,18,1.0310516561889507,0.6756082907521976,0.7235357761383057,0.1387488842010498
500,7.6000000000000005,15.321600000000005,3.0400000000000005,1,1,1,19,1.1741627376522097,1.005716272294911,0.6344022750854492,0.11178064346313477
500,7.6000000000000005,15.321600000000005,3.0400000000000005,1,1,1,20,0.9679395142858473,0.6367712780521589,0.5862164497375488,0.1295478343963623
500,7.6000000000000005,15.321600000000005,3.0400000000000005,1,1,1,21,0.9621649919063718,0.8771592102928583,0.5308969020843506,0.1068720817565918
500,7.6000000000000005,15.321600000000005,3.0400000000000005,1,1,1,22,1.7077479369941284,0.7436658219997812,0.535761833190918,0.1114494800567627
500,7.6000000000000005,15.321600000000005,3.0400000000000005,1,1,1,23,1.06532156935726,0.7643077080948353,0.5965549945831299,0.11949300765991211
500,7.6000000000000005,15.321600000000005,3.0400000000000005,1,1,1,24,1.1793592374508013,0.9154808268693833,0.6733348369598389,0.12458920478820801
500,7.800000000000001,15.974400000000006,3.1200000000000006,1,1,1,0,0.9488489967912657,0.7256487144421506,0.5198915004730225,0.10866832733154297
500,7.800000000000001,15.974400000000006,3.1200000000000006,1,1,1,1,2.722179253991447,0.8465837029660895,0.5063550472259521,0.1130533218383789
500,7.800000000000001,15.974400000000006,3.1200000000000006,1,1,1,2,1.2004038365921246,0.8003749564214583,0.5446908473968506,0.11971187591552734
500,7.800000000000001,15.974400000000006,3.1200000000000006,1,1,1,3,1.3031938145209123,0.7408349481748217,0.5111830234527588,0.11010885238647461
500,7.800000000000001,15.974400000000006,3.1200000000000006,1,1,1,4,1.2034055845767115,1.0879320552023255,0.6229772567749023,0.11182761192321777
500,7.800000000000001,15.974400000000006,3.1200000000000006,1,1,1,5,1.9255348382003021,0.8456093685648558,0.6912581920623779,0.13143658638000488
500,7.800000000000001,15.974400000000006,3.1200000000000006,1,1,1,6,1.493896004183283,1.1285433568215606,0.5576133728027344,0.11210060119628906
500,7.800000000000001,15.974400000000006,3.1200000000000006,1,1,1,7,1.1600190477971273,0.7889465588702267,0.5047070980072021,0.12425637245178223
500,7.800000000000001,15.974400000000006,3.1200000000000006,1,1,1,8,1.009249901251409,0.7788281483513428,0.5205528736114502,0.11725854873657227
500,7.800000000000001,15.974400000000006,3.1200000000000006,1,1,1,9,1.28572366683232,0.783379952850523,0.5325198173522949,0.13192534446716309
500,7.800000000000001,15.974400000000006,3.1200000000000006,1,1,1,10,2.7941749584285462,1.67961040738735,0.7263643741607666,0.12032437324523926
500,7.800000000000001,15.974400000000006,3.1200000000000006,1,1,1,11,1.1431086701658482,0.7978944658954932,0.5153257846832275,0.09858918190002441
500,7.800000000000001,15.974400000000006,3.1200000000000006,1,1,1,12,1.3529216082219255,0.9423425028406011,0.546165943145752,0.1017751693725586
500,7.800000000000001,15.974400000000006,3.1200000000000006,1,1,1,13,2.6773883911421805,1.0451574070718719,0.5262703895568848,0.10880446434020996
500,7.800000000000001,15.974400000000006,3.1200000000000006,1,1,1,14,1.548995649331147,0.6269319072489073,0.523475170135498,0.12832927703857422
500,7.800000000000001,15.974400000000006,3.1200000000000006,1,1,1,15,2.809969192366766,0.7776925147385785,0.5993196964263916,0.14035511016845703
500,7.800000000000001,15.974400000000006,3.1200000000000006,1,1,1,16,1.5435837170647644,1.248197346167528,0.6877810955047607,0.09650158882141113
500,7.800000000000001,15.974400000000006,3.1200000000000006,1,1,1,17,1.043352543122835,0.9555869791728651,0.5435025691986084,0.10147452354431152
500,7.800000000000001,15.974400000000006,3.1200000000000006,1,1,1,18,1.0437796974983569,0.9421200514848179,0.5024147033691406,0.09751343727111816
500,7.800000000000001,15.974400000000006,3.1200000000000006,1,1,1,19,1.1985826120604073,0.7797265405899322,0.45787882804870605,0.10392141342163086
500,7.800000000000001,15.974400000000006,3.1200000000000006,1,1,1,20,2.1237235256709406,0.6851490684932479,0.4892756938934326,0.11688780784606934
500,7.800000000000001,15.974400000000006,3.1200000000000006,1,1,1,21,0.9807086855666586,0.7059033702031258,0.6647732257843018,0.11622357368469238
500,7.800000000000001,15.974400000000006,3.1200000000000006,1,1,1,22,1.0636301218661153,1.181460799649731,0.49704480171203613,0.11230111122131348
500,7.800000000000001,15.974400000000006,3.1200000000000006,1,1,1,23,1.0961338159155818,1.002720163992685,0.5712237358093262,0.09977841377258301
500,7.800000000000001,15.974400000000006,3.1200000000000006,1,1,1,24,1.1379037860064545,0.8898758131413972,0.5430974960327148,0.11164402961730957
500,8.0,16.64,3.2,1,1,1,0,2.763900800423118,1.2811120820511908,0.5293941497802734,0.0916450023651123
500,8.0,16.64,3.2,1,1,1,1,1.2388735374655664,0.7654185969832117,0.5219008922576904,0.11955547332763672
500,8.0,16.64,3.2,1,1,1,2,1.589238320816991,0.835652846382189,0.603809118270874,0.1000368595123291
500,8.0,16.64,3.2,1,1,1,3,1.3109581630506586,0.9921101323784908,0.4593803882598877,0.1032872200012207
500,8.0,16.64,3.2,1,1,1,4,2.7411254714790583,0.8567945001190118,0.4283885955810547,0.09599876403808594
500,8.0,16.64,3.2,1,1,1,5,2.8170756790417655,1.410832156493909,0.455733060836792,0.1017618179321289
500,8.0,16.64,3.2,1,1,1,6,2.3152572161899885,0.9495967332397943,0.46994924545288086,0.08391761779785156
500,8.0,16.64,3.2,1,1,1,7,2.8265481887905985,2.074421406090653,0.47022294998168945,0.10541152954101562
500,8.0,16.64,3.2,1,1,1,8,2.825747746533172,1.126191257087759,0.6534018516540527,0.09457230567932129
500,8.0,16.64,3.2,1,1,1,9,1.125561343093157,0.7148463864438784,0.5238721370697021,0.10148954391479492
500,8.0,16.64,3.2,1,1,1,10,2.3425734711580986,0.8421058348368143,0.4992249011993408,0.1001131534576416
500,8.0,16.64,3.2,1,1,1,11,1.0875290245269922,0.7325036570448311,0.5016255378723145,0.10059833526611328
500,8.0,16.64,3.2,1,1,1,12,1.38253880397546,0.7645502395553684,0.557060718536377,0.08004975318908691
500,8.0,16.64,3.2,1,1,1,13,1.2839368102055426,1.1326232566150913,0.5510077476501465,0.13072705268859863
500,8.0,16.64,3.2,1,1,1,14,1.2094866406758507,0.9928167128955964,0.6891074180603027,0.12386488914489746
500,8.0,16.64,3.2,1,1,1,15,1.1257369736887919,0.9531084066272685,0.5125687122344971,0.12267732620239258
500,8.0,16.64,3.2,1,1,1,16,2.557709799272003,0.8549813849781568,0.5652632713317871,0.11857914924621582
500,8.0,16.64,3.2,1,1,1,17,2.789455386322095,1.2122294154927165,0.5311546325683594,0.11266660690307617
500,8.0,16.64,3.2,1,1,1,18,2.508752607974187,1.090587346236584,0.5303535461425781,0.10961556434631348
500,8.0,16.64,3.2,1,1,1,19,2.147482321984657,0.934555535117174,0.667841911315918,0.13614988327026367
500,8.0,16.64,3.2,1,1,1,20,2.822387337050809,1.7754828721008582,0.6726629734039307,0.08648538589477539
500,8.0,16.64,3.2,1,1,1,21,2.8279652406413076,2.42760206528274,0.5333614349365234,0.0824587345123291
500,8.0,16.64,3.2,1,1,1,22,1.0305563634540027,0.7162902263731653,0.4784526824951172,0.10460638999938965
500,8.0,16.64,3.2,1,1,1,23,2.2458165421686265,0.87883448178708,0.4794950485229492,0.1212005615234375
500,8.0,16.64,3.2,1,1,1,24,2.8282156469220587,0.9114944032921851,0.4453585147857666,0.09287095069885254
500,8.200000000000001,17.318400000000008,3.2800000000000007,1,1,1,0,2.774300205417334,0.7262506368831023,0.609642744064331,0.10663080215454102
500,8.200000000000001,17.318400000000008,3.2800000000000007,1,1,1,1,2.8103236440890993,1.1846493974934622,0.4544975757598877,0.10140490531921387
500,8.200000000000001,17.318400000000008,3.2800000000000007,1,1,1,2,2.8283541460260477,1.5942147739414874,0.4485776424407959,0.08244490623474121
500,8.200000000000001,17.318400000000008,3.2800000000000007,1,1,1,3,1.8315708688149448,0.9753274142342031,0.44313549995422363,0.08961176872253418
500,8.200000000000001,17.318400000000008,3.2800000000000007,1,1,1,4,2.140937888103672,2.175250434549963,0.4612104892730713,0.08999466896057129
500,8.200000000000001,17.318400000000008,3.2800000000000007,1,1,1,5,2.8283973983853756,2.762153097461109,0.45577001571655273,0.0692903995513916
500,8.200000000000001,17.318400000000008,3.2800000000000007,1,1,1,6,1.0970420222918005,0.8082761327605233,0.47696924209594727,0.1085197925567627
500,8.200000000000001,17.318400000000008,3.2800000000000007,1,1,1,7,2.815884520039996,0.8275025604759372,0.49536752700805664,0.09633755683898926
500,8.200000000000001,17.318400000000008,3.2800000000000007,1,1,1,8,2.7877337367495767,1.018071378779585,0.40467381477355957,0.07657480239868164
500,8.200000000000001,17.318400000000008,3.2800000000000007,1,1,1,9,2.6807902061508075,1.9055035718688966,0.41148900985717773,0.08428239822387695
500,8.200000000000001,17.318400000000008,3.2800000000000007,1,1,1,10,2.756814042639887,1.9986024602684398,0.48026561737060547,0.10756921768188477
500,8.200000000000001,17.318400000000008,3.2800000000000007,1,1,1,11,1.197635538352803,0.8530972883138317,0.5469472408294678,0.07803630828857422
500,8.200000000000001,17.318400000000008,3.2800000000000007,1,1,1,12,2.409673940695277,1.1974186056192202,0.4056377410888672,0.08019351959228516
500,8.200000000000001,17.318400000000008,3.2800000000000007,1,1,1,13,1.269056291240053,0.9822357429756311,0.5445621013641357,0.09362053871154785
500,8.200000000000001,17.318400000000008,3.2800000000000007,1,1,1,14,1.5355930825866717,0.8861822960099915,0.4319930076599121,0.08959531784057617
500,8.200000000000001,17.318400000000008,3.2800000000000007,1,1,1,15,1.4074120197240751,0.6776407225940424,0.42873239517211914,0.09018898010253906
500,8.200000000000001,17.318400000000008,3.2800000000000007,1,1,1,16,1.2775323081991767,0.7967956618149408,0.43207788467407227,0.07380795478820801
500,8.200000000000001,17.318400000000008,3.2800000000000007,1,1,1,17,1.3617046943896376,0.7894367010431707,0.4238584041595459,0.07532954216003418
500,8.200000000000001,17.318400000000008,3.2800000000000007,1,1,1,18,2.523435288827098,0.7509823602727073,0.3900303840637207,0.08873677253723145
500,8.200000000000001,17.318400000000008,3.2800000000000007,1,1,1,19,1.1018413770133764,1.3105550060304794,0.4043698310852051,0.07991576194763184
500,8.200000000000001,17.318400000000008,3.2800000000000007,1,1,1,20,1.0094298970391575,0.9196027704082724,0.5628979206085205,0.09852313995361328
500,8.200000000000001,17.318400000000008,3.2800000000000007,1,1,1,21,1.3190786744410188,0.8419124895641054,0.5227665901184082,0.08453059196472168
500,8.200000000000001,17.318400000000008,3.2800000000000007,1,1,1,22,2.8269526426413893,0.726438321897413,0.47668886184692383,0.09305667877197266
500,8.200000000000001,17.318400000000008,3.2800000000000007,1,1,1,23,2.814558039182479,1.634806921341184,0.42902374267578125,0.09528565406799316
500,8.200000000000001,17.318400000000008,3.2800000000000007,1,1,1,24,1.207238073529314,0.7710131063203396,0.44881725311279297,0.07742190361022949
500,8.4,18.009600000000002,3.3600000000000003,1,1,1,0,2.7757522819197136,2.6856118797074515,0.47265005111694336,0.09202003479003906
500,8.4,18.009600000000002,3.3600000000000003,1,1,1,1,2.8252108586780844,1.2072362088664657,0.4513061046600342,0.09804010391235352
500,8.4,18.009600000000002,3.3600000000000003,1,1,1,2,2.1026150881699803,1.011174118106576,0.6029736995697021,0.09652376174926758
500,8.4,18.009600000000002,3.3600000000000003,1,1,1,3,2.8218930345339404,1.5085548005949156,0.4926729202270508,0.09526777267456055
500,8.4,18.009600000000002,3.3600000000000003,1,1,1,4,2.7230932864935347,0.8154990663278395,0.4725832939147949,0.10532116889953613
500,8.4,18.009600000000002,3.3600000000000003,1,1,1,5,2.7050215692882986,1.5488427807610052,0.48419833183288574,0.1071932315826416
500,8.4,18.009600000000002,3.3600000000000003,1,1,1,6,2.575593639097503,1.0504223056853417,0.52642822265625,0.13280320167541504
500,8.4,18.009600000000002,3.3600000000000003,1,1,1,7,2.7731755279083323,1.646144688413149,0.5268769264221191,0.12497496604919434
500,8.4,18.009600000000002,3.3600000000000003,1,1,1,8,2.79712156929019,1.4377924678698963,0.789539098739624,0.1254119873046875
500,8.4,18.009600000000002,3.3600000000000003,1,1,1,9,2.6671377166490675,1.6949169288333585,0.7624814510345459,0.12714815139770508
500,8.4,18.009600000000002,3.3600000000000003,1,1,1,10,2.613630657573197,0.9769524816530343,0.5572021007537842,0.13817691802978516
500,8.4,18.009600000000002,3.3600000000000003,1,1,1,11,2.8284235342757906,0.9259621966306251,0.5910871028900146,0.08377981185913086
500,8.4,18.009600000000002,3.3600000000000003,1,1,1,12,2.827696868927047,1.30658294612454,0.5336127281188965,0.1017305850982666
500,8.4,18.009600000000002,3.3600000000000003,1,1,1,13,1.5248174200087579,0.8646797322010696,0.6545953750610352,0.11283755302429199
500,8.4,18.009600000000002,3.3600000000000003,1,1,1,14,2.8244830041303133,2.148506767962835,0.5984373092651367,0.09191775321960449
500,8.4,18.009600000000002,3.3600000000000003,1,1,1,15,1.1583501601148372,0.7544253699751375,0.5992496013641357,0.0810554027557373
500,8.4,18.009600000000002,3.3600000000000003,1,1,1,16,2.7073154870142604,2.474228450781207,0.5984811782836914,0.09842824935913086
500,8.4,18.009600000000002,3.3600000000000003,1,1,1,17,1.5570813013377764,0.8089402553580205,0.5811038017272949,0.10251688957214355
500,8.4,18.009600000000002,3.3600000000000003,1,1,1,18,2.681835725480519,1.3113755913501433,0.6667687892913818,0.1250627040863037
500,8.4,18.009600000000002,3.3600000000000003,1,1,1,19,2.8237013385190957,2.674240298992795,0.6947829723358154,0.1276247501373291
500,8.4,18.009600000000002,3.3600000000000003,1,1,1,20,2.228740729690822,0.9294284649933203,0.5061132907867432,0.118560791015625
500,8.4,18.009600000000002,3.3600000000000003,1,1,1,21,2.8018432331071526,0.8368855613505971,0.5427794456481934,0.10241079330444336
500,8.4,18.009600000000002,3.3600000000000003,1,1,1,22,2.3665580400372974,1.6802273272777097,0.52565598487854,0.09250092506408691
500,8.4,18.009600000000002,3.3600000000000003,1,1,1,23,1.175127606120489,1.0078635654840031,0.5352904796600342,0.11841726303100586
500,8.4,18.009600000000002,3.3600000000000003,1,1,1,24,2.2736682139485094,0.9543343890864132,0.652294397354126,0.14309382438659668
500,8.6,18.7136,3.44,1,1,1,0,1.3734115423455642,1.0896704721195474,0.5153377056121826,0.10753536224365234
500,8.6,18.7136,3.44,1,1,1,1,2.8249130888038536,1.118136252608509,0.5407013893127441,0.11364483833312988
500,8.6,18.7136,3.44,1,1,1,2,2.828424279493753,2.2685890365535677,0.5651509761810303,0.09834551811218262
500,8.6,18.7136,3.44,1,1,1,3,2.7638159458143385,1.4823878547058198,0.5776591300964355,0.11781573295593262
500,8.6,18.7136,3.44,1,1,1,4,2.8284198794226105,3.7947204479298713,0.7798209190368652,0.14952731132507324
500,8.6,18.7136,3.44,1,1,1,5,2.7025787463099666,2.1297803391965453,0.5299162864685059,0.12410998344421387
500,8.6,18.7136,3.44,1,1,1,6,2.7767171181066415,1.5790158575665694,0.5646655559539795,0.11856341361999512
500,8.6,18.7136,3.44,1,1,1,7,2.8274903784698044,1.3002690122542762,0.5466153621673584,0.11213541030883789
500,8.6,18.7136,3.44,1,1,1,8,2.827682836675311,0.9174681280400339,0.5640714168548584,0.10312080383300781
500,8.6,18.7136,3.44,1,1,1,9,2.0603971047192156,1.7406567564246926,0.6777563095092773,0.12053561210632324
500,8.6,18.7136,3.44,1,1,1,10,1.2637603261303225,0.8121216459934882,0.6810853481292725,0.1235189437866211
500,8.6,18.7136,3.44,1,1,1,11,2.794781437225683,0.8945065193176227,0.5452029705047607,0.09753870964050293
500,8.6,18.7136,3.44,1,1,1,12,2.388514615804397,1.5570914899431145,0.5718119144439697,0.10054302215576172
500,8.6,18.7136,3.44,1,1,1,13,2.8229472126484016,1.3224555957445068,0.5615870952606201,0.11251378059387207
500,8.6,18.7136,3.44,1,1,1,14,2.652109007226211,1.254734742534679,0.5741426944732666,0.09951901435852051
500,8.6,18.7136,3.44,1,1,1,15,2.8265806324527722,1.9381880464673313,0.7614080905914307,0.14952921867370605
500,8.6,18.7136,3.44,1,1,1,16,2.80581268831159,1.6583750653581073,0.5644268989562988,0.10799527168273926
500,8.6,18.7136,3.44,1,1,1,17,2.763388814229126,0.8115654750403973,0.5407707691192627,0.12439990043640137
500,8.6,18.7136,3.44,1,1,1,18,2.787543998106872,2.921723946021805,0.5342714786529541,0.11716485023498535
500,8.6,18.7136,3.44,1,1,1,19,2.763605360904417,2.2930711975033526,0.5793700218200684,0.1075143814086914
500,8.6,18.7136,3.44,1,1,1,20,2.4824209625816898,0.856632477511366,0.5793304443359375,0.13455605506896973
500,8.6,18.7136,3.44,1,1,1,21,2.4182180908670836,0.9827582566190729,0.6652588844299316,0.12906169891357422
500,8.6,18.7136,3.44,1,1,1,22,1.3898458700097138,1.2164438152902122,0.5335185527801514,0.11956024169921875
500,8.6,18.7136,3.44,1,1,1,23,1.302833858090507,0.8993146436331949,0.5368661880493164,0.10060763359069824
500,8.6,18.7136,3.44,1,1,1,24,1.3969036113929374,0.998422487716956,0.5461955070495605,0.12004756927490234
500,8.8,19.430400000000006,3.5200000000000005,1,1,1,0,2.613521117114514,1.8582774610726307,0.6421434879302979,0.12979412078857422
500,8.8,19.430400000000006,3.5200000000000005,1,1,1,1,2.819623390099386,1.023258272699833,0.6715655326843262,0.09298419952392578
500,8.8,19.430400000000006,3.5200000000000005,1,1,1,2,1.8698991680067116,0.9147445220772183,0.5235555171966553,0.10506296157836914
500,8.8,19.430400000000006,3.5200000000000005,1,1,1,3,2.7188140054293344,1.4815819546657938,0.48343372344970703,0.11304044723510742
500,8.8,19.430400000000006,3.5200000000000005,1,1,1,4,2.824648960063049,1.8365228004094414,0.4770195484161377,0.10650515556335449
500,8.8,19.430400000000006,3.5200000000000005,1,1,1,5,2.8045172729353647,1.572771159735871,0.5299465656280518,0.09556317329406738
500,8.8,19.430400000000006,3.5200000000000005,1,1,1,6,2.8181772649606702,1.8750446996972798,0.5917158126831055,0.12143635749816895
500,8.8,19.430400000000006,3.5200000000000005,1,1,1,7,2.566581408745908,1.673954648137206,0.595407247543335,0.13019657135009766
500,8.8,19.430400000000006,3.5200000000000005,1,1,1,8,2.823288760449501,1.5925135268458501,0.5034799575805664,0.11151409149169922
500,8.8,19.430400000000006,3.5200000000000005,1,1,1,9,2.5052677583279053,1.142060507632941,0.53291916847229,0.0984644889831543
500,8.8,19.430400000000006,3.5200000000000005,1,1,1,10,2.8216096156919264,1.9935994850841738,0.5792531967163086,0.09846043586730957
500,8.8,19.430400000000006,3.5200000000000005,1,1,1,11,2.755957742782821,0.9947068929224565,0.5273211002349854,0.10950970649719238
500,8.8,19.430400000000006,3.5200000000000005,1,1,1,12,2.7984063887181914,1.725505753909586,0.5741212368011475,0.1345534324645996
500,8.8,19.430400000000006,3.5200000000000005,1,1,1,13,2.8256004307758866,1.4657723786169359,0.5961997509002686,0.10773396492004395
500,8.8,19.430400000000006,3.5200000000000005,1,1,1,14,2.8273728875356325,1.2578055433440112,0.48170018196105957,0.09824156761169434
500,8.8,19.430400000000006,3.5200000000000005,1,1,1,15,2.8265318209485555,1.9815550001970328,0.4386112689971924,0.09351754188537598
500,8.8,19.430400000000006,3.5200000000000005,1,1,1,16,2.828426978356131,5.5174590543928,0.4220905303955078,0.08251190185546875
500,8.8,19.430400000000006,3.5200000000000005,1,1,1,17,2.758264926130765,1.229432139285456,0.43707895278930664,0.08150839805603027
500,8.8,19.430400000000006,3.5200000000000005,1,1,1,18,2.195672895582429,1.117590058215029,0.4507029056549072,0.10053181648254395
500,8.8,19.430400000000006,3.5200000000000005,1,1,1,19,2.465273224340922,1.3648821649345357,0.5368726253509521,0.09153103828430176
500,8.8,19.430400000000006,3.5200000000000005,1,1,1,20,2.8283254161017473,1.6304611398541715,0.4311058521270752,0.08851003646850586
500,8.8,19.430400000000006,3.5200000000000005,1,1,1,21,2.814617135255366,1.1983223799341112,0.4533514976501465,0.093536376953125
500,8.8,19.430400000000006,3.5200000000000005,1,1,1,22,2.7988982752990266,2.416608660294033,0.41211819648742676,0.09379935264587402
500,8.8,19.430400000000006,3.5200000000000005,1,1,1,23,2.699421906998474,0.8984818108895348,0.4075596332550049,0.08051323890686035
500,8.8,19.430400000000006,3.5200000000000005,1,1,1,24,2.69936725271446,0.7949934266410832,0.41110682487487793,0.07351088523864746
500,9.0,20.16,3.6,1,1,1,0,2.827479040681646,2.96952655350757,0.5334594249725342,0.09553766250610352
500,9.0,20.16,3.6,1,1,1,1,2.7748679966997862,1.9091526977755422,0.4721393585205078,0.09221124649047852
500,9.0,20.16,3.6,1,1,1,2,2.6344929207378702,1.656759413511916,0.39008188247680664,0.07548928260803223
500,9.0,20.16,3.6,1,1,1,3,2.561240083613969,1.0485455633465317,0.4156179428100586,0.08250594139099121
500,9.0,20.16,3.6,1,1,1,4,2.8042163683244388,1.517201856522895,0.38371729850769043,0.07715845108032227
500,9.0,20.16,3.6,1,1,1,5,2.8259588197948378,1.4793691607236763,0.365642786026001,0.07753372192382812
500,9.0,20.16,3.6,1,1,1,6,2.8234703594927604,1.6355122889674094,0.38709139823913574,0.07949018478393555
500,9.0,20.16,3.6,1,1,1,7,2.828212303700898,1.5894553733035928,0.44193315505981445,0.09254622459411621
500,9.0,20.16,3.6,1,1,1,8,2.7451564685654346,2.053072709573748,0.5061652660369873,0.08000016212463379
500,9.0,20.16,3.6,1,1,1,9,2.826110613261295,1.3882272707487164,0.39372920989990234,0.07502388954162598
500,9.0,20.16,3.6,1,1,1,10,2.231100198952142,2.1658871769466357,0.40335583686828613,0.0895388126373291
500,9.0,20.16,3.6,1,1,1,11,2.733975035302053,1.073880864221862,0.41396236419677734,0.07398605346679688
500,9.0,20.16,3.6,1,1,1,12,2.81302065249566,3.0246840681730762,0.4330780506134033,0.07996511459350586
500,9.0,20.16,3.6,1,1,1,13,2.825586606343068,2.5498722782409744,0.41141343116760254,0.0820457935333252
500,9.0,20.16,3.6,1,1,1,14,2.521850073451331,1.7475561541674478,0.4689006805419922,0.09658336639404297
500,9.0,20.16,3.6,1,1,1,15,2.799609947516161,1.6325875759282444,0.48819994926452637,0.08241701126098633
500,9.0,20.16,3.6,1,1,1,16,2.8283528584100504,1.2592587179514,0.4490201473236084,0.07851505279541016
500,9.0,20.16,3.6,1,1,1,17,2.622217167958156,1.4406951654423736,0.4631795883178711,0.09406828880310059
500,9.0,20.16,3.6,1,1,1,18,2.8210715976369447,1.6776479146954242,0.45898985862731934,0.09362649917602539
500,9.0,20.16,3.6,1,1,1,19,2.8167729594082167,1.8220705948684461,0.46730470657348633,0.08550858497619629
500,9.0,20.16,3.6,1,1,1,20,2.826710566636142,1.7674693766244556,0.48374247550964355,0.09552192687988281
500,9.0,20.16,3.6,1,1,1,21,2.823167497727367,2.011725020657355,0.6734127998352051,0.11108589172363281
500,9.0,20.16,3.6,1,1,1,22,2.827899545626039,1.9115368914386957,0.607125997543335,0.12482523918151855
500,9.0,20.16,3.6,1,1,1,23,2.757477163516584,1.539424506612673,0.6426172256469727,0.09138321876525879
500,9.0,20.16,3.6,1,1,1,24,2.82839628882865,2.6915129864698244,0.562842607498169,0.09796333312988281
500,9.200000000000001,20.902400000000007,3.6800000000000006,1,1,1,0,2.771388946462774,2.5050375120448223,0.5648999214172363,0.09705281257629395
500,9.200000000000001,20.902400000000007,3.6800000000000006,1,1,1,1,2.827500610924682,2.5430094337794866,0.7032625675201416,0.14752459526062012
500,9.200000000000001,20.902400000000007,3.6800000000000006,1,1,1,2,2.828420129655205,4.240952410819247,0.6099650859832764,0.09801125526428223
500,9.200000000000001,20.902400000000007,3.6800000000000006,1,1,1,3,2.8282328146956544,3.426323851485626,0.5585205554962158,0.10007810592651367
500,9.200000000000001,20.902400000000007,3.6800000000000006,1,1,1,4,2.737821915107696,1.0423554980878373,0.5456697940826416,0.11307168006896973
500,9.200000000000001,20.902400000000007,3.6800000000000006,1,1,1,5,2.7457619285304897,3.0084782529675627,0.5817217826843262,0.09753108024597168
500,9.200000000000001,20.902400000000007,3.6800000000000006,1,1,1,6,2.82828954288666,4.745546213659334,0.6313996315002441,0.11638450622558594
500,9.200000000000001,20.902400000000007,3.6800000000000006,1,1,1,7,2.826633782541235,2.4270171218674306,0.6810593605041504,0.15937113761901855
500,9.200000000000001,20.902400000000007,3.6800000000000006,1,1,1,8,2.828218879994043,1.6303849158188914,0.5697479248046875,0.11910080909729004
500,9.200000000000001,20.902400000000007,3.6800000000000006,1,1,1,9,2.826752900774548,1.980479025601708,0.5362310409545898,0.1055138111114502
500,9.200000000000001,20.902400000000007,3.6800000000000006,1,1,1,10,2.828174282955388,1.7652220644016428,0.5838966369628906,0.10451531410217285
500,9.200000000000001,20.902400000000007,3.6800000000000006,1,1,1,11,2.827270264513606,1.5209213961853123,0.5591552257537842,0.10155940055847168
500,9.200000000000001,20.902400000000007,3.6800000000000006,1,1,1,12,2.8217756148611968,2.673156258182477,0.7057852745056152,0.13317513465881348
500,9.200000000000001,20.902400000000007,3.6800000000000006,1,1,1,13,2.8244473842020117,1.1694159143327714,0.5843110084533691,0.10249686241149902
500,9.200000000000001,20.902400000000007,3.6800000000000006,1,1,1,14,2.8024056025548623,2.0101705981852174,0.5592679977416992,0.0980539321899414
500,9.200000000000001,20.902400000000007,3.6800000000000006,1,1,1,15,2.8235751885958744,2.0707598121573283,0.5706541538238525,0.10122394561767578
500,9.200000000000001,20.902400000000007,3.6800000000000006,1,1,1,16,2.8198775440038646,1.9359934121305262,0.6018157005310059,0.09040284156799316
500,9.200000000000001,20.902400000000007,3.6800000000000006,1,1,1,17,2.811581843752395,2.183986355734598,0.6669082641601562,0.1326158046722412
500,9.200000000000001,20.902400000000007,3.6800000000000006,1,1,1,18,2.8242580780973534,2.325192612620362,0.764634370803833,0.10843372344970703
500,9.200000000000001,20.902400000000007,3.6800000000000006,1,1,1,19,2.8157971912649353,2.1608969533343876,0.5573534965515137,0.09641695022583008
500,9.200000000000001,20.902400000000007,3.6800000000000006,1,1,1,20,2.806211180194858,2.4702238113777035,0.552417516708374,0.11530089378356934
500,9.200000000000001,20.902400000000007,3.6800000000000006,1,1,1,21,2.8243628034490356,1.7290466978444696,0.522221565246582,0.09943532943725586
500,9.200000000000001,20.902400000000007,3.6800000000000006,1,1,1,22,2.827011258440655,2.0958452585242178,0.5434937477111816,0.11809873580932617
500,9.200000000000001,20.902400000000007,3.6800000000000006,1,1,1,23,2.828229274138319,3.5684838401126293,0.7229797840118408,0.11952471733093262
500,9.200000000000001,20.902400000000007,3.6800000000000006,1,1,1,24,2.825555354998147,2.2270628828655306,0.53468918800354,0.11401534080505371
500,9.4,21.657600000000002,3.7600000000000002,1,1,1,0,2.820788842737262,2.096567475121134,0.5522468090057373,0.11754655838012695
500,9.4,21.657600000000002,3.7600000000000002,1,1,1,1,2.8283814344569675,3.853245414141175,0.526777982711792,0.11442184448242188
500,9.4,21.657600000000002,3.7600000000000002,1,1,1,2,2.8275704476330024,1.206777437260512,0.5749866962432861,0.08191156387329102
500,9.4,21.657600000000002,3.7600000000000002,1,1,1,3,2.82839630839997,4.208669195164534,0.6337924003601074,0.15056228637695312
500,9.4,21.657600000000002,3.7600000000000002,1,1,1,4,2.825409690314591,2.15038198258419,0.6811060905456543,0.1213533878326416
500,9.4,21.657600000000002,3.7600000000000002,1,1,1,5,2.8284251379236744,2.977231025358815,0.5438766479492188,0.11341047286987305
500,9.4,21.657600000000002,3.7600000000000002,1,1,1,6,2.82812255214609,1.4511340355943305,0.5487675666809082,0.10740780830383301
500,9.4,21.657600000000002,3.7600000000000002,1,1,1,7,2.8279457126812577,2.5128319884241703,0.5574588775634766,0.10051178932189941
500,9.4,21.657600000000002,3.7600000000000002,1,1,1,8,2.8280350981929696,2.739893146601401,0.6078536510467529,0.0974118709564209
500,9.4,21.657600000000002,3.7600000000000002,1,1,1,9,2.828427061711033,1.6264361998695116,0.5597546100616455,0.13984274864196777
500,9.4,21.657600000000002,3.7600000000000002,1,1,1,10,2.5702272528764003,1.0583838162389791,0.5685133934020996,0.09448361396789551
500,9.4,21.657600000000002,3.7600000000000002,1,1,1,11,2.828390314082512,1.7894172162130988,0.5585558414459229,0.11643433570861816
500,9.4,21.657600000000002,3.7600000000000002,1,1,1,12,2.828219242606512,2.650198443072059,0.5279405117034912,0.12912583351135254
500,9.4,21.657600000000002,3.7600000000000002,1,1,1,13,2.8276017878294777,1.9798855892272906,0.6089413166046143,0.11859321594238281
500,9.4,21.657600000000002,3.7600000000000002,1,1,1,14,2.785483959087446,2.7354978140596455,0.8345582485198975,0.175065279006958
500,9.4,21.657600000000002,3.7600000000000002,1,1,1,15,2.8273577033589268,2.6674929861217938,0.522897481918335,0.09791278839111328
500,9.4,21.657600000000002,3.7600000000000002,1,1,1,16,2.7966732071097145,1.8954904188363577,0.5505602359771729,0.10007476806640625
500,9.4,21.657600000000002,3.7600000000000002,1,1,1,17,2.8242676338400368,2.1113420621422447,0.5136971473693848,0.11031198501586914
500,9.4,21.657600000000002,3.7600000000000002,1,1,1,18,2.81022036546246,1.7127867912569201,0.5358383655548096,0.09380459785461426
500,9.4,21.657600000000002,3.7600000000000002,1,1,1,19,2.80963405298128,1.818248155893644,0.6049976348876953,0.1222691535949707
500,9.4,21.657600000000002,3.7600000000000002,1,1,1,20,2.814599498542011,2.0820163559861156,0.7451915740966797,0.14149713516235352
500,9.4,21.657600000000002,3.7600000000000002,1,1,1,21,2.821353891607118,2.7480530656977358,0.6099390983581543,0.08799362182617188
500,9.4,21.657600000000002,3.7600000000000002,1,1,1,22,2.784353112272598,1.9723862331148374,0.6099057197570801,0.08362102508544922
500,9.4,21.657600000000002,3.7600000000000002,1,1,1,23,2.717120058554133,1.568415490442587,0.548039436340332,0.11264467239379883
500,9.4,21.657600000000002,3.7600000000000002,1,1,1,24,2.8283509193447296,1.289420778341774,0.632904052734375,0.09503746032714844
500,9.600000000000001,22.425600000000006,3.8400000000000007,1,1,1,0,2.8282529491555906,2.640385527530717,0.8328604698181152,0.15145254135131836
500,9.600000000000001,22.425600000000006,3.8400000000000007,1,1,1,1,2.828422662485404,3.3889905272890033,0.5562658309936523,0.09852242469787598
500,9.600000000000001,22.425600000000006,3.8400000000000007,1,1,1,2,2.8284253087098277,3.993236848865704,0.5512700080871582,0.10453605651855469
500,9.600000000000001,22.425600000000006,3.8400000000000007,1,1,1,3,2.8278807286665595,2.7877629411485527,0.5712699890136719,0.09628438949584961
500,9.600000000000001,22.425600000000006,3.8400000000000007,1,1,1,4,2.8284169954134186,4.424305870526122,0.5561237335205078,0.11150002479553223
500,9.600000000000001,22.425600000000006,3.8400000000000007,1,1,1,5,2.828282750200755,2.6087603586872556,0.6603865623474121,0.12858796119689941
500,9.600000000000001,22.425600000000006,3.8400000000000007,1,1,1,6,2.828326980127712,1.8938120805364598,0.622211217880249,0.1011044979095459
500,9.600000000000001,22.425600000000006,3.8400000000000007,1,1,1,7,2.827177900561195,2.769567216617607,0.5348944664001465,0.11999726295471191
500,9.600000000000001,22.425600000000006,3.8400000000000007,1,1,1,8,2.8284167709979298,3.535183771453966,0.6421329975128174,0.11763477325439453
500,9.600000000000001,22.425600000000006,3.8400000000000007,1,1,1,9,2.828326250622392,2.0104827125737526,0.7702150344848633,0.1406698226928711
500,9.600000000000001,22.425600000000006,3.8400000000000007,1,1,1,10,2.828423572745522,4.087519755188911,0.5791122913360596,0.12266230583190918
500,9.600000000000001,22.425600000000006,3.8400000000000007,1,1,1,11,2.8284262639849196,4.060888259831483,0.6373851299285889,0.11165714263916016
500,9.600000000000001,22.425600000000006,3.8400000000000007,1,1,1,12,2.8283140062098178,3.867504441545707,0.5400145053863525,0.10765790939331055
500,9.600000000000001,22.425600000000006,3.8400000000000007,1,1,1,13,2.8284270743686393,2.672608098336814,0.5350794792175293,0.10454559326171875
500,9.600000000000001,22.425600000000006,3.8400000000000007,1,1,1,14,2.8283945017574292,3.493077340987266,0.5210566520690918,0.12061500549316406
500,9.600000000000001,22.425600000000006,3.8400000000000007,1,1,1,15,2.828418421525394,3.389451627598512,0.46016573905944824,0.10550117492675781
500,9.600000000000001,22.425600000000006,3.8400000000000007,1,1,1,16,2.828143841017676,1.9230054361836435,0.5003459453582764,0.12960243225097656
500,9.600000000000001,22.425600000000006,3.8400000000000007,1,1,1,17,2.8147852115896197,2.105648193485718,0.5883378982543945,0.10865283012390137
500,9.600000000000001,22.425600000000006,3.8400000000000007,1,1,1,18,2.8237638759603585,1.8146265682773104,0.4722318649291992,0.09161043167114258
500,9.600000000000001,22.425600000000006,3.8400000000000007,1,1,1,19,2.8278709832051487,1.9750628082533486,0.440777063369751,0.09365463256835938
500,9.600000000000001,22.425600000000006,3.8400000000000007,1,1,1,20,2.8282736908853927,3.574730606081672,0.4480631351470947,0.0834343433380127
500,9.600000000000001,22.425600000000006,3.8400000000000007,1,1,1,21,2.8271794031402147,1.3004533638707505,0.5557527542114258,0.09074544906616211
500,9.600000000000001,22.425600000000006,3.8400000000000007,1,1,1,22,2.828374970536879,2.684120716422951,0.4345400333404541,0.08658218383789062
500,9.600000000000001,22.425600000000006,3.8400000000000007,1,1,1,23,2.820883201417535,2.3295036508343543,0.5129966735839844,0.10341382026672363
500,9.600000000000001,22.425600000000006,3.8400000000000007,1,1,1,24,2.828310316575268,2.5419152838431383,0.46342039108276367,0.0885624885559082
500,9.8,23.206400000000002,3.9200000000000004,1,1,1,0,2.8282076099765874,4.3352218959697435,0.418407678604126,0.08608031272888184
500,9.8,23.206400000000002,3.9200000000000004,1,1,1,1,2.8271315032883195,1.8371985157489903,0.42797303199768066,0.0764474868774414
500,9.8,23.206400000000002,3.9200000000000004,1,1,1,2,2.8282398464312237,2.457826397859743,0.42258667945861816,0.08708524703979492
500,9.8,23.206400000000002,3.9200000000000004,1,1,1,3,2.821187049441788,1.7733972086382788,0.3820009231567383,0.07554411888122559
500,9.8,23.206400000000002,3.9200000000000004,1,1,1,4,2.8284067736683647,2.276804826913947,0.4044806957244873,0.09056258201599121
500,9.8,23.206400000000002,3.9200000000000004,1,1,1,5,2.828267100986583,2.4546305053902056,0.5203442573547363,0.08164000511169434
500,9.8,23.206400000000002,3.9200000000000004,1,1,1,6,2.828425314980675,6.144395904370924,0.40781736373901367,0.09167742729187012
500,9.8,23.206400000000002,3.9200000000000004,1,1,1,7,2.8284254559065696,3.714109706353494,0.4700031280517578,0.09009432792663574
500,9.8,23.206400000000002,3.9200000000000004,1,1,1,8,2.8236438191992512,1.9031420742840448,0.46629905700683594,0.07206606864929199
500,9.8,23.206400000000002,3.9200000000000004,1,1,1,9,2.828232010996238,1.6808553401250406,0.4033949375152588,0.08445382118225098
500,9.8,23.206400000000002,3.9200000000000004,1,1,1,10,2.828397348126276,4.550218875936912,0.40572237968444824,0.08896994590759277
500,9.8,23.206400000000002,3.9200000000000004,1,1,1,11,2.824098941445184,1.7544905529031571,0.4195539951324463,0.08593368530273438
500,9.8,23.206400000000002,3.9200000000000004,1,1,1,12,2.828422393054097,4.706375355573273,0.504796028137207,0.09715986251831055
500,9.8,23.206400000000002,3.9200000000000004,1,1,1,13,2.8283998784247495,4.827600170049772,0.4247324466705322,0.07994198799133301
500,9.8,23.206400000000002,3.9200000000000004,1,1,1,14,2.8284267719224503,3.641876259759395,0.4251079559326172,0.08994913101196289
500,9.8,23.206400000000002,3.9200000000000004,1,1,1,15,2.8282754750615333,2.7306200262968656,0.4282548427581787,0.07946109771728516
500,9.8,23.206400000000002,3.9200000000000004,1,1,1,16,2.8284158336477963,4.7139551816255985,0.47425365447998047,0.09525394439697266
500,9.8,23.206400000000002,3.9200000000000004,1,1,1,17,2.823063263628584,3.0659528848098354,0.41646242141723633,0.09039759635925293
500,9.8,23.206400000000002,3.9200000000000004,1,1,1,18,2.828427108306152,5.068586937923965,0.5067980289459229,0.1025390625
500,9.8,23.206400000000002,3.9200000000000004,1,1,1,19,2.8283899851710363,3.382847018692871,0.529395341873169,0.10698246955871582
500,9.8,23.206400000000002,3.9200000000000004,1,1,1,20,2.8277172697404502,2.9262825415667155,0.47409558296203613,0.08001303672790527
500,9.8,23.206400000000002,3.9200000000000004,1,1,1,21,2.828426538320283,2.0511935790140092,0.4952559471130371,0.08442068099975586
500,9.8,23.206400000000002,3.9200000000000004,1,1,1,22,2.82663324988298,2.1456566149757537,0.511519193649292,0.09988617897033691
500,9.8,23.206400000000002,3.9200000000000004,1,1,1,23,2.8281503306588625,2.3533627010718616,0.5143892765045166,0.09777998924255371
500,9.8,23.206400000000002,3.9200000000000004,1,1,1,24,2.8284244513976313,4.370851850344147,0.5348515510559082,0.12705683708190918
