n,s1,1_p_s2,s2,beta,q,sqrt_q,rep_no,eigen_mat_rerr,eigen_mat_terr,eigen_mat_gerr,eigen_mat_ev_time,eigen_mat_cal_translation_time
500,2,0.0,0.0,1,1,1,0,0.09977734561413104,0.15135447397990698,0.21642825885830735,0.4567413330078125,0.1248772144317627
500,2,0.0,0.0,1,1,1,1,0.1146155879841819,0.16740865063348156,0.2421052295585724,0.6018638610839844,0.14073967933654785
500,2,0.0,0.0,1,1,1,2,0.10873481483299624,0.1548124527833153,0.21823756195502964,0.6376442909240723,0.13757109642028809
500,2,0.0,0.0,1,1,1,3,0.11537098278289423,0.13287914080387736,0.21140239230590527,0.6685185432434082,0.1456143856048584
500,2,0.0,0.0,1,1,1,4,0.1220453271434344,0.14062915716147867,0.21516381144101762,0.7515518665313721,0.12868499755859375
500,2,0.0,0.0,1,1,1,5,0.10832572187212408,0.1326912574268342,0.19825099652044167,0.6028668880462646,0.1491248607635498
500,2,0.0,0.0,1,1,1,6,0.09821744956672644,0.1302447683314369,0.20963283521145143,0.606168270111084,0.16027379035949707
500,2,0.0,0.0,1,1,1,7,0.11994948959421245,0.17584356994797593,0.26411878308578085,0.6375300884246826,0.1442415714263916
500,2,0.0,0.0,1,1,1,8,0.10880718772872486,0.12849419893598277,0.1991938850303,0.7249407768249512,0.17337512969970703
500,2,0.0,0.0,1,1,1,9,0.11616111061656201,0.15252064385942288,0.2216318389719656,0.6760296821594238,0.17693734169006348
500,2,0.0,0.0,1,1,1,10,0.0995283172911105,0.15734480104098464,0.2237252115394821,0.6244714260101318,0.17741656303405762
500,2,0.0,0.0,1,1,1,11,0.10082806789412367,0.13591871362351518,0.2335062647787886,0.6441662311553955,0.12430810928344727
500,2,0.0,0.0,1,1,1,12,0.12356713914776098,0.19504578804673786,0.2596383776062044,0.6399521827697754,0.13439583778381348
500,2,0.0,0.0,1,1,1,13,0.10632123547473288,0.13974187351650041,0.2460631089912333,0.7447526454925537,0.14308524131774902
500,2,0.0,0.0,1,1,1,14,0.11535566081007029,0.13480798022925342,0.20644361739768602,0.7975380420684814,0.151519775390625
500,2,0.0,0.0,1,1,1,15,0.09800749226939055,0.15332105175418217,0.21618304838931862,0.5947351455688477,0.1440258026123047
500,2,0.0,0.0,1,1,1,16,0.1062556859929767,0.12845989539982922,0.19285446898687764,0.5786714553833008,0.13673686981201172
500,2,0.0,0.0,1,1,1,17,0.1105916765676955,0.12200620031452765,0.20426074118028686,0.6412899494171143,0.1539318561553955
500,2,0.0,0.0,1,1,1,18,0.10839106362602266,0.11821756935077525,0.20580456097004418,0.7791318893432617,0.17766141891479492
500,2,0.0,0.0,1,1,1,19,0.1079970325999792,0.12599598538781376,0.20591386767421815,0.6164257526397705,0.13397836685180664
500,2,0.0,0.0,1,1,1,20,0.12818885765892554,0.13671722900324018,0.2082335287086668,0.6253855228424072,0.13283276557922363
500,2,0.0,0.0,1,1,1,21,0.09887925442656466,0.1674591508842065,0.2560833175859553,0.612105131149292,0.11161375045776367
500,2,0.0,0.0,1,1,1,22,0.11836121150750827,0.16334772443411577,0.23740335843013957,0.6434266567230225,0.15554213523864746
500,2,0.0,0.0,1,1,1,23,0.1076770937795083,0.14563883417407222,0.2262421505249133,0.767737865447998,0.13971757888793945
500,2,0.0,0.0,1,1,1,24,0.09401701401163713,0.12815377806874576,0.18826140727267315,0.5602455139160156,0.14704108238220215
500,2,0.44000000000000006,0.2,1,1,1,0,0.11417523571047085,0.14321382873232008,0.23849728701208134,0.6140897274017334,0.14986133575439453
500,2,0.44000000000000006,0.2,1,1,1,1,0.10728706808827196,0.204661017006191,0.2767458891284289,0.610640287399292,0.12686800956726074
500,2,0.44000000000000006,0.2,1,1,1,2,0.11346401824035923,0.1514064091331564,0.25485761041845334,0.6521761417388916,0.1361675262451172
500,2,0.44000000000000006,0.2,1,1,1,3,0.10871626202974943,0.1335627971800336,0.18950322905625494,0.8161823749542236,0.13977289199829102
500,2,0.44000000000000006,0.2,1,1,1,4,0.11725093505790704,0.11843560470725582,0.1841448252106095,0.5899271965026855,0.12149906158447266
500,2,0.44000000000000006,0.2,1,1,1,5,0.10682140254212745,0.1630669825318503,0.26741599976410907,0.6090233325958252,0.13029146194458008
500,2,0.44000000000000006,0.2,1,1,1,6,0.12280406606255453,0.18448819328557184,0.26812171259520196,0.6089465618133545,0.13495874404907227
500,2,0.44000000000000006,0.2,1,1,1,7,0.0947695104046276,0.143491205252085,0.22358084982894583,0.6511614322662354,0.12849879264831543
500,2,0.44000000000000006,0.2,1,1,1,8,0.11444475116128323,0.12838720001046566,0.18714277949004465,0.7557804584503174,0.16892790794372559
500,2,0.44000000000000006,0.2,1,1,1,9,0.11372120190524998,0.15599258190053134,0.22299872212036426,0.5509698390960693,0.12648534774780273
500,2,0.44000000000000006,0.2,1,1,1,10,0.11286953569747127,0.13485345147519676,0.23638133907601638,0.5500195026397705,0.12368202209472656
500,2,0.44000000000000006,0.2,1,1,1,11,0.11560428167546061,0.1536655175902115,0.22813328457454365,0.5587680339813232,0.11806535720825195
500,2,0.44000000000000006,0.2,1,1,1,12,0.10682205595240599,0.13865000126032256,0.2279734867969278,0.6123054027557373,0.14171767234802246
500,2,0.44000000000000006,0.2,1,1,1,13,0.09993638417397925,0.11713353967281956,0.19503155147246903,0.6910645961761475,0.1474905014038086
500,2,0.44000000000000006,0.2,1,1,1,14,0.1017285243067217,0.1398614989201199,0.21692586626891985,0.5171260833740234,0.10237240791320801
500,2,0.44000000000000006,0.2,1,1,1,15,0.11460076478297286,0.1599956544666027,0.24890467586693898,0.5592055320739746,0.11918330192565918
500,2,0.44000000000000006,0.2,1,1,1,16,0.12946165164422582,0.11928817418348948,0.20944054750465282,0.48450231552124023,0.10012197494506836
500,2,0.44000000000000006,0.2,1,1,1,17,0.09893163150543008,0.1522046703573606,0.2508899133877815,0.487107515335083,0.10051608085632324
500,2,0.44000000000000006,0.2,1,1,1,18,0.1151423572366534,0.13573370289272704,0.21908021549291723,0.5239286422729492,0.12569403648376465
500,2,0.44000000000000006,0.2,1,1,1,19,0.10700796527819027,0.12838057438418263,0.1976151783665988,0.5301806926727295,0.09888911247253418
500,2,0.44000000000000006,0.2,1,1,1,20,0.11297770600787192,0.1634610829705376,0.23524120180623612,0.48874592781066895,0.09880304336547852
500,2,0.44000000000000006,0.2,1,1,1,21,0.12781586580523263,0.16579965258567303,0.25914552528611234,0.482511043548584,0.09127187728881836
500,2,0.44000000000000006,0.2,1,1,1,22,0.10851045196488301,0.12812349958968228,0.20081727536809232,0.506030797958374,0.10080957412719727
500,2,0.44000000000000006,0.2,1,1,1,23,0.11323021164510054,0.13917771887859107,0.217110873239518,0.5051167011260986,0.11541628837585449
500,2,0.44000000000000006,0.2,1,1,1,24,0.10440965358765987,0.1437251963173648,0.24397704859192282,0.5125119686126709,0.11428952217102051
500,2,0.96,0.4,1,1,1,0,0.11368064273790326,0.1385671208989133,0.21690850551171711,0.6134998798370361,0.13889741897583008
500,2,0.96,0.4,1,1,1,1,0.12269148354004496,0.12383571767790792,0.19747243586221114,0.518218994140625,0.11939120292663574
500,2,0.96,0.4,1,1,1,2,0.1250563285207023,0.17191833481871654,0.24745087578360483,0.5488841533660889,0.12996792793273926
500,2,0.96,0.4,1,1,1,3,0.09824270798920695,0.1424383140271064,0.20459720717173102,0.5785470008850098,0.12818503379821777
500,2,0.96,0.4,1,1,1,4,0.11322127049777322,0.14810268553408412,0.21225510769256845,0.588458776473999,0.12294125556945801
500,2,0.96,0.4,1,1,1,5,0.10784132252984947,0.13738147925993333,0.2133897069098963,0.7233977317810059,0.16971611976623535
500,2,0.96,0.4,1,1,1,6,0.12408123610180553,0.1352508916370799,0.2109532424455905,0.6138036251068115,0.11486339569091797
500,2,0.96,0.4,1,1,1,7,0.14075538136468457,0.1720714959115452,0.2592774306212169,0.6395268440246582,0.12654614448547363
500,2,0.96,0.4,1,1,1,8,0.11118261771232597,0.14199377396363297,0.23948774442510729,0.599745512008667,0.14463543891906738
500,2,0.96,0.4,1,1,1,9,0.11106525840612601,0.1540365155951397,0.22872174624278518,0.6247320175170898,0.12061309814453125
500,2,0.96,0.4,1,1,1,10,0.10663375560469204,0.14143872949075229,0.22646754789470397,0.7726459503173828,0.1601104736328125
500,2,0.96,0.4,1,1,1,11,0.12189007796217201,0.129031330618377,0.22633694334966087,0.6263017654418945,0.12227320671081543
500,2,0.96,0.4,1,1,1,12,0.09943645379933767,0.15504885279408182,0.23936619495096828,0.6188857555389404,0.11810016632080078
500,2,0.96,0.4,1,1,1,13,0.1022462347033311,0.1529527564859707,0.2551989911893018,0.5926108360290527,0.12556982040405273
500,2,0.96,0.4,1,1,1,14,0.09572905607799775,0.12103476495534957,0.20402298112342726,0.6092767715454102,0.14616703987121582
500,2,0.96,0.4,1,1,1,15,0.114295230789934,0.1497631250630959,0.23414798787378382,0.8124408721923828,0.1623220443725586
500,2,0.96,0.4,1,1,1,16,0.10267840230706754,0.1561131401970294,0.22825331743807117,0.6109933853149414,0.14629530906677246
500,2,0.96,0.4,1,1,1,17,0.10733626259247232,0.1400356847706402,0.2152967451183791,0.6383056640625,0.1139075756072998
500,2,0.96,0.4,1,1,1,18,0.10513031072851763,0.11750714189653956,0.19600777171469183,0.6065442562103271,0.12485814094543457
500,2,0.96,0.4,1,1,1,19,0.10150931826764009,0.15541425078983503,0.24002785982859232,0.5932374000549316,0.13385367393493652
500,2,0.96,0.4,1,1,1,20,0.1360314397154596,0.16172517601300662,0.23157978724932365,0.7937495708465576,0.15193867683410645
500,2,0.96,0.4,1,1,1,21,0.11263645875553589,0.1354725854593212,0.24810904421485708,0.5866341590881348,0.1298847198486328
500,2,0.96,0.4,1,1,1,22,0.10845454492705142,0.16752233637482136,0.2514149369252823,0.6800971031188965,0.14359641075134277
500,2,0.96,0.4,1,1,1,23,0.11461855539565102,0.12215672537470079,0.2002203623488184,0.7771565914154053,0.18558716773986816
500,2,0.96,0.4,1,1,1,24,0.10818345586473525,0.1286733777110645,0.19673700331227342,0.6429572105407715,0.14027881622314453
500,2,1.5600000000000003,0.6000000000000001,1,1,1,0,0.10453988191651073,0.1681914216660858,0.23834681613882217,0.7613382339477539,0.18631863594055176
500,2,1.5600000000000003,0.6000000000000001,1,1,1,1,0.1033397612718531,0.1341086452191711,0.21962674654078174,0.7434895038604736,0.15758061408996582
500,2,1.5600000000000003,0.6000000000000001,1,1,1,2,0.10478498109035224,0.14740450655423995,0.21342562532465154,0.7916524410247803,0.11536288261413574
500,2,1.5600000000000003,0.6000000000000001,1,1,1,3,0.14775443215491277,0.17781534133265875,0.24847639666712204,0.7516169548034668,0.14227509498596191
500,2,1.5600000000000003,0.6000000000000001,1,1,1,4,0.10219694037258917,0.12869327550440685,0.2207207767520217,0.8173620700836182,0.17701411247253418
500,2,1.5600000000000003,0.6000000000000001,1,1,1,5,0.099745253592264,0.2010576183273945,0.2934395887439849,0.7450113296508789,0.13235998153686523
500,2,1.5600000000000003,0.6000000000000001,1,1,1,6,0.10923199410088434,0.15794619517009578,0.26241106596250385,0.7000541687011719,0.1270122528076172
500,2,1.5600000000000003,0.6000000000000001,1,1,1,7,0.12892547209321698,0.18928790706780335,0.28771326315028123,0.7453479766845703,0.11965537071228027
500,2,1.5600000000000003,0.6000000000000001,1,1,1,8,0.1166783256903146,0.13790939480498365,0.2380686620472401,0.793797492980957,0.1923508644104004
500,2,1.5600000000000003,0.6000000000000001,1,1,1,9,0.09776061496105853,0.15252769256656334,0.2502883075276219,0.7840328216552734,0.13368535041809082
500,2,1.5600000000000003,0.6000000000000001,1,1,1,10,0.10816375828210618,0.1506404584939279,0.2178412718431423,0.7721381187438965,0.14238381385803223
500,2,1.5600000000000003,0.6000000000000001,1,1,1,11,0.12125608693219067,0.19449455777851268,0.2688605396340018,0.6937994956970215,0.12052369117736816
500,2,1.5600000000000003,0.6000000000000001,1,1,1,12,0.11825127238975455,0.14754952867662374,0.2071941165242676,0.7624549865722656,0.16426706314086914
500,2,1.5600000000000003,0.6000000000000001,1,1,1,13,0.11082524572563174,0.17003308204495696,0.25217277532918847,1.061429738998413,0.18611383438110352
500,2,1.5600000000000003,0.6000000000000001,1,1,1,14,0.12851852449240084,0.1477905616800987,0.2728938094966906,0.8231935501098633,0.10541009902954102
500,2,1.5600000000000003,0.6000000000000001,1,1,1,15,0.10456876461381236,0.2038281964490177,0.27705678304367254,0.7444438934326172,0.1583542823791504
500,2,1.5600000000000003,0.6000000000000001,1,1,1,16,0.10062028179480416,0.13706757262512242,0.2120488326081109,0.8883395195007324,0.17729592323303223
500,2,1.5600000000000003,0.6000000000000001,1,1,1,17,0.11210993898868812,0.14726198275721458,0.24404358561982759,0.7657132148742676,0.12361717224121094
500,2,1.5600000000000003,0.6000000000000001,1,1,1,18,0.11786659184413244,0.14046968486050587,0.22218415252833407,0.7337193489074707,0.13565516471862793
500,2,1.5600000000000003,0.6000000000000001,1,1,1,19,0.10946077299697358,0.14078480329870377,0.21171596824258576,0.7897348403930664,0.15862393379211426
500,2,1.5600000000000003,0.6000000000000001,1,1,1,20,0.10141190399000835,0.13635691874198375,0.21288350575805431,0.85428786277771,0.14902710914611816
500,2,1.5600000000000003,0.6000000000000001,1,1,1,21,0.12137900446181718,0.18823708751295978,0.25671211437896824,0.7308599948883057,0.17283391952514648
500,2,1.5600000000000003,0.6000000000000001,1,1,1,22,0.12144549918392217,0.15161467307178686,0.2377279174268651,0.7669401168823242,0.13291406631469727
500,2,1.5600000000000003,0.6000000000000001,1,1,1,23,0.11091246282090117,0.1416608080587476,0.22775404904933355,0.7762675285339355,0.14259552955627441
500,2,1.5600000000000003,0.6000000000000001,1,1,1,24,0.12087797217329577,0.23752118767801858,0.33475791861483245,0.8139069080352783,0.15423941612243652
500,2,2.2399999999999998,0.8,1,1,1,0,0.10176018974907848,0.141244580658683,0.23710140740759666,0.7696077823638916,0.14728593826293945
500,2,2.2399999999999998,0.8,1,1,1,1,0.10927446517963856,0.14533832920015793,0.23671115921603303,0.7286655902862549,0.16462039947509766
500,2,2.2399999999999998,0.8,1,1,1,2,0.11657698632274906,0.1960710708611331,0.2908763665642402,0.7193043231964111,0.11772346496582031
500,2,2.2399999999999998,0.8,1,1,1,3,0.1286899671600833,0.15618409242319753,0.24787426275729962,0.7458293437957764,0.18020343780517578
500,2,2.2399999999999998,0.8,1,1,1,4,0.14054542185335675,0.15369098609534101,0.25975610603204663,1.014359712600708,0.1894237995147705
500,2,2.2399999999999998,0.8,1,1,1,5,0.11537574746527039,0.15457080630985043,0.24970389530313444,0.8370316028594971,0.12495112419128418
500,2,2.2399999999999998,0.8,1,1,1,6,0.12162064804540614,0.18091396886327138,0.26934043555839543,0.740217924118042,0.15192818641662598
500,2,2.2399999999999998,0.8,1,1,1,7,0.11554320050456258,0.2208409136836755,0.3103280118429063,0.718275785446167,0.12031269073486328
500,2,2.2399999999999998,0.8,1,1,1,8,0.1267635752642147,0.22313280221615212,0.3284660158762899,0.8152694702148438,0.20507383346557617
500,2,2.2399999999999998,0.8,1,1,1,9,0.14026209425461436,0.1635404630968202,0.2972523484400477,0.7042739391326904,0.12887263298034668
500,2,2.2399999999999998,0.8,1,1,1,10,0.11455295549609255,0.1658216675088502,0.2570219389766879,0.7008886337280273,0.1467278003692627
500,2,2.2399999999999998,0.8,1,1,1,11,0.10980680682452035,0.18561079805493222,0.2485676966463145,0.7673821449279785,0.13994717597961426
500,2,2.2399999999999998,0.8,1,1,1,12,0.1157703465838056,0.17369394534661642,0.25012385576275586,0.830909252166748,0.21387887001037598
500,2,2.2399999999999998,0.8,1,1,1,13,0.11576416751848731,0.21308664250685944,0.27755281708301105,0.7363607883453369,0.14769411087036133
500,2,2.2399999999999998,0.8,1,1,1,14,0.12720822299328832,0.15677203694811018,0.22147244158545598,0.7137250900268555,0.13296723365783691
500,2,2.2399999999999998,0.8,1,1,1,15,0.11275043587682103,0.23559082743883977,0.3483412633156608,0.7087926864624023,0.16472744941711426
500,2,2.2399999999999998,0.8,1,1,1,16,0.10912235113421918,0.18715793752691606,0.2639540085321577,0.7424938678741455,0.1500873565673828
500,2,2.2399999999999998,0.8,1,1,1,17,0.11848096745316829,0.15797891433888672,0.24108545863510497,0.8813080787658691,0.1983482837677002
500,2,2.2399999999999998,0.8,1,1,1,18,0.12010276557785915,0.17543825853423864,0.24814578163903112,0.7507808208465576,0.11751317977905273
500,2,2.2399999999999998,0.8,1,1,1,19,0.1105277921892087,0.169670423352951,0.252360277962585,0.7255926132202148,0.1779477596282959
500,2,2.2399999999999998,0.8,1,1,1,20,0.12764074921481744,0.19521369663231017,0.32285444584712764,0.8520848751068115,0.1773827075958252
500,2,2.2399999999999998,0.8,1,1,1,21,0.11857392454226592,0.1416994263446999,0.25433979915557636,0.8707752227783203,0.17587924003601074
500,2,2.2399999999999998,0.8,1,1,1,22,0.12554037020222153,0.17878600596486274,0.2717138601314051,0.7693865299224854,0.1355125904083252
500,2,2.2399999999999998,0.8,1,1,1,23,0.1257372288720634,0.1843388795920566,0.2535105082152791,0.7220034599304199,0.17409873008728027
500,2,2.2399999999999998,0.8,1,1,1,24,0.12225223572895118,0.19326311183165512,0.28831917686524616,0.7330727577209473,0.1391146183013916
500,2,3.0,1.0,1,1,1,0,0.1480297231016712,0.19084792420351918,0.2750076758781263,0.9082567691802979,0.18491196632385254
500,2,3.0,1.0,1,1,1,1,0.13197996346751434,0.19086353915505835,0.26838360951539003,0.7023968696594238,0.1342008113861084
500,2,3.0,1.0,1,1,1,2,0.13766496885122473,0.20424968726923948,0.30541035988122145,0.7831864356994629,0.16067981719970703
500,2,3.0,1.0,1,1,1,3,0.11364950444305948,0.19627869840236592,0.29000656664846347,0.7463033199310303,0.1823422908782959
500,2,3.0,1.0,1,1,1,4,0.1371765727041802,0.19598120911339967,0.25868096913048844,0.866215705871582,0.16822314262390137
500,2,3.0,1.0,1,1,1,5,0.12624197775803547,0.19236585366885062,0.27727386075699983,0.7496974468231201,0.15620994567871094
500,2,3.0,1.0,1,1,1,6,0.12153725522021593,0.18180804220666277,0.26563363957330566,0.7383944988250732,0.1276412010192871
500,2,3.0,1.0,1,1,1,7,0.11312539781842483,0.2041694183471697,0.2679888032929909,0.763580322265625,0.14605188369750977
500,2,3.0,1.0,1,1,1,8,0.1415623302065762,0.184149674759101,0.27117033963615345,0.7389161586761475,0.19749879837036133
500,2,3.0,1.0,1,1,1,9,0.13383415797029768,0.18137241265026185,0.2703760122983343,0.8031573295593262,0.15355634689331055
500,2,3.0,1.0,1,1,1,10,0.11223605101631134,0.1802752867549899,0.26590577853447783,0.7783932685852051,0.18489837646484375
500,2,3.0,1.0,1,1,1,11,0.12354575673450881,0.28152718689490575,0.390536520631837,0.7944462299346924,0.11664724349975586
500,2,3.0,1.0,1,1,1,12,0.13152639589812443,0.2085568719964425,0.28137360342915957,0.9271624088287354,0.18037176132202148
500,2,3.0,1.0,1,1,1,13,0.13270535387025023,0.17010757973797322,0.24926100525755948,0.6868765354156494,0.13736677169799805
500,2,3.0,1.0,1,1,1,14,0.13762469757644688,0.17367099378904846,0.28082676180197197,0.7787289619445801,0.11023926734924316
500,2,3.0,1.0,1,1,1,15,0.13871645841221913,0.19695898821033395,0.31840347925894824,0.7693648338317871,0.15464401245117188
500,2,3.0,1.0,1,1,1,16,0.10913175503135161,0.16777563990698333,0.25228609817990294,0.9034371376037598,0.16799354553222656
500,2,3.0,1.0,1,1,1,17,0.11065324368522353,0.21389650355921577,0.27966805764354885,0.7627005577087402,0.12868022918701172
500,2,3.0,1.0,1,1,1,18,0.12903114704905147,0.19284800579277014,0.2847852967766642,0.7746067047119141,0.1415560245513916
500,2,3.0,1.0,1,1,1,19,0.1124819340290078,0.18534877481266607,0.2940314217528736,0.7425658702850342,0.1440281867980957
500,2,3.0,1.0,1,1,1,20,0.1315850758811922,0.19929607324726661,0.28026095887338937,0.814504861831665,0.1797323226928711
500,2,3.0,1.0,1,1,1,21,0.13319446458353157,0.1719454408495963,0.26026663034481995,0.7982499599456787,0.14715123176574707
500,2,3.0,1.0,1,1,1,22,0.13335525945754648,0.2346762301959208,0.3102380153746417,0.7752220630645752,0.11563229560852051
500,2,3.0,1.0,1,1,1,23,0.1164790496924151,0.22707700745045348,0.3042252322327737,0.7067794799804688,0.1692962646484375
500,2,3.0,1.0,1,1,1,24,0.1250891784753501,0.1709367904158796,0.25435538051082807,0.7665431499481201,0.16040635108947754
500,2,3.8400000000000007,1.2000000000000002,1,1,1,0,0.14135903295962665,0.2610691676737867,0.33191595517553907,0.8897967338562012,0.18520736694335938
500,2,3.8400000000000007,1.2000000000000002,1,1,1,1,0.12801848131691404,0.20815501520434176,0.2932348925221604,0.7950828075408936,0.1230001449584961
500,2,3.8400000000000007,1.2000000000000002,1,1,1,2,0.1333923341252562,0.21605113704541273,0.293503910125061,0.698533296585083,0.16982388496398926
500,2,3.8400000000000007,1.2000000000000002,1,1,1,3,0.1340883149021684,0.1859255962275283,0.2563030880263498,0.7300405502319336,0.16535019874572754
500,2,3.8400000000000007,1.2000000000000002,1,1,1,4,0.11950192276844783,0.22787509878794313,0.31591670921880843,0.7969710826873779,0.13785052299499512
500,2,3.8400000000000007,1.2000000000000002,1,1,1,5,0.13402645851654954,0.1980501538493955,0.2731277772348896,0.6947510242462158,0.12567710876464844
500,2,3.8400000000000007,1.2000000000000002,1,1,1,6,0.12597742893243022,0.18369128821173197,0.2737626936713155,0.7504057884216309,0.13193392753601074
500,2,3.8400000000000007,1.2000000000000002,1,1,1,7,0.11904174721718766,0.17697163338448232,0.2661373047704997,0.7565670013427734,0.16138601303100586
500,2,3.8400000000000007,1.2000000000000002,1,1,1,8,0.11573694342043106,0.21648858688693826,0.3028359762073122,0.9484217166900635,0.15905308723449707
500,2,3.8400000000000007,1.2000000000000002,1,1,1,9,0.12036697657792435,0.24348572664047707,0.30892966718437453,0.7420303821563721,0.12797975540161133
500,2,3.8400000000000007,1.2000000000000002,1,1,1,10,0.12976239858362487,0.20208483424007948,0.29641057844683616,0.7249331474304199,0.18382048606872559
500,2,3.8400000000000007,1.2000000000000002,1,1,1,11,0.13477836935607482,0.23700445091733183,0.31833646143279615,0.7519409656524658,0.13312029838562012
500,2,3.8400000000000007,1.2000000000000002,1,1,1,12,0.13435425590550365,0.21309349658273458,0.3154698544807877,0.9004571437835693,0.16820836067199707
500,2,3.8400000000000007,1.2000000000000002,1,1,1,13,0.11973798570459952,0.20432871854599918,0.2754320230806318,0.7229945659637451,0.14344286918640137
500,2,3.8400000000000007,1.2000000000000002,1,1,1,14,0.137108464077548,0.23923647715816482,0.3374146783335068,0.7052352428436279,0.13766717910766602
500,2,3.8400000000000007,1.2000000000000002,1,1,1,15,0.11717514570505112,0.2709822012065944,0.34383207039523966,0.7489635944366455,0.1510756015777588
500,2,3.8400000000000007,1.2000000000000002,1,1,1,16,0.12385480234718704,0.2163755470382702,0.298857225359669,0.7731244564056396,0.15195155143737793
500,2,3.8400000000000007,1.2000000000000002,1,1,1,17,0.13398156618482598,0.20322877771513423,0.30019569967318327,1.0263566970825195,0.1855778694152832
500,2,3.8400000000000007,1.2000000000000002,1,1,1,18,0.1256890896713354,0.1942846158509333,0.28888427629446556,0.7634391784667969,0.1373751163482666
500,2,3.8400000000000007,1.2000000000000002,1,1,1,19,0.12673978270690195,0.20929097055759113,0.28861202205192665,0.7982299327850342,0.14931035041809082
500,2,3.8400000000000007,1.2000000000000002,1,1,1,20,0.11251854905488327,0.22299757373667534,0.277875293508844,0.8353371620178223,0.15761041641235352
500,2,3.8400000000000007,1.2000000000000002,1,1,1,21,0.1536676296885783,0.26337873985342053,0.37577635377508123,0.7952024936676025,0.1447007656097412
500,2,3.8400000000000007,1.2000000000000002,1,1,1,22,0.15378029582949315,0.2107626904949662,0.31365051124942883,0.7363839149475098,0.16016769409179688
500,2,3.8400000000000007,1.2000000000000002,1,1,1,23,0.1228603908995826,0.24058476895073835,0.31957335601535064,0.6988849639892578,0.11272501945495605
500,2,3.8400000000000007,1.2000000000000002,1,1,1,24,0.1537917103793043,0.21800016796665458,0.30428198521210914,0.7142865657806396,0.14667773246765137
500,2,4.760000000000001,1.4000000000000001,1,1,1,0,0.14620936178366745,0.23578259767042173,0.35955428770687137,0.841578483581543,0.1781156063079834
500,2,4.760000000000001,1.4000000000000001,1,1,1,1,0.1358977024462117,0.236495480575342,0.3138158275208718,0.7890238761901855,0.12918925285339355
500,2,4.760000000000001,1.4000000000000001,1,1,1,2,0.13150338152636823,0.25388577165093584,0.34693175011218313,0.7162306308746338,0.13968896865844727
500,2,4.760000000000001,1.4000000000000001,1,1,1,3,0.12821832806054564,0.22195852944545127,0.30412737244494614,0.7257418632507324,0.1293354034423828
500,2,4.760000000000001,1.4000000000000001,1,1,1,4,0.14091680170916726,0.25617698707907594,0.33979625927977575,0.845090389251709,0.1993565559387207
500,2,4.760000000000001,1.4000000000000001,1,1,1,5,0.14792765270812933,0.22442711188791434,0.32844419211480413,0.7236297130584717,0.12293052673339844
500,2,4.760000000000001,1.4000000000000001,1,1,1,6,0.1255816594010916,0.23875711916588963,0.3339454756852228,0.7333395481109619,0.13402819633483887
500,2,4.760000000000001,1.4000000000000001,1,1,1,7,0.14482669211093332,0.23958663202646888,0.3252853196476513,0.8170902729034424,0.17248225212097168
500,2,4.760000000000001,1.4000000000000001,1,1,1,8,0.13419704901968071,0.2056637722024269,0.2836209126681711,0.9398174285888672,0.17621946334838867
500,2,4.760000000000001,1.4000000000000001,1,1,1,9,0.13283340152772183,0.23631950629196935,0.33296804763032284,0.7477798461914062,0.15768957138061523
500,2,4.760000000000001,1.4000000000000001,1,1,1,10,0.13210157747368695,0.2666429584115415,0.3694209008277416,0.7343316078186035,0.1537034511566162
500,2,4.760000000000001,1.4000000000000001,1,1,1,11,0.14899267167698513,0.21657108876785447,0.3037740256531275,0.7684602737426758,0.15596246719360352
500,2,4.760000000000001,1.4000000000000001,1,1,1,12,0.11944371533410901,0.23788032759231534,0.3404019805368411,0.7283377647399902,0.16197776794433594
500,2,4.760000000000001,1.4000000000000001,1,1,1,13,0.1504183600368334,0.2660291501002761,0.3277222383275359,0.8195221424102783,0.14258980751037598
500,2,4.760000000000001,1.4000000000000001,1,1,1,14,0.12820057966459103,0.21781315886884972,0.3254114774153058,0.728874683380127,0.14417243003845215
500,2,4.760000000000001,1.4000000000000001,1,1,1,15,0.13298071645433052,0.24817627649433285,0.3366712928325223,0.7663159370422363,0.13296270370483398
500,2,4.760000000000001,1.4000000000000001,1,1,1,16,0.15262889606867036,0.20460518645316994,0.31375387272955246,0.7836089134216309,0.11573052406311035
500,2,4.760000000000001,1.4000000000000001,1,1,1,17,0.13764962099670378,0.24729649298591033,0.3697321976612754,0.8882913589477539,0.16714954376220703
500,2,4.760000000000001,1.4000000000000001,1,1,1,18,0.13999423077894188,0.22544252414591515,0.3568234310213034,0.7950429916381836,0.14578676223754883
500,2,4.760000000000001,1.4000000000000001,1,1,1,19,0.1338325479974209,0.21412856876395986,0.28867836303771144,0.7884397506713867,0.1407332420349121
500,2,4.760000000000001,1.4000000000000001,1,1,1,20,0.12800560950386305,0.2258715472934996,0.30329979025759835,0.7131333351135254,0.16567087173461914
500,2,4.760000000000001,1.4000000000000001,1,1,1,21,0.13629633370109526,0.23992477334551837,0.3456795516045455,0.8957605361938477,0.19316792488098145
500,2,4.760000000000001,1.4000000000000001,1,1,1,22,0.14591270336778972,0.2219683216632533,0.3118792743361886,0.7191059589385986,0.16676616668701172
500,2,4.760000000000001,1.4000000000000001,1,1,1,23,0.13826265589239214,0.23475950985586536,0.3462774218757244,0.8490750789642334,0.17010736465454102
500,2,4.760000000000001,1.4000000000000001,1,1,1,24,0.13608830189564378,0.21452521655418053,0.28965332598415205,0.7329986095428467,0.1559145450592041
500,2,5.760000000000001,1.6,1,1,1,0,0.14239393675261455,0.26581236972132694,0.3723593160230487,0.8682262897491455,0.19669461250305176
500,2,5.760000000000001,1.6,1,1,1,1,0.14473703486784148,0.23742452206073592,0.3447243347374036,0.6711618900299072,0.16856718063354492
500,2,5.760000000000001,1.6,1,1,1,2,0.14242661824908354,0.283026998652731,0.3962338679292482,0.7473924160003662,0.15134501457214355
500,2,5.760000000000001,1.6,1,1,1,3,0.13815646425625513,0.24386288321409752,0.33028720053954247,0.7310664653778076,0.12719416618347168
500,2,5.760000000000001,1.6,1,1,1,4,0.16108723799991903,0.2579898406279066,0.32428480084137995,0.7608623504638672,0.17789673805236816
500,2,5.760000000000001,1.6,1,1,1,5,0.1530307649559584,0.3173640552563111,0.44103907068639714,0.8872420787811279,0.1625685691833496
500,2,5.760000000000001,1.6,1,1,1,6,0.15466122342372776,0.2760157701567416,0.3776025107586336,0.7221720218658447,0.16675162315368652
500,2,5.760000000000001,1.6,1,1,1,7,0.161910798289954,0.24462852760395667,0.3260721700604533,0.699629545211792,0.1211702823638916
500,2,5.760000000000001,1.6,1,1,1,8,0.14665167885549593,0.24315719831048008,0.3324984518990662,0.7526969909667969,0.1512775421142578
500,2,5.760000000000001,1.6,1,1,1,9,0.1500961621904555,0.29218035013737714,0.3984857761802083,0.8847665786743164,0.17528843879699707
500,2,5.760000000000001,1.6,1,1,1,10,0.13380858254639377,0.23727998115304497,0.3394185371459975,0.677905797958374,0.1670396327972412
500,2,5.760000000000001,1.6,1,1,1,11,0.1631064339878121,0.31242320372167887,0.4054175005116639,0.776186466217041,0.14513158798217773
500,2,5.760000000000001,1.6,1,1,1,12,0.133207436645452,0.32639505473204367,0.41233209400250215,0.7283890247344971,0.1577742099761963
500,2,5.760000000000001,1.6,1,1,1,13,0.14815176922485734,0.24232505820854183,0.3740528218774121,0.7956061363220215,0.15960311889648438
500,2,5.760000000000001,1.6,1,1,1,14,0.1280563134858003,0.2829308355169948,0.36737540982611283,0.8784022331237793,0.1779310703277588
500,2,5.760000000000001,1.6,1,1,1,15,0.15187740104118977,0.23796774616918606,0.33439576115962494,0.6815586090087891,0.16216111183166504
500,2,5.760000000000001,1.6,1,1,1,16,0.1276928131330193,0.2603272345162727,0.346310458587029,0.7333290576934814,0.14494061470031738
500,2,5.760000000000001,1.6,1,1,1,17,0.12399986606128234,0.23822649319895334,0.333683637836991,0.8323841094970703,0.1987898349761963
500,2,5.760000000000001,1.6,1,1,1,18,0.15275218754569136,0.2912372945625898,0.3804343559170291,0.7712538242340088,0.12803983688354492
500,2,5.760000000000001,1.6,1,1,1,19,0.15852158864047045,0.23561975375166108,0.32724939803468517,0.6696963310241699,0.14010977745056152
500,2,5.760000000000001,1.6,1,1,1,20,0.14674341793408446,0.25312907970937104,0.35109583155536433,0.731290340423584,0.15444588661193848
500,2,5.760000000000001,1.6,1,1,1,21,0.14398628081656165,0.2798803686488143,0.3607871787893952,0.697040319442749,0.14829087257385254
500,2,5.760000000000001,1.6,1,1,1,22,0.16756251366112287,0.24562933490323927,0.3350227550035628,0.9370205402374268,0.17067313194274902
500,2,5.760000000000001,1.6,1,1,1,23,0.13540272344701426,0.24447563994012017,0.33846763250454037,0.7715404033660889,0.14700078964233398
500,2,5.760000000000001,1.6,1,1,1,24,0.12467822095751566,0.2592432571334776,0.36732981254082875,0.7544684410095215,0.13355112075805664
500,2,6.84,1.8,1,1,1,0,0.1391308936382823,0.27102757046937365,0.3830288533215738,0.828895092010498,0.12528014183044434
500,2,6.84,1.8,1,1,1,1,0.133642075067277,0.27553358547910417,0.377811708860339,0.9051065444946289,0.18127751350402832
500,2,6.84,1.8,1,1,1,2,0.13430416578477905,0.2600169125226225,0.3856818632386951,0.7148876190185547,0.13735628128051758
500,2,6.84,1.8,1,1,1,3,0.13724257021740727,0.29140957251725064,0.400153231678012,0.7576425075531006,0.13872623443603516
500,2,6.84,1.8,1,1,1,4,0.16383924924127782,0.2628501001196499,0.38355422730250127,0.7553215026855469,0.16046142578125
500,2,6.84,1.8,1,1,1,5,0.13168340872971,0.30569647138261113,0.39322907206825203,0.9624660015106201,0.17191195487976074
500,2,6.84,1.8,1,1,1,6,0.15182809350268026,0.2976681704632671,0.39328112693541506,0.7505152225494385,0.11887216567993164
500,2,6.84,1.8,1,1,1,7,0.15459975677063506,0.28691563811085996,0.38592839953607455,0.7084143161773682,0.15202713012695312
500,2,6.84,1.8,1,1,1,8,0.15044884734773056,0.32556084259504203,0.42971064600114856,0.7716550827026367,0.1351490020751953
500,2,6.84,1.8,1,1,1,9,0.14317331295610458,0.24373417831113395,0.3519217815585098,0.8900899887084961,0.15694451332092285
500,2,6.84,1.8,1,1,1,10,0.14629063857138505,0.2933257560446428,0.4150725705030564,0.7250449657440186,0.13338327407836914
500,2,6.84,1.8,1,1,1,11,0.15173758393421213,0.31392779344794924,0.42097226751772976,0.7720022201538086,0.13428616523742676
500,2,6.84,1.8,1,1,1,12,0.12598770226797243,0.2730334976206447,0.35960752404645147,0.7773523330688477,0.11212992668151855
500,2,6.84,1.8,1,1,1,13,0.13682279826275268,0.29164953111584496,0.36730189019252457,0.8888776302337646,0.17505097389221191
500,2,6.84,1.8,1,1,1,14,0.1555133799828088,0.27689607345692596,0.38234644354859326,0.723407506942749,0.17835736274719238
500,2,6.84,1.8,1,1,1,15,0.1497705612028087,0.2733288895387011,0.38136298382072736,0.7254836559295654,0.14164185523986816
500,2,6.84,1.8,1,1,1,16,0.14920441535973816,0.2942397967719315,0.3853454092742703,0.7810122966766357,0.1550605297088623
500,2,6.84,1.8,1,1,1,17,0.13202656545280336,0.27974326183674986,0.35447708628543195,0.8210577964782715,0.11998581886291504
500,2,6.84,1.8,1,1,1,18,0.1733523112151332,0.3185699969978485,0.38914433663046166,0.7717678546905518,0.14626383781433105
500,2,6.84,1.8,1,1,1,19,0.13913728101370668,0.29362237595902463,0.3684082967176522,0.7536671161651611,0.12662816047668457
500,2,6.84,1.8,1,1,1,20,0.1483834880976486,0.28550850135673084,0.37766265736297777,0.701507568359375,0.16890573501586914
500,2,6.84,1.8,1,1,1,21,0.1433977543003537,0.2949690967512677,0.3967102239790774,0.8913528919219971,0.19729328155517578
500,2,6.84,1.8,1,1,1,22,0.1613109709796113,0.26363191334577446,0.35183639603310735,0.8559386730194092,0.182830810546875
500,2,6.84,1.8,1,1,1,23,0.14711283819148993,0.3115094748686842,0.3949816832911402,0.66219162940979,0.12273430824279785
500,2,6.84,1.8,1,1,1,24,0.15400473882633706,0.30463568367755384,0.43008220231392724,0.7797462940216064,0.13361716270446777
500,2,8.0,2.0,1,1,1,0,0.14460937848610517,0.28563268994612206,0.38407007831282414,0.7222416400909424,0.12860703468322754
500,2,8.0,2.0,1,1,1,1,0.17775660980368,0.36328958844920073,0.5106887023347798,0.8903675079345703,0.1914081573486328
500,2,8.0,2.0,1,1,1,2,0.19215462690484458,0.3081134888764288,0.461891226793758,0.6957988739013672,0.12336921691894531
500,2,8.0,2.0,1,1,1,3,0.17950260543409327,0.290224789664281,0.37930833775023354,0.7483549118041992,0.13364195823669434
500,2,8.0,2.0,1,1,1,4,0.13908959507860402,0.29372270534221456,0.43223506949206153,0.6834366321563721,0.17154574394226074
500,2,8.0,2.0,1,1,1,5,0.1513627141263372,0.4279014428739374,0.5494939554398294,0.8007080554962158,0.178297758102417
500,2,8.0,2.0,1,1,1,6,0.13902722970143203,0.3442274716539265,0.468267736506241,0.8410859107971191,0.13033771514892578
500,2,8.0,2.0,1,1,1,7,0.17069956306141518,0.3097055252597068,0.4220101186880629,0.7437887191772461,0.14831829071044922
500,2,8.0,2.0,1,1,1,8,0.16937135162698486,0.3746697893020377,0.478169222341541,0.702996015548706,0.1358170509338379
500,2,8.0,2.0,1,1,1,9,0.15028915216993008,0.29513571196115646,0.39714758993137317,0.7612307071685791,0.12862277030944824
500,2,8.0,2.0,1,1,1,10,0.15401022178331675,0.32259303424431895,0.4335132761723103,0.8346676826477051,0.16311025619506836
500,2,8.0,2.0,1,1,1,11,0.15597307905918356,0.33319303990176075,0.4266605213201957,0.7333450317382812,0.15441536903381348
500,2,8.0,2.0,1,1,1,12,0.1634889687472806,0.3084772945647803,0.425323027310365,0.8302862644195557,0.1886920928955078
500,2,8.0,2.0,1,1,1,13,0.16581930797382977,0.3565482742262738,0.5177926578355061,0.7259650230407715,0.13701462745666504
500,2,8.0,2.0,1,1,1,14,0.15809164166589215,0.26976539206939937,0.3631228565504725,0.9273180961608887,0.14740252494812012
500,2,8.0,2.0,1,1,1,15,0.14119266989207108,0.2843382332631537,0.37336537326675934,0.6673617362976074,0.11161684989929199
500,2,8.0,2.0,1,1,1,16,0.171354708832072,0.3951501187096481,0.4832630623399547,0.747302770614624,0.12961173057556152
500,2,8.0,2.0,1,1,1,17,0.1629111741854166,0.30620359607173725,0.4161892582010086,0.6817991733551025,0.14089345932006836
500,2,8.0,2.0,1,1,1,18,0.1541755453479176,0.2763625913789646,0.37152413304049353,0.8688280582427979,0.17935538291931152
500,2,8.0,2.0,1,1,1,19,0.14897328016519168,0.31634257106116687,0.4246623388587066,0.7710795402526855,0.1460096836090088
500,2,8.0,2.0,1,1,1,20,0.19822150145239398,0.4700111271584908,0.6682326286108848,0.6637630462646484,0.16141366958618164
500,2,8.0,2.0,1,1,1,21,0.18039300021813484,0.31637743129300594,0.47118567961362934,0.7355055809020996,0.12165999412536621
500,2,8.0,2.0,1,1,1,22,0.14282972194412055,0.3248659033017412,0.4045197367351549,0.6891467571258545,0.1499955654144287
500,2,8.0,2.0,1,1,1,23,0.1566747714577877,0.31706220398134477,0.47373697543913246,0.8181581497192383,0.1451737880706787
500,2,8.0,2.0,1,1,1,24,0.15592253274812715,0.3178901381597394,0.4061094666484981,0.7505478858947754,0.1462419033050537
500,2,9.240000000000002,2.2,1,1,1,0,0.1563780108621561,0.3517212079205049,0.4608438659383161,0.7201347351074219,0.17076706886291504
500,2,9.240000000000002,2.2,1,1,1,1,0.16317948490563394,0.35740227206927105,0.4574465522967011,0.7538833618164062,0.1544504165649414
500,2,9.240000000000002,2.2,1,1,1,2,0.1457003427340403,0.34925840463153274,0.49495874736557305,0.9061522483825684,0.1969447135925293
500,2,9.240000000000002,2.2,1,1,1,3,0.16102511135135647,0.3353144887895904,0.4560114091021165,0.8786032199859619,0.17563962936401367
500,2,9.240000000000002,2.2,1,1,1,4,0.17293174898084251,0.3584231560177587,0.4585372659382735,0.7110180854797363,0.17365598678588867
500,2,9.240000000000002,2.2,1,1,1,5,0.1737766134261238,0.406977378849415,0.529055646731336,0.7493076324462891,0.1356508731842041
500,2,9.240000000000002,2.2,1,1,1,6,0.16922730519082296,0.3837978651264832,0.48473756977238186,0.8444008827209473,0.1934986114501953
500,2,9.240000000000002,2.2,1,1,1,7,0.16784080026522769,0.33379755842432257,0.4566658716238362,0.7175192832946777,0.13472461700439453
500,2,9.240000000000002,2.2,1,1,1,8,0.18270138619986134,0.34879521607782576,0.495680625035932,0.8207437992095947,0.11967206001281738
500,2,9.240000000000002,2.2,1,1,1,9,0.18794567832669454,0.3098225338423616,0.43577528114570274,0.7653470039367676,0.16803193092346191
500,2,9.240000000000002,2.2,1,1,1,10,0.1552424952179924,0.32862039839534984,0.42226744381934667,0.870875358581543,0.18822550773620605
500,2,9.240000000000002,2.2,1,1,1,11,0.16602903510307002,0.39621465472358447,0.48991232700821274,0.801513671875,0.10059452056884766
500,2,9.240000000000002,2.2,1,1,1,12,0.16954306010990042,0.420389386229802,0.5080609539068592,0.8247799873352051,0.12108302116394043
500,2,9.240000000000002,2.2,1,1,1,13,0.1895314666681236,0.4369738962456764,0.5743337884319522,0.7595679759979248,0.14602160453796387
500,2,9.240000000000002,2.2,1,1,1,14,0.15588837489622612,0.3273448886466423,0.45284254720875916,0.7908987998962402,0.18744945526123047
500,2,9.240000000000002,2.2,1,1,1,15,0.1618406000377224,0.34864854741542145,0.4317271630328525,0.801285982131958,0.12632298469543457
500,2,9.240000000000002,2.2,1,1,1,16,0.20023316585375042,0.39397920281959503,0.533890175209642,0.7293570041656494,0.15689826011657715
500,2,9.240000000000002,2.2,1,1,1,17,0.19012445132892206,0.37243124837605013,0.49987935526070437,0.7683498859405518,0.13017606735229492
500,2,9.240000000000002,2.2,1,1,1,18,0.18599356586801405,0.35190296751452094,0.5028847773138765,0.7732083797454834,0.17131304740905762
500,2,9.240000000000002,2.2,1,1,1,19,0.20203501406615698,0.30906034717463843,0.4810028312081183,0.8978574275970459,0.1887035369873047
500,2,9.240000000000002,2.2,1,1,1,20,0.15146473661696225,0.33603435980566754,0.465147723584143,0.6983988285064697,0.1326274871826172
500,2,9.240000000000002,2.2,1,1,1,21,0.18208138947015337,0.3991271526841261,0.5421733241608121,0.7724583148956299,0.11068248748779297
500,2,9.240000000000002,2.2,1,1,1,22,0.17156201258455303,0.38511126483161184,0.5020982867000237,0.6992697715759277,0.11399269104003906
500,2,9.240000000000002,2.2,1,1,1,23,0.18044956063044407,0.2958423101471723,0.407213926803523,0.8380472660064697,0.16722869873046875
500,2,9.240000000000002,2.2,1,1,1,24,0.15150116380650683,0.3112904798998625,0.4367622024054979,0.7625863552093506,0.14007902145385742
500,2,10.560000000000002,2.4000000000000004,1,1,1,0,0.18600349609548886,0.4003440477417416,0.5308751111805855,0.6924788951873779,0.13657069206237793
500,2,10.560000000000002,2.4000000000000004,1,1,1,1,0.17516055752186516,0.4247341610841768,0.5637049607129885,0.7332785129547119,0.14289307594299316
500,2,10.560000000000002,2.4000000000000004,1,1,1,2,0.18881924597849803,0.3628353420730357,0.5120788327490899,0.773054838180542,0.1837010383605957
500,2,10.560000000000002,2.4000000000000004,1,1,1,3,0.17473096711478062,0.3846313906556412,0.45691224824142374,0.78322434425354,0.134810209274292
500,2,10.560000000000002,2.4000000000000004,1,1,1,4,0.1606383621745186,0.45605673297676536,0.5995296027456456,0.7585525512695312,0.16151809692382812
500,2,10.560000000000002,2.4000000000000004,1,1,1,5,0.19533114799159992,0.3289371608277364,0.47193813237011106,0.8415131568908691,0.1683821678161621
500,2,10.560000000000002,2.4000000000000004,1,1,1,6,0.18836664913425588,0.33781983561317314,0.46533695575607464,0.8807525634765625,0.18860363960266113
500,2,10.560000000000002,2.4000000000000004,1,1,1,7,0.16182414933105252,0.3555741161503741,0.47127060016262323,0.7910592555999756,0.17724299430847168
500,2,10.560000000000002,2.4000000000000004,1,1,1,8,0.16719543255196068,0.38401674564755534,0.489533620026419,0.8269355297088623,0.1741344928741455
500,2,10.560000000000002,2.4000000000000004,1,1,1,9,0.22616667223194234,0.41874148676798495,0.6449081589999273,0.9865765571594238,0.20838570594787598
500,2,10.560000000000002,2.4000000000000004,1,1,1,10,0.16706879784011858,0.3827949207024172,0.508284858922794,0.9535017013549805,0.19787383079528809
500,2,10.560000000000002,2.4000000000000004,1,1,1,11,0.18452582200770418,0.4076087702039176,0.5376931378630598,0.720062255859375,0.10835552215576172
500,2,10.560000000000002,2.4000000000000004,1,1,1,12,0.1935450388772424,0.38542458763685883,0.4640877921503084,0.8202521800994873,0.13454699516296387
500,2,10.560000000000002,2.4000000000000004,1,1,1,13,0.1766887004390342,0.3614440644381851,0.5009333014882705,0.673060417175293,0.14145541191101074
500,2,10.560000000000002,2.4000000000000004,1,1,1,14,0.19435544329986237,0.34746909749779314,0.4666312765149887,0.8726363182067871,0.190079927444458
500,2,10.560000000000002,2.4000000000000004,1,1,1,15,0.14969162643961947,0.324603214315218,0.44488090544739156,0.7202713489532471,0.13681364059448242
500,2,10.560000000000002,2.4000000000000004,1,1,1,16,0.17881459301112312,0.4299785184681825,0.544319143956072,0.7084383964538574,0.16121768951416016
500,2,10.560000000000002,2.4000000000000004,1,1,1,17,0.17583880712180863,0.36277752607582464,0.4951939089068855,0.7387356758117676,0.17716288566589355
500,2,10.560000000000002,2.4000000000000004,1,1,1,18,0.18226743840013343,0.3391710676889862,0.45988634364215786,0.8176064491271973,0.16002297401428223
500,2,10.560000000000002,2.4000000000000004,1,1,1,19,0.19584309332023972,0.3653161417642522,0.4792638144046778,0.7065379619598389,0.16857123374938965
500,2,10.560000000000002,2.4000000000000004,1,1,1,20,0.16171982661005213,0.36618655246400744,0.47584715908795366,0.727161169052124,0.15542912483215332
500,2,10.560000000000002,2.4000000000000004,1,1,1,21,0.18659004467129714,0.36466135818332646,0.5030443885759638,0.7537446022033691,0.11877703666687012
500,2,10.560000000000002,2.4000000000000004,1,1,1,22,0.18202899062027833,0.3617400970494536,0.5437690876697319,0.6921653747558594,0.1352691650390625
500,2,10.560000000000002,2.4000000000000004,1,1,1,23,0.1755892241955698,0.42590378721746114,0.5311008016640419,0.8256509304046631,0.2067089080810547
500,2,10.560000000000002,2.4000000000000004,1,1,1,24,0.19975957880998674,0.3983247524990475,0.5470962089625101,0.7780711650848389,0.16951346397399902
500,2,11.959999999999999,2.6,1,1,1,0,0.20687097448743721,0.37136991831983757,0.48567781733141635,0.9295663833618164,0.1752312183380127
500,2,11.959999999999999,2.6,1,1,1,1,0.18166464595561313,0.4150562835069712,0.5573622479222818,0.882380485534668,0.17194414138793945
500,2,11.959999999999999,2.6,1,1,1,2,0.18982258018361736,0.4351904900059722,0.5826136825267089,0.7309660911560059,0.1612858772277832
500,2,11.959999999999999,2.6,1,1,1,3,0.18862187870668792,0.5755737565841774,0.7641956352908653,0.7166821956634521,0.13439011573791504
500,2,11.959999999999999,2.6,1,1,1,4,0.18765953934167945,0.4017766662014867,0.5263865427796041,0.7792713642120361,0.12055587768554688
500,2,11.959999999999999,2.6,1,1,1,5,0.23999346418987494,0.3928532648825811,0.5375866843347081,0.7685320377349854,0.17564892768859863
500,2,11.959999999999999,2.6,1,1,1,6,0.1797646431375718,0.4073508469652269,0.5128657464688717,0.9113898277282715,0.1573338508605957
500,2,11.959999999999999,2.6,1,1,1,7,0.2072029411494153,0.40954008793725866,0.5494800984324327,0.7890281677246094,0.13966917991638184
500,2,11.959999999999999,2.6,1,1,1,8,0.18350588559136713,0.4069825741142005,0.5060011469971448,0.7134451866149902,0.13964176177978516
500,2,11.959999999999999,2.6,1,1,1,9,0.1927752531342489,0.41487207760753386,0.5255523113359262,0.7546510696411133,0.13999533653259277
500,2,11.959999999999999,2.6,1,1,1,10,0.20349345513194694,0.32102875111109486,0.47382393715321514,0.860541820526123,0.16853618621826172
500,2,11.959999999999999,2.6,1,1,1,11,0.199117231890713,0.3838267044409471,0.4928975222890004,0.794928789138794,0.14554882049560547
500,2,11.959999999999999,2.6,1,1,1,12,0.1966186778825395,0.3520605680343273,0.5088656123140193,0.7117288112640381,0.139326810836792
500,2,11.959999999999999,2.6,1,1,1,13,0.19746688744816163,0.4006628427615523,0.5981297302097139,0.7475380897521973,0.16225910186767578
500,2,11.959999999999999,2.6,1,1,1,14,0.18895487937420236,0.33852892174299176,0.473730773500742,0.910722017288208,0.1699211597442627
500,2,11.959999999999999,2.6,1,1,1,15,0.18929029482106433,0.3807548439630805,0.49254476757755017,0.8817551136016846,0.15761923789978027
500,2,11.959999999999999,2.6,1,1,1,16,0.19644859174397394,0.33705851481704496,0.4990391276150219,0.6870884895324707,0.14716005325317383
500,2,11.959999999999999,2.6,1,1,1,17,0.20654517093491898,0.3898377109880999,0.5290064557663813,0.7597253322601318,0.13239192962646484
500,2,11.959999999999999,2.6,1,1,1,18,0.16945323176437374,0.36657566700182165,0.4913427190249475,0.9299602508544922,0.15261626243591309
500,2,11.959999999999999,2.6,1,1,1,19,0.1875392894772552,0.3705342747573855,0.49572684066260686,0.7792620658874512,0.13949060440063477
500,2,11.959999999999999,2.6,1,1,1,20,0.18371065432887834,0.39594961452948174,0.5297045833726233,0.7456324100494385,0.12162947654724121
500,2,11.959999999999999,2.6,1,1,1,21,0.19689074702829618,0.39588910462551546,0.5140719943099433,0.8074343204498291,0.12866830825805664
500,2,11.959999999999999,2.6,1,1,1,22,0.182435038162097,0.4183461481182276,0.5403009616547494,0.8282194137573242,0.1860189437866211
500,2,11.959999999999999,2.6,1,1,1,23,0.17634633323938778,0.49491914029776696,0.6569448612175103,0.7588043212890625,0.15194225311279297
500,2,11.959999999999999,2.6,1,1,1,24,0.18919226659740696,0.37933706494269404,0.5428285126666601,0.7101743221282959,0.16276860237121582
500,2,13.440000000000003,2.8000000000000003,1,1,1,0,0.2076639744863686,0.4227973011397736,0.5986506768458063,0.7349395751953125,0.1346912384033203
500,2,13.440000000000003,2.8000000000000003,1,1,1,1,0.21748891239342588,0.43475963793560807,0.626176613930755,0.8323369026184082,0.16954302787780762
500,2,13.440000000000003,2.8000000000000003,1,1,1,2,0.2112188402592382,0.4833131702381706,0.6212133809312168,0.7988073825836182,0.15167999267578125
500,2,13.440000000000003,2.8000000000000003,1,1,1,3,0.19103580864864864,0.4233269914238195,0.5754182090496146,0.7440388202667236,0.17353558540344238
500,2,13.440000000000003,2.8000000000000003,1,1,1,4,0.21659396673553089,0.40174663551716955,0.5000740017501012,0.7719917297363281,0.1586298942565918
500,2,13.440000000000003,2.8000000000000003,1,1,1,5,0.2158908499563526,0.5247077389034548,0.690145170908715,0.8945615291595459,0.19434094429016113
500,2,13.440000000000003,2.8000000000000003,1,1,1,6,0.207428128199726,0.4070126800262938,0.5040017441562358,0.7516903877258301,0.14186787605285645
500,2,13.440000000000003,2.8000000000000003,1,1,1,7,0.18885297755958014,0.45240193010928065,0.6074391972032168,0.6764926910400391,0.14046669006347656
500,2,13.440000000000003,2.8000000000000003,1,1,1,8,0.19163979232294204,0.5541528498282128,0.7182544048443866,0.751354455947876,0.13335251808166504
500,2,13.440000000000003,2.8000000000000003,1,1,1,9,0.1946541408400847,0.46330332078512937,0.6073849101527784,0.8010666370391846,0.1756727695465088
500,2,13.440000000000003,2.8000000000000003,1,1,1,10,0.19529761405413837,0.39413378690624234,0.551838421135801,0.8191878795623779,0.12409281730651855
500,2,13.440000000000003,2.8000000000000003,1,1,1,11,0.18455204716348292,0.498053411023111,0.6308455462332748,0.6993939876556396,0.15448522567749023
500,2,13.440000000000003,2.8000000000000003,1,1,1,12,0.20591182256198526,0.3830502949819665,0.5059059603924976,0.757328987121582,0.14342689514160156
500,2,13.440000000000003,2.8000000000000003,1,1,1,13,0.19086814485245024,0.3779623160734929,0.49592947379132163,0.7091703414916992,0.13151335716247559
500,2,13.440000000000003,2.8000000000000003,1,1,1,14,0.19087784102848,0.39519434518285873,0.5288651804514055,0.8451924324035645,0.1903386116027832
500,2,13.440000000000003,2.8000000000000003,1,1,1,15,0.20913498133571262,0.4250362149987315,0.5897288596808976,0.7092719078063965,0.15721607208251953
500,2,13.440000000000003,2.8000000000000003,1,1,1,16,0.24292312267158267,0.4922746901050828,0.6750017896475791,0.7297201156616211,0.17317914962768555
500,2,13.440000000000003,2.8000000000000003,1,1,1,17,0.2285149265909026,0.49035874259279544,0.6287113817744087,0.718557596206665,0.1272737979888916
500,2,13.440000000000003,2.8000000000000003,1,1,1,18,0.18681017944467085,0.5037922297480562,0.6302116151803667,0.9511868953704834,0.18953323364257812
500,2,13.440000000000003,2.8000000000000003,1,1,1,19,0.18813253059714305,0.4331084219672672,0.5576646565362007,0.6769301891326904,0.15192675590515137
500,2,13.440000000000003,2.8000000000000003,1,1,1,20,0.1778700902616874,0.457054567196965,0.567972013523629,0.7396590709686279,0.14413094520568848
500,2,13.440000000000003,2.8000000000000003,1,1,1,21,0.20797864390282736,0.5151814408359917,0.6635367499262166,0.8409214019775391,0.18471670150756836
500,2,13.440000000000003,2.8000000000000003,1,1,1,22,0.1883362474559697,0.3763349346636421,0.5260644453837097,0.9208526611328125,0.15420866012573242
500,2,13.440000000000003,2.8000000000000003,1,1,1,23,0.19855645340360456,0.4636580168994431,0.5769836748830545,0.7478947639465332,0.12990975379943848
500,2,13.440000000000003,2.8000000000000003,1,1,1,24,0.18395688788787126,0.4030499656770981,0.538525529444861,0.763275146484375,0.15987467765808105
500,2,15.0,3.0,1,1,1,0,0.2474234121418036,0.4815054609709731,0.6773745922283394,0.7120137214660645,0.14488005638122559
500,2,15.0,3.0,1,1,1,1,0.1869702540263901,0.4331368296032251,0.5742912092868261,0.8189868927001953,0.17148447036743164
500,2,15.0,3.0,1,1,1,2,0.20568847253408887,0.536388396884455,0.6541275102896956,0.8122899532318115,0.12430977821350098
500,2,15.0,3.0,1,1,1,3,0.1874503241638567,0.44419483508532936,0.6073928255035251,0.7669541835784912,0.16127610206604004
500,2,15.0,3.0,1,1,1,4,0.2097375337402545,0.49691012420363995,0.6612950209549959,0.7610554695129395,0.16987848281860352
500,2,15.0,3.0,1,1,1,5,0.20436420453845167,0.41491421344994395,0.6107440108718358,0.7467782497406006,0.1262516975402832
500,2,15.0,3.0,1,1,1,6,0.20293147811247741,0.5074449070848951,0.6558469849771984,0.913177490234375,0.16881394386291504
500,2,15.0,3.0,1,1,1,7,0.2921654024880991,0.48133631136365124,0.686677363645499,0.7439141273498535,0.16202902793884277
500,2,15.0,3.0,1,1,1,8,0.22889860271543017,0.4788289909937993,0.6148722789282474,0.7553732395172119,0.15002179145812988
500,2,15.0,3.0,1,1,1,9,0.20171486256815477,0.5730193663421835,0.7324073049392436,0.7868537902832031,0.1280508041381836
500,2,15.0,3.0,1,1,1,10,0.21056659668655295,0.43024387696899474,0.5837800018445135,0.8961105346679688,0.1829667091369629
500,2,15.0,3.0,1,1,1,11,0.1874539954821285,0.4362661242492227,0.5690062670246062,0.731797456741333,0.15217995643615723
500,2,15.0,3.0,1,1,1,12,0.1966901398053602,0.44907745565198837,0.6296531785941608,0.8122155666351318,0.18513178825378418
500,2,15.0,3.0,1,1,1,13,0.20899133984963525,0.4389591524994248,0.6080728682538764,0.7114102840423584,0.12928366661071777
500,2,15.0,3.0,1,1,1,14,0.2046968344771071,0.5087080250366836,0.6567029754615814,0.8624279499053955,0.19907379150390625
500,2,15.0,3.0,1,1,1,15,0.22784282783966842,0.5989459725127482,0.804397370830014,0.6873273849487305,0.13129734992980957
500,2,15.0,3.0,1,1,1,16,0.23698964243022363,0.4270846878584231,0.5855820015326099,0.7331323623657227,0.13958740234375
500,2,15.0,3.0,1,1,1,17,0.21249042304088045,0.45664247707935857,0.5760790177555424,0.7473263740539551,0.13960599899291992
500,2,15.0,3.0,1,1,1,18,0.2082976626707475,0.4148640733172001,0.5547388862426276,0.9216897487640381,0.15655136108398438
500,2,15.0,3.0,1,1,1,19,0.21356004609234086,0.4988249481205499,0.6129837190444049,0.7502479553222656,0.12002706527709961
500,2,15.0,3.0,1,1,1,20,0.22117711460130818,0.4185045739694359,0.5894935884909882,0.7579143047332764,0.1372983455657959
500,2,15.0,3.0,1,1,1,21,0.22114149945478634,0.4516688562591101,0.6311213996462604,0.7334260940551758,0.14229989051818848
500,2,15.0,3.0,1,1,1,22,0.20545149824081171,0.4496301585271902,0.5963371883283478,0.7834179401397705,0.16860246658325195
500,2,15.0,3.0,1,1,1,23,0.19456812368796877,0.4555018727967386,0.6246163889556512,0.8607604503631592,0.14171862602233887
500,2,15.0,3.0,1,1,1,24,0.2499096890446119,0.5314250300991556,0.7813347191437675,0.7418444156646729,0.15974068641662598
500,2,16.64,3.2,1,1,1,0,0.23231398374201273,0.6203501647425481,0.7759647775577659,0.740497350692749,0.14412283897399902
500,2,16.64,3.2,1,1,1,1,0.25022023917727054,0.4881929929307621,0.5753231639511744,0.7786686420440674,0.1314225196838379
500,2,16.64,3.2,1,1,1,2,0.2141851058463021,0.45503730970300765,0.5816539802832443,0.8750922679901123,0.18207192420959473
500,2,16.64,3.2,1,1,1,3,0.21649477563815145,0.48080649238709966,0.6168590581330317,0.9422562122344971,0.16974520683288574
500,2,16.64,3.2,1,1,1,4,0.20194253457866546,0.5346257332043948,0.6782179863117727,0.7168831825256348,0.18416237831115723
500,2,16.64,3.2,1,1,1,5,0.21870623305067258,0.5380902682286474,0.7288608129375562,0.7924790382385254,0.13352131843566895
500,2,16.64,3.2,1,1,1,6,0.22356610102416788,0.4590229930099032,0.597820488799954,0.8096551895141602,0.16494178771972656
500,2,16.64,3.2,1,1,1,7,0.2148254059839208,0.4525435107975644,0.6123530661792538,0.7542791366577148,0.11624503135681152
500,2,16.64,3.2,1,1,1,8,0.21729994883921527,0.4343792085740006,0.6253565096393651,0.6824469566345215,0.11787605285644531
500,2,16.64,3.2,1,1,1,9,0.2501079411566207,0.5420876160829324,0.7412459745464356,0.7700974941253662,0.14751744270324707
500,2,16.64,3.2,1,1,1,10,0.2190898812589397,0.6538275374269956,0.8075469962521389,0.9087347984313965,0.1684262752532959
500,2,16.64,3.2,1,1,1,11,0.21944558582648185,0.4643064980447401,0.6169195566660517,0.7959284782409668,0.14611387252807617
500,2,16.64,3.2,1,1,1,12,0.23579466504421465,0.5373241942856538,0.7213286380107019,0.7409367561340332,0.13440179824829102
500,2,16.64,3.2,1,1,1,13,0.22101046286822357,0.6598050854368083,0.8291427052997088,0.7245023250579834,0.17014622688293457
500,2,16.64,3.2,1,1,1,14,0.22082218163536194,0.44616254558951485,0.5890495002482538,0.7539489269256592,0.1775071620941162
500,2,16.64,3.2,1,1,1,15,0.21674284587303544,0.600361208710598,0.7469868909475967,0.8051776885986328,0.1695716381072998
500,2,16.64,3.2,1,1,1,16,0.24268289809667037,0.5062949029932244,0.6894148861859177,0.6895806789398193,0.14821314811706543
500,2,16.64,3.2,1,1,1,17,0.22625679458344078,0.46269455850190994,0.5996837675529721,0.7697060108184814,0.12608599662780762
500,2,16.64,3.2,1,1,1,18,0.20659754745728687,0.5962288625094028,0.8010784506760908,0.8297295570373535,0.17858290672302246
500,2,16.64,3.2,1,1,1,19,0.23944310217574077,0.5348705795729668,0.6936026668357997,0.9245011806488037,0.20806121826171875
500,2,16.64,3.2,1,1,1,20,0.21504321009456587,0.522677460984399,0.6901006599700243,0.741187572479248,0.1588129997253418
500,2,16.64,3.2,1,1,1,21,0.21386370494182463,0.5600276574235021,0.745327982791733,0.7388412952423096,0.1507272720336914
500,2,16.64,3.2,1,1,1,22,0.23534947280047794,0.46315210735830364,0.5846205398537487,0.7396502494812012,0.1675093173980713
500,2,16.64,3.2,1,1,1,23,0.22917807859814063,0.5689899802129306,0.7423226222035074,0.864105224609375,0.17317819595336914
500,2,16.64,3.2,1,1,1,24,0.26211322300126644,0.5210307165165762,0.7831439395178426,0.7750608921051025,0.1439814567565918
500,2,18.360000000000003,3.4000000000000004,1,1,1,0,0.24202008609073367,0.556526319019063,0.7153866950503756,0.756303071975708,0.15540456771850586
500,2,18.360000000000003,3.4000000000000004,1,1,1,1,0.2090319418241801,0.49683530079266847,0.68475541036312,0.7916030883789062,0.16574311256408691
500,2,18.360000000000003,3.4000000000000004,1,1,1,2,0.28275903458800256,0.4532008982456966,0.6453151260799769,0.8871114253997803,0.18492341041564941
500,2,18.360000000000003,3.4000000000000004,1,1,1,3,0.23969462546097206,0.5461684114996529,0.7069545792852411,0.7441790103912354,0.18337011337280273
500,2,18.360000000000003,3.4000000000000004,1,1,1,4,0.2569393566665255,0.5687078963016781,0.8077941014074359,0.842616081237793,0.1662755012512207
500,2,18.360000000000003,3.4000000000000004,1,1,1,5,0.23873269280374296,0.6780631719026593,0.8513507577970655,0.8236639499664307,0.17421340942382812
500,2,18.360000000000003,3.4000000000000004,1,1,1,6,0.28473514378198267,0.6437406517366572,0.8467086993150816,0.895989179611206,0.18915009498596191
500,2,18.360000000000003,3.4000000000000004,1,1,1,7,0.22158741211841976,0.5535719236051421,0.7510658918605616,0.7470388412475586,0.15405702590942383
500,2,18.360000000000003,3.4000000000000004,1,1,1,8,0.22489875618915797,0.4854465998145156,0.6602903271129587,0.8133900165557861,0.1820068359375
500,2,18.360000000000003,3.4000000000000004,1,1,1,9,0.24486918604542943,0.5075232625729862,0.6946838836491943,0.8371150493621826,0.21251940727233887
500,2,18.360000000000003,3.4000000000000004,1,1,1,10,0.23921381781986614,0.5255097953083119,0.7100768438727998,0.9507081508636475,0.16858887672424316
500,2,18.360000000000003,3.4000000000000004,1,1,1,11,0.23072575061148629,0.5567327987374439,0.739606334416439,0.7749123573303223,0.11835527420043945
500,2,18.360000000000003,3.4000000000000004,1,1,1,12,0.27673712053845195,0.582077827045533,0.858320603574976,0.6951146125793457,0.13845515251159668
500,2,18.360000000000003,3.4000000000000004,1,1,1,13,0.264360885421176,0.5439404259869082,0.7321448825587947,0.7938525676727295,0.11839985847473145
500,2,18.360000000000003,3.4000000000000004,1,1,1,14,0.22198197598987882,0.4471521103394855,0.6398020469083301,0.9021759033203125,0.200913667678833
500,2,18.360000000000003,3.4000000000000004,1,1,1,15,0.3072000358268511,0.6841459912986603,0.9913460271255115,0.8838188648223877,0.20375323295593262
500,2,18.360000000000003,3.4000000000000004,1,1,1,16,0.2684308271400828,0.548905295026331,0.7613236568058547,0.8910708427429199,0.17908716201782227
500,2,18.360000000000003,3.4000000000000004,1,1,1,17,0.2577493802235252,0.6066066304087478,0.7330315194001427,0.7009203433990479,0.13750052452087402
500,2,18.360000000000003,3.4000000000000004,1,1,1,18,0.21971581320135739,0.5131053627619874,0.6875836383483089,0.9088938236236572,0.17087411880493164
500,2,18.360000000000003,3.4000000000000004,1,1,1,19,0.2507118678442817,0.5739647454992772,0.7515680808166664,0.7739927768707275,0.1738135814666748
500,2,18.360000000000003,3.4000000000000004,1,1,1,20,0.2690140412217451,0.49966982140177074,0.6305710455596406,0.784595251083374,0.13574528694152832
500,2,18.360000000000003,3.4000000000000004,1,1,1,21,0.24135457555840759,0.6852499811663483,0.8584208772473413,0.7091562747955322,0.16146039962768555
500,2,18.360000000000003,3.4000000000000004,1,1,1,22,0.226971114268006,0.5880227174062727,0.73824271711003,0.8349781036376953,0.17428851127624512
500,2,18.360000000000003,3.4000000000000004,1,1,1,23,0.24202878894218063,0.614860519725951,0.8058729125843724,0.7020282745361328,0.16260480880737305
500,2,18.360000000000003,3.4000000000000004,1,1,1,24,0.26886131365261573,0.5997805995636918,0.7958047860988602,0.8878965377807617,0.1829829216003418
500,2,20.16,3.6,1,1,1,0,0.2745138332118647,0.5664137494816613,0.7769645306048486,0.7522585391998291,0.149641752243042
500,2,20.16,3.6,1,1,1,1,0.3171463139916656,0.7220321406140525,1.0391784546057181,0.8845393657684326,0.13187146186828613
500,2,20.16,3.6,1,1,1,2,0.2758705831310587,0.6200040846438659,0.8958746677749246,0.7377309799194336,0.17357659339904785
500,2,20.16,3.6,1,1,1,3,0.21282112142493756,0.6260663408287844,0.8281686621397053,0.7485916614532471,0.14064359664916992
500,2,20.16,3.6,1,1,1,4,0.2660115146176821,0.5337115577930447,0.7948020319000555,0.7640905380249023,0.1474010944366455
500,2,20.16,3.6,1,1,1,5,0.2801057041541317,0.6616456905117221,0.9007276444444652,0.9139740467071533,0.16139960289001465
500,2,20.16,3.6,1,1,1,6,0.25679854265518964,0.7187592034448104,0.9385676878844764,0.7325894832611084,0.15047359466552734
500,2,20.16,3.6,1,1,1,7,0.2526954249575638,0.5518801324609864,0.6496012657813719,0.7731320858001709,0.12763309478759766
500,2,20.16,3.6,1,1,1,8,0.27696558853491915,0.616387622321074,0.8042879482846512,0.7769997119903564,0.15211105346679688
500,2,20.16,3.6,1,1,1,9,0.2687864791982283,0.5416416682026906,0.7355384110441542,0.8238315582275391,0.17490339279174805
500,2,20.16,3.6,1,1,1,10,0.27316807687538225,0.5521024056411435,0.7168962638723924,0.8158717155456543,0.14125537872314453
500,2,20.16,3.6,1,1,1,11,0.2703570318352587,0.7173427824767268,0.9830943252516422,0.7439167499542236,0.14286017417907715
500,2,20.16,3.6,1,1,1,12,0.246226189745451,0.6087033560117606,0.7707835905330388,0.6862428188323975,0.15675973892211914
500,2,20.16,3.6,1,1,1,13,0.24189845582573002,0.6075757377784846,0.7271173479189671,0.7549545764923096,0.1407153606414795
500,2,20.16,3.6,1,1,1,14,0.27812394295770576,0.6195965607810889,0.7707576988237292,0.9057066440582275,0.19280076026916504
500,2,20.16,3.6,1,1,1,15,0.2791417269276673,0.6374449553387281,0.9165866822663955,0.8579676151275635,0.15877056121826172
500,2,20.16,3.6,1,1,1,16,0.23944293539674655,0.5283243384381511,0.7057696979490475,0.7581350803375244,0.15454673767089844
500,2,20.16,3.6,1,1,1,17,0.26851527586969615,0.560303750479423,0.7455225752280747,0.7506787776947021,0.12937092781066895
500,2,20.16,3.6,1,1,1,18,0.23699153446967128,0.6564117711817907,0.8828775993179327,0.9109640121459961,0.1670210361480713
500,2,20.16,3.6,1,1,1,19,0.25497807667711897,0.5425586677670162,0.6652787428246905,0.7858536243438721,0.1599712371826172
500,2,20.16,3.6,1,1,1,20,0.24729073683927855,0.5259900863191019,0.710702392144893,0.7236168384552002,0.17465639114379883
500,2,20.16,3.6,1,1,1,21,0.26157701708465025,0.5810193432442867,0.7040670923464689,0.7539894580841064,0.13227391242980957
500,2,20.16,3.6,1,1,1,22,0.24659754028459796,0.5349451177091794,0.7516625806347086,0.8778924942016602,0.17646527290344238
500,2,20.16,3.6,1,1,1,23,0.2919920896041385,0.5547426755825949,0.801921783645994,0.7453839778900146,0.1417703628540039
500,2,20.16,3.6,1,1,1,24,0.25937594834421207,0.9544947049537204,1.2106708882576616,0.7235050201416016,0.13153624534606934
500,2,22.040000000000003,3.8000000000000003,1,1,1,0,0.2530685044007088,0.5475025515145759,0.7447415142795397,0.7764194011688232,0.15689611434936523
500,2,22.040000000000003,3.8000000000000003,1,1,1,1,0.2616603647049445,0.7318375281973356,0.9809440343246992,0.8705239295959473,0.16010570526123047
500,2,22.040000000000003,3.8000000000000003,1,1,1,2,0.31332686549021016,0.7869783238123323,1.0923163221700576,0.7957775592803955,0.13224291801452637
500,2,22.040000000000003,3.8000000000000003,1,1,1,3,0.27071281960913524,0.6910064749972704,0.9617192946064057,0.7261152267456055,0.15800714492797852
500,2,22.040000000000003,3.8000000000000003,1,1,1,4,0.23013074593440105,0.5109376120772603,0.6690817199155809,0.7978346347808838,0.12505674362182617
500,2,22.040000000000003,3.8000000000000003,1,1,1,5,0.29168891385142726,0.5962293460456844,0.7679235164648504,0.8580892086029053,0.1856398582458496
500,2,22.040000000000003,3.8000000000000003,1,1,1,6,0.29975952681043155,0.9567282487679721,1.197268336208127,1.0297870635986328,0.17056989669799805
500,2,22.040000000000003,3.8000000000000003,1,1,1,7,0.2802816429260522,0.6051395329559611,0.8264373681622403,0.6901810169219971,0.16925978660583496
500,2,22.040000000000003,3.8000000000000003,1,1,1,8,0.3299416046702157,0.6359717085150032,0.8913944655973707,0.798475980758667,0.13749122619628906
500,2,22.040000000000003,3.8000000000000003,1,1,1,9,0.27917243167054967,0.5364733109305979,0.7061610958188977,0.6905033588409424,0.17500066757202148
500,2,22.040000000000003,3.8000000000000003,1,1,1,10,0.2729000759746895,0.551218755462314,0.814297602587797,0.8433537483215332,0.21348047256469727
500,2,22.040000000000003,3.8000000000000003,1,1,1,11,0.3029433382891875,0.5862153796942454,0.8178822757570198,0.7550084590911865,0.1448359489440918
500,2,22.040000000000003,3.8000000000000003,1,1,1,12,0.27900947192106823,0.5932609527182994,0.7842468809985753,0.7502245903015137,0.1443474292755127
500,2,22.040000000000003,3.8000000000000003,1,1,1,13,0.32740255069969926,0.7326470293530349,0.9560365241144748,0.7222111225128174,0.13742876052856445
500,2,22.040000000000003,3.8000000000000003,1,1,1,14,0.2850511917301838,0.581387455467137,0.8154973717364571,0.9150488376617432,0.19566822052001953
500,2,22.040000000000003,3.8000000000000003,1,1,1,15,0.3023126169731071,0.691990461911188,0.994303078884295,0.7344114780426025,0.1406245231628418
500,2,22.040000000000003,3.8000000000000003,1,1,1,16,0.31141984280069457,0.5753102184230102,0.7782342191312708,0.7233448028564453,0.15425944328308105
500,2,22.040000000000003,3.8000000000000003,1,1,1,17,0.3103435570344434,0.5796184072473067,0.796015995194205,0.6971902847290039,0.14837265014648438
500,2,22.040000000000003,3.8000000000000003,1,1,1,18,0.2804948802484467,0.5335266815243288,0.7137739928585699,0.7524237632751465,0.17438101768493652
500,2,22.040000000000003,3.8000000000000003,1,1,1,19,0.24778145744195407,0.6172873355368684,0.864602360232082,0.7599916458129883,0.13442659378051758
500,2,22.040000000000003,3.8000000000000003,1,1,1,20,0.24169450127374045,0.6444993977125977,0.8748175788579587,0.7398891448974609,0.13230204582214355
500,2,22.040000000000003,3.8000000000000003,1,1,1,21,0.28957626999884706,0.6342197525949058,0.8405079761454324,0.8294565677642822,0.19249367713928223
500,2,22.040000000000003,3.8000000000000003,1,1,1,22,0.2767905835507115,0.5809237478185545,0.7829192651678354,0.9181692600250244,0.206162691116333
500,2,22.040000000000003,3.8000000000000003,1,1,1,23,0.23225620928971646,0.5952391981829557,0.7982539557663764,0.8612344264984131,0.16498517990112305
500,2,22.040000000000003,3.8000000000000003,1,1,1,24,0.25167681831111754,0.5873785792492882,0.7225987154356143,0.696674108505249,0.16706323623657227
500,2,24.0,4.0,1,1,1,0,0.28533704333996684,0.7266577415084874,0.94346673986452,0.7262852191925049,0.1416175365447998
500,2,24.0,4.0,1,1,1,1,0.2928417557984427,0.7060775041660794,0.8727203789064301,0.7350547313690186,0.16577386856079102
500,2,24.0,4.0,1,1,1,2,0.3108658816915989,0.6966582616026598,0.9119860995624602,0.8808190822601318,0.16929340362548828
500,2,24.0,4.0,1,1,1,3,0.263827268856245,0.7539650583829013,1.0139325022608658,0.7550735473632812,0.1469876766204834
500,2,24.0,4.0,1,1,1,4,0.3070692512411082,0.5971679363255664,0.8122182009902607,0.7304763793945312,0.13171792030334473
500,2,24.0,4.0,1,1,1,5,0.29608228263763103,0.7149923727397145,0.9553704934149093,0.757788896560669,0.14499449729919434
500,2,24.0,4.0,1,1,1,6,0.2749176671826488,0.5727557124369679,0.7823473293007598,0.8760552406311035,0.18860173225402832
500,2,24.0,4.0,1,1,1,7,0.284991543576277,0.7294166658068918,0.964267455187465,0.7549352645874023,0.15360498428344727
500,2,24.0,4.0,1,1,1,8,0.2953354333703411,0.7350538264865563,0.9819617309456765,0.7874569892883301,0.17587614059448242
500,2,24.0,4.0,1,1,1,9,0.28614927966793813,0.6707594171515904,0.8594520996027677,0.7608764171600342,0.14682459831237793
500,2,24.0,4.0,1,1,1,10,0.2795119120257378,0.5921450901280838,0.8716570021538216,0.8867905139923096,0.17604660987854004
500,2,24.0,4.0,1,1,1,11,0.2958215011350482,0.628992305907335,0.7977967234889419,0.6983001232147217,0.18167424201965332
500,2,24.0,4.0,1,1,1,12,0.2853181072286914,0.6686412272872001,0.9139502167480699,0.853334903717041,0.1619117259979248
500,2,24.0,4.0,1,1,1,13,0.2858660305871892,0.6397297200608205,0.876174389275125,0.7548644542694092,0.1751234531402588
500,2,24.0,4.0,1,1,1,14,0.2682995964438077,0.5821450520218856,0.8083028924681618,0.8436281681060791,0.1570730209350586
500,2,24.0,4.0,1,1,1,15,0.27500796895013774,0.7040602775608299,0.9228564313551998,0.8284046649932861,0.1562819480895996
500,2,24.0,4.0,1,1,1,16,0.3222040902792348,0.6249298579376498,0.9471339482168846,0.7131264209747314,0.16648411750793457
500,2,24.0,4.0,1,1,1,17,0.2689996674223026,0.8938784426476915,1.1616450142036125,0.7428648471832275,0.13141512870788574
500,2,24.0,4.0,1,1,1,18,0.27200045079916246,0.5900286470453571,0.7916566984800512,0.7368862628936768,0.17260479927062988
500,2,24.0,4.0,1,1,1,19,0.2716015129483566,0.7092057064274828,0.8994851998178561,0.8348956108093262,0.15004968643188477
500,2,24.0,4.0,1,1,1,20,0.289228726390833,0.6196284867905725,0.8593588919145119,0.7404842376708984,0.11707735061645508
500,2,24.0,4.0,1,1,1,21,0.35484581426357603,0.6345814661907878,0.8343361187631457,0.7931728363037109,0.13944554328918457
500,2,24.0,4.0,1,1,1,22,0.3388963592560426,0.791537373666873,1.0614432814692885,0.7643427848815918,0.14946937561035156
500,2,24.0,4.0,1,1,1,23,0.28404743462559445,0.6707021183785429,0.8778898591105512,0.8588924407958984,0.17270517349243164
500,2,24.0,4.0,1,1,1,24,0.29912998192873713,0.7102635427185429,0.8669736366871216,0.7775030136108398,0.14357686042785645
500,2,26.040000000000003,4.2,1,1,1,0,0.3639557046276446,0.7246173258709532,0.9380504813337502,0.7279531955718994,0.1331474781036377
500,2,26.040000000000003,4.2,1,1,1,1,0.3163677935684976,0.6640337559833298,0.8609693199978572,0.7299821376800537,0.16137218475341797
500,2,26.040000000000003,4.2,1,1,1,2,0.2972249238751266,0.7246584286921068,1.0013358692231416,0.8368446826934814,0.1906754970550537
500,2,26.040000000000003,4.2,1,1,1,3,0.3301673658527146,0.6637423180961112,0.9280306758812003,0.845454216003418,0.17323088645935059
500,2,26.040000000000003,4.2,1,1,1,4,0.28517159762323574,0.7932729337610432,1.0469309952202637,0.6747543811798096,0.16260766983032227
500,2,26.040000000000003,4.2,1,1,1,5,0.3504275742200599,0.7705630850659845,0.9716953617549068,0.7645916938781738,0.13595819473266602
500,2,26.040000000000003,4.2,1,1,1,6,0.2546261006207986,0.6799501421101767,0.780894654900355,0.9278972148895264,0.18976211547851562
500,2,26.040000000000003,4.2,1,1,1,7,0.3549837175370236,0.6949421579140781,0.918160176420663,0.7710244655609131,0.15251636505126953
500,2,26.040000000000003,4.2,1,1,1,8,0.30125841552403554,0.6396110798728073,0.8720633641868273,0.7256948947906494,0.17610836029052734
500,2,26.040000000000003,4.2,1,1,1,9,0.28247844914101655,0.6877281318005446,0.9166365975932943,0.7657623291015625,0.13534784317016602
500,2,26.040000000000003,4.2,1,1,1,10,0.30837364515713134,0.7484531743464113,1.0215814191959067,0.7927496433258057,0.17104125022888184
500,2,26.040000000000003,4.2,1,1,1,11,0.34652633366358826,0.7305097092778203,1.0675480933160029,0.8012714385986328,0.13658356666564941
500,2,26.040000000000003,4.2,1,1,1,12,0.3000827981597541,0.6854506650926293,0.9834141265596817,0.6956887245178223,0.17390775680541992
500,2,26.040000000000003,4.2,1,1,1,13,0.3225126432266259,0.8088790379642888,0.9977506959814735,0.738436222076416,0.127424955368042
500,2,26.040000000000003,4.2,1,1,1,14,0.35369109908712565,0.8380622533825302,1.117638149858101,0.7617743015289307,0.18460440635681152
500,2,26.040000000000003,4.2,1,1,1,15,0.31328528931258376,0.6324957950775831,0.901756394800309,0.9342174530029297,0.1591339111328125
500,2,26.040000000000003,4.2,1,1,1,16,0.2985234321402844,0.6777006256366758,0.902226274560919,0.7807936668395996,0.1556401252746582
500,2,26.040000000000003,4.2,1,1,1,17,0.30903868372893634,0.6717724347509487,0.9064767054062025,0.73750901222229,0.17882180213928223
500,2,26.040000000000003,4.2,1,1,1,18,0.38274389896684086,0.8740917725406265,1.2568356715074673,0.7457315921783447,0.13734197616577148
500,2,26.040000000000003,4.2,1,1,1,19,0.37733072933080425,0.687020374762421,0.9326531363130827,0.9911620616912842,0.19797921180725098
500,2,26.040000000000003,4.2,1,1,1,20,0.284802062718946,0.6256152694165859,0.8685343522220808,0.7754640579223633,0.13575053215026855
500,2,26.040000000000003,4.2,1,1,1,21,0.3615547277688199,0.7360938554141059,0.9630365565664372,0.7143445014953613,0.11240172386169434
500,2,26.040000000000003,4.2,1,1,1,22,0.358195521042682,0.8791976613213361,1.237393182364018,0.8245747089385986,0.13824987411499023
500,2,26.040000000000003,4.2,1,1,1,23,0.29506644143170463,1.0029351948115417,1.2410763157756763,0.8215386867523193,0.18823957443237305
500,2,26.040000000000003,4.2,1,1,1,24,0.3305396085601008,0.7449751217493569,0.9815623752465144,0.7237339019775391,0.16992855072021484
500,2,28.160000000000004,4.4,1,1,1,0,0.2904057821300567,0.7135989591800831,1.0040047413101398,0.7439813613891602,0.12989592552185059
500,2,28.160000000000004,4.4,1,1,1,1,0.29896002608454497,0.7833089733172244,1.0560779134098315,0.7992074489593506,0.13370442390441895
500,2,28.160000000000004,4.4,1,1,1,2,0.26907698840750655,0.9859286654825183,1.2170974354126518,0.9031848907470703,0.17827224731445312
500,2,28.160000000000004,4.4,1,1,1,3,0.32613541263407325,0.8048203565832388,1.0802888136384547,0.7804598808288574,0.1396036148071289
500,2,28.160000000000004,4.4,1,1,1,4,0.34430473810693585,0.6946638078666106,0.8819348903012336,0.7455887794494629,0.17907166481018066
500,2,28.160000000000004,4.4,1,1,1,5,0.39020470257611867,0.6432692821318696,1.0159937182195555,0.7441308498382568,0.14328503608703613
500,2,28.160000000000004,4.4,1,1,1,6,0.3685947299144191,0.8099146344134509,1.1066871219062833,0.866570234298706,0.16259288787841797
500,2,28.160000000000004,4.4,1,1,1,7,0.3219005948213867,0.9397773347298156,1.1813288551665517,0.7316000461578369,0.15150928497314453
500,2,28.160000000000004,4.4,1,1,1,8,0.34919368347644003,0.7527166689829009,0.9834478538931677,0.7417490482330322,0.17249584197998047
500,2,28.160000000000004,4.4,1,1,1,9,0.36065414236377924,0.8263564784911817,1.03801704862764,0.7571778297424316,0.19529080390930176
500,2,28.160000000000004,4.4,1,1,1,10,0.34999972177755506,0.7492505501371532,0.9902775450756607,0.8648364543914795,0.1797327995300293
500,2,28.160000000000004,4.4,1,1,1,11,0.2779989501088468,0.5913429724172997,0.824049318131217,0.7166564464569092,0.1569516658782959
500,2,28.160000000000004,4.4,1,1,1,12,0.32391965939476197,0.7125556569321109,1.0058311953579493,0.7343249320983887,0.15293169021606445
500,2,28.160000000000004,4.4,1,1,1,13,0.4105016291305845,1.1560123561081321,1.5574518488020757,0.8087015151977539,0.18123912811279297
500,2,28.160000000000004,4.4,1,1,1,14,0.3290943802305892,0.7545059790304226,1.063996093907168,0.8597078323364258,0.1738731861114502
500,2,28.160000000000004,4.4,1,1,1,15,0.3069871989325579,0.7800398875285064,1.0714157341743975,0.7956371307373047,0.13255023956298828
500,2,28.160000000000004,4.4,1,1,1,16,0.3435204073190915,0.6691339073193714,0.9183389689234932,0.8184554576873779,0.09954118728637695
500,2,28.160000000000004,4.4,1,1,1,17,0.30686903541051413,0.8960943234346329,1.0690599654433761,0.7415497303009033,0.16585016250610352
500,2,28.160000000000004,4.4,1,1,1,18,0.3752699719917276,0.6906667838185385,0.950176084020986,0.7585082054138184,0.13237214088439941
500,2,28.160000000000004,4.4,1,1,1,19,0.30996660039276075,0.861333290192586,1.146867248630354,0.8668522834777832,0.17546844482421875
500,2,28.160000000000004,4.4,1,1,1,20,0.3583534222167903,0.7142583400057051,0.9683965663948113,0.7474048137664795,0.13852500915527344
500,2,28.160000000000004,4.4,1,1,1,21,0.3236706545273546,0.749624155275347,0.960696521311722,0.8031928539276123,0.140106201171875
500,2,28.160000000000004,4.4,1,1,1,22,0.30456129869308196,0.6655714077920384,0.9701327064851204,0.7654678821563721,0.1541280746459961
500,2,28.160000000000004,4.4,1,1,1,23,0.4257298343611948,0.8303138187326947,1.0596122252687652,0.9079093933105469,0.16366791725158691
500,2,28.160000000000004,4.4,1,1,1,24,0.3527641722984013,0.6615355920641524,0.9648370752359893,0.7082338333129883,0.14669084548950195
500,2,30.360000000000007,4.6000000000000005,1,1,1,0,0.6106879879233964,0.9776478629033803,1.486238388766914,0.9696390628814697,0.16781830787658691
500,2,30.360000000000007,4.6000000000000005,1,1,1,1,0.4587598817952934,0.9049348734155438,1.3438022028901166,0.7220733165740967,0.16190624237060547
500,2,30.360000000000007,4.6000000000000005,1,1,1,2,0.3593113582968594,0.8424886508117304,1.0697055844651717,0.9402110576629639,0.16991877555847168
500,2,30.360000000000007,4.6000000000000005,1,1,1,3,0.37271803517387603,0.8748027514432916,1.1270644162659258,0.7732594013214111,0.13238143920898438
500,2,30.360000000000007,4.6000000000000005,1,1,1,4,0.3379366754267643,0.6525382079857346,0.9508360238764668,0.6874063014984131,0.13965845108032227
500,2,30.360000000000007,4.6000000000000005,1,1,1,5,0.3913637329951396,1.1095686990242206,1.4619106279491725,0.7439556121826172,0.15517807006835938
500,2,30.360000000000007,4.6000000000000005,1,1,1,6,0.33977580947579433,0.8509294935644365,1.1122126738896225,0.8842580318450928,0.20270061492919922
500,2,30.360000000000007,4.6000000000000005,1,1,1,7,0.4039532996130911,0.9586359064336725,1.3625892060467635,0.8058197498321533,0.1457076072692871
500,2,30.360000000000007,4.6000000000000005,1,1,1,8,0.36409729345349345,0.6213593401399272,0.9122989632053498,0.6893055438995361,0.1622779369354248
500,2,30.360000000000007,4.6000000000000005,1,1,1,9,0.33080454553772015,0.881993115053302,1.1915355040965458,0.7441589832305908,0.13065147399902344
500,2,30.360000000000007,4.6000000000000005,1,1,1,10,0.3195744350919478,0.6687809414179301,0.9314618393487303,0.8466000556945801,0.1250135898590088
500,2,30.360000000000007,4.6000000000000005,1,1,1,11,0.3331610641642818,0.8720224456462158,1.159330588461466,0.838648796081543,0.18569493293762207
500,2,30.360000000000007,4.6000000000000005,1,1,1,12,0.37422857633180273,0.6848181206367338,0.9855732848723797,0.7260317802429199,0.11695027351379395
500,2,30.360000000000007,4.6000000000000005,1,1,1,13,0.412543041774552,0.7102424562849252,1.1012506275889995,0.7862887382507324,0.1423964500427246
500,2,30.360000000000007,4.6000000000000005,1,1,1,14,0.3495227135239353,0.7794412376298437,0.990134234088195,0.7528479099273682,0.18796133995056152
500,2,30.360000000000007,4.6000000000000005,1,1,1,15,0.34503117068940253,0.8067989100897377,1.0789876304008343,0.8841829299926758,0.1593763828277588
500,2,30.360000000000007,4.6000000000000005,1,1,1,16,0.3392967952519451,0.8617545795727707,1.1402257191600773,0.904839038848877,0.17969703674316406
500,2,30.360000000000007,4.6000000000000005,1,1,1,17,0.3437551474439458,0.8690543749677079,1.2076668095605383,0.7278556823730469,0.13587093353271484
500,2,30.360000000000007,4.6000000000000005,1,1,1,18,0.3674252832128178,0.8649936571720633,1.1796859091791696,0.768214225769043,0.1335906982421875
500,2,30.360000000000007,4.6000000000000005,1,1,1,19,0.4654758184695921,0.9175188243059942,1.2137874563319373,0.8720126152038574,0.17258167266845703
500,2,30.360000000000007,4.6000000000000005,1,1,1,20,0.40054101730785896,0.9819136768890615,1.213429634496363,0.7653272151947021,0.14807558059692383
500,2,30.360000000000007,4.6000000000000005,1,1,1,21,0.38534563424109775,0.9594117651091641,1.244644278564909,0.7544577121734619,0.15273547172546387
500,2,30.360000000000007,4.6000000000000005,1,1,1,22,0.36800020240197273,0.8497027365538903,1.217702938955863,0.714813232421875,0.15127968788146973
500,2,30.360000000000007,4.6000000000000005,1,1,1,23,0.43089187974811316,0.9786270008405954,1.3705741326053198,0.898991584777832,0.1580336093902588
500,2,30.360000000000007,4.6000000000000005,1,1,1,24,0.370519032320426,0.6700536606049899,0.9434653873265593,0.7359929084777832,0.16759204864501953
500,2,32.64000000000001,4.800000000000001,1,1,1,0,0.47843291479873473,1.0799127823000017,1.5583456970987364,0.8363041877746582,0.15254592895507812
500,2,32.64000000000001,4.800000000000001,1,1,1,1,0.42836423147063024,0.6671758634007076,1.0955400948713379,0.7613778114318848,0.1481022834777832
500,2,32.64000000000001,4.800000000000001,1,1,1,2,0.46249937338123775,0.7790321397296749,1.2415315131109126,0.7942600250244141,0.1797807216644287
500,2,32.64000000000001,4.800000000000001,1,1,1,3,0.33686011186128817,0.6774849299084094,0.9388102441697708,0.7408454418182373,0.1611499786376953
500,2,32.64000000000001,4.800000000000001,1,1,1,4,0.40042205823275184,0.9078390013774968,1.2539608518917675,0.7704594135284424,0.14089202880859375
500,2,32.64000000000001,4.800000000000001,1,1,1,5,0.4147491973685308,1.1262061891639292,1.4387976465861168,0.716475248336792,0.17467617988586426
500,2,32.64000000000001,4.800000000000001,1,1,1,6,0.3656284255343661,0.9138649651841474,1.2283834860257308,0.7641186714172363,0.16340947151184082
500,2,32.64000000000001,4.800000000000001,1,1,1,7,0.4169570728822687,1.183284552213637,1.6002416250959057,0.9911057949066162,0.19950199127197266
500,2,32.64000000000001,4.800000000000001,1,1,1,8,0.4815435638763175,1.0381547372573574,1.5196983011336749,0.7482163906097412,0.1350851058959961
500,2,32.64000000000001,4.800000000000001,1,1,1,9,0.35207641909628207,0.7793899387658554,1.0631335274356621,0.6734898090362549,0.16063666343688965
500,2,32.64000000000001,4.800000000000001,1,1,1,10,0.4024585160436331,0.7168526219318077,1.0274602113214413,0.7726118564605713,0.15810465812683105
500,2,32.64000000000001,4.800000000000001,1,1,1,11,0.5943907134937266,0.7522433094633657,1.329391814156895,0.9108493328094482,0.16054463386535645
500,2,32.64000000000001,4.800000000000001,1,1,1,12,0.4242197548690039,0.8543499789640269,1.273425082655202,0.7681059837341309,0.14754080772399902
500,2,32.64000000000001,4.800000000000001,1,1,1,13,0.4531989901188023,0.9121477356494414,1.3653467257682437,0.7230658531188965,0.1622486114501953
500,2,32.64000000000001,4.800000000000001,1,1,1,14,0.41004875562333876,0.7002627481056597,0.9935908083320041,0.7393920421600342,0.12557554244995117
500,2,32.64000000000001,4.800000000000001,1,1,1,15,0.3757250345657284,0.9305017462354116,1.266286007698596,0.9103388786315918,0.15998291969299316
500,2,32.64000000000001,4.800000000000001,1,1,1,16,0.48615366761947276,0.8905637591142213,1.130249796635574,0.7120108604431152,0.16413116455078125
500,2,32.64000000000001,4.800000000000001,1,1,1,17,0.3671430080916122,0.866762357199014,1.192500314646278,0.7842280864715576,0.15914011001586914
500,2,32.64000000000001,4.800000000000001,1,1,1,18,0.3287820754659721,0.728253451742375,1.0570355272083471,0.7140045166015625,0.16298866271972656
500,2,32.64000000000001,4.800000000000001,1,1,1,19,0.35413704431607634,0.7256349941316782,0.9921688263347437,0.8720593452453613,0.17991209030151367
500,2,32.64000000000001,4.800000000000001,1,1,1,20,0.4272060502368727,0.864759492657716,1.2856118098277434,0.7591159343719482,0.15636515617370605
500,2,32.64000000000001,4.800000000000001,1,1,1,21,0.36061989023989716,0.6797030606003903,0.9987432776763767,0.7057251930236816,0.16408514976501465
500,2,32.64000000000001,4.800000000000001,1,1,1,22,0.4545002996728031,0.7543925451688893,1.089850003377759,0.858208179473877,0.15716767311096191
500,2,32.64000000000001,4.800000000000001,1,1,1,23,0.39241656115892404,0.8666804714184707,1.2590970325773947,0.9252409934997559,0.16953730583190918
500,2,32.64000000000001,4.800000000000001,1,1,1,24,0.41911887474802456,1.0188925335824923,1.3843576788674257,0.7658565044403076,0.12427902221679688
500,2,35.0,5.0,1,1,1,0,0.4405923939977471,0.8132103504367559,1.1561863473416194,0.7084858417510986,0.16245675086975098
500,2,35.0,5.0,1,1,1,1,0.33938431110717815,0.96552230748669,1.1961304462381,0.7685904502868652,0.12709784507751465
500,2,35.0,5.0,1,1,1,2,0.40382705067332525,0.9799513157214365,1.2450164675988962,0.7603814601898193,0.1835174560546875
500,2,35.0,5.0,1,1,1,3,0.4363909084447565,0.9916312315415933,1.4280221399863497,0.8649489879608154,0.20287322998046875
500,2,35.0,5.0,1,1,1,4,0.3852489642715665,0.8813378055571184,1.1539579161135878,0.7427427768707275,0.1567378044128418
500,2,35.0,5.0,1,1,1,5,0.9060437558493382,0.9882964672190867,1.6607186596207293,0.7205071449279785,0.15976428985595703
500,2,35.0,5.0,1,1,1,6,0.4078901913292123,0.842566972707974,1.153703088452318,0.7376124858856201,0.1460111141204834
500,2,35.0,5.0,1,1,1,7,0.5125756517108876,0.8105063187707173,1.2820271091638946,0.8406047821044922,0.19382452964782715
500,2,35.0,5.0,1,1,1,8,0.3706129282263276,0.8109193552947517,1.0612000255649687,0.7163660526275635,0.16102218627929688
500,2,35.0,5.0,1,1,1,9,0.5371793161003137,1.1580060931940763,1.6335347452083453,0.7987794876098633,0.14707112312316895
500,2,35.0,5.0,1,1,1,10,0.5520463629919761,0.8865879926085181,1.2437282439722517,0.7134354114532471,0.17296695709228516
500,2,35.0,5.0,1,1,1,11,0.42541963109024894,1.2004740319692786,1.558945339473053,0.857337236404419,0.1707465648651123
500,2,35.0,5.0,1,1,1,12,0.41060264403942415,0.9383410055784497,1.2727995748661831,0.7268190383911133,0.1759476661682129
500,2,35.0,5.0,1,1,1,13,0.4126705150492851,1.1292490175054735,1.5299055587740682,0.8245642185211182,0.16132140159606934
500,2,35.0,5.0,1,1,1,14,0.45714763082721027,0.8125146149833182,1.1860603522081907,0.7664041519165039,0.1338200569152832
500,2,35.0,5.0,1,1,1,15,0.3450469497360349,0.7291428122465548,0.9990293006443722,0.8573148250579834,0.1632695198059082
500,2,35.0,5.0,1,1,1,16,0.42567174787352424,0.8723220443398321,1.1720144365354914,0.8697874546051025,0.11258697509765625
500,2,35.0,5.0,1,1,1,17,0.6014667777210941,1.03150579279291,1.309495172019222,0.6927711963653564,0.1734318733215332
500,2,35.0,5.0,1,1,1,18,0.41721986450766885,0.877565302187826,1.2335208488398126,0.7549929618835449,0.12303566932678223
500,2,35.0,5.0,1,1,1,19,0.3820636457432776,0.8424798218235908,1.2019110602167695,0.7545516490936279,0.17516803741455078
500,2,35.0,5.0,1,1,1,20,0.36155926769013613,0.9062829933926455,1.1869118754145551,0.81597900390625,0.18738532066345215
500,2,35.0,5.0,1,1,1,21,0.3685192929340514,0.8783651447128905,1.1984693634964336,0.7583122253417969,0.13550639152526855
500,2,35.0,5.0,1,1,1,22,0.5418189108488117,0.87734690204667,1.3928859056012328,0.7518324851989746,0.14378619194030762
500,2,35.0,5.0,1,1,1,23,0.47801719170444,0.9197339690568687,1.3977511607613087,0.7806487083435059,0.14231181144714355
500,2,35.0,5.0,1,1,1,24,0.4939031272587971,0.7854836863442399,1.1279132959559754,0.8715944290161133,0.1844158172607422
500,2,37.440000000000005,5.2,1,1,1,0,0.7265226177510419,1.7212494188517315,2.4477720366027733,0.6796116828918457,0.15513038635253906
500,2,37.440000000000005,5.2,1,1,1,1,0.9782300061874624,0.9953904356595581,1.591396884853531,0.7923882007598877,0.10761475563049316
500,2,37.440000000000005,5.2,1,1,1,2,2.82811599926797,3.5641353078600133,5.473787552854919,0.7370378971099854,0.16614341735839844
500,2,37.440000000000005,5.2,1,1,1,3,0.3906726985528343,0.9790850156584087,1.2435038831668548,0.8914196491241455,0.17441034317016602
500,2,37.440000000000005,5.2,1,1,1,4,0.41165979361483485,0.9700123034957954,1.3661032414997814,0.8769774436950684,0.16562151908874512
500,2,37.440000000000005,5.2,1,1,1,5,0.4800087178662081,1.0470993703063074,1.4727640911977322,0.7255752086639404,0.14087295532226562
500,2,37.440000000000005,5.2,1,1,1,6,0.7699533716502784,1.0075715937565304,1.5104841087774346,0.7613358497619629,0.14856362342834473
500,2,37.440000000000005,5.2,1,1,1,7,0.9361296264566598,1.3264792412787312,1.9237013225525943,0.9097838401794434,0.18721938133239746
500,2,37.440000000000005,5.2,1,1,1,8,0.4167981656552006,1.1116136458584027,1.5284118115136034,0.7406482696533203,0.16277623176574707
500,2,37.440000000000005,5.2,1,1,1,9,0.34698242882796143,0.7897585371456687,1.0662451109424107,0.7685456275939941,0.10635232925415039
500,2,37.440000000000005,5.2,1,1,1,10,0.5737620574695192,0.810280395967079,1.1919852952154089,0.780210018157959,0.13663029670715332
500,2,37.440000000000005,5.2,1,1,1,11,0.8386274401750219,1.0464999923459017,1.546248154972837,0.8341083526611328,0.16044235229492188
500,2,37.440000000000005,5.2,1,1,1,12,0.40925527797615624,0.8652075710415432,1.185097519126367,0.7806680202484131,0.11989068984985352
500,2,37.440000000000005,5.2,1,1,1,13,0.4153261944815689,0.7803579768916347,1.0859962983350884,0.7648241519927979,0.14322566986083984
500,2,37.440000000000005,5.2,1,1,1,14,0.44033926332361195,1.0046728852402824,1.3874672914172843,0.7096023559570312,0.1757361888885498
500,2,37.440000000000005,5.2,1,1,1,15,0.9896478720851455,1.3087271430814782,2.107060011772715,0.8005943298339844,0.1423492431640625
500,2,37.440000000000005,5.2,1,1,1,16,0.4309747679640167,0.8102885759370856,1.229780273479243,0.821174144744873,0.21198654174804688
500,2,37.440000000000005,5.2,1,1,1,17,0.826724843493229,0.98407150677489,1.518355887252159,0.7549538612365723,0.13229894638061523
500,2,37.440000000000005,5.2,1,1,1,18,0.44796151551981384,1.1279981436398114,1.5053061616128354,0.7225897312164307,0.1630382537841797
500,2,37.440000000000005,5.2,1,1,1,19,0.4712405430894687,1.0571916468051978,1.3759222128918243,0.7289893627166748,0.13535380363464355
500,2,37.440000000000005,5.2,1,1,1,20,0.42476735070081345,1.000742699328513,1.393538585817224,0.9746992588043213,0.19497394561767578
500,2,37.440000000000005,5.2,1,1,1,21,0.8510493239948193,1.079505382528907,1.6949595287653567,0.7399477958679199,0.14965057373046875
500,2,37.440000000000005,5.2,1,1,1,22,0.4261843882192447,0.9336640102897372,1.1976879321351337,0.7139153480529785,0.1546154022216797
500,2,37.440000000000005,5.2,1,1,1,23,0.4031487330064246,0.9250009034489629,1.1788294607821115,0.7797977924346924,0.14780831336975098
500,2,37.440000000000005,5.2,1,1,1,24,0.5583936564326234,0.8092340007363337,1.237236937244632,0.8091790676116943,0.2205662727355957
500,2,39.96000000000001,5.4,1,1,1,0,0.44068471651521013,0.9826467730507795,1.4233314895659896,0.7566409111022949,0.1561884880065918
500,2,39.96000000000001,5.4,1,1,1,1,0.5009485654237608,0.823815037140489,1.320067719639471,0.7392733097076416,0.13065338134765625
500,2,39.96000000000001,5.4,1,1,1,2,0.7634985178171485,1.2819057623132761,1.8051356916748063,0.7574336528778076,0.15872550010681152
500,2,39.96000000000001,5.4,1,1,1,3,0.4339025349660596,0.9592262913746838,1.213176869615487,0.745521068572998,0.1789400577545166
500,2,39.96000000000001,5.4,1,1,1,4,0.4018737571039397,0.9509632795794674,1.2043884873160597,0.8278965950012207,0.1336054801940918
500,2,39.96000000000001,5.4,1,1,1,5,1.2248278706944637,1.0554593447318905,2.1562230870325445,0.7439346313476562,0.18409419059753418
500,2,39.96000000000001,5.4,1,1,1,6,1.011204648269355,1.2419455169235845,1.9848805937435663,0.720625638961792,0.12755060195922852
500,2,39.96000000000001,5.4,1,1,1,7,1.040996299971242,1.1277979475225084,2.12509272272262,0.7540829181671143,0.14224696159362793
500,2,39.96000000000001,5.4,1,1,1,8,1.74258595135944,1.9494298452214505,3.6920157965808906,0.8826990127563477,0.1576535701751709
500,2,39.96000000000001,5.4,1,1,1,9,0.6236965965761646,0.8633631783340806,1.458170260974764,0.728712797164917,0.17001080513000488
500,2,39.96000000000001,5.4,1,1,1,10,1.057639863997991,1.3582280336770127,1.7530727260442438,0.7081406116485596,0.12044882774353027
500,2,39.96000000000001,5.4,1,1,1,11,2.828002646370876,6.388473987818913,8.513856638995877,0.8215692043304443,0.18234586715698242
500,2,39.96000000000001,5.4,1,1,1,12,2.6339141738982152,2.86617608964281,5.343385424589057,0.8990030288696289,0.16292309761047363
500,2,39.96000000000001,5.4,1,1,1,13,0.4290213977540974,0.9581792761653539,1.3157656759777208,0.7552604675292969,0.13732194900512695
500,2,39.96000000000001,5.4,1,1,1,14,2.8283890158317755,5.580997763523681,8.391775377286251,0.7085177898406982,0.1802213191986084
500,2,39.96000000000001,5.4,1,1,1,15,0.4725095802537117,1.0714707804422485,1.4721729624360342,0.7373309135437012,0.14306044578552246
500,2,39.96000000000001,5.4,1,1,1,16,0.964283255383476,1.3855663038951556,2.2967506764769574,0.8263702392578125,0.18581628799438477
500,2,39.96000000000001,5.4,1,1,1,17,0.4057102891583793,1.4849819954634995,1.8562975876914298,0.7852773666381836,0.13767242431640625
500,2,39.96000000000001,5.4,1,1,1,18,0.9236058184168586,1.1544112633441599,1.8275387713955409,0.7340137958526611,0.17186236381530762
500,2,39.96000000000001,5.4,1,1,1,19,0.4481991026243332,0.9183448610700247,1.2794106361806494,0.7698724269866943,0.15070438385009766
500,2,39.96000000000001,5.4,1,1,1,20,0.47358539720791587,1.345299557725002,1.7514576331635263,0.8335080146789551,0.1667492389678955
500,2,39.96000000000001,5.4,1,1,1,21,0.47091517051508197,1.19728160540051,1.5953764763174363,0.8324418067932129,0.1411113739013672
500,2,39.96000000000001,5.4,1,1,1,22,0.4792858876460792,0.9482624518127124,1.3063351325527794,0.8285441398620605,0.09964227676391602
500,2,39.96000000000001,5.4,1,1,1,23,2.828421947940248,6.088569152491987,8.57655845294173,0.7513930797576904,0.1791543960571289
500,2,39.96000000000001,5.4,1,1,1,24,0.5315862885604552,1.5259625512354829,1.975707759735618,0.8325159549713135,0.15029644966125488
500,2,42.56000000000001,5.6000000000000005,1,1,1,0,2.8239748866777616,4.6289734680867936,7.452948354764555,0.83453369140625,0.18554139137268066
500,2,42.56000000000001,5.6000000000000005,1,1,1,1,0.7745177634433734,1.0946456683144772,1.517018342496738,0.856281042098999,0.17472338676452637
500,2,42.56000000000001,5.6000000000000005,1,1,1,2,2.8282026055788374,8.7632434337752,11.395144699168327,0.8956632614135742,0.14374756813049316
500,2,42.56000000000001,5.6000000000000005,1,1,1,3,0.621545836583347,1.2514639676137578,1.76337671253037,0.8165009021759033,0.16394376754760742
500,2,42.56000000000001,5.6000000000000005,1,1,1,4,2.8283804273861595,4.993234507056813,7.0262964795736895,0.7855839729309082,0.16796636581420898
500,2,42.56000000000001,5.6000000000000005,1,1,1,5,1.1676110109959394,1.238346305473647,1.5986221549354616,0.792487621307373,0.1690356731414795
500,2,42.56000000000001,5.6000000000000005,1,1,1,6,1.1096105249173127,1.6956892290239973,2.80529975394131,0.7424755096435547,0.16098999977111816
500,2,42.56000000000001,5.6000000000000005,1,1,1,7,0.45712335887347294,1.1622313100973618,1.5036634365432244,0.7310688495635986,0.1515500545501709
500,2,42.56000000000001,5.6000000000000005,1,1,1,8,0.8193189638892445,1.4314233533096483,1.9447927525328108,0.9460964202880859,0.18319177627563477
500,2,42.56000000000001,5.6000000000000005,1,1,1,9,0.5597454935317071,1.1474391605807868,1.5640451300306015,0.7609186172485352,0.13846611976623535
500,2,42.56000000000001,5.6000000000000005,1,1,1,10,2.7819939018380246,4.0756589074238105,6.184051473729092,0.7481610774993896,0.14026713371276855
500,2,42.56000000000001,5.6000000000000005,1,1,1,11,2.8279575082253143,6.388965667277969,9.14233389266293,0.7688310146331787,0.1541132926940918
500,2,42.56000000000001,5.6000000000000005,1,1,1,12,1.4301775589645036,1.4228061806698147,2.724118128529689,0.8821454048156738,0.1750507354736328
500,2,42.56000000000001,5.6000000000000005,1,1,1,13,1.7163152163969664,5.070605736206682,6.183370712694085,0.9118139743804932,0.1877579689025879
500,2,42.56000000000001,5.6000000000000005,1,1,1,14,0.7726901354548416,1.3989576082810273,1.8770261846782557,0.7818272113800049,0.13079047203063965
500,2,42.56000000000001,5.6000000000000005,1,1,1,15,1.0912995261579173,1.290127711900937,2.0818999779324683,0.7330377101898193,0.15302062034606934
500,2,42.56000000000001,5.6000000000000005,1,1,1,16,0.6400536695339467,1.2529652047823963,1.7790270425718258,0.922842264175415,0.1619572639465332
500,2,42.56000000000001,5.6000000000000005,1,1,1,17,0.6096389757611669,1.0962948125864438,1.5321718565324995,0.8457038402557373,0.18547749519348145
500,2,42.56000000000001,5.6000000000000005,1,1,1,18,1.2535171378444112,1.8945136903173465,2.8272378547715267,0.7490813732147217,0.1275038719177246
500,2,42.56000000000001,5.6000000000000005,1,1,1,19,2.828232275604446,7.941981821153231,9.954564784428634,0.7062454223632812,0.16283154487609863
500,2,42.56000000000001,5.6000000000000005,1,1,1,20,2.8284236943407826,13.90618425493102,16.485817438901933,0.8458132743835449,0.16482114791870117
500,2,42.56000000000001,5.6000000000000005,1,1,1,21,0.9076273596442496,1.3304628519066048,2.205225967757405,0.7487814426422119,0.12576603889465332
500,2,42.56000000000001,5.6000000000000005,1,1,1,22,0.4807402921343676,0.9683957250758645,1.449136017210232,0.7646608352661133,0.14815092086791992
500,2,42.56000000000001,5.6000000000000005,1,1,1,23,0.6180165487489383,1.0409796127453188,1.5567881319934869,0.7349896430969238,0.1328415870666504
500,2,42.56000000000001,5.6000000000000005,1,1,1,24,0.5191989231441583,1.4027995460171685,1.8753243270028865,0.7591602802276611,0.1902327537536621
500,2,45.24000000000001,5.800000000000001,1,1,1,0,2.827595495949285,8.481849094147238,10.322268103311746,0.8266263008117676,0.1364130973815918
500,2,45.24000000000001,5.800000000000001,1,1,1,1,0.8957832945449512,1.011144016436753,1.6574184223328334,0.7731878757476807,0.16215181350708008
500,2,45.24000000000001,5.800000000000001,1,1,1,2,0.9203420412898919,1.5024858068369957,2.3605563367626075,0.7483305931091309,0.1447312831878662
500,2,45.24000000000001,5.800000000000001,1,1,1,3,2.65488814891728,8.477653943660313,10.772126560355398,0.759382963180542,0.14624309539794922
500,2,45.24000000000001,5.800000000000001,1,1,1,4,0.8861246599841538,1.652068686099434,2.2686779545551303,0.9013495445251465,0.17264199256896973
500,2,45.24000000000001,5.800000000000001,1,1,1,5,0.8717812051153804,1.2143527810802999,1.7800775525924326,0.7899680137634277,0.13405108451843262
500,2,45.24000000000001,5.800000000000001,1,1,1,6,2.825782853113498,4.329281417497214,7.044968399490641,0.7177376747131348,0.13543486595153809
500,2,45.24000000000001,5.800000000000001,1,1,1,7,0.5741755061917422,1.148849194034714,1.6425246843787469,0.7298934459686279,0.14431238174438477
500,2,45.24000000000001,5.800000000000001,1,1,1,8,2.069244685795236,3.6241441275969026,5.693388813392138,0.9558475017547607,0.18503952026367188
500,2,45.24000000000001,5.800000000000001,1,1,1,9,2.8284131190952255,11.722372055272004,12.65245060584754,0.7417614459991455,0.1686570644378662
500,2,45.24000000000001,5.800000000000001,1,1,1,10,1.4246230438958394,1.6798170728322501,2.559722635097104,0.7031736373901367,0.1382768154144287
500,2,45.24000000000001,5.800000000000001,1,1,1,11,1.4584391513032118,2.220890203177331,3.6793293544805428,0.7561149597167969,0.1324138641357422
500,2,45.24000000000001,5.800000000000001,1,1,1,12,0.8150596321879452,1.2494466274414433,1.8793894750091427,0.8916349411010742,0.1862342357635498
500,2,45.24000000000001,5.800000000000001,1,1,1,13,0.8653492494887186,1.4096715172753047,1.8135883502334567,0.7361760139465332,0.16761207580566406
500,2,45.24000000000001,5.800000000000001,1,1,1,14,1.0455918361101448,1.600525411618721,2.3938618278671777,0.7314982414245605,0.12706208229064941
500,2,45.24000000000001,5.800000000000001,1,1,1,15,0.8605342067604819,1.2111288567720422,1.6563396268404715,0.747065544128418,0.16434216499328613
500,2,45.24000000000001,5.800000000000001,1,1,1,16,2.826154727246956,5.359077817508018,7.6262334309926825,0.7023601531982422,0.15997624397277832
500,2,45.24000000000001,5.800000000000001,1,1,1,17,2.7350449745762364,4.3057287296107845,6.599546082100918,0.8893775939941406,0.18051409721374512
500,2,45.24000000000001,5.800000000000001,1,1,1,18,2.8284160125211635,7.905476083429201,10.558395543235866,0.7753164768218994,0.12975287437438965
500,2,45.24000000000001,5.800000000000001,1,1,1,19,1.0833145393154002,1.202847138280908,2.0171782660558355,0.6749708652496338,0.1130228042602539
500,2,45.24000000000001,5.800000000000001,1,1,1,20,0.6562692266837457,1.3844841993826025,2.0088006209454043,0.7268974781036377,0.15378332138061523
500,2,45.24000000000001,5.800000000000001,1,1,1,21,2.6167756470415555,4.050601877554783,6.500712730791111,0.8631572723388672,0.18838834762573242
500,2,45.24000000000001,5.800000000000001,1,1,1,22,0.5414709773946893,1.0234624244405073,1.4132816816997653,0.7472343444824219,0.12963104248046875
500,2,45.24000000000001,5.800000000000001,1,1,1,23,2.7511147093178545,1.7851609769248649,4.536275686242719,0.7341048717498779,0.18537592887878418
500,2,45.24000000000001,5.800000000000001,1,1,1,24,0.9608135057504466,1.2839309929584999,2.02500481174917,0.9811921119689941,0.1542668342590332
500,2,48.0,6.0,1,1,1,0,2.828410471872316,7.476606020728928,9.166775563203851,0.8971836566925049,0.15494322776794434
500,2,48.0,6.0,1,1,1,1,0.8763559293395722,1.6150144946857699,2.1620309506209665,0.6295244693756104,0.1332838535308838
500,2,48.0,6.0,1,1,1,2,1.2585616241594164,1.3706388056580974,2.4485253697117395,0.6669933795928955,0.13409924507141113
500,2,48.0,6.0,1,1,1,3,0.6630320328872346,1.3591484806334488,1.7193007839252725,0.6434895992279053,0.12797212600708008
500,2,48.0,6.0,1,1,1,4,1.2103509612344274,2.0635241582207313,2.962102242329867,0.7068922519683838,0.17325496673583984
500,2,48.0,6.0,1,1,1,5,1.0078313643750247,1.549575679954246,2.2948861547903032,0.6507506370544434,0.1336534023284912
500,2,48.0,6.0,1,1,1,6,0.8236791656004229,1.2428967927269825,1.9998886006141041,0.6222140789031982,0.15023159980773926
500,2,48.0,6.0,1,1,1,7,0.9306354341920349,1.3708815264073486,2.13544415785119,0.6587231159210205,0.13740205764770508
500,2,48.0,6.0,1,1,1,8,0.8033846549754194,1.7548630783107522,2.3861706342357962,0.61161208152771,0.1272730827331543
500,2,48.0,6.0,1,1,1,9,0.6023165709219424,1.4972176081694821,1.8890256464542317,0.8271422386169434,0.18483400344848633
500,2,48.0,6.0,1,1,1,10,2.8282853024527954,9.963749276948743,12.385431060263702,0.6198902130126953,0.14744281768798828
500,2,48.0,6.0,1,1,1,11,1.027101312381955,1.6464571564545056,2.3863208122114794,0.6145243644714355,0.15536165237426758
500,2,48.0,6.0,1,1,1,12,1.1307124459933244,2.016140838090669,3.0022929776960017,0.6467957496643066,0.13738012313842773
500,2,48.0,6.0,1,1,1,13,2.7792229607606433,5.251305506194932,7.953499030491686,0.777184247970581,0.14684295654296875
500,2,48.0,6.0,1,1,1,14,0.93052253932546,1.8236221506645633,2.7541446899900235,0.7847864627838135,0.18552231788635254
500,2,48.0,6.0,1,1,1,15,1.2626281987328836,1.2784809463920077,2.3732114493037972,0.7206461429595947,0.1435713768005371
500,2,48.0,6.0,1,1,1,16,2.784620130960235,2.3830398388992284,4.374460113230579,0.7845284938812256,0.15825486183166504
500,2,48.0,6.0,1,1,1,17,2.828330989315071,6.919904097296688,9.253029568394464,0.6232359409332275,0.12256193161010742
500,2,48.0,6.0,1,1,1,18,1.0852208536723242,1.2351109416600874,2.165617628690693,0.8533127307891846,0.17267608642578125
500,2,48.0,6.0,1,1,1,19,1.1604149787926519,2.172662537645173,3.0629595118055524,0.6149282455444336,0.1540994644165039
500,2,48.0,6.0,1,1,1,20,2.8284211434474553,11.169191298479257,13.010625129106444,0.7119016647338867,0.1334671974182129
500,2,48.0,6.0,1,1,1,21,2.8278435118399767,5.202153346621479,8.007413044061186,0.8009469509124756,0.14850521087646484
500,2,48.0,6.0,1,1,1,22,0.9489385575977549,1.6231703374764423,2.572108895074197,1.272996425628662,0.22352075576782227
500,2,48.0,6.0,1,1,1,23,2.8284269195373315,8.896230499510894,10.865993269476846,1.0744245052337646,0.20126795768737793
500,2,48.0,6.0,1,1,1,24,2.526008412380246,5.240190347440785,7.528604853394,1.1123974323272705,0.19939970970153809
500,2,50.839999999999996,6.2,1,1,1,0,1.5431763477016975,4.04732082987468,5.590497177576378,1.1376047134399414,0.24352216720581055
500,2,50.839999999999996,6.2,1,1,1,1,2.828093988551441,8.830202098407739,11.247386699452097,1.0892891883850098,0.15271925926208496
500,2,50.839999999999996,6.2,1,1,1,2,2.7989548408310214,4.243402401897761,6.493194719102248,1.0211291313171387,0.2410290241241455
500,2,50.839999999999996,6.2,1,1,1,3,2.809750836627546,2.581767737270334,5.39151857389788,1.3011350631713867,0.26058030128479004
500,2,50.839999999999996,6.2,1,1,1,4,2.825194106600071,4.015502070051436,6.480680676110574,1.1165003776550293,0.15709638595581055
500,2,50.839999999999996,6.2,1,1,1,5,2.8283547760053414,7.61749579840538,10.437860992842145,1.1275932788848877,0.19500494003295898
500,2,50.839999999999996,6.2,1,1,1,6,2.828364365048637,5.516005483257637,8.290230552924518,0.9367375373840332,0.12499642372131348
500,2,50.839999999999996,6.2,1,1,1,7,2.828425376823642,9.709570604817593,11.097555457576401,1.0397193431854248,0.16931581497192383
500,2,50.839999999999996,6.2,1,1,1,8,0.9276126034056145,1.348651866870627,1.878164765988914,0.9663639068603516,0.22242307662963867
500,2,50.839999999999996,6.2,1,1,1,9,2.828426157013925,9.406969753302715,11.707168884339957,1.428473711013794,0.22244930267333984
500,2,50.839999999999996,6.2,1,1,1,10,2.8255384763661615,5.090908472827846,7.82568955289312,1.1671299934387207,0.21440768241882324
500,2,50.839999999999996,6.2,1,1,1,11,0.8742842597969774,1.1409371625256604,1.583689642637738,1.107574224472046,0.14954876899719238
500,2,50.839999999999996,6.2,1,1,1,12,0.7352972006780382,1.4617397369116,2.1823378786895886,1.1526224613189697,0.20717573165893555
500,2,50.839999999999996,6.2,1,1,1,13,2.8283512865412965,9.266838487964302,12.080461682176928,1.297924518585205,0.22479510307312012
500,2,50.839999999999996,6.2,1,1,1,14,2.8240685233883536,6.101536549048082,7.841787225683911,1.114811897277832,0.21550512313842773
500,2,50.839999999999996,6.2,1,1,1,15,1.091712072940445,1.5576064404507295,2.2965001972789785,1.233687162399292,0.20537090301513672
500,2,50.839999999999996,6.2,1,1,1,16,2.8182399080067704,4.625792026575319,7.270345955768709,0.9680545330047607,0.20088410377502441
500,2,50.839999999999996,6.2,1,1,1,17,2.828410105249073,7.92520020815565,10.719255641805184,1.4812195301055908,0.27625083923339844
500,2,50.839999999999996,6.2,1,1,1,18,2.827972663610004,4.24669022148269,6.252148225402159,1.2619836330413818,0.1974012851715088
500,2,50.839999999999996,6.2,1,1,1,19,2.8280535265924285,4.62256378275599,6.989987442898631,1.9828882217407227,0.3167736530303955
500,2,50.839999999999996,6.2,1,1,1,20,2.824033483411027,7.376854961023524,9.776152101145357,1.2771210670471191,0.2187960147857666
500,2,50.839999999999996,6.2,1,1,1,21,2.813197858844562,4.257072775147926,5.095974799015382,1.7113227844238281,0.3028831481933594
500,2,50.839999999999996,6.2,1,1,1,22,1.0148618964827487,1.6961975938847393,2.5918972510552694,1.2562346458435059,0.3810436725616455
500,2,50.839999999999996,6.2,1,1,1,23,2.8279219716656936,5.216797887379725,7.5264798450937445,1.156026840209961,0.25424909591674805
500,2,50.839999999999996,6.2,1,1,1,24,2.8283820272183964,6.194035606137885,8.97891140720769,1.295382022857666,0.15825104713439941
500,2,53.760000000000005,6.4,1,1,1,0,2.8284201617434737,5.922631753186894,8.37086401390329,1.2191307544708252,0.19638419151306152
500,2,53.760000000000005,6.4,1,1,1,1,2.8279232877426956,4.878236828449572,7.163155815167773,1.4304780960083008,0.16767239570617676
500,2,53.760000000000005,6.4,1,1,1,2,2.8283932676203065,6.069871581477033,8.725769843661805,1.102933645248413,0.2677593231201172
500,2,53.760000000000005,6.4,1,1,1,3,2.8279248530829317,6.178221193644721,8.233143136727541,1.0746793746948242,0.20859289169311523
500,2,53.760000000000005,6.4,1,1,1,4,2.8283605386332558,2.4852852080893153,5.313645746722571,1.0093581676483154,0.18373823165893555
500,2,53.760000000000005,6.4,1,1,1,5,2.7689213677244346,8.938021750730012,9.955861484517058,1.3349463939666748,0.30290937423706055
500,2,53.760000000000005,6.4,1,1,1,6,2.656025905859246,2.3708640293667234,4.402033807008843,1.286367416381836,0.22802305221557617
500,2,53.760000000000005,6.4,1,1,1,7,1.021650226994479,1.408092434586413,2.1648251234482867,1.2758994102478027,0.2278292179107666
500,2,53.760000000000005,6.4,1,1,1,8,2.82842171158122,8.685506623112497,10.708131244818391,1.5631799697875977,0.21748137474060059
500,2,53.760000000000005,6.4,1,1,1,9,1.2013599090906695,2.1281762635044235,3.1030012349611042,1.3148393630981445,0.22559690475463867
500,2,53.760000000000005,6.4,1,1,1,10,2.828303578889437,5.599442985852478,8.207731804955317,0.9193441867828369,0.21244096755981445
500,2,53.760000000000005,6.4,1,1,1,11,2.827941208763304,7.057266863254626,8.868694726484604,1.363762378692627,0.19336867332458496
500,2,53.760000000000005,6.4,1,1,1,12,2.828426979483287,8.940368815140282,11.7069546250776,1.0500571727752686,0.2709624767303467
500,2,53.760000000000005,6.4,1,1,1,13,2.7476413176024708,1.8168308576242969,3.893146610105707,1.161919355392456,0.21730351448059082
500,2,53.760000000000005,6.4,1,1,1,14,2.826029089889816,5.603357466944083,8.237916779946113,1.2768170833587646,0.16543245315551758
500,2,53.760000000000005,6.4,1,1,1,15,2.8284008409880577,9.030422568167083,11.539631946230593,1.5629546642303467,0.24625706672668457
500,2,53.760000000000005,6.4,1,1,1,16,2.762203929436106,2.047032760935071,4.809236690371177,1.1490294933319092,0.22373151779174805
500,2,53.760000000000005,6.4,1,1,1,17,2.825874093883103,5.253813727241918,7.694360784133911,1.161268711090088,0.15331029891967773
500,2,53.760000000000005,6.4,1,1,1,18,2.796637323686518,4.26629721880453,6.4328010147119485,1.2616851329803467,0.19920587539672852
500,2,53.760000000000005,6.4,1,1,1,19,2.8283010509388853,10.439799296283061,12.606581339843064,1.3591668605804443,0.18578433990478516
500,2,53.760000000000005,6.4,1,1,1,20,2.828426442066036,6.980104749685508,9.549969051121899,1.353224754333496,0.2647562026977539
500,2,53.760000000000005,6.4,1,1,1,21,2.8284090105004496,5.473705782629441,8.30211479312989,1.1268045902252197,0.18718647956848145
500,2,53.760000000000005,6.4,1,1,1,22,2.8283616907602274,6.336485306097608,8.099519908888052,1.2339446544647217,0.21287775039672852
500,2,53.760000000000005,6.4,1,1,1,23,2.5028496960049087,3.365046074888417,5.255066517203757,1.244612455368042,0.3344240188598633
500,2,53.760000000000005,6.4,1,1,1,24,0.7483268284069601,1.5200844001984442,2.1680645657210835,1.2375621795654297,0.23173046112060547
500,2,56.76000000000001,6.6000000000000005,1,1,1,0,2.827990164554006,7.174941882052233,9.954059833501905,1.1749107837677002,0.1511363983154297
500,2,56.76000000000001,6.6000000000000005,1,1,1,1,2.826690250478855,5.163340508806404,7.093906836148141,0.9235522747039795,0.22886300086975098
500,2,56.76000000000001,6.6000000000000005,1,1,1,2,2.704682000094045,2.772483776854213,4.7412285320708545,1.034092664718628,0.20183134078979492
500,2,56.76000000000001,6.6000000000000005,1,1,1,3,2.827959146540506,5.862861404303233,7.4183089890352205,1.3507359027862549,0.2904806137084961
500,2,56.76000000000001,6.6000000000000005,1,1,1,4,2.8284242298568123,7.523964491214999,10.256326118622551,1.3357784748077393,0.24643659591674805
500,2,56.76000000000001,6.6000000000000005,1,1,1,5,2.828278871312007,10.210702183377972,12.661087618076772,1.1697745323181152,0.1968533992767334
500,2,56.76000000000001,6.6000000000000005,1,1,1,6,2.828424188517583,11.963660266760396,14.661221827890566,1.3882765769958496,0.17771196365356445
500,2,56.76000000000001,6.6000000000000005,1,1,1,7,2.8168681550582697,6.165257701443949,8.07388027119443,1.0921916961669922,0.18447446823120117
500,2,56.76000000000001,6.6000000000000005,1,1,1,8,2.8284269989927813,10.935950144082456,13.627252261318262,0.9816474914550781,0.21449971199035645
500,2,56.76000000000001,6.6000000000000005,1,1,1,9,2.826064109461454,3.92973340524436,5.584200598155776,1.3266360759735107,0.19609522819519043
500,2,56.76000000000001,6.6000000000000005,1,1,1,10,2.828426831493755,9.670789002151826,11.103445429866833,1.120544672012329,0.2603423595428467
500,2,56.76000000000001,6.6000000000000005,1,1,1,11,2.8283135902105374,3.13376197278027,5.852775304795006,1.0922443866729736,0.22116780281066895
500,2,56.76000000000001,6.6000000000000005,1,1,1,12,2.828413521275515,6.551516756242693,8.41290645552527,0.9155745506286621,0.23977160453796387
500,2,56.76000000000001,6.6000000000000005,1,1,1,13,2.8281355130255723,8.91912284398003,11.747258357005602,1.1296279430389404,0.2299046516418457
500,2,56.76000000000001,6.6000000000000005,1,1,1,14,2.8278757157306496,7.388875871006915,10.068095277410057,1.882122278213501,0.38454437255859375
500,2,56.76000000000001,6.6000000000000005,1,1,1,15,2.8284221992328926,6.086593369340652,8.442624792876298,0.9858760833740234,0.24656033515930176
500,2,56.76000000000001,6.6000000000000005,1,1,1,16,2.8284239073350914,6.627602920354159,9.1821000734747,1.1198711395263672,0.20447421073913574
500,2,56.76000000000001,6.6000000000000005,1,1,1,17,2.8282869136581135,4.150446030894364,6.752784419145306,1.0870261192321777,0.2614574432373047
500,2,56.76000000000001,6.6000000000000005,1,1,1,18,2.8283288296467806,10.837134741905498,12.050121325892993,1.0284900665283203,0.15228843688964844
500,2,56.76000000000001,6.6000000000000005,1,1,1,19,2.8281500914485513,5.275940071358608,8.052553674643,1.016031265258789,0.17317485809326172
500,2,56.76000000000001,6.6000000000000005,1,1,1,20,2.817219411672549,6.035471426221845,8.320455080012547,1.1416935920715332,0.1594524383544922
500,2,56.76000000000001,6.6000000000000005,1,1,1,21,1.3190287581374254,2.076946524933496,3.3959752830709213,1.8794987201690674,0.37987327575683594
500,2,56.76000000000001,6.6000000000000005,1,1,1,22,2.8256056012367106,5.392212005352964,7.498978228501187,1.3319687843322754,0.21601271629333496
500,2,56.76000000000001,6.6000000000000005,1,1,1,23,2.8283048017708,8.158800151490475,9.670556524083855,1.1373064517974854,0.24066519737243652
500,2,56.76000000000001,6.6000000000000005,1,1,1,24,2.828420634488416,11.620546601758265,14.401615309881434,0.8970730304718018,0.17923927307128906
500,2,59.84000000000001,6.800000000000001,1,1,1,0,2.8284205404109017,9.991914696948182,12.74990452882695,1.2295238971710205,0.23688220977783203
500,2,59.84000000000001,6.800000000000001,1,1,1,1,2.8145893021563677,5.9075994176867255,8.061935672970195,1.148536205291748,0.23308277130126953
500,2,59.84000000000001,6.800000000000001,1,1,1,2,2.8284062065075894,5.101845255328305,7.522366616795264,1.1395008563995361,0.2265796661376953
500,2,59.84000000000001,6.800000000000001,1,1,1,3,2.8283697147225637,5.601820380546569,7.660210626778349,1.0268328189849854,0.1575915813446045
500,2,59.84000000000001,6.800000000000001,1,1,1,4,2.8283065960253437,8.380216802806945,10.987330565616006,1.2474770545959473,0.28003406524658203
500,2,59.84000000000001,6.800000000000001,1,1,1,5,2.82715412375076,6.685304184406005,8.660458242828359,0.79364013671875,0.1810619831085205
500,2,59.84000000000001,6.800000000000001,1,1,1,6,2.819192166070014,4.6000128233656925,7.233233466095446,0.7538774013519287,0.13454747200012207
500,2,59.84000000000001,6.800000000000001,1,1,1,7,2.787800861601592,2.6847469563692847,5.031146789038269,1.0460402965545654,0.19272613525390625
500,2,59.84000000000001,6.800000000000001,1,1,1,8,2.8280382812508305,3.608093170686454,6.413852244891544,1.0071029663085938,0.25009822845458984
500,2,59.84000000000001,6.800000000000001,1,1,1,9,2.8228543952782994,7.543041455060506,8.580425052099406,1.1449940204620361,0.20483064651489258
500,2,59.84000000000001,6.800000000000001,1,1,1,10,2.82765385046129,7.563094353175889,9.569203581553252,1.316474199295044,0.29653286933898926
500,2,59.84000000000001,6.800000000000001,1,1,1,11,2.82818704414341,4.358774817566839,7.179759577498536,0.9799211025238037,0.18484973907470703
500,2,59.84000000000001,6.800000000000001,1,1,1,12,2.8284226374511072,4.685041661144326,7.513108016348589,1.3786654472351074,0.28464460372924805
500,2,59.84000000000001,6.800000000000001,1,1,1,13,2.8284091327499015,11.27919569570216,13.714151701620771,1.3172094821929932,0.2612738609313965
500,2,59.84000000000001,6.800000000000001,1,1,1,14,2.828424258163012,10.19621472846417,13.023457521900278,1.2247121334075928,0.19787383079528809
500,2,59.84000000000001,6.800000000000001,1,1,1,15,2.8278476641994774,6.340564632430638,7.8726150107701285,1.8371360301971436,0.20112371444702148
500,2,59.84000000000001,6.800000000000001,1,1,1,16,2.828320518967848,9.94693594823275,11.84611171817975,1.2682697772979736,0.21758103370666504
500,2,59.84000000000001,6.800000000000001,1,1,1,17,2.828427121741287,9.806526085238005,12.512184245593804,1.2154390811920166,0.1977834701538086
500,2,59.84000000000001,6.800000000000001,1,1,1,18,2.8279849629246767,7.616410314232718,10.270064189574143,1.241779088973999,0.14664602279663086
500,2,59.84000000000001,6.800000000000001,1,1,1,19,2.828315963553738,9.201710110406841,9.988048726229419,0.9833438396453857,0.1768665313720703
500,2,59.84000000000001,6.800000000000001,1,1,1,20,2.827805676324004,7.119433400266104,9.57862377423893,0.9970831871032715,0.18050003051757812
500,2,59.84000000000001,6.800000000000001,1,1,1,21,2.828282312512128,7.625158076513746,10.207171405017732,1.464130163192749,0.2257676124572754
500,2,59.84000000000001,6.800000000000001,1,1,1,22,2.828426990171373,5.025708679107236,6.991162531805831,1.1351556777954102,0.16737914085388184
500,2,59.84000000000001,6.800000000000001,1,1,1,23,2.8282183158122227,8.307204852247548,9.602778869044846,1.2003722190856934,0.1752920150756836
500,2,59.84000000000001,6.800000000000001,1,1,1,24,2.828423400632874,14.663641222369396,17.49165072203433,1.1398963928222656,0.200148344039917
500,2,63.0,7.0,1,1,1,0,2.8284245760628295,14.296530060203,17.07239356476626,1.239802598953247,0.22240495681762695
500,2,63.0,7.0,1,1,1,1,2.8284236315809816,3.842034811327237,6.285643949713462,1.0948517322540283,0.19653964042663574
500,2,63.0,7.0,1,1,1,2,2.828195878960283,5.391108958658086,7.6038163126404275,1.1321368217468262,0.1818859577178955
500,2,63.0,7.0,1,1,1,3,2.828402818520247,6.57437647846861,8.88527272269105,1.0498671531677246,0.15787696838378906
500,2,63.0,7.0,1,1,1,4,2.8284225074902865,5.16689968556942,7.833092349993015,1.3678967952728271,0.25356578826904297
500,2,63.0,7.0,1,1,1,5,2.828426763404525,6.5835814756005515,9.200212929039099,1.3091626167297363,0.2514326572418213
500,2,63.0,7.0,1,1,1,6,2.8236809480120435,4.070980223457137,6.376983935196602,1.1404571533203125,0.19563698768615723
500,2,63.0,7.0,1,1,1,7,2.828341604784807,8.116454881671773,10.267131045874379,0.4068734645843506,0.08298611640930176
500,2,63.0,7.0,1,1,1,8,2.828426561249663,5.598624204717474,8.259443563612903,0.6101524829864502,0.11975812911987305
500,2,63.0,7.0,1,1,1,9,2.3643651025248937,2.5573973291748398,4.921762431699733,0.7464776039123535,0.1453571319580078
500,2,63.0,7.0,1,1,1,10,2.8281648047148473,5.095758677145382,7.7129918623953095,0.6240670680999756,0.1285111904144287
500,2,63.0,7.0,1,1,1,11,2.8284259056296746,12.849215201260074,13.701844915976643,0.6288135051727295,0.1254270076751709
500,2,63.0,7.0,1,1,1,12,2.828370602773938,8.669317302346208,11.222427790385861,0.5946612358093262,0.11885881423950195
500,2,63.0,7.0,1,1,1,13,2.8281367234369696,4.274910418364456,6.833614077895222,0.5826847553253174,0.12754082679748535
500,2,63.0,7.0,1,1,1,14,2.8268852163650746,4.9741963033131515,7.731991242654612,0.8070878982543945,0.1564486026763916
500,2,63.0,7.0,1,1,1,15,2.827195681952416,7.8292744672273145,10.388085058264215,0.6065785884857178,0.1263420581817627
500,2,63.0,7.0,1,1,1,16,2.828426639373493,9.728192288295947,11.999470216498679,0.6098992824554443,0.12342143058776855
500,2,63.0,7.0,1,1,1,17,2.82836533752905,5.59121840211781,7.280662978133735,0.6061232089996338,0.1257791519165039
500,2,63.0,7.0,1,1,1,18,2.828391749698292,11.777224747868996,14.594644577355613,0.5875124931335449,0.14792490005493164
500,2,63.0,7.0,1,1,1,19,2.828426948640642,8.205869602251923,10.861278672914592,0.808068037033081,0.16570305824279785
500,2,63.0,7.0,1,1,1,20,2.8249211155709317,3.8099927129716202,6.634913828542552,0.6048977375030518,0.11785578727722168
500,2,63.0,7.0,1,1,1,21,2.8274674074457984,11.836039763990916,13.714587360695079,0.6024763584136963,0.1256718635559082
500,2,63.0,7.0,1,1,1,22,2.8282960942754762,9.621433958444381,12.161183208628396,0.5869712829589844,0.14074444770812988
500,2,63.0,7.0,1,1,1,23,2.8284227040064858,9.666839212817054,12.028887260932056,0.5974054336547852,0.1408383846282959
500,2,63.0,7.0,1,1,1,24,2.8281929876621885,5.217771123307361,8.045599333085525,0.6864826679229736,0.1915905475616455
500,2,66.24,7.2,1,1,1,0,2.828427023281632,7.491119152611655,10.245674476204403,0.9569888114929199,0.16525650024414062
500,2,66.24,7.2,1,1,1,1,2.828250576137797,10.480197056796783,12.636980042946679,0.6123449802398682,0.12119913101196289
500,2,66.24,7.2,1,1,1,2,2.8282399725155294,12.973430730016476,15.726802057572133,0.5863158702850342,0.12688803672790527
500,2,66.24,7.2,1,1,1,3,2.827472503904668,7.628417366488539,9.99822775703974,0.5991122722625732,0.12139010429382324
500,2,66.24,7.2,1,1,1,4,2.8284261928144923,8.826252242288989,10.843451866108442,0.7886276245117188,0.175184965133667
500,2,66.24,7.2,1,1,1,5,2.8283993566130357,7.462001624839252,9.950713620887996,0.6095349788665771,0.1286165714263916
500,2,66.24,7.2,1,1,1,6,2.82841372177542,8.920729205919685,11.724551839962338,0.6072320938110352,0.11628007888793945
500,2,66.24,7.2,1,1,1,7,2.8284256211903975,7.767615526568131,9.984845535712159,0.5742282867431641,0.14494562149047852
500,2,66.24,7.2,1,1,1,8,2.8284173021748784,11.535875821336186,14.363058290084895,0.5706255435943604,0.13248538970947266
500,2,66.24,7.2,1,1,1,9,2.8265957469018703,5.955693293210249,8.67129870783905,0.733159065246582,0.18039512634277344
500,2,66.24,7.2,1,1,1,10,2.8283943237281015,10.961408609183083,13.688622029434129,0.6110856533050537,0.1159353256225586
500,2,66.24,7.2,1,1,1,11,2.827311334513458,6.86507278349848,8.938839860774094,0.6058857440948486,0.1384267807006836
500,2,66.24,7.2,1,1,1,12,2.828351946134218,8.383101624287162,10.811749851461819,0.5830237865447998,0.15029478073120117
500,2,66.24,7.2,1,1,1,13,2.8283778087057825,13.822834234685091,15.281971703348232,0.6363856792449951,0.14319419860839844
500,2,66.24,7.2,1,1,1,14,2.82797549239179,6.898320822653999,9.303642387057437,0.6984062194824219,0.16387605667114258
500,2,66.24,7.2,1,1,1,15,2.8282864252148636,9.150269980450561,11.836512245299716,0.6478791236877441,0.13001775741577148
500,2,66.24,7.2,1,1,1,16,2.828077138129912,6.406755993479219,8.899764266947054,0.627155065536499,0.12943267822265625
500,2,66.24,7.2,1,1,1,17,2.82842629749157,10.207572890333592,13.001174889222238,0.5938246250152588,0.11782193183898926
500,2,66.24,7.2,1,1,1,18,2.8283923201705834,6.4417918065223825,8.83363068751986,0.7305357456207275,0.13661575317382812
500,2,66.24,7.2,1,1,1,19,2.828424224398105,12.56488981692803,15.369287771132202,0.7431004047393799,0.16838550567626953
500,2,66.24,7.2,1,1,1,20,2.8278997063151823,6.609687458101032,9.41688822817058,0.6026790142059326,0.12917709350585938
500,2,66.24,7.2,1,1,1,21,2.8284249793357894,9.489654295518319,11.162473194018407,0.5772411823272705,0.12251710891723633
500,2,66.24,7.2,1,1,1,22,2.8281533582862926,6.771693248504515,9.199195509448254,0.6348567008972168,0.15926384925842285
500,2,66.24,7.2,1,1,1,23,2.828417716845731,9.585778936121814,11.761859890386184,0.6318683624267578,0.12984251976013184
500,2,66.24,7.2,1,1,1,24,2.828371718167583,8.37955196759079,10.22544540517305,0.7080330848693848,0.15129303932189941
500,2,69.56,7.4,1,1,1,0,2.8284253739932916,9.048032261807188,11.596280085275612,0.611602783203125,0.1256425380706787
500,2,69.56,7.4,1,1,1,1,2.828424452446831,7.436658299199093,9.846891332162972,0.6132020950317383,0.12398719787597656
500,2,69.56,7.4,1,1,1,2,2.828327786534684,8.0023203349659,10.82658939293333,0.6087496280670166,0.12868690490722656
500,2,69.56,7.4,1,1,1,3,2.8270149400113587,7.605225281566238,9.645825239558182,0.5709147453308105,0.12833929061889648
500,2,69.56,7.4,1,1,1,4,2.8283960848995715,5.77781033228295,8.061721876916334,0.6739401817321777,0.1592569351196289
500,2,69.56,7.4,1,1,1,5,2.828355952237136,5.690629626756227,8.516975854364805,0.5674855709075928,0.10648250579833984
500,2,69.56,7.4,1,1,1,6,2.828425887263991,9.256450568546715,10.981481670148469,0.5337836742401123,0.10431241989135742
500,2,69.56,7.4,1,1,1,7,2.8283961235386044,5.668010373162164,8.420885057643014,0.5573410987854004,0.1084284782409668
500,2,69.56,7.4,1,1,1,8,2.828419954915851,10.184192019726268,11.864670063352696,0.5695207118988037,0.10785627365112305
500,2,69.56,7.4,1,1,1,9,2.8235863063264364,6.768488111438905,9.576405654986004,0.5473840236663818,0.10655665397644043
500,2,69.56,7.4,1,1,1,10,2.8284271247461734,6.267000969407761,8.527470909360169,0.6627392768859863,0.11680912971496582
500,2,69.56,7.4,1,1,1,11,2.828426125852724,12.90572875167426,15.733689596611452,0.5501582622528076,0.09586787223815918
500,2,69.56,7.4,1,1,1,12,2.827448009925679,7.779037551537836,9.299192438259446,0.5026650428771973,0.10714578628540039
500,2,69.56,7.4,1,1,1,13,2.8065497836831135,7.012482991261961,9.517473931594989,0.5883700847625732,0.12212586402893066
500,2,69.56,7.4,1,1,1,14,2.828418116804082,7.357597196834242,9.60739077454449,0.48755836486816406,0.09221839904785156
500,2,69.56,7.4,1,1,1,15,2.828416307085488,8.66177573492416,10.985088788187932,0.4970259666442871,0.1090998649597168
500,2,69.56,7.4,1,1,1,16,2.828426057059803,9.483019020217599,9.849739849096318,0.6021404266357422,0.11500263214111328
500,2,69.56,7.4,1,1,1,17,2.8284252160638452,14.220110200037347,14.61979403414165,0.5042614936828613,0.10645699501037598
500,2,69.56,7.4,1,1,1,18,2.828389121510396,9.632410093727737,11.893189135408278,0.521904468536377,0.0938713550567627
500,2,69.56,7.4,1,1,1,19,2.8284228380920315,5.684919834356813,8.04979606945683,0.5442843437194824,0.10345983505249023
500,2,69.56,7.4,1,1,1,20,2.8283834244515482,6.039115112135404,8.841261810297127,0.5614168643951416,0.10349726676940918
500,2,69.56,7.4,1,1,1,21,2.8284262138024157,7.303352339807037,10.129894364708875,0.5607483386993408,0.11468291282653809
500,2,69.56,7.4,1,1,1,22,2.828381604311464,8.815872657742958,11.601632105726546,0.6971163749694824,0.1314992904663086
500,2,69.56,7.4,1,1,1,23,2.8284198128821205,7.242005431916302,9.854394513310481,0.6177546977996826,0.11432600021362305
500,2,69.56,7.4,1,1,1,24,2.8276689178211756,12.412694132078713,13.679132070225345,0.5988588333129883,0.13863086700439453
500,2,72.96000000000002,7.6000000000000005,1,1,1,0,2.8284255008036907,7.454550591706487,10.06997403064385,0.5851123332977295,0.1454932689666748
500,2,72.96000000000002,7.6000000000000005,1,1,1,1,2.828421255649627,10.156057486251216,12.91608460025138,0.6246633529663086,0.1363542079925537
500,2,72.96000000000002,7.6000000000000005,1,1,1,2,2.8279841348723624,8.066586371832887,10.514507467326935,0.796292781829834,0.16052031517028809
500,2,72.96000000000002,7.6000000000000005,1,1,1,3,2.8284261789903065,10.741008487611019,13.549685826047934,0.6025924682617188,0.14235353469848633
500,2,72.96000000000002,7.6000000000000005,1,1,1,4,2.8284140486317635,8.024496075969315,10.531936119693265,0.6445543766021729,0.12537288665771484
500,2,72.96000000000002,7.6000000000000005,1,1,1,5,2.8284142490537683,6.636503016201159,9.376360083015221,0.6217632293701172,0.12059688568115234
500,2,72.96000000000002,7.6000000000000005,1,1,1,6,2.8284035891480444,8.580959644240583,11.409363233388627,0.6064801216125488,0.13066864013671875
500,2,72.96000000000002,7.6000000000000005,1,1,1,7,2.828403706654152,11.141331722813065,12.992449554183427,0.7935950756072998,0.14078235626220703
500,2,72.96000000000002,7.6000000000000005,1,1,1,8,2.8279750259534766,8.330535316092174,10.869881681967124,0.8089907169342041,0.15947198867797852
500,2,72.96000000000002,7.6000000000000005,1,1,1,9,2.827984132322278,6.236640489684582,8.487783771997476,0.800438404083252,0.19128632545471191
500,2,72.96000000000002,7.6000000000000005,1,1,1,10,2.828422042713575,9.177286709444077,11.977984585547167,0.7349653244018555,0.14499616622924805
500,2,72.96000000000002,7.6000000000000005,1,1,1,11,2.828422026470541,12.522713937895446,15.002934737115249,0.905982494354248,0.17316794395446777
500,2,72.96000000000002,7.6000000000000005,1,1,1,12,2.8284201854664865,13.506816722492518,14.495052966353896,0.7650632858276367,0.1303267478942871
500,2,72.96000000000002,7.6000000000000005,1,1,1,13,2.828369832109753,8.202369779084302,10.618954431965646,0.7289276123046875,0.17833471298217773
500,2,72.96000000000002,7.6000000000000005,1,1,1,14,2.828426551861044,9.613702790757026,11.084665305210375,0.7695262432098389,0.15181422233581543
500,2,72.96000000000002,7.6000000000000005,1,1,1,15,2.8283973535772886,10.913309219003827,13.50510459309285,0.7044074535369873,0.1734626293182373
500,2,72.96000000000002,7.6000000000000005,1,1,1,16,2.8284171476226323,9.069948111367532,11.407129615923528,0.976093053817749,0.16044974327087402
500,2,72.96000000000002,7.6000000000000005,1,1,1,17,2.828415216201662,5.320892805488367,7.92757541382499,0.7675580978393555,0.16351747512817383
500,2,72.96000000000002,7.6000000000000005,1,1,1,18,2.828423745540445,9.370218190019784,12.092602998783288,0.7593944072723389,0.1395857334136963
500,2,72.96000000000002,7.6000000000000005,1,1,1,19,2.8284034611574143,6.813991515632445,9.489649701129675,0.7432596683502197,0.14212560653686523
500,2,72.96000000000002,7.6000000000000005,1,1,1,20,2.8282893713992636,6.606766255305162,7.369434300895977,0.791527271270752,0.17937016487121582
500,2,72.96000000000002,7.6000000000000005,1,1,1,21,2.8280797630026173,11.140507249255773,13.555314565645425,0.7505893707275391,0.14288783073425293
500,2,72.96000000000002,7.6000000000000005,1,1,1,22,2.8280322559136826,6.407029527559815,8.676937436745384,0.7757632732391357,0.15932202339172363
500,2,72.96000000000002,7.6000000000000005,1,1,1,23,2.828240492703117,7.690409006123682,10.446742147340593,0.7687277793884277,0.13546204566955566
500,2,72.96000000000002,7.6000000000000005,1,1,1,24,2.8284163329256815,8.409086530696154,10.308192686123514,1.043062686920166,0.18520784378051758
500,2,76.44000000000001,7.800000000000001,1,1,1,0,2.828314356743524,7.6049878088715195,9.964131117570375,0.729102611541748,0.1673896312713623
500,2,76.44000000000001,7.800000000000001,1,1,1,1,2.8284261500860093,7.364396095967294,9.462879060784903,0.7331998348236084,0.12024331092834473
500,2,76.44000000000001,7.800000000000001,1,1,1,2,2.8284076093261032,10.673468334788684,13.483623591625415,0.7217671871185303,0.1400620937347412
500,2,76.44000000000001,7.800000000000001,1,1,1,3,2.82841888280873,9.845777579873937,11.762114979035289,0.9029638767242432,0.17018890380859375
500,2,76.44000000000001,7.800000000000001,1,1,1,4,2.828426791547787,6.32215344017724,9.139353020237756,0.7696325778961182,0.1336071491241455
500,2,76.44000000000001,7.800000000000001,1,1,1,5,2.8283394970960036,9.217539990321825,11.247483738325505,0.777583122253418,0.17008709907531738
500,2,76.44000000000001,7.800000000000001,1,1,1,6,2.828417008652246,6.389276384212184,8.802362058617675,0.7708795070648193,0.13395118713378906
500,2,76.44000000000001,7.800000000000001,1,1,1,7,2.8284148814310277,6.49339917107608,8.544668017968858,0.7314741611480713,0.17721962928771973
500,2,76.44000000000001,7.800000000000001,1,1,1,8,2.8283475425441686,8.809720164863823,11.467291961013734,0.9048106670379639,0.15901660919189453
500,2,76.44000000000001,7.800000000000001,1,1,1,9,2.8283367893947537,6.9334897959159445,9.523428142398837,0.7016632556915283,0.13397741317749023
500,2,76.44000000000001,7.800000000000001,1,1,1,10,2.828396696963109,7.760102295325749,10.21560319032988,0.6941423416137695,0.1672830581665039
500,2,76.44000000000001,7.800000000000001,1,1,1,11,2.8283741133861042,9.586018897156425,11.255491655786544,0.740607500076294,0.1384871006011963
500,2,76.44000000000001,7.800000000000001,1,1,1,12,2.82839606032673,11.90595708340894,12.852185276716222,0.90474534034729,0.17576098442077637
500,2,76.44000000000001,7.800000000000001,1,1,1,13,2.828407285507589,11.942211990732353,14.739524481785903,0.7183032035827637,0.1279599666595459
500,2,76.44000000000001,7.800000000000001,1,1,1,14,2.828068008276631,6.6893149504279386,7.770298147927497,0.7236466407775879,0.1525251865386963
500,2,76.44000000000001,7.800000000000001,1,1,1,15,2.828427120537504,6.642252551836719,9.16399172661357,0.7984349727630615,0.18520522117614746
500,2,76.44000000000001,7.800000000000001,1,1,1,16,2.8283697592936816,10.330142010458253,12.919049745224033,0.8769562244415283,0.17948102951049805
500,2,76.44000000000001,7.800000000000001,1,1,1,17,2.828377010146292,8.212721564606696,11.041098574752988,0.8521754741668701,0.1047062873840332
500,2,76.44000000000001,7.800000000000001,1,1,1,18,2.828423190933613,8.149954674929468,10.155898016611147,0.6996293067932129,0.15467596054077148
500,2,76.44000000000001,7.800000000000001,1,1,1,19,2.8283685921867043,5.585466521073925,7.651570169375381,0.7715892791748047,0.1515653133392334
500,2,76.44000000000001,7.800000000000001,1,1,1,20,2.8284216799217554,6.863284855315336,9.680457802370821,0.7560214996337891,0.17505097389221191
500,2,76.44000000000001,7.800000000000001,1,1,1,21,2.8283920673723553,9.471244252805274,11.81236632430179,0.8250794410705566,0.1839609146118164
500,2,76.44000000000001,7.800000000000001,1,1,1,22,2.828421202161813,8.381035542283804,10.674702409858858,0.7511732578277588,0.15534472465515137
500,2,76.44000000000001,7.800000000000001,1,1,1,23,2.828424678902562,7.0944463972549485,9.887336469625165,0.7897605895996094,0.13186359405517578
500,2,76.44000000000001,7.800000000000001,1,1,1,24,2.8284233368093767,6.516300549596057,9.19751907149275,0.7241058349609375,0.17029070854187012
