n,s1,1_p_s2,s2,beta,q,sqrt_q,rep_no,eigen_mat_rerr,eigen_mat_terr,eigen_mat_ev_time,eigen_mat_cal_translation_time
500,0.0,8,2,1,1,1,0,0.18950614304210894,0.3283536571531033,0.34122753143310547,0.07300305366516113
500,0.0,8,2,1,1,1,1,0.129523622985524,0.2833308087978675,0.420515775680542,0.07951092720031738
500,0.0,8,2,1,1,1,2,0.13868839198037475,0.272357254399217,0.3796854019165039,0.06504106521606445
500,0.0,8,2,1,1,1,3,0.14513460208869977,0.2751133373777308,0.34015870094299316,0.07852363586425781
500,0.0,8,2,1,1,1,4,0.12149497256112789,0.24998572783635203,0.40221261978149414,0.07351016998291016
500,0.0,8,2,1,1,1,5,0.13483528150714047,0.254607382796845,0.3682265281677246,0.06650018692016602
500,0.0,8,2,1,1,1,6,0.11973895122902817,0.2745080530503667,0.35126662254333496,0.06548666954040527
500,0.0,8,2,1,1,1,7,0.14727313340481912,0.24640670270490686,0.32405662536621094,0.06704950332641602
500,0.0,8,2,1,1,1,8,0.13824708427268653,0.2793561886407523,0.3816237449645996,0.07526159286499023
500,0.0,8,2,1,1,1,9,0.14042713593602546,0.25327287692837774,0.33769798278808594,0.06350088119506836
500,0.0,8,2,1,1,1,10,0.11771022074151513,0.28397616437253653,0.3394598960876465,0.0662374496459961
500,0.0,8,2,1,1,1,11,0.11535485556162474,0.27691171829390115,0.33059000968933105,0.06549263000488281
500,0.0,8,2,1,1,1,12,0.11455066973821616,0.2586826864226137,0.3399477005004883,0.06502842903137207
500,0.0,8,2,1,1,1,13,0.12754296069328597,0.2812742781895621,0.37636709213256836,0.06504654884338379
500,0.0,8,2,1,1,1,14,0.11702391870235633,0.2583629927946168,0.2981126308441162,0.07549405097961426
500,0.0,8,2,1,1,1,15,0.12882586561125167,0.2515543129953245,0.3820681571960449,0.07149171829223633
500,0.0,8,2,1,1,1,16,0.13159093648347628,0.2768429715603772,0.372128963470459,0.06549215316772461
500,0.0,8,2,1,1,1,17,0.1308512909035919,0.2506599792134107,0.37814784049987793,0.06551742553710938
500,0.0,8,2,1,1,1,18,0.12323775373080044,0.24057781374480386,0.32355499267578125,0.07338333129882812
500,0.0,8,2,1,1,1,19,0.1261050678166689,0.29865119039236887,0.32556724548339844,0.07202339172363281
500,0.0,8,2,1,1,1,20,0.1427804075955355,0.24843914057142333,0.36016249656677246,0.06523489952087402
500,0.0,8,2,1,1,1,21,0.13980595065209633,0.26498595210538434,0.38404202461242676,0.0642702579498291
500,0.0,8,2,1,1,1,22,0.13562290024352577,0.27863013350968135,0.3342864513397217,0.07481241226196289
500,0.0,8,2,1,1,1,23,0.120125281511458,0.2520348905372565,0.40087080001831055,0.07591080665588379
500,0.0,8,2,1,1,1,24,0.13807352653584518,0.2847258523687731,0.3415234088897705,0.06499171257019043
500,0.2,8,2,1,1,1,0,0.1344029373744443,0.24667963695163883,0.3640744686126709,0.06384682655334473
500,0.2,8,2,1,1,1,1,0.137561299146727,0.26363523507494535,0.32936644554138184,0.08355116844177246
500,0.2,8,2,1,1,1,2,0.1376011486896781,0.28491976898622756,0.33512449264526367,0.06342101097106934
500,0.2,8,2,1,1,1,3,0.12707942209256898,0.24203279774589545,0.343883752822876,0.07142090797424316
500,0.2,8,2,1,1,1,4,0.1379113685746861,0.2603940340587417,0.3690378665924072,0.0650327205657959
500,0.2,8,2,1,1,1,5,0.15452719989840943,0.2849791191477405,0.39525628089904785,0.07860970497131348
500,0.2,8,2,1,1,1,6,0.15955035118211858,0.2825966295792686,0.37137293815612793,0.07535982131958008
500,0.2,8,2,1,1,1,7,0.1520803175922715,0.24439915480197444,0.39199233055114746,0.08129286766052246
500,0.2,8,2,1,1,1,8,0.13816655213640375,0.27222900055052607,0.51462721824646,0.1004953384399414
500,0.2,8,2,1,1,1,9,0.11677150707678717,0.22154011897012107,0.5021572113037109,0.09973335266113281
500,0.2,8,2,1,1,1,10,0.12675542302631063,0.24025271570672907,0.49996161460876465,0.09584999084472656
500,0.2,8,2,1,1,1,11,0.1382418031854354,0.2995805256581485,0.5769429206848145,0.12963128089904785
500,0.2,8,2,1,1,1,12,0.1500540679549366,0.2678332980999275,0.6175785064697266,0.10039472579956055
500,0.2,8,2,1,1,1,13,0.1345131088990668,0.2838701164245521,0.5781071186065674,0.11395692825317383
500,0.2,8,2,1,1,1,14,0.14308497244462132,0.2994837216566656,0.5194847583770752,0.09103226661682129
500,0.2,8,2,1,1,1,15,0.14773961010173337,0.23031161031580005,0.4767873287200928,0.09090375900268555
500,0.2,8,2,1,1,1,16,0.1254917497508208,0.32774169772162826,0.4573354721069336,0.08526849746704102
500,0.2,8,2,1,1,1,17,0.1378264882668311,0.2809481651709688,0.5738732814788818,0.11632633209228516
500,0.2,8,2,1,1,1,18,0.12359417655460468,0.284639272620326,0.4195406436920166,0.08001303672790527
500,0.2,8,2,1,1,1,19,0.14601600105127463,0.24461463873005876,0.41829395294189453,0.08559417724609375
500,0.2,8,2,1,1,1,20,0.12938047615967546,0.24489848146012413,0.43854737281799316,0.07970023155212402
500,0.2,8,2,1,1,1,21,0.1471598089191015,0.23873272690911415,0.46086835861206055,0.07900166511535645
500,0.2,8,2,1,1,1,22,0.15036787647932418,0.2762408012513125,0.44409966468811035,0.07798886299133301
500,0.2,8,2,1,1,1,23,0.14195234143769855,0.2552206206734826,0.4944732189178467,0.09011006355285645
500,0.2,8,2,1,1,1,24,0.14100150470377798,0.26553644087010553,0.5956263542175293,0.09435129165649414
500,0.4,8,2,1,1,1,0,0.14303217913364358,0.2786780761794569,0.47072649002075195,0.08759737014770508
500,0.4,8,2,1,1,1,1,0.1208570717928551,0.2423553205371192,0.4807724952697754,0.08882546424865723
500,0.4,8,2,1,1,1,2,0.15852176541815133,0.3073931790306788,0.49799561500549316,0.09552192687988281
500,0.4,8,2,1,1,1,3,0.17324615655052128,0.2671573005499637,0.5007574558258057,0.09653067588806152
500,0.4,8,2,1,1,1,4,0.13153360423550436,0.3298836069193523,0.5942747592926025,0.15807342529296875
500,0.4,8,2,1,1,1,5,0.13536968705524643,0.25812892390601816,0.8128588199615479,0.14682459831237793
500,0.4,8,2,1,1,1,6,0.14478504981586052,0.24081066033716367,0.5580077171325684,0.10941553115844727
500,0.4,8,2,1,1,1,7,0.12839584021206085,0.2705277848605235,0.5094070434570312,0.09304380416870117
500,0.4,8,2,1,1,1,8,0.11864555682862099,0.24416104839777095,0.5191237926483154,0.09506368637084961
500,0.4,8,2,1,1,1,9,0.1368181453206754,0.26588085338173173,0.5352687835693359,0.10128545761108398
500,0.4,8,2,1,1,1,10,0.12899069261151824,0.261066700282058,0.6251838207244873,0.12851190567016602
500,0.4,8,2,1,1,1,11,0.14195365899729556,0.3148275921825042,0.5009770393371582,0.11351633071899414
500,0.4,8,2,1,1,1,12,0.1254697798382792,0.2740971087745523,0.5256388187408447,0.10151529312133789
500,0.4,8,2,1,1,1,13,0.15820609901169053,0.2769098922628047,0.5365195274353027,0.09407544136047363
500,0.4,8,2,1,1,1,14,0.13833987786842228,0.27983920363298964,0.5131115913391113,0.08798789978027344
500,0.4,8,2,1,1,1,15,0.1378473454044447,0.24553703630800952,0.6237285137176514,0.12790465354919434
500,0.4,8,2,1,1,1,16,0.16632849649898784,0.27967876886621607,0.5507791042327881,0.09450840950012207
500,0.4,8,2,1,1,1,17,0.1376370964000518,0.2576357876267372,0.5305283069610596,0.09849882125854492
500,0.4,8,2,1,1,1,18,0.14741519345766876,0.315175924485997,0.5021986961364746,0.10001707077026367
500,0.4,8,2,1,1,1,19,0.14152184173511895,0.31802295655122204,0.5047092437744141,0.10651445388793945
500,0.4,8,2,1,1,1,20,0.13065392549070762,0.2730094995975718,0.5099222660064697,0.09528279304504395
500,0.4,8,2,1,1,1,21,0.1619072030508367,0.2588839843382337,0.6042797565460205,0.14024138450622559
500,0.4,8,2,1,1,1,22,0.15616306718444772,0.28986538757453945,0.5196943283081055,0.08906197547912598
500,0.4,8,2,1,1,1,23,0.1432606481949308,0.2685529464929843,0.5318658351898193,0.09650659561157227
500,0.4,8,2,1,1,1,24,0.13889416169344512,0.2740200514226109,0.5208520889282227,0.1049342155456543
500,0.6000000000000001,8,2,1,1,1,0,0.1367528864708746,0.2595562937659623,0.6487386226654053,0.11242794990539551
500,0.6000000000000001,8,2,1,1,1,1,0.14818167955812897,0.26319120346865965,0.7201149463653564,0.11777615547180176
500,0.6000000000000001,8,2,1,1,1,2,0.15328662244875654,0.29913534714856227,0.5045220851898193,0.09547877311706543
500,0.6000000000000001,8,2,1,1,1,3,0.12760490512018263,0.23129855271687108,0.4986841678619385,0.10870480537414551
500,0.6000000000000001,8,2,1,1,1,4,0.1488582899542883,0.24113724228540762,0.49659276008605957,0.10907578468322754
500,0.6000000000000001,8,2,1,1,1,5,0.16733295479964327,0.30523641965048015,0.5027661323547363,0.10971379280090332
500,0.6000000000000001,8,2,1,1,1,6,0.15307328512246113,0.27982595135278804,0.5870485305786133,0.11951732635498047
500,0.6000000000000001,8,2,1,1,1,7,0.15126839584020407,0.25396081531422926,0.7399258613586426,0.14205288887023926
500,0.6000000000000001,8,2,1,1,1,8,0.13315460379134716,0.25899059961181936,0.541799783706665,0.11153268814086914
500,0.6000000000000001,8,2,1,1,1,9,0.15384092878687897,0.2853586609953982,0.4956169128417969,0.09551477432250977
500,0.6000000000000001,8,2,1,1,1,10,0.12856609137439332,0.3098104619729942,0.5056309700012207,0.09851932525634766
500,0.6000000000000001,8,2,1,1,1,11,0.15325292276656408,0.280055505224201,0.4916262626647949,0.0995182991027832
500,0.6000000000000001,8,2,1,1,1,12,0.1330986116359104,0.23553565934664802,0.6432361602783203,0.14196014404296875
500,0.6000000000000001,8,2,1,1,1,13,0.12751399822516837,0.24575565106150343,0.5400831699371338,0.09751772880554199
500,0.6000000000000001,8,2,1,1,1,14,0.14838464610672322,0.2671452385072536,0.5635392665863037,0.10151863098144531
500,0.6000000000000001,8,2,1,1,1,15,0.14428779091108732,0.28777967499083235,0.5122261047363281,0.09651875495910645
500,0.6000000000000001,8,2,1,1,1,16,0.13644539334425368,0.26325979919091574,0.49733901023864746,0.09150481224060059
500,0.6000000000000001,8,2,1,1,1,17,0.13887308348915672,0.24017257619423338,0.5511574745178223,0.1145174503326416
500,0.6000000000000001,8,2,1,1,1,18,0.17760201920381227,0.29062006942055085,0.6804795265197754,0.13152027130126953
500,0.6000000000000001,8,2,1,1,1,19,0.13816977229150246,0.288844934436255,0.5317087173461914,0.09749794006347656
500,0.6000000000000001,8,2,1,1,1,20,0.1602588728923173,0.24420582793240772,0.6243326663970947,0.1165170669555664
500,0.6000000000000001,8,2,1,1,1,21,0.14425389109001846,0.24780136418859125,0.6598019599914551,0.10707306861877441
500,0.6000000000000001,8,2,1,1,1,22,0.1659612926745479,0.24679577464588123,0.6010544300079346,0.10011601448059082
500,0.6000000000000001,8,2,1,1,1,23,0.15014912548192824,0.2454765071164558,0.7394249439239502,0.13005542755126953
500,0.6000000000000001,8,2,1,1,1,24,0.1355385254466541,0.25232524428656544,0.5555953979492188,0.09632158279418945
500,0.8,8,2,1,1,1,0,0.1536466164695374,0.3253384471196221,0.5623912811279297,0.1169428825378418
500,0.8,8,2,1,1,1,1,0.15054329828221172,0.25696303873442367,0.5462195873260498,0.09532332420349121
500,0.8,8,2,1,1,1,2,0.1672414417622188,0.2601850359341027,0.5902483463287354,0.0858604907989502
500,0.8,8,2,1,1,1,3,0.18465209276238814,0.2482943424759297,0.7715117931365967,0.12833166122436523
500,0.8,8,2,1,1,1,4,0.15474615064920497,0.37712412507782234,0.666999340057373,0.11487030982971191
500,0.8,8,2,1,1,1,5,0.16433934816769497,0.2937002975451531,0.7222123146057129,0.13507485389709473
500,0.8,8,2,1,1,1,6,0.14874419044111262,0.3092283498841953,0.6465051174163818,0.12670159339904785
500,0.8,8,2,1,1,1,7,0.17919194729879434,0.2796145349029326,0.5706474781036377,0.07537055015563965
500,0.8,8,2,1,1,1,8,0.15590877791174068,0.24462174399872566,0.6072640419006348,0.11781191825866699
500,0.8,8,2,1,1,1,9,0.1499352735978247,0.27644772848234045,0.5971267223358154,0.1375124454498291
500,0.8,8,2,1,1,1,10,0.16699965743671455,0.2592393019484195,0.5384509563446045,0.09062623977661133
500,0.8,8,2,1,1,1,11,0.1649528809012256,0.23632786690387492,0.6009166240692139,0.08848834037780762
500,0.8,8,2,1,1,1,12,0.15120123807480793,0.2606712887236764,0.6090264320373535,0.10341978073120117
500,0.8,8,2,1,1,1,13,0.1606363849217077,0.23690349846110054,0.6367683410644531,0.11069273948669434
500,0.8,8,2,1,1,1,14,0.1704093740453597,0.2561533566557555,0.6931164264678955,0.11955761909484863
500,0.8,8,2,1,1,1,15,0.14241234019004928,0.28388161208890245,0.6148293018341064,0.10764575004577637
500,0.8,8,2,1,1,1,16,0.1833341095705799,0.31126380302133144,0.5114080905914307,0.10285830497741699
500,0.8,8,2,1,1,1,17,0.14310751644503353,0.275754438385242,0.48187685012817383,0.0948331356048584
500,0.8,8,2,1,1,1,18,0.14149179626686995,0.26327852887968467,0.47932004928588867,0.0952291488647461
500,0.8,8,2,1,1,1,19,0.15222669589967525,0.2730792409998648,0.6038460731506348,0.1026468276977539
500,0.8,8,2,1,1,1,20,0.13885845116619952,0.26985513635409036,0.5138347148895264,0.10056471824645996
500,0.8,8,2,1,1,1,21,0.1655870701278169,0.26154755933082086,0.5326645374298096,0.1226654052734375
500,0.8,8,2,1,1,1,22,0.17079402414446798,0.26224665052197876,0.529803991317749,0.1146383285522461
500,0.8,8,2,1,1,1,23,0.15510948939804114,0.27133016250019826,0.5327422618865967,0.10102081298828125
500,0.8,8,2,1,1,1,24,0.1516073081332504,0.3216823951278158,0.5412800312042236,0.09630823135375977
500,1.0,8,2,1,1,1,0,0.16624052302276798,0.2767159737016294,0.6490530967712402,0.11051368713378906
500,1.0,8,2,1,1,1,1,0.1544222952908016,0.2660325314834762,0.5698015689849854,0.08714938163757324
500,1.0,8,2,1,1,1,2,0.15206552943069995,0.24274041266674753,0.575282096862793,0.10051631927490234
500,1.0,8,2,1,1,1,3,0.15327804845769197,0.2682811768888683,0.5877864360809326,0.12006855010986328
500,1.0,8,2,1,1,1,4,0.1718561956945713,0.2498831576896843,0.5589957237243652,0.09853315353393555
500,1.0,8,2,1,1,1,5,0.1591352923944369,0.2821624528609911,0.5475454330444336,0.1036841869354248
500,1.0,8,2,1,1,1,6,0.1652087339368454,0.27334528473039826,0.8116216659545898,0.12816214561462402
500,1.0,8,2,1,1,1,7,0.17505422312186142,0.2649128838794054,0.541250467300415,0.07990384101867676
500,1.0,8,2,1,1,1,8,0.16414595746116456,0.27110783390676735,0.5660028457641602,0.11345767974853516
500,1.0,8,2,1,1,1,9,0.1624923231391424,0.2746041169431501,0.6072216033935547,0.10899829864501953
500,1.0,8,2,1,1,1,10,0.18114440536799647,0.312398226773239,0.58091139793396,0.10927224159240723
500,1.0,8,2,1,1,1,11,0.1669738280126988,0.2599929518447516,0.8353261947631836,0.15524077415466309
500,1.0,8,2,1,1,1,12,0.16728302612501342,0.27295439432255975,0.598118782043457,0.0881812572479248
500,1.0,8,2,1,1,1,13,0.1737388967004428,0.249320645957459,0.571089506149292,0.11060380935668945
500,1.0,8,2,1,1,1,14,0.19722655703440822,0.23507014204846297,0.5651369094848633,0.1156764030456543
500,1.0,8,2,1,1,1,15,0.19965608887637692,0.25727925531024076,0.5647754669189453,0.10852789878845215
500,1.0,8,2,1,1,1,16,0.16395025691914433,0.26282455843392233,0.6712117195129395,0.14234137535095215
500,1.0,8,2,1,1,1,17,0.15487688560183918,0.24506456010259092,0.5910062789916992,0.10114645957946777
500,1.0,8,2,1,1,1,18,0.16076954943362,0.23943985234418452,0.5481822490692139,0.09090256690979004
500,1.0,8,2,1,1,1,19,0.17776096304207498,0.2885032883538761,0.5591387748718262,0.08768534660339355
500,1.0,8,2,1,1,1,20,0.1638908646234212,0.3043275968776171,0.5970516204833984,0.08717989921569824
500,1.0,8,2,1,1,1,21,0.16938885887049793,0.2848134920511687,0.5953879356384277,0.13678431510925293
500,1.0,8,2,1,1,1,22,0.15271933338332058,0.2757099194852347,0.7700281143188477,0.11496925354003906
500,1.0,8,2,1,1,1,23,0.18249100333950377,0.2538269627961088,0.5827541351318359,0.10895252227783203
500,1.0,8,2,1,1,1,24,0.16840414849844093,0.2549534767716185,0.569422721862793,0.12186741828918457
500,1.2000000000000002,8,2,1,1,1,0,0.19148650077330936,0.2516344337029403,0.5898454189300537,0.1106419563293457
500,1.2000000000000002,8,2,1,1,1,1,0.16786545818953766,0.3603564633533621,0.5607259273529053,0.11600732803344727
500,1.2000000000000002,8,2,1,1,1,2,0.18353451222917896,0.3035125751444192,0.721214771270752,0.14078617095947266
500,1.2000000000000002,8,2,1,1,1,3,0.16617771771845985,0.2820062116100095,0.5680792331695557,0.09919095039367676
500,1.2000000000000002,8,2,1,1,1,4,0.18999552229050684,0.24245937767243442,0.591956377029419,0.09943509101867676
500,1.2000000000000002,8,2,1,1,1,5,0.18616782573428386,0.268920072525418,0.6390869617462158,0.13663220405578613
500,1.2000000000000002,8,2,1,1,1,6,0.19439887653778656,0.27001074986380924,0.6780028343200684,0.14574313163757324
500,1.2000000000000002,8,2,1,1,1,7,0.1897965211304187,0.24779574840781501,0.7019188404083252,0.1574552059173584
500,1.2000000000000002,8,2,1,1,1,8,0.17263525117367326,0.28293846875949746,0.6013274192810059,0.1064310073852539
500,1.2000000000000002,8,2,1,1,1,9,0.16794876489805932,0.248402129262926,0.5576019287109375,0.11988353729248047
500,1.2000000000000002,8,2,1,1,1,10,0.16889787784328794,0.2519924494888046,0.6004042625427246,0.08452224731445312
500,1.2000000000000002,8,2,1,1,1,11,0.17834299838113024,0.2797183951524642,0.5837690830230713,0.12647390365600586
500,1.2000000000000002,8,2,1,1,1,12,0.18636958794119418,0.3282761616081172,0.7178165912628174,0.15078258514404297
500,1.2000000000000002,8,2,1,1,1,13,0.1758020597126619,0.2516141148225933,0.6314980983734131,0.09914422035217285
500,1.2000000000000002,8,2,1,1,1,14,0.1727576603579021,0.2779119714055061,0.5687072277069092,0.1090083122253418
500,1.2000000000000002,8,2,1,1,1,15,0.18026221492694736,0.265117326482018,0.5749678611755371,0.10585427284240723
500,1.2000000000000002,8,2,1,1,1,16,0.17134634199364338,0.25630499524953065,0.5665645599365234,0.11727428436279297
500,1.2000000000000002,8,2,1,1,1,17,0.1682607187369126,0.2643628223715295,0.7170741558074951,0.1401658058166504
500,1.2000000000000002,8,2,1,1,1,18,0.23506032188728027,0.25873860374573554,0.6088166236877441,0.1001739501953125
500,1.2000000000000002,8,2,1,1,1,19,0.19150976890431598,0.25818555519990466,0.5607824325561523,0.11757898330688477
500,1.2000000000000002,8,2,1,1,1,20,0.17116954028942738,0.25532890345484804,0.6407444477081299,0.09901571273803711
500,1.2000000000000002,8,2,1,1,1,21,0.17872628431785703,0.270554964957636,0.5852761268615723,0.08410477638244629
500,1.2000000000000002,8,2,1,1,1,22,0.19774834403639138,0.23790876897372867,0.7097587585449219,0.134169340133667
500,1.2000000000000002,8,2,1,1,1,23,0.18298372686491057,0.297701717614735,0.5585615634918213,0.12074995040893555
500,1.2000000000000002,8,2,1,1,1,24,0.16160746214159505,0.2750073311409683,0.5977764129638672,0.10554289817810059
500,1.4000000000000001,8,2,1,1,1,0,0.21144404324564534,0.29508646544656314,0.6736018657684326,0.1311347484588623
500,1.4000000000000001,8,2,1,1,1,1,0.18495781356626562,0.24379147990332153,0.5584614276885986,0.10272932052612305
500,1.4000000000000001,8,2,1,1,1,2,0.18744826376249776,0.27802001269705556,0.6521828174591064,0.10838198661804199
500,1.4000000000000001,8,2,1,1,1,3,0.21246799716080403,0.2663173060497856,0.6907382011413574,0.1203310489654541
500,1.4000000000000001,8,2,1,1,1,4,0.19095077868219137,0.2864539973314087,0.5949306488037109,0.0875093936920166
500,1.4000000000000001,8,2,1,1,1,5,0.18565751751394455,0.24937079405296986,0.5694522857666016,0.0950019359588623
500,1.4000000000000001,8,2,1,1,1,6,0.2058684561508497,0.2817171311868736,0.5233504772186279,0.10053324699401855
500,1.4000000000000001,8,2,1,1,1,7,0.19686310306208404,0.2903065311825967,0.6201915740966797,0.12221407890319824
500,1.4000000000000001,8,2,1,1,1,8,0.20442135298843556,0.28754235113376087,0.8038702011108398,0.14109182357788086
500,1.4000000000000001,8,2,1,1,1,9,0.2062204824257888,0.24187256954263953,0.5574979782104492,0.12977957725524902
500,1.4000000000000001,8,2,1,1,1,10,0.1965091237319211,0.26736453314392744,0.542443037033081,0.10749506950378418
500,1.4000000000000001,8,2,1,1,1,11,0.1954104510235327,0.2558970334959599,0.5908496379852295,0.11120223999023438
500,1.4000000000000001,8,2,1,1,1,12,0.22038519933945008,0.3296928464489489,0.5461952686309814,0.1103065013885498
500,1.4000000000000001,8,2,1,1,1,13,0.20193594688819919,0.25304062329854077,0.6559245586395264,0.13804221153259277
500,1.4000000000000001,8,2,1,1,1,14,0.19428297220501567,0.31157258407774613,0.6705563068389893,0.09758687019348145
500,1.4000000000000001,8,2,1,1,1,15,0.20499731060401655,0.25941968752433586,0.6112196445465088,0.11742472648620605
500,1.4000000000000001,8,2,1,1,1,16,0.19373430994587557,0.2616277443743029,0.5654804706573486,0.08735918998718262
500,1.4000000000000001,8,2,1,1,1,17,0.19519060083211942,0.2485966683600059,0.6506242752075195,0.12473630905151367
500,1.4000000000000001,8,2,1,1,1,18,0.1931035910725887,0.24965843639559077,0.568021297454834,0.12251973152160645
500,1.4000000000000001,8,2,1,1,1,19,0.19156871498747507,0.257011321906117,0.7585830688476562,0.1423811912536621
500,1.4000000000000001,8,2,1,1,1,20,0.22002997659574683,0.26081599424720925,0.7220814228057861,0.1468064785003662
500,1.4000000000000001,8,2,1,1,1,21,0.2103258928808329,0.2925125077585671,0.6527118682861328,0.09084177017211914
500,1.4000000000000001,8,2,1,1,1,22,0.19825496795207997,0.25722983362430146,0.5650417804718018,0.10832381248474121
500,1.4000000000000001,8,2,1,1,1,23,0.21904252929487536,0.29468443490366325,0.5576295852661133,0.1100766658782959
500,1.4000000000000001,8,2,1,1,1,24,0.20419021979942645,0.27773821505477486,0.699944257736206,0.11314845085144043
500,1.6,8,2,1,1,1,0,0.23645794429321512,0.29669616774191904,0.5478150844573975,0.10595250129699707
500,1.6,8,2,1,1,1,1,0.20707650620889206,0.3331723666586976,0.5464706420898438,0.12538671493530273
500,1.6,8,2,1,1,1,2,0.20783149727808492,0.2695228287097789,0.5852115154266357,0.1174173355102539
500,1.6,8,2,1,1,1,3,0.18674057856625811,0.28480684933603956,0.6185808181762695,0.09239864349365234
500,1.6,8,2,1,1,1,4,0.22584636856225823,0.2942765300921695,0.7428915500640869,0.1420598030090332
500,1.6,8,2,1,1,1,5,0.2194476675593623,0.27186022481688393,0.588792085647583,0.10916972160339355
500,1.6,8,2,1,1,1,6,0.24863881818806433,0.3740277558154189,0.5607705116271973,0.10296297073364258
500,1.6,8,2,1,1,1,7,0.21248791042780052,0.25144322769100896,0.6582314968109131,0.1239321231842041
500,1.6,8,2,1,1,1,8,0.2712436490026587,0.32423863342014614,0.5967996120452881,0.11498403549194336
500,1.6,8,2,1,1,1,9,0.2161702996541412,0.28012321529971324,0.7201745510101318,0.12704181671142578
500,1.6,8,2,1,1,1,10,0.2272249700538504,0.28686483689876247,0.609381914138794,0.09002804756164551
500,1.6,8,2,1,1,1,11,0.22521175372191352,0.30091672242005824,0.5700066089630127,0.11655807495117188
500,1.6,8,2,1,1,1,12,0.21390548617779415,0.29578759143992894,0.5274105072021484,0.11455011367797852
500,1.6,8,2,1,1,1,13,0.22676662724835714,0.270077886723745,0.5767536163330078,0.0880439281463623
500,1.6,8,2,1,1,1,14,0.24859536250464923,0.29659526085124793,0.5843634605407715,0.11852025985717773
500,1.6,8,2,1,1,1,15,0.22307973198548597,0.23900177373084724,0.7637712955474854,0.15054988861083984
500,1.6,8,2,1,1,1,16,0.20345294209246576,0.2788264210434695,0.6716160774230957,0.10357236862182617
500,1.6,8,2,1,1,1,17,0.20589223192973916,0.2575769361599034,0.5579433441162109,0.09795212745666504
500,1.6,8,2,1,1,1,18,0.20009200974565236,0.26550253194814116,0.5498695373535156,0.10081338882446289
500,1.6,8,2,1,1,1,19,0.2033861569579887,0.2518782791398163,0.5556540489196777,0.09809732437133789
500,1.6,8,2,1,1,1,20,0.22708842593048909,0.25161134881414327,0.7439022064208984,0.13546276092529297
500,1.6,8,2,1,1,1,21,0.21225652484039145,0.34933755555285695,0.5659334659576416,0.11516427993774414
500,1.6,8,2,1,1,1,22,0.21010467400642313,0.27228730517899713,0.5535731315612793,0.11434102058410645
500,1.6,8,2,1,1,1,23,0.22094860056986587,0.26795418516790587,0.5825724601745605,0.13489627838134766
500,1.6,8,2,1,1,1,24,0.24364910560809996,0.2524211466503191,0.6639907360076904,0.1060943603515625
500,1.8,8,2,1,1,1,0,0.2662864755632489,0.2748571114298444,0.6974925994873047,0.1167440414428711
500,1.8,8,2,1,1,1,1,0.24255185920481684,0.3402557478380954,0.6208741664886475,0.09973955154418945
500,1.8,8,2,1,1,1,2,0.2166814683157969,0.3018011546709121,0.530177116394043,0.09578704833984375
500,1.8,8,2,1,1,1,3,0.2636233863046667,0.25292026795385686,0.5681555271148682,0.09940981864929199
500,1.8,8,2,1,1,1,4,0.2243765997628714,0.29438115909669893,0.5404787063598633,0.12954378128051758
500,1.8,8,2,1,1,1,5,0.2215102558299123,0.2785140264968611,0.6229057312011719,0.10216498374938965
500,1.8,8,2,1,1,1,6,0.2814277684562622,0.295148111661977,0.7139716148376465,0.12071967124938965
500,1.8,8,2,1,1,1,7,0.21092711934749833,0.31059887508110057,0.5884974002838135,0.1045999526977539
500,1.8,8,2,1,1,1,8,0.24447278021165253,0.32167788805173114,0.5727572441101074,0.09299111366271973
500,1.8,8,2,1,1,1,9,0.23429250594186374,0.28061537412315574,0.6522281169891357,0.09125113487243652
500,1.8,8,2,1,1,1,10,0.2158541463594988,0.29327843400327847,0.744600772857666,0.12108659744262695
500,1.8,8,2,1,1,1,11,0.2523990521751205,0.35031607406122495,0.7197239398956299,0.1305387020111084
500,1.8,8,2,1,1,1,12,0.22677714564618864,0.2883810994584366,0.6539661884307861,0.11709141731262207
500,1.8,8,2,1,1,1,13,0.27400374144682443,0.3316442602733989,0.6015326976776123,0.11658382415771484
500,1.8,8,2,1,1,1,14,0.22612570913922309,0.284670990173446,0.633838415145874,0.09963607788085938
500,1.8,8,2,1,1,1,15,0.22767712462034148,0.31186294803978115,0.6392736434936523,0.08794713020324707
500,1.8,8,2,1,1,1,16,0.2478027565800097,0.26443784114365304,0.7276077270507812,0.12633061408996582
500,1.8,8,2,1,1,1,17,0.26927490038860175,0.2873821641778213,0.5734367370605469,0.1516115665435791
500,1.8,8,2,1,1,1,18,0.23537278344678325,0.26487541298691314,0.6007509231567383,0.08738207817077637
500,1.8,8,2,1,1,1,19,0.22014193060121182,0.3075658318966455,0.5686626434326172,0.0774681568145752
500,1.8,8,2,1,1,1,20,0.2583278651141914,0.30613665760530007,0.5503063201904297,0.07938313484191895
500,1.8,8,2,1,1,1,21,0.23302609764231091,0.257653619447068,0.6789717674255371,0.14063072204589844
500,1.8,8,2,1,1,1,22,0.2623669431539653,0.3326757529708976,0.5723943710327148,0.1185915470123291
500,1.8,8,2,1,1,1,23,0.23242767598297992,0.3563698368286603,0.5251994132995605,0.11092901229858398
500,1.8,8,2,1,1,1,24,0.2274921320009461,0.2930072879996159,0.5828824043273926,0.1187591552734375
500,2.0,8,2,1,1,1,0,0.23982741751398165,0.33006774747793416,0.5912883281707764,0.10175871849060059
500,2.0,8,2,1,1,1,1,0.2435571560433879,0.2701064794284379,0.631359338760376,0.13743329048156738
500,2.0,8,2,1,1,1,2,0.26772971376637894,0.3233654247383807,0.7242448329925537,0.12466669082641602
500,2.0,8,2,1,1,1,3,0.2637110128006553,0.2898224836030043,0.5944874286651611,0.11200809478759766
500,2.0,8,2,1,1,1,4,0.2465198753897794,0.2981262282605801,0.6977725028991699,0.11857891082763672
500,2.0,8,2,1,1,1,5,0.26983787932598613,0.2783208808068573,0.5543878078460693,0.11685800552368164
500,2.0,8,2,1,1,1,6,0.2586012823225369,0.33940287812074693,0.6506650447845459,0.1204230785369873
500,2.0,8,2,1,1,1,7,0.3025487758345053,0.2766159301748232,0.7348728179931641,0.1395249366760254
500,2.0,8,2,1,1,1,8,0.27517219726504616,0.33868386063516964,0.7155258655548096,0.09677243232727051
500,2.0,8,2,1,1,1,9,0.3141615269594005,0.2639783490768368,0.6772890090942383,0.10249590873718262
500,2.0,8,2,1,1,1,10,0.25455105038565456,0.26696500951779795,0.590533971786499,0.12404608726501465
500,2.0,8,2,1,1,1,11,0.22336472592967074,0.28414727560002245,0.6111171245574951,0.10447072982788086
500,2.0,8,2,1,1,1,12,0.2414143348084576,0.27553516368692116,0.6846344470977783,0.13918304443359375
500,2.0,8,2,1,1,1,13,0.26483087263897176,0.2871008838616201,0.6449339389801025,0.09948229789733887
500,2.0,8,2,1,1,1,14,0.23340234298103754,0.3169582909955931,0.5782153606414795,0.11157655715942383
500,2.0,8,2,1,1,1,15,0.22979519923199604,0.27827116284051784,0.5795309543609619,0.10327577590942383
500,2.0,8,2,1,1,1,16,0.2790688352834648,0.26038648263976805,0.5385427474975586,0.11754846572875977
500,2.0,8,2,1,1,1,17,0.26287983750966437,0.36831642257675923,0.7360515594482422,0.1352999210357666
500,2.0,8,2,1,1,1,18,0.27926386794914054,0.3212944343872318,0.5809381008148193,0.11750173568725586
500,2.0,8,2,1,1,1,19,0.23707755106933084,0.3379913929365485,0.5887758731842041,0.12104296684265137
500,2.0,8,2,1,1,1,20,0.28439129595324336,0.2859585289162301,0.5972471237182617,0.11408329010009766
500,2.0,8,2,1,1,1,21,0.25290098727395977,0.25997281551668405,0.5733237266540527,0.0871121883392334
500,2.0,8,2,1,1,1,22,0.2868588024419835,0.2638372275195367,0.6677517890930176,0.14752507209777832
500,2.0,8,2,1,1,1,23,0.23808249094964376,0.370153625720532,0.6511456966400146,0.12251663208007812
500,2.0,8,2,1,1,1,24,0.2889134134689572,0.28621490535415245,0.7546432018280029,0.10441923141479492
500,2.2,8,2,1,1,1,0,0.3113046775923593,0.32929867398200957,0.5542311668395996,0.09812188148498535
500,2.2,8,2,1,1,1,1,0.2908428056729708,0.30977758903359925,0.5924608707427979,0.1279585361480713
500,2.2,8,2,1,1,1,2,0.2713835591312529,0.28479741144454,0.680856466293335,0.11813473701477051
500,2.2,8,2,1,1,1,3,0.2621544043648587,0.2672600111218942,0.6683042049407959,0.13551878929138184
500,2.2,8,2,1,1,1,4,0.2671810798741362,0.3090384711776829,0.5991733074188232,0.11751317977905273
500,2.2,8,2,1,1,1,5,0.2604461372425649,0.2828211095416721,0.6657354831695557,0.10541486740112305
500,2.2,8,2,1,1,1,6,0.29010020199365655,0.2940594850156381,0.5561659336090088,0.12042951583862305
500,2.2,8,2,1,1,1,7,0.2828797899241641,0.2816369585357535,0.5536775588989258,0.08818197250366211
500,2.2,8,2,1,1,1,8,0.26616419928428514,0.2658671064971862,0.6739261150360107,0.10848188400268555
500,2.2,8,2,1,1,1,9,0.35350705326326654,0.3169696489341734,0.5471460819244385,0.11851310729980469
500,2.2,8,2,1,1,1,10,0.3052438052295757,0.28938730680500946,0.6038155555725098,0.09843063354492188
500,2.2,8,2,1,1,1,11,0.28745499744789677,0.29527341105522764,0.6148202419281006,0.09951305389404297
500,2.2,8,2,1,1,1,12,0.2763321682547809,0.2786106457868143,0.575463056564331,0.09341263771057129
500,2.2,8,2,1,1,1,13,0.2909048852228965,0.3041895710002984,0.7092821598052979,0.14751958847045898
500,2.2,8,2,1,1,1,14,0.3099004601540694,0.3397088720775023,0.5776867866516113,0.11936831474304199
500,2.2,8,2,1,1,1,15,0.32326720177143103,0.2849235366983108,0.5973668098449707,0.1300828456878662
500,2.2,8,2,1,1,1,16,0.25645934430465106,0.2952604292429962,0.620877742767334,0.09753727912902832
500,2.2,8,2,1,1,1,17,0.256012026724085,0.30729057564783196,0.5808641910552979,0.08735084533691406
500,2.2,8,2,1,1,1,18,0.2727231100502705,0.28886823176626686,0.6647496223449707,0.15264534950256348
500,2.2,8,2,1,1,1,19,0.3146057294594073,0.3334479349963853,0.8978939056396484,0.1486361026763916
500,2.2,8,2,1,1,1,20,0.26849078973415325,0.2931790446240089,0.6771228313446045,0.11186742782592773
500,2.2,8,2,1,1,1,21,0.34946563807849135,0.27451806169770204,0.5884294509887695,0.10766005516052246
500,2.2,8,2,1,1,1,22,0.3279224114537724,0.2682443482522185,0.6493022441864014,0.08897638320922852
500,2.2,8,2,1,1,1,23,0.2997055365290589,0.37258851087774475,0.6820025444030762,0.11983704566955566
500,2.2,8,2,1,1,1,24,0.2518689313041311,0.2583582956414695,0.6308903694152832,0.08304381370544434
500,2.4000000000000004,8,2,1,1,1,0,0.3031404809508564,0.37663040774618584,0.6088881492614746,0.0970771312713623
500,2.4000000000000004,8,2,1,1,1,1,0.30712062535265366,0.31014862641767715,0.596451997756958,0.10798335075378418
500,2.4000000000000004,8,2,1,1,1,2,0.305017226388836,0.3260526610635245,0.6335287094116211,0.09853124618530273
500,2.4000000000000004,8,2,1,1,1,3,0.32727259099903855,0.33058598038315606,0.6436328887939453,0.11038517951965332
500,2.4000000000000004,8,2,1,1,1,4,0.321333750154241,0.28346489973306455,0.7210464477539062,0.10354161262512207
500,2.4000000000000004,8,2,1,1,1,5,0.3547711522958416,0.265682866547876,0.579056978225708,0.09909224510192871
500,2.4000000000000004,8,2,1,1,1,6,0.2787049800944493,0.3211300324406077,0.5660641193389893,0.12410449981689453
500,2.4000000000000004,8,2,1,1,1,7,0.3615966511427488,0.3054280431653222,0.6232388019561768,0.09251523017883301
500,2.4000000000000004,8,2,1,1,1,8,0.29081675158780945,0.3639922636163972,0.5940489768981934,0.11451292037963867
500,2.4000000000000004,8,2,1,1,1,9,0.3170788403508086,0.3171561311892991,0.7835431098937988,0.1291522979736328
500,2.4000000000000004,8,2,1,1,1,10,0.28818817774664485,0.30570663719993196,0.5924906730651855,0.11348581314086914
500,2.4000000000000004,8,2,1,1,1,11,0.2878211627264698,0.3011365712252059,0.6053993701934814,0.10556459426879883
500,2.4000000000000004,8,2,1,1,1,12,0.3084592199110242,0.2836896807091862,0.67722487449646,0.12170886993408203
500,2.4000000000000004,8,2,1,1,1,13,0.2902972974997724,0.38059531616522124,0.7777574062347412,0.13507342338562012
500,2.4000000000000004,8,2,1,1,1,14,0.2839793463081264,0.3095436361267607,0.7804255485534668,0.12152266502380371
500,2.4000000000000004,8,2,1,1,1,15,0.28860546880927523,0.3381804520066989,0.5753648281097412,0.10442781448364258
500,2.4000000000000004,8,2,1,1,1,16,0.2990108419063514,0.32849731334577986,0.5937066078186035,0.13595867156982422
500,2.4000000000000004,8,2,1,1,1,17,0.3230225697313792,0.3062138848247689,0.6295695304870605,0.1035001277923584
500,2.4000000000000004,8,2,1,1,1,18,0.29171356556563394,0.31131659804374123,0.5753140449523926,0.10390567779541016
500,2.4000000000000004,8,2,1,1,1,19,0.3201926505106703,0.34765732241405606,0.6991403102874756,0.12459373474121094
500,2.4000000000000004,8,2,1,1,1,20,0.2901903021064056,0.3380553809891833,0.5770292282104492,0.09413337707519531
500,2.4000000000000004,8,2,1,1,1,21,0.27362896238838574,0.3489173464133214,0.6575014591217041,0.13298726081848145
500,2.4000000000000004,8,2,1,1,1,22,0.2874199120466643,0.35386198931815516,0.592581033706665,0.11733293533325195
500,2.4000000000000004,8,2,1,1,1,23,0.3144263057826951,0.3082763615405313,0.5878200531005859,0.08815479278564453
500,2.4000000000000004,8,2,1,1,1,24,0.2883355265187775,0.3287645224966386,0.7843492031097412,0.12594819068908691
500,2.6,8,2,1,1,1,0,0.35573625158573013,0.27889835260179907,0.5700886249542236,0.0831756591796875
500,2.6,8,2,1,1,1,1,0.3102288126620384,0.30210756741956485,0.5885875225067139,0.12401723861694336
500,2.6,8,2,1,1,1,2,0.31581686668286535,0.2872862557266503,0.6213457584381104,0.09805989265441895
500,2.6,8,2,1,1,1,3,0.2969714717330641,0.341431843743849,0.5828728675842285,0.10837864875793457
500,2.6,8,2,1,1,1,4,0.31599583244871454,0.3148648257540952,0.7273344993591309,0.15953516960144043
500,2.6,8,2,1,1,1,5,0.30665629534527317,0.30298402545592973,0.5965437889099121,0.1075589656829834
500,2.6,8,2,1,1,1,6,0.3140261278663665,0.32837055770761775,0.658043622970581,0.147782564163208
500,2.6,8,2,1,1,1,7,0.32580865456096497,0.32761339854774274,0.7331857681274414,0.1340932846069336
500,2.6,8,2,1,1,1,8,0.29696327318812604,0.27823777616622514,0.5477147102355957,0.1103675365447998
500,2.6,8,2,1,1,1,9,0.3016823975899395,0.30455111469057977,0.7792923450469971,0.15035343170166016
500,2.6,8,2,1,1,1,10,0.32037928068108484,0.2903094801584068,0.615990161895752,0.11513614654541016
500,2.6,8,2,1,1,1,11,0.3040495160538885,0.3144714699094821,0.6152114868164062,0.11305356025695801
500,2.6,8,2,1,1,1,12,0.3080493287845774,0.30146191814693174,0.5894558429718018,0.10543942451477051
500,2.6,8,2,1,1,1,13,0.32829108535677415,0.3397158187341671,0.5821733474731445,0.09346628189086914
500,2.6,8,2,1,1,1,14,0.3826256231066841,0.3300364365277586,0.7324202060699463,0.12961792945861816
500,2.6,8,2,1,1,1,15,0.29273312580251415,0.32487476109183105,0.6009066104888916,0.12065529823303223
500,2.6,8,2,1,1,1,16,0.3305751963974768,0.27602188054214755,0.5870640277862549,0.12250280380249023
500,2.6,8,2,1,1,1,17,0.3240074349423672,0.3403545715323881,0.6128485202789307,0.09352636337280273
500,2.6,8,2,1,1,1,18,0.331676297693672,0.25979917181133433,0.580977201461792,0.09150028228759766
500,2.6,8,2,1,1,1,19,0.32415656398767756,0.3946168316065713,0.645613431930542,0.14407706260681152
500,2.6,8,2,1,1,1,20,0.3386805740462744,0.30487500388608313,0.7496199607849121,0.11020636558532715
500,2.6,8,2,1,1,1,21,0.3434065640404986,0.28481153890377825,0.6070220470428467,0.1089484691619873
500,2.6,8,2,1,1,1,22,0.3130177624711621,0.4474909220307371,0.5829098224639893,0.11791777610778809
500,2.6,8,2,1,1,1,23,0.3316142489048466,0.42844608594770284,0.5855817794799805,0.09090352058410645
500,2.6,8,2,1,1,1,24,0.4431231773269004,0.3458679998411399,0.5939526557922363,0.1265270709991455
500,2.8000000000000003,8,2,1,1,1,0,0.33953349989868986,0.33072184169937263,0.7041385173797607,0.14635419845581055
500,2.8000000000000003,8,2,1,1,1,1,0.32699058627624933,0.33123355831039786,0.6741092205047607,0.12628674507141113
500,2.8000000000000003,8,2,1,1,1,2,0.33349297500124025,0.3699707969373789,0.6245732307434082,0.09542965888977051
500,2.8000000000000003,8,2,1,1,1,3,0.35283143494190916,0.35324258881036513,0.5967483520507812,0.0938262939453125
500,2.8000000000000003,8,2,1,1,1,4,0.33389484834053357,0.343968824108361,0.5677657127380371,0.10727334022521973
500,2.8000000000000003,8,2,1,1,1,5,0.33720911634306117,0.3083223512847155,0.7187681198120117,0.12975502014160156
500,2.8000000000000003,8,2,1,1,1,6,0.3310768083406425,0.3271792989024684,0.5971779823303223,0.13801932334899902
500,2.8000000000000003,8,2,1,1,1,7,0.37535271508937257,0.3351864084704516,0.5726015567779541,0.09614872932434082
500,2.8000000000000003,8,2,1,1,1,8,0.29961146844319436,0.3442828615161798,0.5742526054382324,0.11614131927490234
500,2.8000000000000003,8,2,1,1,1,9,0.32739874980926964,0.4255034600773965,0.6035466194152832,0.11451101303100586
500,2.8000000000000003,8,2,1,1,1,10,0.4264492471712116,0.2923552755706745,0.7589366436004639,0.12616467475891113
500,2.8000000000000003,8,2,1,1,1,11,0.38211284959363695,0.3140226215544656,0.5857160091400146,0.1123955249786377
500,2.8000000000000003,8,2,1,1,1,12,0.31255865034555963,0.29521549741049746,0.5817532539367676,0.09345173835754395
500,2.8000000000000003,8,2,1,1,1,13,0.3415424706984116,0.3228948484691991,0.5987658500671387,0.1405951976776123
500,2.8000000000000003,8,2,1,1,1,14,0.3092467755207628,0.33175130896734945,0.5801379680633545,0.12005043029785156
500,2.8000000000000003,8,2,1,1,1,15,0.41235013358479927,0.3308031683369565,0.7095859050750732,0.12016654014587402
500,2.8000000000000003,8,2,1,1,1,16,0.32968671608449435,0.3511987033774782,0.5982248783111572,0.09738636016845703
500,2.8000000000000003,8,2,1,1,1,17,0.3413601857248934,0.41028492453549714,0.5631365776062012,0.0994424819946289
500,2.8000000000000003,8,2,1,1,1,18,0.3329343582449616,0.336944687168286,0.5883946418762207,0.10208678245544434
500,2.8000000000000003,8,2,1,1,1,19,0.34813512942507896,0.3113921702425553,0.6087300777435303,0.10054874420166016
500,2.8000000000000003,8,2,1,1,1,20,0.39435508885170767,0.31352006660662574,0.7429502010345459,0.1458902359008789
500,2.8000000000000003,8,2,1,1,1,21,0.3431809637192056,0.2932420528618132,0.865647554397583,0.12503671646118164
500,2.8000000000000003,8,2,1,1,1,22,0.33114803440389984,0.32464089351797704,0.5574126243591309,0.1063070297241211
500,2.8000000000000003,8,2,1,1,1,23,0.33952411044678626,0.31575528084032495,0.5748474597930908,0.09696078300476074
500,2.8000000000000003,8,2,1,1,1,24,0.3550090633602624,0.3540865950741707,0.584033727645874,0.07678651809692383
500,3.0,8,2,1,1,1,0,0.33911694065922454,0.3267675709014721,0.7165589332580566,0.14198637008666992
500,3.0,8,2,1,1,1,1,0.35065043876169827,0.35307413620240863,0.6260387897491455,0.10657429695129395
500,3.0,8,2,1,1,1,2,0.3540622256051285,0.3585223303045958,0.5927517414093018,0.10615253448486328
500,3.0,8,2,1,1,1,3,0.3795078867732426,0.3540236158311769,0.5907704830169678,0.09803628921508789
500,3.0,8,2,1,1,1,4,0.3668134236598075,0.31978414520849296,0.5466775894165039,0.10912799835205078
500,3.0,8,2,1,1,1,5,0.3881844921486064,0.39881957986989935,0.6035685539245605,0.12014651298522949
500,3.0,8,2,1,1,1,6,0.3852319696137854,0.3602820545516078,0.7402560710906982,0.12611985206604004
500,3.0,8,2,1,1,1,7,0.3648475395374565,0.29439525375927045,0.6783275604248047,0.09792137145996094
500,3.0,8,2,1,1,1,8,0.465542560028341,0.27858283723440475,0.6004588603973389,0.10010242462158203
500,3.0,8,2,1,1,1,9,0.3634865730959233,0.3613437347723427,0.5657961368560791,0.10792994499206543
500,3.0,8,2,1,1,1,10,0.3434768515857011,0.33040117789955115,0.577430009841919,0.12952518463134766
500,3.0,8,2,1,1,1,11,0.318107830767197,0.32067606798838133,0.7219696044921875,0.12188601493835449
500,3.0,8,2,1,1,1,12,0.3852555401940942,0.31002436480365897,0.6478188037872314,0.12056756019592285
500,3.0,8,2,1,1,1,13,0.34664443844892096,0.27041533621684166,0.6014747619628906,0.09042644500732422
500,3.0,8,2,1,1,1,14,0.3582026844477741,0.3293914627111443,0.643702507019043,0.14519119262695312
500,3.0,8,2,1,1,1,15,0.3381461152636655,0.3140662100410105,0.7481405735015869,0.12772297859191895
500,3.0,8,2,1,1,1,16,0.4304613944669143,0.3331356168311991,0.7381560802459717,0.12559008598327637
500,3.0,8,2,1,1,1,17,0.37771095384092596,0.3474339288248253,0.6123058795928955,0.12517166137695312
500,3.0,8,2,1,1,1,18,0.3073984913199519,0.29144988251122367,0.5938432216644287,0.10854578018188477
500,3.0,8,2,1,1,1,19,0.3503153061279484,0.3543844559473705,0.6092588901519775,0.11133885383605957
500,3.0,8,2,1,1,1,20,0.3788321163866007,0.38169258814425944,0.5875880718231201,0.08313369750976562
500,3.0,8,2,1,1,1,21,0.3977261704786554,0.3058981732692876,0.7338378429412842,0.1461336612701416
500,3.0,8,2,1,1,1,22,0.35814797886468686,0.44511916308340627,0.5703113079071045,0.0996556282043457
500,3.0,8,2,1,1,1,23,0.3752620606348175,0.3223808219435604,0.5293300151824951,0.11352276802062988
500,3.0,8,2,1,1,1,24,0.395091493560798,0.4287934122879215,0.541348934173584,0.10850048065185547
500,3.2,8,2,1,1,1,0,0.4073368720660074,0.29727101653893706,0.5450706481933594,0.11254620552062988
500,3.2,8,2,1,1,1,1,0.32570557772327957,0.3362099177966668,0.6338205337524414,0.1237955093383789
500,3.2,8,2,1,1,1,2,0.4152819669540043,0.37097362809234186,0.7923593521118164,0.133500337600708
500,3.2,8,2,1,1,1,3,0.4295746453442868,0.31375379424068556,0.6791832447052002,0.10214114189147949
500,3.2,8,2,1,1,1,4,0.402592968194139,0.30029023060013244,0.5593852996826172,0.12607479095458984
500,3.2,8,2,1,1,1,5,0.3619979849047705,0.3499329811185203,0.6140246391296387,0.10508298873901367
500,3.2,8,2,1,1,1,6,0.3826376902548004,0.3269612689310841,0.6588597297668457,0.1023406982421875
500,3.2,8,2,1,1,1,7,0.3657866720734295,0.36575532154899343,0.7121970653533936,0.14724445343017578
500,3.2,8,2,1,1,1,8,0.3438281702891269,0.346081585271823,0.5830204486846924,0.09042549133300781
500,3.2,8,2,1,1,1,9,0.45108112918678533,0.39015761341067784,0.7235844135284424,0.14978456497192383
500,3.2,8,2,1,1,1,10,0.39306342522307064,0.3461691875144286,0.5871214866638184,0.09355330467224121
500,3.2,8,2,1,1,1,11,0.3395973948068973,0.3820728628569792,0.6051781177520752,0.1409902572631836
500,3.2,8,2,1,1,1,12,0.42464777251806785,0.41107553792958307,0.7306356430053711,0.12162327766418457
500,3.2,8,2,1,1,1,13,0.3827958426262174,0.34927283608680687,0.5708262920379639,0.10362863540649414
500,3.2,8,2,1,1,1,14,0.4139698321526867,0.35711420814040623,0.5982015132904053,0.09154391288757324
500,3.2,8,2,1,1,1,15,0.41117987299860814,0.3877717070436582,0.5595498085021973,0.09836006164550781
500,3.2,8,2,1,1,1,16,0.4086618678214475,0.3344292643763826,0.5625593662261963,0.1097402572631836
500,3.2,8,2,1,1,1,17,0.4446813238996704,0.3631620080390648,0.712517261505127,0.1390523910522461
500,3.2,8,2,1,1,1,18,0.39973499163326454,0.3420143649340045,0.5973834991455078,0.0865626335144043
500,3.2,8,2,1,1,1,19,0.355749196256073,0.4111420683557679,0.5775845050811768,0.09909296035766602
500,3.2,8,2,1,1,1,20,0.41436623040009196,0.3575465993108134,0.5365042686462402,0.13969111442565918
500,3.2,8,2,1,1,1,21,0.34229781642258406,0.461862176548741,0.5810105800628662,0.1035609245300293
500,3.2,8,2,1,1,1,22,0.4208069192153935,0.3700474709545237,0.7073400020599365,0.11917376518249512
500,3.2,8,2,1,1,1,23,0.4111751678058216,0.36874622321194017,0.6640443801879883,0.0944969654083252
500,3.2,8,2,1,1,1,24,0.39642388466170453,0.37926042077066124,0.5942449569702148,0.09764504432678223
500,3.4000000000000004,8,2,1,1,1,0,0.42312075351382233,0.38314148555325794,0.6025021076202393,0.0893855094909668
500,3.4000000000000004,8,2,1,1,1,1,0.37510621316594417,0.4307736963477295,0.6493539810180664,0.10217976570129395
500,3.4000000000000004,8,2,1,1,1,2,0.4562433733256386,0.33027823654789,0.660151481628418,0.12027812004089355
500,3.4000000000000004,8,2,1,1,1,3,0.37311986256100754,0.3436410613170987,0.750556468963623,0.11002826690673828
500,3.4000000000000004,8,2,1,1,1,4,0.4582119279439492,0.3448479845993406,0.7348167896270752,0.12575173377990723
500,3.4000000000000004,8,2,1,1,1,5,0.416198317629509,0.32046130095692527,0.577430248260498,0.10274577140808105
500,3.4000000000000004,8,2,1,1,1,6,0.391207864306198,0.3309162093826246,0.5532732009887695,0.11750340461730957
500,3.4000000000000004,8,2,1,1,1,7,0.39005021048956445,0.3412787638274227,0.6543729305267334,0.14278888702392578
500,3.4000000000000004,8,2,1,1,1,8,0.43606108680359074,0.4231273055768208,0.6887688636779785,0.10155487060546875
500,3.4000000000000004,8,2,1,1,1,9,0.4089125084223935,0.42161529324764496,0.5730690956115723,0.09546041488647461
500,3.4000000000000004,8,2,1,1,1,10,0.4299831628072136,0.396196556393275,0.5556168556213379,0.09600234031677246
500,3.4000000000000004,8,2,1,1,1,11,0.39410690785731084,0.31868011134653074,0.6039309501647949,0.07649397850036621
500,3.4000000000000004,8,2,1,1,1,12,0.38334570297667636,0.33440482468856375,0.5868015289306641,0.08062887191772461
500,3.4000000000000004,8,2,1,1,1,13,0.45444268450906516,0.3538283935676704,0.6606006622314453,0.16412806510925293
500,3.4000000000000004,8,2,1,1,1,14,0.4012553787822095,0.40328370316376516,0.5781352519989014,0.11077404022216797
500,3.4000000000000004,8,2,1,1,1,15,0.4374294374660505,0.3405345934022741,0.6651179790496826,0.09918618202209473
500,3.4000000000000004,8,2,1,1,1,16,0.3846904607037683,0.3458228254568978,0.5642416477203369,0.12829804420471191
500,3.4000000000000004,8,2,1,1,1,17,0.38384071533822683,0.37252142329776994,0.5702254772186279,0.10072970390319824
500,3.4000000000000004,8,2,1,1,1,18,0.4117567184683997,0.3112703344144166,0.6599745750427246,0.1178743839263916
500,3.4000000000000004,8,2,1,1,1,19,0.40583171462380657,0.35751646670550025,0.691964864730835,0.11196064949035645
500,3.4000000000000004,8,2,1,1,1,20,0.43790718385604455,0.4096238051057595,0.5945329666137695,0.08698415756225586
500,3.4000000000000004,8,2,1,1,1,21,0.3890957870182753,0.31351594831719903,0.5924208164215088,0.09162187576293945
500,3.4000000000000004,8,2,1,1,1,22,0.41693275283732023,0.2978116591103063,0.5424842834472656,0.08701133728027344
500,3.4000000000000004,8,2,1,1,1,23,0.4575835296731798,0.48696589558385456,0.5854167938232422,0.11628937721252441
500,3.4000000000000004,8,2,1,1,1,24,0.3825277940295113,0.3474787811548413,0.76352858543396,0.14860868453979492
500,3.6,8,2,1,1,1,0,0.4543140519610083,0.317036709451384,0.6060950756072998,0.10149240493774414
500,3.6,8,2,1,1,1,1,0.4670458510866895,0.40028879702640546,0.6022732257843018,0.09966778755187988
500,3.6,8,2,1,1,1,2,0.4249060014108572,0.3980314136227709,0.5912637710571289,0.08155012130737305
500,3.6,8,2,1,1,1,3,0.3804281729759545,0.33874840665297823,0.7080044746398926,0.1499779224395752
500,3.6,8,2,1,1,1,4,0.4061102435626023,0.3560951664597425,0.7364132404327393,0.1530301570892334
500,3.6,8,2,1,1,1,5,0.4798897894462572,0.3921498376993365,0.6800119876861572,0.10852456092834473
500,3.6,8,2,1,1,1,6,0.4603324139313616,0.3305287918077164,0.5392899513244629,0.11419296264648438
500,3.6,8,2,1,1,1,7,0.39197445355951,0.34604006585130914,0.5805034637451172,0.11962270736694336
500,3.6,8,2,1,1,1,8,0.4060455906228045,0.33153504097780606,0.6090741157531738,0.10117959976196289
500,3.6,8,2,1,1,1,9,0.46984798294074,0.37628054253585336,0.7620244026184082,0.119293212890625
500,3.6,8,2,1,1,1,10,0.4144992546411943,0.3603527570490177,0.6368107795715332,0.08391571044921875
500,3.6,8,2,1,1,1,11,0.4476991708633338,0.35369505685353897,0.6601099967956543,0.08404159545898438
500,3.6,8,2,1,1,1,12,0.5205752793098473,0.35652300673980514,0.5720565319061279,0.1240081787109375
500,3.6,8,2,1,1,1,13,0.4649243200980882,0.40562546167253866,0.6081745624542236,0.12011837959289551
500,3.6,8,2,1,1,1,14,0.402173667441171,0.4034557527964241,0.7249298095703125,0.1223151683807373
500,3.6,8,2,1,1,1,15,0.4195568092597674,0.32016825055934506,0.688929557800293,0.10453176498413086
500,3.6,8,2,1,1,1,16,0.43257987590085634,0.4041144755175222,0.6219921112060547,0.09770035743713379
500,3.6,8,2,1,1,1,17,0.4135590219900458,0.31847428675024614,0.5711202621459961,0.08807897567749023
500,3.6,8,2,1,1,1,18,0.42392724671949783,0.35977995762688525,0.6816005706787109,0.14670014381408691
500,3.6,8,2,1,1,1,19,0.42035743504950923,0.3293758248984731,0.7310245037078857,0.1157841682434082
500,3.6,8,2,1,1,1,20,0.3994039623312665,0.3821273756705095,0.5526537895202637,0.11753034591674805
500,3.6,8,2,1,1,1,21,0.4378130579441621,0.3390654514755321,0.5108187198638916,0.11357569694519043
500,3.6,8,2,1,1,1,22,0.42093103528274134,0.4246051756590186,0.5495593547821045,0.1047818660736084
500,3.6,8,2,1,1,1,23,0.42866670108611044,0.374523152000569,0.5290958881378174,0.0906069278717041
500,3.6,8,2,1,1,1,24,0.5118224392504125,0.38018720090099206,0.5421910285949707,0.10402441024780273
500,3.8000000000000003,8,2,1,1,1,0,0.48683779025839113,0.3525503851545957,0.6558098793029785,0.10283422470092773
500,3.8000000000000003,8,2,1,1,1,1,0.41854108009622004,0.3458620682350776,0.5175838470458984,0.11148786544799805
500,3.8000000000000003,8,2,1,1,1,2,0.4279940519788562,0.4217608538226574,0.5654706954956055,0.09455013275146484
500,3.8000000000000003,8,2,1,1,1,3,0.4205108043563548,0.3473356580623173,0.6085615158081055,0.10657262802124023
500,3.8000000000000003,8,2,1,1,1,4,0.49016063479264327,0.36892782089322074,0.5818390846252441,0.11374044418334961
500,3.8000000000000003,8,2,1,1,1,5,0.4602595800008089,0.3701104313664979,0.601987361907959,0.0894477367401123
500,3.8000000000000003,8,2,1,1,1,6,0.47273390033314444,0.4013265348340502,0.7592809200286865,0.13239383697509766
500,3.8000000000000003,8,2,1,1,1,7,0.4361948637899049,0.33574160882809256,0.5613956451416016,0.10547327995300293
500,3.8000000000000003,8,2,1,1,1,8,0.4237080578586762,0.35455091942367395,0.6407155990600586,0.12113189697265625
500,3.8000000000000003,8,2,1,1,1,9,0.4056662370106244,0.36345391536084815,0.5798029899597168,0.10250353813171387
500,3.8000000000000003,8,2,1,1,1,10,0.42708472779316736,0.35669989835743476,0.6205968856811523,0.10950756072998047
500,3.8000000000000003,8,2,1,1,1,11,0.4733321533050476,0.37918647847391573,0.7276275157928467,0.12867522239685059
500,3.8000000000000003,8,2,1,1,1,12,0.42316322506528714,0.3170722480035209,0.6167631149291992,0.0976412296295166
500,3.8000000000000003,8,2,1,1,1,13,0.4206653357384699,0.3799435694727288,0.6730895042419434,0.1504678726196289
500,3.8000000000000003,8,2,1,1,1,14,0.5638328004728158,0.35601128478046,0.7322852611541748,0.12958574295043945
500,3.8000000000000003,8,2,1,1,1,15,0.3697511148317474,0.38594253740850576,0.542499303817749,0.10697436332702637
500,3.8000000000000003,8,2,1,1,1,16,0.4509721252928693,0.32436339095775585,0.7874362468719482,0.12027215957641602
500,3.8000000000000003,8,2,1,1,1,17,0.44062180776413373,0.3628050940184452,0.5631606578826904,0.12242388725280762
500,3.8000000000000003,8,2,1,1,1,18,0.5489685624732397,0.4216926391038822,0.6052999496459961,0.12094402313232422
500,3.8000000000000003,8,2,1,1,1,19,0.5349690387511806,0.37295534683723586,0.5974786281585693,0.09445810317993164
500,3.8000000000000003,8,2,1,1,1,20,0.4431476869624696,0.47511886687688815,0.637047529220581,0.08359241485595703
500,3.8000000000000003,8,2,1,1,1,21,0.43083447329661845,0.3957356276368554,0.6458091735839844,0.10874581336975098
500,3.8000000000000003,8,2,1,1,1,22,0.4778707546393889,0.43245540123833043,0.7124149799346924,0.10931110382080078
500,3.8000000000000003,8,2,1,1,1,23,0.4958140657933506,0.34338944280279204,0.5668745040893555,0.11051726341247559
500,3.8000000000000003,8,2,1,1,1,24,0.47458015092681366,0.4122080047467952,0.5610804557800293,0.10106396675109863
500,4.0,8,2,1,1,1,0,0.5217653369218967,0.39779100230176234,0.5824909210205078,0.12904143333435059
500,4.0,8,2,1,1,1,1,0.4322561062558707,0.41434322579910554,0.6174147129058838,0.0950171947479248
500,4.0,8,2,1,1,1,2,0.49083896907982805,0.333175428920037,0.7064576148986816,0.13067626953125
500,4.0,8,2,1,1,1,3,0.4614190895154849,0.3793879518269048,0.6000127792358398,0.11945271492004395
500,4.0,8,2,1,1,1,4,0.46453691444416745,0.382453522537966,0.6024901866912842,0.09053444862365723
500,4.0,8,2,1,1,1,5,0.4736351566405801,0.4124491990812688,0.5658667087554932,0.09105348587036133
500,4.0,8,2,1,1,1,6,0.476222309522716,0.3988081252718609,0.5995299816131592,0.10743880271911621
500,4.0,8,2,1,1,1,7,0.4814043478094911,0.43264863720598645,0.792001485824585,0.13342618942260742
500,4.0,8,2,1,1,1,8,0.5024808152675752,0.33010148601157113,0.7369904518127441,0.14482831954956055
500,4.0,8,2,1,1,1,9,0.4607834922949307,0.3885730735633184,0.6257848739624023,0.08343195915222168
500,4.0,8,2,1,1,1,10,0.47670450728233404,0.41186887889461066,0.6102502346038818,0.12051868438720703
500,4.0,8,2,1,1,1,11,0.5209841091858497,0.46693051349197284,0.6244595050811768,0.09652519226074219
500,4.0,8,2,1,1,1,12,0.4458770329267795,0.3788871560340639,0.7060959339141846,0.1505289077758789
500,4.0,8,2,1,1,1,13,0.46716497926167183,0.3546224645290396,0.631009578704834,0.08741950988769531
500,4.0,8,2,1,1,1,14,0.4909604393683087,0.400043562337998,0.6132571697235107,0.08342194557189941
500,4.0,8,2,1,1,1,15,0.5334680500183387,0.36244957324592053,0.6348056793212891,0.1416947841644287
500,4.0,8,2,1,1,1,16,0.5282504067764799,0.3317951968391626,0.5951483249664307,0.10536980628967285
500,4.0,8,2,1,1,1,17,0.46608557799178457,0.39470415028987793,0.7718093395233154,0.10060644149780273
500,4.0,8,2,1,1,1,18,0.5142321763683323,0.33676609450611356,0.6416301727294922,0.08848929405212402
500,4.0,8,2,1,1,1,19,0.4557875015242296,0.36707239323920726,0.6226387023925781,0.0945897102355957
500,4.0,8,2,1,1,1,20,0.5538677923248951,0.4048787529232998,0.5806608200073242,0.09758663177490234
500,4.0,8,2,1,1,1,21,0.5486928249844031,0.3611655912106766,0.5793216228485107,0.08249568939208984
500,4.0,8,2,1,1,1,22,0.510343389550543,0.37840277928931815,0.6427028179168701,0.15157318115234375
500,4.0,8,2,1,1,1,23,0.43498308697229643,0.3767554659689156,0.707822322845459,0.09208035469055176
500,4.0,8,2,1,1,1,24,0.44475136467310367,0.3333424771243167,0.5664951801300049,0.09248757362365723
500,4.2,8,2,1,1,1,0,0.5216030231781418,0.36349457351287845,0.6213967800140381,0.09907698631286621
500,4.2,8,2,1,1,1,1,0.6081183610647849,0.3382918096095663,0.5885300636291504,0.11219620704650879
500,4.2,8,2,1,1,1,2,0.48074704019965797,0.44652917567726824,0.6990659236907959,0.1570117473602295
500,4.2,8,2,1,1,1,3,0.4895196244092576,0.4528607570433391,0.6400682926177979,0.08944058418273926
500,4.2,8,2,1,1,1,4,0.5248125104719799,0.3708216408334833,0.6571154594421387,0.08644866943359375
500,4.2,8,2,1,1,1,5,0.5565088928701406,0.3459687975871837,0.570624828338623,0.10267448425292969
500,4.2,8,2,1,1,1,6,0.4553807930758729,0.3912675655320447,0.5962245464324951,0.1147909164428711
500,4.2,8,2,1,1,1,7,0.48419593463633404,0.39936003228408656,0.6749107837677002,0.1276540756225586
500,4.2,8,2,1,1,1,8,0.5396376325883259,0.5506135303762141,0.7366421222686768,0.1154630184173584
500,4.2,8,2,1,1,1,9,0.44648810351063456,0.4066116839685806,0.6515326499938965,0.10086441040039062
500,4.2,8,2,1,1,1,10,0.5094281610959097,0.3450481443235684,0.5845563411712646,0.09445714950561523
500,4.2,8,2,1,1,1,11,0.5409303913189192,0.3775827345861184,0.5618646144866943,0.1015784740447998
500,4.2,8,2,1,1,1,12,0.4541868640382336,0.3853021222972873,0.5983443260192871,0.10232973098754883
500,4.2,8,2,1,1,1,13,0.5459735023270694,0.37791373442909765,0.7282669544219971,0.14786171913146973
500,4.2,8,2,1,1,1,14,0.5283069075886773,0.32567703906814166,0.6167216300964355,0.08954668045043945
500,4.2,8,2,1,1,1,15,0.5424414018722225,0.4688963335725364,0.5953595638275146,0.0963442325592041
500,4.2,8,2,1,1,1,16,0.5224078895308273,0.40214310656048313,0.5598061084747314,0.0865776538848877
500,4.2,8,2,1,1,1,17,0.5222187900455263,0.4010285480864836,0.7121729850769043,0.10032439231872559
500,4.2,8,2,1,1,1,18,0.5317034331003908,0.5116969814766777,0.7305400371551514,0.1502823829650879
500,4.2,8,2,1,1,1,19,0.5062482950347078,0.3926370048249977,0.6014759540557861,0.09311056137084961
500,4.2,8,2,1,1,1,20,0.4991209828654531,0.3450762524123313,0.5549366474151611,0.0984346866607666
500,4.2,8,2,1,1,1,21,0.6413045387727873,0.39029740586995876,0.596066951751709,0.12755513191223145
500,4.2,8,2,1,1,1,22,0.46824605863838153,0.4135487263778984,0.7649149894714355,0.11995387077331543
500,4.2,8,2,1,1,1,23,0.5176243182036588,0.3509213755642246,0.7495808601379395,0.12095069885253906
500,4.2,8,2,1,1,1,24,0.5273466369449801,0.37771722208366515,0.6114814281463623,0.08805465698242188
500,4.4,8,2,1,1,1,0,0.5303900170460774,0.47490986294916604,0.6312253475189209,0.09853196144104004
500,4.4,8,2,1,1,1,1,0.5814221746091017,0.4264583080919569,0.6023368835449219,0.08594608306884766
500,4.4,8,2,1,1,1,2,0.519937211847677,0.45822996135289285,0.644611120223999,0.0830237865447998
500,4.4,8,2,1,1,1,3,0.48902557256235374,0.4809421417647592,0.7474403381347656,0.1529543399810791
500,4.4,8,2,1,1,1,4,0.5095798858697839,0.3334895954747047,0.5848562717437744,0.09853672981262207
500,4.4,8,2,1,1,1,5,0.48888852652365766,0.41468166313545596,0.5812966823577881,0.1185297966003418
500,4.4,8,2,1,1,1,6,0.5147650814564396,0.3649746868819547,0.5478591918945312,0.11195635795593262
500,4.4,8,2,1,1,1,7,0.4994278338886859,0.44179746336175674,0.599625825881958,0.08393359184265137
500,4.4,8,2,1,1,1,8,0.5774147990103711,0.405466868272391,0.6900889873504639,0.14199423789978027
500,4.4,8,2,1,1,1,9,0.5071533379542695,0.4563694771307559,0.5939943790435791,0.09541797637939453
500,4.4,8,2,1,1,1,10,0.4761653575335006,0.37766852185922645,0.6308445930480957,0.08208656311035156
500,4.4,8,2,1,1,1,11,0.5786302807826952,0.39757663878812083,0.5460655689239502,0.09505033493041992
500,4.4,8,2,1,1,1,12,0.573038616114173,0.3925555519981559,0.5310113430023193,0.09194207191467285
500,4.4,8,2,1,1,1,13,0.5070950222662151,0.36519630436821104,0.5901100635528564,0.08140683174133301
500,4.4,8,2,1,1,1,14,0.5422450064354327,0.49066737649008846,0.6757876873016357,0.13151788711547852
500,4.4,8,2,1,1,1,15,0.46552343503005955,0.3947974321865341,0.5764243602752686,0.10158038139343262
500,4.4,8,2,1,1,1,16,0.47837689006108763,0.3728751652196014,0.695366382598877,0.13153457641601562
500,4.4,8,2,1,1,1,17,0.5610862522493261,0.5605393656499212,0.6291747093200684,0.08349609375
500,4.4,8,2,1,1,1,18,0.4562830112282704,0.511885147772982,0.6560220718383789,0.11344766616821289
500,4.4,8,2,1,1,1,19,0.5684875609175303,0.3896735848176176,0.721576452255249,0.14403438568115234
500,4.4,8,2,1,1,1,20,0.4381811726104985,0.39771112597834507,0.5856740474700928,0.11146283149719238
500,4.4,8,2,1,1,1,21,0.5225177324613537,0.4147696308128933,0.6016061305999756,0.1034247875213623
500,4.4,8,2,1,1,1,22,0.5112002089633723,0.38485604051741473,0.5640878677368164,0.10953330993652344
500,4.4,8,2,1,1,1,23,0.5054725160352577,0.44362906127661184,0.5779407024383545,0.12414765357971191
500,4.4,8,2,1,1,1,24,0.49754176195252475,0.37130780254244966,0.6736927032470703,0.1340620517730713
500,4.6000000000000005,8,2,1,1,1,0,0.49666351580428947,0.36600547645307385,0.6907458305358887,0.09752345085144043
500,4.6000000000000005,8,2,1,1,1,1,0.522928646949402,0.3876170968213242,0.7708659172058105,0.13709068298339844
500,4.6000000000000005,8,2,1,1,1,2,0.5421927351605201,0.5071389660181621,0.5502128601074219,0.1021733283996582
500,4.6000000000000005,8,2,1,1,1,3,0.5694966238470699,0.405850219296423,0.5855495929718018,0.11981010437011719
500,4.6000000000000005,8,2,1,1,1,4,0.5061009136207089,0.4021092502999397,0.6360387802124023,0.11223363876342773
500,4.6000000000000005,8,2,1,1,1,5,0.586455500166514,0.48714618332675663,0.7113981246948242,0.11458349227905273
500,4.6000000000000005,8,2,1,1,1,6,0.573699786126745,0.3704447606890328,0.5777370929718018,0.11139631271362305
500,4.6000000000000005,8,2,1,1,1,7,0.49653289773162085,0.39535030215255623,0.551929235458374,0.11465573310852051
500,4.6000000000000005,8,2,1,1,1,8,0.49311805190380553,0.3702542814671922,0.5720386505126953,0.14376330375671387
500,4.6000000000000005,8,2,1,1,1,9,0.6374513905801988,0.48502447407472116,0.6011347770690918,0.09323406219482422
500,4.6000000000000005,8,2,1,1,1,10,0.7275266444374764,0.40899397989022945,0.6818954944610596,0.12383127212524414
500,4.6000000000000005,8,2,1,1,1,11,0.6190155157962957,0.4407103343346327,0.661151647567749,0.10941123962402344
500,4.6000000000000005,8,2,1,1,1,12,0.5779801501101923,0.39353514633456343,0.5740611553192139,0.07973504066467285
500,4.6000000000000005,8,2,1,1,1,13,0.602058850795124,0.42156020209115047,0.5952939987182617,0.07642507553100586
500,4.6000000000000005,8,2,1,1,1,14,0.5581038102973754,0.4107995054485324,0.585071325302124,0.08096551895141602
500,4.6000000000000005,8,2,1,1,1,15,0.48454309461279893,0.33684103939294135,0.7588798999786377,0.11763930320739746
500,4.6000000000000005,8,2,1,1,1,16,0.5732715419018924,0.38594350770608626,0.5532691478729248,0.09286713600158691
500,4.6000000000000005,8,2,1,1,1,17,0.583472188133537,0.422532518242493,0.5221860408782959,0.0866551399230957
500,4.6000000000000005,8,2,1,1,1,18,0.5022738435375574,0.43525031519324603,0.5564002990722656,0.10493659973144531
500,4.6000000000000005,8,2,1,1,1,19,0.5508200985762509,0.3641596437869746,0.5628335475921631,0.1224210262298584
500,4.6000000000000005,8,2,1,1,1,20,0.5580754419428121,0.4595979624059306,0.6928234100341797,0.12152361869812012
500,4.6000000000000005,8,2,1,1,1,21,0.602721660494137,0.3663042185384845,0.7668249607086182,0.11865854263305664
500,4.6000000000000005,8,2,1,1,1,22,0.5668797954032572,0.40425363561716543,0.6091396808624268,0.10004377365112305
500,4.6000000000000005,8,2,1,1,1,23,0.5136267630645933,0.4486022935919011,0.6279921531677246,0.08868646621704102
500,4.6000000000000005,8,2,1,1,1,24,0.5347955624767116,0.45013420021373,0.5445489883422852,0.10482001304626465
500,4.800000000000001,8,2,1,1,1,0,0.6512651800067434,0.4165527122919055,0.5641610622406006,0.11583065986633301
500,4.800000000000001,8,2,1,1,1,1,0.6200551507232047,0.3609479772997119,0.7318272590637207,0.12705230712890625
500,4.800000000000001,8,2,1,1,1,2,0.5659278837905451,0.47875822825045045,0.643444299697876,0.09926104545593262
500,4.800000000000001,8,2,1,1,1,3,0.5291535176023968,0.42629308175281844,0.5710408687591553,0.08005142211914062
500,4.800000000000001,8,2,1,1,1,4,0.5561495918914418,0.37043392715269485,0.5523622035980225,0.09903335571289062
500,4.800000000000001,8,2,1,1,1,5,0.5455465907219295,0.3707398317944835,0.6111071109771729,0.08556199073791504
500,4.800000000000001,8,2,1,1,1,6,0.546533866509324,0.3916632862386723,0.7717885971069336,0.1626577377319336
500,4.800000000000001,8,2,1,1,1,7,0.6939781195896584,0.3726907539412946,0.6074264049530029,0.10832452774047852
500,4.800000000000001,8,2,1,1,1,8,0.7587802772968418,0.4503951735313506,0.5764150619506836,0.11540460586547852
500,4.800000000000001,8,2,1,1,1,9,0.5534286601013739,0.4177163510847612,0.6039037704467773,0.10966730117797852
500,4.800000000000001,8,2,1,1,1,10,0.6708550229287015,0.4566844874886587,0.5514822006225586,0.10499429702758789
500,4.800000000000001,8,2,1,1,1,11,0.5959173330197243,0.4418271857951193,0.7185726165771484,0.14804363250732422
500,4.800000000000001,8,2,1,1,1,12,0.6008483244426491,0.388399894698772,0.5882899761199951,0.10053133964538574
500,4.800000000000001,8,2,1,1,1,13,0.5098738185996955,0.44629773037626275,0.5793037414550781,0.09245586395263672
500,4.800000000000001,8,2,1,1,1,14,0.5654479318831778,0.4800888407699125,0.5507135391235352,0.0925137996673584
500,4.800000000000001,8,2,1,1,1,15,0.5536889175519282,0.5315853967354173,0.6093032360076904,0.12999916076660156
500,4.800000000000001,8,2,1,1,1,16,0.5638808795957807,0.4674624078183373,0.7026023864746094,0.12753844261169434
500,4.800000000000001,8,2,1,1,1,17,0.5380151767396308,0.4764863102171962,0.7152330875396729,0.12154316902160645
500,4.800000000000001,8,2,1,1,1,18,0.6163113875493446,0.396942965805649,0.6010055541992188,0.09743380546569824
500,4.800000000000001,8,2,1,1,1,19,0.5324810275224189,0.5896278187178687,0.573157548904419,0.09642314910888672
500,4.800000000000001,8,2,1,1,1,20,0.626524403634627,0.42935916855316336,0.5763871669769287,0.12743902206420898
500,4.800000000000001,8,2,1,1,1,21,0.621187481671236,0.49278411537593564,0.5698325634002686,0.12241482734680176
500,4.800000000000001,8,2,1,1,1,22,0.5521244602842168,0.4158475482892252,0.6836745738983154,0.11899328231811523
500,4.800000000000001,8,2,1,1,1,23,0.519683381115963,0.37987290827254216,0.6345615386962891,0.11260843276977539
500,4.800000000000001,8,2,1,1,1,24,0.6687626159748206,0.4655416984526063,0.614112138748169,0.09242963790893555
500,5.0,8,2,1,1,1,0,0.6385010281315947,0.4115712184670373,0.6305351257324219,0.1203925609588623
500,5.0,8,2,1,1,1,1,0.5644048812651628,0.4417097227166803,0.7460312843322754,0.12865853309631348
500,5.0,8,2,1,1,1,2,0.5310143584163987,0.4795243019203429,0.7018470764160156,0.14257550239562988
500,5.0,8,2,1,1,1,3,0.615012147459392,0.47818121157927856,0.5903306007385254,0.11599206924438477
500,5.0,8,2,1,1,1,4,0.5499005905771962,0.4543830733167735,0.5904417037963867,0.09677267074584961
500,5.0,8,2,1,1,1,5,0.6045271048428611,0.4408523613097599,0.6279680728912354,0.125993013381958
500,5.0,8,2,1,1,1,6,0.5575948883270807,0.45435817937519146,0.662423849105835,0.10404682159423828
500,5.0,8,2,1,1,1,7,0.5987025415821864,0.43492851268346977,0.7072889804840088,0.1683976650238037
500,5.0,8,2,1,1,1,8,0.6506171137483567,0.47506837315343464,0.6080365180969238,0.10753130912780762
500,5.0,8,2,1,1,1,9,0.6628287329064948,0.4593131900020156,0.6024885177612305,0.10304927825927734
500,5.0,8,2,1,1,1,10,0.5830274802425279,0.44733881458740204,0.5943899154663086,0.10643982887268066
500,5.0,8,2,1,1,1,11,0.5258853914194844,0.3740660619601902,0.6171348094940186,0.10823416709899902
500,5.0,8,2,1,1,1,12,0.5731582919022344,0.5137402532162886,0.6547737121582031,0.131544828414917
500,5.0,8,2,1,1,1,13,0.5846661406691165,0.4656418444144832,0.5705630779266357,0.11251449584960938
500,5.0,8,2,1,1,1,14,0.6006496488763898,0.4043697693508505,0.6307218074798584,0.0853729248046875
500,5.0,8,2,1,1,1,15,0.6416352584036734,0.47000997036806713,0.5518317222595215,0.07931876182556152
500,5.0,8,2,1,1,1,16,0.5765243948458953,0.45007139315965133,0.5708563327789307,0.1061098575592041
500,5.0,8,2,1,1,1,17,0.5793948596897517,0.4139134244935318,0.584465503692627,0.0975179672241211
500,5.0,8,2,1,1,1,18,0.6196183635602798,0.44886548046548636,0.7854468822479248,0.1239473819732666
500,5.0,8,2,1,1,1,19,0.547090281615882,0.42398020658143926,0.6079587936401367,0.12961459159851074
500,5.0,8,2,1,1,1,20,0.5755827640540874,0.36361532674692043,0.6721580028533936,0.14008855819702148
500,5.0,8,2,1,1,1,21,0.6227522668585418,0.3771322513444953,0.6059715747833252,0.1046135425567627
500,5.0,8,2,1,1,1,22,0.6087184514889497,0.4905908799121137,0.6414651870727539,0.14186382293701172
500,5.0,8,2,1,1,1,23,0.6465059228666861,0.42366581494249783,0.7033085823059082,0.1133110523223877
500,5.0,8,2,1,1,1,24,0.6207764911268163,0.5034312316093985,0.5842621326446533,0.0974738597869873
500,5.2,8,2,1,1,1,0,0.6591787179863268,0.4750383564068055,0.6891202926635742,0.1466536521911621
500,5.2,8,2,1,1,1,1,0.6638032167399651,0.4375840364302811,0.5739994049072266,0.11052083969116211
500,5.2,8,2,1,1,1,2,0.5859889304812813,0.5148488624572097,0.5518431663513184,0.14145183563232422
500,5.2,8,2,1,1,1,3,0.7263552291651978,0.3987301807615262,0.723503828048706,0.11519002914428711
500,5.2,8,2,1,1,1,4,0.6162048119104112,0.49275992325207035,0.5965967178344727,0.12043642997741699
500,5.2,8,2,1,1,1,5,0.5952223692836518,0.488541060007489,0.6338565349578857,0.09542131423950195
500,5.2,8,2,1,1,1,6,0.6445034379789603,0.4617298153249709,0.5934891700744629,0.09090471267700195
500,5.2,8,2,1,1,1,7,0.6766893716668901,0.4227313175299898,0.5654864311218262,0.08965063095092773
500,5.2,8,2,1,1,1,8,0.5769673670859176,0.41091559719271314,0.7232825756072998,0.1384437084197998
500,5.2,8,2,1,1,1,9,0.6419569653689852,0.4504525662387029,0.5515134334564209,0.10052084922790527
500,5.2,8,2,1,1,1,10,0.6562730036907232,0.4740471337289817,0.554858922958374,0.1010904312133789
500,5.2,8,2,1,1,1,11,0.544100539344812,0.44644553181166563,0.6087772846221924,0.08986186981201172
500,5.2,8,2,1,1,1,12,0.7564640947178842,0.4808397344435231,0.583996057510376,0.12655925750732422
500,5.2,8,2,1,1,1,13,0.5696340022317458,0.4789037537781447,0.6700112819671631,0.12551069259643555
500,5.2,8,2,1,1,1,14,0.5514319905414741,0.42468859433526673,0.6914503574371338,0.1325695514678955
500,5.2,8,2,1,1,1,15,0.6154399787096715,0.40872605938499174,0.7186634540557861,0.12681031227111816
500,5.2,8,2,1,1,1,16,0.627849547544349,0.4473216072623433,0.5856568813323975,0.10880279541015625
500,5.2,8,2,1,1,1,17,0.6556509710571173,0.4333162682216827,0.6282205581665039,0.09101605415344238
500,5.2,8,2,1,1,1,18,0.7183155635889513,0.46244405371556385,0.6018853187561035,0.11149764060974121
500,5.2,8,2,1,1,1,19,0.6296349759934499,0.4387372277032741,0.7207467555999756,0.1276543140411377
500,5.2,8,2,1,1,1,20,0.7372061261267452,0.42936584581008985,0.577052116394043,0.10544967651367188
500,5.2,8,2,1,1,1,21,0.5893560005064531,0.39825750590772657,0.5790836811065674,0.10759210586547852
500,5.2,8,2,1,1,1,22,0.8085054384598794,0.4691971571032569,0.5497219562530518,0.11010265350341797
500,5.2,8,2,1,1,1,23,0.6064536742960286,0.4203242808021721,0.5861332416534424,0.11462664604187012
500,5.2,8,2,1,1,1,24,0.6255513849160905,0.3956070565504527,0.7282352447509766,0.13127636909484863
500,5.4,8,2,1,1,1,0,0.6570906586064408,0.4604211709755837,0.5424480438232422,0.09880495071411133
500,5.4,8,2,1,1,1,1,0.723166756848738,0.42506203988592395,0.5743319988250732,0.1004328727722168
500,5.4,8,2,1,1,1,2,0.6422317062580989,0.49438176272068896,0.6547455787658691,0.09927892684936523
500,5.4,8,2,1,1,1,3,0.6349344237892678,0.48593696545896414,0.5578305721282959,0.07391810417175293
500,5.4,8,2,1,1,1,4,0.7850897725886741,0.4277248725063746,0.6215674877166748,0.10452628135681152
500,5.4,8,2,1,1,1,5,0.7504730505665004,0.3918141103688366,0.635216236114502,0.11550354957580566
500,5.4,8,2,1,1,1,6,0.6030687391743597,0.49106117007470806,0.509392261505127,0.09644651412963867
500,5.4,8,2,1,1,1,7,0.6735506077205361,0.48832544438155917,0.5723958015441895,0.09196829795837402
500,5.4,8,2,1,1,1,8,0.7179553932225162,0.4659016577113338,0.6030690670013428,0.09648799896240234
500,5.4,8,2,1,1,1,9,0.6594061868398581,0.5094821184625231,0.6162352561950684,0.0820167064666748
500,5.4,8,2,1,1,1,10,0.6912904071564172,0.5395492285874388,0.8918650150299072,0.14405536651611328
500,5.4,8,2,1,1,1,11,0.7631615380900655,0.447744770830121,0.7890372276306152,0.06865215301513672
500,5.4,8,2,1,1,1,12,0.6165001771753087,0.5364603745783949,0.5664393901824951,0.11815333366394043
500,5.4,8,2,1,1,1,13,0.6738341701191053,0.5004747241085619,0.6062328815460205,0.09255170822143555
500,5.4,8,2,1,1,1,14,0.6789390275840108,0.46486746509591614,0.5846092700958252,0.09653139114379883
500,5.4,8,2,1,1,1,15,0.6049713419730737,0.426564120538558,0.6961562633514404,0.12752771377563477
500,5.4,8,2,1,1,1,16,0.6744729502801508,0.4956202921990747,0.5653579235076904,0.10951495170593262
500,5.4,8,2,1,1,1,17,0.6958702701245825,0.45629842274870713,0.5784356594085693,0.09804749488830566
500,5.4,8,2,1,1,1,18,0.5240613890965283,0.45287890382189155,0.5662970542907715,0.13598227500915527
500,5.4,8,2,1,1,1,19,0.6439835617715559,0.41906210036586017,0.5885164737701416,0.09942173957824707
500,5.4,8,2,1,1,1,20,0.7034986102847477,0.7085610723690576,0.6277167797088623,0.10640954971313477
500,5.4,8,2,1,1,1,21,0.5841453573731505,0.44933544913513346,0.7108075618743896,0.13553476333618164
500,5.4,8,2,1,1,1,22,0.5974428559368363,0.37151435714384884,0.5880763530731201,0.11476516723632812
500,5.4,8,2,1,1,1,23,0.6038640414467435,0.446720357325528,0.5825784206390381,0.12051129341125488
500,5.4,8,2,1,1,1,24,0.665776065681681,0.370169563365892,0.6665117740631104,0.13904309272766113
500,5.6000000000000005,8,2,1,1,1,0,0.603177086694494,0.5193450156932267,0.6911346912384033,0.10740876197814941
500,5.6000000000000005,8,2,1,1,1,1,0.6365748635424117,0.45804824400786553,0.7531464099884033,0.12453937530517578
500,5.6000000000000005,8,2,1,1,1,2,0.6261153408236301,0.5051659882676389,0.5634253025054932,0.09733748435974121
500,5.6000000000000005,8,2,1,1,1,3,0.630411245730264,0.4680174975097919,0.6382961273193359,0.09851646423339844
500,5.6000000000000005,8,2,1,1,1,4,0.5779742252000812,0.4644085554332295,0.6394593715667725,0.1300971508026123
500,5.6000000000000005,8,2,1,1,1,5,0.5674143958360267,0.555417295927676,0.6428096294403076,0.11085939407348633
500,5.6000000000000005,8,2,1,1,1,6,0.7950279675153397,0.5359624710938883,0.6529860496520996,0.1445317268371582
500,5.6000000000000005,8,2,1,1,1,7,0.7708015614670691,0.539488255394341,0.5832302570343018,0.10254263877868652
500,5.6000000000000005,8,2,1,1,1,8,0.7437522167091714,0.531466952833221,0.5302989482879639,0.0965118408203125
500,5.6000000000000005,8,2,1,1,1,9,0.697292091751939,0.4734888858212309,0.564523458480835,0.0779109001159668
500,5.6000000000000005,8,2,1,1,1,10,0.7816812648617778,0.39066025199972354,0.5762410163879395,0.10923385620117188
500,5.6000000000000005,8,2,1,1,1,11,0.8000173001265184,0.5724231041289473,0.6003916263580322,0.09653544425964355
500,5.6000000000000005,8,2,1,1,1,12,0.6314389844254561,0.4868715045742973,0.7255256175994873,0.09998297691345215
500,5.6000000000000005,8,2,1,1,1,13,0.5736432822961036,0.5517599246185758,0.5573644638061523,0.09306812286376953
500,5.6000000000000005,8,2,1,1,1,14,0.7719034550076456,0.47731722484001804,0.7334091663360596,0.14153289794921875
500,5.6000000000000005,8,2,1,1,1,15,0.7251620724486094,0.47299421858858165,0.6115109920501709,0.11347293853759766
500,5.6000000000000005,8,2,1,1,1,16,0.5741319354845383,0.4214652426935657,0.585787296295166,0.11254119873046875
500,5.6000000000000005,8,2,1,1,1,17,0.6797721032514864,0.5407000701350094,0.7285130023956299,0.1301889419555664
500,5.6000000000000005,8,2,1,1,1,18,0.7295597236899244,0.454732359643008,0.6841742992401123,0.10559654235839844
500,5.6000000000000005,8,2,1,1,1,19,0.611564011400992,0.5158514443481698,0.6115758419036865,0.08081293106079102
500,5.6000000000000005,8,2,1,1,1,20,0.6533752043090683,0.509383290464023,0.5719678401947021,0.11635112762451172
500,5.6000000000000005,8,2,1,1,1,21,0.6616084297713748,0.6342766106111568,0.5577948093414307,0.09837794303894043
500,5.6000000000000005,8,2,1,1,1,22,0.6164585490304022,0.5703136596288175,0.6862282752990723,0.1293637752532959
500,5.6000000000000005,8,2,1,1,1,23,0.7871812061905274,0.5542492998183403,0.5824048519134521,0.12084364891052246
500,5.6000000000000005,8,2,1,1,1,24,0.7063447073457316,0.5506921692881473,0.6789050102233887,0.1565694808959961
500,5.800000000000001,8,2,1,1,1,0,0.6881254532616212,0.4846033112169619,0.6767723560333252,0.11652469635009766
500,5.800000000000001,8,2,1,1,1,1,0.8333921464536697,0.49868408394501573,0.559969425201416,0.11533308029174805
500,5.800000000000001,8,2,1,1,1,2,0.7567836614778131,0.5773864635132981,0.76853346824646,0.1344311237335205
500,5.800000000000001,8,2,1,1,1,3,0.7724219557771644,0.4973896617140188,0.6003541946411133,0.12513995170593262
500,5.800000000000001,8,2,1,1,1,4,0.730349334070017,0.5081060855252645,0.617840051651001,0.09744930267333984
500,5.800000000000001,8,2,1,1,1,5,0.768066885608089,0.567199649214726,0.5906064510345459,0.09694361686706543
500,5.800000000000001,8,2,1,1,1,6,0.7223411262344502,0.5680714609606675,0.6139545440673828,0.09990072250366211
500,5.800000000000001,8,2,1,1,1,7,0.6488194701571615,0.5170160572299217,0.7561488151550293,0.12351393699645996
500,5.800000000000001,8,2,1,1,1,8,0.7187937073584016,0.548491854363009,0.5977411270141602,0.1382458209991455
500,5.800000000000001,8,2,1,1,1,9,0.6636108218858259,0.5854193601399991,0.6140589714050293,0.10415148735046387
500,5.800000000000001,8,2,1,1,1,10,0.6609027858710785,0.4555355330534867,0.6663057804107666,0.09944939613342285
500,5.800000000000001,8,2,1,1,1,11,0.7384233118187787,0.4999871116840319,0.6169302463531494,0.08707761764526367
500,5.800000000000001,8,2,1,1,1,12,0.7334797351980814,0.5009132547351528,0.7511796951293945,0.12566113471984863
500,5.800000000000001,8,2,1,1,1,13,0.711540155505921,0.465381532347613,0.6843409538269043,0.09416770935058594
500,5.800000000000001,8,2,1,1,1,14,0.6701815623780149,0.6197778199938108,0.6040253639221191,0.08821749687194824
500,5.800000000000001,8,2,1,1,1,15,0.727945004759289,0.4307131917146857,0.5734162330627441,0.07966780662536621
500,5.800000000000001,8,2,1,1,1,16,0.6551558242876993,0.513461988994653,0.6989576816558838,0.09445333480834961
500,5.800000000000001,8,2,1,1,1,17,0.6385350816060912,0.6814827350195529,0.7082071304321289,0.13415837287902832
500,5.800000000000001,8,2,1,1,1,18,0.7283396449182097,0.5939148202341411,0.7436585426330566,0.13860201835632324
500,5.800000000000001,8,2,1,1,1,19,0.6837098415063501,0.44630423861507357,0.668837308883667,0.10046982765197754
500,5.800000000000001,8,2,1,1,1,20,0.6766478339386742,0.5624597099345344,0.5883986949920654,0.09993934631347656
500,5.800000000000001,8,2,1,1,1,21,0.7125407643508042,0.5752726532863168,0.6635401248931885,0.10375761985778809
500,5.800000000000001,8,2,1,1,1,22,0.70447053374216,0.4398277556880946,0.7689826488494873,0.12060356140136719
500,5.800000000000001,8,2,1,1,1,23,0.7024563617931339,0.4733004039748286,0.6294629573822021,0.09651660919189453
500,5.800000000000001,8,2,1,1,1,24,0.7436279106803019,0.3933112740792384,0.5928084850311279,0.08660149574279785
500,6.0,8,2,1,1,1,0,0.6593512192015484,0.5006939468094688,0.6585533618927002,0.1064903736114502
500,6.0,8,2,1,1,1,1,0.7094153830644233,0.5042215647510445,0.6287095546722412,0.08681035041809082
500,6.0,8,2,1,1,1,2,0.7434153754956205,0.6265929793338888,0.730602502822876,0.1514129638671875
500,6.0,8,2,1,1,1,3,0.6412383074075827,0.5313193321400642,0.602332592010498,0.09400081634521484
500,6.0,8,2,1,1,1,4,0.7169044694811578,0.688269243606697,0.6159911155700684,0.1117558479309082
500,6.0,8,2,1,1,1,5,0.8070346961770652,0.6485060443724852,0.6095144748687744,0.11665844917297363
500,6.0,8,2,1,1,1,6,0.8721188998053785,0.4860189433525436,0.5949342250823975,0.11259150505065918
500,6.0,8,2,1,1,1,7,0.7163565842891214,0.516410863005649,0.7242341041564941,0.12560653686523438
500,6.0,8,2,1,1,1,8,0.7206464115384602,0.4478163304997965,0.668956995010376,0.11915278434753418
500,6.0,8,2,1,1,1,9,0.7502908568508867,0.4336599995954015,0.5835437774658203,0.13121819496154785
500,6.0,8,2,1,1,1,10,0.728953273137837,0.6175731787237154,0.6326735019683838,0.09812569618225098
500,6.0,8,2,1,1,1,11,0.736336352038477,0.5055217053119241,0.561049222946167,0.09895920753479004
500,6.0,8,2,1,1,1,12,0.7788992157674319,0.4940928173970238,0.6770927906036377,0.16372919082641602
500,6.0,8,2,1,1,1,13,0.728405238520214,0.5298881231348122,0.6244184970855713,0.10670185089111328
500,6.0,8,2,1,1,1,14,0.7388265537986801,0.5997768255702122,0.5812568664550781,0.10558652877807617
500,6.0,8,2,1,1,1,15,0.8062055023311582,0.4979266823918472,0.5710391998291016,0.11093735694885254
500,6.0,8,2,1,1,1,16,0.727710215973242,0.5162946051815684,0.58905029296875,0.12248015403747559
500,6.0,8,2,1,1,1,17,0.6828013162246075,0.5180112227671889,0.6979784965515137,0.11241412162780762
500,6.0,8,2,1,1,1,18,0.8201271255969681,0.44768065480503344,0.696509599685669,0.10351085662841797
500,6.0,8,2,1,1,1,19,0.9434456197842289,0.5983575295153446,0.6500542163848877,0.1022043228149414
500,6.0,8,2,1,1,1,20,0.6893363740029548,0.4503512047785131,0.5523641109466553,0.1070094108581543
500,6.0,8,2,1,1,1,21,0.8244612777713768,0.5680934419988223,0.5760979652404785,0.10828995704650879
500,6.0,8,2,1,1,1,22,0.7721550497993557,0.5626762757097815,0.5925662517547607,0.09359192848205566
500,6.0,8,2,1,1,1,23,0.676698760053236,0.4764399314671183,0.7022712230682373,0.1320638656616211
500,6.0,8,2,1,1,1,24,0.828171584066719,0.49646999038868245,0.5977420806884766,0.11134481430053711
500,6.2,8,2,1,1,1,0,0.7201309329018714,0.7405040624463948,0.6091704368591309,0.09092593193054199
500,6.2,8,2,1,1,1,1,0.7317287678129453,0.6188081959984556,0.5874767303466797,0.08105635643005371
500,6.2,8,2,1,1,1,2,0.7472680180379386,0.4503169712329987,0.6644115447998047,0.11780285835266113
500,6.2,8,2,1,1,1,3,0.7973410022229315,0.487451306871757,0.7391600608825684,0.1293623447418213
500,6.2,8,2,1,1,1,4,0.8398036305536095,0.5499307017031575,0.6398179531097412,0.09924888610839844
500,6.2,8,2,1,1,1,5,0.8198439968295651,0.5001094371427759,0.5575695037841797,0.09346151351928711
500,6.2,8,2,1,1,1,6,0.8503739157485888,0.4672244363778776,0.588308572769165,0.1255948543548584
500,6.2,8,2,1,1,1,7,0.7887963759164666,0.5116647849098359,0.7346289157867432,0.12073731422424316
500,6.2,8,2,1,1,1,8,0.7381513242422818,0.47205080713434056,0.7370908260345459,0.11758685111999512
500,6.2,8,2,1,1,1,9,0.7974621435475704,0.5094190486732624,0.5515646934509277,0.08543515205383301
500,6.2,8,2,1,1,1,10,0.8662697922238494,0.48427181469360664,0.5459213256835938,0.11501049995422363
500,6.2,8,2,1,1,1,11,0.7678391953429341,0.5040619736706206,0.5785143375396729,0.09950065612792969
500,6.2,8,2,1,1,1,12,0.7704162788469188,0.5305732046141914,0.5808975696563721,0.10316967964172363
500,6.2,8,2,1,1,1,13,0.8475046876438064,0.5041777447747323,0.7307991981506348,0.1206367015838623
500,6.2,8,2,1,1,1,14,0.8235193860590199,0.7382889140975353,0.6226365566253662,0.11599016189575195
500,6.2,8,2,1,1,1,15,0.7613155116261696,0.47117088311848193,0.6491096019744873,0.0894768238067627
500,6.2,8,2,1,1,1,16,0.9399237643968699,0.5247378503428033,0.5609176158905029,0.08567452430725098
500,6.2,8,2,1,1,1,17,0.7154950027456318,0.5922201832610348,0.536980390548706,0.09205508232116699
500,6.2,8,2,1,1,1,18,0.8114290510415758,0.48006224039510703,0.5464577674865723,0.08108067512512207
500,6.2,8,2,1,1,1,19,0.7913617928041347,0.4598329771909725,0.7251362800598145,0.11690831184387207
500,6.2,8,2,1,1,1,20,0.7466279626724088,0.6681733692912485,0.5573973655700684,0.08527064323425293
500,6.2,8,2,1,1,1,21,0.7701575548209765,0.5152909317203392,0.5901589393615723,0.09247159957885742
500,6.2,8,2,1,1,1,22,0.9936595759439882,0.6809962057230544,0.6319561004638672,0.08736324310302734
500,6.2,8,2,1,1,1,23,0.7626205581967902,0.4497474836161852,0.6435098648071289,0.10800409317016602
500,6.2,8,2,1,1,1,24,1.0230192023901923,0.5294146688094402,0.7185428142547607,0.12062716484069824
500,6.4,8,2,1,1,1,0,0.7439673646657708,0.5741636815611038,0.5636937618255615,0.10133767127990723
500,6.4,8,2,1,1,1,1,0.7959791941055219,0.5540950408235675,0.7693846225738525,0.11866259574890137
500,6.4,8,2,1,1,1,2,0.816465843805855,0.5851932265155437,0.6750082969665527,0.09518074989318848
500,6.4,8,2,1,1,1,3,0.782570880048764,0.5728880802348694,0.6101710796356201,0.09828305244445801
500,6.4,8,2,1,1,1,4,0.7648649974165334,0.5819658564803634,0.7721941471099854,0.12873530387878418
500,6.4,8,2,1,1,1,5,0.8085086696375318,0.5764625816265245,0.5867128372192383,0.12427878379821777
500,6.4,8,2,1,1,1,6,1.481566525489529,0.5082156901593635,0.6016533374786377,0.10243463516235352
500,6.4,8,2,1,1,1,7,0.7523986437472496,0.4748792907215016,0.600944995880127,0.11452960968017578
500,6.4,8,2,1,1,1,8,0.8736585511122609,0.5845435432090375,0.6089341640472412,0.09962081909179688
500,6.4,8,2,1,1,1,9,0.7763840225049016,0.6019743739112055,0.7365682125091553,0.13796424865722656
500,6.4,8,2,1,1,1,10,0.8234009549697221,0.5548595767955694,0.5739419460296631,0.12584948539733887
500,6.4,8,2,1,1,1,11,0.7203166502876156,0.6876111530750942,0.5895485877990723,0.09963178634643555
500,6.4,8,2,1,1,1,12,0.7449833950026158,0.5999220041242156,0.5906407833099365,0.1125941276550293
500,6.4,8,2,1,1,1,13,0.7742438845159959,0.6113968589579077,0.5689418315887451,0.1208033561706543
500,6.4,8,2,1,1,1,14,0.8538178954211249,0.559471382251687,0.6556503772735596,0.12362861633300781
500,6.4,8,2,1,1,1,15,0.8018082655218947,0.6311061388678679,0.650658130645752,0.09038877487182617
500,6.4,8,2,1,1,1,16,0.7843664760960366,0.5550435213562048,0.6294412612915039,0.09321951866149902
500,6.4,8,2,1,1,1,17,0.9402778972550744,0.5360051122455545,0.5309116840362549,0.11465311050415039
500,6.4,8,2,1,1,1,18,0.9660247048885746,0.6299571303605761,0.5676941871643066,0.10294866561889648
500,6.4,8,2,1,1,1,19,0.6834112001650154,0.5351084571122094,0.5472724437713623,0.09836339950561523
500,6.4,8,2,1,1,1,20,0.7413693821544503,0.6825100390765748,0.6292550563812256,0.11179399490356445
500,6.4,8,2,1,1,1,21,0.8904496375428071,0.5070279150732543,0.7057149410247803,0.11104369163513184
500,6.4,8,2,1,1,1,22,0.7752164062243612,0.4709055247211092,0.557098388671875,0.09953904151916504
500,6.4,8,2,1,1,1,23,0.8423225854666992,0.6624524441378246,0.5249688625335693,0.10051536560058594
500,6.4,8,2,1,1,1,24,0.9262826368799496,0.5727511764335859,0.5418684482574463,0.12652993202209473
500,6.6000000000000005,8,2,1,1,1,0,0.8959088976351066,0.6016029908737981,0.6996200084686279,0.1209263801574707
500,6.6000000000000005,8,2,1,1,1,1,0.7678675714943001,0.6555370067855147,0.6344120502471924,0.1210489273071289
500,6.6000000000000005,8,2,1,1,1,2,0.8152937560118605,0.5961928554550417,0.6380226612091064,0.09351372718811035
500,6.6000000000000005,8,2,1,1,1,3,0.7332381823092929,0.495485752009947,0.6132159233093262,0.0852193832397461
500,6.6000000000000005,8,2,1,1,1,4,0.7706742786188693,0.5544589630582323,0.5981931686401367,0.10561108589172363
500,6.6000000000000005,8,2,1,1,1,5,0.7967826777869245,0.5639903741085622,0.6460402011871338,0.12927460670471191
500,6.6000000000000005,8,2,1,1,1,6,0.8301684704230097,0.5745357610375253,0.6986634731292725,0.12604093551635742
500,6.6000000000000005,8,2,1,1,1,7,0.8028888427261317,0.604880914579725,0.6842355728149414,0.10665726661682129
500,6.6000000000000005,8,2,1,1,1,8,0.7764331900856203,0.5398870769306383,0.5945234298706055,0.09844326972961426
500,6.6000000000000005,8,2,1,1,1,9,0.9188395406761778,0.4693738815892579,0.6100335121154785,0.08861088752746582
500,6.6000000000000005,8,2,1,1,1,10,0.7647572603403773,0.5372980224791516,0.6032915115356445,0.11764955520629883
500,6.6000000000000005,8,2,1,1,1,11,0.7159595719590516,0.6027240138017446,0.7069826126098633,0.14471817016601562
500,6.6000000000000005,8,2,1,1,1,12,1.016798195489362,0.4789671862598127,0.6341476440429688,0.0921163558959961
500,6.6000000000000005,8,2,1,1,1,13,0.7685759976655819,0.5272851237873925,0.6083195209503174,0.11468744277954102
500,6.6000000000000005,8,2,1,1,1,14,0.8711521011639174,0.593923445556309,0.6045019626617432,0.1235191822052002
500,6.6000000000000005,8,2,1,1,1,15,0.7365946183214953,0.5013456510686385,0.6888833045959473,0.11151838302612305
500,6.6000000000000005,8,2,1,1,1,16,0.8005615517487533,0.5878175665389368,0.8474023342132568,0.1571214199066162
500,6.6000000000000005,8,2,1,1,1,17,0.8335318813264285,0.612858441484237,0.6230247020721436,0.1055302619934082
500,6.6000000000000005,8,2,1,1,1,18,0.784074933685031,0.5903973909605316,0.6016120910644531,0.09796857833862305
500,6.6000000000000005,8,2,1,1,1,19,0.9701303596135445,0.5543695735282884,0.5790157318115234,0.11491966247558594
500,6.6000000000000005,8,2,1,1,1,20,0.9968562739053803,0.5470514515707879,0.5822443962097168,0.09368658065795898
500,6.6000000000000005,8,2,1,1,1,21,0.7753270341630015,0.5845053332681699,0.7157905101776123,0.134507417678833
500,6.6000000000000005,8,2,1,1,1,22,0.7334433988341342,0.5427794443149383,0.6728129386901855,0.09837746620178223
500,6.6000000000000005,8,2,1,1,1,23,0.8816217725971748,0.9361726382816853,0.6172981262207031,0.0879971981048584
500,6.6000000000000005,8,2,1,1,1,24,0.7360583269135493,0.5785240204590458,0.6590073108673096,0.08796381950378418
500,6.800000000000001,8,2,1,1,1,0,1.0662432945229783,0.7737677294481097,0.6178097724914551,0.08675861358642578
500,6.800000000000001,8,2,1,1,1,1,0.8872825809940245,0.5198521191463145,0.7637178897857666,0.12088871002197266
500,6.800000000000001,8,2,1,1,1,2,0.8256852750745899,0.5488810749742548,0.5999839305877686,0.10839533805847168
500,6.800000000000001,8,2,1,1,1,3,0.83480296413341,0.6095877266497334,0.6200580596923828,0.08875703811645508
500,6.800000000000001,8,2,1,1,1,4,0.8819283596128948,0.7900328558621685,0.6252071857452393,0.1139979362487793
500,6.800000000000001,8,2,1,1,1,5,1.0412917311699035,0.5134598469779439,0.6316611766815186,0.10694766044616699
500,6.800000000000001,8,2,1,1,1,6,0.8313834165203953,0.5770383643826011,0.7171769142150879,0.13309717178344727
500,6.800000000000001,8,2,1,1,1,7,0.9677545973230423,0.5312453083942267,0.6660282611846924,0.08616828918457031
500,6.800000000000001,8,2,1,1,1,8,2.1649787378990326,0.6520154775796699,0.5602455139160156,0.09647560119628906
500,6.800000000000001,8,2,1,1,1,9,0.7817642990324671,0.6611718494698804,0.6762454509735107,0.14072608947753906
500,6.800000000000001,8,2,1,1,1,10,0.7417875227595385,0.5591497545727856,0.7736165523529053,0.12110543251037598
500,6.800000000000001,8,2,1,1,1,11,0.8786960536182749,0.5082723562097884,0.7936537265777588,0.12959718704223633
500,6.800000000000001,8,2,1,1,1,12,0.8486174174490744,0.5571214535333485,0.6225080490112305,0.12935161590576172
500,6.800000000000001,8,2,1,1,1,13,0.826272349036596,0.6924934876400223,0.6136629581451416,0.10866427421569824
500,6.800000000000001,8,2,1,1,1,14,0.9121205035042658,0.5149496114859936,0.5994751453399658,0.11550045013427734
500,6.800000000000001,8,2,1,1,1,15,0.8726313683027433,0.7097931030391325,0.5848872661590576,0.10624098777770996
500,6.800000000000001,8,2,1,1,1,16,0.801460574587148,0.7453188166838498,0.7939713001251221,0.13164377212524414
500,6.800000000000001,8,2,1,1,1,17,0.9073073310083438,0.5896001538494419,0.6400191783905029,0.0876765251159668
500,6.800000000000001,8,2,1,1,1,18,0.8175224366471482,0.660461673954406,0.5870771408081055,0.10653376579284668
500,6.800000000000001,8,2,1,1,1,19,0.8865154082421804,0.5830052231310332,0.5949647426605225,0.0985562801361084
500,6.800000000000001,8,2,1,1,1,20,0.9069092711353682,0.6105058053865976,0.6360116004943848,0.1363363265991211
500,6.800000000000001,8,2,1,1,1,21,0.7548152385248095,0.5481236813633795,0.7458999156951904,0.14145970344543457
500,6.800000000000001,8,2,1,1,1,22,0.8260225773052754,0.4996834049640764,0.6307446956634521,0.1180570125579834
500,6.800000000000001,8,2,1,1,1,23,0.8578066446386736,0.5234044978488969,0.5713050365447998,0.11089110374450684
500,6.800000000000001,8,2,1,1,1,24,0.7849345931379308,0.557500280465213,0.5724184513092041,0.11149311065673828
500,7.0,8,2,1,1,1,0,0.877591416298736,0.7628156605643326,0.5574545860290527,0.10224294662475586
500,7.0,8,2,1,1,1,1,0.8322355657524383,0.5490080394573815,0.832134485244751,0.15287542343139648
500,7.0,8,2,1,1,1,2,0.8909693114741392,0.7430787750955303,0.675029993057251,0.10349702835083008
500,7.0,8,2,1,1,1,3,0.9076598851799035,0.6061796744566242,0.683082103729248,0.1275629997253418
500,7.0,8,2,1,1,1,4,1.201004071332777,0.5621607770929098,0.7604742050170898,0.13198280334472656
500,7.0,8,2,1,1,1,5,0.9292999398463365,1.029980939943689,0.5853667259216309,0.1075749397277832
500,7.0,8,2,1,1,1,6,1.028393729447922,0.4890807854560539,0.8198826313018799,0.11972355842590332
500,7.0,8,2,1,1,1,7,0.832680147102002,0.7663132907857931,0.6121420860290527,0.11966514587402344
500,7.0,8,2,1,1,1,8,0.8134477399708978,0.6021909477334185,0.6283206939697266,0.08849906921386719
500,7.0,8,2,1,1,1,9,0.774052208191042,0.4890566425629774,0.5829300880432129,0.11144661903381348
500,7.0,8,2,1,1,1,10,1.17299518202378,0.5046960544976402,0.5647842884063721,0.10951828956604004
500,7.0,8,2,1,1,1,11,0.9187412758015415,0.7173178912711772,0.6305825710296631,0.11998391151428223
500,7.0,8,2,1,1,1,12,0.8930586426567042,0.5001512435158642,0.7295722961425781,0.09877514839172363
500,7.0,8,2,1,1,1,13,0.960125003095926,0.5824580600314029,0.6560125350952148,0.09609055519104004
500,7.0,8,2,1,1,1,14,0.7535643232780402,0.6718053752710912,0.5683050155639648,0.0915215015411377
500,7.0,8,2,1,1,1,15,1.0283507070827016,0.7299837315354414,0.5915613174438477,0.11539411544799805
500,7.0,8,2,1,1,1,16,0.9691693933564415,0.5429488428010425,0.6660020351409912,0.09295058250427246
500,7.0,8,2,1,1,1,17,0.7974287778178597,0.6125290428619355,0.7212402820587158,0.1313323974609375
500,7.0,8,2,1,1,1,18,0.827209754490782,0.5750133851603872,0.6105914115905762,0.11505818367004395
500,7.0,8,2,1,1,1,19,1.0351548173061058,0.5786249649336205,0.6106705665588379,0.08949089050292969
500,7.0,8,2,1,1,1,20,0.8875427729073022,0.5420857671838102,0.5915682315826416,0.0926520824432373
500,7.0,8,2,1,1,1,21,0.8618590437893303,0.610404923628128,0.6619641780853271,0.13326239585876465
500,7.0,8,2,1,1,1,22,0.8291257556395104,0.5731987771265438,0.756324052810669,0.12325644493103027
500,7.0,8,2,1,1,1,23,0.9124908390229219,0.5664442292924265,0.7124454975128174,0.11821651458740234
500,7.0,8,2,1,1,1,24,0.9278200718603035,0.5816822354718256,0.604954719543457,0.1143033504486084
500,7.2,8,2,1,1,1,0,0.8880610878596416,0.6632073155440334,0.6010303497314453,0.09082460403442383
500,7.2,8,2,1,1,1,1,0.9543534519444865,0.7919837091491242,0.6716914176940918,0.08916187286376953
500,7.2,8,2,1,1,1,2,1.0611849238736653,0.6021981444787142,0.7863895893096924,0.1539018154144287
500,7.2,8,2,1,1,1,3,0.9864325825470628,1.0526347991317824,0.5806639194488525,0.10631966590881348
500,7.2,8,2,1,1,1,4,0.8843617665288224,0.7120583286964145,0.5958032608032227,0.10858917236328125
500,7.2,8,2,1,1,1,5,1.0716728032717133,0.6255700320290865,0.6023881435394287,0.10894370079040527
500,7.2,8,2,1,1,1,6,0.9753196738550063,0.7286370055452738,0.5977704524993896,0.10386824607849121
500,7.2,8,2,1,1,1,7,0.8689255769367104,0.5737324194332559,0.7628173828125,0.14101576805114746
500,7.2,8,2,1,1,1,8,1.0715313599423015,0.7022987340324074,0.6147987842559814,0.12028384208679199
500,7.2,8,2,1,1,1,9,1.0147791386756215,0.5216796947030453,0.6422758102416992,0.10646748542785645
500,7.2,8,2,1,1,1,10,0.9912318948200829,0.6519205642017041,0.6057415008544922,0.1055440902709961
500,7.2,8,2,1,1,1,11,0.9002785374582979,0.5594880360724499,0.5786285400390625,0.09473609924316406
500,7.2,8,2,1,1,1,12,0.8860707494922063,0.6346665153947856,0.6798875331878662,0.14894509315490723
500,7.2,8,2,1,1,1,13,0.793265030443422,0.6650139578066492,0.6711690425872803,0.09077143669128418
500,7.2,8,2,1,1,1,14,0.9207027402604019,0.6111499749935971,0.6941907405853271,0.13187551498413086
500,7.2,8,2,1,1,1,15,0.8959699737031457,0.6078743091957529,0.6056365966796875,0.10845732688903809
500,7.2,8,2,1,1,1,16,0.8909743286954146,0.6361416677170506,0.594144344329834,0.11039924621582031
500,7.2,8,2,1,1,1,17,1.0479888855980475,0.5872009398158705,0.6443641185760498,0.1429460048675537
500,7.2,8,2,1,1,1,18,0.9508706677699955,0.602640272848992,0.7294354438781738,0.11558341979980469
500,7.2,8,2,1,1,1,19,0.9336084330476986,0.5543858568235943,0.5688116550445557,0.0974574089050293
500,7.2,8,2,1,1,1,20,0.7622100100790532,0.6960039722789695,0.5999116897583008,0.11361122131347656
500,7.2,8,2,1,1,1,21,0.9517705847115676,0.6188648071456736,0.594639778137207,0.13545656204223633
500,7.2,8,2,1,1,1,22,0.8761236064813972,0.6465478899645339,0.8052692413330078,0.15167808532714844
500,7.2,8,2,1,1,1,23,0.937991508285573,0.5399377221719891,0.6820743083953857,0.08652448654174805
500,7.2,8,2,1,1,1,24,0.910416292895047,0.5856376713390077,0.5672788619995117,0.10312771797180176
500,7.4,8,2,1,1,1,0,0.9516156496261996,0.8509870472734454,0.5934596061706543,0.12496161460876465
500,7.4,8,2,1,1,1,1,1.0566812421461997,0.6245275578877004,0.6546065807342529,0.09651947021484375
500,7.4,8,2,1,1,1,2,2.827878960772942,0.8978183038251117,0.5975484848022461,0.11759018898010254
500,7.4,8,2,1,1,1,3,1.0892547758797197,0.6704682462599995,0.7569029331207275,0.13432097434997559
500,7.4,8,2,1,1,1,4,0.9993081113476692,0.6369675145911089,0.5811066627502441,0.09148216247558594
500,7.4,8,2,1,1,1,5,2.801515294007997,1.208481332402956,0.5415956974029541,0.12076163291931152
500,7.4,8,2,1,1,1,6,1.3873791130902389,0.7775084033853074,0.6259849071502686,0.09512639045715332
500,7.4,8,2,1,1,1,7,0.9558736204243589,0.7278857281767716,0.5391573905944824,0.1260073184967041
500,7.4,8,2,1,1,1,8,0.9736981980387656,0.9276348798702956,0.6894745826721191,0.11364626884460449
500,7.4,8,2,1,1,1,9,0.8552098334321891,0.7603883454386665,0.5262134075164795,0.08986592292785645
500,7.4,8,2,1,1,1,10,1.030533532135802,0.6256534163025241,0.47584033012390137,0.09150481224060059
500,7.4,8,2,1,1,1,11,0.914836271454635,0.589718769629633,0.4834592342376709,0.07899665832519531
500,7.4,8,2,1,1,1,12,0.976029824786178,0.5738908233726123,0.5589995384216309,0.11270833015441895
500,7.4,8,2,1,1,1,13,0.9344188683392275,0.5800449168398966,0.5642929077148438,0.1088104248046875
500,7.4,8,2,1,1,1,14,1.0737005187628499,0.9610695034823945,0.5932791233062744,0.12111139297485352
500,7.4,8,2,1,1,1,15,0.926970715386811,0.7617384661823404,0.5451312065124512,0.10051631927490234
500,7.4,8,2,1,1,1,16,0.817988688708567,0.6818262779788321,0.5359716415405273,0.09443926811218262
500,7.4,8,2,1,1,1,17,0.9737049707411647,0.7801827126859401,0.5533113479614258,0.08657097816467285
500,7.4,8,2,1,1,1,18,0.8778951573910779,0.5402476385328807,0.631087064743042,0.12631773948669434
500,7.4,8,2,1,1,1,19,2.2716808818787766,0.7236950882854855,0.7582082748413086,0.12263250350952148
500,7.4,8,2,1,1,1,20,0.9977004615753983,0.5952925068917316,0.6884891986846924,0.10054683685302734
500,7.4,8,2,1,1,1,21,0.8217139887343959,0.8468354619746529,0.6243934631347656,0.09752678871154785
500,7.4,8,2,1,1,1,22,1.1043481168880682,0.7748019599886529,0.5791895389556885,0.08502697944641113
500,7.4,8,2,1,1,1,23,1.0650244360382857,0.8135315878119668,0.6423509120941162,0.0948033332824707
500,7.4,8,2,1,1,1,24,0.9927192833217776,0.6032690346247799,0.7394344806671143,0.12440276145935059
500,7.6000000000000005,8,2,1,1,1,0,2.251415613030306,0.6647557154450104,0.6898267269134521,0.09966540336608887
500,7.6000000000000005,8,2,1,1,1,1,1.1222204091152195,0.7271658776489565,0.6555759906768799,0.10304546356201172
500,7.6000000000000005,8,2,1,1,1,2,0.8950806347467275,0.7931370611440502,0.590951681137085,0.11168813705444336
500,7.6000000000000005,8,2,1,1,1,3,0.9908282649943422,0.7922663463709624,0.6174418926239014,0.09718561172485352
500,7.6000000000000005,8,2,1,1,1,4,0.888227326959995,0.5410146651402887,0.6831512451171875,0.12259769439697266
500,7.6000000000000005,8,2,1,1,1,5,1.1477777182327729,0.619174913290459,0.6941540241241455,0.1058194637298584
500,7.6000000000000005,8,2,1,1,1,6,0.9579906308116126,0.674943207596669,0.5742850303649902,0.10988426208496094
500,7.6000000000000005,8,2,1,1,1,7,0.9866840415717155,0.6798726059841912,0.723289966583252,0.13110113143920898
500,7.6000000000000005,8,2,1,1,1,8,0.8975208197843803,0.9126581715316058,0.560187816619873,0.1120445728302002
500,7.6000000000000005,8,2,1,1,1,9,1.0454148841646926,0.8504299650510392,0.6303830146789551,0.13631939888000488
500,7.6000000000000005,8,2,1,1,1,10,0.9905576672552213,0.60981694720867,0.7124121189117432,0.15252447128295898
500,7.6000000000000005,8,2,1,1,1,11,0.9441874533449508,0.6392051010047504,0.6227686405181885,0.11655235290527344
500,7.6000000000000005,8,2,1,1,1,12,0.9810237527485802,1.0749112968415557,0.6054718494415283,0.10240793228149414
500,7.6000000000000005,8,2,1,1,1,13,1.0460616196170176,0.6147251537079342,0.5819559097290039,0.08806490898132324
500,7.6000000000000005,8,2,1,1,1,14,0.9029131982036636,0.7808670202895089,0.5796022415161133,0.1244204044342041
500,7.6000000000000005,8,2,1,1,1,15,0.9256483686305187,0.6416432186686165,0.7326898574829102,0.11815524101257324
500,7.6000000000000005,8,2,1,1,1,16,2.7277530923679194,0.6896657913644025,0.6589012145996094,0.10051083564758301
500,7.6000000000000005,8,2,1,1,1,17,1.0355386808270652,0.6940574348766075,0.6163678169250488,0.09413576126098633
500,7.6000000000000005,8,2,1,1,1,18,0.9533826632604951,0.6724538037546985,0.5885829925537109,0.08196020126342773
500,7.6000000000000005,8,2,1,1,1,19,2.186934046629679,0.9007553951217561,0.6385002136230469,0.10044550895690918
500,7.6000000000000005,8,2,1,1,1,20,0.9831352906631858,0.6159677903093155,0.6991753578186035,0.11697053909301758
500,7.6000000000000005,8,2,1,1,1,21,1.2026632796130436,0.6161665103770767,0.634979248046875,0.09305810928344727
500,7.6000000000000005,8,2,1,1,1,22,0.9817969226130157,0.6336024406731489,0.6151597499847412,0.09439349174499512
500,7.6000000000000005,8,2,1,1,1,23,0.8998875810882013,0.6922799822014627,0.5730454921722412,0.08284258842468262
500,7.6000000000000005,8,2,1,1,1,24,1.1124099425971663,0.7833838911581853,0.5910563468933105,0.09925413131713867
500,7.800000000000001,8,2,1,1,1,0,0.9559494634010722,0.6598046949971341,0.7625033855438232,0.1168365478515625
500,7.800000000000001,8,2,1,1,1,1,2.1319588878961384,0.6499718510627464,0.7366161346435547,0.14761948585510254
500,7.800000000000001,8,2,1,1,1,2,0.9555818913068046,0.6041773138282425,0.61191725730896,0.09488081932067871
500,7.800000000000001,8,2,1,1,1,3,2.5863582033217662,0.6734789848411765,0.5914123058319092,0.10361766815185547
500,7.800000000000001,8,2,1,1,1,4,2.405289397860573,0.6367140665406844,0.6344423294067383,0.09850788116455078
500,7.800000000000001,8,2,1,1,1,5,0.9730522567048793,0.7432571545690809,0.7750437259674072,0.13732671737670898
500,7.800000000000001,8,2,1,1,1,6,2.7872573434257553,1.9317605945744032,0.5947158336639404,0.11673116683959961
500,7.800000000000001,8,2,1,1,1,7,0.9540416838344506,0.8514787760581707,0.5787498950958252,0.0994720458984375
500,7.800000000000001,8,2,1,1,1,8,1.1385212782606495,0.6976940111728497,0.5703427791595459,0.1322007179260254
500,7.800000000000001,8,2,1,1,1,9,2.792480273821146,1.5724320603336948,0.608997106552124,0.10387587547302246
500,7.800000000000001,8,2,1,1,1,10,0.9292273958582861,0.6060261798658039,0.7596797943115234,0.12888598442077637
500,7.800000000000001,8,2,1,1,1,11,1.0599992297782719,0.5936419923997068,0.6582255363464355,0.10059285163879395
500,7.800000000000001,8,2,1,1,1,12,0.8861173354331947,0.7125919774160562,0.5970065593719482,0.09116029739379883
500,7.800000000000001,8,2,1,1,1,13,2.822221983118789,3.4968613886837026,0.5868082046508789,0.09250950813293457
500,7.800000000000001,8,2,1,1,1,14,1.0698537117671323,0.5881333393577907,0.6124691963195801,0.12090635299682617
500,7.800000000000001,8,2,1,1,1,15,1.0694652968474718,0.6044057113220643,0.7620284557342529,0.12627053260803223
500,7.800000000000001,8,2,1,1,1,16,0.9187760963260986,0.6903847755486343,0.6309671401977539,0.11761236190795898
500,7.800000000000001,8,2,1,1,1,17,0.9339760581078871,0.6871873053130712,0.6640715599060059,0.14444565773010254
500,7.800000000000001,8,2,1,1,1,18,0.980705839329606,0.8003319169940992,0.6163368225097656,0.11470746994018555
500,7.800000000000001,8,2,1,1,1,19,1.1773996871643453,0.5238900643635243,0.6125853061676025,0.09293961524963379
500,7.800000000000001,8,2,1,1,1,20,1.1111819635039166,0.6127625279343502,0.8891391754150391,0.1421339511871338
500,7.800000000000001,8,2,1,1,1,21,0.9101123790679999,0.6041416915005514,0.6777589321136475,0.10356569290161133
500,7.800000000000001,8,2,1,1,1,22,0.9200238170668178,0.6523928073605778,0.5830268859863281,0.11597752571105957
500,7.800000000000001,8,2,1,1,1,23,0.9623227154505288,0.6515938943508343,0.6291892528533936,0.09655570983886719
500,7.800000000000001,8,2,1,1,1,24,0.9688579799844417,0.625332509291408,0.5499792098999023,0.11147546768188477
500,8.0,8,2,1,1,1,0,2.109833681059028,1.2683281395961223,0.6815476417541504,0.1105966567993164
500,8.0,8,2,1,1,1,1,0.8886881556719971,0.6688232375604165,0.5812113285064697,0.08844876289367676
500,8.0,8,2,1,1,1,2,2.150225243314319,2.2512388255484095,0.5615627765655518,0.11131167411804199
500,8.0,8,2,1,1,1,3,0.889770175520649,0.8439607206667308,0.5495126247406006,0.11849594116210938
500,8.0,8,2,1,1,1,4,1.060972452307841,0.6704443672704368,0.5946037769317627,0.10154080390930176
500,8.0,8,2,1,1,1,5,1.0144383546796982,0.75184108909141,0.62188720703125,0.10395169258117676
500,8.0,8,2,1,1,1,6,1.014479715087728,0.700342252325477,0.706871509552002,0.13665294647216797
500,8.0,8,2,1,1,1,7,0.9558711256523087,0.6332572518852023,0.598956823348999,0.11265301704406738
500,8.0,8,2,1,1,1,8,1.058808929730061,0.6492034030879645,0.5574133396148682,0.09955430030822754
500,8.0,8,2,1,1,1,9,1.0846008819352053,1.1206143363949472,0.5246543884277344,0.10537528991699219
500,8.0,8,2,1,1,1,10,1.0035931412402812,0.7270484366623915,0.5966951847076416,0.08069038391113281
500,8.0,8,2,1,1,1,11,2.806209212416502,0.5874567889772386,0.772322416305542,0.11876201629638672
500,8.0,8,2,1,1,1,12,1.0027554529989184,0.5867172020921155,0.5947628021240234,0.11552262306213379
500,8.0,8,2,1,1,1,13,2.792406337119805,0.6825040229714919,0.5956931114196777,0.11114001274108887
500,8.0,8,2,1,1,1,14,1.015951402819906,0.7016811662936849,0.7069861888885498,0.1211998462677002
500,8.0,8,2,1,1,1,15,0.9775303070672385,0.743378023535347,0.7197272777557373,0.1314394474029541
500,8.0,8,2,1,1,1,16,0.9527061691833213,0.7773590234752316,0.7190213203430176,0.1538989543914795
500,8.0,8,2,1,1,1,17,1.1102013433025484,0.708515168709492,0.5793821811676025,0.09324359893798828
500,8.0,8,2,1,1,1,18,1.0804526580087164,0.6748718531762272,0.5485708713531494,0.11075043678283691
500,8.0,8,2,1,1,1,19,1.095644448758011,0.7546111655115825,0.6212821006774902,0.13100409507751465
500,8.0,8,2,1,1,1,20,1.0316834498046643,0.6711860226780533,0.5646381378173828,0.1012871265411377
500,8.0,8,2,1,1,1,21,0.9814124851755116,0.6411417495485294,0.6690447330474854,0.1222681999206543
500,8.0,8,2,1,1,1,22,1.179537788543025,0.6460429926394393,0.7565395832061768,0.09121417999267578
500,8.0,8,2,1,1,1,23,2.681552864459696,1.6593825257867862,0.5983295440673828,0.09696340560913086
500,8.0,8,2,1,1,1,24,1.123265388726926,0.9711138865665505,0.5581467151641846,0.08139348030090332
500,8.200000000000001,8,2,1,1,1,0,2.825309997791242,1.1388359576059137,0.5664646625518799,0.1157538890838623
500,8.200000000000001,8,2,1,1,1,1,1.9814049620123444,1.0061757574119963,0.6311531066894531,0.11408424377441406
500,8.200000000000001,8,2,1,1,1,2,1.3807385076809984,0.6537277005155683,0.7266902923583984,0.1293959617614746
500,8.200000000000001,8,2,1,1,1,3,1.1294217876772947,0.7754505594480735,0.5761318206787109,0.09043359756469727
500,8.200000000000001,8,2,1,1,1,4,1.4352925348587096,0.962749267569287,0.5600385665893555,0.11092615127563477
500,8.200000000000001,8,2,1,1,1,5,1.1027127910382237,0.8144750879610195,0.5825958251953125,0.09705519676208496
500,8.200000000000001,8,2,1,1,1,6,1.0169717904619318,0.7552626578634897,0.5670356750488281,0.13561725616455078
500,8.200000000000001,8,2,1,1,1,7,0.9821896062807292,0.710034339787818,0.7581398487091064,0.14553284645080566
500,8.200000000000001,8,2,1,1,1,8,1.0667786033669107,0.701014960280815,0.6074278354644775,0.09854841232299805
500,8.200000000000001,8,2,1,1,1,9,2.1467827541454203,0.789017665751166,0.7077186107635498,0.12074875831604004
500,8.200000000000001,8,2,1,1,1,10,0.9668983760696587,0.6062400827855053,0.6295936107635498,0.11041998863220215
500,8.200000000000001,8,2,1,1,1,11,1.3904544561608712,0.6520293745890985,0.5828549861907959,0.0827322006225586
500,8.200000000000001,8,2,1,1,1,12,1.1003731449704015,0.6912362206361171,0.6971678733825684,0.11262679100036621
500,8.200000000000001,8,2,1,1,1,13,0.9818855964689944,0.6315118601082367,0.5819568634033203,0.09853839874267578
500,8.200000000000001,8,2,1,1,1,14,2.7959732708156,1.8704802077499079,0.6138248443603516,0.08296847343444824
500,8.200000000000001,8,2,1,1,1,15,2.7259007961357193,0.7685561276276236,0.5744500160217285,0.1040353775024414
500,8.200000000000001,8,2,1,1,1,16,0.9749368487468438,0.6304140694782674,0.5503034591674805,0.09513139724731445
500,8.200000000000001,8,2,1,1,1,17,2.6708461325145323,2.1926887781243956,0.6055688858032227,0.12041425704956055
500,8.200000000000001,8,2,1,1,1,18,2.8262628171246043,0.8481811814769447,0.6708459854125977,0.10453653335571289
500,8.200000000000001,8,2,1,1,1,19,1.1697734000335296,0.753443849763562,0.5852618217468262,0.11366939544677734
500,8.200000000000001,8,2,1,1,1,20,1.2551817610716254,0.8117952880370312,0.6092379093170166,0.08918356895446777
500,8.200000000000001,8,2,1,1,1,21,2.712734875124165,0.9891532902205211,0.6079440116882324,0.08546829223632812
500,8.200000000000001,8,2,1,1,1,22,0.9619866355752847,0.6605328163925906,0.5724897384643555,0.09251189231872559
500,8.200000000000001,8,2,1,1,1,23,2.8270044170778683,0.9969410832146594,0.7818949222564697,0.11938190460205078
500,8.200000000000001,8,2,1,1,1,24,2.2820091993323186,0.7898781350795128,0.6094624996185303,0.10623884201049805
500,8.4,8,2,1,1,1,0,2.784289270989368,0.774725611212755,0.626532793045044,0.08342242240905762
500,8.4,8,2,1,1,1,1,1.2143336034406877,0.9658858621728871,0.6077907085418701,0.10068893432617188
500,8.4,8,2,1,1,1,2,1.960466377712653,0.9128313017664987,0.5591068267822266,0.10661888122558594
500,8.4,8,2,1,1,1,3,1.2595310136273827,0.6030923482913292,0.7415471076965332,0.10662722587585449
500,8.4,8,2,1,1,1,4,0.9794419160270567,0.6765448115345725,0.7349269390106201,0.13157963752746582
500,8.4,8,2,1,1,1,5,1.9729557482358695,0.7246195064986543,0.6257576942443848,0.12035250663757324
500,8.4,8,2,1,1,1,6,1.0237730042382467,0.8863320046660793,0.7257368564605713,0.11564421653747559
500,8.4,8,2,1,1,1,7,1.0601912952636983,0.7169407145200755,0.7072498798370361,0.13460779190063477
500,8.4,8,2,1,1,1,8,2.820506498191276,1.3191872411226502,0.7345366477966309,0.1555633544921875
500,8.4,8,2,1,1,1,9,2.627463675332236,1.6469285853396154,0.6382858753204346,0.0972294807434082
500,8.4,8,2,1,1,1,10,1.0878393996885916,0.6271201678057506,0.5882577896118164,0.11464953422546387
500,8.4,8,2,1,1,1,11,1.2222735922349894,0.8301204916106835,0.5945334434509277,0.11546564102172852
500,8.4,8,2,1,1,1,12,1.0303398642186485,0.6834623227040794,0.5494048595428467,0.1220707893371582
500,8.4,8,2,1,1,1,13,2.6295966699854394,1.2338079481562227,0.7476704120635986,0.11803650856018066
500,8.4,8,2,1,1,1,14,1.2309013230794057,0.7427884986700667,0.5535995960235596,0.11408519744873047
500,8.4,8,2,1,1,1,15,1.7121662994835167,0.7627220729130949,0.5517923831939697,0.10051751136779785
500,8.4,8,2,1,1,1,16,2.8216416432744866,0.5849729256573957,0.5874266624450684,0.09238219261169434
500,8.4,8,2,1,1,1,17,1.0759157077587278,0.7413095190113215,0.5509927272796631,0.08616447448730469
500,8.4,8,2,1,1,1,18,2.690604106521677,0.870291786775861,0.6062963008880615,0.11625289916992188
500,8.4,8,2,1,1,1,19,0.9733643880350599,0.7729605574725981,0.6948058605194092,0.09580445289611816
500,8.4,8,2,1,1,1,20,1.188269196253844,0.7105613009190181,0.5594580173492432,0.10915589332580566
500,8.4,8,2,1,1,1,21,1.033679715363297,0.7586036564613703,0.5967216491699219,0.0898282527923584
500,8.4,8,2,1,1,1,22,2.6384111738967664,0.9593654688293896,0.55092453956604,0.09347391128540039
500,8.4,8,2,1,1,1,23,1.0358228147513537,0.7625579049371936,0.6401245594024658,0.1309647560119629
500,8.4,8,2,1,1,1,24,2.0587033821673923,1.95691819437485,0.830815315246582,0.15449929237365723
500,8.6,8,2,1,1,1,0,1.071751239526721,0.7150378490627229,0.5585665702819824,0.09978151321411133
500,8.6,8,2,1,1,1,1,1.1697318894738329,0.6812365756771757,0.5545821189880371,0.11684060096740723
500,8.6,8,2,1,1,1,2,1.419677364896466,0.7105881132413213,0.5690045356750488,0.07634568214416504
500,8.6,8,2,1,1,1,3,1.1094660297062555,0.8838284798420988,0.5985724925994873,0.1210336685180664
500,8.6,8,2,1,1,1,4,2.0201381557171403,0.7174319844292465,0.7542123794555664,0.13399291038513184
500,8.6,8,2,1,1,1,5,1.2022562753534283,0.7268646952972927,0.6256973743438721,0.10359311103820801
500,8.6,8,2,1,1,1,6,0.9906947905006485,0.7763601503177359,0.6282703876495361,0.08097696304321289
500,8.6,8,2,1,1,1,7,1.3142981147361887,1.3082185154163448,0.6148617267608643,0.08102822303771973
500,8.6,8,2,1,1,1,8,1.5424307037785845,0.8376021498497189,0.5806329250335693,0.09880566596984863
500,8.6,8,2,1,1,1,9,1.329713438264496,0.8833075809004707,0.7377622127532959,0.12681913375854492
500,8.6,8,2,1,1,1,10,1.9764639789543903,0.6729517109321588,0.6026453971862793,0.11317896842956543
500,8.6,8,2,1,1,1,11,2.7534270182510205,0.9683504499180364,0.626903772354126,0.08692431449890137
500,8.6,8,2,1,1,1,12,2.7187868973423956,0.9758902710162868,0.6205487251281738,0.07776069641113281
500,8.6,8,2,1,1,1,13,0.9365362279463111,0.786110710173647,0.6141350269317627,0.09202337265014648
500,8.6,8,2,1,1,1,14,1.0632006442256805,0.8488956268025525,0.7023379802703857,0.1227881908416748
500,8.6,8,2,1,1,1,15,2.509119165904423,0.8032788095465874,0.7150652408599854,0.09525871276855469
500,8.6,8,2,1,1,1,16,2.6456682758120147,0.9084682825499224,0.5534451007843018,0.11172938346862793
500,8.6,8,2,1,1,1,17,2.7772831448110535,0.6769288871202116,0.5589275360107422,0.09444785118103027
500,8.6,8,2,1,1,1,18,1.155562901633196,0.7926504043888707,0.7597475051879883,0.12724637985229492
500,8.6,8,2,1,1,1,19,2.407183199178986,0.7702992374248568,0.7395315170288086,0.1266932487487793
500,8.6,8,2,1,1,1,20,2.659742787979542,1.7138580974465216,0.6519172191619873,0.10930752754211426
500,8.6,8,2,1,1,1,21,1.4290002362402976,0.7863059373922412,0.6292402744293213,0.10558390617370605
500,8.6,8,2,1,1,1,22,2.4002445809196216,1.10372953717372,0.6135187149047852,0.10845470428466797
500,8.6,8,2,1,1,1,23,2.177593089919591,0.8143931808903553,0.5791187286376953,0.09224796295166016
500,8.6,8,2,1,1,1,24,1.0915077783591338,0.9667792944083806,0.5608670711517334,0.14220952987670898
500,8.8,8,2,1,1,1,0,2.530792414563602,1.1719857409263164,0.7427802085876465,0.12674665451049805
500,8.8,8,2,1,1,1,1,1.431481068778396,0.8951590058518399,0.5772042274475098,0.1233983039855957
500,8.8,8,2,1,1,1,2,2.490433735906092,0.9373878525990325,0.5774731636047363,0.10019493103027344
500,8.8,8,2,1,1,1,3,1.193411641758767,0.7735026627137704,0.6020030975341797,0.09102511405944824
500,8.8,8,2,1,1,1,4,2.158658460698607,1.0035721283477208,0.593961238861084,0.08267903327941895
500,8.8,8,2,1,1,1,5,2.0299371974085867,1.368146348646689,0.7764036655426025,0.12366414070129395
500,8.8,8,2,1,1,1,6,2.765565550720205,2.347868754202775,0.6417796611785889,0.09670901298522949
500,8.8,8,2,1,1,1,7,2.7290654797343175,0.7396044643315949,0.5987184047698975,0.10802745819091797
500,8.8,8,2,1,1,1,8,2.827382001868511,1.0472452709998192,0.587867259979248,0.08539295196533203
500,8.8,8,2,1,1,1,9,1.1068785030600674,0.6277672721184107,0.6255016326904297,0.10266876220703125
500,8.8,8,2,1,1,1,10,1.3898542449658078,0.6898729464066119,0.6809523105621338,0.15792083740234375
500,8.8,8,2,1,1,1,11,2.8283722386467742,2.318353528110985,0.5999507904052734,0.09624791145324707
500,8.8,8,2,1,1,1,12,2.5937395775306484,1.0126009415280628,0.7217855453491211,0.14396953582763672
500,8.8,8,2,1,1,1,13,2.6922085359433408,1.1708965650768874,0.5953679084777832,0.08643841743469238
500,8.8,8,2,1,1,1,14,1.0454918660410495,0.6476960160668737,0.5693397521972656,0.11096358299255371
500,8.8,8,2,1,1,1,15,1.2290753194625004,0.7219232721159943,0.7466480731964111,0.13153314590454102
500,8.8,8,2,1,1,1,16,1.1508705405975506,0.6903516215794133,0.597675085067749,0.12331843376159668
500,8.8,8,2,1,1,1,17,1.6878332702308514,0.903428824275441,0.6098549365997314,0.11554598808288574
500,8.8,8,2,1,1,1,18,1.222681350680836,0.7047613760439252,0.5869724750518799,0.09978365898132324
500,8.8,8,2,1,1,1,19,1.106651509282504,1.3846802108479923,0.5825080871582031,0.09422540664672852
500,8.8,8,2,1,1,1,20,2.826488882415834,1.0679888393817274,0.8241860866546631,0.13093781471252441
500,8.8,8,2,1,1,1,21,1.2883258404565405,0.6896551240657653,0.7378268241882324,0.10949349403381348
500,8.8,8,2,1,1,1,22,2.811858181143268,0.757818116091181,0.6488463878631592,0.08618879318237305
500,8.8,8,2,1,1,1,23,2.8207405352824684,0.7929759304570961,0.6221692562103271,0.08794021606445312
500,8.8,8,2,1,1,1,24,2.773517353294548,0.8610406220480056,0.6127750873565674,0.08958840370178223
500,9.0,8,2,1,1,1,0,2.8192149021336723,1.549742376895313,0.7784361839294434,0.12320852279663086
500,9.0,8,2,1,1,1,1,1.2245527699432814,0.8870361453279444,0.5602560043334961,0.1352386474609375
500,9.0,8,2,1,1,1,2,2.169443558524387,1.7679075366208707,0.598848819732666,0.09602689743041992
500,9.0,8,2,1,1,1,3,2.0651579798364716,2.1840879984336046,0.6384596824645996,0.10351109504699707
500,9.0,8,2,1,1,1,4,2.2300955342750743,0.823780371112108,0.6058666706085205,0.0991969108581543
500,9.0,8,2,1,1,1,5,2.8207615128695287,1.3221631318027256,0.762664794921875,0.12661170959472656
500,9.0,8,2,1,1,1,6,2.488312838858491,2.48521663954116,0.7881596088409424,0.12503623962402344
500,9.0,8,2,1,1,1,7,1.1769053959616254,0.9264002104224045,0.5988714694976807,0.11110520362854004
500,9.0,8,2,1,1,1,8,1.6301889205387246,0.7385602841082416,0.5982968807220459,0.10629439353942871
500,9.0,8,2,1,1,1,9,1.197383117568082,0.7099905779916782,0.8275799751281738,0.16115641593933105
500,9.0,8,2,1,1,1,10,2.71283640205045,2.2982732393636844,0.7458796501159668,0.12002682685852051
500,9.0,8,2,1,1,1,11,1.2451389706629616,1.0228122228449372,0.6643760204315186,0.09840917587280273
500,9.0,8,2,1,1,1,12,2.5998427779732367,1.2052712032593047,0.6130139827728271,0.09814572334289551
500,9.0,8,2,1,1,1,13,1.109252469656745,0.6162122920963293,0.5697982311248779,0.11155009269714355
500,9.0,8,2,1,1,1,14,1.3901605457379766,0.8108332150052832,0.615473747253418,0.12451791763305664
500,9.0,8,2,1,1,1,15,2.8086433167250875,2.1163785799470247,0.7251849174499512,0.12946152687072754
500,9.0,8,2,1,1,1,16,2.8009501569855297,1.271112388579497,0.7188050746917725,0.1035606861114502
500,9.0,8,2,1,1,1,17,2.815885111603104,1.1510026171584289,0.5990972518920898,0.10138511657714844
500,9.0,8,2,1,1,1,18,2.8177259583614442,1.8160474109203086,0.5885012149810791,0.09792757034301758
500,9.0,8,2,1,1,1,19,1.39865150103954,1.3331484610567108,0.5770714282989502,0.10122323036193848
500,9.0,8,2,1,1,1,20,2.743894933267343,1.8898280961108298,0.7815549373626709,0.13840699195861816
500,9.0,8,2,1,1,1,21,1.3271910171672838,0.9916287422847511,0.6671462059020996,0.10750675201416016
500,9.0,8,2,1,1,1,22,1.7569774011412937,0.8442209111264944,0.5882563591003418,0.09433460235595703
500,9.0,8,2,1,1,1,23,2.425084697157913,1.2163810388562983,0.5863387584686279,0.11181163787841797
500,9.0,8,2,1,1,1,24,2.707721121335801,1.4574853800836,0.5693731307983398,0.13543081283569336
500,9.200000000000001,8,2,1,1,1,0,2.823752098940262,1.9638664090960476,0.9217965602874756,0.15586495399475098
500,9.200000000000001,8,2,1,1,1,1,2.7170266354943746,0.9586038134661565,0.654221773147583,0.12055373191833496
500,9.200000000000001,8,2,1,1,1,2,2.8096804974205045,1.3418562486202694,0.5799989700317383,0.09951615333557129
500,9.200000000000001,8,2,1,1,1,3,2.672155621032101,0.8141341599427794,0.6156101226806641,0.10481524467468262
500,9.200000000000001,8,2,1,1,1,4,2.615860305257808,0.9173361726273493,0.594529390335083,0.10905218124389648
500,9.200000000000001,8,2,1,1,1,5,2.759718596062442,1.5471908684204836,0.7533712387084961,0.13375425338745117
500,9.200000000000001,8,2,1,1,1,6,2.5612912065418123,0.7694837643203821,0.6167874336242676,0.08207225799560547
500,9.200000000000001,8,2,1,1,1,7,2.641028340656367,0.8158650336013071,0.6114602088928223,0.10444188117980957
500,9.200000000000001,8,2,1,1,1,8,1.3022631687335868,0.6957849054807711,0.5668849945068359,0.11258244514465332
500,9.200000000000001,8,2,1,1,1,9,2.030703680165449,1.4240093412062045,0.6061928272247314,0.1082918643951416
500,9.200000000000001,8,2,1,1,1,10,2.8095690511825118,0.9643467231651027,0.7397220134735107,0.13068389892578125
500,9.200000000000001,8,2,1,1,1,11,2.373535353059906,1.3957997155815252,0.6528820991516113,0.08629083633422852
500,9.200000000000001,8,2,1,1,1,12,2.793445313057723,1.2791171378440396,0.6075949668884277,0.08843612670898438
500,9.200000000000001,8,2,1,1,1,13,2.803141754546883,0.8771142483394055,0.6054906845092773,0.12645888328552246
500,9.200000000000001,8,2,1,1,1,14,2.5772421748638394,1.0105239732411972,0.6425950527191162,0.11024761199951172
500,9.200000000000001,8,2,1,1,1,15,2.443487667448001,0.7185723845287459,0.758404016494751,0.13648080825805664
500,9.200000000000001,8,2,1,1,1,16,2.8255075869506148,0.7327138433145037,0.666165828704834,0.09920549392700195
500,9.200000000000001,8,2,1,1,1,17,2.827934136689067,1.810980192496798,0.6094250679016113,0.12115812301635742
500,9.200000000000001,8,2,1,1,1,18,2.810759289438115,2.1581435004666756,0.6494109630584717,0.08702468872070312
500,9.200000000000001,8,2,1,1,1,19,2.4218345946866946,1.2838613805338828,0.8561456203460693,0.11348390579223633
500,9.200000000000001,8,2,1,1,1,20,2.3141872153965255,0.8125829574087933,0.7350704669952393,0.14455318450927734
500,9.200000000000001,8,2,1,1,1,21,2.1469980994528988,0.7919073633300997,0.6319329738616943,0.09627103805541992
500,9.200000000000001,8,2,1,1,1,22,2.828425222062815,0.7667752150858371,0.5929079055786133,0.11760449409484863
500,9.200000000000001,8,2,1,1,1,23,1.285849703356539,0.8216943825287221,0.62040114402771,0.09598803520202637
500,9.200000000000001,8,2,1,1,1,24,1.6646000458696397,0.8909297705450203,0.6165378093719482,0.10030126571655273
500,9.4,8,2,1,1,1,0,2.6404283487150897,1.9372130936409977,0.6864464282989502,0.12837505340576172
500,9.4,8,2,1,1,1,1,2.8165251184549462,0.6578128211851976,0.6674699783325195,0.09881162643432617
500,9.4,8,2,1,1,1,2,2.5552141838205085,1.2743469873168318,0.5804932117462158,0.09242630004882812
500,9.4,8,2,1,1,1,3,2.667575810584204,1.5542005507539567,0.6028757095336914,0.0981903076171875
500,9.4,8,2,1,1,1,4,2.5941704831639965,0.8831633903916488,0.6628520488739014,0.10008621215820312
500,9.4,8,2,1,1,1,5,2.389155372221307,0.7260972154964016,0.7107932567596436,0.1134178638458252
500,9.4,8,2,1,1,1,6,2.318325300766643,0.9125431200030475,0.6844940185546875,0.08509421348571777
500,9.4,8,2,1,1,1,7,2.824292535061948,1.560277982325854,0.6115539073944092,0.11495399475097656
500,9.4,8,2,1,1,1,8,2.8240151201199266,2.14309582465511,0.6622908115386963,0.10151457786560059
500,9.4,8,2,1,1,1,9,2.6857880880756637,1.2874250214161278,0.6316070556640625,0.09355545043945312
500,9.4,8,2,1,1,1,10,2.802407570086975,1.774948367946125,0.6211891174316406,0.14730477333068848
500,9.4,8,2,1,1,1,11,2.729297421693895,1.67901148442558,0.7088048458099365,0.14050769805908203
500,9.4,8,2,1,1,1,12,1.3252458502818927,0.7547123604863054,0.6945223808288574,0.1253044605255127
500,9.4,8,2,1,1,1,13,2.48308490623566,2.24133184007611,0.7455058097839355,0.13297176361083984
500,9.4,8,2,1,1,1,14,1.182616601672651,0.8711622487398125,0.5814054012298584,0.10116362571716309
500,9.4,8,2,1,1,1,15,2.8171365468049334,0.9843413433841852,0.6787319183349609,0.1590712070465088
500,9.4,8,2,1,1,1,16,2.796674074729479,2.172798692925547,0.6982603073120117,0.09252285957336426
500,9.4,8,2,1,1,1,17,2.5341828640321777,1.2440231563989317,0.6179049015045166,0.12352466583251953
500,9.4,8,2,1,1,1,18,1.7690975433638023,1.1242647204209981,0.6503610610961914,0.09651684761047363
500,9.4,8,2,1,1,1,19,1.1286642129590174,1.0175599470692906,0.628145694732666,0.0995171070098877
500,9.4,8,2,1,1,1,20,2.5433419530549672,1.085699134783916,0.5982656478881836,0.11904454231262207
500,9.4,8,2,1,1,1,21,2.819880434220278,1.5184754929800155,0.7806923389434814,0.11856889724731445
500,9.4,8,2,1,1,1,22,2.803410250383218,2.1759725990197833,0.6112308502197266,0.10513067245483398
500,9.4,8,2,1,1,1,23,2.798361566373624,1.4668214182106527,0.5819334983825684,0.12563109397888184
500,9.4,8,2,1,1,1,24,2.735572338095797,0.7800563866682215,0.6276800632476807,0.09911894798278809
500,9.600000000000001,8,2,1,1,1,0,2.8268796241784253,1.4357332387151112,0.59041428565979,0.09393715858459473
500,9.600000000000001,8,2,1,1,1,1,2.7987061437736105,1.523284928160963,0.7674911022186279,0.13505935668945312
500,9.600000000000001,8,2,1,1,1,2,2.1810284522750987,0.880479221021129,0.6068263053894043,0.08718395233154297
500,9.600000000000001,8,2,1,1,1,3,2.7637991826956063,1.9535267626171913,0.6369216442108154,0.10384011268615723
500,9.600000000000001,8,2,1,1,1,4,2.59721109831434,2.7439280766541536,0.6494016647338867,0.0904536247253418
500,9.600000000000001,8,2,1,1,1,5,2.812122181184632,1.3373464689222603,0.567434549331665,0.11161637306213379
500,9.600000000000001,8,2,1,1,1,6,2.4020442147370127,1.3819642357007977,0.8286228179931641,0.12564706802368164
500,9.600000000000001,8,2,1,1,1,7,2.825005052604596,1.4566629788945233,0.7392234802246094,0.12660861015319824
500,9.600000000000001,8,2,1,1,1,8,1.2192260136402977,0.8268826475956287,0.6059730052947998,0.1156456470489502
500,9.600000000000001,8,2,1,1,1,9,2.744539947172442,2.033282172546765,0.6505942344665527,0.10267043113708496
500,9.600000000000001,8,2,1,1,1,10,2.3101397723335775,0.760473662630542,0.5834763050079346,0.09351038932800293
500,9.600000000000001,8,2,1,1,1,11,2.6824935774737106,1.0249539492697146,0.7629804611206055,0.14230966567993164
500,9.600000000000001,8,2,1,1,1,12,2.037377508423008,0.8102177318344597,0.577538013458252,0.11564087867736816
500,9.600000000000001,8,2,1,1,1,13,2.1644434616688204,0.9133201410715217,0.57169508934021,0.11259102821350098
500,9.600000000000001,8,2,1,1,1,14,1.4147984153974833,0.8719101224313579,0.5823855400085449,0.1182861328125
500,9.600000000000001,8,2,1,1,1,15,2.6825243463013413,2.010972160603518,0.6178827285766602,0.09754109382629395
500,9.600000000000001,8,2,1,1,1,16,2.8087699325153466,3.0571445167632043,0.7297790050506592,0.13167905807495117
500,9.600000000000001,8,2,1,1,1,17,2.8003885680515577,2.2511243085820927,0.6672604084014893,0.09112119674682617
500,9.600000000000001,8,2,1,1,1,18,2.8036404342900796,1.1678225334539682,0.6612365245819092,0.09569573402404785
500,9.600000000000001,8,2,1,1,1,19,2.823398422310212,1.8860427168334717,0.6013092994689941,0.08500480651855469
500,9.600000000000001,8,2,1,1,1,20,2.827404717539387,1.6405537870014066,0.595989465713501,0.10365676879882812
500,9.600000000000001,8,2,1,1,1,21,2.7454899810920432,1.0646122742013495,0.7007255554199219,0.13531064987182617
500,9.600000000000001,8,2,1,1,1,22,2.8272823990894853,1.376747916738335,0.7309825420379639,0.12766575813293457
500,9.600000000000001,8,2,1,1,1,23,2.816149044172739,1.137775336351529,0.6033034324645996,0.1005399227142334
500,9.600000000000001,8,2,1,1,1,24,2.823123111264538,0.9873941870584984,0.5861344337463379,0.10348224639892578
500,9.8,8,2,1,1,1,0,2.5875668669316187,1.0442069459077283,0.5841794013977051,0.10561037063598633
500,9.8,8,2,1,1,1,1,2.8283513148474073,1.3740035473511745,0.6683475971221924,0.142500638961792
500,9.8,8,2,1,1,1,2,2.828427094933517,2.4711440505936633,0.7765233516693115,0.10120987892150879
500,9.8,8,2,1,1,1,3,2.740898069077369,0.9555549377149615,0.6640496253967285,0.13888239860534668
500,9.8,8,2,1,1,1,4,1.8544931546622152,0.8913086004594085,0.5321364402770996,0.10638189315795898
500,9.8,8,2,1,1,1,5,2.635620368208064,1.5968669532726483,0.5712919235229492,0.09850716590881348
500,9.8,8,2,1,1,1,6,2.8232015840293636,1.385683610879701,0.6432979106903076,0.11838054656982422
500,9.8,8,2,1,1,1,7,2.700440438609981,1.7886105624097879,0.7575685977935791,0.13587164878845215
500,9.8,8,2,1,1,1,8,2.6746620229436457,1.2102877012789781,0.5971317291259766,0.10016703605651855
500,9.8,8,2,1,1,1,9,2.821620335206129,1.1354897753718924,0.6476349830627441,0.09153199195861816
500,9.8,8,2,1,1,1,10,2.0925550244140667,0.7447994700830237,0.6087563037872314,0.0891566276550293
500,9.8,8,2,1,1,1,11,2.7807149028357387,1.3819778570767194,0.6721384525299072,0.1518387794494629
500,9.8,8,2,1,1,1,12,2.783506673801637,2.029547949154299,0.7359023094177246,0.1134183406829834
500,9.8,8,2,1,1,1,13,2.5795874933756524,0.8562634194465675,0.5796501636505127,0.11534929275512695
500,9.8,8,2,1,1,1,14,2.745740611475795,1.2456796820071858,0.6273186206817627,0.0955195426940918
500,9.8,8,2,1,1,1,15,2.828426106670399,2.2458720297465598,0.592705488204956,0.11551618576049805
500,9.8,8,2,1,1,1,16,2.6472487034359147,1.0990014436193045,0.5804634094238281,0.11984992027282715
500,9.8,8,2,1,1,1,17,2.738227776621806,1.080366974429534,0.7243540287017822,0.13052916526794434
500,9.8,8,2,1,1,1,18,2.828391133453892,3.145182311717305,0.574066162109375,0.11065292358398438
500,9.8,8,2,1,1,1,19,2.8217582327394677,1.8734747349913536,0.5821783542633057,0.13292932510375977
500,9.8,8,2,1,1,1,20,2.8159130437196973,1.2524957721704906,0.7157859802246094,0.12662196159362793
500,9.8,8,2,1,1,1,21,2.818162976153347,1.9703682230340172,0.7491974830627441,0.14851927757263184
500,9.8,8,2,1,1,1,22,2.795931523933308,1.5624290145286759,0.702042818069458,0.14728856086730957
500,9.8,8,2,1,1,1,23,2.794675404985694,1.8546368609010224,0.6313273906707764,0.1051795482635498
500,9.8,8,2,1,1,1,24,2.7915173128760884,1.3915589953405172,0.5847783088684082,0.11785364151000977
