n,s1,1_p_s2,s2,beta,q,sqrt_q,rep_no,eigen_mat_rerr,eigen_mat_terr,eigen_mat_ev_time,eigen_mat_cal_translation_time
500,0.0,0.44000000000000006,0.2,1,1,1,0,0.011871366713233068,0.02664007680466688,0.35311317443847656,0.07563304901123047
500,0.0,0.44000000000000006,0.2,1,1,1,1,0.011449584962405964,0.027443254908443036,0.3381953239440918,0.05944538116455078
500,0.0,0.44000000000000006,0.2,1,1,1,2,0.011349699463186359,0.026061885354080647,0.3321704864501953,0.058487892150878906
500,0.0,0.44000000000000006,0.2,1,1,1,3,0.010481617198667387,0.027697822263496326,0.32851433753967285,0.0621335506439209
500,0.0,0.44000000000000006,0.2,1,1,1,4,0.013024046350465389,0.02957202790549655,0.35927820205688477,0.06313204765319824
500,0.0,0.44000000000000006,0.2,1,1,1,5,0.012921046411351408,0.024850028090039465,0.31458163261413574,0.07216644287109375
500,0.0,0.44000000000000006,0.2,1,1,1,6,0.011942271068622138,0.029635982749338326,0.38292551040649414,0.06406569480895996
500,0.0,0.44000000000000006,0.2,1,1,1,7,0.012168168438572232,0.025073384025328105,0.3247392177581787,0.05547738075256348
500,0.0,0.44000000000000006,0.2,1,1,1,8,0.0120641273756437,0.02320700095044196,0.34101152420043945,0.06675958633422852
500,0.0,0.44000000000000006,0.2,1,1,1,9,0.011236772692614853,0.02579155271025571,0.3365027904510498,0.05701088905334473
500,0.0,0.44000000000000006,0.2,1,1,1,10,0.012793913184859496,0.024359312924158667,0.33844971656799316,0.06154227256774902
500,0.0,0.44000000000000006,0.2,1,1,1,11,0.011036189165186101,0.024741136698919686,0.33056211471557617,0.06859946250915527
500,0.0,0.44000000000000006,0.2,1,1,1,12,0.012789986448431469,0.02548649715462698,0.34586453437805176,0.0737006664276123
500,0.0,0.44000000000000006,0.2,1,1,1,13,0.012785966678914141,0.02982553956559541,0.38665080070495605,0.06662821769714355
500,0.0,0.44000000000000006,0.2,1,1,1,14,0.011277970213514189,0.02531664225237012,0.3366668224334717,0.06297707557678223
500,0.0,0.44000000000000006,0.2,1,1,1,15,0.012851282807134485,0.028771516432299287,0.34826183319091797,0.05695915222167969
500,0.0,0.44000000000000006,0.2,1,1,1,16,0.012410069402614137,0.026944471285475315,0.32552385330200195,0.06152963638305664
500,0.0,0.44000000000000006,0.2,1,1,1,17,0.013824161972828717,0.0293416259610631,0.30893826484680176,0.07272601127624512
500,0.0,0.44000000000000006,0.2,1,1,1,18,0.012072557985286978,0.024529272636941497,0.3150007724761963,0.05580449104309082
500,0.0,0.44000000000000006,0.2,1,1,1,19,0.012953100131404474,0.03212681906012628,0.3339824676513672,0.07555866241455078
500,0.0,0.44000000000000006,0.2,1,1,1,20,0.013298996631655253,0.027711323050558404,0.38112902641296387,0.07862067222595215
500,0.0,0.44000000000000006,0.2,1,1,1,21,0.011380165267520797,0.02829499245964857,0.4553360939025879,0.09591388702392578
500,0.0,0.44000000000000006,0.2,1,1,1,22,0.012601720406272754,0.025193211170786167,0.5311918258666992,0.11603593826293945
500,0.0,0.44000000000000006,0.2,1,1,1,23,0.01165206116758072,0.03323970340821486,0.6048805713653564,0.12763643264770508
500,0.0,0.44000000000000006,0.2,1,1,1,24,0.011603776206680625,0.028065257528976307,0.5328388214111328,0.09852409362792969
500,0.2,0.44000000000000006,0.2,1,1,1,0,0.02407366004958455,0.028474568374033404,0.6067183017730713,0.1253068447113037
500,0.2,0.44000000000000006,0.2,1,1,1,1,0.025751711170941848,0.02650979867375869,0.5347528457641602,0.11431026458740234
500,0.2,0.44000000000000006,0.2,1,1,1,2,0.026181339215120697,0.027261670429057257,0.5103249549865723,0.11319708824157715
500,0.2,0.44000000000000006,0.2,1,1,1,3,0.022141195822135862,0.031293753503936886,0.47337770462036133,0.1158285140991211
500,0.2,0.44000000000000006,0.2,1,1,1,4,0.022387303145102525,0.028951311215065088,0.48778462409973145,0.10268497467041016
500,0.2,0.44000000000000006,0.2,1,1,1,5,0.027939134410498973,0.031313831837974884,0.4691309928894043,0.10252976417541504
500,0.2,0.44000000000000006,0.2,1,1,1,6,0.02462299516163021,0.02650117634071613,0.5272188186645508,0.1087636947631836
500,0.2,0.44000000000000006,0.2,1,1,1,7,0.02391689329572878,0.028524519420416564,0.5190374851226807,0.09064555168151855
500,0.2,0.44000000000000006,0.2,1,1,1,8,0.024514684536145494,0.03129399413450986,0.5303716659545898,0.09803223609924316
500,0.2,0.44000000000000006,0.2,1,1,1,9,0.02479182350464,0.02408669518683165,0.462475061416626,0.104217529296875
500,0.2,0.44000000000000006,0.2,1,1,1,10,0.02151030763712613,0.02857982897322747,0.45493459701538086,0.09369134902954102
500,0.2,0.44000000000000006,0.2,1,1,1,11,0.026982965394558567,0.025617968360618668,0.5597996711730957,0.11838126182556152
500,0.2,0.44000000000000006,0.2,1,1,1,12,0.02694570894467732,0.03428334191920447,0.6353588104248047,0.12325406074523926
500,0.2,0.44000000000000006,0.2,1,1,1,13,0.024923659912145343,0.03171897868653048,0.5204784870147705,0.09910058975219727
500,0.2,0.44000000000000006,0.2,1,1,1,14,0.023224622238937984,0.029820990474558738,0.5477759838104248,0.0991966724395752
500,0.2,0.44000000000000006,0.2,1,1,1,15,0.02470605241316411,0.025786865239458934,0.513648509979248,0.10190224647521973
500,0.2,0.44000000000000006,0.2,1,1,1,16,0.029285509116976208,0.026855440198870942,0.46404600143432617,0.09143495559692383
500,0.2,0.44000000000000006,0.2,1,1,1,17,0.02835922565496033,0.02749075450225919,0.7042107582092285,0.14792275428771973
500,0.2,0.44000000000000006,0.2,1,1,1,18,0.031841110620986136,0.027905823629648777,0.5854332447052002,0.14171123504638672
500,0.2,0.44000000000000006,0.2,1,1,1,19,0.02296617251263693,0.027531082542470487,0.5455849170684814,0.11008024215698242
500,0.2,0.44000000000000006,0.2,1,1,1,20,0.024421560053051468,0.031162711494175176,0.5241949558258057,0.09499812126159668
500,0.2,0.44000000000000006,0.2,1,1,1,21,0.025465679732149846,0.027426974258151837,0.5055546760559082,0.09725189208984375
500,0.2,0.44000000000000006,0.2,1,1,1,22,0.026329337580352323,0.026668997337627443,0.6157867908477783,0.13428759574890137
500,0.2,0.44000000000000006,0.2,1,1,1,23,0.025913079483084057,0.03078975368400091,0.49303603172302246,0.10953378677368164
500,0.2,0.44000000000000006,0.2,1,1,1,24,0.03112106473784866,0.030415914217581004,0.4756734371185303,0.09451532363891602
500,0.4,0.44000000000000006,0.2,1,1,1,0,0.04369626994613587,0.03274151583637383,0.4879469871520996,0.10718083381652832
500,0.4,0.44000000000000006,0.2,1,1,1,1,0.04208693735312902,0.03574503479873646,0.5086507797241211,0.10364151000976562
500,0.4,0.44000000000000006,0.2,1,1,1,2,0.042139987889223816,0.041971623565301215,0.4726083278656006,0.10767984390258789
500,0.4,0.44000000000000006,0.2,1,1,1,3,0.05032537661748996,0.03354831941770937,0.613105297088623,0.11363840103149414
500,0.4,0.44000000000000006,0.2,1,1,1,4,0.05156791274318368,0.03491233696043092,0.5302877426147461,0.10167050361633301
500,0.4,0.44000000000000006,0.2,1,1,1,5,0.04824371797297433,0.03400414631667355,0.5425045490264893,0.09551596641540527
500,0.4,0.44000000000000006,0.2,1,1,1,6,0.050451566794234605,0.034758144916439006,0.5304281711578369,0.10360860824584961
500,0.4,0.44000000000000006,0.2,1,1,1,7,0.045891152222793254,0.03967946224377728,0.497114896774292,0.09559917449951172
500,0.4,0.44000000000000006,0.2,1,1,1,8,0.04559952554276443,0.03400439937994359,0.5775771141052246,0.13180923461914062
500,0.4,0.44000000000000006,0.2,1,1,1,9,0.05389185367171171,0.036799799059654505,0.6397767066955566,0.11659121513366699
500,0.4,0.44000000000000006,0.2,1,1,1,10,0.04382486371464887,0.03569073660700057,0.45676326751708984,0.10442090034484863
500,0.4,0.44000000000000006,0.2,1,1,1,11,0.04899891275532347,0.03748396081176009,0.49714112281799316,0.09868621826171875
500,0.4,0.44000000000000006,0.2,1,1,1,12,0.04594833131149171,0.04142701788303736,0.5677947998046875,0.11197066307067871
500,0.4,0.44000000000000006,0.2,1,1,1,13,0.05348450608891712,0.03379491209240191,0.5603117942810059,0.10069155693054199
500,0.4,0.44000000000000006,0.2,1,1,1,14,0.0396041354634863,0.038593072347312476,0.800133466720581,0.14026689529418945
500,0.4,0.44000000000000006,0.2,1,1,1,15,0.04305591486273396,0.04048967299910821,0.5252671241760254,0.10869455337524414
500,0.4,0.44000000000000006,0.2,1,1,1,16,0.054790090200872166,0.03340116262792929,0.4880988597869873,0.09064912796020508
500,0.4,0.44000000000000006,0.2,1,1,1,17,0.046261217919447796,0.03752916367994069,0.5167443752288818,0.10508418083190918
500,0.4,0.44000000000000006,0.2,1,1,1,18,0.04729836370766121,0.04589157778212419,0.48915719985961914,0.10144853591918945
500,0.4,0.44000000000000006,0.2,1,1,1,19,0.043131917965275,0.03671895271238005,0.5170009136199951,0.12596964836120605
500,0.4,0.44000000000000006,0.2,1,1,1,20,0.04461032428638259,0.03297734994640479,0.5586669445037842,0.10206103324890137
500,0.4,0.44000000000000006,0.2,1,1,1,21,0.04308894229827924,0.0448991532797331,0.5395603179931641,0.10836958885192871
500,0.4,0.44000000000000006,0.2,1,1,1,22,0.046684965820031656,0.04161952571456459,0.5178103446960449,0.09107542037963867
500,0.4,0.44000000000000006,0.2,1,1,1,23,0.04245310375158716,0.044450331853023856,0.49992823600769043,0.09849786758422852
500,0.4,0.44000000000000006,0.2,1,1,1,24,0.043096434102807654,0.04110653750542429,0.5223126411437988,0.11365175247192383
500,0.6000000000000001,0.44000000000000006,0.2,1,1,1,0,0.06092378582587761,0.05420103587305309,0.5173916816711426,0.11471271514892578
500,0.6000000000000001,0.44000000000000006,0.2,1,1,1,1,0.08014414017052862,0.0546564875904359,0.4347817897796631,0.0900871753692627
500,0.6000000000000001,0.44000000000000006,0.2,1,1,1,2,0.06785766606198881,0.046298679075831344,0.4778420925140381,0.10458922386169434
500,0.6000000000000001,0.44000000000000006,0.2,1,1,1,3,0.06146309875721693,0.04618070078813541,0.4438319206237793,0.10992860794067383
500,0.6000000000000001,0.44000000000000006,0.2,1,1,1,4,0.07092174593152166,0.050656683669138905,0.4641575813293457,0.09570932388305664
500,0.6000000000000001,0.44000000000000006,0.2,1,1,1,5,0.07093843436007054,0.050984493836298,0.5245277881622314,0.10665583610534668
500,0.6000000000000001,0.44000000000000006,0.2,1,1,1,6,0.06257559973354725,0.05809002203382659,0.5548827648162842,0.12019586563110352
500,0.6000000000000001,0.44000000000000006,0.2,1,1,1,7,0.07257941681182489,0.03700686331806326,0.46062779426574707,0.0875091552734375
500,0.6000000000000001,0.44000000000000006,0.2,1,1,1,8,0.06714849944039687,0.06309042301719092,0.47071337699890137,0.08614015579223633
500,0.6000000000000001,0.44000000000000006,0.2,1,1,1,9,0.06675700171306799,0.054572480588968464,0.5038549900054932,0.11087846755981445
500,0.6000000000000001,0.44000000000000006,0.2,1,1,1,10,0.06450479716453207,0.05103146013960183,0.5559494495391846,0.11358499526977539
500,0.6000000000000001,0.44000000000000006,0.2,1,1,1,11,0.06159888641836081,0.04045328411600133,0.5452725887298584,0.11522412300109863
500,0.6000000000000001,0.44000000000000006,0.2,1,1,1,12,0.06729056703959567,0.048893448435173306,0.49558520317077637,0.09798169136047363
500,0.6000000000000001,0.44000000000000006,0.2,1,1,1,13,0.07429610918923459,0.04665988504087998,0.4598867893218994,0.09049344062805176
500,0.6000000000000001,0.44000000000000006,0.2,1,1,1,14,0.0710543330060359,0.04629162634323061,0.7909626960754395,0.1204378604888916
500,0.6000000000000001,0.44000000000000006,0.2,1,1,1,15,0.0658254179813413,0.04316858664025948,0.542482852935791,0.09852480888366699
500,0.6000000000000001,0.44000000000000006,0.2,1,1,1,16,0.07190582465153879,0.04594355382157188,0.558246374130249,0.0971062183380127
500,0.6000000000000001,0.44000000000000006,0.2,1,1,1,17,0.0636198335338357,0.03891092998415374,0.6831698417663574,0.12394380569458008
500,0.6000000000000001,0.44000000000000006,0.2,1,1,1,18,0.058725204558782,0.03902417051443038,0.5678203105926514,0.10523319244384766
500,0.6000000000000001,0.44000000000000006,0.2,1,1,1,19,0.06668413358326672,0.05033897195772256,0.5378849506378174,0.08450841903686523
500,0.6000000000000001,0.44000000000000006,0.2,1,1,1,20,0.07527153710886772,0.05400286354031408,0.6541757583618164,0.10152673721313477
500,0.6000000000000001,0.44000000000000006,0.2,1,1,1,21,0.07292927548597733,0.050355463361730385,0.5713551044464111,0.11639618873596191
500,0.6000000000000001,0.44000000000000006,0.2,1,1,1,22,0.0678603678224894,0.04629367798478154,0.6891946792602539,0.13393878936767578
500,0.6000000000000001,0.44000000000000006,0.2,1,1,1,23,0.06685064258429595,0.04411052930387542,0.5819003582000732,0.08537602424621582
500,0.6000000000000001,0.44000000000000006,0.2,1,1,1,24,0.07008176023895035,0.04260222659122456,0.5197978019714355,0.1074376106262207
500,0.8,0.44000000000000006,0.2,1,1,1,0,0.09827175499350835,0.054721015096456264,0.48721766471862793,0.09621047973632812
500,0.8,0.44000000000000006,0.2,1,1,1,1,0.0958520578051661,0.10455604437681239,0.5615575313568115,0.09190821647644043
500,0.8,0.44000000000000006,0.2,1,1,1,2,0.07912067394853681,0.08590966670402964,0.5161664485931396,0.11262083053588867
500,0.8,0.44000000000000006,0.2,1,1,1,3,0.08550772426734529,0.05914722889854256,0.6793556213378906,0.11095118522644043
500,0.8,0.44000000000000006,0.2,1,1,1,4,0.08565053623783762,0.05271810360815427,0.5352725982666016,0.1011042594909668
500,0.8,0.44000000000000006,0.2,1,1,1,5,0.07600884371735979,0.05975279124908654,0.5009236335754395,0.09870457649230957
500,0.8,0.44000000000000006,0.2,1,1,1,6,0.08007523195052971,0.059971348974930366,0.46105170249938965,0.08852529525756836
500,0.8,0.44000000000000006,0.2,1,1,1,7,0.0856567568482709,0.06443631648586899,0.44457507133483887,0.09827971458435059
500,0.8,0.44000000000000006,0.2,1,1,1,8,0.07422895615712743,0.06702249789007446,0.5372450351715088,0.09743690490722656
500,0.8,0.44000000000000006,0.2,1,1,1,9,0.08277692593460345,0.05782201041763876,0.5809326171875,0.09346485137939453
500,0.8,0.44000000000000006,0.2,1,1,1,10,0.08175021448771488,0.06134143445221146,0.4978139400482178,0.07802128791809082
500,0.8,0.44000000000000006,0.2,1,1,1,11,0.08070849004164769,0.04763809588276266,0.43195176124572754,0.09122037887573242
500,0.8,0.44000000000000006,0.2,1,1,1,12,0.09546184439003798,0.07191903173678099,0.4342930316925049,0.07993531227111816
500,0.8,0.44000000000000006,0.2,1,1,1,13,0.0960594553020425,0.06446784722382477,0.4338417053222656,0.10320186614990234
500,0.8,0.44000000000000006,0.2,1,1,1,14,0.10845438106908431,0.06255781326759483,0.50179123878479,0.10714411735534668
500,0.8,0.44000000000000006,0.2,1,1,1,15,0.09254723091931426,0.04968035649930051,0.5452866554260254,0.10747122764587402
500,0.8,0.44000000000000006,0.2,1,1,1,16,0.09764865964930704,0.0663673307534457,0.4714236259460449,0.10603618621826172
500,0.8,0.44000000000000006,0.2,1,1,1,17,0.08620370778340583,0.06701187825454635,0.5473155975341797,0.10423851013183594
500,0.8,0.44000000000000006,0.2,1,1,1,18,0.08514999927407836,0.05993031770967409,0.560250997543335,0.12392306327819824
500,0.8,0.44000000000000006,0.2,1,1,1,19,0.08014779398554639,0.05612627983447478,0.5488588809967041,0.08975100517272949
500,0.8,0.44000000000000006,0.2,1,1,1,20,0.08064173890177516,0.06240683973377387,0.6186046600341797,0.11063313484191895
500,0.8,0.44000000000000006,0.2,1,1,1,21,0.087183361292714,0.05430693482405862,0.6097211837768555,0.1412646770477295
500,0.8,0.44000000000000006,0.2,1,1,1,22,0.08888578562121302,0.054202943382468595,0.5059499740600586,0.11002707481384277
500,0.8,0.44000000000000006,0.2,1,1,1,23,0.08934574924000054,0.06388295788909315,0.5481116771697998,0.11201834678649902
500,0.8,0.44000000000000006,0.2,1,1,1,24,0.08762244184956063,0.06377299789192847,0.6034362316131592,0.1136167049407959
500,1.0,0.44000000000000006,0.2,1,1,1,0,0.11140541537119529,0.08153239440488923,0.5669605731964111,0.12961578369140625
500,1.0,0.44000000000000006,0.2,1,1,1,1,0.11471638269021359,0.07117186180078658,0.7436754703521729,0.14026331901550293
500,1.0,0.44000000000000006,0.2,1,1,1,2,0.11629418016426112,0.09314783522159785,0.5896735191345215,0.10272407531738281
500,1.0,0.44000000000000006,0.2,1,1,1,3,0.10146137777901093,0.07849149095210582,0.5404238700866699,0.12938809394836426
500,1.0,0.44000000000000006,0.2,1,1,1,4,0.13436279753475394,0.0580235740833156,0.5416374206542969,0.1114187240600586
500,1.0,0.44000000000000006,0.2,1,1,1,5,0.1188899938447362,0.0946173486496896,0.5278611183166504,0.11554265022277832
500,1.0,0.44000000000000006,0.2,1,1,1,6,0.10216014655790716,0.07862984641283031,0.6352860927581787,0.12269353866577148
500,1.0,0.44000000000000006,0.2,1,1,1,7,0.12004240233071213,0.07926552835419295,0.6956672668457031,0.1572253704071045
500,1.0,0.44000000000000006,0.2,1,1,1,8,0.12131197993973591,0.08019690919775621,0.5630569458007812,0.09911990165710449
500,1.0,0.44000000000000006,0.2,1,1,1,9,0.13111460267002628,0.08419623686670735,0.5846514701843262,0.09056711196899414
500,1.0,0.44000000000000006,0.2,1,1,1,10,0.11476114726519113,0.08328288517532374,0.5434205532073975,0.11069512367248535
500,1.0,0.44000000000000006,0.2,1,1,1,11,0.11191740827246034,0.06916496414810086,0.5699977874755859,0.1426379680633545
500,1.0,0.44000000000000006,0.2,1,1,1,12,0.11947101844427734,0.08420763969588299,0.6942684650421143,0.12829852104187012
500,1.0,0.44000000000000006,0.2,1,1,1,13,0.12281647506489862,0.07546389566178446,0.6226177215576172,0.10654091835021973
500,1.0,0.44000000000000006,0.2,1,1,1,14,0.11805809111861576,0.07347949810159322,0.6320548057556152,0.09293389320373535
500,1.0,0.44000000000000006,0.2,1,1,1,15,0.1076644002848225,0.07253031428746719,0.5414657592773438,0.12056541442871094
500,1.0,0.44000000000000006,0.2,1,1,1,16,0.12439493955635446,0.08039654053342005,0.6339199542999268,0.11264872550964355
500,1.0,0.44000000000000006,0.2,1,1,1,17,0.11852566002617512,0.10573968776124827,0.7560808658599854,0.13930773735046387
500,1.0,0.44000000000000006,0.2,1,1,1,18,0.10647155139530459,0.09777413951394555,0.6065695285797119,0.08159518241882324
500,1.0,0.44000000000000006,0.2,1,1,1,19,0.1018880833793069,0.07253562643501366,0.6199049949645996,0.0805056095123291
500,1.0,0.44000000000000006,0.2,1,1,1,20,0.111434458398509,0.07248808686452221,0.6216814517974854,0.10147762298583984
500,1.0,0.44000000000000006,0.2,1,1,1,21,0.10287111565994984,0.06269050728361823,0.6509149074554443,0.08957886695861816
500,1.0,0.44000000000000006,0.2,1,1,1,22,0.10900149433702554,0.06667145639016622,0.804340124130249,0.2067105770111084
500,1.0,0.44000000000000006,0.2,1,1,1,23,0.12519110428398986,0.07872281848458046,0.642697811126709,0.07956814765930176
500,1.0,0.44000000000000006,0.2,1,1,1,24,0.10398160262266051,0.08613547580423625,0.6176276206970215,0.10397195816040039
500,1.2000000000000002,0.44000000000000006,0.2,1,1,1,0,0.14051306521210405,0.09186507873597485,0.5688760280609131,0.11211180686950684
500,1.2000000000000002,0.44000000000000006,0.2,1,1,1,1,0.17305345076189943,0.0795540805534264,0.5946404933929443,0.10328125953674316
500,1.2000000000000002,0.44000000000000006,0.2,1,1,1,2,0.1401741890243103,0.11385515497425111,0.7043795585632324,0.11732268333435059
500,1.2000000000000002,0.44000000000000006,0.2,1,1,1,3,0.1435482861539019,0.0923866607131497,0.5738785266876221,0.10052204132080078
500,1.2000000000000002,0.44000000000000006,0.2,1,1,1,4,0.12800459084090915,0.10918718166675256,0.5431294441223145,0.09267020225524902
500,1.2000000000000002,0.44000000000000006,0.2,1,1,1,5,0.12597017372330865,0.11311026331900408,0.5231404304504395,0.1410980224609375
500,1.2000000000000002,0.44000000000000006,0.2,1,1,1,6,0.14001394018326793,0.10779734571251544,0.5665528774261475,0.12210416793823242
500,1.2000000000000002,0.44000000000000006,0.2,1,1,1,7,0.12483512549325763,0.09318120430629515,0.7611083984375,0.17928314208984375
500,1.2000000000000002,0.44000000000000006,0.2,1,1,1,8,0.12552834597238136,0.08090815854192157,0.7816808223724365,0.10495734214782715
500,1.2000000000000002,0.44000000000000006,0.2,1,1,1,9,0.11971342652192575,0.09495013177159489,0.6113860607147217,0.09534835815429688
500,1.2000000000000002,0.44000000000000006,0.2,1,1,1,10,0.13295232705096174,0.09982934871616334,0.657416820526123,0.12157726287841797
500,1.2000000000000002,0.44000000000000006,0.2,1,1,1,11,0.1568952641064409,0.10517553797146093,0.5971837043762207,0.09422516822814941
500,1.2000000000000002,0.44000000000000006,0.2,1,1,1,12,0.12457675141938084,0.08512553401536911,0.6643130779266357,0.10861587524414062
500,1.2000000000000002,0.44000000000000006,0.2,1,1,1,13,0.1301732146696925,0.09212923419105912,0.7425572872161865,0.11325454711914062
500,1.2000000000000002,0.44000000000000006,0.2,1,1,1,14,0.12744216866014815,0.08629961477232558,0.5579814910888672,0.1509876251220703
500,1.2000000000000002,0.44000000000000006,0.2,1,1,1,15,0.15319762806966453,0.09172583583201298,0.679344892501831,0.11811590194702148
500,1.2000000000000002,0.44000000000000006,0.2,1,1,1,16,0.13722786656563882,0.10156948255413983,0.6385297775268555,0.11017632484436035
500,1.2000000000000002,0.44000000000000006,0.2,1,1,1,17,0.1318565320924597,0.09792375586265985,0.6570522785186768,0.13544726371765137
500,1.2000000000000002,0.44000000000000006,0.2,1,1,1,18,0.15001272483259237,0.09093327440665859,0.6694459915161133,0.11408376693725586
500,1.2000000000000002,0.44000000000000006,0.2,1,1,1,19,0.13366690759801275,0.07875086864864025,0.544513463973999,0.08754754066467285
500,1.2000000000000002,0.44000000000000006,0.2,1,1,1,20,0.14651459467542005,0.10832916727282979,0.5280947685241699,0.10947704315185547
500,1.2000000000000002,0.44000000000000006,0.2,1,1,1,21,0.11762335169080612,0.08423516177330705,0.5956881046295166,0.09556198120117188
500,1.2000000000000002,0.44000000000000006,0.2,1,1,1,22,0.12109086362240003,0.08827021029512541,0.6843864917755127,0.1125330924987793
500,1.2000000000000002,0.44000000000000006,0.2,1,1,1,23,0.13926476239829674,0.09255306914962727,0.6380300521850586,0.12290382385253906
500,1.2000000000000002,0.44000000000000006,0.2,1,1,1,24,0.12703327231800637,0.08790789950479748,0.5499410629272461,0.08816385269165039
500,1.4000000000000001,0.44000000000000006,0.2,1,1,1,0,0.15800755236262282,0.08726652135681123,0.5888006687164307,0.10103058815002441
500,1.4000000000000001,0.44000000000000006,0.2,1,1,1,1,0.15158348842031052,0.1316182892746386,0.6159272193908691,0.11629343032836914
500,1.4000000000000001,0.44000000000000006,0.2,1,1,1,2,0.15471762117196922,0.12057740982748615,0.6199347972869873,0.10442852973937988
500,1.4000000000000001,0.44000000000000006,0.2,1,1,1,3,0.1568500276381211,0.11243277543028166,0.6977517604827881,0.13499760627746582
500,1.4000000000000001,0.44000000000000006,0.2,1,1,1,4,0.17573025758141123,0.07779649862014801,0.505657434463501,0.08863615989685059
500,1.4000000000000001,0.44000000000000006,0.2,1,1,1,5,0.1811251599996431,0.10494276252314046,0.5493209362030029,0.09188222885131836
500,1.4000000000000001,0.44000000000000006,0.2,1,1,1,6,0.15265772854509116,0.09173420735713023,0.5438425540924072,0.09249043464660645
500,1.4000000000000001,0.44000000000000006,0.2,1,1,1,7,0.17324822608253224,0.09891251547399382,0.5457587242126465,0.10301613807678223
500,1.4000000000000001,0.44000000000000006,0.2,1,1,1,8,0.1668801564511589,0.0996161467651699,0.5765063762664795,0.1262068748474121
500,1.4000000000000001,0.44000000000000006,0.2,1,1,1,9,0.1862789489079636,0.09924271915422773,0.725771427154541,0.09731054306030273
500,1.4000000000000001,0.44000000000000006,0.2,1,1,1,10,0.13605445469939417,0.11279558933053177,0.6757566928863525,0.10111713409423828
500,1.4000000000000001,0.44000000000000006,0.2,1,1,1,11,0.14531829711903896,0.13356420926309834,0.6488802433013916,0.11237359046936035
500,1.4000000000000001,0.44000000000000006,0.2,1,1,1,12,0.1638795018815006,0.10879074503345915,0.5524206161499023,0.11973714828491211
500,1.4000000000000001,0.44000000000000006,0.2,1,1,1,13,0.15624063653299394,0.140483005936721,0.7018001079559326,0.11958742141723633
500,1.4000000000000001,0.44000000000000006,0.2,1,1,1,14,0.1412984296027314,0.09378578418442023,0.6492123603820801,0.1227421760559082
500,1.4000000000000001,0.44000000000000006,0.2,1,1,1,15,0.14915417244790422,0.09673638905259185,0.6036889553070068,0.11317563056945801
500,1.4000000000000001,0.44000000000000006,0.2,1,1,1,16,0.16917996650238357,0.12418264651120568,0.5737757682800293,0.09539794921875
500,1.4000000000000001,0.44000000000000006,0.2,1,1,1,17,0.14516658059353582,0.10565606744364239,0.5234615802764893,0.13004422187805176
500,1.4000000000000001,0.44000000000000006,0.2,1,1,1,18,0.1364399670317183,0.09203634552381204,0.6231999397277832,0.0984804630279541
500,1.4000000000000001,0.44000000000000006,0.2,1,1,1,19,0.1563408596143476,0.11614874905691566,0.652092456817627,0.12158608436584473
500,1.4000000000000001,0.44000000000000006,0.2,1,1,1,20,0.15043803783566323,0.12142238515079003,0.5661661624908447,0.10416674613952637
500,1.4000000000000001,0.44000000000000006,0.2,1,1,1,21,0.14955359003638322,0.12692162649063168,0.674121618270874,0.11026310920715332
500,1.4000000000000001,0.44000000000000006,0.2,1,1,1,22,0.16084237255672326,0.1069778836408132,0.5299365520477295,0.11616945266723633
500,1.4000000000000001,0.44000000000000006,0.2,1,1,1,23,0.1521019572071647,0.09709403881328174,0.5643682479858398,0.10503888130187988
500,1.4000000000000001,0.44000000000000006,0.2,1,1,1,24,0.1657642190774448,0.09826271792306905,0.61936354637146,0.10519289970397949
500,1.6,0.44000000000000006,0.2,1,1,1,0,0.19795834228957987,0.12814578939369173,0.704430341720581,0.12838387489318848
500,1.6,0.44000000000000006,0.2,1,1,1,1,0.17169124054720689,0.11913968208716795,0.556938886642456,0.09807443618774414
500,1.6,0.44000000000000006,0.2,1,1,1,2,0.16614950977730653,0.10286590814816497,0.6606781482696533,0.11322546005249023
500,1.6,0.44000000000000006,0.2,1,1,1,3,0.1690624023734268,0.12723389715833744,0.565915584564209,0.10500240325927734
500,1.6,0.44000000000000006,0.2,1,1,1,4,0.1697339179345735,0.10980713537641923,0.6547298431396484,0.08866047859191895
500,1.6,0.44000000000000006,0.2,1,1,1,5,0.18822200021630414,0.10779404005924104,0.8782601356506348,0.13614368438720703
500,1.6,0.44000000000000006,0.2,1,1,1,6,0.1907044653408058,0.1397379238635051,0.5597438812255859,0.11402010917663574
500,1.6,0.44000000000000006,0.2,1,1,1,7,0.19427652762335829,0.13673999385160313,0.5726323127746582,0.07661914825439453
500,1.6,0.44000000000000006,0.2,1,1,1,8,0.16815423901153986,0.0959057927573046,0.5953772068023682,0.0921630859375
500,1.6,0.44000000000000006,0.2,1,1,1,9,0.19825993837319253,0.12959757735144112,0.6622161865234375,0.0944674015045166
500,1.6,0.44000000000000006,0.2,1,1,1,10,0.23697853280054917,0.11429804743166017,0.6671514511108398,0.11525535583496094
500,1.6,0.44000000000000006,0.2,1,1,1,11,0.1566106309042139,0.12451620675289064,0.518972635269165,0.1279921531677246
500,1.6,0.44000000000000006,0.2,1,1,1,12,0.1822043198164938,0.12291899344033828,0.6435723304748535,0.10179853439331055
500,1.6,0.44000000000000006,0.2,1,1,1,13,0.16760598381964892,0.12624848566113786,0.6327042579650879,0.09566617012023926
500,1.6,0.44000000000000006,0.2,1,1,1,14,0.1860424147011088,0.14449749385729957,0.5942564010620117,0.09002065658569336
500,1.6,0.44000000000000006,0.2,1,1,1,15,0.18088053759548195,0.11984926309015259,0.6770319938659668,0.1192617416381836
500,1.6,0.44000000000000006,0.2,1,1,1,16,0.17520644335701385,0.10751085947085753,0.7389869689941406,0.12363457679748535
500,1.6,0.44000000000000006,0.2,1,1,1,17,0.16244839424020327,0.10823938816084205,0.5892727375030518,0.0954887866973877
500,1.6,0.44000000000000006,0.2,1,1,1,18,0.1720221460099829,0.1184033687102848,0.5948927402496338,0.08942055702209473
500,1.6,0.44000000000000006,0.2,1,1,1,19,0.18269040338559964,0.10404415101118336,0.6216404438018799,0.09095907211303711
500,1.6,0.44000000000000006,0.2,1,1,1,20,0.21568324715383805,0.11715182065555285,0.7180674076080322,0.12769365310668945
500,1.6,0.44000000000000006,0.2,1,1,1,21,0.1714121756560307,0.13804356735545142,0.6278786659240723,0.10408949851989746
500,1.6,0.44000000000000006,0.2,1,1,1,22,0.1693448801361312,0.11346898907563514,0.5809893608093262,0.11351180076599121
500,1.6,0.44000000000000006,0.2,1,1,1,23,0.19211198458219106,0.12371527996092922,0.5523626804351807,0.12172389030456543
500,1.6,0.44000000000000006,0.2,1,1,1,24,0.18458256148222071,0.09933091441582302,0.6152961254119873,0.09961509704589844
500,1.8,0.44000000000000006,0.2,1,1,1,0,0.20945709743096794,0.17589031738235433,0.8258795738220215,0.15695977210998535
500,1.8,0.44000000000000006,0.2,1,1,1,1,0.2134793093669586,0.15049204821154163,0.6161963939666748,0.09962153434753418
500,1.8,0.44000000000000006,0.2,1,1,1,2,0.18636780134226258,0.11643457896923946,0.5334653854370117,0.11064314842224121
500,1.8,0.44000000000000006,0.2,1,1,1,3,0.20609247188711294,0.15260625231929414,0.6407299041748047,0.13739442825317383
500,1.8,0.44000000000000006,0.2,1,1,1,4,0.2043290412303626,0.1465857943022748,0.6509077548980713,0.11366105079650879
500,1.8,0.44000000000000006,0.2,1,1,1,5,0.20005301257831543,0.11269701021052825,0.6455104351043701,0.13072681427001953
500,1.8,0.44000000000000006,0.2,1,1,1,6,0.20311439029144857,0.12474130329998238,0.7072470188140869,0.10991430282592773
500,1.8,0.44000000000000006,0.2,1,1,1,7,0.20374066996926937,0.1439231585138231,0.5167427062988281,0.10671424865722656
500,1.8,0.44000000000000006,0.2,1,1,1,8,0.17551720848314514,0.11262886630731289,0.6153531074523926,0.08056354522705078
500,1.8,0.44000000000000006,0.2,1,1,1,9,0.22463531596656008,0.11715554139538963,0.6951644420623779,0.10479211807250977
500,1.8,0.44000000000000006,0.2,1,1,1,10,0.16795545199020526,0.15519806846414178,0.602611780166626,0.10016131401062012
500,1.8,0.44000000000000006,0.2,1,1,1,11,0.19786472998555799,0.1450382218262203,0.6018965244293213,0.11230659484863281
500,1.8,0.44000000000000006,0.2,1,1,1,12,0.2077304577691579,0.12066309938699235,0.5975785255432129,0.09936141967773438
500,1.8,0.44000000000000006,0.2,1,1,1,13,0.18247258317923015,0.13712093071989956,0.6563587188720703,0.10461878776550293
500,1.8,0.44000000000000006,0.2,1,1,1,14,0.2169490685717061,0.1472123669303228,0.5258452892303467,0.11460280418395996
500,1.8,0.44000000000000006,0.2,1,1,1,15,0.19733566255355484,0.138395075573441,0.6257102489471436,0.09552001953125
500,1.8,0.44000000000000006,0.2,1,1,1,16,0.19281093842325428,0.12145879449853131,0.6768679618835449,0.12405037879943848
500,1.8,0.44000000000000006,0.2,1,1,1,17,0.18499360030145914,0.12277137509580321,0.6831462383270264,0.1311798095703125
500,1.8,0.44000000000000006,0.2,1,1,1,18,0.2295107138913745,0.1734262615551499,0.5163998603820801,0.10718750953674316
500,1.8,0.44000000000000006,0.2,1,1,1,19,0.21080706187019915,0.1335441083702327,0.6362338066101074,0.12716317176818848
500,1.8,0.44000000000000006,0.2,1,1,1,20,0.2049184965528646,0.12800811948448346,0.6428639888763428,0.11144328117370605
500,1.8,0.44000000000000006,0.2,1,1,1,21,0.18688885301828081,0.147291713688844,0.6296801567077637,0.11338257789611816
500,1.8,0.44000000000000006,0.2,1,1,1,22,0.19242034440499473,0.11987549217282527,0.6436593532562256,0.11165523529052734
500,1.8,0.44000000000000006,0.2,1,1,1,23,0.2104905214801069,0.13619250120119877,0.5529530048370361,0.10137152671813965
500,1.8,0.44000000000000006,0.2,1,1,1,24,0.18776712094252493,0.1069810038613954,0.5648162364959717,0.12427186965942383
500,2.0,0.44000000000000006,0.2,1,1,1,0,0.2245358110820932,0.14363038802716152,0.5231959819793701,0.11846566200256348
500,2.0,0.44000000000000006,0.2,1,1,1,1,0.20810065789482812,0.1708987859713191,0.6219842433929443,0.14508056640625
500,2.0,0.44000000000000006,0.2,1,1,1,2,0.2203264742992606,0.150797230307518,0.7204368114471436,0.12868785858154297
500,2.0,0.44000000000000006,0.2,1,1,1,3,0.21808851272276233,0.13261549148210275,0.5719778537750244,0.08091926574707031
500,2.0,0.44000000000000006,0.2,1,1,1,4,0.21389871276356381,0.14659580740698305,0.6068663597106934,0.10559344291687012
500,2.0,0.44000000000000006,0.2,1,1,1,5,0.22966674568660742,0.1341247055052601,0.6339578628540039,0.08682131767272949
500,2.0,0.44000000000000006,0.2,1,1,1,6,0.20034028166074308,0.1468052262502347,0.5965309143066406,0.08886289596557617
500,2.0,0.44000000000000006,0.2,1,1,1,7,0.21146390248894845,0.14820708110386502,0.6182715892791748,0.11782550811767578
500,2.0,0.44000000000000006,0.2,1,1,1,8,0.2349748062368264,0.14260475243081838,0.6863200664520264,0.12179923057556152
500,2.0,0.44000000000000006,0.2,1,1,1,9,0.20504806321489594,0.15178512300715885,0.5252399444580078,0.12374687194824219
500,2.0,0.44000000000000006,0.2,1,1,1,10,0.21472228469606305,0.1825163075620289,0.5648472309112549,0.08501601219177246
500,2.0,0.44000000000000006,0.2,1,1,1,11,0.25058426180099447,0.17920441403153775,0.5506572723388672,0.1255021095275879
500,2.0,0.44000000000000006,0.2,1,1,1,12,0.2644308526201578,0.18277160382711274,0.6520838737487793,0.10369133949279785
500,2.0,0.44000000000000006,0.2,1,1,1,13,0.23555934928108496,0.11728891345819364,0.6754841804504395,0.11565732955932617
500,2.0,0.44000000000000006,0.2,1,1,1,14,0.20304806390870303,0.15817518521440874,0.7451097965240479,0.12463736534118652
500,2.0,0.44000000000000006,0.2,1,1,1,15,0.22829667608004217,0.15123972877329822,0.5350089073181152,0.13439607620239258
500,2.0,0.44000000000000006,0.2,1,1,1,16,0.22894043362878994,0.13289011480782895,0.6061363220214844,0.09261584281921387
500,2.0,0.44000000000000006,0.2,1,1,1,17,0.21798969864719414,0.16473345831548128,0.6425201892852783,0.1398754119873047
500,2.0,0.44000000000000006,0.2,1,1,1,18,0.22066767167767995,0.14754425647332953,0.6669797897338867,0.1155996322631836
500,2.0,0.44000000000000006,0.2,1,1,1,19,0.2705789116345879,0.1470494403719025,0.5024764537811279,0.10211443901062012
500,2.0,0.44000000000000006,0.2,1,1,1,20,0.21600646545345395,0.15282380210706495,0.5880038738250732,0.11049103736877441
500,2.0,0.44000000000000006,0.2,1,1,1,21,0.1997417000733214,0.17551493228405365,0.5832529067993164,0.10967063903808594
500,2.0,0.44000000000000006,0.2,1,1,1,22,0.20203214383855725,0.15492450218942355,0.6730961799621582,0.11545395851135254
500,2.0,0.44000000000000006,0.2,1,1,1,23,0.19753875586607325,0.1332665321295699,0.6748344898223877,0.12325525283813477
500,2.0,0.44000000000000006,0.2,1,1,1,24,0.22203241716278474,0.14805215729164556,0.5315258502960205,0.10803675651550293
500,2.2,0.44000000000000006,0.2,1,1,1,0,0.24718829076843918,0.1772379214016858,0.6310787200927734,0.0876469612121582
500,2.2,0.44000000000000006,0.2,1,1,1,1,0.21709401317277308,0.13766527640991788,0.5750443935394287,0.11288189888000488
500,2.2,0.44000000000000006,0.2,1,1,1,2,0.24655630983473314,0.15485447414627673,0.528853178024292,0.12460708618164062
500,2.2,0.44000000000000006,0.2,1,1,1,3,0.25691137675726594,0.17797312535370852,0.6254396438598633,0.14055752754211426
500,2.2,0.44000000000000006,0.2,1,1,1,4,0.23459509294023734,0.14602704103184308,0.729273796081543,0.10964465141296387
500,2.2,0.44000000000000006,0.2,1,1,1,5,0.24001345567718665,0.18337181317240717,0.5254476070404053,0.09747624397277832
500,2.2,0.44000000000000006,0.2,1,1,1,6,0.22496007032156654,0.18421938812716693,0.6203780174255371,0.10470390319824219
500,2.2,0.44000000000000006,0.2,1,1,1,7,0.23120613287767453,0.14985109111609515,0.5455422401428223,0.11478590965270996
500,2.2,0.44000000000000006,0.2,1,1,1,8,0.26873532583725374,0.16143637772159647,0.6319541931152344,0.12899184226989746
500,2.2,0.44000000000000006,0.2,1,1,1,9,0.2762185007429727,0.2067378161358254,0.7958319187164307,0.14448928833007812
500,2.2,0.44000000000000006,0.2,1,1,1,10,0.21993422498669943,0.1581290225526377,0.5932927131652832,0.09753060340881348
500,2.2,0.44000000000000006,0.2,1,1,1,11,0.23906114872096798,0.18271284002055657,0.5369939804077148,0.11702656745910645
500,2.2,0.44000000000000006,0.2,1,1,1,12,0.23600507653215022,0.13511796408513801,0.6224415302276611,0.09556937217712402
500,2.2,0.44000000000000006,0.2,1,1,1,13,0.24952360194707612,0.14898181587738102,0.6831264495849609,0.10458993911743164
500,2.2,0.44000000000000006,0.2,1,1,1,14,0.23565669903567993,0.16326158568512467,0.6475682258605957,0.11964941024780273
500,2.2,0.44000000000000006,0.2,1,1,1,15,0.23712120076762674,0.2082237951250463,0.5823390483856201,0.08760213851928711
500,2.2,0.44000000000000006,0.2,1,1,1,16,0.23404903549155162,0.16833700581883432,0.5932192802429199,0.09963870048522949
500,2.2,0.44000000000000006,0.2,1,1,1,17,0.26530091660915806,0.1438568260790409,0.597766637802124,0.08127856254577637
500,2.2,0.44000000000000006,0.2,1,1,1,18,0.24065383727095216,0.1764385450007155,0.6116573810577393,0.08526849746704102
500,2.2,0.44000000000000006,0.2,1,1,1,19,0.2898382467709571,0.15495800909978497,0.7627644538879395,0.120208740234375
500,2.2,0.44000000000000006,0.2,1,1,1,20,0.3070658387497232,0.15808805754652572,0.5532271862030029,0.11832499504089355
500,2.2,0.44000000000000006,0.2,1,1,1,21,0.2370650424954673,0.1464466860381111,0.5581619739532471,0.10937857627868652
500,2.2,0.44000000000000006,0.2,1,1,1,22,0.27506320122936917,0.17462656587064102,0.5657644271850586,0.11570858955383301
500,2.2,0.44000000000000006,0.2,1,1,1,23,0.24773589189813472,0.17631623138081218,0.6372079849243164,0.09850144386291504
500,2.2,0.44000000000000006,0.2,1,1,1,24,0.3293740927172292,0.20327293958830686,0.677541971206665,0.11899685859680176
500,2.4000000000000004,0.44000000000000006,0.2,1,1,1,0,0.29641498742697847,0.1645666637660468,0.7360007762908936,0.13784337043762207
500,2.4000000000000004,0.44000000000000006,0.2,1,1,1,1,0.23850708011247143,0.13362788098318823,0.5360569953918457,0.12347078323364258
500,2.4000000000000004,0.44000000000000006,0.2,1,1,1,2,0.2730718707778731,0.2032437953284819,0.5759844779968262,0.11317038536071777
500,2.4000000000000004,0.44000000000000006,0.2,1,1,1,3,0.34973630274729844,0.19794522995660757,0.5474629402160645,0.13161110877990723
500,2.4000000000000004,0.44000000000000006,0.2,1,1,1,4,0.26667243419675724,0.15495796417441363,0.7558012008666992,0.1655571460723877
500,2.4000000000000004,0.44000000000000006,0.2,1,1,1,5,0.24413322189576964,0.1989410346537057,0.6466526985168457,0.09419751167297363
500,2.4000000000000004,0.44000000000000006,0.2,1,1,1,6,0.25269533308878883,0.20432399124793257,0.648216724395752,0.10169720649719238
500,2.4000000000000004,0.44000000000000006,0.2,1,1,1,7,0.27809906647088195,0.15591789008283646,0.5953781604766846,0.10013604164123535
500,2.4000000000000004,0.44000000000000006,0.2,1,1,1,8,0.2741308807868154,0.1933469350201571,0.5786471366882324,0.12448430061340332
500,2.4000000000000004,0.44000000000000006,0.2,1,1,1,9,0.2648778406246304,0.15241218993669808,0.6794977188110352,0.11257338523864746
500,2.4000000000000004,0.44000000000000006,0.2,1,1,1,10,0.28376953421547774,0.19662306581310932,0.6569974422454834,0.12159013748168945
500,2.4000000000000004,0.44000000000000006,0.2,1,1,1,11,0.24899226327110016,0.1909353440380514,0.5776805877685547,0.09344029426574707
500,2.4000000000000004,0.44000000000000006,0.2,1,1,1,12,0.25148034506899225,0.179185207538472,0.6295783519744873,0.09339284896850586
500,2.4000000000000004,0.44000000000000006,0.2,1,1,1,13,0.31508607221128926,0.1565361174502582,0.6203718185424805,0.09046483039855957
500,2.4000000000000004,0.44000000000000006,0.2,1,1,1,14,0.27600246095874603,0.16856010549071582,0.5939638614654541,0.09455561637878418
500,2.4000000000000004,0.44000000000000006,0.2,1,1,1,15,0.2761128414722846,0.17713026819875322,0.751251220703125,0.12576580047607422
500,2.4000000000000004,0.44000000000000006,0.2,1,1,1,16,0.27126219998220036,0.26004568706057496,0.6648826599121094,0.08758234977722168
500,2.4000000000000004,0.44000000000000006,0.2,1,1,1,17,0.26375856575056605,0.1428076939631637,0.6226606369018555,0.10134363174438477
500,2.4000000000000004,0.44000000000000006,0.2,1,1,1,18,0.28625927263706413,0.18546760894967848,0.5661590099334717,0.10330414772033691
500,2.4000000000000004,0.44000000000000006,0.2,1,1,1,19,0.31153183153581837,0.2266129703916363,0.6251564025878906,0.08963513374328613
500,2.4000000000000004,0.44000000000000006,0.2,1,1,1,20,0.26293197993335216,0.15107479856978587,0.6702203750610352,0.1156625747680664
500,2.4000000000000004,0.44000000000000006,0.2,1,1,1,21,0.29204751326073747,0.22224082883426832,0.752497673034668,0.12161540985107422
500,2.4000000000000004,0.44000000000000006,0.2,1,1,1,22,0.26819519255974644,0.14869907293500328,0.6085412502288818,0.08943867683410645
500,2.4000000000000004,0.44000000000000006,0.2,1,1,1,23,0.2601672604489025,0.1937494257535123,0.6498527526855469,0.1195986270904541
500,2.4000000000000004,0.44000000000000006,0.2,1,1,1,24,0.24277658814846104,0.16164294999437398,0.6434717178344727,0.08958911895751953
500,2.6,0.44000000000000006,0.2,1,1,1,0,0.2632689709915183,0.18019225391758614,0.6560232639312744,0.11964821815490723
500,2.6,0.44000000000000006,0.2,1,1,1,1,0.2848851583929881,0.20941531159328605,0.7341842651367188,0.13361430168151855
500,2.6,0.44000000000000006,0.2,1,1,1,2,0.3182965106298633,0.27215938465409145,0.566173791885376,0.09363865852355957
500,2.6,0.44000000000000006,0.2,1,1,1,3,0.26165806064340946,0.1701195610280722,0.6121854782104492,0.10672235488891602
500,2.6,0.44000000000000006,0.2,1,1,1,4,0.314596717023358,0.16903336496609414,0.563246488571167,0.08858275413513184
500,2.6,0.44000000000000006,0.2,1,1,1,5,0.3491980281343919,0.23611572058539387,0.6327369213104248,0.10822248458862305
500,2.6,0.44000000000000006,0.2,1,1,1,6,0.26911908812155483,0.17275798270320059,0.7825489044189453,0.1192777156829834
500,2.6,0.44000000000000006,0.2,1,1,1,7,0.3173730961012374,0.23285116476455164,0.5705201625823975,0.08371376991271973
500,2.6,0.44000000000000006,0.2,1,1,1,8,0.2877083830648577,0.15994031833243838,0.5897881984710693,0.09835386276245117
500,2.6,0.44000000000000006,0.2,1,1,1,9,0.25688097200562754,0.17677775140861413,0.6033854484558105,0.09161019325256348
500,2.6,0.44000000000000006,0.2,1,1,1,10,0.29530643205212487,0.16867815726479987,0.615109920501709,0.08936691284179688
500,2.6,0.44000000000000006,0.2,1,1,1,11,0.31395010577193316,0.20378033039440968,0.6287612915039062,0.1338798999786377
500,2.6,0.44000000000000006,0.2,1,1,1,12,0.326770923899573,0.17483474398731036,0.6806988716125488,0.09668946266174316
500,2.6,0.44000000000000006,0.2,1,1,1,13,0.2684874271760982,0.19564508959909238,0.6390883922576904,0.10592961311340332
500,2.6,0.44000000000000006,0.2,1,1,1,14,0.29710957904498375,0.1767992137452077,0.8050932884216309,0.10962486267089844
500,2.6,0.44000000000000006,0.2,1,1,1,15,0.26938856754076707,0.18440178880498698,0.7356359958648682,0.10380291938781738
500,2.6,0.44000000000000006,0.2,1,1,1,16,0.27832429791115926,0.19168445681918908,0.7939009666442871,0.1302640438079834
500,2.6,0.44000000000000006,0.2,1,1,1,17,0.2917463523565245,0.17336306311472213,0.647756814956665,0.13028621673583984
500,2.6,0.44000000000000006,0.2,1,1,1,18,0.32087792764964845,0.16271605316751778,0.7631082534790039,0.16476011276245117
500,2.6,0.44000000000000006,0.2,1,1,1,19,0.25999127360197677,0.17235651070537933,0.6711001396179199,0.09462308883666992
500,2.6,0.44000000000000006,0.2,1,1,1,20,0.2739945806513985,0.15852936406200702,0.6653509140014648,0.12267279624938965
500,2.6,0.44000000000000006,0.2,1,1,1,21,0.3048885353087501,0.20352440589867182,0.8212988376617432,0.15744304656982422
500,2.6,0.44000000000000006,0.2,1,1,1,22,0.28454201812911034,0.18379677584641563,0.6322987079620361,0.16280579566955566
500,2.6,0.44000000000000006,0.2,1,1,1,23,0.25684166048807383,0.16704310822009796,0.5906391143798828,0.14472627639770508
500,2.6,0.44000000000000006,0.2,1,1,1,24,0.29840017773780736,0.2160534884041096,0.6086349487304688,0.1308577060699463
500,2.8000000000000003,0.44000000000000006,0.2,1,1,1,0,0.30432002327143576,0.24179075795265784,0.6066277027130127,0.14548373222351074
500,2.8000000000000003,0.44000000000000006,0.2,1,1,1,1,0.3601544577590646,0.2217509722573724,0.671940803527832,0.1331026554107666
500,2.8000000000000003,0.44000000000000006,0.2,1,1,1,2,0.3245057863351577,0.23161090119741615,0.5700340270996094,0.12467575073242188
500,2.8000000000000003,0.44000000000000006,0.2,1,1,1,3,0.3194889539846937,0.16403602885748217,0.552863359451294,0.1047062873840332
500,2.8000000000000003,0.44000000000000006,0.2,1,1,1,4,0.3089753676852354,0.23935076030462654,0.6398706436157227,0.13504981994628906
500,2.8000000000000003,0.44000000000000006,0.2,1,1,1,5,0.3352148291721982,0.18368139278807166,0.639258861541748,0.14842009544372559
500,2.8000000000000003,0.44000000000000006,0.2,1,1,1,6,0.35381350936793443,0.18741011950676953,0.6825416088104248,0.11863541603088379
500,2.8000000000000003,0.44000000000000006,0.2,1,1,1,7,0.3148484487352015,0.18829132617800937,0.6087117195129395,0.09506511688232422
500,2.8000000000000003,0.44000000000000006,0.2,1,1,1,8,0.28139294659517605,0.2223059064451897,0.6045200824737549,0.09943962097167969
500,2.8000000000000003,0.44000000000000006,0.2,1,1,1,9,0.2819385197574181,0.17370204119329355,0.6480405330657959,0.09878921508789062
500,2.8000000000000003,0.44000000000000006,0.2,1,1,1,10,0.34390698392751134,0.26208524229264896,0.6062312126159668,0.0954291820526123
500,2.8000000000000003,0.44000000000000006,0.2,1,1,1,11,0.27747406735223346,0.1912530044988413,0.6917972564697266,0.14676880836486816
500,2.8000000000000003,0.44000000000000006,0.2,1,1,1,12,0.28711321081450775,0.2066256262962881,0.6982994079589844,0.11658978462219238
500,2.8000000000000003,0.44000000000000006,0.2,1,1,1,13,0.3283938280070229,0.17867656446135208,0.5701429843902588,0.1033165454864502
500,2.8000000000000003,0.44000000000000006,0.2,1,1,1,14,0.3024889586473184,0.2020590466806329,0.5781669616699219,0.12845468521118164
500,2.8000000000000003,0.44000000000000006,0.2,1,1,1,15,0.30747298052862015,0.19376291209686153,0.5700228214263916,0.1059727668762207
500,2.8000000000000003,0.44000000000000006,0.2,1,1,1,16,0.3418179210798351,0.18993390181337172,0.669687032699585,0.13442134857177734
500,2.8000000000000003,0.44000000000000006,0.2,1,1,1,17,0.30493049714345355,0.1886734020541198,0.7299659252166748,0.11089944839477539
500,2.8000000000000003,0.44000000000000006,0.2,1,1,1,18,0.28683683889331585,0.16647144431754635,0.5671291351318359,0.09618759155273438
500,2.8000000000000003,0.44000000000000006,0.2,1,1,1,19,0.30573447147249844,0.26215799547390595,0.6297476291656494,0.09822678565979004
500,2.8000000000000003,0.44000000000000006,0.2,1,1,1,20,0.30939105024572305,0.20120286677054255,0.5334212779998779,0.12541961669921875
500,2.8000000000000003,0.44000000000000006,0.2,1,1,1,21,0.31178431718726113,0.23860459996241587,0.6453616619110107,0.1072537899017334
500,2.8000000000000003,0.44000000000000006,0.2,1,1,1,22,0.29162599622825436,0.21141732538317148,0.5892071723937988,0.14972138404846191
500,2.8000000000000003,0.44000000000000006,0.2,1,1,1,23,0.2853397856448514,0.20846127956288196,0.6078472137451172,0.10552597045898438
500,2.8000000000000003,0.44000000000000006,0.2,1,1,1,24,0.344788710651888,0.3093443520067229,0.6085073947906494,0.10551166534423828
500,3.0,0.44000000000000006,0.2,1,1,1,0,0.33467780859585594,0.265235180711241,0.568579912185669,0.10654330253601074
500,3.0,0.44000000000000006,0.2,1,1,1,1,0.352029103952354,0.17808036526392146,0.587878942489624,0.10758709907531738
500,3.0,0.44000000000000006,0.2,1,1,1,2,0.3247532729490844,0.2351521763441871,0.6328396797180176,0.11970996856689453
500,3.0,0.44000000000000006,0.2,1,1,1,3,0.2947148861858346,0.2135468248730884,0.517491340637207,0.12343525886535645
500,3.0,0.44000000000000006,0.2,1,1,1,4,0.31664983238519406,0.23598612740792183,0.5798916816711426,0.10359716415405273
500,3.0,0.44000000000000006,0.2,1,1,1,5,0.3857310082614646,0.2067435832041956,0.5417351722717285,0.12065982818603516
500,3.0,0.44000000000000006,0.2,1,1,1,6,0.34464551621668305,0.2018537163371251,0.6010732650756836,0.1282491683959961
500,3.0,0.44000000000000006,0.2,1,1,1,7,0.3699770224178769,0.21268671640928172,0.8648171424865723,0.14372611045837402
500,3.0,0.44000000000000006,0.2,1,1,1,8,0.387901334575397,0.23329322645791553,0.5402023792266846,0.1039130687713623
500,3.0,0.44000000000000006,0.2,1,1,1,9,0.3094857126633482,0.2568945727717807,0.5502893924713135,0.09952831268310547
500,3.0,0.44000000000000006,0.2,1,1,1,10,0.4057908660964865,0.278641479900828,0.529451847076416,0.10278987884521484
500,3.0,0.44000000000000006,0.2,1,1,1,11,0.39240454038029243,0.1868065584459852,0.6149969100952148,0.09792971611022949
500,3.0,0.44000000000000006,0.2,1,1,1,12,0.38235151362626285,0.21165108726078205,0.6260919570922852,0.12389588356018066
500,3.0,0.44000000000000006,0.2,1,1,1,13,0.3030800374627963,0.2497234469150662,0.7141172885894775,0.12063312530517578
500,3.0,0.44000000000000006,0.2,1,1,1,14,0.3489864545161237,0.21903500099998713,0.6034705638885498,0.10215282440185547
500,3.0,0.44000000000000006,0.2,1,1,1,15,0.3390661686097076,0.24890373008517652,0.5433869361877441,0.1024930477142334
500,3.0,0.44000000000000006,0.2,1,1,1,16,0.319608744579395,0.2362494640066025,0.5764076709747314,0.08942914009094238
500,3.0,0.44000000000000006,0.2,1,1,1,17,0.3517254290679813,0.2275269696810796,0.621445894241333,0.10975956916809082
500,3.0,0.44000000000000006,0.2,1,1,1,18,0.3176018628088092,0.2393551553575537,0.7016746997833252,0.12819671630859375
500,3.0,0.44000000000000006,0.2,1,1,1,19,0.4500760843203296,0.22046724655045552,0.5794646739959717,0.11121940612792969
500,3.0,0.44000000000000006,0.2,1,1,1,20,0.30710998021121944,0.219744345678439,0.6367628574371338,0.10125303268432617
500,3.0,0.44000000000000006,0.2,1,1,1,21,0.3457683225430426,0.2239589006128219,0.5505702495574951,0.12615203857421875
500,3.0,0.44000000000000006,0.2,1,1,1,22,0.3911080717607374,0.21282472324049295,0.5704388618469238,0.11988282203674316
500,3.0,0.44000000000000006,0.2,1,1,1,23,0.37242864532573705,0.18954791644015515,0.7343466281890869,0.13049936294555664
500,3.0,0.44000000000000006,0.2,1,1,1,24,0.33010416000932025,0.17946480743356333,0.5793097019195557,0.09749317169189453
500,3.2,0.44000000000000006,0.2,1,1,1,0,0.32968027477823364,0.25750488396013477,0.6004040241241455,0.09055519104003906
500,3.2,0.44000000000000006,0.2,1,1,1,1,0.39087266761795664,0.37379039633901295,0.588519811630249,0.1295781135559082
500,3.2,0.44000000000000006,0.2,1,1,1,2,0.37391309522213445,0.22380564558633745,0.685694694519043,0.11126852035522461
500,3.2,0.44000000000000006,0.2,1,1,1,3,0.3512000071111218,0.25139936055188206,0.5866274833679199,0.12343621253967285
500,3.2,0.44000000000000006,0.2,1,1,1,4,0.35332650329698423,0.25181756942094596,0.5393733978271484,0.09948110580444336
500,3.2,0.44000000000000006,0.2,1,1,1,5,0.3793754702234418,0.3028581310693577,0.5743751525878906,0.11658024787902832
500,3.2,0.44000000000000006,0.2,1,1,1,6,0.3666144744618368,0.28340983708139694,0.5186889171600342,0.10911083221435547
500,3.2,0.44000000000000006,0.2,1,1,1,7,0.42125748129337554,0.24989691558761296,0.525092363357544,0.11104321479797363
500,3.2,0.44000000000000006,0.2,1,1,1,8,0.34620389730569084,0.19115336302447833,0.6015133857727051,0.13318490982055664
500,3.2,0.44000000000000006,0.2,1,1,1,9,0.35029867246437507,0.27802211490511997,0.6564850807189941,0.1045076847076416
500,3.2,0.44000000000000006,0.2,1,1,1,10,0.36174004677621757,0.25527811808290457,0.6723837852478027,0.09965205192565918
500,3.2,0.44000000000000006,0.2,1,1,1,11,0.3744511141586306,0.204292041682819,0.5673344135284424,0.08743834495544434
500,3.2,0.44000000000000006,0.2,1,1,1,12,0.3473702631078008,0.27919139054432873,0.5366020202636719,0.11341571807861328
500,3.2,0.44000000000000006,0.2,1,1,1,13,0.3823851688258751,0.2213181951117476,0.5812656879425049,0.11966443061828613
500,3.2,0.44000000000000006,0.2,1,1,1,14,0.3622771952207649,0.22089486644085674,0.6704719066619873,0.11863994598388672
500,3.2,0.44000000000000006,0.2,1,1,1,15,0.34768990048828907,0.2218093898738326,0.576683521270752,0.10463619232177734
500,3.2,0.44000000000000006,0.2,1,1,1,16,0.48397094127372553,0.20817612661024573,0.5399453639984131,0.11611175537109375
500,3.2,0.44000000000000006,0.2,1,1,1,17,0.3698751353535754,0.21454228086228636,0.5854141712188721,0.0956411361694336
500,3.2,0.44000000000000006,0.2,1,1,1,18,0.3552363143430313,0.2485790046856705,0.5888831615447998,0.07469367980957031
500,3.2,0.44000000000000006,0.2,1,1,1,19,0.3618956994744549,0.2297560631707358,0.6802735328674316,0.12923622131347656
500,3.2,0.44000000000000006,0.2,1,1,1,20,0.3504939581695899,0.21324247116903158,0.6307916641235352,0.11182856559753418
500,3.2,0.44000000000000006,0.2,1,1,1,21,0.38709300164186133,0.21899657078460802,0.6212155818939209,0.1276414394378662
500,3.2,0.44000000000000006,0.2,1,1,1,22,0.3511448699841424,0.20512283035879975,0.7240540981292725,0.12164998054504395
500,3.2,0.44000000000000006,0.2,1,1,1,23,0.4054506218365674,0.22515309974355902,0.5508549213409424,0.1106574535369873
500,3.2,0.44000000000000006,0.2,1,1,1,24,0.33921972350457996,0.2003014778398859,0.7532143592834473,0.1328418254852295
500,3.4000000000000004,0.44000000000000006,0.2,1,1,1,0,0.37802238760915896,0.20413642601003446,0.607487678527832,0.09815692901611328
500,3.4000000000000004,0.44000000000000006,0.2,1,1,1,1,0.37136621721532137,0.2224120843113545,0.5880110263824463,0.10043787956237793
500,3.4000000000000004,0.44000000000000006,0.2,1,1,1,2,0.3685317752019549,0.24137973474479058,0.5653319358825684,0.11364126205444336
500,3.4000000000000004,0.44000000000000006,0.2,1,1,1,3,0.4129892289876192,0.2873495972597486,0.516587495803833,0.11102604866027832
500,3.4000000000000004,0.44000000000000006,0.2,1,1,1,4,0.42713140200207095,0.24293417727024785,0.6153380870819092,0.10681700706481934
500,3.4000000000000004,0.44000000000000006,0.2,1,1,1,5,0.3667203820709173,0.21338477398860461,0.8516840934753418,0.1524341106414795
500,3.4000000000000004,0.44000000000000006,0.2,1,1,1,6,0.48018111965080074,0.2778228765251803,0.5561761856079102,0.1091008186340332
500,3.4000000000000004,0.44000000000000006,0.2,1,1,1,7,0.3817035731774519,0.21713293241302345,0.5780389308929443,0.10176777839660645
500,3.4000000000000004,0.44000000000000006,0.2,1,1,1,8,0.3999748247385004,0.20893848671811155,0.6135334968566895,0.11234569549560547
500,3.4000000000000004,0.44000000000000006,0.2,1,1,1,9,0.40036332346252584,0.19481002825293112,0.5216326713562012,0.13574576377868652
500,3.4000000000000004,0.44000000000000006,0.2,1,1,1,10,0.36208815679732637,0.24415202749540482,0.7068336009979248,0.17250514030456543
500,3.4000000000000004,0.44000000000000006,0.2,1,1,1,11,0.3722580365495199,0.21637607234646525,0.6224205493927002,0.10375738143920898
500,3.4000000000000004,0.44000000000000006,0.2,1,1,1,12,0.38816090176466866,0.2706345200135971,0.6493980884552002,0.12094664573669434
500,3.4000000000000004,0.44000000000000006,0.2,1,1,1,13,0.42085957216012176,0.2649365357131237,0.5927488803863525,0.08450841903686523
500,3.4000000000000004,0.44000000000000006,0.2,1,1,1,14,0.4190445178049612,0.21602104534591698,0.6240928173065186,0.08250784873962402
500,3.4000000000000004,0.44000000000000006,0.2,1,1,1,15,0.44383737287364355,0.21221962649604606,0.7578914165496826,0.13881659507751465
500,3.4000000000000004,0.44000000000000006,0.2,1,1,1,16,0.5869761939402368,0.29948691974834707,0.7564206123352051,0.12687253952026367
500,3.4000000000000004,0.44000000000000006,0.2,1,1,1,17,0.3872020716083451,0.2878250072858292,0.634878396987915,0.09396672248840332
500,3.4000000000000004,0.44000000000000006,0.2,1,1,1,18,0.39274595833114334,0.26009553427147164,0.560504674911499,0.10027050971984863
500,3.4000000000000004,0.44000000000000006,0.2,1,1,1,19,0.3740206049908412,0.23807318913249234,0.5812244415283203,0.06993317604064941
500,3.4000000000000004,0.44000000000000006,0.2,1,1,1,20,0.46513480952429587,0.20973461839043434,0.680372953414917,0.11723041534423828
500,3.4000000000000004,0.44000000000000006,0.2,1,1,1,21,0.3786174620885296,0.2892097682646061,0.6383864879608154,0.10204243659973145
500,3.4000000000000004,0.44000000000000006,0.2,1,1,1,22,0.3847206283879535,0.2190203139197301,0.654691219329834,0.08969545364379883
500,3.4000000000000004,0.44000000000000006,0.2,1,1,1,23,0.4051280266315266,0.22585681834777113,0.6306259632110596,0.09941554069519043
500,3.4000000000000004,0.44000000000000006,0.2,1,1,1,24,0.38763197379239656,0.26988607012558163,0.6277244091033936,0.08920431137084961
500,3.6,0.44000000000000006,0.2,1,1,1,0,0.4233894461020335,0.25006259073461823,0.6387572288513184,0.1367321014404297
500,3.6,0.44000000000000006,0.2,1,1,1,1,0.47343407769002316,0.25342166990987575,0.6218688488006592,0.10471510887145996
500,3.6,0.44000000000000006,0.2,1,1,1,2,0.443500359663418,0.34788597612473254,0.5936436653137207,0.09194684028625488
500,3.6,0.44000000000000006,0.2,1,1,1,3,0.4083683489342543,0.3047109822092049,0.5999844074249268,0.08596611022949219
500,3.6,0.44000000000000006,0.2,1,1,1,4,0.3918556868401853,0.2973951703959079,0.6033072471618652,0.08018279075622559
500,3.6,0.44000000000000006,0.2,1,1,1,5,0.4175227903315917,0.23276723144452224,0.6705009937286377,0.1144413948059082
500,3.6,0.44000000000000006,0.2,1,1,1,6,0.424784319914039,0.261890939177158,0.6830244064331055,0.12451624870300293
500,3.6,0.44000000000000006,0.2,1,1,1,7,0.397244131203703,0.28363621948288925,0.625556230545044,0.10825419425964355
500,3.6,0.44000000000000006,0.2,1,1,1,8,0.43093373740770835,0.257029203012527,0.7922751903533936,0.10874748229980469
500,3.6,0.44000000000000006,0.2,1,1,1,9,0.36183833933634796,0.30505527539841487,0.7415242195129395,0.16794085502624512
500,3.6,0.44000000000000006,0.2,1,1,1,10,0.4440389353226135,0.316619449834578,0.8285021781921387,0.16666889190673828
500,3.6,0.44000000000000006,0.2,1,1,1,11,0.3501331070497829,0.2464300408089032,0.6092216968536377,0.10043525695800781
500,3.6,0.44000000000000006,0.2,1,1,1,12,0.3965659572529559,0.25472566836680577,0.5701968669891357,0.12332987785339355
500,3.6,0.44000000000000006,0.2,1,1,1,13,0.4565151806693039,0.35758623900583203,0.5585343837738037,0.114013671875
500,3.6,0.44000000000000006,0.2,1,1,1,14,0.4442291707760747,0.2655183130110284,0.6393172740936279,0.10250639915466309
500,3.6,0.44000000000000006,0.2,1,1,1,15,0.4895441781588947,0.24420894607862392,0.6812424659729004,0.12863540649414062
500,3.6,0.44000000000000006,0.2,1,1,1,16,0.39151801190073204,0.3251002635098949,0.6894664764404297,0.0994722843170166
500,3.6,0.44000000000000006,0.2,1,1,1,17,0.4211188749133297,0.3067769844144004,0.5863590240478516,0.11250185966491699
500,3.6,0.44000000000000006,0.2,1,1,1,18,0.36952823511213895,0.2715560194726113,0.5472040176391602,0.11805891990661621
500,3.6,0.44000000000000006,0.2,1,1,1,19,0.3780714414678527,0.2713533678139074,0.5764682292938232,0.0936269760131836
500,3.6,0.44000000000000006,0.2,1,1,1,20,0.3821237005151336,0.2660672396640904,0.6164858341217041,0.08771181106567383
500,3.6,0.44000000000000006,0.2,1,1,1,21,0.4334310180802885,0.2453613228890723,0.7583284378051758,0.12458133697509766
500,3.6,0.44000000000000006,0.2,1,1,1,22,0.4367874467031727,0.2138193714203396,0.5919528007507324,0.08766984939575195
500,3.6,0.44000000000000006,0.2,1,1,1,23,0.4042656930308949,0.28998238145488064,0.5811986923217773,0.1063394546508789
500,3.6,0.44000000000000006,0.2,1,1,1,24,0.463107258011683,0.21622248257339344,0.5802590847015381,0.09645748138427734
500,3.8000000000000003,0.44000000000000006,0.2,1,1,1,0,0.37495850076154724,0.21614441143694788,0.6069605350494385,0.0954885482788086
500,3.8000000000000003,0.44000000000000006,0.2,1,1,1,1,0.43184489461146247,0.28238505537999653,0.6890394687652588,0.1276388168334961
500,3.8000000000000003,0.44000000000000006,0.2,1,1,1,2,0.4234436675493435,0.25706228696804034,0.643568754196167,0.09451651573181152
500,3.8000000000000003,0.44000000000000006,0.2,1,1,1,3,0.4253190908622415,0.2528878578748845,0.6084325313568115,0.09691691398620605
500,3.8000000000000003,0.44000000000000006,0.2,1,1,1,4,0.46264198259089795,0.24799378030434893,0.6168732643127441,0.11263561248779297
500,3.8000000000000003,0.44000000000000006,0.2,1,1,1,5,0.4698506541121303,0.3037975013623076,0.671973466873169,0.11564493179321289
500,3.8000000000000003,0.44000000000000006,0.2,1,1,1,6,0.4621509842249303,0.30404128287275506,0.7197780609130859,0.12039756774902344
500,3.8000000000000003,0.44000000000000006,0.2,1,1,1,7,0.3966142361973226,0.27655172134247513,0.6161613464355469,0.10395193099975586
500,3.8000000000000003,0.44000000000000006,0.2,1,1,1,8,0.373462464466216,0.2759200174661095,0.6189825534820557,0.0924673080444336
500,3.8000000000000003,0.44000000000000006,0.2,1,1,1,9,0.4292923633099678,0.27710984125898386,0.6135876178741455,0.08949518203735352
500,3.8000000000000003,0.44000000000000006,0.2,1,1,1,10,0.43358573526782646,0.26756348486607184,0.5267963409423828,0.11521530151367188
500,3.8000000000000003,0.44000000000000006,0.2,1,1,1,11,0.42882069620593677,0.24884402516465715,0.6374685764312744,0.10957455635070801
500,3.8000000000000003,0.44000000000000006,0.2,1,1,1,12,0.45778496305550925,0.28602462121201583,0.6748816967010498,0.1173090934753418
500,3.8000000000000003,0.44000000000000006,0.2,1,1,1,13,0.3849956797587291,0.2435492168291595,0.5411365032196045,0.09146976470947266
500,3.8000000000000003,0.44000000000000006,0.2,1,1,1,14,0.4470988972451974,0.3152573797947979,0.550128698348999,0.11166071891784668
500,3.8000000000000003,0.44000000000000006,0.2,1,1,1,15,0.4444862853163575,0.2566042235462607,0.5911102294921875,0.12041926383972168
500,3.8000000000000003,0.44000000000000006,0.2,1,1,1,16,0.4146376150503231,0.26076340626015637,0.5702037811279297,0.10046195983886719
500,3.8000000000000003,0.44000000000000006,0.2,1,1,1,17,0.3828340040127293,0.27999465592756717,0.695263147354126,0.14385628700256348
500,3.8000000000000003,0.44000000000000006,0.2,1,1,1,18,0.3946455108038443,0.2676733970335091,0.5955543518066406,0.08539676666259766
500,3.8000000000000003,0.44000000000000006,0.2,1,1,1,19,0.5176917039107026,0.23837228947633257,0.5869836807250977,0.0999152660369873
500,3.8000000000000003,0.44000000000000006,0.2,1,1,1,20,0.4182854695892121,0.34423430330394106,0.5899453163146973,0.09447431564331055
500,3.8000000000000003,0.44000000000000006,0.2,1,1,1,21,0.42914138128866197,0.27057666368604216,0.5513968467712402,0.10742330551147461
500,3.8000000000000003,0.44000000000000006,0.2,1,1,1,22,0.4388199769467772,0.31344125172317444,0.6737768650054932,0.11757445335388184
500,3.8000000000000003,0.44000000000000006,0.2,1,1,1,23,0.44148540233047145,0.3144782360294537,0.6357936859130859,0.0851130485534668
500,3.8000000000000003,0.44000000000000006,0.2,1,1,1,24,0.4516440912684516,0.27746119306237754,0.7466747760772705,0.12768316268920898
500,4.0,0.44000000000000006,0.2,1,1,1,0,0.40473231336910853,0.3031936376499687,0.6217517852783203,0.09983086585998535
500,4.0,0.44000000000000006,0.2,1,1,1,1,0.46753962985862074,0.25192957820962636,0.5105490684509277,0.10958242416381836
500,4.0,0.44000000000000006,0.2,1,1,1,2,0.44040473785937645,0.28552153049506523,0.7026767730712891,0.13423538208007812
500,4.0,0.44000000000000006,0.2,1,1,1,3,0.41174247238312783,0.27522435377274307,0.6167211532592773,0.08950948715209961
500,4.0,0.44000000000000006,0.2,1,1,1,4,0.44020013277758,0.26195122514968716,0.5704894065856934,0.10679173469543457
500,4.0,0.44000000000000006,0.2,1,1,1,5,0.4650292357700377,0.42132413160095245,0.5534288883209229,0.12766289710998535
500,4.0,0.44000000000000006,0.2,1,1,1,6,0.5074951802329073,0.23169237971551954,0.5804569721221924,0.09258532524108887
500,4.0,0.44000000000000006,0.2,1,1,1,7,0.5061053847442752,0.35241062578151444,0.6363534927368164,0.14341211318969727
500,4.0,0.44000000000000006,0.2,1,1,1,8,0.4879127646718635,0.35906896209816835,0.7350096702575684,0.1317763328552246
500,4.0,0.44000000000000006,0.2,1,1,1,9,0.44813462584912,0.30280362119043563,0.5698680877685547,0.09050655364990234
500,4.0,0.44000000000000006,0.2,1,1,1,10,0.4726310144412252,0.2779185381841098,0.5858049392700195,0.11860466003417969
500,4.0,0.44000000000000006,0.2,1,1,1,11,0.49815843039756663,0.3057424759772166,0.6516058444976807,0.08546066284179688
500,4.0,0.44000000000000006,0.2,1,1,1,12,0.39962263341197696,0.3197118005333099,0.6006293296813965,0.12188482284545898
500,4.0,0.44000000000000006,0.2,1,1,1,13,0.439162546780822,0.5584043024076958,0.6531906127929688,0.1348128318786621
500,4.0,0.44000000000000006,0.2,1,1,1,14,0.46849059077712985,0.27243059081240484,0.5191020965576172,0.09614944458007812
500,4.0,0.44000000000000006,0.2,1,1,1,15,0.3925355961937267,0.36061353325126827,0.5310714244842529,0.10259556770324707
500,4.0,0.44000000000000006,0.2,1,1,1,16,0.5147453323052754,0.29425518199138473,0.5882008075714111,0.11470198631286621
500,4.0,0.44000000000000006,0.2,1,1,1,17,0.44554352366411115,0.3362267119501276,0.5918369293212891,0.1042020320892334
500,4.0,0.44000000000000006,0.2,1,1,1,18,0.4443672511978729,0.30324124254735263,0.662806510925293,0.10943865776062012
500,4.0,0.44000000000000006,0.2,1,1,1,19,0.4610757848842329,0.32259966290744313,0.768956184387207,0.10373497009277344
500,4.0,0.44000000000000006,0.2,1,1,1,20,0.4428002682194619,0.34462776303058296,0.5788662433624268,0.0995950698852539
500,4.0,0.44000000000000006,0.2,1,1,1,21,0.4531990051249345,0.34474617917206396,0.619234561920166,0.07879281044006348
500,4.0,0.44000000000000006,0.2,1,1,1,22,0.4746008894147857,0.28355208906330776,0.6429996490478516,0.09910225868225098
500,4.0,0.44000000000000006,0.2,1,1,1,23,0.48002260346018816,0.28049444236891663,0.6386730670928955,0.10961556434631348
500,4.0,0.44000000000000006,0.2,1,1,1,24,0.4348906428756574,0.25517103523480017,0.7174131870269775,0.10329604148864746
500,4.2,0.44000000000000006,0.2,1,1,1,0,0.45691961064377684,0.3896659046723811,0.5665051937103271,0.08267807960510254
500,4.2,0.44000000000000006,0.2,1,1,1,1,0.42011568601572563,0.28484301335156276,0.5813384056091309,0.11761856079101562
500,4.2,0.44000000000000006,0.2,1,1,1,2,0.4246560361550559,0.28082117187596145,0.5789225101470947,0.1154792308807373
500,4.2,0.44000000000000006,0.2,1,1,1,3,0.535173246797604,0.28778014884876413,0.6679139137268066,0.13833951950073242
500,4.2,0.44000000000000006,0.2,1,1,1,4,0.5506214265783724,0.2913163357662691,0.7397277355194092,0.15367436408996582
500,4.2,0.44000000000000006,0.2,1,1,1,5,0.4809326346627522,0.32084391409590896,0.5719318389892578,0.10344624519348145
500,4.2,0.44000000000000006,0.2,1,1,1,6,0.4484288679472587,0.2647042666390789,0.5591943264007568,0.10979461669921875
500,4.2,0.44000000000000006,0.2,1,1,1,7,0.49873084298123727,0.29668598959906306,0.5502405166625977,0.12194252014160156
500,4.2,0.44000000000000006,0.2,1,1,1,8,0.4612557707597622,0.39796595022203063,0.5506067276000977,0.12331151962280273
500,4.2,0.44000000000000006,0.2,1,1,1,9,0.4932248816424806,0.2822837409488509,0.602025032043457,0.13283681869506836
500,4.2,0.44000000000000006,0.2,1,1,1,10,0.4704182194367529,0.32145724174376344,0.6256527900695801,0.0891256332397461
500,4.2,0.44000000000000006,0.2,1,1,1,11,0.46571372049466364,0.30177791459632397,0.5340619087219238,0.1186974048614502
500,4.2,0.44000000000000006,0.2,1,1,1,12,0.4330180603492064,0.278242950532145,0.5557329654693604,0.1163473129272461
500,4.2,0.44000000000000006,0.2,1,1,1,13,0.5323308461282724,0.32605762852305487,0.6646256446838379,0.12109565734863281
500,4.2,0.44000000000000006,0.2,1,1,1,14,0.5114752726709412,0.27790063881767085,0.9880738258361816,0.16728782653808594
500,4.2,0.44000000000000006,0.2,1,1,1,15,0.47479689318714224,0.2804344552708879,0.5327565670013428,0.10201096534729004
500,4.2,0.44000000000000006,0.2,1,1,1,16,0.46778449835670816,0.2781560758391987,0.5507004261016846,0.10604453086853027
500,4.2,0.44000000000000006,0.2,1,1,1,17,0.43436540718822586,0.2731817864161609,0.5349409580230713,0.10045480728149414
500,4.2,0.44000000000000006,0.2,1,1,1,18,0.47457076876877874,0.32089817116911223,0.5506870746612549,0.11907339096069336
500,4.2,0.44000000000000006,0.2,1,1,1,19,0.43397119368558207,0.2902539665776011,0.6375637054443359,0.11163687705993652
500,4.2,0.44000000000000006,0.2,1,1,1,20,0.496133291396245,0.28776312836647205,0.6628813743591309,0.12399578094482422
500,4.2,0.44000000000000006,0.2,1,1,1,21,0.48977599209611133,0.2824906287688845,0.583754301071167,0.09346461296081543
500,4.2,0.44000000000000006,0.2,1,1,1,22,0.4145890453855996,0.2592442894362803,0.643277645111084,0.09565234184265137
500,4.2,0.44000000000000006,0.2,1,1,1,23,0.4085603691755843,0.29984615078004945,0.6302525997161865,0.09444475173950195
500,4.2,0.44000000000000006,0.2,1,1,1,24,0.4963961409493044,0.28200416900252107,0.667027473449707,0.11342835426330566
500,4.4,0.44000000000000006,0.2,1,1,1,0,0.5365169388822837,0.3058281419947588,0.6659674644470215,0.12578034400939941
500,4.4,0.44000000000000006,0.2,1,1,1,1,0.4842070064175771,0.3254905045773232,0.6068563461303711,0.08603668212890625
500,4.4,0.44000000000000006,0.2,1,1,1,2,0.5039360066212345,0.43808972269123037,0.585737943649292,0.0924534797668457
500,4.4,0.44000000000000006,0.2,1,1,1,3,0.5625433519925482,0.30997527102013306,0.5972075462341309,0.1159963607788086
500,4.4,0.44000000000000006,0.2,1,1,1,4,0.500847630111601,0.3325534060201105,0.5880153179168701,0.1223907470703125
500,4.4,0.44000000000000006,0.2,1,1,1,5,0.5075339534429092,0.3131167521861946,0.824953556060791,0.1646099090576172
500,4.4,0.44000000000000006,0.2,1,1,1,6,0.6103317092130803,0.33029854389443436,0.56235671043396,0.09202337265014648
500,4.4,0.44000000000000006,0.2,1,1,1,7,0.5377725761645371,0.3494873765585185,0.6267075538635254,0.11795616149902344
500,4.4,0.44000000000000006,0.2,1,1,1,8,0.5129773124973289,0.3068679461532498,0.8140230178833008,0.11477041244506836
500,4.4,0.44000000000000006,0.2,1,1,1,9,0.5654547993092572,0.3110348072383917,0.6422221660614014,0.12880802154541016
500,4.4,0.44000000000000006,0.2,1,1,1,10,0.4510202254608029,0.3018314353830329,0.7092127799987793,0.0932013988494873
500,4.4,0.44000000000000006,0.2,1,1,1,11,0.46848329275093126,0.3351731612596829,0.7147879600524902,0.09588956832885742
500,4.4,0.44000000000000006,0.2,1,1,1,12,0.54015208964098,0.38269553520832905,0.6736783981323242,0.11229705810546875
500,4.4,0.44000000000000006,0.2,1,1,1,13,0.5111158385878618,0.32682869463783487,0.6943686008453369,0.11743736267089844
500,4.4,0.44000000000000006,0.2,1,1,1,14,0.5727464277158899,0.319008070900181,0.7468764781951904,0.13502717018127441
500,4.4,0.44000000000000006,0.2,1,1,1,15,0.5244746564672663,0.28841126812115714,0.8735787868499756,0.13732695579528809
500,4.4,0.44000000000000006,0.2,1,1,1,16,0.47380377829249715,0.3354949634159087,0.6268219947814941,0.11107516288757324
500,4.4,0.44000000000000006,0.2,1,1,1,17,0.46930883336727036,0.3402840378530737,0.7044157981872559,0.12244892120361328
500,4.4,0.44000000000000006,0.2,1,1,1,18,0.48899312877755347,0.3403379785871301,0.6497173309326172,0.1034553050994873
500,4.4,0.44000000000000006,0.2,1,1,1,19,0.5323418980502281,0.26226107126361586,0.7623603343963623,0.15529298782348633
500,4.4,0.44000000000000006,0.2,1,1,1,20,0.48982242273534965,0.3683019056098101,0.8973643779754639,0.12059521675109863
500,4.4,0.44000000000000006,0.2,1,1,1,21,0.5121553471726978,0.26153373887853065,0.5441195964813232,0.11102604866027832
500,4.4,0.44000000000000006,0.2,1,1,1,22,0.46986276911899555,0.3191319464122337,0.6212790012359619,0.09586668014526367
500,4.4,0.44000000000000006,0.2,1,1,1,23,0.4907410611808533,0.25968451556428224,0.5929930210113525,0.117156982421875
500,4.4,0.44000000000000006,0.2,1,1,1,24,0.45497096583175173,0.4116022998412103,0.6161990165710449,0.11376404762268066
500,4.6000000000000005,0.44000000000000006,0.2,1,1,1,0,0.48998213626221093,0.39512379941877657,0.6684932708740234,0.11151123046875
500,4.6000000000000005,0.44000000000000006,0.2,1,1,1,1,0.582431967557379,0.2982058479289867,0.6114466190338135,0.11699938774108887
500,4.6000000000000005,0.44000000000000006,0.2,1,1,1,2,0.5030501434939713,0.3588047847763049,0.75714111328125,0.12539172172546387
500,4.6000000000000005,0.44000000000000006,0.2,1,1,1,3,0.5784806858434159,0.36672043707635127,0.5411953926086426,0.09507179260253906
500,4.6000000000000005,0.44000000000000006,0.2,1,1,1,4,0.5708590812438668,0.3503171144426705,0.548114538192749,0.1363694667816162
500,4.6000000000000005,0.44000000000000006,0.2,1,1,1,5,0.5887177333970398,0.30920090206578266,0.7142233848571777,0.08357596397399902
500,4.6000000000000005,0.44000000000000006,0.2,1,1,1,6,0.6062487293142936,0.30853778343392796,0.5943715572357178,0.08277463912963867
500,4.6000000000000005,0.44000000000000006,0.2,1,1,1,7,0.4879180652002555,0.4036512186946122,0.5805449485778809,0.09927940368652344
500,4.6000000000000005,0.44000000000000006,0.2,1,1,1,8,0.4869766386741026,0.38611670509168716,0.5767216682434082,0.11468029022216797
500,4.6000000000000005,0.44000000000000006,0.2,1,1,1,9,0.47115032901135734,0.3307071737445937,0.5565500259399414,0.07531142234802246
500,4.6000000000000005,0.44000000000000006,0.2,1,1,1,10,0.5914243185885418,0.3088171704637327,0.6989278793334961,0.13428974151611328
500,4.6000000000000005,0.44000000000000006,0.2,1,1,1,11,0.4878431166489386,0.2980287076335612,0.6399660110473633,0.08462262153625488
500,4.6000000000000005,0.44000000000000006,0.2,1,1,1,12,0.5065546351317803,0.41748454014884734,0.6167805194854736,0.09107398986816406
500,4.6000000000000005,0.44000000000000006,0.2,1,1,1,13,0.6109505375448043,0.3419839950076291,0.6385035514831543,0.08419322967529297
500,4.6000000000000005,0.44000000000000006,0.2,1,1,1,14,0.5799786770591457,0.3744459986537029,0.6094365119934082,0.08360838890075684
500,4.6000000000000005,0.44000000000000006,0.2,1,1,1,15,0.5300074264384127,0.36758249287137423,0.7040741443634033,0.11606049537658691
500,4.6000000000000005,0.44000000000000006,0.2,1,1,1,16,0.4734857676382117,0.39615331627984307,0.6704306602478027,0.12108182907104492
500,4.6000000000000005,0.44000000000000006,0.2,1,1,1,17,0.5069867183651936,0.45368700796585176,0.5637829303741455,0.12506365776062012
500,4.6000000000000005,0.44000000000000006,0.2,1,1,1,18,0.5413970911325149,0.27091834808293114,0.5398786067962646,0.10623383522033691
500,4.6000000000000005,0.44000000000000006,0.2,1,1,1,19,0.521024228995152,0.41468347753899254,0.5595989227294922,0.11965560913085938
500,4.6000000000000005,0.44000000000000006,0.2,1,1,1,20,0.47549668159652103,0.32841746317282483,0.6529273986816406,0.10575556755065918
500,4.6000000000000005,0.44000000000000006,0.2,1,1,1,21,0.5522795942852674,0.33680626176499734,0.816770076751709,0.15219354629516602
500,4.6000000000000005,0.44000000000000006,0.2,1,1,1,22,0.5330643741187205,0.3209653044589687,0.5558614730834961,0.09063529968261719
500,4.6000000000000005,0.44000000000000006,0.2,1,1,1,23,0.527179156303984,0.298465718107375,0.6562156677246094,0.10049629211425781
500,4.6000000000000005,0.44000000000000006,0.2,1,1,1,24,0.5332421957550436,0.3525319179275655,0.571272611618042,0.07546591758728027
500,4.800000000000001,0.44000000000000006,0.2,1,1,1,0,0.548179060757074,0.3575280370500244,0.5887770652770996,0.13344740867614746
500,4.800000000000001,0.44000000000000006,0.2,1,1,1,1,0.5674924978685851,0.3938769653700186,0.7106049060821533,0.11467170715332031
500,4.800000000000001,0.44000000000000006,0.2,1,1,1,2,0.6784589647472085,0.33600263681991466,0.5754024982452393,0.10346674919128418
500,4.800000000000001,0.44000000000000006,0.2,1,1,1,3,0.48742218725393954,0.2943317135983247,0.603020429611206,0.09549474716186523
500,4.800000000000001,0.44000000000000006,0.2,1,1,1,4,0.5623706043221124,0.307329026409955,0.5952799320220947,0.10833621025085449
500,4.800000000000001,0.44000000000000006,0.2,1,1,1,5,0.6874359644121754,0.3840613138230604,0.5748937129974365,0.1026453971862793
500,4.800000000000001,0.44000000000000006,0.2,1,1,1,6,0.6191050437332616,0.3827039051158046,0.7018735408782959,0.14126801490783691
500,4.800000000000001,0.44000000000000006,0.2,1,1,1,7,0.5660980637566059,0.2822431562789175,0.6498920917510986,0.09037303924560547
500,4.800000000000001,0.44000000000000006,0.2,1,1,1,8,0.5745647524396748,0.4086757954557077,0.5520391464233398,0.12364959716796875
500,4.800000000000001,0.44000000000000006,0.2,1,1,1,9,0.5002174941325055,0.36409801507147815,0.5684211254119873,0.11063480377197266
500,4.800000000000001,0.44000000000000006,0.2,1,1,1,10,0.6534603262633513,0.40289031588808166,0.5548973083496094,0.11536765098571777
500,4.800000000000001,0.44000000000000006,0.2,1,1,1,11,0.5730549640518546,0.343763233940048,0.6786098480224609,0.0826876163482666
500,4.800000000000001,0.44000000000000006,0.2,1,1,1,12,0.5120734566386583,0.49991799499264594,0.744166374206543,0.12558627128601074
500,4.800000000000001,0.44000000000000006,0.2,1,1,1,13,0.5654393390757364,0.4554461678674573,0.5963430404663086,0.14111089706420898
500,4.800000000000001,0.44000000000000006,0.2,1,1,1,14,0.5501327072786428,0.3693253597094335,0.5664904117584229,0.11831879615783691
500,4.800000000000001,0.44000000000000006,0.2,1,1,1,15,0.4986107269081781,0.3123381328890862,0.5338702201843262,0.0876920223236084
500,4.800000000000001,0.44000000000000006,0.2,1,1,1,16,0.5756812712164115,0.3404912520964615,0.6372897624969482,0.15207886695861816
500,4.800000000000001,0.44000000000000006,0.2,1,1,1,17,0.5607156356087049,0.4391213164235197,0.666954755783081,0.10819315910339355
500,4.800000000000001,0.44000000000000006,0.2,1,1,1,18,0.5705728615586606,0.30174169771157344,0.6702134609222412,0.11931586265563965
500,4.800000000000001,0.44000000000000006,0.2,1,1,1,19,0.6108997022073767,0.30808784620348156,0.5524554252624512,0.10159802436828613
500,4.800000000000001,0.44000000000000006,0.2,1,1,1,20,0.5642373191073068,0.3192413156018843,0.5417459011077881,0.10404062271118164
500,4.800000000000001,0.44000000000000006,0.2,1,1,1,21,0.528859246674229,0.3544653923953824,0.5475475788116455,0.0989527702331543
500,4.800000000000001,0.44000000000000006,0.2,1,1,1,22,0.5053229027311426,0.35161318829129434,0.6837248802185059,0.13606619834899902
500,4.800000000000001,0.44000000000000006,0.2,1,1,1,23,0.48416825613961345,0.32780126647058,0.6650533676147461,0.10055088996887207
500,4.800000000000001,0.44000000000000006,0.2,1,1,1,24,0.5620385100364456,0.3512744720215253,0.5993139743804932,0.11826467514038086
500,5.0,0.44000000000000006,0.2,1,1,1,0,0.702899106501979,0.33513821496487123,0.6031033992767334,0.09447097778320312
500,5.0,0.44000000000000006,0.2,1,1,1,1,0.5636800726860944,0.3851396155813282,0.597771167755127,0.11229658126831055
500,5.0,0.44000000000000006,0.2,1,1,1,2,0.5414848948090563,0.345461644638471,0.6442232131958008,0.12923407554626465
500,5.0,0.44000000000000006,0.2,1,1,1,3,0.6299699392934769,0.42254907360335087,0.7497670650482178,0.12263369560241699
500,5.0,0.44000000000000006,0.2,1,1,1,4,0.594541406839241,0.39301583066589907,0.5804331302642822,0.11214280128479004
500,5.0,0.44000000000000006,0.2,1,1,1,5,0.5692582788289992,0.5350700499940226,0.5706961154937744,0.09748983383178711
500,5.0,0.44000000000000006,0.2,1,1,1,6,0.5806367802560475,0.40346060784565413,0.6117038726806641,0.10354876518249512
500,5.0,0.44000000000000006,0.2,1,1,1,7,0.5505843341271066,0.41777672192712745,0.6890039443969727,0.12166833877563477
500,5.0,0.44000000000000006,0.2,1,1,1,8,0.7290485722293951,0.35097753195718295,0.7215454578399658,0.11339235305786133
500,5.0,0.44000000000000006,0.2,1,1,1,9,0.5578283171027543,0.34232091136699017,0.5330133438110352,0.11904573440551758
500,5.0,0.44000000000000006,0.2,1,1,1,10,0.5134949579579,0.36399793324136104,0.6453695297241211,0.11069273948669434
500,5.0,0.44000000000000006,0.2,1,1,1,11,0.5503689307925267,0.3913504990720061,0.7032244205474854,0.12616872787475586
500,5.0,0.44000000000000006,0.2,1,1,1,12,0.5977842785369966,0.36381296228494725,0.680558443069458,0.10762548446655273
500,5.0,0.44000000000000006,0.2,1,1,1,13,0.5855168373947109,0.4582467914452154,0.665679931640625,0.12359261512756348
500,5.0,0.44000000000000006,0.2,1,1,1,14,0.47952794891132633,0.3528660428002863,0.6399719715118408,0.0926210880279541
500,5.0,0.44000000000000006,0.2,1,1,1,15,0.47527613235410654,0.37077383068322833,0.5888051986694336,0.1018674373626709
500,5.0,0.44000000000000006,0.2,1,1,1,16,0.5691561896977833,0.3937503073129764,0.5705249309539795,0.10015082359313965
500,5.0,0.44000000000000006,0.2,1,1,1,17,0.5831854378412429,0.3847519561604254,0.5297122001647949,0.1123342514038086
500,5.0,0.44000000000000006,0.2,1,1,1,18,0.5455289546766485,0.4126128487219787,0.6205039024353027,0.1211695671081543
500,5.0,0.44000000000000006,0.2,1,1,1,19,0.49584191462946203,0.2900525072474501,0.579378604888916,0.10068559646606445
500,5.0,0.44000000000000006,0.2,1,1,1,20,0.6755955489351521,0.4395690057989192,0.585233211517334,0.11800265312194824
500,5.0,0.44000000000000006,0.2,1,1,1,21,0.5886297969741378,0.3348192871339469,0.514819860458374,0.12537908554077148
500,5.0,0.44000000000000006,0.2,1,1,1,22,0.5058036283618532,0.4509413577441146,0.5668766498565674,0.08542966842651367
500,5.0,0.44000000000000006,0.2,1,1,1,23,0.757566885660561,0.4415244263026363,0.5787198543548584,0.10734248161315918
500,5.0,0.44000000000000006,0.2,1,1,1,24,0.6151185132999623,0.35409049086568967,0.7314150333404541,0.11765575408935547
500,5.2,0.44000000000000006,0.2,1,1,1,0,0.5770863309020664,0.3882439566158876,0.6339273452758789,0.10501503944396973
500,5.2,0.44000000000000006,0.2,1,1,1,1,0.5799500982986051,0.37956926454186746,0.6155738830566406,0.09114408493041992
500,5.2,0.44000000000000006,0.2,1,1,1,2,0.8169763223326526,0.4964594490480499,0.5715670585632324,0.10382652282714844
500,5.2,0.44000000000000006,0.2,1,1,1,3,0.6256345109202492,0.3612740591413085,0.7183332443237305,0.11152863502502441
500,5.2,0.44000000000000006,0.2,1,1,1,4,0.5496436495730795,0.4952968576959092,0.6589598655700684,0.11510968208312988
500,5.2,0.44000000000000006,0.2,1,1,1,5,0.618611798405892,0.48660594578360694,0.6387040615081787,0.12410926818847656
500,5.2,0.44000000000000006,0.2,1,1,1,6,0.7427203285634246,0.4469881253049792,0.6818227767944336,0.12330317497253418
500,5.2,0.44000000000000006,0.2,1,1,1,7,0.5159528411636312,0.4096408188434568,0.5123176574707031,0.12158489227294922
500,5.2,0.44000000000000006,0.2,1,1,1,8,0.6352744392335034,0.5445511680512294,0.5682895183563232,0.13554978370666504
500,5.2,0.44000000000000006,0.2,1,1,1,9,0.563955111584038,0.42742361727469974,0.7759706974029541,0.1143336296081543
500,5.2,0.44000000000000006,0.2,1,1,1,10,0.6458701706445892,0.35869360614762136,0.5909435749053955,0.12441086769104004
500,5.2,0.44000000000000006,0.2,1,1,1,11,0.7388102956658432,0.36559512673573735,0.5392353534698486,0.09797930717468262
500,5.2,0.44000000000000006,0.2,1,1,1,12,0.6138487790117605,0.3909320957545223,0.5319702625274658,0.12576794624328613
500,5.2,0.44000000000000006,0.2,1,1,1,13,0.7785458368648758,0.3525183440307128,0.5140528678894043,0.11795330047607422
500,5.2,0.44000000000000006,0.2,1,1,1,14,0.6120642882521269,0.3631431527250466,0.6044371128082275,0.14227533340454102
500,5.2,0.44000000000000006,0.2,1,1,1,15,0.603537626500082,0.43728064828612423,0.6081161499023438,0.09406709671020508
500,5.2,0.44000000000000006,0.2,1,1,1,16,0.5747568681284162,0.3722648914913991,0.6277573108673096,0.09741687774658203
500,5.2,0.44000000000000006,0.2,1,1,1,17,0.6475805135159871,0.35284817577398003,0.5849144458770752,0.11473369598388672
500,5.2,0.44000000000000006,0.2,1,1,1,18,0.5877817508532313,0.3601940860087206,0.585432767868042,0.10021543502807617
500,5.2,0.44000000000000006,0.2,1,1,1,19,0.650218770706267,0.36510130980251887,0.6537477970123291,0.11367917060852051
500,5.2,0.44000000000000006,0.2,1,1,1,20,0.5945167244626374,0.3690194032619372,0.6464166641235352,0.12044143676757812
500,5.2,0.44000000000000006,0.2,1,1,1,21,0.5700447975645834,0.3233020265045074,0.5479946136474609,0.12346458435058594
500,5.2,0.44000000000000006,0.2,1,1,1,22,0.6208837674945945,0.5045563109096026,0.5013821125030518,0.11082172393798828
500,5.2,0.44000000000000006,0.2,1,1,1,23,0.5777141278634086,0.40268309204547065,0.5139319896697998,0.11060261726379395
500,5.2,0.44000000000000006,0.2,1,1,1,24,0.6665317554455789,0.3532509614409094,0.5435330867767334,0.10709834098815918
500,5.4,0.44000000000000006,0.2,1,1,1,0,0.8079225229308884,0.3813310451022332,0.8214266300201416,0.14107799530029297
500,5.4,0.44000000000000006,0.2,1,1,1,1,0.6078748352528237,0.391816953904015,0.681976318359375,0.08905935287475586
500,5.4,0.44000000000000006,0.2,1,1,1,2,0.6334516032440535,0.4409479433853316,0.6305327415466309,0.09857606887817383
500,5.4,0.44000000000000006,0.2,1,1,1,3,0.7653389121155041,0.4213941336210302,0.5690796375274658,0.12052178382873535
500,5.4,0.44000000000000006,0.2,1,1,1,4,0.6624948883578646,0.4012058383595464,0.5204625129699707,0.0913245677947998
500,5.4,0.44000000000000006,0.2,1,1,1,5,0.6521934671263515,0.4199872387136658,0.7687914371490479,0.1347966194152832
500,5.4,0.44000000000000006,0.2,1,1,1,6,0.6336488394787908,0.4301267710495513,0.6115353107452393,0.10193610191345215
500,5.4,0.44000000000000006,0.2,1,1,1,7,0.6962383873221126,0.36318168902328113,0.5049631595611572,0.09853029251098633
500,5.4,0.44000000000000006,0.2,1,1,1,8,0.6221998210649214,0.42865744747265005,0.5036144256591797,0.10755705833435059
500,5.4,0.44000000000000006,0.2,1,1,1,9,0.6672316724816049,0.4456470928419121,0.5661091804504395,0.11161184310913086
500,5.4,0.44000000000000006,0.2,1,1,1,10,0.6123614003871992,0.4373460602538458,0.6624994277954102,0.12072634696960449
500,5.4,0.44000000000000006,0.2,1,1,1,11,0.6053913154622101,0.3333280788938671,0.6973576545715332,0.11879158020019531
500,5.4,0.44000000000000006,0.2,1,1,1,12,0.5895038893842732,0.3793058898209643,0.576979398727417,0.08662819862365723
500,5.4,0.44000000000000006,0.2,1,1,1,13,0.5997592140659146,0.332277266637217,0.5273981094360352,0.12275242805480957
500,5.4,0.44000000000000006,0.2,1,1,1,14,0.5809911597993007,0.3518198455771136,0.5517158508300781,0.10862159729003906
500,5.4,0.44000000000000006,0.2,1,1,1,15,0.5384103590775862,0.379134788089129,0.5065293312072754,0.11502718925476074
500,5.4,0.44000000000000006,0.2,1,1,1,16,0.6664208300151045,0.38453773301581184,0.7308220863342285,0.11760401725769043
500,5.4,0.44000000000000006,0.2,1,1,1,17,0.6624003957211636,0.41914907411261626,0.5407359600067139,0.11100244522094727
500,5.4,0.44000000000000006,0.2,1,1,1,18,0.6172049355275891,0.3676893826529498,0.5677950382232666,0.145859956741333
500,5.4,0.44000000000000006,0.2,1,1,1,19,0.6925681696138387,0.35811734238555903,0.6246771812438965,0.10571146011352539
500,5.4,0.44000000000000006,0.2,1,1,1,20,0.6887748693499545,0.5010890992716517,0.6764826774597168,0.14469122886657715
500,5.4,0.44000000000000006,0.2,1,1,1,21,0.7021264185514716,0.4177807040191666,0.8258230686187744,0.13992786407470703
500,5.4,0.44000000000000006,0.2,1,1,1,22,0.5628761915947857,0.31755536703782944,0.5246498584747314,0.1112678050994873
500,5.4,0.44000000000000006,0.2,1,1,1,23,0.7036864180253027,0.3714947774132002,0.5345394611358643,0.09457993507385254
500,5.4,0.44000000000000006,0.2,1,1,1,24,0.5731577588140789,0.49763680810791033,0.5056612491607666,0.10456156730651855
500,5.6000000000000005,0.44000000000000006,0.2,1,1,1,0,0.6315822427659794,0.40285533179041316,0.5155770778656006,0.11361432075500488
500,5.6000000000000005,0.44000000000000006,0.2,1,1,1,1,0.6986889924796315,0.44197784012392316,0.6906704902648926,0.11868143081665039
500,5.6000000000000005,0.44000000000000006,0.2,1,1,1,2,0.6726291043501529,0.3832108566153167,0.6061234474182129,0.11260724067687988
500,5.6000000000000005,0.44000000000000006,0.2,1,1,1,3,0.7205311917693225,0.5625415689876222,0.5348942279815674,0.1086583137512207
500,5.6000000000000005,0.44000000000000006,0.2,1,1,1,4,0.674826000483698,0.37875023993987794,0.5420432090759277,0.13239169120788574
500,5.6000000000000005,0.44000000000000006,0.2,1,1,1,5,0.6952535756235532,0.4112912844375897,0.5585367679595947,0.11764359474182129
500,5.6000000000000005,0.44000000000000006,0.2,1,1,1,6,0.6220740169869508,0.3739521040072263,0.5721230506896973,0.12987589836120605
500,5.6000000000000005,0.44000000000000006,0.2,1,1,1,7,0.7491174214042993,0.36361936176656257,0.6830103397369385,0.12368345260620117
500,5.6000000000000005,0.44000000000000006,0.2,1,1,1,8,0.7267496890719287,0.4235978749446072,0.5829472541809082,0.09595632553100586
500,5.6000000000000005,0.44000000000000006,0.2,1,1,1,9,0.6636454230204435,0.592550770772864,0.6255612373352051,0.11122608184814453
500,5.6000000000000005,0.44000000000000006,0.2,1,1,1,10,0.7172576357691232,0.3930578545836389,0.5786583423614502,0.11575007438659668
500,5.6000000000000005,0.44000000000000006,0.2,1,1,1,11,0.5892064571919703,0.37276609492677293,0.6044461727142334,0.10301613807678223
500,5.6000000000000005,0.44000000000000006,0.2,1,1,1,12,0.6635464424205809,0.49962234979806575,0.7521076202392578,0.13779449462890625
500,5.6000000000000005,0.44000000000000006,0.2,1,1,1,13,0.6113645689775746,0.4181939606324649,0.557213544845581,0.10161876678466797
500,5.6000000000000005,0.44000000000000006,0.2,1,1,1,14,0.7561656596550352,0.38493446756138755,0.5385594367980957,0.08847594261169434
500,5.6000000000000005,0.44000000000000006,0.2,1,1,1,15,0.6054681686238813,0.4867564948568882,0.6295199394226074,0.10766077041625977
500,5.6000000000000005,0.44000000000000006,0.2,1,1,1,16,0.6561426394573537,0.4219671370001226,0.5900301933288574,0.1323850154876709
500,5.6000000000000005,0.44000000000000006,0.2,1,1,1,17,0.6720786170890568,0.395765177682582,0.7650494575500488,0.11641454696655273
500,5.6000000000000005,0.44000000000000006,0.2,1,1,1,18,0.6666220867240419,0.42922981681470207,0.5043320655822754,0.11311507225036621
500,5.6000000000000005,0.44000000000000006,0.2,1,1,1,19,0.5883088918354037,0.39630579802706534,0.5187723636627197,0.10788583755493164
500,5.6000000000000005,0.44000000000000006,0.2,1,1,1,20,0.6878019448780209,0.44529653755335813,0.6262607574462891,0.10157108306884766
500,5.6000000000000005,0.44000000000000006,0.2,1,1,1,21,0.5382054126483392,0.4418886269046198,0.588937520980835,0.10337162017822266
500,5.6000000000000005,0.44000000000000006,0.2,1,1,1,22,0.7197628637632097,0.39473675078437154,0.6505157947540283,0.13451814651489258
500,5.6000000000000005,0.44000000000000006,0.2,1,1,1,23,0.8270055262129972,0.3595367326703281,0.6366550922393799,0.10242033004760742
500,5.6000000000000005,0.44000000000000006,0.2,1,1,1,24,0.6777665909785577,0.6609559656397407,0.5737853050231934,0.09498786926269531
500,5.800000000000001,0.44000000000000006,0.2,1,1,1,0,0.6364138401772312,0.5169348685535018,0.5449855327606201,0.11157870292663574
500,5.800000000000001,0.44000000000000006,0.2,1,1,1,1,0.7806315024245785,0.41276532981087005,0.5607271194458008,0.0975501537322998
500,5.800000000000001,0.44000000000000006,0.2,1,1,1,2,0.6497069495203017,0.43412765167742573,0.5722546577453613,0.12480974197387695
500,5.800000000000001,0.44000000000000006,0.2,1,1,1,3,0.6751746572284997,0.44586247139720464,0.6743285655975342,0.13127875328063965
500,5.800000000000001,0.44000000000000006,0.2,1,1,1,4,0.6737942699163304,0.4871207597254288,0.5750372409820557,0.10106134414672852
500,5.800000000000001,0.44000000000000006,0.2,1,1,1,5,0.7921202563213381,0.5198135455548953,0.5560564994812012,0.10536432266235352
500,5.800000000000001,0.44000000000000006,0.2,1,1,1,6,0.6952773476331603,0.42612121592465413,0.5709731578826904,0.07955718040466309
500,5.800000000000001,0.44000000000000006,0.2,1,1,1,7,0.6934773997631198,0.41283639428304253,0.5964245796203613,0.07994890213012695
500,5.800000000000001,0.44000000000000006,0.2,1,1,1,8,0.7098206357800282,0.5059350924843649,0.6557183265686035,0.12981009483337402
500,5.800000000000001,0.44000000000000006,0.2,1,1,1,9,0.6201144151025662,0.39302821823284434,0.6165711879730225,0.0985267162322998
500,5.800000000000001,0.44000000000000006,0.2,1,1,1,10,0.7603242544951362,0.47783235215596404,0.5584862232208252,0.13967204093933105
500,5.800000000000001,0.44000000000000006,0.2,1,1,1,11,0.6098382903886335,0.4098727003705357,0.7788786888122559,0.11861348152160645
500,5.800000000000001,0.44000000000000006,0.2,1,1,1,12,0.7251450559438553,0.4631196423137919,0.5712113380432129,0.10452604293823242
500,5.800000000000001,0.44000000000000006,0.2,1,1,1,13,0.7103002211862518,0.4107170192884212,0.6260840892791748,0.12349462509155273
500,5.800000000000001,0.44000000000000006,0.2,1,1,1,14,0.80107140933663,0.4343528412445694,0.5784816741943359,0.11406373977661133
500,5.800000000000001,0.44000000000000006,0.2,1,1,1,15,0.7497319960856359,0.4964665025836859,0.6237447261810303,0.0965723991394043
500,5.800000000000001,0.44000000000000006,0.2,1,1,1,16,0.7042302419887739,0.5096126157370805,0.5630395412445068,0.0985560417175293
500,5.800000000000001,0.44000000000000006,0.2,1,1,1,17,0.6242468319762048,0.5076966024558889,0.5886099338531494,0.09725666046142578
500,5.800000000000001,0.44000000000000006,0.2,1,1,1,18,0.5365449814450779,0.37486821464585857,0.6496732234954834,0.1232912540435791
500,5.800000000000001,0.44000000000000006,0.2,1,1,1,19,0.8159951009637865,0.4330734447275703,0.6101889610290527,0.11792540550231934
500,5.800000000000001,0.44000000000000006,0.2,1,1,1,20,0.726813429540356,0.36618003765099333,0.5905706882476807,0.10802054405212402
500,5.800000000000001,0.44000000000000006,0.2,1,1,1,21,0.6539594430907473,0.4900442163549971,0.5510270595550537,0.11479735374450684
500,5.800000000000001,0.44000000000000006,0.2,1,1,1,22,0.6078046839597472,0.4168991555056072,0.6023993492126465,0.0917348861694336
500,5.800000000000001,0.44000000000000006,0.2,1,1,1,23,0.7606794905545611,0.5056574598105421,0.5354006290435791,0.12525701522827148
500,5.800000000000001,0.44000000000000006,0.2,1,1,1,24,0.7170382389854414,0.4632688386665132,0.5901572704315186,0.1451890468597412
500,6.0,0.44000000000000006,0.2,1,1,1,0,0.6206166514957,0.5487019754357141,0.6397650241851807,0.09932708740234375
500,6.0,0.44000000000000006,0.2,1,1,1,1,0.7088225831493196,0.4305197619088016,0.5351412296295166,0.1124427318572998
500,6.0,0.44000000000000006,0.2,1,1,1,2,0.7747600051347606,0.647600809652026,0.6952047348022461,0.10710930824279785
500,6.0,0.44000000000000006,0.2,1,1,1,3,0.6912316318648911,0.4203167023899751,0.5828104019165039,0.11015605926513672
500,6.0,0.44000000000000006,0.2,1,1,1,4,0.6804963425890247,0.36599142448565725,0.7483563423156738,0.14343953132629395
500,6.0,0.44000000000000006,0.2,1,1,1,5,0.6891357768982266,0.440519680980705,0.7593333721160889,0.11649131774902344
500,6.0,0.44000000000000006,0.2,1,1,1,6,0.7645586288308315,0.5221741080818418,0.6077127456665039,0.10310173034667969
500,6.0,0.44000000000000006,0.2,1,1,1,7,0.651175266126255,0.47446963003133763,0.6099612712860107,0.08964681625366211
500,6.0,0.44000000000000006,0.2,1,1,1,8,0.6483327067579281,0.44444319899537493,0.6371283531188965,0.08658981323242188
500,6.0,0.44000000000000006,0.2,1,1,1,9,0.6621722221151427,0.4784766731357467,0.6595919132232666,0.1267237663269043
500,6.0,0.44000000000000006,0.2,1,1,1,10,0.6977971286696917,0.5049269579447232,0.7153592109680176,0.14177870750427246
500,6.0,0.44000000000000006,0.2,1,1,1,11,0.6545437232413222,0.4942718985876163,0.5850057601928711,0.09056949615478516
500,6.0,0.44000000000000006,0.2,1,1,1,12,0.7959220942146077,0.5519393411296771,0.598301887512207,0.1074075698852539
500,6.0,0.44000000000000006,0.2,1,1,1,13,0.8106291829040992,0.5172050398131969,0.5364811420440674,0.11250925064086914
500,6.0,0.44000000000000006,0.2,1,1,1,14,0.831609708500238,0.5468365752927928,0.6563527584075928,0.10615396499633789
500,6.0,0.44000000000000006,0.2,1,1,1,15,0.6242689530535663,0.560099782869621,0.6699080467224121,0.11752963066101074
500,6.0,0.44000000000000006,0.2,1,1,1,16,0.7151988271911968,0.5676949375405707,0.5482292175292969,0.11155986785888672
500,6.0,0.44000000000000006,0.2,1,1,1,17,0.6837927970271265,0.37308756556273354,0.5052156448364258,0.12110137939453125
500,6.0,0.44000000000000006,0.2,1,1,1,18,0.7546682077880386,0.5270699725322578,0.6212031841278076,0.11506056785583496
500,6.0,0.44000000000000006,0.2,1,1,1,19,0.7145107263440683,0.45571924353855325,0.5836544036865234,0.10057830810546875
500,6.0,0.44000000000000006,0.2,1,1,1,20,0.7715288435818558,0.4490733296967324,0.6382174491882324,0.11780428886413574
500,6.0,0.44000000000000006,0.2,1,1,1,21,0.6247189459327989,0.3959960548540871,0.6065859794616699,0.11885333061218262
500,6.0,0.44000000000000006,0.2,1,1,1,22,0.742296609184987,0.5230537922531873,0.6079936027526855,0.09359025955200195
500,6.0,0.44000000000000006,0.2,1,1,1,23,0.70039227958514,0.5131758795071797,0.5909063816070557,0.09844350814819336
500,6.0,0.44000000000000006,0.2,1,1,1,24,0.6828768356773877,0.5963988772309169,0.5700628757476807,0.14095354080200195
500,6.2,0.44000000000000006,0.2,1,1,1,0,0.6884744616993284,0.42980939610476815,0.8173356056213379,0.14925503730773926
500,6.2,0.44000000000000006,0.2,1,1,1,1,0.6517047442224777,0.4580447703905575,0.6371910572052002,0.10596919059753418
500,6.2,0.44000000000000006,0.2,1,1,1,2,0.716742406795796,0.5972977065592887,0.6248340606689453,0.1004171371459961
500,6.2,0.44000000000000006,0.2,1,1,1,3,0.7150664304983355,0.4689079432477747,0.6182334423065186,0.09817099571228027
500,6.2,0.44000000000000006,0.2,1,1,1,4,0.744831824335271,0.6931822045447892,0.5946104526519775,0.11466431617736816
500,6.2,0.44000000000000006,0.2,1,1,1,5,0.7446455413688676,0.42146801442577586,0.6406989097595215,0.11666655540466309
500,6.2,0.44000000000000006,0.2,1,1,1,6,0.8780338114948228,0.40288402955092534,0.5816433429718018,0.15070223808288574
500,6.2,0.44000000000000006,0.2,1,1,1,7,0.7875277643530321,0.5597997645678535,0.5414891242980957,0.130415678024292
500,6.2,0.44000000000000006,0.2,1,1,1,8,0.717305583514729,0.40153803650553366,0.5545206069946289,0.12659430503845215
500,6.2,0.44000000000000006,0.2,1,1,1,9,0.776005938713812,0.4300702911295262,0.5588603019714355,0.09166860580444336
500,6.2,0.44000000000000006,0.2,1,1,1,10,0.748322605035067,0.4398463906075411,0.6254673004150391,0.13117647171020508
500,6.2,0.44000000000000006,0.2,1,1,1,11,0.6673835841807583,0.537912673568544,0.5882916450500488,0.11408758163452148
500,6.2,0.44000000000000006,0.2,1,1,1,12,0.862070961700514,0.6549109522835154,0.6051528453826904,0.08954405784606934
500,6.2,0.44000000000000006,0.2,1,1,1,13,0.8262319685384888,0.40634970540415366,0.5885443687438965,0.11060667037963867
500,6.2,0.44000000000000006,0.2,1,1,1,14,0.8597994708365513,0.4074701504109015,0.5874426364898682,0.12198948860168457
500,6.2,0.44000000000000006,0.2,1,1,1,15,1.0658508102980209,0.38482938938263467,0.6631333827972412,0.1252269744873047
500,6.2,0.44000000000000006,0.2,1,1,1,16,0.815317097342172,0.3929410425353161,0.626030445098877,0.1410815715789795
500,6.2,0.44000000000000006,0.2,1,1,1,17,0.6753020247394185,0.4920320202573965,0.604475736618042,0.1024327278137207
500,6.2,0.44000000000000006,0.2,1,1,1,18,0.6410471578601561,0.4503129513380292,0.625946044921875,0.10761046409606934
500,6.2,0.44000000000000006,0.2,1,1,1,19,0.8115777874435082,0.4723657866126244,0.6750037670135498,0.12442564964294434
500,6.2,0.44000000000000006,0.2,1,1,1,20,0.7671824672274581,0.4426258609670377,0.7284858226776123,0.12268710136413574
500,6.2,0.44000000000000006,0.2,1,1,1,21,0.7767340779162906,0.4103497095049829,0.6189780235290527,0.11870694160461426
500,6.2,0.44000000000000006,0.2,1,1,1,22,0.7328765341954255,0.4980146362493448,0.5898575782775879,0.09064579010009766
500,6.2,0.44000000000000006,0.2,1,1,1,23,0.7406914960217864,0.5957393349216308,0.61673903465271,0.10744643211364746
500,6.2,0.44000000000000006,0.2,1,1,1,24,0.803982796812501,0.45998798267303775,0.5708153247833252,0.09662055969238281
500,6.4,0.44000000000000006,0.2,1,1,1,0,0.8429219096542758,0.8075502348976026,0.6066474914550781,0.09711146354675293
500,6.4,0.44000000000000006,0.2,1,1,1,1,0.671650406666316,0.41717284592457465,0.7713234424591064,0.1296253204345703
500,6.4,0.44000000000000006,0.2,1,1,1,2,0.8035805396949546,0.43149777688714763,0.5975182056427002,0.1158897876739502
500,6.4,0.44000000000000006,0.2,1,1,1,3,0.8114730716273034,0.46502606546770653,0.6247620582580566,0.09540748596191406
500,6.4,0.44000000000000006,0.2,1,1,1,4,0.7426954910876066,0.6020325048488313,0.5804352760314941,0.1254432201385498
500,6.4,0.44000000000000006,0.2,1,1,1,5,0.7982703489035359,0.5738680431033778,0.5751268863677979,0.09356188774108887
500,6.4,0.44000000000000006,0.2,1,1,1,6,0.7195323225486785,0.46245547851866997,0.6429762840270996,0.10925126075744629
500,6.4,0.44000000000000006,0.2,1,1,1,7,0.9045941290616214,0.4578880150010404,0.719451904296875,0.12340545654296875
500,6.4,0.44000000000000006,0.2,1,1,1,8,0.7125995000150375,0.3887617376628352,0.5505721569061279,0.12205886840820312
500,6.4,0.44000000000000006,0.2,1,1,1,9,0.8583353127068275,0.47896915293127773,0.5668509006500244,0.10361027717590332
500,6.4,0.44000000000000006,0.2,1,1,1,10,0.794701545334402,0.45616429612476456,0.599271297454834,0.07965373992919922
500,6.4,0.44000000000000006,0.2,1,1,1,11,0.7524417865356737,0.48889117280930455,0.5504207611083984,0.10757946968078613
500,6.4,0.44000000000000006,0.2,1,1,1,12,0.8962170348579567,0.4992893287124765,0.7721586227416992,0.10776209831237793
500,6.4,0.44000000000000006,0.2,1,1,1,13,0.6764569210508943,0.4066197137089868,0.7411267757415771,0.12081122398376465
500,6.4,0.44000000000000006,0.2,1,1,1,14,0.7272087893929753,0.48336668402882377,0.6561636924743652,0.11850929260253906
500,6.4,0.44000000000000006,0.2,1,1,1,15,2.5140345761996428,0.7909605523494586,0.6464719772338867,0.12218379974365234
500,6.4,0.44000000000000006,0.2,1,1,1,16,0.8405862321549944,0.5162457284657981,0.5834288597106934,0.08823132514953613
500,6.4,0.44000000000000006,0.2,1,1,1,17,0.6231730070632348,0.4857307039308011,0.7856647968292236,0.1260073184967041
500,6.4,0.44000000000000006,0.2,1,1,1,18,0.8338242038012923,0.4700098186771732,0.6129815578460693,0.10047459602355957
500,6.4,0.44000000000000006,0.2,1,1,1,19,0.8921461436387843,0.5088212187035804,0.583735466003418,0.09713959693908691
500,6.4,0.44000000000000006,0.2,1,1,1,20,0.6619243270463366,0.5571779136299456,0.6233534812927246,0.10077810287475586
500,6.4,0.44000000000000006,0.2,1,1,1,21,0.8178416670173225,0.5784550812700157,0.6096875667572021,0.08446311950683594
500,6.4,0.44000000000000006,0.2,1,1,1,22,0.7572501624472111,0.5459405566679265,0.6407394409179688,0.13299107551574707
500,6.4,0.44000000000000006,0.2,1,1,1,23,0.6780274712237836,0.4810053597798322,0.7470295429229736,0.1217343807220459
500,6.4,0.44000000000000006,0.2,1,1,1,24,0.9314114628628676,0.5304386358173591,0.624610185623169,0.08794522285461426
500,6.6000000000000005,0.44000000000000006,0.2,1,1,1,0,0.8714113160748773,0.4639888183548127,0.536013126373291,0.11530828475952148
500,6.6000000000000005,0.44000000000000006,0.2,1,1,1,1,0.7876032925778699,0.5103602326470965,0.6505007743835449,0.09659790992736816
500,6.6000000000000005,0.44000000000000006,0.2,1,1,1,2,0.6417569455100808,0.5348959056495136,0.6682953834533691,0.10464048385620117
500,6.6000000000000005,0.44000000000000006,0.2,1,1,1,3,0.7571143660140488,0.4725719907818541,0.7405195236206055,0.10051536560058594
500,6.6000000000000005,0.44000000000000006,0.2,1,1,1,4,0.823566194075176,0.5328786207583677,0.6159217357635498,0.0930943489074707
500,6.6000000000000005,0.44000000000000006,0.2,1,1,1,5,0.7035043178373663,0.5997738254728698,0.6254239082336426,0.10575699806213379
500,6.6000000000000005,0.44000000000000006,0.2,1,1,1,6,0.8099563688327712,0.5794835013597529,0.6641731262207031,0.08944225311279297
500,6.6000000000000005,0.44000000000000006,0.2,1,1,1,7,0.7866185278297961,0.4594281401819972,0.5982198715209961,0.10867834091186523
500,6.6000000000000005,0.44000000000000006,0.2,1,1,1,8,0.6958176661005108,0.5671842343651796,0.779954195022583,0.15491604804992676
500,6.6000000000000005,0.44000000000000006,0.2,1,1,1,9,0.7492305580140066,0.5741208489795054,0.5345921516418457,0.12010741233825684
500,6.6000000000000005,0.44000000000000006,0.2,1,1,1,10,0.8231269784040212,0.5800683131235842,0.5842287540435791,0.1222372055053711
500,6.6000000000000005,0.44000000000000006,0.2,1,1,1,11,0.8088750741199036,0.4733071320915738,0.6043176651000977,0.1279745101928711
500,6.6000000000000005,0.44000000000000006,0.2,1,1,1,12,0.6796915162018927,0.5122371936793122,0.5259861946105957,0.1088094711303711
500,6.6000000000000005,0.44000000000000006,0.2,1,1,1,13,0.8167208484738435,0.5106834825561432,0.6877772808074951,0.15444326400756836
500,6.6000000000000005,0.44000000000000006,0.2,1,1,1,14,0.8188646799195799,0.532008938740568,0.6012518405914307,0.09462356567382812
500,6.6000000000000005,0.44000000000000006,0.2,1,1,1,15,0.9428639033741941,0.514392739254576,0.5848472118377686,0.1063683032989502
500,6.6000000000000005,0.44000000000000006,0.2,1,1,1,16,0.6982286494694874,0.520190792641307,0.5646395683288574,0.12217354774475098
500,6.6000000000000005,0.44000000000000006,0.2,1,1,1,17,0.6414549394193696,0.48766626320834333,0.6178491115570068,0.08601069450378418
500,6.6000000000000005,0.44000000000000006,0.2,1,1,1,18,0.7615220550588606,0.5619797120985774,0.8122320175170898,0.28739142417907715
500,6.6000000000000005,0.44000000000000006,0.2,1,1,1,19,0.7388529031754377,0.44765237412766223,0.7421071529388428,0.10413169860839844
500,6.6000000000000005,0.44000000000000006,0.2,1,1,1,20,0.6509112399059577,0.5403125815769437,0.6048567295074463,0.1074075698852539
500,6.6000000000000005,0.44000000000000006,0.2,1,1,1,21,0.8261632268048363,0.4778284502891999,0.6440255641937256,0.11112141609191895
500,6.6000000000000005,0.44000000000000006,0.2,1,1,1,22,0.7569876231001167,0.5265328346993694,0.5192172527313232,0.10909390449523926
500,6.6000000000000005,0.44000000000000006,0.2,1,1,1,23,0.7190712129567551,0.4221539646768621,0.6165714263916016,0.10216355323791504
500,6.6000000000000005,0.44000000000000006,0.2,1,1,1,24,0.7867983179477146,0.4276761942114109,0.6113448143005371,0.11883354187011719
500,6.800000000000001,0.44000000000000006,0.2,1,1,1,0,0.7473229397894783,0.43751721151717154,0.5766856670379639,0.09302663803100586
500,6.800000000000001,0.44000000000000006,0.2,1,1,1,1,0.7889025142845044,0.5178976297663609,0.6090507507324219,0.10543513298034668
500,6.800000000000001,0.44000000000000006,0.2,1,1,1,2,0.7181942098246269,0.5042680370056126,0.5953009128570557,0.09758496284484863
500,6.800000000000001,0.44000000000000006,0.2,1,1,1,3,0.8554355787079334,0.5166434462784942,0.7090616226196289,0.14919257164001465
500,6.800000000000001,0.44000000000000006,0.2,1,1,1,4,0.8636299376918126,0.5544048718974117,0.5797486305236816,0.13263869285583496
500,6.800000000000001,0.44000000000000006,0.2,1,1,1,5,0.8792682638196541,0.6385313178460321,0.613135814666748,0.08651590347290039
500,6.800000000000001,0.44000000000000006,0.2,1,1,1,6,0.7501741211113077,0.5987544456833609,0.5980894565582275,0.10289716720581055
500,6.800000000000001,0.44000000000000006,0.2,1,1,1,7,0.7847626096641162,0.5373354303240769,0.5570065975189209,0.10358047485351562
500,6.800000000000001,0.44000000000000006,0.2,1,1,1,8,0.719046367521172,0.520917497629875,0.6296730041503906,0.1262369155883789
500,6.800000000000001,0.44000000000000006,0.2,1,1,1,9,0.8280804077452119,0.6488559867178868,0.7423155307769775,0.12937355041503906
500,6.800000000000001,0.44000000000000006,0.2,1,1,1,10,0.8578215902323899,0.4423769244174559,0.6635029315948486,0.10427474975585938
500,6.800000000000001,0.44000000000000006,0.2,1,1,1,11,0.8699271011687735,0.5671174562643521,0.5542519092559814,0.12345504760742188
500,6.800000000000001,0.44000000000000006,0.2,1,1,1,12,1.0277139082629412,0.6448760928184921,0.5725622177124023,0.09448623657226562
500,6.800000000000001,0.44000000000000006,0.2,1,1,1,13,0.7602810565663454,0.6793954957253331,0.5783965587615967,0.1036379337310791
500,6.800000000000001,0.44000000000000006,0.2,1,1,1,14,0.83881452870467,0.588037623701824,0.6884617805480957,0.12360596656799316
500,6.800000000000001,0.44000000000000006,0.2,1,1,1,15,0.8955258740688629,0.5626158535410687,0.5688958168029785,0.10473775863647461
500,6.800000000000001,0.44000000000000006,0.2,1,1,1,16,0.8176711235772035,0.454491993966821,0.5845789909362793,0.08100247383117676
500,6.800000000000001,0.44000000000000006,0.2,1,1,1,17,0.7946218483286335,0.5840852415360466,0.5989136695861816,0.09211492538452148
500,6.800000000000001,0.44000000000000006,0.2,1,1,1,18,0.7999706201878044,0.5233905410914753,0.6063833236694336,0.09529304504394531
500,6.800000000000001,0.44000000000000006,0.2,1,1,1,19,0.8297725833825798,0.5208401667091441,0.6858220100402832,0.09960794448852539
500,6.800000000000001,0.44000000000000006,0.2,1,1,1,20,0.8701504653662911,0.5792444167992784,0.7516210079193115,0.1237022876739502
500,6.800000000000001,0.44000000000000006,0.2,1,1,1,21,0.7893700186509427,0.5807793580575223,0.6266858577728271,0.09561014175415039
500,6.800000000000001,0.44000000000000006,0.2,1,1,1,22,0.8613579861203254,0.6262102725816572,0.6362168788909912,0.10063838958740234
500,6.800000000000001,0.44000000000000006,0.2,1,1,1,23,0.8048953872802836,0.4610378397043844,0.6007561683654785,0.10563921928405762
500,6.800000000000001,0.44000000000000006,0.2,1,1,1,24,0.8055568175609489,0.48691404093265805,0.7089176177978516,0.13463068008422852
500,7.0,0.44000000000000006,0.2,1,1,1,0,0.8045403501718126,0.5431917868313845,0.6475856304168701,0.11145758628845215
500,7.0,0.44000000000000006,0.2,1,1,1,1,0.9762743088335536,0.5676150709471871,0.539947509765625,0.1004328727722168
500,7.0,0.44000000000000006,0.2,1,1,1,2,0.8234361033808636,0.48033319909115424,0.5741250514984131,0.08969235420227051
500,7.0,0.44000000000000006,0.2,1,1,1,3,0.8541728363413442,0.498661619135052,0.7278010845184326,0.0924677848815918
500,7.0,0.44000000000000006,0.2,1,1,1,4,0.780461672242224,0.5079692084290006,0.6751744747161865,0.0925743579864502
500,7.0,0.44000000000000006,0.2,1,1,1,5,0.8275150456735475,0.5146654911738421,0.6192610263824463,0.12624645233154297
500,7.0,0.44000000000000006,0.2,1,1,1,6,0.848369524112311,0.6572025170485426,0.5789101123809814,0.10745882987976074
500,7.0,0.44000000000000006,0.2,1,1,1,7,0.9588118670835674,0.5454210472043094,0.5422170162200928,0.10375404357910156
500,7.0,0.44000000000000006,0.2,1,1,1,8,2.29068473390061,1.6698768876019205,0.5101656913757324,0.08576726913452148
500,7.0,0.44000000000000006,0.2,1,1,1,9,0.8931461475333033,0.4622339733073189,0.5660076141357422,0.09857511520385742
500,7.0,0.44000000000000006,0.2,1,1,1,10,2.764552579788966,0.5173807230976004,0.7033731937408447,0.11728644371032715
500,7.0,0.44000000000000006,0.2,1,1,1,11,0.7795806623979975,0.483712835516352,0.6094217300415039,0.09744095802307129
500,7.0,0.44000000000000006,0.2,1,1,1,12,0.8117463319690238,0.4687011735054401,0.5846703052520752,0.10509490966796875
500,7.0,0.44000000000000006,0.2,1,1,1,13,0.8438076381578368,0.5305263600680379,0.5616452693939209,0.09842920303344727
500,7.0,0.44000000000000006,0.2,1,1,1,14,0.9181374792252749,0.46363249089837083,0.5833966732025146,0.10240650177001953
500,7.0,0.44000000000000006,0.2,1,1,1,15,0.8990398055696653,0.5969946866292701,0.5719053745269775,0.1416633129119873
500,7.0,0.44000000000000006,0.2,1,1,1,16,0.8618683247859142,0.5001235733883054,0.7182035446166992,0.12218689918518066
500,7.0,0.44000000000000006,0.2,1,1,1,17,0.8160082008052518,0.6775130991204826,0.6296770572662354,0.10055994987487793
500,7.0,0.44000000000000006,0.2,1,1,1,18,0.8253249494897436,0.5635680825202016,0.6990563869476318,0.13774585723876953
500,7.0,0.44000000000000006,0.2,1,1,1,19,0.9899586572603017,0.5555873141910607,0.5460796356201172,0.0845029354095459
500,7.0,0.44000000000000006,0.2,1,1,1,20,0.8209839245396526,0.5073276847191176,0.6602859497070312,0.12117624282836914
500,7.0,0.44000000000000006,0.2,1,1,1,21,0.8099503320899348,0.5877840440341556,0.7133560180664062,0.14105463027954102
500,7.0,0.44000000000000006,0.2,1,1,1,22,1.1915183905409619,0.46336343719248335,0.5619361400604248,0.11425065994262695
500,7.0,0.44000000000000006,0.2,1,1,1,23,0.9001648147174036,0.5975549749368431,0.6572184562683105,0.09659075736999512
500,7.0,0.44000000000000006,0.2,1,1,1,24,0.8396753075296276,0.42236300271500987,0.5734851360321045,0.11333513259887695
500,7.2,0.44000000000000006,0.2,1,1,1,0,0.8154853817756741,0.616870524666201,0.5509743690490723,0.10702633857727051
500,7.2,0.44000000000000006,0.2,1,1,1,1,0.8452677532149572,0.49748724435334335,0.7518908977508545,0.1212320327758789
500,7.2,0.44000000000000006,0.2,1,1,1,2,0.8296703754877832,0.589314421879876,0.5573546886444092,0.1270749568939209
500,7.2,0.44000000000000006,0.2,1,1,1,3,0.8769445746243697,0.5786532536309382,0.5488152503967285,0.11977839469909668
500,7.2,0.44000000000000006,0.2,1,1,1,4,0.8682146805439919,0.7043905640400163,0.5185317993164062,0.10510373115539551
500,7.2,0.44000000000000006,0.2,1,1,1,5,0.7959373531965324,0.720367645306629,0.5424590110778809,0.12625646591186523
500,7.2,0.44000000000000006,0.2,1,1,1,6,0.8038870737802103,0.4967690748152343,0.6408796310424805,0.13051486015319824
500,7.2,0.44000000000000006,0.2,1,1,1,7,1.0790204245071422,0.588652601777528,0.700627326965332,0.13335394859313965
500,7.2,0.44000000000000006,0.2,1,1,1,8,1.075708774085256,0.500401354773034,0.5318048000335693,0.10312414169311523
500,7.2,0.44000000000000006,0.2,1,1,1,9,0.9259734198287944,0.5722021120666588,0.6623749732971191,0.1065373420715332
500,7.2,0.44000000000000006,0.2,1,1,1,10,0.8443006429741471,0.4211536276048363,0.5647079944610596,0.10526180267333984
500,7.2,0.44000000000000006,0.2,1,1,1,11,0.9322894698408914,0.5995497751613932,0.5496466159820557,0.1309502124786377
500,7.2,0.44000000000000006,0.2,1,1,1,12,0.8422548130529566,0.6793967226920045,0.8434209823608398,0.15715885162353516
500,7.2,0.44000000000000006,0.2,1,1,1,13,0.8545884540175689,0.5601121364782483,0.6245763301849365,0.11938333511352539
500,7.2,0.44000000000000006,0.2,1,1,1,14,0.7809657666322661,0.6045443731966539,0.6101391315460205,0.09246420860290527
500,7.2,0.44000000000000006,0.2,1,1,1,15,0.9217312123988505,0.697121390622786,0.6056277751922607,0.09515666961669922
500,7.2,0.44000000000000006,0.2,1,1,1,16,0.9723777534035907,0.4920522515273548,0.6096973419189453,0.11083769798278809
500,7.2,0.44000000000000006,0.2,1,1,1,17,0.9440769531366611,0.5839012140388896,0.7847580909729004,0.11836910247802734
500,7.2,0.44000000000000006,0.2,1,1,1,18,0.9581018141971964,0.46219805457716573,0.5385308265686035,0.10405397415161133
500,7.2,0.44000000000000006,0.2,1,1,1,19,0.9579591641406254,0.5872279124253872,0.5878615379333496,0.11285662651062012
500,7.2,0.44000000000000006,0.2,1,1,1,20,0.9413253053891502,0.5633677402110803,0.5411703586578369,0.11169695854187012
500,7.2,0.44000000000000006,0.2,1,1,1,21,0.8602489187319655,0.5081559174197141,0.5536277294158936,0.08802437782287598
500,7.2,0.44000000000000006,0.2,1,1,1,22,0.8083119125166829,0.5385618631304998,0.7909553050994873,0.12309122085571289
500,7.2,0.44000000000000006,0.2,1,1,1,23,1.099307369224113,0.8360562550513212,0.5596590042114258,0.0904078483581543
500,7.2,0.44000000000000006,0.2,1,1,1,24,0.9385612125840332,0.6668655096750237,0.5401794910430908,0.11978650093078613
500,7.4,0.44000000000000006,0.2,1,1,1,0,0.9157722377233272,0.5324151739820411,0.6114068031311035,0.09477615356445312
500,7.4,0.44000000000000006,0.2,1,1,1,1,1.048757042944909,0.4688051497455825,0.5801095962524414,0.12753009796142578
500,7.4,0.44000000000000006,0.2,1,1,1,2,0.8464830504451394,0.6207650224795368,0.5807526111602783,0.12864351272583008
500,7.4,0.44000000000000006,0.2,1,1,1,3,1.10033839328692,0.6307285089155042,0.7409911155700684,0.13212251663208008
500,7.4,0.44000000000000006,0.2,1,1,1,4,0.8655657099541167,0.6793243845994571,0.6163654327392578,0.08864116668701172
500,7.4,0.44000000000000006,0.2,1,1,1,5,0.9659033007790907,0.7444337498350014,0.6112210750579834,0.10044622421264648
500,7.4,0.44000000000000006,0.2,1,1,1,6,1.4101630577785735,0.5595732800026734,0.611417293548584,0.0963754653930664
500,7.4,0.44000000000000006,0.2,1,1,1,7,0.8564756278709554,0.7746714845990984,0.614870548248291,0.11367177963256836
500,7.4,0.44000000000000006,0.2,1,1,1,8,0.8463254092739069,0.5236485542706993,0.8744790554046631,0.13637161254882812
500,7.4,0.44000000000000006,0.2,1,1,1,9,0.9962358574969525,0.4619259585689832,0.6342527866363525,0.09763121604919434
500,7.4,0.44000000000000006,0.2,1,1,1,10,0.8651346576030897,0.5314876836323995,0.5860257148742676,0.08443880081176758
500,7.4,0.44000000000000006,0.2,1,1,1,11,0.8428768578549969,0.4901689827547491,0.6387109756469727,0.08160185813903809
500,7.4,0.44000000000000006,0.2,1,1,1,12,0.792257830164764,0.5875114759593582,0.6738452911376953,0.13763928413391113
500,7.4,0.44000000000000006,0.2,1,1,1,13,0.8205522998808088,0.45868822426551903,0.7599830627441406,0.09930944442749023
500,7.4,0.44000000000000006,0.2,1,1,1,14,0.8236409058847026,0.5070349975385154,0.5731582641601562,0.09711050987243652
500,7.4,0.44000000000000006,0.2,1,1,1,15,1.1292269478615626,0.6352747919566084,0.556403398513794,0.10572957992553711
500,7.4,0.44000000000000006,0.2,1,1,1,16,0.8598344890453647,0.5965626788499022,0.5502724647521973,0.11060881614685059
500,7.4,0.44000000000000006,0.2,1,1,1,17,1.0492377467279017,0.6670726322734756,0.5719213485717773,0.08062744140625
500,7.4,0.44000000000000006,0.2,1,1,1,18,0.8814040962869611,0.6722694850148576,0.683884859085083,0.12266778945922852
500,7.4,0.44000000000000006,0.2,1,1,1,19,0.9093860491854466,0.6320183704907325,0.5617735385894775,0.11860466003417969
500,7.4,0.44000000000000006,0.2,1,1,1,20,0.7792988553813696,0.6641873286855993,0.6175346374511719,0.08955883979797363
500,7.4,0.44000000000000006,0.2,1,1,1,21,0.9182452746313328,0.6436480938674988,0.6295299530029297,0.09949064254760742
500,7.4,0.44000000000000006,0.2,1,1,1,22,0.7338037226705809,0.6404624332626978,0.5668802261352539,0.11869502067565918
500,7.4,0.44000000000000006,0.2,1,1,1,23,0.7693239530840783,0.5770243325171923,0.6060738563537598,0.13985610008239746
500,7.4,0.44000000000000006,0.2,1,1,1,24,0.9008781373946788,0.5678967530804965,0.7451894283294678,0.12964391708374023
500,7.6000000000000005,0.44000000000000006,0.2,1,1,1,0,0.9329994195369826,0.5770063375006808,0.5965080261230469,0.09412527084350586
500,7.6000000000000005,0.44000000000000006,0.2,1,1,1,1,0.9800836001846284,0.5545130219154285,0.6558353900909424,0.12968230247497559
500,7.6000000000000005,0.44000000000000006,0.2,1,1,1,2,1.0743610200049782,0.6902532256851064,0.6541740894317627,0.11961793899536133
500,7.6000000000000005,0.44000000000000006,0.2,1,1,1,3,0.9370725532425165,0.6226701293284376,0.6605968475341797,0.12161135673522949
500,7.6000000000000005,0.44000000000000006,0.2,1,1,1,4,0.8769306843011119,0.6597695015264807,0.7479281425476074,0.1482226848602295
500,7.6000000000000005,0.44000000000000006,0.2,1,1,1,5,0.8055455140413355,0.7112462916734276,0.6224186420440674,0.09750533103942871
500,7.6000000000000005,0.44000000000000006,0.2,1,1,1,6,0.922546826060118,0.6841280337110759,0.5827875137329102,0.097076416015625
500,7.6000000000000005,0.44000000000000006,0.2,1,1,1,7,0.8931389426055814,0.6198177611053206,0.5886576175689697,0.10357308387756348
500,7.6000000000000005,0.44000000000000006,0.2,1,1,1,8,0.9482046327103423,0.6766601866687816,0.6252889633178711,0.11259055137634277
500,7.6000000000000005,0.44000000000000006,0.2,1,1,1,9,0.8902828974463163,0.6073156625890698,0.678131103515625,0.11853504180908203
500,7.6000000000000005,0.44000000000000006,0.2,1,1,1,10,0.8465717379285543,0.47334070689820595,0.6105871200561523,0.12461400032043457
500,7.6000000000000005,0.44000000000000006,0.2,1,1,1,11,2.825258681805303,1.0487850066811446,0.5601346492767334,0.08940815925598145
500,7.6000000000000005,0.44000000000000006,0.2,1,1,1,12,0.8725175981061309,0.537252314388673,0.6008787155151367,0.10542702674865723
500,7.6000000000000005,0.44000000000000006,0.2,1,1,1,13,0.9995921189781984,0.7202801158312465,0.554879903793335,0.090057373046875
500,7.6000000000000005,0.44000000000000006,0.2,1,1,1,14,0.9484164093541908,0.5755224654365619,0.6202058792114258,0.10753560066223145
500,7.6000000000000005,0.44000000000000006,0.2,1,1,1,15,0.9011230468685146,0.5368078366703738,0.7099554538726807,0.11774468421936035
500,7.6000000000000005,0.44000000000000006,0.2,1,1,1,16,0.9733926815701127,0.7039883477390346,0.5597200393676758,0.10542726516723633
500,7.6000000000000005,0.44000000000000006,0.2,1,1,1,17,0.8027636675922832,0.5287186452694843,0.5531392097473145,0.10442352294921875
500,7.6000000000000005,0.44000000000000006,0.2,1,1,1,18,1.0789653611613375,0.7437919992789358,0.5602145195007324,0.11242556571960449
500,7.6000000000000005,0.44000000000000006,0.2,1,1,1,19,0.9606980122203295,0.6022689088863187,0.632821798324585,0.13164591789245605
500,7.6000000000000005,0.44000000000000006,0.2,1,1,1,20,1.0326126782955087,1.0235311206056334,0.6152217388153076,0.11653351783752441
500,7.6000000000000005,0.44000000000000006,0.2,1,1,1,21,1.0179779081772997,0.732747342991861,0.6388165950775146,0.1079871654510498
500,7.6000000000000005,0.44000000000000006,0.2,1,1,1,22,0.8256682150027309,0.5468860521881508,0.6039071083068848,0.15288066864013672
500,7.6000000000000005,0.44000000000000006,0.2,1,1,1,23,0.9779171015034078,0.6528473531350373,0.5811727046966553,0.1110529899597168
500,7.6000000000000005,0.44000000000000006,0.2,1,1,1,24,0.9896311232901221,0.6591426659719477,0.6868641376495361,0.14281892776489258
500,7.800000000000001,0.44000000000000006,0.2,1,1,1,0,0.8283588572244672,0.5096968584146032,0.6951124668121338,0.14398813247680664
500,7.800000000000001,0.44000000000000006,0.2,1,1,1,1,0.9472935321900215,0.6170194657211255,0.5476303100585938,0.11809110641479492
500,7.800000000000001,0.44000000000000006,0.2,1,1,1,2,1.0676925297164632,0.6495385153855053,0.5712518692016602,0.12075161933898926
500,7.800000000000001,0.44000000000000006,0.2,1,1,1,3,1.06869118413101,0.6198973577048158,0.5495989322662354,0.10192394256591797
500,7.800000000000001,0.44000000000000006,0.2,1,1,1,4,1.4960719385800436,0.7934460247900076,0.573016881942749,0.11244654655456543
500,7.800000000000001,0.44000000000000006,0.2,1,1,1,5,0.9704453891364214,0.7234319125618843,0.6686398983001709,0.1297295093536377
500,7.800000000000001,0.44000000000000006,0.2,1,1,1,6,0.887249014996594,0.6148928921042807,0.6627538204193115,0.08835244178771973
500,7.800000000000001,0.44000000000000006,0.2,1,1,1,7,0.9683380907229348,0.506402541573869,0.6194982528686523,0.0865318775177002
500,7.800000000000001,0.44000000000000006,0.2,1,1,1,8,0.9319773877823387,0.556764521220637,0.6364665031433105,0.08950376510620117
500,7.800000000000001,0.44000000000000006,0.2,1,1,1,9,0.8277988761777565,0.6478298272648333,0.5800902843475342,0.08967828750610352
500,7.800000000000001,0.44000000000000006,0.2,1,1,1,10,0.9967037373206377,0.504826180620238,0.7352752685546875,0.1340038776397705
500,7.800000000000001,0.44000000000000006,0.2,1,1,1,11,1.096808212251313,0.5948548449597396,0.5927441120147705,0.10323119163513184
500,7.800000000000001,0.44000000000000006,0.2,1,1,1,12,1.1103401614955302,0.7561797956388779,0.5734162330627441,0.07705426216125488
500,7.800000000000001,0.44000000000000006,0.2,1,1,1,13,0.8959757516024157,0.9003650639005046,0.56964111328125,0.09503746032714844
500,7.800000000000001,0.44000000000000006,0.2,1,1,1,14,1.1978546258234213,0.6646112963209814,0.6094608306884766,0.09299015998840332
500,7.800000000000001,0.44000000000000006,0.2,1,1,1,15,1.0212776031803308,0.5775859198483616,0.6413590908050537,0.12879014015197754
500,7.800000000000001,0.44000000000000006,0.2,1,1,1,16,0.8692126725822142,0.6443210386225748,0.8417470455169678,0.13931751251220703
500,7.800000000000001,0.44000000000000006,0.2,1,1,1,17,0.8819551194693732,0.6247940541658805,0.6388473510742188,0.10166215896606445
500,7.800000000000001,0.44000000000000006,0.2,1,1,1,18,0.8513815871380578,0.569003801087877,0.580214262008667,0.10168123245239258
500,7.800000000000001,0.44000000000000006,0.2,1,1,1,19,0.9982155833321981,0.8735800403014451,0.6297833919525146,0.09571599960327148
500,7.800000000000001,0.44000000000000006,0.2,1,1,1,20,0.9657671759255501,0.570277339028513,0.6753811836242676,0.12077713012695312
500,7.800000000000001,0.44000000000000006,0.2,1,1,1,21,0.9334739380543204,0.6162076579834952,0.7226016521453857,0.14509153366088867
500,7.800000000000001,0.44000000000000006,0.2,1,1,1,22,0.9097080461199946,0.9303606642544604,0.6026182174682617,0.09060430526733398
500,7.800000000000001,0.44000000000000006,0.2,1,1,1,23,0.8474960435777148,0.8448302938929714,0.6754724979400635,0.10339570045471191
500,7.800000000000001,0.44000000000000006,0.2,1,1,1,24,0.9203029483526431,0.7905267467297636,0.6251125335693359,0.09243488311767578
500,8.0,0.44000000000000006,0.2,1,1,1,0,0.9534217511046686,0.5496903027892468,0.5731687545776367,0.09559822082519531
500,8.0,0.44000000000000006,0.2,1,1,1,1,1.0565660160046968,0.6432535749236151,0.7054028511047363,0.12360954284667969
500,8.0,0.44000000000000006,0.2,1,1,1,2,2.2565095365925902,0.6589488436432804,0.633019208908081,0.08218622207641602
500,8.0,0.44000000000000006,0.2,1,1,1,3,1.164482024347781,0.7798344963723002,0.6162183284759521,0.09543657302856445
500,8.0,0.44000000000000006,0.2,1,1,1,4,0.8924838789122328,0.5887402848755614,0.6089410781860352,0.08072137832641602
500,8.0,0.44000000000000006,0.2,1,1,1,5,0.8838333498370141,0.6267406001134191,0.6316525936126709,0.10845375061035156
500,8.0,0.44000000000000006,0.2,1,1,1,6,1.1512846948103546,0.5940871798674918,0.6744740009307861,0.12325239181518555
500,8.0,0.44000000000000006,0.2,1,1,1,7,1.00030653161579,0.8389956991922728,0.6236674785614014,0.11962246894836426
500,8.0,0.44000000000000006,0.2,1,1,1,8,0.9756078226495991,0.6742834897703653,0.5837850570678711,0.0928351879119873
500,8.0,0.44000000000000006,0.2,1,1,1,9,1.027982020336641,0.6525801731713269,0.616326093673706,0.0894773006439209
500,8.0,0.44000000000000006,0.2,1,1,1,10,0.9752419112517164,0.5844970139869322,0.6528654098510742,0.1290283203125
500,8.0,0.44000000000000006,0.2,1,1,1,11,1.0079955997120027,0.5973131780935402,0.8556075096130371,0.16368818283081055
500,8.0,0.44000000000000006,0.2,1,1,1,12,0.915936922862135,0.5317717626060375,0.5164229869842529,0.12501788139343262
500,8.0,0.44000000000000006,0.2,1,1,1,13,1.0169554069412228,0.7106933016555569,0.513516902923584,0.10257792472839355
500,8.0,0.44000000000000006,0.2,1,1,1,14,0.9382291081494001,0.507821654290505,0.5455787181854248,0.11096358299255371
500,8.0,0.44000000000000006,0.2,1,1,1,15,1.2048837773075254,0.6136655159048506,0.5802898406982422,0.09759020805358887
500,8.0,0.44000000000000006,0.2,1,1,1,16,0.9026656297726385,0.6550009146628145,0.6498973369598389,0.1193702220916748
500,8.0,0.44000000000000006,0.2,1,1,1,17,1.1051128780394623,0.6242920567056683,0.7548913955688477,0.1276860237121582
500,8.0,0.44000000000000006,0.2,1,1,1,18,2.3163507635781997,0.8380609219539946,0.5151808261871338,0.12345218658447266
500,8.0,0.44000000000000006,0.2,1,1,1,19,0.9045168678360085,0.7886899675962383,0.548569917678833,0.1121680736541748
500,8.0,0.44000000000000006,0.2,1,1,1,20,1.1586206860858854,0.6502502348808451,0.5001511573791504,0.10668158531188965
500,8.0,0.44000000000000006,0.2,1,1,1,21,1.1194037369669423,0.5978047179223687,0.5549981594085693,0.12030506134033203
500,8.0,0.44000000000000006,0.2,1,1,1,22,0.9900863390799145,0.5707401200358242,0.6347062587738037,0.1351916790008545
500,8.0,0.44000000000000006,0.2,1,1,1,23,1.159636059149971,0.6435369145497268,0.5415220260620117,0.08348226547241211
500,8.0,0.44000000000000006,0.2,1,1,1,24,1.1543547746373888,0.5852955402472004,0.6240484714508057,0.08347511291503906
500,8.200000000000001,0.44000000000000006,0.2,1,1,1,0,1.1501682398734818,0.769195776097464,0.5528562068939209,0.09661316871643066
500,8.200000000000001,0.44000000000000006,0.2,1,1,1,1,0.9131576612892557,0.7201121504565299,0.6062793731689453,0.09256815910339355
500,8.200000000000001,0.44000000000000006,0.2,1,1,1,2,2.556154265901073,0.5672675574445414,0.6557540893554688,0.10519981384277344
500,8.200000000000001,0.44000000000000006,0.2,1,1,1,3,2.6767951276459683,0.7474621693123094,0.6646828651428223,0.1403040885925293
500,8.200000000000001,0.44000000000000006,0.2,1,1,1,4,2.827831071143654,0.6686214247950897,0.5937683582305908,0.08234906196594238
500,8.200000000000001,0.44000000000000006,0.2,1,1,1,5,2.375920462532063,2.318494480465435,0.6689808368682861,0.10061860084533691
500,8.200000000000001,0.44000000000000006,0.2,1,1,1,6,1.116310778512739,0.6214329016670486,0.6410872936248779,0.12228989601135254
500,8.200000000000001,0.44000000000000006,0.2,1,1,1,7,1.2437859357287742,0.6109636674683745,0.6496787071228027,0.13811206817626953
500,8.200000000000001,0.44000000000000006,0.2,1,1,1,8,1.4153395273566705,0.8017714446851325,0.7362382411956787,0.10779643058776855
500,8.200000000000001,0.44000000000000006,0.2,1,1,1,9,0.9844963981274034,0.7052778668879427,0.5514216423034668,0.10085773468017578
500,8.200000000000001,0.44000000000000006,0.2,1,1,1,10,1.107618489913062,0.5528445493980337,0.5802009105682373,0.10453009605407715
500,8.200000000000001,0.44000000000000006,0.2,1,1,1,11,1.197313190383253,0.6263796594861702,0.6470496654510498,0.08551335334777832
500,8.200000000000001,0.44000000000000006,0.2,1,1,1,12,1.9526830571076839,0.712637996330691,0.6524362564086914,0.11407947540283203
500,8.200000000000001,0.44000000000000006,0.2,1,1,1,13,0.9943166262167167,0.7024847752016636,0.7191751003265381,0.11566734313964844
500,8.200000000000001,0.44000000000000006,0.2,1,1,1,14,0.939742402156237,0.8193596490564405,0.578251838684082,0.08815431594848633
500,8.200000000000001,0.44000000000000006,0.2,1,1,1,15,2.8116370516584874,1.0950021890642163,0.605999231338501,0.1001436710357666
500,8.200000000000001,0.44000000000000006,0.2,1,1,1,16,2.6669826640750323,0.7692516656648116,0.6255936622619629,0.09644436836242676
500,8.200000000000001,0.44000000000000006,0.2,1,1,1,17,0.9582071473604924,0.5439976285817874,0.579700231552124,0.07893800735473633
500,8.200000000000001,0.44000000000000006,0.2,1,1,1,18,1.0899998369251118,0.6961914010853852,0.682105541229248,0.1352367401123047
500,8.200000000000001,0.44000000000000006,0.2,1,1,1,19,2.7727645645526366,0.7099090658165134,0.615476131439209,0.10456156730651855
500,8.200000000000001,0.44000000000000006,0.2,1,1,1,20,1.1449238216678397,0.6000283520274514,0.5910894870758057,0.0954747200012207
500,8.200000000000001,0.44000000000000006,0.2,1,1,1,21,1.0412840777335959,0.6249436225979413,0.6057846546173096,0.09619879722595215
500,8.200000000000001,0.44000000000000006,0.2,1,1,1,22,2.751042069109465,1.0215868764204525,0.5750110149383545,0.07772183418273926
500,8.200000000000001,0.44000000000000006,0.2,1,1,1,23,1.4378171272012448,0.7775642632714111,0.604487419128418,0.11902308464050293
500,8.200000000000001,0.44000000000000006,0.2,1,1,1,24,1.1434594098983735,0.7009329377594404,0.8187317848205566,0.10237622261047363
500,8.4,0.44000000000000006,0.2,1,1,1,0,0.9778348468795,0.5413381333813524,0.675929069519043,0.1278853416442871
500,8.4,0.44000000000000006,0.2,1,1,1,1,1.0947519722971102,0.66785244209565,0.7241044044494629,0.12393951416015625
500,8.4,0.44000000000000006,0.2,1,1,1,2,1.1102593265160579,0.6291816631677686,0.5238478183746338,0.11972832679748535
500,8.4,0.44000000000000006,0.2,1,1,1,3,1.1115801751085252,0.6521225587191238,0.6493129730224609,0.12789416313171387
500,8.4,0.44000000000000006,0.2,1,1,1,4,1.1697145258171118,0.7471297446043823,0.6425113677978516,0.1010122299194336
500,8.4,0.44000000000000006,0.2,1,1,1,5,0.9288791544627596,0.6107407533947541,0.5964820384979248,0.08612370491027832
500,8.4,0.44000000000000006,0.2,1,1,1,6,1.028151447023344,0.6708986855835892,0.614238977432251,0.09197664260864258
500,8.4,0.44000000000000006,0.2,1,1,1,7,2.1674504194013515,0.7658484694809515,0.5883347988128662,0.11392498016357422
500,8.4,0.44000000000000006,0.2,1,1,1,8,1.1346957967006657,0.7327412218104469,0.6065816879272461,0.1577768325805664
500,8.4,0.44000000000000006,0.2,1,1,1,9,1.080798704358683,0.7316805720919222,0.7058053016662598,0.12972569465637207
500,8.4,0.44000000000000006,0.2,1,1,1,10,1.1601259802895503,0.8364341228760236,0.5271797180175781,0.11450982093811035
500,8.4,0.44000000000000006,0.2,1,1,1,11,2.8141590615856376,1.1073627018698042,0.5127193927764893,0.11971044540405273
500,8.4,0.44000000000000006,0.2,1,1,1,12,2.816894037436238,0.8374540475712577,0.5248010158538818,0.09602785110473633
500,8.4,0.44000000000000006,0.2,1,1,1,13,2.825529203328798,1.4140945520389427,0.5744647979736328,0.1183924674987793
500,8.4,0.44000000000000006,0.2,1,1,1,14,1.023386712049439,0.6601130847737675,0.7404160499572754,0.12389874458312988
500,8.4,0.44000000000000006,0.2,1,1,1,15,2.8271178852147805,0.9100334272522548,0.5683326721191406,0.1367788314819336
500,8.4,0.44000000000000006,0.2,1,1,1,16,0.9712627903345109,0.5464741590020501,0.5346736907958984,0.1118626594543457
500,8.4,0.44000000000000006,0.2,1,1,1,17,1.118939382601772,0.8073102189593472,0.5756726264953613,0.09562921524047852
500,8.4,0.44000000000000006,0.2,1,1,1,18,1.3674463037136388,0.6957327321862184,0.612053394317627,0.0946648120880127
500,8.4,0.44000000000000006,0.2,1,1,1,19,2.6327706994499698,0.6983741493407244,0.6279375553131104,0.15988755226135254
500,8.4,0.44000000000000006,0.2,1,1,1,20,1.0175640747286459,0.5355890809208221,0.7777624130249023,0.12980198860168457
500,8.4,0.44000000000000006,0.2,1,1,1,21,0.9879651685481143,0.7436827429345113,0.6566133499145508,0.09102177619934082
500,8.4,0.44000000000000006,0.2,1,1,1,22,2.41381954308433,0.7424706618997856,0.6461358070373535,0.10089921951293945
500,8.4,0.44000000000000006,0.2,1,1,1,23,0.9671248663026716,0.8981615253744368,0.6647968292236328,0.0921928882598877
500,8.4,0.44000000000000006,0.2,1,1,1,24,0.9414744801930034,0.5634094593327765,0.6490576267242432,0.13463139533996582
500,8.6,0.44000000000000006,0.2,1,1,1,0,1.1300373599996445,0.7115830201177047,0.6822671890258789,0.1311962604522705
500,8.6,0.44000000000000006,0.2,1,1,1,1,1.0995005439890955,0.7442099988494896,0.5759978294372559,0.07648730278015137
500,8.6,0.44000000000000006,0.2,1,1,1,2,1.9533930512531041,0.9722928314062467,0.6323394775390625,0.07306790351867676
500,8.6,0.44000000000000006,0.2,1,1,1,3,2.585657686380968,0.6647742802393879,0.6735057830810547,0.1044459342956543
500,8.6,0.44000000000000006,0.2,1,1,1,4,1.0933789764214397,0.6473905752351707,0.6903104782104492,0.09279775619506836
500,8.6,0.44000000000000006,0.2,1,1,1,5,1.235403423389107,0.6655667266676593,0.6380906105041504,0.11992716789245605
500,8.6,0.44000000000000006,0.2,1,1,1,6,2.0701932439820916,1.3362931591915226,0.565422534942627,0.08458781242370605
500,8.6,0.44000000000000006,0.2,1,1,1,7,2.208508462106834,0.6939515627394143,0.5664682388305664,0.11146116256713867
500,8.6,0.44000000000000006,0.2,1,1,1,8,1.3525458988842585,0.9052014276375627,0.5858826637268066,0.10360121726989746
500,8.6,0.44000000000000006,0.2,1,1,1,9,1.1622940080800876,0.754672161340259,0.5850014686584473,0.1166234016418457
500,8.6,0.44000000000000006,0.2,1,1,1,10,1.069687725362109,0.8266394082223418,0.6732821464538574,0.11966657638549805
500,8.6,0.44000000000000006,0.2,1,1,1,11,2.8032999699983283,1.2802481812690283,0.6665554046630859,0.12461996078491211
500,8.6,0.44000000000000006,0.2,1,1,1,12,1.0943601870850719,0.7193109203686594,0.5825881958007812,0.08962392807006836
500,8.6,0.44000000000000006,0.2,1,1,1,13,2.333322094853342,0.8139546909014145,0.5812790393829346,0.11221981048583984
500,8.6,0.44000000000000006,0.2,1,1,1,14,2.580708246514348,0.6925229880912851,0.6598982810974121,0.09833216667175293
500,8.6,0.44000000000000006,0.2,1,1,1,15,1.151979400741846,0.6240145861545789,0.8274950981140137,0.14466357231140137
500,8.6,0.44000000000000006,0.2,1,1,1,16,1.1965206881592443,0.6448562767219295,0.558650016784668,0.11658143997192383
500,8.6,0.44000000000000006,0.2,1,1,1,17,1.139017256815473,0.7798063942264024,0.6463119983673096,0.11471772193908691
500,8.6,0.44000000000000006,0.2,1,1,1,18,1.24887883904992,0.659138139446291,0.5470905303955078,0.09368252754211426
500,8.6,0.44000000000000006,0.2,1,1,1,19,0.9204652840196578,0.6528196546930977,0.5577244758605957,0.10954713821411133
500,8.6,0.44000000000000006,0.2,1,1,1,20,1.9587964773585511,0.9154018620381748,0.691476583480835,0.13276290893554688
500,8.6,0.44000000000000006,0.2,1,1,1,21,1.2482284530615273,0.7304908890369384,0.6670801639556885,0.092437744140625
500,8.6,0.44000000000000006,0.2,1,1,1,22,2.3998036630914625,1.8786115082762,0.6234540939331055,0.09145236015319824
500,8.6,0.44000000000000006,0.2,1,1,1,23,1.0304964415130673,0.6617421346184539,0.6210012435913086,0.10893893241882324
500,8.6,0.44000000000000006,0.2,1,1,1,24,1.2350244562132164,0.6685713063212901,0.5306591987609863,0.13110780715942383
500,8.8,0.44000000000000006,0.2,1,1,1,0,1.1306331760685744,0.787238439084594,0.6149089336395264,0.1159203052520752
500,8.8,0.44000000000000006,0.2,1,1,1,1,2.152956796185473,2.1104359653989144,0.6640281677246094,0.1320967674255371
500,8.8,0.44000000000000006,0.2,1,1,1,2,1.0359126416915243,0.8059764804045968,0.6070570945739746,0.09396767616271973
500,8.8,0.44000000000000006,0.2,1,1,1,3,2.7843399650727423,0.5992440818994281,0.6288454532623291,0.0875239372253418
500,8.8,0.44000000000000006,0.2,1,1,1,4,1.108594250796059,0.6347353374779521,0.5716910362243652,0.09931349754333496
500,8.8,0.44000000000000006,0.2,1,1,1,5,1.415327618596994,0.8967062350896092,0.6138148307800293,0.09851479530334473
500,8.8,0.44000000000000006,0.2,1,1,1,6,1.2818216795024355,0.8701628162320263,0.7779421806335449,0.132523775100708
500,8.8,0.44000000000000006,0.2,1,1,1,7,1.6175546996463448,0.7402431856206532,0.5497512817382812,0.12245702743530273
500,8.8,0.44000000000000006,0.2,1,1,1,8,2.7315467434799263,1.8968318977097656,0.5984699726104736,0.10347461700439453
500,8.8,0.44000000000000006,0.2,1,1,1,9,1.008396621653738,0.8958716446815638,0.6192808151245117,0.10951638221740723
500,8.8,0.44000000000000006,0.2,1,1,1,10,2.799843102241281,1.0863400213622099,0.7946517467498779,0.1085209846496582
500,8.8,0.44000000000000006,0.2,1,1,1,11,1.2397861575243487,0.6831382022054336,0.7377607822418213,0.13205766677856445
500,8.8,0.44000000000000006,0.2,1,1,1,12,1.7356533164826322,0.6743459973767144,0.5343911647796631,0.0935215950012207
500,8.8,0.44000000000000006,0.2,1,1,1,13,2.627397553089254,1.5570246151269416,0.4999675750732422,0.10951447486877441
500,8.8,0.44000000000000006,0.2,1,1,1,14,2.641682436110895,0.7242575679141536,0.6052982807159424,0.10142374038696289
500,8.8,0.44000000000000006,0.2,1,1,1,15,1.1002658556473504,0.8488254912340539,0.6069369316101074,0.09753680229187012
500,8.8,0.44000000000000006,0.2,1,1,1,16,2.2179410729675175,1.0562501338949257,0.6103885173797607,0.0965266227722168
500,8.8,0.44000000000000006,0.2,1,1,1,17,2.7902974038250723,1.2603775317361166,0.787329912185669,0.13505315780639648
500,8.8,0.44000000000000006,0.2,1,1,1,18,2.814774676838838,2.711135278607919,0.6212241649627686,0.11311936378479004
500,8.8,0.44000000000000006,0.2,1,1,1,19,1.1491602498099407,0.6647207683001479,0.5122406482696533,0.11351418495178223
500,8.8,0.44000000000000006,0.2,1,1,1,20,1.007644274155954,0.6419632369115014,0.5487039089202881,0.1200554370880127
500,8.8,0.44000000000000006,0.2,1,1,1,21,2.7172104116169487,1.2851144014441864,0.5758633613586426,0.13352060317993164
500,8.8,0.44000000000000006,0.2,1,1,1,22,2.565788063944981,1.0195133128811114,0.7512657642364502,0.11091041564941406
500,8.8,0.44000000000000006,0.2,1,1,1,23,2.811933468403776,2.406218396095054,0.5832757949829102,0.09933781623840332
500,8.8,0.44000000000000006,0.2,1,1,1,24,2.6340631061354776,1.2105256960761026,0.5887534618377686,0.11144208908081055
500,9.0,0.44000000000000006,0.2,1,1,1,0,2.52104766862725,0.7198827590531863,0.5368862152099609,0.11651897430419922
500,9.0,0.44000000000000006,0.2,1,1,1,1,1.2848233323620113,0.7497711705601009,0.6174874305725098,0.09224963188171387
500,9.0,0.44000000000000006,0.2,1,1,1,2,1.2618234518921545,0.6991563037524893,0.6565079689025879,0.1254253387451172
500,9.0,0.44000000000000006,0.2,1,1,1,3,1.0745469579677724,1.1562285803572492,0.7127406597137451,0.1526966094970703
500,9.0,0.44000000000000006,0.2,1,1,1,4,1.5295036499131367,0.8652780568025353,0.6556496620178223,0.12352776527404785
500,9.0,0.44000000000000006,0.2,1,1,1,5,2.8256030517291726,1.8749654358627548,0.7533643245697021,0.11050891876220703
500,9.0,0.44000000000000006,0.2,1,1,1,6,2.6035246684938858,1.6454387781361428,0.5936503410339355,0.11754631996154785
500,9.0,0.44000000000000006,0.2,1,1,1,7,2.805561108315463,1.4790729471142634,0.6733481884002686,0.13898015022277832
500,9.0,0.44000000000000006,0.2,1,1,1,8,2.684618326386244,2.017017257726826,0.6144747734069824,0.09051966667175293
500,9.0,0.44000000000000006,0.2,1,1,1,9,2.826263173415789,2.099009286293118,0.6199347972869873,0.08441925048828125
500,9.0,0.44000000000000006,0.2,1,1,1,10,2.8147900301328237,1.3305074855922439,0.6338777542114258,0.09175705909729004
500,9.0,0.44000000000000006,0.2,1,1,1,11,1.3214636045016366,0.6964664913884859,0.6311993598937988,0.08651995658874512
500,9.0,0.44000000000000006,0.2,1,1,1,12,2.3950214203310662,0.9709930898586031,0.643000602722168,0.13443922996520996
500,9.0,0.44000000000000006,0.2,1,1,1,13,1.050387838527416,0.6605846657729082,0.6057784557342529,0.11251330375671387
500,9.0,0.44000000000000006,0.2,1,1,1,14,2.3186108780240735,0.6733024434083288,0.5267407894134521,0.11055660247802734
500,9.0,0.44000000000000006,0.2,1,1,1,15,2.7505926724813574,1.3836604531515584,0.5083017349243164,0.10854125022888184
500,9.0,0.44000000000000006,0.2,1,1,1,16,1.1180432223905625,0.8086978799221294,0.5272011756896973,0.09050893783569336
500,9.0,0.44000000000000006,0.2,1,1,1,17,2.8264580451426835,1.69625978417519,0.6943762302398682,0.1379995346069336
500,9.0,0.44000000000000006,0.2,1,1,1,18,1.139168208982426,0.7478159759952548,0.6723196506500244,0.11722588539123535
500,9.0,0.44000000000000006,0.2,1,1,1,19,2.7569905093100746,0.7004400662245817,0.5532159805297852,0.11025404930114746
500,9.0,0.44000000000000006,0.2,1,1,1,20,2.640475253062638,0.8775315911577181,0.5608603954315186,0.10352706909179688
500,9.0,0.44000000000000006,0.2,1,1,1,21,2.392314016844729,0.7944936563624185,0.5583009719848633,0.11105656623840332
500,9.0,0.44000000000000006,0.2,1,1,1,22,2.8014584308726587,0.7138594856921785,0.6131820678710938,0.09957718849182129
500,9.0,0.44000000000000006,0.2,1,1,1,23,2.5215856240138224,0.9007887199494244,0.8668007850646973,0.1417074203491211
500,9.0,0.44000000000000006,0.2,1,1,1,24,1.5024364790650249,0.6371777677064234,0.7138056755065918,0.1316537857055664
500,9.200000000000001,0.44000000000000006,0.2,1,1,1,0,2.7623173913220156,2.822206675922919,0.565819263458252,0.11426711082458496
500,9.200000000000001,0.44000000000000006,0.2,1,1,1,1,2.725448910351218,0.875299957386569,0.5942745208740234,0.09962201118469238
500,9.200000000000001,0.44000000000000006,0.2,1,1,1,2,2.8235976133125593,1.5666268829207022,0.5927238464355469,0.10247635841369629
500,9.200000000000001,0.44000000000000006,0.2,1,1,1,3,2.6728302830343242,1.7608127168045917,0.6389980316162109,0.12670159339904785
500,9.200000000000001,0.44000000000000006,0.2,1,1,1,4,2.8248403428420894,1.8533350186329638,0.7236621379852295,0.13231468200683594
500,9.200000000000001,0.44000000000000006,0.2,1,1,1,5,1.3977104136020684,0.7060470977300756,0.5338211059570312,0.10865616798400879
500,9.200000000000001,0.44000000000000006,0.2,1,1,1,6,2.4741653907753833,1.349114852293245,0.5486905574798584,0.1140594482421875
500,9.200000000000001,0.44000000000000006,0.2,1,1,1,7,2.5078295471429346,0.7580650596822873,0.5682415962219238,0.09904766082763672
500,9.200000000000001,0.44000000000000006,0.2,1,1,1,8,2.797785907713452,1.0347665099685437,0.6043961048126221,0.14519715309143066
500,9.200000000000001,0.44000000000000006,0.2,1,1,1,9,2.796850976060118,0.7291605412336473,0.5208535194396973,0.11704015731811523
500,9.200000000000001,0.44000000000000006,0.2,1,1,1,10,2.69515555794388,1.0065276061751716,0.5852458477020264,0.09569597244262695
500,9.200000000000001,0.44000000000000006,0.2,1,1,1,11,2.792746318273276,1.1244012024799026,0.5299570560455322,0.1193392276763916
500,9.200000000000001,0.44000000000000006,0.2,1,1,1,12,2.737013805681687,1.5166062094827826,0.5152914524078369,0.1157534122467041
500,9.200000000000001,0.44000000000000006,0.2,1,1,1,13,2.8125641882349073,1.8231124557913798,0.4902055263519287,0.10615921020507812
500,9.200000000000001,0.44000000000000006,0.2,1,1,1,14,2.8136351007938285,1.6913401598515594,0.6515059471130371,0.11991524696350098
500,9.200000000000001,0.44000000000000006,0.2,1,1,1,15,2.5308666139353235,1.782944339084796,0.5357928276062012,0.1079716682434082
500,9.200000000000001,0.44000000000000006,0.2,1,1,1,16,1.0969628414066876,0.6960507618352305,0.46920347213745117,0.09993839263916016
500,9.200000000000001,0.44000000000000006,0.2,1,1,1,17,2.8278890979769757,0.8542357408665222,0.5297591686248779,0.10355782508850098
500,9.200000000000001,0.44000000000000006,0.2,1,1,1,18,2.568463769999039,0.8508942487019745,0.5754578113555908,0.11583900451660156
500,9.200000000000001,0.44000000000000006,0.2,1,1,1,19,1.263432058038871,1.0667907211035508,0.7442567348480225,0.18390703201293945
500,9.200000000000001,0.44000000000000006,0.2,1,1,1,20,2.136270054243042,0.7774221034873421,0.5518317222595215,0.09670281410217285
500,9.200000000000001,0.44000000000000006,0.2,1,1,1,21,1.1368261526687025,0.7448540343406315,0.582463264465332,0.0997006893157959
500,9.200000000000001,0.44000000000000006,0.2,1,1,1,22,1.2435708077536765,0.6833424575574127,0.5480124950408936,0.10155963897705078
500,9.200000000000001,0.44000000000000006,0.2,1,1,1,23,2.6532623768629575,0.8075278639246387,0.4941842555999756,0.09743881225585938
500,9.200000000000001,0.44000000000000006,0.2,1,1,1,24,2.800127747147074,1.493021332453449,0.5342960357666016,0.1286771297454834
500,9.4,0.44000000000000006,0.2,1,1,1,0,2.822592936641063,1.6215158138242851,0.6585190296173096,0.13369464874267578
500,9.4,0.44000000000000006,0.2,1,1,1,1,2.8276992430687704,1.3448047438360697,0.5169632434844971,0.09953165054321289
500,9.4,0.44000000000000006,0.2,1,1,1,2,2.7923898008637784,0.715882306220433,0.5536444187164307,0.11717796325683594
500,9.4,0.44000000000000006,0.2,1,1,1,3,1.3529230369370386,0.8789316989407988,0.4911022186279297,0.09417343139648438
500,9.4,0.44000000000000006,0.2,1,1,1,4,2.5329138728599263,1.0263877958457854,0.49086856842041016,0.09424448013305664
500,9.4,0.44000000000000006,0.2,1,1,1,5,1.458285456761932,0.7957619812886187,0.5965876579284668,0.1258106231689453
500,9.4,0.44000000000000006,0.2,1,1,1,6,2.8223487611107747,1.8424413116878076,0.5322072505950928,0.0987238883972168
500,9.4,0.44000000000000006,0.2,1,1,1,7,2.605487350946502,1.0419248208900596,0.5332221984863281,0.10856509208679199
500,9.4,0.44000000000000006,0.2,1,1,1,8,2.7753143683211574,1.494221813546812,0.5479576587677002,0.10974311828613281
500,9.4,0.44000000000000006,0.2,1,1,1,9,2.6842679496063515,2.3131850152549207,0.5014808177947998,0.08496809005737305
500,9.4,0.44000000000000006,0.2,1,1,1,10,1.8956890989703936,1.1373319920574874,0.5478560924530029,0.11791443824768066
500,9.4,0.44000000000000006,0.2,1,1,1,11,2.8284218989803533,1.8754007625276865,0.6409182548522949,0.11380314826965332
500,9.4,0.44000000000000006,0.2,1,1,1,12,1.7930972300974668,0.820731708843539,0.5026898384094238,0.11040616035461426
500,9.4,0.44000000000000006,0.2,1,1,1,13,2.8272276652045973,3.451978944507246,0.5682435035705566,0.11676621437072754
500,9.4,0.44000000000000006,0.2,1,1,1,14,1.9832775790361294,0.7574272522589071,0.698129415512085,0.11386942863464355
500,9.4,0.44000000000000006,0.2,1,1,1,15,2.780278061856885,2.071416081875673,0.5043284893035889,0.1072230339050293
500,9.4,0.44000000000000006,0.2,1,1,1,16,2.8044934226685694,1.0093032698660658,0.5782389640808105,0.12958955764770508
500,9.4,0.44000000000000006,0.2,1,1,1,17,2.8251541326825635,2.0795245087232543,0.5499465465545654,0.10065650939941406
500,9.4,0.44000000000000006,0.2,1,1,1,18,2.7680274623721135,1.0539325511168358,0.5475740432739258,0.11085128784179688
500,9.4,0.44000000000000006,0.2,1,1,1,19,1.3938500239052394,0.8257482158217685,0.582524299621582,0.09561347961425781
500,9.4,0.44000000000000006,0.2,1,1,1,20,2.79877742948252,1.148755069338306,0.5226938724517822,0.11272954940795898
500,9.4,0.44000000000000006,0.2,1,1,1,21,2.8221667698892183,1.7151757936923855,0.7707719802856445,0.12146925926208496
500,9.4,0.44000000000000006,0.2,1,1,1,22,2.709705049942941,2.3815031374703786,0.5010769367218018,0.09916186332702637
500,9.4,0.44000000000000006,0.2,1,1,1,23,1.3098932101924354,0.735942886192379,0.49297404289245605,0.09394097328186035
500,9.4,0.44000000000000006,0.2,1,1,1,24,2.6895266546826275,1.297593090765845,0.515739917755127,0.09688806533813477
500,9.600000000000001,0.44000000000000006,0.2,1,1,1,0,2.3191887870627284,1.135611420570751,0.5408229827880859,0.08848881721496582
500,9.600000000000001,0.44000000000000006,0.2,1,1,1,1,2.824298089031924,1.6267801112811406,0.5183439254760742,0.11973953247070312
500,9.600000000000001,0.44000000000000006,0.2,1,1,1,2,1.512037769623882,0.7649198143396515,0.5829768180847168,0.1160128116607666
500,9.600000000000001,0.44000000000000006,0.2,1,1,1,3,1.2808438533236202,0.7932131457329171,0.4842855930328369,0.09525585174560547
500,9.600000000000001,0.44000000000000006,0.2,1,1,1,4,2.8113835026115996,2.7173970512331382,0.47987937927246094,0.10007643699645996
500,9.600000000000001,0.44000000000000006,0.2,1,1,1,5,2.8116260866180536,2.399015285090845,0.4727144241333008,0.0909276008605957
500,9.600000000000001,0.44000000000000006,0.2,1,1,1,6,2.8284003027341593,1.5573901197806235,0.47815728187561035,0.10532617568969727
500,9.600000000000001,0.44000000000000006,0.2,1,1,1,7,2.1061536732080923,0.8005518120440617,0.5185208320617676,0.13796758651733398
500,9.600000000000001,0.44000000000000006,0.2,1,1,1,8,1.3508074212617804,0.9011771168161407,0.5401480197906494,0.1251518726348877
500,9.600000000000001,0.44000000000000006,0.2,1,1,1,9,2.7673964446702524,0.9013112321576424,0.5569634437561035,0.10944080352783203
500,9.600000000000001,0.44000000000000006,0.2,1,1,1,10,2.8163711001553686,2.213853878539304,0.5371294021606445,0.11282157897949219
500,9.600000000000001,0.44000000000000006,0.2,1,1,1,11,2.8283675768662007,2.5644347775305083,0.5107629299163818,0.10039401054382324
500,9.600000000000001,0.44000000000000006,0.2,1,1,1,12,2.3630683129689967,0.7712097313550157,0.43877339363098145,0.09221267700195312
500,9.600000000000001,0.44000000000000006,0.2,1,1,1,13,2.821196313370254,0.9512073420385139,0.48325562477111816,0.10622906684875488
500,9.600000000000001,0.44000000000000006,0.2,1,1,1,14,2.8160536321126886,1.6164742315858271,0.48105716705322266,0.09197211265563965
500,9.600000000000001,0.44000000000000006,0.2,1,1,1,15,2.8049422744227472,1.4743195389713952,0.4211440086364746,0.08145451545715332
500,9.600000000000001,0.44000000000000006,0.2,1,1,1,16,2.8278762924971312,1.3223855046424926,0.4194655418395996,0.07057046890258789
500,9.600000000000001,0.44000000000000006,0.2,1,1,1,17,1.6443823729397309,0.6360841308432165,0.4145467281341553,0.08174490928649902
500,9.600000000000001,0.44000000000000006,0.2,1,1,1,18,2.7694001382749875,0.7415326299382078,0.4191141128540039,0.06344461441040039
500,9.600000000000001,0.44000000000000006,0.2,1,1,1,19,2.8280472411349797,1.0887623700455868,0.4146757125854492,0.0823521614074707
500,9.600000000000001,0.44000000000000006,0.2,1,1,1,20,2.4977615026192637,0.8354908838134496,0.4448883533477783,0.09286975860595703
500,9.600000000000001,0.44000000000000006,0.2,1,1,1,21,1.8034855213558678,0.907287491028975,0.41938018798828125,0.07089447975158691
500,9.600000000000001,0.44000000000000006,0.2,1,1,1,22,2.8265212383734424,2.0816358022400996,0.3935422897338867,0.07967710494995117
500,9.600000000000001,0.44000000000000006,0.2,1,1,1,23,2.7982776140986494,2.279317567331541,0.3589632511138916,0.08920168876647949
500,9.600000000000001,0.44000000000000006,0.2,1,1,1,24,2.828427071726919,4.345395292587557,0.3603818416595459,0.06200265884399414
500,9.8,0.44000000000000006,0.2,1,1,1,0,2.652468197922256,1.0531292149636717,0.3599238395690918,0.07885384559631348
500,9.8,0.44000000000000006,0.2,1,1,1,1,2.670725470921771,1.2635519869032485,0.39974331855773926,0.0825808048248291
500,9.8,0.44000000000000006,0.2,1,1,1,2,1.3598977783848254,0.9437916256051793,0.4282255172729492,0.09095239639282227
500,9.8,0.44000000000000006,0.2,1,1,1,3,2.8271335738340713,1.7705462549173725,0.41751718521118164,0.07256937026977539
500,9.8,0.44000000000000006,0.2,1,1,1,4,2.79323274609327,1.5945785425508474,0.40080738067626953,0.07834362983703613
500,9.8,0.44000000000000006,0.2,1,1,1,5,2.563692962114413,1.701971580268407,0.4100935459136963,0.0706014633178711
500,9.8,0.44000000000000006,0.2,1,1,1,6,2.8209389013922412,1.1589379890628735,0.3800938129425049,0.06987524032592773
500,9.8,0.44000000000000006,0.2,1,1,1,7,2.727148695154678,1.0912687139973092,0.39963316917419434,0.08357381820678711
500,9.8,0.44000000000000006,0.2,1,1,1,8,2.7634746576089877,1.4135331244739562,0.4262404441833496,0.08231568336486816
500,9.8,0.44000000000000006,0.2,1,1,1,9,2.6886865219894904,1.8785342330301424,0.5283267498016357,0.1005098819732666
500,9.8,0.44000000000000006,0.2,1,1,1,10,2.8227155112361575,1.0290152408259345,0.4112739562988281,0.08340096473693848
500,9.8,0.44000000000000006,0.2,1,1,1,11,2.8261018044073922,1.8344369756756835,0.3765134811401367,0.07431340217590332
500,9.8,0.44000000000000006,0.2,1,1,1,12,1.419676765271037,0.7595447402287188,0.4017305374145508,0.06835746765136719
500,9.8,0.44000000000000006,0.2,1,1,1,13,2.748570573874239,1.3789862636095562,0.3890097141265869,0.06800961494445801
500,9.8,0.44000000000000006,0.2,1,1,1,14,2.802352378988855,0.9347433597493131,0.39525508880615234,0.07297921180725098
500,9.8,0.44000000000000006,0.2,1,1,1,15,2.7626146248735277,3.3539207742245467,0.46280980110168457,0.09974455833435059
500,9.8,0.44000000000000006,0.2,1,1,1,16,2.691364678278514,1.7647492288678543,0.3655853271484375,0.06184697151184082
500,9.8,0.44000000000000006,0.2,1,1,1,17,2.701655065404464,1.0050592666962512,0.3997814655303955,0.07352638244628906
500,9.8,0.44000000000000006,0.2,1,1,1,18,2.4214192173090376,1.20970854995434,0.5725603103637695,0.06742978096008301
500,9.8,0.44000000000000006,0.2,1,1,1,19,2.820693660983417,1.7376947995775789,0.43511319160461426,0.10168099403381348
500,9.8,0.44000000000000006,0.2,1,1,1,20,2.820049690902436,2.2437233397235445,0.45763134956359863,0.07553672790527344
500,9.8,0.44000000000000006,0.2,1,1,1,21,2.7273103842309996,0.8030396928452094,0.4269435405731201,0.09539318084716797
500,9.8,0.44000000000000006,0.2,1,1,1,22,2.6619558453948384,1.6336350426267068,0.5199158191680908,0.10064864158630371
500,9.8,0.44000000000000006,0.2,1,1,1,23,2.823841140767463,1.587887851962278,0.4645204544067383,0.07498836517333984
500,9.8,0.44000000000000006,0.2,1,1,1,24,2.7817743896629774,1.771034028704902,0.5209681987762451,0.06990885734558105
