n,s1,1_p_s2,s2,beta,q,sqrt_q,rep_no,eigen_mat_rerr,eigen_mat_terr,eigen_mat_ev_time,eigen_mat_cal_translation_time
500,0.0,0.0,0.0,1,1,1,0,2.265384705801855e-14,1.8209349938351744e-14,0.34160757064819336,0.06452369689941406
500,0.0,0.0,0.0,1,1,1,1,8.343597949014156e-15,1.3495947074753412e-14,0.33423423767089844,0.06503415107727051
500,0.0,0.0,0.0,1,1,1,2,1.0393490280396778e-14,1.1383441027834916e-14,0.32238197326660156,0.058504581451416016
500,0.0,0.0,0.0,1,1,1,3,1.7676815536888565e-14,1.291681390491649e-14,0.3145885467529297,0.06151294708251953
500,0.0,0.0,0.0,1,1,1,4,8.631778329353469e-15,1.6050308076832566e-14,0.31356120109558105,0.05600309371948242
500,0.0,0.0,0.0,1,1,1,5,1.265502831132939e-14,1.942858572177229e-14,0.31934547424316406,0.056488990783691406
500,0.0,0.0,0.0,1,1,1,6,1.0461136835591338e-14,1.5855699013936038e-14,0.3235926628112793,0.06003880500793457
500,0.0,0.0,0.0,1,1,1,7,1.1365865852531451e-14,1.8381484882007617e-14,0.3659212589263916,0.05999922752380371
500,0.0,0.0,0.0,1,1,1,8,9.585011400311941e-15,1.3003390904892616e-14,0.31238389015197754,0.06049656867980957
500,0.0,0.0,0.0,1,1,1,9,1.1876638049041397e-14,2.433693958576655e-14,0.30766844749450684,0.05598306655883789
500,0.0,0.0,0.0,1,1,1,10,1.030371306851843e-14,1.5468399183976607e-14,0.3185551166534424,0.060492753982543945
500,0.0,0.0,0.0,1,1,1,11,1.3708922462733522e-14,1.2728715753073335e-14,0.31097865104675293,0.06748700141906738
500,0.0,0.0,0.0,1,1,1,12,1.3000813538520555e-14,1.6416290894904615e-14,0.3195793628692627,0.05498051643371582
500,0.0,0.0,0.0,1,1,1,13,1.4506085893333394e-14,1.8879015274642064e-14,0.3157460689544678,0.05548858642578125
500,0.0,0.0,0.0,1,1,1,14,1.6512147447621234e-14,1.923987993140705e-14,0.37258148193359375,0.07351064682006836
500,0.0,0.0,0.0,1,1,1,15,1.0073562973981954e-14,1.9890041326461276e-14,0.38065624237060547,0.081634521484375
500,0.0,0.0,0.0,1,1,1,16,1.186285902234136e-14,2.0626258675460438e-14,0.3141622543334961,0.06097984313964844
500,0.0,0.0,0.0,1,1,1,17,1.215139607634871e-14,1.612271671344403e-14,0.35309624671936035,0.07151460647583008
500,0.0,0.0,0.0,1,1,1,18,1.1864622413376147e-14,1.9596065396082108e-14,0.39841175079345703,0.07352519035339355
500,0.0,0.0,0.0,1,1,1,19,1.4592353649575534e-14,1.5512958450888242e-14,0.30256009101867676,0.056508779525756836
500,0.0,0.0,0.0,1,1,1,20,8.903685859823203e-15,1.127248889424075e-14,0.32339000701904297,0.07298541069030762
500,0.0,0.0,0.0,1,1,1,21,1.44694956204555e-14,2.7081378402335048e-14,0.3360919952392578,0.06900286674499512
500,0.0,0.0,0.0,1,1,1,22,1.4866421087610363e-14,2.3032780091884923e-14,0.39743876457214355,0.07151341438293457
500,0.0,0.0,0.0,1,1,1,23,1.4678265284517336e-14,2.012690738247269e-14,0.3359718322753906,0.06299924850463867
500,0.0,0.0,0.0,1,1,1,24,1.2458118791990215e-14,1.7512338589015242e-14,0.3015468120574951,0.06300115585327148
500,0.2,0.44000000000000006,0.2,1,1,1,0,0.02652739944377681,0.027814969988948276,0.33719825744628906,0.061983585357666016
500,0.2,0.44000000000000006,0.2,1,1,1,1,0.024782937071283956,0.032698095534815584,0.3344550132751465,0.05951547622680664
500,0.2,0.44000000000000006,0.2,1,1,1,2,0.024406416700625773,0.025661194954951724,0.34430861473083496,0.06699419021606445
500,0.2,0.44000000000000006,0.2,1,1,1,3,0.02473786327477814,0.029461297419789697,0.337451696395874,0.056186676025390625
500,0.2,0.44000000000000006,0.2,1,1,1,4,0.025877459958008338,0.02581735161442187,0.4031200408935547,0.07552528381347656
500,0.2,0.44000000000000006,0.2,1,1,1,5,0.03093916223292532,0.023510401052477623,0.31254053115844727,0.07069015502929688
500,0.2,0.44000000000000006,0.2,1,1,1,6,0.023054390238801754,0.030978660987140156,0.33377885818481445,0.06400156021118164
500,0.2,0.44000000000000006,0.2,1,1,1,7,0.02462131619032077,0.028547438480743235,0.3188471794128418,0.06351470947265625
500,0.2,0.44000000000000006,0.2,1,1,1,8,0.02884012904330413,0.02775563607408816,0.33614516258239746,0.056980133056640625
500,0.2,0.44000000000000006,0.2,1,1,1,9,0.025271838701802097,0.02793201004959669,0.34859681129455566,0.06151270866394043
500,0.2,0.44000000000000006,0.2,1,1,1,10,0.02692111694307126,0.02508696609126293,0.332078218460083,0.05697917938232422
500,0.2,0.44000000000000006,0.2,1,1,1,11,0.024130336907892912,0.0289892178286664,0.4111168384552002,0.10752391815185547
500,0.2,0.44000000000000006,0.2,1,1,1,12,0.023163710899492023,0.03213271467540713,0.581209659576416,0.13151884078979492
500,0.2,0.44000000000000006,0.2,1,1,1,13,0.02645642308388339,0.02715773913847626,0.4439737796783447,0.09351873397827148
500,0.2,0.44000000000000006,0.2,1,1,1,14,0.024620661505448505,0.030859377347242936,0.49397802352905273,0.09751486778259277
500,0.2,0.44000000000000006,0.2,1,1,1,15,0.0228214450369177,0.027528807319602017,0.48363232612609863,0.1075284481048584
500,0.2,0.44000000000000006,0.2,1,1,1,16,0.022755219624119718,0.03167326011729832,0.4881112575531006,0.08953142166137695
500,0.2,0.44000000000000006,0.2,1,1,1,17,0.025606878156226125,0.025820603410034323,0.5006487369537354,0.12049746513366699
500,0.2,0.44000000000000006,0.2,1,1,1,18,0.027928793883310713,0.026753715609873698,0.6984562873840332,0.16960620880126953
500,0.2,0.44000000000000006,0.2,1,1,1,19,0.02302377117347926,0.02719646431792398,0.5613343715667725,0.12765908241271973
500,0.2,0.44000000000000006,0.2,1,1,1,20,0.02536456673981045,0.032226142826009205,0.4866197109222412,0.10251569747924805
500,0.2,0.44000000000000006,0.2,1,1,1,21,0.022069166338936293,0.03376555071262898,0.4674708843231201,0.08853340148925781
500,0.2,0.44000000000000006,0.2,1,1,1,22,0.022661937446603764,0.02608731313529797,0.45415663719177246,0.10229873657226562
500,0.2,0.44000000000000006,0.2,1,1,1,23,0.02286653784003074,0.02826080063731144,0.542536735534668,0.11867284774780273
500,0.2,0.44000000000000006,0.2,1,1,1,24,0.0241106629157623,0.02669100688568162,0.4204254150390625,0.0845186710357666
500,0.4,0.96,0.4,1,1,1,0,0.0478428167719889,0.06016553935961994,0.44240641593933105,0.08151388168334961
500,0.4,0.96,0.4,1,1,1,1,0.05374341865803545,0.060806498091323484,0.3972811698913574,0.07958078384399414
500,0.4,0.96,0.4,1,1,1,2,0.05490853201184496,0.07035878186689173,0.3661069869995117,0.07450628280639648
500,0.4,0.96,0.4,1,1,1,3,0.052005580347768754,0.05959524102622413,0.39879393577575684,0.07251501083374023
500,0.4,0.96,0.4,1,1,1,4,0.04732641374848599,0.059265430998497265,0.5244753360748291,0.09751749038696289
500,0.4,0.96,0.4,1,1,1,5,0.04766871442818724,0.06008508290432578,0.38840365409851074,0.07398533821105957
500,0.4,0.96,0.4,1,1,1,6,0.051951049397838935,0.05409855497694085,0.3657984733581543,0.07302284240722656
500,0.4,0.96,0.4,1,1,1,7,0.04840288134846383,0.05860219908272166,0.3636612892150879,0.0665132999420166
500,0.4,0.96,0.4,1,1,1,8,0.0480289155954539,0.060120684905714816,0.3510863780975342,0.07150983810424805
500,0.4,0.96,0.4,1,1,1,9,0.052592429044652673,0.06063613044866736,0.3545818328857422,0.06949543952941895
500,0.4,0.96,0.4,1,1,1,10,0.04930481636902563,0.0539895371478757,0.3532130718231201,0.0645132064819336
500,0.4,0.96,0.4,1,1,1,11,0.047222451405436454,0.058056346843760584,0.45463109016418457,0.09852218627929688
500,0.4,0.96,0.4,1,1,1,12,0.04875674659790943,0.056608585151805516,0.4097006320953369,0.0759880542755127
500,0.4,0.96,0.4,1,1,1,13,0.047358459323400555,0.051588758120090256,0.3774600028991699,0.08051371574401855
500,0.4,0.96,0.4,1,1,1,14,0.04685494546022516,0.04817492538216847,0.385087251663208,0.07598567008972168
500,0.4,0.96,0.4,1,1,1,15,0.05103376259653088,0.052806400868966465,0.44709110260009766,0.08051347732543945
500,0.4,0.96,0.4,1,1,1,16,0.050231109524415216,0.05413890590810893,0.4317185878753662,0.08749818801879883
500,0.4,0.96,0.4,1,1,1,17,0.046985143071874035,0.05890751530725192,0.4540824890136719,0.10087418556213379
500,0.4,0.96,0.4,1,1,1,18,0.05083335468806179,0.058159871568959506,0.7504196166992188,0.1520693302154541
500,0.4,0.96,0.4,1,1,1,19,0.05059121368843197,0.05586514543995743,0.6448118686676025,0.10184931755065918
500,0.4,0.96,0.4,1,1,1,20,0.043920864241648254,0.05223309772589819,0.5046594142913818,0.10532331466674805
500,0.4,0.96,0.4,1,1,1,21,0.06009571674236719,0.05374952663331792,0.47069835662841797,0.10193467140197754
500,0.4,0.96,0.4,1,1,1,22,0.046610348575094177,0.05286805915814105,0.45610737800598145,0.09400653839111328
500,0.4,0.96,0.4,1,1,1,23,0.04979543530437722,0.05028761821293947,0.5259959697723389,0.11351633071899414
500,0.4,0.96,0.4,1,1,1,24,0.0535475943466749,0.05435003841976779,0.5295848846435547,0.11905550956726074
500,0.6000000000000001,1.5600000000000003,0.6000000000000001,1,1,1,0,0.07617648966436946,0.0829283733460272,0.4719667434692383,0.10750913619995117
500,0.6000000000000001,1.5600000000000003,0.6000000000000001,1,1,1,1,0.0814947293440125,0.07411224928698135,0.46605825424194336,0.09649968147277832
500,0.6000000000000001,1.5600000000000003,0.6000000000000001,1,1,1,2,0.07992991567914207,0.07949451605850004,0.4689314365386963,0.10251235961914062
500,0.6000000000000001,1.5600000000000003,0.6000000000000001,1,1,1,3,0.07492652526448891,0.1027085495736036,0.5030043125152588,0.09554934501647949
500,0.6000000000000001,1.5600000000000003,0.6000000000000001,1,1,1,4,0.07040287529828303,0.0764472153839476,0.5090723037719727,0.1085207462310791
500,0.6000000000000001,1.5600000000000003,0.6000000000000001,1,1,1,5,0.06836086520427295,0.0853975579652225,0.6692929267883301,0.11151647567749023
500,0.6000000000000001,1.5600000000000003,0.6000000000000001,1,1,1,6,0.0664044278495877,0.07563811619212128,0.5391581058502197,0.09752726554870605
500,0.6000000000000001,1.5600000000000003,0.6000000000000001,1,1,1,7,0.0811153527707132,0.0926634238349289,0.46951723098754883,0.11117744445800781
500,0.6000000000000001,1.5600000000000003,0.6000000000000001,1,1,1,8,0.08479760558850019,0.07941237582349311,0.4665231704711914,0.10251784324645996
500,0.6000000000000001,1.5600000000000003,0.6000000000000001,1,1,1,9,0.07503366167576624,0.08864893459169713,0.49764347076416016,0.09151649475097656
500,0.6000000000000001,1.5600000000000003,0.6000000000000001,1,1,1,10,0.06996832740483587,0.07881621023472082,0.6032166481018066,0.13406753540039062
500,0.6000000000000001,1.5600000000000003,0.6000000000000001,1,1,1,11,0.07611062333114352,0.11246826692290954,0.5184943675994873,0.09743714332580566
500,0.6000000000000001,1.5600000000000003,0.6000000000000001,1,1,1,12,0.08632678749526622,0.0916233082526523,0.5454380512237549,0.10251832008361816
500,0.6000000000000001,1.5600000000000003,0.6000000000000001,1,1,1,13,0.075608475712923,0.08186405643220938,0.5366702079772949,0.10784387588500977
500,0.6000000000000001,1.5600000000000003,0.6000000000000001,1,1,1,14,0.08020939503792297,0.10218214951936555,0.6486818790435791,0.11223983764648438
500,0.6000000000000001,1.5600000000000003,0.6000000000000001,1,1,1,15,0.06919440637443627,0.07602513166243698,0.6523780822753906,0.12303757667541504
500,0.6000000000000001,1.5600000000000003,0.6000000000000001,1,1,1,16,0.08843760280492736,0.08938064600627939,0.5673568248748779,0.10151505470275879
500,0.6000000000000001,1.5600000000000003,0.6000000000000001,1,1,1,17,0.08044974818589715,0.08724968187370646,0.5074412822723389,0.11604857444763184
500,0.6000000000000001,1.5600000000000003,0.6000000000000001,1,1,1,18,0.07953003184764008,0.08886845539237866,0.46363329887390137,0.0905153751373291
500,0.6000000000000001,1.5600000000000003,0.6000000000000001,1,1,1,19,0.07021921811837283,0.09665553550185103,0.47378110885620117,0.09438705444335938
500,0.6000000000000001,1.5600000000000003,0.6000000000000001,1,1,1,20,0.07906631169117861,0.07285306028285499,0.43952250480651855,0.08950161933898926
500,0.6000000000000001,1.5600000000000003,0.6000000000000001,1,1,1,21,0.06941253011003048,0.08271582600722945,0.5086226463317871,0.12952160835266113
500,0.6000000000000001,1.5600000000000003,0.6000000000000001,1,1,1,22,0.0635271979473764,0.08166476429296197,0.6857426166534424,0.1742715835571289
500,0.6000000000000001,1.5600000000000003,0.6000000000000001,1,1,1,23,0.07575902818700019,0.08692018921995273,0.6443953514099121,0.0875701904296875
500,0.6000000000000001,1.5600000000000003,0.6000000000000001,1,1,1,24,0.07441339019250522,0.09034372434876402,0.5727434158325195,0.10007452964782715
500,0.8,2.2399999999999998,0.8,1,1,1,0,0.11634262667712081,0.144363431763353,0.5662627220153809,0.09855508804321289
500,0.8,2.2399999999999998,0.8,1,1,1,1,0.09350673947223964,0.0951919973577681,0.612459659576416,0.14143729209899902
500,0.8,2.2399999999999998,0.8,1,1,1,2,0.10442290610457641,0.1045746715876953,0.734046459197998,0.11952805519104004
500,0.8,2.2399999999999998,0.8,1,1,1,3,0.08891696645958316,0.1754509900050798,0.5458967685699463,0.09943675994873047
500,0.8,2.2399999999999998,0.8,1,1,1,4,0.10113804030527723,0.10117357739459582,0.5427582263946533,0.10041356086730957
500,0.8,2.2399999999999998,0.8,1,1,1,5,0.09616080399209839,0.118023851847209,0.5700223445892334,0.08351325988769531
500,0.8,2.2399999999999998,0.8,1,1,1,6,0.10351068463591134,0.15263090927341016,0.5598456859588623,0.09241628646850586
500,0.8,2.2399999999999998,0.8,1,1,1,7,0.10019327171897162,0.11539984405867244,0.680495023727417,0.11774659156799316
500,0.8,2.2399999999999998,0.8,1,1,1,8,0.09736158875978461,0.10950874133929413,0.5286355018615723,0.10851669311523438
500,0.8,2.2399999999999998,0.8,1,1,1,9,0.09905142821690466,0.10897757323859787,0.5740809440612793,0.12911343574523926
500,0.8,2.2399999999999998,0.8,1,1,1,10,0.12134417808513513,0.13162260656772065,0.6601800918579102,0.11505484580993652
500,0.8,2.2399999999999998,0.8,1,1,1,11,0.09858077822705043,0.11791202037529379,0.5560674667358398,0.09440445899963379
500,0.8,2.2399999999999998,0.8,1,1,1,12,0.12065843853714443,0.1042739497074714,0.7824118137359619,0.16155242919921875
500,0.8,2.2399999999999998,0.8,1,1,1,13,0.1098872256277391,0.11281826002556578,0.4877126216888428,0.12106823921203613
500,0.8,2.2399999999999998,0.8,1,1,1,14,0.09845594924504611,0.1048289474990951,0.5306088924407959,0.11695003509521484
500,0.8,2.2399999999999998,0.8,1,1,1,15,0.10056054098481015,0.11962054116833283,0.5176339149475098,0.11751341819763184
500,0.8,2.2399999999999998,0.8,1,1,1,16,0.11103641864379313,0.1235981154517874,0.5623042583465576,0.10040664672851562
500,0.8,2.2399999999999998,0.8,1,1,1,17,0.1045721667379018,0.11344962805359324,0.6400802135467529,0.11454629898071289
500,0.8,2.2399999999999998,0.8,1,1,1,18,0.09758590320153242,0.12427258896816125,0.6260049343109131,0.11552047729492188
500,0.8,2.2399999999999998,0.8,1,1,1,19,0.08774138771156446,0.11879039921694179,0.5257337093353271,0.11350512504577637
500,0.8,2.2399999999999998,0.8,1,1,1,20,0.10776730172328043,0.10873958041329243,0.5813653469085693,0.08950543403625488
500,0.8,2.2399999999999998,0.8,1,1,1,21,0.1128093904959113,0.10413324632995559,0.518162727355957,0.10942888259887695
500,0.8,2.2399999999999998,0.8,1,1,1,22,0.1030644397262807,0.10865407663414256,0.5285024642944336,0.10903382301330566
500,0.8,2.2399999999999998,0.8,1,1,1,23,0.09403958282352343,0.1002961684317955,0.6807990074157715,0.12453889846801758
500,0.8,2.2399999999999998,0.8,1,1,1,24,0.10958218226968389,0.11237074556298199,0.5511245727539062,0.11741065979003906
500,1.0,3.0,1.0,1,1,1,0,0.11390450341739376,0.1458278939280559,0.5532405376434326,0.1010284423828125
500,1.0,3.0,1.0,1,1,1,1,0.11877945341997986,0.15663080403681529,0.556527853012085,0.10405325889587402
500,1.0,3.0,1.0,1,1,1,2,0.11697952667172634,0.1386340544029448,0.5621099472045898,0.11245274543762207
500,1.0,3.0,1.0,1,1,1,3,0.11716890122828187,0.1445944931812568,0.5798203945159912,0.1434018611907959
500,1.0,3.0,1.0,1,1,1,4,0.13193947898079816,0.1361613295784659,0.7230062484741211,0.14153552055358887
500,1.0,3.0,1.0,1,1,1,5,0.13292819086300262,0.15890716936824284,0.6838352680206299,0.1412200927734375
500,1.0,3.0,1.0,1,1,1,6,0.14497816658892265,0.12839889401741966,0.48996710777282715,0.10652565956115723
500,1.0,3.0,1.0,1,1,1,7,0.11396096653051066,0.15413831663558644,0.5157599449157715,0.10351705551147461
500,1.0,3.0,1.0,1,1,1,8,0.12459958154718966,0.13832084116883658,0.5751426219940186,0.11640167236328125
500,1.0,3.0,1.0,1,1,1,9,0.11539272975748603,0.13334150914291262,0.7119858264923096,0.1216745376586914
500,1.0,3.0,1.0,1,1,1,10,0.1612797424628793,0.14074369867507774,0.5838198661804199,0.08753752708435059
500,1.0,3.0,1.0,1,1,1,11,0.13326055787293398,0.14556162254016256,0.575965166091919,0.08892965316772461
500,1.0,3.0,1.0,1,1,1,12,0.1314753134029062,0.14100339542456997,0.5338423252105713,0.11397743225097656
500,1.0,3.0,1.0,1,1,1,13,0.11704232423698786,0.1453676760890252,0.5117862224578857,0.10560297966003418
500,1.0,3.0,1.0,1,1,1,14,0.134494687823102,0.14854595291342287,0.6200883388519287,0.14705967903137207
500,1.0,3.0,1.0,1,1,1,15,0.11755186459517497,0.14372602286794145,0.6920778751373291,0.12552285194396973
500,1.0,3.0,1.0,1,1,1,16,0.13274372680359545,0.14456205677097775,0.51007080078125,0.08951663970947266
500,1.0,3.0,1.0,1,1,1,17,0.16839099815693911,0.1389102348282596,0.5024881362915039,0.12141561508178711
500,1.0,3.0,1.0,1,1,1,18,0.14558921256644836,0.12103069917452056,0.51973557472229,0.12405586242675781
500,1.0,3.0,1.0,1,1,1,19,0.12714013107350902,0.1739819147556809,0.49857449531555176,0.10906076431274414
500,1.0,3.0,1.0,1,1,1,20,0.11298340624176338,0.14766531101281635,0.6638355255126953,0.11853599548339844
500,1.0,3.0,1.0,1,1,1,21,0.1288861591778255,0.14642735166434753,0.5983381271362305,0.11237645149230957
500,1.0,3.0,1.0,1,1,1,22,0.12846479381902703,0.13285453528383864,0.577552318572998,0.1121530532836914
500,1.0,3.0,1.0,1,1,1,23,0.12671356522226349,0.145926708932087,0.5598750114440918,0.11007070541381836
500,1.0,3.0,1.0,1,1,1,24,0.12324548011676165,0.1585102622495299,0.56439208984375,0.10743427276611328
500,1.2000000000000002,3.8400000000000007,1.2000000000000002,1,1,1,0,0.14408831618868775,0.20964216827025514,0.6346468925476074,0.1259772777557373
500,1.2000000000000002,3.8400000000000007,1.2000000000000002,1,1,1,1,0.16968679254752178,0.19027619442251764,0.648068904876709,0.12752437591552734
500,1.2000000000000002,3.8400000000000007,1.2000000000000002,1,1,1,2,0.13225744097780462,0.1508063828645758,0.5466241836547852,0.11523818969726562
500,1.2000000000000002,3.8400000000000007,1.2000000000000002,1,1,1,3,0.145871265961018,0.16521010449331622,0.4995605945587158,0.10742855072021484
500,1.2000000000000002,3.8400000000000007,1.2000000000000002,1,1,1,4,0.14421449688818594,0.16178153915338725,0.5332050323486328,0.0960545539855957
500,1.2000000000000002,3.8400000000000007,1.2000000000000002,1,1,1,5,0.15879437763414783,0.17276866078492314,0.5113389492034912,0.12049555778503418
500,1.2000000000000002,3.8400000000000007,1.2000000000000002,1,1,1,6,0.14296789640829488,0.19350191021185256,0.7110073566436768,0.12741756439208984
500,1.2000000000000002,3.8400000000000007,1.2000000000000002,1,1,1,7,0.18169267148695084,0.16638883157794218,0.4883146286010742,0.1281599998474121
500,1.2000000000000002,3.8400000000000007,1.2000000000000002,1,1,1,8,0.1431883919396033,0.17850657166570114,0.5175385475158691,0.09200453758239746
500,1.2000000000000002,3.8400000000000007,1.2000000000000002,1,1,1,9,0.16769340831462662,0.1687152369001068,0.5665836334228516,0.1125185489654541
500,1.2000000000000002,3.8400000000000007,1.2000000000000002,1,1,1,10,0.1927775903227225,0.17259199687270776,0.5336267948150635,0.10552263259887695
500,1.2000000000000002,3.8400000000000007,1.2000000000000002,1,1,1,11,0.14501457550678915,0.17032510856631752,0.6042394638061523,0.1240990161895752
500,1.2000000000000002,3.8400000000000007,1.2000000000000002,1,1,1,12,0.152257401822718,0.15442108526784207,0.6244885921478271,0.09328389167785645
500,1.2000000000000002,3.8400000000000007,1.2000000000000002,1,1,1,13,0.16307717454048223,0.17547835040442497,0.5821905136108398,0.09442305564880371
500,1.2000000000000002,3.8400000000000007,1.2000000000000002,1,1,1,14,0.15044370083286,0.16147120980723717,0.5334954261779785,0.11953234672546387
500,1.2000000000000002,3.8400000000000007,1.2000000000000002,1,1,1,15,0.14180064554774047,0.18377857508595635,0.5639560222625732,0.08447432518005371
500,1.2000000000000002,3.8400000000000007,1.2000000000000002,1,1,1,16,0.16248326211164293,0.15059320723541628,0.5286602973937988,0.10141634941101074
500,1.2000000000000002,3.8400000000000007,1.2000000000000002,1,1,1,17,0.13923392633561907,0.16730661825113902,0.5590310096740723,0.14252662658691406
500,1.2000000000000002,3.8400000000000007,1.2000000000000002,1,1,1,18,0.16351345964874875,0.1873789404738026,0.6328921318054199,0.10053443908691406
500,1.2000000000000002,3.8400000000000007,1.2000000000000002,1,1,1,19,0.17553748573169367,0.1636642671451997,0.5821487903594971,0.0954291820526123
500,1.2000000000000002,3.8400000000000007,1.2000000000000002,1,1,1,20,0.18635662932001487,0.1591194730397966,0.4862544536590576,0.12014126777648926
500,1.2000000000000002,3.8400000000000007,1.2000000000000002,1,1,1,21,0.18024547329442897,0.16348562451711374,0.5803301334381104,0.12015223503112793
500,1.2000000000000002,3.8400000000000007,1.2000000000000002,1,1,1,22,0.16111492843686626,0.18327460383414212,0.671675443649292,0.13779640197753906
500,1.2000000000000002,3.8400000000000007,1.2000000000000002,1,1,1,23,0.15485394875758776,0.15315488831588672,0.7382252216339111,0.125227689743042
500,1.2000000000000002,3.8400000000000007,1.2000000000000002,1,1,1,24,0.14055020942278945,0.17370993087668635,0.5694484710693359,0.0850529670715332
500,1.4000000000000001,4.760000000000001,1.4000000000000001,1,1,1,0,0.1754151512053676,0.18033775762580675,0.5261363983154297,0.08107256889343262
500,1.4000000000000001,4.760000000000001,1.4000000000000001,1,1,1,1,0.17371238393848967,0.22566250660912127,0.6046249866485596,0.08896470069885254
500,1.4000000000000001,4.760000000000001,1.4000000000000001,1,1,1,2,0.16642956545697876,0.21278687659502316,0.5670745372772217,0.09840226173400879
500,1.4000000000000001,4.760000000000001,1.4000000000000001,1,1,1,3,0.20250299276251912,0.21580409368042633,0.7132761478424072,0.12383246421813965
500,1.4000000000000001,4.760000000000001,1.4000000000000001,1,1,1,4,0.19487800319485146,0.18317147970551434,0.5516204833984375,0.0999290943145752
500,1.4000000000000001,4.760000000000001,1.4000000000000001,1,1,1,5,0.2018102604147584,0.2180233364343601,0.5975213050842285,0.11318206787109375
500,1.4000000000000001,4.760000000000001,1.4000000000000001,1,1,1,6,0.16344915267081442,0.16725048157700212,0.5556364059448242,0.09340858459472656
500,1.4000000000000001,4.760000000000001,1.4000000000000001,1,1,1,7,0.18418198249692375,0.21079101323360988,0.5703496932983398,0.09441685676574707
500,1.4000000000000001,4.760000000000001,1.4000000000000001,1,1,1,8,0.19652591438561104,0.18963253332763486,0.6370425224304199,0.10351848602294922
500,1.4000000000000001,4.760000000000001,1.4000000000000001,1,1,1,9,0.19142283985267813,0.2233859696821149,0.6547882556915283,0.13754606246948242
500,1.4000000000000001,4.760000000000001,1.4000000000000001,1,1,1,10,0.19292147480697458,0.19674144876217559,0.5653877258300781,0.0995321273803711
500,1.4000000000000001,4.760000000000001,1.4000000000000001,1,1,1,11,0.16337135001063238,0.21722800401065898,0.5297281742095947,0.12952804565429688
500,1.4000000000000001,4.760000000000001,1.4000000000000001,1,1,1,12,0.18708132225774107,0.2036685101821391,0.5465795993804932,0.11546850204467773
500,1.4000000000000001,4.760000000000001,1.4000000000000001,1,1,1,13,0.1643909627627067,0.2032804973610817,0.491072416305542,0.12050151824951172
500,1.4000000000000001,4.760000000000001,1.4000000000000001,1,1,1,14,0.16918162810271964,0.20275027856290317,0.7511336803436279,0.11605548858642578
500,1.4000000000000001,4.760000000000001,1.4000000000000001,1,1,1,15,0.19183214962336198,0.2071898733131046,0.5104219913482666,0.0925130844116211
500,1.4000000000000001,4.760000000000001,1.4000000000000001,1,1,1,16,0.16904767952509817,0.21546940446879206,0.5476346015930176,0.12349748611450195
500,1.4000000000000001,4.760000000000001,1.4000000000000001,1,1,1,17,0.16272848831912232,0.18775006621825485,0.505817174911499,0.1435551643371582
500,1.4000000000000001,4.760000000000001,1.4000000000000001,1,1,1,18,0.16578507109519797,0.19920431031616928,0.5508935451507568,0.1052846908569336
500,1.4000000000000001,4.760000000000001,1.4000000000000001,1,1,1,19,0.17008461004551761,0.2077297395089822,0.6310949325561523,0.10452890396118164
500,1.4000000000000001,4.760000000000001,1.4000000000000001,1,1,1,20,0.16602311164670516,0.184073363990024,0.6168503761291504,0.12044692039489746
500,1.4000000000000001,4.760000000000001,1.4000000000000001,1,1,1,21,0.18286229546202218,0.23210862560729884,0.4781839847564697,0.08851456642150879
500,1.4000000000000001,4.760000000000001,1.4000000000000001,1,1,1,22,0.1847062930676333,0.17779540892859863,0.49232029914855957,0.10641217231750488
500,1.4000000000000001,4.760000000000001,1.4000000000000001,1,1,1,23,0.182800315404822,0.22710405962779479,0.5258209705352783,0.09853029251098633
500,1.4000000000000001,4.760000000000001,1.4000000000000001,1,1,1,24,0.2003448207513548,0.1853383897138471,0.5658388137817383,0.11252379417419434
500,1.6,5.760000000000001,1.6,1,1,1,0,0.2405181244589212,0.22940758984043666,0.6980223655700684,0.15379881858825684
500,1.6,5.760000000000001,1.6,1,1,1,1,0.21717982901741478,0.2795344522794388,0.5754148960113525,0.09131789207458496
500,1.6,5.760000000000001,1.6,1,1,1,2,0.2082644290999291,0.24428606492806498,0.5177323818206787,0.1134340763092041
500,1.6,5.760000000000001,1.6,1,1,1,3,0.2269690263561485,0.2578281311849796,0.5302071571350098,0.12080931663513184
500,1.6,5.760000000000001,1.6,1,1,1,4,0.19467765467088374,0.22275111594179178,0.5820934772491455,0.09104609489440918
500,1.6,5.760000000000001,1.6,1,1,1,5,0.21939957843709584,0.28111685570914985,0.5517013072967529,0.0895540714263916
500,1.6,5.760000000000001,1.6,1,1,1,6,0.1957142009183521,0.23123226367159733,0.6427514553070068,0.1315302848815918
500,1.6,5.760000000000001,1.6,1,1,1,7,0.19967035784049428,0.26734817172220254,0.547593355178833,0.0825192928314209
500,1.6,5.760000000000001,1.6,1,1,1,8,0.21113043895708258,0.2096513516034174,0.551250696182251,0.09202265739440918
500,1.6,5.760000000000001,1.6,1,1,1,9,0.24708605134056583,0.23641374455029288,0.5539898872375488,0.09671664237976074
500,1.6,5.760000000000001,1.6,1,1,1,10,0.20970682730608764,0.22997979445173625,0.5780758857727051,0.0865170955657959
500,1.6,5.760000000000001,1.6,1,1,1,11,0.20225928466755902,0.2327555002438879,0.6508550643920898,0.10753393173217773
500,1.6,5.760000000000001,1.6,1,1,1,12,0.19047042780863593,0.19473068618958453,0.8240108489990234,0.14115095138549805
500,1.6,5.760000000000001,1.6,1,1,1,13,0.17729926719158662,0.22719620951580433,0.6188807487487793,0.12650609016418457
500,1.6,5.760000000000001,1.6,1,1,1,14,0.22268429938654918,0.2247672898612734,0.5885238647460938,0.10152840614318848
500,1.6,5.760000000000001,1.6,1,1,1,15,0.19773869237483965,0.2337132040344318,0.5957987308502197,0.12994790077209473
500,1.6,5.760000000000001,1.6,1,1,1,16,0.19437598373782708,0.21511362299180067,0.7185924053192139,0.14223146438598633
500,1.6,5.760000000000001,1.6,1,1,1,17,0.19063226822485768,0.25980822308905843,0.6386613845825195,0.11696743965148926
500,1.6,5.760000000000001,1.6,1,1,1,18,0.19434606421173245,0.2400187115135664,0.5176365375518799,0.11345124244689941
500,1.6,5.760000000000001,1.6,1,1,1,19,0.19445596337440899,0.27958040176506854,0.515296459197998,0.1355898380279541
500,1.6,5.760000000000001,1.6,1,1,1,20,0.19568967146913793,0.21899895292543442,0.495072603225708,0.1044163703918457
500,1.6,5.760000000000001,1.6,1,1,1,21,0.22006512747261586,0.2134464586625937,0.4886314868927002,0.08950591087341309
500,1.6,5.760000000000001,1.6,1,1,1,22,0.218969301106481,0.2313153670435514,0.6924295425415039,0.17436933517456055
500,1.6,5.760000000000001,1.6,1,1,1,23,0.20636556076353113,0.2326332025555839,0.5740237236022949,0.1106424331665039
500,1.6,5.760000000000001,1.6,1,1,1,24,0.19654576816256844,0.26005097313464864,0.5250592231750488,0.09854292869567871
500,1.8,6.84,1.8,1,1,1,0,0.21678364983719778,0.29345349426864414,0.5003504753112793,0.11232924461364746
500,1.8,6.84,1.8,1,1,1,1,0.21865882130267164,0.26934699904041554,0.521273136138916,0.11381363868713379
500,1.8,6.84,1.8,1,1,1,2,0.23103345611011905,0.26234677355731445,0.7364568710327148,0.13510417938232422
500,1.8,6.84,1.8,1,1,1,3,0.2076329126683715,0.2817274266088941,0.49155712127685547,0.11262774467468262
500,1.8,6.84,1.8,1,1,1,4,0.25012734719513696,0.28721657972360914,0.47451329231262207,0.10574913024902344
500,1.8,6.84,1.8,1,1,1,5,0.21892866896527208,0.2387424580277751,0.46924257278442383,0.10411310195922852
500,1.8,6.84,1.8,1,1,1,6,0.25988984732532533,0.28146318527692715,0.49830126762390137,0.10763311386108398
500,1.8,6.84,1.8,1,1,1,7,0.22483367974607235,0.26963754742454366,0.5868978500366211,0.1126246452331543
500,1.8,6.84,1.8,1,1,1,8,0.2503819018851752,0.2595869814931118,0.8408467769622803,0.15482306480407715
500,1.8,6.84,1.8,1,1,1,9,0.2275263027819682,0.24864985491784314,0.5380663871765137,0.11149787902832031
500,1.8,6.84,1.8,1,1,1,10,0.2580501967874535,0.23920391517737136,0.5570271015167236,0.0875253677368164
500,1.8,6.84,1.8,1,1,1,11,0.22630761505540403,0.22735266895625172,0.5409409999847412,0.1135866641998291
500,1.8,6.84,1.8,1,1,1,12,0.22436167481991362,0.2768140453254772,0.5491020679473877,0.10231280326843262
500,1.8,6.84,1.8,1,1,1,13,0.2546494070674391,0.27290825358438914,0.7405860424041748,0.1326303482055664
500,1.8,6.84,1.8,1,1,1,14,0.21867660026337785,0.27810514919856355,0.6271896362304688,0.10528111457824707
500,1.8,6.84,1.8,1,1,1,15,0.31755430378423344,0.24820434507197314,0.5503439903259277,0.10343408584594727
500,1.8,6.84,1.8,1,1,1,16,0.24589585684484447,0.2631130862886602,0.5315589904785156,0.12602543830871582
500,1.8,6.84,1.8,1,1,1,17,0.23733353285121644,0.3253531874776035,0.5787081718444824,0.09755349159240723
500,1.8,6.84,1.8,1,1,1,18,0.2278893951586088,0.2596140812263665,0.5844719409942627,0.11371994018554688
500,1.8,6.84,1.8,1,1,1,19,0.21430390373295433,0.24635609451170354,0.6330289840698242,0.12355494499206543
500,1.8,6.84,1.8,1,1,1,20,0.24329204240078184,0.2711157776169955,0.5737321376800537,0.09751343727111816
500,1.8,6.84,1.8,1,1,1,21,0.1985571405549535,0.2763451291303603,0.5815730094909668,0.08644723892211914
500,1.8,6.84,1.8,1,1,1,22,0.2483278859644877,0.2517764862837681,0.5381662845611572,0.09763264656066895
500,1.8,6.84,1.8,1,1,1,23,0.29979092377326255,0.26534302086005895,0.5226376056671143,0.06642937660217285
500,1.8,6.84,1.8,1,1,1,24,0.23216729670839362,0.34362700427962684,0.5810606479644775,0.11844658851623535
500,2.0,8.0,2.0,1,1,1,0,0.25970537977975233,0.26283732046427555,0.5343139171600342,0.08656668663024902
500,2.0,8.0,2.0,1,1,1,1,0.28757549316735226,0.30318532599304343,0.5441203117370605,0.08826160430908203
500,2.0,8.0,2.0,1,1,1,2,0.3286313819360397,0.2883310201268862,0.5454545021057129,0.08298230171203613
500,2.0,8.0,2.0,1,1,1,3,0.26787497500695834,0.29700591195429527,0.6507704257965088,0.10864377021789551
500,2.0,8.0,2.0,1,1,1,4,0.26830894582624826,0.32985993536134495,0.6190338134765625,0.14628195762634277
500,2.0,8.0,2.0,1,1,1,5,0.23243234098568846,0.3378976414100934,0.6154427528381348,0.12779521942138672
500,2.0,8.0,2.0,1,1,1,6,0.2972030605102075,0.29784458687626875,0.582813024520874,0.08442997932434082
500,2.0,8.0,2.0,1,1,1,7,0.2777708090536686,0.2610136421227045,0.552053689956665,0.08954048156738281
500,2.0,8.0,2.0,1,1,1,8,0.2330902076253572,0.29507209624615166,0.5667665004730225,0.08745646476745605
500,2.0,8.0,2.0,1,1,1,9,0.2489944294059036,0.2911981706900595,0.558579683303833,0.1021420955657959
500,2.0,8.0,2.0,1,1,1,10,0.23557104463145584,0.2942693619568886,0.6385946273803711,0.10816431045532227
500,2.0,8.0,2.0,1,1,1,11,0.2593648977997328,0.32237143943537566,0.6884229183197021,0.11912417411804199
500,2.0,8.0,2.0,1,1,1,12,0.23133635191998922,0.32193565520853107,0.522794246673584,0.12653589248657227
500,2.0,8.0,2.0,1,1,1,13,0.2891509994354527,0.2614819942633443,0.540290355682373,0.10799980163574219
500,2.0,8.0,2.0,1,1,1,14,0.2292931908801815,0.3088681772469563,0.5365965366363525,0.10348987579345703
500,2.0,8.0,2.0,1,1,1,15,0.26011630118243034,0.2644613341598369,0.5464611053466797,0.10814714431762695
500,2.0,8.0,2.0,1,1,1,16,0.26955145414385306,0.2949408071299916,0.6999373435974121,0.12352395057678223
500,2.0,8.0,2.0,1,1,1,17,0.25901410539210823,0.3364840222804191,0.5131571292877197,0.12357378005981445
500,2.0,8.0,2.0,1,1,1,18,0.2792928435572478,0.373007633536036,0.5387294292449951,0.08939051628112793
500,2.0,8.0,2.0,1,1,1,19,0.28944703599599325,0.2729298975688449,0.5455315113067627,0.0952293872833252
500,2.0,8.0,2.0,1,1,1,20,0.2440939756581159,0.3557703752252136,0.5126211643218994,0.10330939292907715
500,2.0,8.0,2.0,1,1,1,21,0.2576224056985591,0.23862666948408515,0.5804135799407959,0.12900543212890625
500,2.0,8.0,2.0,1,1,1,22,0.23329211094703656,0.3222297375943788,0.6381337642669678,0.1475224494934082
500,2.0,8.0,2.0,1,1,1,23,0.2624699955513615,0.27468016248289645,0.5646247863769531,0.10533428192138672
500,2.0,8.0,2.0,1,1,1,24,0.24957338401459572,0.2744653075596504,0.5839250087738037,0.1075894832611084
500,2.2,9.240000000000002,2.2,1,1,1,0,0.27168778138386185,0.38349328921312614,0.6654937267303467,0.1238565444946289
500,2.2,9.240000000000002,2.2,1,1,1,1,0.28271577815447346,0.33221353386291597,0.5465424060821533,0.13222193717956543
500,2.2,9.240000000000002,2.2,1,1,1,2,0.3037364871116068,0.34354970516368954,0.7497701644897461,0.14391613006591797
500,2.2,9.240000000000002,2.2,1,1,1,3,0.24568088672010732,0.2834496207352077,0.522968053817749,0.09897327423095703
500,2.2,9.240000000000002,2.2,1,1,1,4,0.27255272277258685,0.3039830849733153,0.5182981491088867,0.09527182579040527
500,2.2,9.240000000000002,2.2,1,1,1,5,0.2617157513307214,0.350529996127253,0.5258970260620117,0.10254740715026855
500,2.2,9.240000000000002,2.2,1,1,1,6,0.26361475035661786,0.33477933176123126,0.5879075527191162,0.10022759437561035
500,2.2,9.240000000000002,2.2,1,1,1,7,0.30128994302421586,0.3134620485482583,0.5864219665527344,0.1384122371673584
500,2.2,9.240000000000002,2.2,1,1,1,8,0.2726424024983263,0.321692117510194,0.6267726421356201,0.11612677574157715
500,2.2,9.240000000000002,2.2,1,1,1,9,0.27212811776428764,0.32057342140927925,0.5311052799224854,0.1084296703338623
500,2.2,9.240000000000002,2.2,1,1,1,10,0.2603908819076127,0.30244919637821943,0.5041801929473877,0.10399031639099121
500,2.2,9.240000000000002,2.2,1,1,1,11,0.2900407963596868,0.2856484514217567,0.49140477180480957,0.12924432754516602
500,2.2,9.240000000000002,2.2,1,1,1,12,0.2740817597806639,0.2902024602549909,0.539114236831665,0.09415459632873535
500,2.2,9.240000000000002,2.2,1,1,1,13,0.279163453454814,0.3227843416943347,0.6379306316375732,0.13126325607299805
500,2.2,9.240000000000002,2.2,1,1,1,14,0.27290845166633876,0.33009138402123933,0.5856719017028809,0.11407113075256348
500,2.2,9.240000000000002,2.2,1,1,1,15,0.2613383732001048,0.3239454192908793,0.576486349105835,0.10109162330627441
500,2.2,9.240000000000002,2.2,1,1,1,16,0.2702398149507982,0.2864576776630216,0.5255017280578613,0.12281560897827148
500,2.2,9.240000000000002,2.2,1,1,1,17,0.27906444254367213,0.3391111931394477,0.5030243396759033,0.10505223274230957
500,2.2,9.240000000000002,2.2,1,1,1,18,0.2703421043197295,0.349393418759108,0.5768783092498779,0.1190950870513916
500,2.2,9.240000000000002,2.2,1,1,1,19,0.3332487963777575,0.3106611921826536,0.6384456157684326,0.14944124221801758
500,2.2,9.240000000000002,2.2,1,1,1,20,0.30027626903931165,0.29168754247579987,0.7490799427032471,0.11471724510192871
500,2.2,9.240000000000002,2.2,1,1,1,21,0.31032719550977783,0.31657685228769517,0.5805799961090088,0.08463716506958008
500,2.2,9.240000000000002,2.2,1,1,1,22,0.3283652621713834,0.3001231552651567,0.5525660514831543,0.1044321060180664
500,2.2,9.240000000000002,2.2,1,1,1,23,0.32805243592290506,0.31141502055843623,0.5555167198181152,0.11936020851135254
500,2.2,9.240000000000002,2.2,1,1,1,24,0.27842255206533323,0.32614892871895584,0.6567914485931396,0.13069987297058105
500,2.4000000000000004,10.560000000000002,2.4000000000000004,1,1,1,0,0.3046113095290063,0.41520830526741337,0.5457897186279297,0.08314347267150879
500,2.4000000000000004,10.560000000000002,2.4000000000000004,1,1,1,1,0.32005709815092936,0.3323885658958575,0.5858564376831055,0.09165620803833008
500,2.4000000000000004,10.560000000000002,2.4000000000000004,1,1,1,2,0.37889167939504254,0.3948658884878907,0.5588250160217285,0.09777355194091797
500,2.4000000000000004,10.560000000000002,2.4000000000000004,1,1,1,3,0.28152140700553263,0.36656474169364855,0.5884885787963867,0.08519721031188965
500,2.4000000000000004,10.560000000000002,2.4000000000000004,1,1,1,4,0.3313466393577456,0.35736792025073616,0.6473782062530518,0.12361621856689453
500,2.4000000000000004,10.560000000000002,2.4000000000000004,1,1,1,5,0.31123128893117524,0.45317544922452396,0.7087557315826416,0.11164045333862305
500,2.4000000000000004,10.560000000000002,2.4000000000000004,1,1,1,6,0.29775348636319643,0.36947879536477707,0.5626051425933838,0.11219501495361328
500,2.4000000000000004,10.560000000000002,2.4000000000000004,1,1,1,7,0.31949369223286067,0.3549250660814356,0.5059256553649902,0.10818672180175781
500,2.4000000000000004,10.560000000000002,2.4000000000000004,1,1,1,8,0.37155534617008545,0.3223019698113214,0.5336356163024902,0.1031796932220459
500,2.4000000000000004,10.560000000000002,2.4000000000000004,1,1,1,9,0.33209093014691093,0.395289412928502,0.5063855648040771,0.09963059425354004
500,2.4000000000000004,10.560000000000002,2.4000000000000004,1,1,1,10,0.3246461759105296,0.28766880571458203,0.6078250408172607,0.13855743408203125
500,2.4000000000000004,10.560000000000002,2.4000000000000004,1,1,1,11,0.32611281866975705,0.31067705100267684,0.5038111209869385,0.10229253768920898
500,2.4000000000000004,10.560000000000002,2.4000000000000004,1,1,1,12,0.2905470867522154,0.31166066580109897,0.5296356678009033,0.09883332252502441
500,2.4000000000000004,10.560000000000002,2.4000000000000004,1,1,1,13,0.3248854052226958,0.3119415808406193,0.5165371894836426,0.09394335746765137
500,2.4000000000000004,10.560000000000002,2.4000000000000004,1,1,1,14,0.3072834109039106,0.3658880564367822,0.5272154808044434,0.10232734680175781
500,2.4000000000000004,10.560000000000002,2.4000000000000004,1,1,1,15,0.2756782619918728,0.37261508515228764,0.6210281848907471,0.1292715072631836
500,2.4000000000000004,10.560000000000002,2.4000000000000004,1,1,1,16,0.38550123180960016,0.3964996578117671,0.7860374450683594,0.13415741920471191
500,2.4000000000000004,10.560000000000002,2.4000000000000004,1,1,1,17,0.33653738486147833,0.3586697303298087,0.4565250873565674,0.10443782806396484
500,2.4000000000000004,10.560000000000002,2.4000000000000004,1,1,1,18,0.32722958341454106,0.36230321065166626,0.4637148380279541,0.09071564674377441
500,2.4000000000000004,10.560000000000002,2.4000000000000004,1,1,1,19,0.33930667532204467,0.35659322919084724,0.48979997634887695,0.0969388484954834
500,2.4000000000000004,10.560000000000002,2.4000000000000004,1,1,1,20,0.2934290516028556,0.3109078730132866,0.4758901596069336,0.0934305191040039
500,2.4000000000000004,10.560000000000002,2.4000000000000004,1,1,1,21,0.3107392842244371,0.3390953691363878,0.6009972095489502,0.10070943832397461
500,2.4000000000000004,10.560000000000002,2.4000000000000004,1,1,1,22,0.2761141467569287,0.38628541547146167,0.5846529006958008,0.10652303695678711
500,2.4000000000000004,10.560000000000002,2.4000000000000004,1,1,1,23,0.3315562841855354,0.44919413106587963,0.4759836196899414,0.09502792358398438
500,2.4000000000000004,10.560000000000002,2.4000000000000004,1,1,1,24,0.30634094898396386,0.35181265845202364,0.4925816059112549,0.0834190845489502
500,2.6,11.959999999999999,2.6,1,1,1,0,0.34110492358614725,0.3492727743179193,0.4714374542236328,0.10264396667480469
500,2.6,11.959999999999999,2.6,1,1,1,1,0.31586334169868074,0.44850710787525583,0.4566946029663086,0.1198277473449707
500,2.6,11.959999999999999,2.6,1,1,1,2,0.37536815507104143,0.3611066425031981,0.5512876510620117,0.11557936668395996
500,2.6,11.959999999999999,2.6,1,1,1,3,0.3845119636048795,0.4411125270074992,0.6348876953125,0.08884716033935547
500,2.6,11.959999999999999,2.6,1,1,1,4,0.3537266183771256,0.39808508143621596,0.4943654537200928,0.09845471382141113
500,2.6,11.959999999999999,2.6,1,1,1,5,0.3375774164058488,0.42679090352504495,0.5023727416992188,0.09352326393127441
500,2.6,11.959999999999999,2.6,1,1,1,6,0.358576230264925,0.4996906325821154,0.5043706893920898,0.09401345252990723
500,2.6,11.959999999999999,2.6,1,1,1,7,0.34491733407418274,0.36096262745409813,0.5172369480133057,0.11521172523498535
500,2.6,11.959999999999999,2.6,1,1,1,8,0.37063275253862293,0.3774942091831168,0.590897798538208,0.1294863224029541
500,2.6,11.959999999999999,2.6,1,1,1,9,0.4037841865929324,0.4998859856604312,0.7014622688293457,0.15193605422973633
500,2.6,11.959999999999999,2.6,1,1,1,10,0.33545447783877197,0.4331171686926871,0.547126293182373,0.11095356941223145
500,2.6,11.959999999999999,2.6,1,1,1,11,0.3411560105901359,0.3960430244028798,0.5623507499694824,0.10641980171203613
500,2.6,11.959999999999999,2.6,1,1,1,12,0.35877422529186,0.41578871941639284,0.6252493858337402,0.1362018585205078
500,2.6,11.959999999999999,2.6,1,1,1,13,0.3294187688217989,0.4064692951971468,0.7034730911254883,0.13106608390808105
500,2.6,11.959999999999999,2.6,1,1,1,14,0.31957972962414294,0.36671443027806805,0.5665521621704102,0.1034388542175293
500,2.6,11.959999999999999,2.6,1,1,1,15,0.40429839419191105,0.37863559136541963,0.5175371170043945,0.09263181686401367
500,2.6,11.959999999999999,2.6,1,1,1,16,0.30004312836074176,0.39618228807808387,0.6055941581726074,0.09113526344299316
500,2.6,11.959999999999999,2.6,1,1,1,17,0.3095245696474844,0.39516177170132866,0.5345032215118408,0.10905337333679199
500,2.6,11.959999999999999,2.6,1,1,1,18,0.31499092134013007,0.4400862547681621,0.5887229442596436,0.09595465660095215
500,2.6,11.959999999999999,2.6,1,1,1,19,0.364026356946099,0.39967935966265344,0.6065051555633545,0.15274262428283691
500,2.6,11.959999999999999,2.6,1,1,1,20,0.3399738938590516,0.3433589876534227,0.7112922668457031,0.12555170059204102
500,2.6,11.959999999999999,2.6,1,1,1,21,0.3992659670369704,0.3672962903659927,0.5317213535308838,0.09456205368041992
500,2.6,11.959999999999999,2.6,1,1,1,22,0.3628835619940723,0.4900255401307618,0.5794994831085205,0.09441709518432617
500,2.6,11.959999999999999,2.6,1,1,1,23,0.33712044593911156,0.4069567659578718,0.5737993717193604,0.11101365089416504
500,2.6,11.959999999999999,2.6,1,1,1,24,0.3256084764792531,0.3290987338321037,0.5509436130523682,0.13048887252807617
500,2.8000000000000003,13.440000000000003,2.8000000000000003,1,1,1,0,0.3470181113410687,0.42868738020812064,0.714409351348877,0.12123608589172363
500,2.8000000000000003,13.440000000000003,2.8000000000000003,1,1,1,1,0.3931088100427997,0.4780974885405405,0.5433075428009033,0.09342217445373535
500,2.8000000000000003,13.440000000000003,2.8000000000000003,1,1,1,2,0.3603439470412126,0.3640090329370365,0.5972301959991455,0.096405029296875
500,2.8000000000000003,13.440000000000003,2.8000000000000003,1,1,1,3,0.41298489048206627,0.41982138356630266,0.5371901988983154,0.10208535194396973
500,2.8000000000000003,13.440000000000003,2.8000000000000003,1,1,1,4,0.4443590751932811,0.42059082583039176,0.5258567333221436,0.1084280014038086
500,2.8000000000000003,13.440000000000003,2.8000000000000003,1,1,1,5,0.4906344404229573,0.3769217497375064,0.6434004306793213,0.13629555702209473
500,2.8000000000000003,13.440000000000003,2.8000000000000003,1,1,1,6,0.3810639578953349,0.43704956621427804,0.6163010597229004,0.09045243263244629
500,2.8000000000000003,13.440000000000003,2.8000000000000003,1,1,1,7,0.37972360520303494,0.4138434687807031,0.626708984375,0.11379170417785645
500,2.8000000000000003,13.440000000000003,2.8000000000000003,1,1,1,8,0.32326286472167537,0.42726009593892844,0.6768395900726318,0.12287187576293945
500,2.8000000000000003,13.440000000000003,2.8000000000000003,1,1,1,9,0.38083916972157955,0.48673732506838885,0.5525743961334229,0.10659241676330566
500,2.8000000000000003,13.440000000000003,2.8000000000000003,1,1,1,10,0.3580234184502977,0.4330290096399389,0.6398782730102539,0.11782693862915039
500,2.8000000000000003,13.440000000000003,2.8000000000000003,1,1,1,11,0.3664511144351518,0.46514316462437505,0.6540360450744629,0.14381122589111328
500,2.8000000000000003,13.440000000000003,2.8000000000000003,1,1,1,12,0.384306138292836,0.3571971614037462,0.5651936531066895,0.08647727966308594
500,2.8000000000000003,13.440000000000003,2.8000000000000003,1,1,1,13,0.4249139586451624,0.45111168599484475,0.550067663192749,0.10859060287475586
500,2.8000000000000003,13.440000000000003,2.8000000000000003,1,1,1,14,0.4020781581496989,0.42994830788890204,0.5500702857971191,0.10274100303649902
500,2.8000000000000003,13.440000000000003,2.8000000000000003,1,1,1,15,0.42633125011901646,0.47517058082913527,0.5298190116882324,0.12142395973205566
500,2.8000000000000003,13.440000000000003,2.8000000000000003,1,1,1,16,0.3484004268046763,0.4412441849116014,0.7363979816436768,0.11681604385375977
500,2.8000000000000003,13.440000000000003,2.8000000000000003,1,1,1,17,0.3786273423750129,0.4188923219191404,0.5548770427703857,0.111328125
500,2.8000000000000003,13.440000000000003,2.8000000000000003,1,1,1,18,0.35282236542642886,0.4137242185152539,0.5384190082550049,0.11301255226135254
500,2.8000000000000003,13.440000000000003,2.8000000000000003,1,1,1,19,0.3726729984929323,0.4522471917847637,0.5592191219329834,0.1219174861907959
500,2.8000000000000003,13.440000000000003,2.8000000000000003,1,1,1,20,0.3835685775624283,0.4601629949980359,0.5136301517486572,0.09968018531799316
500,2.8000000000000003,13.440000000000003,2.8000000000000003,1,1,1,21,0.40348685532392364,0.506150979178843,0.661306619644165,0.10719680786132812
500,2.8000000000000003,13.440000000000003,2.8000000000000003,1,1,1,22,0.36450602991381437,0.42578437152717524,0.6424722671508789,0.15279126167297363
500,2.8000000000000003,13.440000000000003,2.8000000000000003,1,1,1,23,0.4035675253926654,0.41509277253669885,0.5751066207885742,0.10862159729003906
500,2.8000000000000003,13.440000000000003,2.8000000000000003,1,1,1,24,0.36352254895508723,0.39356805819373164,0.5168056488037109,0.12061357498168945
500,3.0,15.0,3.0,1,1,1,0,0.38087881051052674,0.4641046242075509,0.523273229598999,0.10544729232788086
500,3.0,15.0,3.0,1,1,1,1,0.3868016996882413,0.44932126865469285,0.5253288745880127,0.10135746002197266
500,3.0,15.0,3.0,1,1,1,2,0.46171785149970607,0.4497100308367405,0.5829071998596191,0.12706351280212402
500,3.0,15.0,3.0,1,1,1,3,0.42765029532818477,0.5040648433184811,0.8350186347961426,0.14386653900146484
500,3.0,15.0,3.0,1,1,1,4,0.3654189309779525,0.5419484828770708,0.5978062152862549,0.12636184692382812
500,3.0,15.0,3.0,1,1,1,5,0.4258701740216689,0.43967193144807326,0.6425142288208008,0.10261130332946777
500,3.0,15.0,3.0,1,1,1,6,0.40490079194925477,0.5521360977478513,0.5322155952453613,0.12258553504943848
500,3.0,15.0,3.0,1,1,1,7,0.42950996898630656,0.46270620838731114,0.5951941013336182,0.11861681938171387
500,3.0,15.0,3.0,1,1,1,8,0.46477494007916687,0.48991583432054997,0.7155649662017822,0.12869739532470703
500,3.0,15.0,3.0,1,1,1,9,0.4327214523606325,0.4644638956908612,0.562314510345459,0.11730146408081055
500,3.0,15.0,3.0,1,1,1,10,0.4261295869094047,0.4433710386729831,0.5674235820770264,0.11289334297180176
500,3.0,15.0,3.0,1,1,1,11,0.39232399843533095,0.43457318021707414,0.5793452262878418,0.10433816909790039
500,3.0,15.0,3.0,1,1,1,12,0.4401706157388448,0.4264648213067705,0.5196659564971924,0.13492512702941895
500,3.0,15.0,3.0,1,1,1,13,0.4616653299677354,0.4664274406282468,0.7011196613311768,0.12564897537231445
500,3.0,15.0,3.0,1,1,1,14,0.36986322257528925,0.42153898597037215,0.5796899795532227,0.11564111709594727
500,3.0,15.0,3.0,1,1,1,15,0.42301262221585917,0.4005384788840783,0.522585391998291,0.10964512825012207
500,3.0,15.0,3.0,1,1,1,16,0.39498076525124093,0.5322024570963133,0.5256903171539307,0.10261130332946777
500,3.0,15.0,3.0,1,1,1,17,0.38471695595338284,0.42706771093036267,0.5047497749328613,0.1135866641998291
500,3.0,15.0,3.0,1,1,1,18,0.4444914702091487,0.41619878950256467,0.6642324924468994,0.1276087760925293
500,3.0,15.0,3.0,1,1,1,19,0.3995594603059566,0.46176924251130114,0.7035090923309326,0.10935258865356445
500,3.0,15.0,3.0,1,1,1,20,0.3742389113470037,0.4777867859694329,0.55332350730896,0.09346199035644531
500,3.0,15.0,3.0,1,1,1,21,0.3836853110014538,0.4630323690529234,0.5697040557861328,0.09665465354919434
500,3.0,15.0,3.0,1,1,1,22,0.4560416700033878,0.5144829699992572,0.5504939556121826,0.07665205001831055
500,3.0,15.0,3.0,1,1,1,23,0.3676074241640593,0.42321689464894163,0.6419427394866943,0.09925389289855957
500,3.0,15.0,3.0,1,1,1,24,0.40666351976348136,0.47449037928767074,0.7876412868499756,0.15079998970031738
500,3.2,16.64,3.2,1,1,1,0,0.4495010616403887,0.5357230245701011,0.5850863456726074,0.08749699592590332
500,3.2,16.64,3.2,1,1,1,1,0.4607916502914261,0.47284249826429975,0.5763568878173828,0.10249590873718262
500,3.2,16.64,3.2,1,1,1,2,0.4297460150492632,0.48390297580562597,0.5127217769622803,0.11572694778442383
500,3.2,16.64,3.2,1,1,1,3,0.41174322953646253,0.4783600711798418,0.5736091136932373,0.09591031074523926
500,3.2,16.64,3.2,1,1,1,4,0.4222980756128441,0.5168053116610182,0.7486467361450195,0.12646722793579102
500,3.2,16.64,3.2,1,1,1,5,0.5126250977869162,0.4650737856752123,0.5900676250457764,0.0986030101776123
500,3.2,16.64,3.2,1,1,1,6,0.4509610666254332,0.5079835832145889,0.5286946296691895,0.12315249443054199
500,3.2,16.64,3.2,1,1,1,7,0.46854324219112803,0.4661881774730805,0.5458571910858154,0.12001991271972656
500,3.2,16.64,3.2,1,1,1,8,0.41828861508903126,0.5448172653382183,0.5280129909515381,0.11155915260314941
500,3.2,16.64,3.2,1,1,1,9,0.41002396615700387,0.5077957101936098,0.6268572807312012,0.1210176944732666
500,3.2,16.64,3.2,1,1,1,10,0.4747043030192538,0.5291357168439086,0.7281980514526367,0.14295363426208496
500,3.2,16.64,3.2,1,1,1,11,0.43602093884754317,0.52864735827823,0.5387678146362305,0.11302471160888672
500,3.2,16.64,3.2,1,1,1,12,0.4542077651174373,0.47943762876330165,0.5527098178863525,0.1000516414642334
500,3.2,16.64,3.2,1,1,1,13,0.5159227209904259,0.5695549824972714,0.5606861114501953,0.1222071647644043
500,3.2,16.64,3.2,1,1,1,14,0.41871413406171976,0.4129307631555807,0.5237491130828857,0.10172820091247559
500,3.2,16.64,3.2,1,1,1,15,0.44035604572826986,0.46584150852717626,0.6625006198883057,0.13036847114562988
500,3.2,16.64,3.2,1,1,1,16,0.43177264891163647,0.5290262657944628,0.5685694217681885,0.09658455848693848
500,3.2,16.64,3.2,1,1,1,17,0.46770925256032936,0.46745133998814165,0.5862855911254883,0.09961390495300293
500,3.2,16.64,3.2,1,1,1,18,0.41989740819362936,0.4427040175897479,0.5172135829925537,0.07831430435180664
500,3.2,16.64,3.2,1,1,1,19,0.48380011319598704,0.4235892679347945,0.6014587879180908,0.10364198684692383
500,3.2,16.64,3.2,1,1,1,20,0.49315522223034014,0.4882507949636223,0.7346813678741455,0.17549633979797363
500,3.2,16.64,3.2,1,1,1,21,0.4931381414754778,0.4774296531674553,0.6587698459625244,0.11702346801757812
500,3.2,16.64,3.2,1,1,1,22,0.4998819154112167,0.6661413018836406,0.5626487731933594,0.10389900207519531
500,3.2,16.64,3.2,1,1,1,23,0.42496970045648824,0.48203478780099224,0.5231776237487793,0.11790275573730469
500,3.2,16.64,3.2,1,1,1,24,0.4320414490183369,0.5167451577033294,0.5570242404937744,0.1162104606628418
500,3.4000000000000004,18.360000000000003,3.4000000000000004,1,1,1,0,0.5143939915273343,0.6143420006740585,0.5296399593353271,0.10614776611328125
500,3.4000000000000004,18.360000000000003,3.4000000000000004,1,1,1,1,0.4551571854210116,0.532553137043381,0.6362030506134033,0.13906550407409668
500,3.4000000000000004,18.360000000000003,3.4000000000000004,1,1,1,2,0.469734070754713,0.5465277257239614,0.6736202239990234,0.11721205711364746
500,3.4000000000000004,18.360000000000003,3.4000000000000004,1,1,1,3,0.5317261120474085,0.5876218999558319,0.5310258865356445,0.09658074378967285
500,3.4000000000000004,18.360000000000003,3.4000000000000004,1,1,1,4,0.47577289945952217,0.5172705507186409,0.5960910320281982,0.09346532821655273
500,3.4000000000000004,18.360000000000003,3.4000000000000004,1,1,1,5,0.5694890173593152,0.5123786383089391,0.5716493129730225,0.0932471752166748
500,3.4000000000000004,18.360000000000003,3.4000000000000004,1,1,1,6,0.526235083404305,0.5054358016107927,0.5992405414581299,0.14713501930236816
500,3.4000000000000004,18.360000000000003,3.4000000000000004,1,1,1,7,0.6379384473034083,0.8798585576311807,0.6770191192626953,0.13124752044677734
500,3.4000000000000004,18.360000000000003,3.4000000000000004,1,1,1,8,0.5093114423599641,0.5449218444672276,0.5201125144958496,0.11719274520874023
500,3.4000000000000004,18.360000000000003,3.4000000000000004,1,1,1,9,0.5241024738985477,0.5163393082601472,0.5233206748962402,0.09592676162719727
500,3.4000000000000004,18.360000000000003,3.4000000000000004,1,1,1,10,0.534719642193573,0.5349020154623444,0.5735962390899658,0.08550691604614258
500,3.4000000000000004,18.360000000000003,3.4000000000000004,1,1,1,11,0.48608769429521104,0.48567292763145964,0.569810152053833,0.11054396629333496
500,3.4000000000000004,18.360000000000003,3.4000000000000004,1,1,1,12,0.474871421030421,0.571758092528584,0.6701149940490723,0.12070131301879883
500,3.4000000000000004,18.360000000000003,3.4000000000000004,1,1,1,13,0.4606750316190676,0.5109671248566177,0.6544027328491211,0.10655760765075684
500,3.4000000000000004,18.360000000000003,3.4000000000000004,1,1,1,14,0.5288874714758991,0.6145974568754621,0.5710530281066895,0.12690281867980957
500,3.4000000000000004,18.360000000000003,3.4000000000000004,1,1,1,15,0.437376718677817,0.48641035376589953,0.6005728244781494,0.12057662010192871
500,3.4000000000000004,18.360000000000003,3.4000000000000004,1,1,1,16,0.44376539412596233,0.48585104970002624,0.5094902515411377,0.10552239418029785
500,3.4000000000000004,18.360000000000003,3.4000000000000004,1,1,1,17,0.5180965123502812,0.45277855292067976,0.6484169960021973,0.1259455680847168
500,3.4000000000000004,18.360000000000003,3.4000000000000004,1,1,1,18,0.5272048225172424,0.5181077906238454,0.6688194274902344,0.09645891189575195
500,3.4000000000000004,18.360000000000003,3.4000000000000004,1,1,1,19,0.49885460751034744,0.4868639390798173,0.5578935146331787,0.09085893630981445
500,3.4000000000000004,18.360000000000003,3.4000000000000004,1,1,1,20,0.5334602943001637,0.538567288827373,0.5829317569732666,0.09853410720825195
500,3.4000000000000004,18.360000000000003,3.4000000000000004,1,1,1,21,0.5121098353244042,0.5394547561195792,0.600175142288208,0.0891883373260498
500,3.4000000000000004,18.360000000000003,3.4000000000000004,1,1,1,22,0.4519877206457512,0.4930074541486775,0.5817704200744629,0.11367654800415039
500,3.4000000000000004,18.360000000000003,3.4000000000000004,1,1,1,23,0.4896496863694598,0.5497425114353606,0.7017350196838379,0.11890912055969238
500,3.4000000000000004,18.360000000000003,3.4000000000000004,1,1,1,24,0.5565385786501621,0.6118003806165897,0.5357968807220459,0.10407233238220215
500,3.6,20.16,3.6,1,1,1,0,0.5234666082283965,0.5097274955090563,0.5332586765289307,0.0911874771118164
500,3.6,20.16,3.6,1,1,1,1,0.6335694370723529,0.6081335285103544,0.5704293251037598,0.10093569755554199
500,3.6,20.16,3.6,1,1,1,2,0.5099092835433098,0.5108674271059183,0.5649018287658691,0.10931754112243652
500,3.6,20.16,3.6,1,1,1,3,0.545721556156476,0.53381561720975,0.675652027130127,0.12698817253112793
500,3.6,20.16,3.6,1,1,1,4,0.6729405642149707,0.5355855557856822,0.5457937717437744,0.11261510848999023
500,3.6,20.16,3.6,1,1,1,5,0.7029697353754129,0.5454707164858871,0.5139710903167725,0.10911679267883301
500,3.6,20.16,3.6,1,1,1,6,0.4923703479892798,0.7178284724613674,0.5492682456970215,0.1002798080444336
500,3.6,20.16,3.6,1,1,1,7,0.5495867977600052,0.5349634508409669,0.5640997886657715,0.0939183235168457
500,3.6,20.16,3.6,1,1,1,8,0.5303315717741486,0.5791676968474453,0.5461552143096924,0.09573149681091309
500,3.6,20.16,3.6,1,1,1,9,0.5530566564001929,0.5965942981704792,0.6612224578857422,0.1136636734008789
500,3.6,20.16,3.6,1,1,1,10,0.6067100652247328,0.6206168960184338,0.6352598667144775,0.11905050277709961
500,3.6,20.16,3.6,1,1,1,11,0.8944861994887856,0.6782655475049639,0.5139827728271484,0.11362123489379883
500,3.6,20.16,3.6,1,1,1,12,0.5639968665668731,0.5719220419795396,0.5605762004852295,0.0994265079498291
500,3.6,20.16,3.6,1,1,1,13,0.5108542775539872,0.6464064819513619,0.5222563743591309,0.09848856925964355
500,3.6,20.16,3.6,1,1,1,14,0.5968813341666872,0.8904942755590746,0.6407485008239746,0.10862421989440918
500,3.6,20.16,3.6,1,1,1,15,0.5387694598473672,0.526277502721185,0.6883721351623535,0.1376051902770996
500,3.6,20.16,3.6,1,1,1,16,1.0067609051952136,0.6631149036391871,0.5570018291473389,0.10050272941589355
500,3.6,20.16,3.6,1,1,1,17,0.585629321942874,0.5658136052675785,0.5953569412231445,0.09915351867675781
500,3.6,20.16,3.6,1,1,1,18,0.5180148418168586,0.5394835012973708,0.566192626953125,0.11557483673095703
500,3.6,20.16,3.6,1,1,1,19,0.48089391388929814,0.5468920001523095,0.5110135078430176,0.1275804042816162
500,3.6,20.16,3.6,1,1,1,20,0.5350812781776048,0.6007845992649734,0.643547773361206,0.12274003028869629
500,3.6,20.16,3.6,1,1,1,21,0.4934541577441301,0.6059653980721098,0.532329797744751,0.11460685729980469
500,3.6,20.16,3.6,1,1,1,22,0.611247697196092,0.6424642072760229,0.5102674961090088,0.12224817276000977
500,3.6,20.16,3.6,1,1,1,23,0.5475950966842236,0.6455477080653982,0.532188892364502,0.11249923706054688
500,3.6,20.16,3.6,1,1,1,24,0.5263797135104977,0.5241590932500652,0.531801700592041,0.11162066459655762
500,3.8000000000000003,22.040000000000003,3.8000000000000003,1,1,1,0,2.8284270148023767,2.103039739210984,0.6147172451019287,0.1272585391998291
500,3.8000000000000003,22.040000000000003,3.8000000000000003,1,1,1,1,2.828389393279008,4.0546387736420355,0.660698652267456,0.10862445831298828
500,3.8000000000000003,22.040000000000003,3.8000000000000003,1,1,1,2,0.6757523242134195,0.6585089332345835,0.5651259422302246,0.13099384307861328
500,3.8000000000000003,22.040000000000003,3.8000000000000003,1,1,1,3,2.8079541468458165,2.0216122807673207,0.5126619338989258,0.11175537109375
500,3.8000000000000003,22.040000000000003,3.8000000000000003,1,1,1,4,2.817096550391547,2.1730542391078402,0.5874545574188232,0.09257078170776367
500,3.8000000000000003,22.040000000000003,3.8000000000000003,1,1,1,5,0.6688469984011935,0.6239892329433033,0.6681978702545166,0.10446715354919434
500,3.8000000000000003,22.040000000000003,3.8000000000000003,1,1,1,6,2.828375615466023,3.4947936187539494,0.8631300926208496,0.14771103858947754
500,3.8000000000000003,22.040000000000003,3.8000000000000003,1,1,1,7,1.9781012668502531,0.9636281191325373,0.5654096603393555,0.11196112632751465
500,3.8000000000000003,22.040000000000003,3.8000000000000003,1,1,1,8,0.5646040671153101,0.6285126602980668,0.5136775970458984,0.10506987571716309
500,3.8000000000000003,22.040000000000003,3.8000000000000003,1,1,1,9,0.5351569153510638,0.7214785049098152,0.5366361141204834,0.10156416893005371
500,3.8000000000000003,22.040000000000003,3.8000000000000003,1,1,1,10,2.8284269378236737,2.7967442510134606,0.5530288219451904,0.10321903228759766
500,3.8000000000000003,22.040000000000003,3.8000000000000003,1,1,1,11,1.2491983193970027,0.8278083254161314,0.66127610206604,0.1339101791381836
500,3.8000000000000003,22.040000000000003,3.8000000000000003,1,1,1,12,0.9007569568982818,0.7536018300727856,0.5546402931213379,0.10364890098571777
500,3.8000000000000003,22.040000000000003,3.8000000000000003,1,1,1,13,0.614976050534286,0.6565072093356399,0.5024960041046143,0.1320629119873047
500,3.8000000000000003,22.040000000000003,3.8000000000000003,1,1,1,14,0.6025502716760553,0.5326224026835039,0.5291943550109863,0.13080859184265137
500,3.8000000000000003,22.040000000000003,3.8000000000000003,1,1,1,15,2.8248626778054335,0.9236890716036302,0.5136544704437256,0.11788177490234375
500,3.8000000000000003,22.040000000000003,3.8000000000000003,1,1,1,16,0.5823620433460157,0.563557227222166,0.5039191246032715,0.13079309463500977
500,3.8000000000000003,22.040000000000003,3.8000000000000003,1,1,1,17,0.6178902704740604,0.7282655020210002,0.6290929317474365,0.11998867988586426
500,3.8000000000000003,22.040000000000003,3.8000000000000003,1,1,1,18,0.886737333106349,0.7630190506689966,0.6630513668060303,0.1121366024017334
500,3.8000000000000003,22.040000000000003,3.8000000000000003,1,1,1,19,2.8271768855516712,0.7544951465124512,0.5178134441375732,0.09924197196960449
500,3.8000000000000003,22.040000000000003,3.8000000000000003,1,1,1,20,2.690147502495395,2.1186915326643034,0.5167410373687744,0.1114041805267334
500,3.8000000000000003,22.040000000000003,3.8000000000000003,1,1,1,21,0.6259955471155366,0.523515308461123,0.5066356658935547,0.10981321334838867
500,3.8000000000000003,22.040000000000003,3.8000000000000003,1,1,1,22,0.6161518477327438,0.6456121105366373,0.5558083057403564,0.12684965133666992
500,3.8000000000000003,22.040000000000003,3.8000000000000003,1,1,1,23,0.6459390227904285,0.6233736236722891,0.7463672161102295,0.11372828483581543
500,3.8000000000000003,22.040000000000003,3.8000000000000003,1,1,1,24,0.6044998153858557,0.6520983411263243,0.5318882465362549,0.1004781723022461
500,4.0,24.0,4.0,1,1,1,0,2.8284251523647272,5.204626247832445,0.5274837017059326,0.1272275447845459
500,4.0,24.0,4.0,1,1,1,1,2.822128005470932,2.8245867207627007,0.6037623882293701,0.11248040199279785
500,4.0,24.0,4.0,1,1,1,2,2.8283888885836093,2.5186260675967453,0.7482085227966309,0.11795353889465332
500,4.0,24.0,4.0,1,1,1,3,0.7299107318851247,0.8097611261940394,0.6815614700317383,0.12975144386291504
500,4.0,24.0,4.0,1,1,1,4,0.9227973632762383,0.6962920713253526,0.4675941467285156,0.09489226341247559
500,4.0,24.0,4.0,1,1,1,5,2.822927513291854,2.3033001806125943,0.5746946334838867,0.11719012260437012
500,4.0,24.0,4.0,1,1,1,6,0.6566144164946355,0.7189224921254246,0.8143408298492432,0.09891676902770996
500,4.0,24.0,4.0,1,1,1,7,0.9528539814020762,0.8439944221173853,1.4520447254180908,0.30134034156799316
500,4.0,24.0,4.0,1,1,1,8,0.7719864201160203,0.7131386863057324,1.2376148700714111,0.1857459545135498
500,4.0,24.0,4.0,1,1,1,9,0.9108893033003655,0.9109721612379641,1.0240883827209473,0.11185431480407715
500,4.0,24.0,4.0,1,1,1,10,2.82819402441354,2.788082165103834,0.9880571365356445,0.0978081226348877
500,4.0,24.0,4.0,1,1,1,11,0.937028559334304,0.6872484712562215,0.7894716262817383,0.11358237266540527
500,4.0,24.0,4.0,1,1,1,12,2.8114020737931305,0.7484367505898534,0.9408321380615234,0.2917041778564453
500,4.0,24.0,4.0,1,1,1,13,2.6852315137421026,0.6807908891327633,0.7945277690887451,0.11533808708190918
500,4.0,24.0,4.0,1,1,1,14,2.8283264482939514,1.895795750271319,0.7642278671264648,0.1256885528564453
500,4.0,24.0,4.0,1,1,1,15,2.8284048781322078,3.297864304467881,0.7365474700927734,0.09891676902770996
500,4.0,24.0,4.0,1,1,1,16,2.828380221361345,1.511864645611924,0.7615594863891602,0.17377805709838867
500,4.0,24.0,4.0,1,1,1,17,2.8284183816970567,3.7143870434608344,2.156510829925537,0.10195398330688477
500,4.0,24.0,4.0,1,1,1,18,0.8283682137408322,0.5991373962215217,0.6850090026855469,0.29639101028442383
500,4.0,24.0,4.0,1,1,1,19,2.8282685735261124,3.742502926443927,0.816817045211792,0.17428994178771973
500,4.0,24.0,4.0,1,1,1,20,2.824230352523297,3.067116159282725,0.8202493190765381,0.20381689071655273
500,4.0,24.0,4.0,1,1,1,21,0.6225962275053747,0.8071239765620184,0.7649903297424316,0.2318706512451172
500,4.0,24.0,4.0,1,1,1,22,2.8283633058147792,2.1004008337813524,0.8562092781066895,0.209028959274292
500,4.0,24.0,4.0,1,1,1,23,0.7979550970577332,0.6577777089182848,0.7398214340209961,0.10091400146484375
500,4.0,24.0,4.0,1,1,1,24,0.6957037759948586,0.8171527508015202,0.8480446338653564,0.12969040870666504
500,4.2,26.040000000000003,4.2,1,1,1,0,2.826267900365998,1.974316818048782,0.8857307434082031,0.21030282974243164
500,4.2,26.040000000000003,4.2,1,1,1,1,2.8275479661075593,3.1370410428099302,0.8981361389160156,0.30069875717163086
500,4.2,26.040000000000003,4.2,1,1,1,2,2.8127964189931114,1.6053100771623834,1.044269323348999,0.1559455394744873
500,4.2,26.040000000000003,4.2,1,1,1,3,1.082930530511234,0.8781010757968956,0.9285626411437988,0.19042420387268066
500,4.2,26.040000000000003,4.2,1,1,1,4,1.5033295531726187,0.9961820713986506,0.8293073177337646,0.2970857620239258
500,4.2,26.040000000000003,4.2,1,1,1,5,2.8283850380468847,2.8604310932961314,0.6647827625274658,0.0928044319152832
500,4.2,26.040000000000003,4.2,1,1,1,6,2.82777674070327,3.34395783940749,0.8617038726806641,0.14620471000671387
500,4.2,26.040000000000003,4.2,1,1,1,7,2.8283065732901016,5.545485184030054,0.8376419544219971,0.29408931732177734
500,4.2,26.040000000000003,4.2,1,1,1,8,2.2332048717143342,0.7501801115533546,0.9000790119171143,0.10770273208618164
500,4.2,26.040000000000003,4.2,1,1,1,9,2.82701274396629,2.8599510022571093,1.0326604843139648,0.37329959869384766
500,4.2,26.040000000000003,4.2,1,1,1,10,2.8284144682372543,3.505437679674295,0.7853028774261475,0.09269356727600098
500,4.2,26.040000000000003,4.2,1,1,1,11,2.7989843614962298,2.019731940899963,0.7511725425720215,0.3491172790527344
500,4.2,26.040000000000003,4.2,1,1,1,12,2.8283308154661353,1.7102115819870012,0.8422553539276123,0.18249011039733887
500,4.2,26.040000000000003,4.2,1,1,1,13,1.1645082931880617,0.9072232157965071,0.7933533191680908,0.22699689865112305
500,4.2,26.040000000000003,4.2,1,1,1,14,2.81985260930606,1.9794214188951187,0.7864644527435303,0.22095203399658203
500,4.2,26.040000000000003,4.2,1,1,1,15,2.8284270047790776,4.385382599824344,0.7576248645782471,0.1523122787475586
500,4.2,26.040000000000003,4.2,1,1,1,16,2.8284255986090963,2.7562296716303405,0.809037446975708,0.1682875156402588
500,4.2,26.040000000000003,4.2,1,1,1,17,2.8283619536265117,3.1698381081453966,0.8438906669616699,0.19022345542907715
500,4.2,26.040000000000003,4.2,1,1,1,18,0.8966525632927684,0.886856275926246,0.6375265121459961,0.09446930885314941
500,4.2,26.040000000000003,4.2,1,1,1,19,2.828268290410651,4.123246896720429,0.9189462661743164,0.09744524955749512
500,4.2,26.040000000000003,4.2,1,1,1,20,0.8865690461543738,0.6560463124917882,0.8200197219848633,0.2582683563232422
500,4.2,26.040000000000003,4.2,1,1,1,21,2.2784873005189636,1.205155956809466,1.035862684249878,0.1723499298095703
500,4.2,26.040000000000003,4.2,1,1,1,22,2.828401642447951,5.122345189011192,0.8599612712860107,0.2191472053527832
500,4.2,26.040000000000003,4.2,1,1,1,23,2.821586552221144,3.604052841600359,0.7654078006744385,0.11268901824951172
500,4.2,26.040000000000003,4.2,1,1,1,24,0.6681213138330491,0.8489607564132897,0.8502349853515625,0.14517951011657715
500,4.4,28.160000000000004,4.4,1,1,1,0,2.822235274517288,1.9867287840374948,0.8920571804046631,0.2997474670410156
500,4.4,28.160000000000004,4.4,1,1,1,1,2.8280939507833747,1.9175340208475051,0.6479253768920898,0.11078906059265137
500,4.4,28.160000000000004,4.4,1,1,1,2,2.826825542070646,2.3704339729750346,0.7951037883758545,0.24748468399047852
500,4.4,28.160000000000004,4.4,1,1,1,3,2.8280667174968057,2.7023976066302073,0.8389227390289307,0.19050288200378418
500,4.4,28.160000000000004,4.4,1,1,1,4,0.7190511098797772,0.750472750995961,0.928412914276123,0.16869306564331055
500,4.4,28.160000000000004,4.4,1,1,1,5,2.8281194550118527,3.1078082445872948,0.7920150756835938,0.16617155075073242
500,4.4,28.160000000000004,4.4,1,1,1,6,2.8267484043944036,2.5929047743167026,0.8911685943603516,0.16727566719055176
500,4.4,28.160000000000004,4.4,1,1,1,7,2.8284259531281934,4.086888153175564,0.8127248287200928,0.12836408615112305
500,4.4,28.160000000000004,4.4,1,1,1,8,2.80647618618464,1.913277547019971,0.8683505058288574,0.16624736785888672
500,4.4,28.160000000000004,4.4,1,1,1,9,2.8284271234675393,4.9682057217048605,0.8241722583770752,0.1397554874420166
500,4.4,28.160000000000004,4.4,1,1,1,10,2.8284256752277206,2.440995896045498,0.8884539604187012,0.17250800132751465
500,4.4,28.160000000000004,4.4,1,1,1,11,2.8283825939617486,3.5626226614343093,0.7393631935119629,0.15799307823181152
500,4.4,28.160000000000004,4.4,1,1,1,12,2.8283924512016836,5.281410305561118,0.9238033294677734,0.14499759674072266
500,4.4,28.160000000000004,4.4,1,1,1,13,2.626707365928703,0.9576977642185902,0.3323237895965576,0.057489871978759766
500,4.4,28.160000000000004,4.4,1,1,1,14,2.828286553770233,3.9792585398456937,0.32109713554382324,0.06199908256530762
500,4.4,28.160000000000004,4.4,1,1,1,15,2.827848665819502,3.684981060212254,0.3251988887786865,0.06121635437011719
500,4.4,28.160000000000004,4.4,1,1,1,16,2.8280873854059774,1.5469574297252313,0.3187601566314697,0.06362533569335938
500,4.4,28.160000000000004,4.4,1,1,1,17,2.828295536319268,4.252238755962059,0.29958248138427734,0.0654914379119873
500,4.4,28.160000000000004,4.4,1,1,1,18,2.827870225843261,3.6523647940456905,0.3222224712371826,0.06373000144958496
500,4.4,28.160000000000004,4.4,1,1,1,19,2.828335462384997,4.246838586828548,0.3155536651611328,0.06755566596984863
500,4.4,28.160000000000004,4.4,1,1,1,20,2.8283568334685274,4.077254142470198,0.3186030387878418,0.05651235580444336
500,4.4,28.160000000000004,4.4,1,1,1,21,2.8284138004155506,2.946531443817383,0.3175654411315918,0.05651235580444336
500,4.4,28.160000000000004,4.4,1,1,1,22,2.8284230176335967,4.6625520210650375,0.3217480182647705,0.057999610900878906
500,4.4,28.160000000000004,4.4,1,1,1,23,2.828136349918323,3.584898822776894,0.32216668128967285,0.06498003005981445
500,4.4,28.160000000000004,4.4,1,1,1,24,2.827767978627846,4.590879164751399,0.31674981117248535,0.057491302490234375
500,4.6000000000000005,30.360000000000007,4.6000000000000005,1,1,1,0,2.8284270022238815,3.7926875859508944,0.3375661373138428,0.07252955436706543
500,4.6000000000000005,30.360000000000007,4.6000000000000005,1,1,1,1,2.8284206762563975,3.961062676503528,0.387592077255249,0.0665125846862793
500,4.6000000000000005,30.360000000000007,4.6000000000000005,1,1,1,2,2.8284085728316017,3.350572135716283,0.320401668548584,0.05949544906616211
500,4.6000000000000005,30.360000000000007,4.6000000000000005,1,1,1,3,2.828422851432297,4.07243270630892,0.3186070919036865,0.07103967666625977
500,4.6000000000000005,30.360000000000007,4.6000000000000005,1,1,1,4,2.8284249111638498,4.561398733838451,0.3808708190917969,0.06962990760803223
500,4.6000000000000005,30.360000000000007,4.6000000000000005,1,1,1,5,2.8284266042721318,4.207024339624603,0.31577253341674805,0.057068824768066406
500,4.6000000000000005,30.360000000000007,4.6000000000000005,1,1,1,6,2.828182668534246,3.5806678425599805,0.32094407081604004,0.05806398391723633
500,4.6000000000000005,30.360000000000007,4.6000000000000005,1,1,1,7,2.8282575884744574,4.556720481808372,0.33513879776000977,0.05297565460205078
500,4.6000000000000005,30.360000000000007,4.6000000000000005,1,1,1,8,2.828392509054356,4.347597600982428,0.41043543815612793,0.07500028610229492
500,4.6000000000000005,30.360000000000007,4.6000000000000005,1,1,1,9,2.828184487798113,3.583289910336382,0.35069775581359863,0.06100010871887207
500,4.6000000000000005,30.360000000000007,4.6000000000000005,1,1,1,10,2.828334014256375,4.014774462273229,0.32860302925109863,0.053967952728271484
500,4.6000000000000005,30.360000000000007,4.6000000000000005,1,1,1,11,2.82842691505868,3.7895438550158653,0.3412635326385498,0.06749248504638672
500,4.6000000000000005,30.360000000000007,4.6000000000000005,1,1,1,12,2.8284087730013163,4.378935996925605,0.34175705909729004,0.05500197410583496
500,4.6000000000000005,30.360000000000007,4.6000000000000005,1,1,1,13,2.8282766036641442,4.103304842797998,0.3417091369628906,0.059999942779541016
500,4.6000000000000005,30.360000000000007,4.6000000000000005,1,1,1,14,2.8283334184447457,4.441564757743911,0.3280625343322754,0.056028127670288086
500,4.6000000000000005,30.360000000000007,4.6000000000000005,1,1,1,15,2.8284267732677972,3.3311851031659483,0.37334632873535156,0.07506489753723145
500,4.6000000000000005,30.360000000000007,4.6000000000000005,1,1,1,16,2.8284145696957617,3.649263841637199,0.39092302322387695,0.07624244689941406
500,4.6000000000000005,30.360000000000007,4.6000000000000005,1,1,1,17,2.8284271016138027,5.026786251192762,0.32857251167297363,0.058211565017700195
500,4.6000000000000005,30.360000000000007,4.6000000000000005,1,1,1,18,2.8284128906448176,4.1512174902448,0.3487217426300049,0.06253528594970703
500,4.6000000000000005,30.360000000000007,4.6000000000000005,1,1,1,19,2.82805602522202,2.7964354534148357,0.33356451988220215,0.05651593208312988
500,4.6000000000000005,30.360000000000007,4.6000000000000005,1,1,1,20,2.8283349237404543,2.8653968803378445,0.3405723571777344,0.060518741607666016
500,4.6000000000000005,30.360000000000007,4.6000000000000005,1,1,1,21,2.828425751519874,4.23076300265991,0.4324955940246582,0.09552407264709473
500,4.6000000000000005,30.360000000000007,4.6000000000000005,1,1,1,22,2.8284222903214737,3.2668420325019847,0.4873368740081787,0.10452008247375488
500,4.6000000000000005,30.360000000000007,4.6000000000000005,1,1,1,23,2.824793224050989,2.001419344911697,0.6607472896575928,0.12005901336669922
500,4.6000000000000005,30.360000000000007,4.6000000000000005,1,1,1,24,2.828418402347393,4.098036382979778,0.49321675300598145,0.09652018547058105
500,4.800000000000001,32.64000000000001,4.800000000000001,1,1,1,0,2.8284070601763074,3.5686476106337057,0.505171537399292,0.09750843048095703
500,4.800000000000001,32.64000000000001,4.800000000000001,1,1,1,1,2.828425508358075,4.657232518580647,0.525580644607544,0.09740185737609863
500,4.800000000000001,32.64000000000001,4.800000000000001,1,1,1,2,2.8284170680587977,3.964008668342545,0.48265886306762695,0.11351847648620605
500,4.800000000000001,32.64000000000001,4.800000000000001,1,1,1,3,2.8282777053451538,3.530866043555958,0.5166594982147217,0.1054999828338623
500,4.800000000000001,32.64000000000001,4.800000000000001,1,1,1,4,2.8277064106079854,3.2707651064420027,0.7217822074890137,0.1390824317932129
500,4.800000000000001,32.64000000000001,4.800000000000001,1,1,1,5,2.828427106112945,5.956182899516091,0.6548135280609131,0.1230475902557373
500,4.800000000000001,32.64000000000001,4.800000000000001,1,1,1,6,2.828411187457814,4.553480643265362,0.4996306896209717,0.09952044486999512
500,4.800000000000001,32.64000000000001,4.800000000000001,1,1,1,7,2.8283625407847013,4.735617735968677,0.515690803527832,0.10023140907287598
500,4.800000000000001,32.64000000000001,4.800000000000001,1,1,1,8,2.8284236439482724,4.847640191406867,0.5607032775878906,0.11552762985229492
500,4.800000000000001,32.64000000000001,4.800000000000001,1,1,1,9,2.828408876058682,5.390666766447546,0.5057313442230225,0.11254596710205078
500,4.800000000000001,32.64000000000001,4.800000000000001,1,1,1,10,2.828426837870078,4.254000446546257,0.46839165687561035,0.09052515029907227
500,4.800000000000001,32.64000000000001,4.800000000000001,1,1,1,11,2.828427102876712,4.249638863575365,0.48217082023620605,0.09550356864929199
500,4.800000000000001,32.64000000000001,4.800000000000001,1,1,1,12,2.828410554728313,3.855755258976648,0.5177760124206543,0.10351991653442383
500,4.800000000000001,32.64000000000001,4.800000000000001,1,1,1,13,2.828390808889209,3.936054553180288,0.5096666812896729,0.09851861000061035
500,4.800000000000001,32.64000000000001,4.800000000000001,1,1,1,14,2.828306625777086,4.564023871458182,0.5356748104095459,0.1255190372467041
500,4.800000000000001,32.64000000000001,4.800000000000001,1,1,1,15,2.8284249970910476,3.8113694679350707,0.5757617950439453,0.10852646827697754
500,4.800000000000001,32.64000000000001,4.800000000000001,1,1,1,16,2.828427044756831,4.130316574292506,0.47948479652404785,0.09350061416625977
500,4.800000000000001,32.64000000000001,4.800000000000001,1,1,1,17,2.828427100904219,4.274987559710048,0.46097731590270996,0.10951685905456543
500,4.800000000000001,32.64000000000001,4.800000000000001,1,1,1,18,2.8283198073201197,5.043760142369659,0.48737525939941406,0.0995173454284668
500,4.800000000000001,32.64000000000001,4.800000000000001,1,1,1,19,2.828385558691493,4.899242824189572,0.48304104804992676,0.10551786422729492
500,4.800000000000001,32.64000000000001,4.800000000000001,1,1,1,20,2.828388591662725,4.138240598449821,0.6971888542175293,0.11853265762329102
500,4.800000000000001,32.64000000000001,4.800000000000001,1,1,1,21,2.8284209386001806,5.162256630669534,0.5072414875030518,0.09953880310058594
500,4.800000000000001,32.64000000000001,4.800000000000001,1,1,1,22,2.8284245281063267,5.173957632510717,0.5391762256622314,0.10251855850219727
500,4.800000000000001,32.64000000000001,4.800000000000001,1,1,1,23,2.828425394800242,3.9811103424814074,0.4873816967010498,0.10904526710510254
500,4.800000000000001,32.64000000000001,4.800000000000001,1,1,1,24,2.828426667999797,4.912184298339018,0.4491114616394043,0.0945127010345459
500,5.0,35.0,5.0,1,1,1,0,2.828425197437231,4.443693637265394,0.5347459316253662,0.1351919174194336
500,5.0,35.0,5.0,1,1,1,1,2.828424613652484,3.193957996576446,0.8147032260894775,0.14704298973083496
500,5.0,35.0,5.0,1,1,1,2,2.828421863200809,5.225655800236339,0.474010705947876,0.10253286361694336
500,5.0,35.0,5.0,1,1,1,3,2.8282981709710127,5.025835603139854,0.4767417907714844,0.09911108016967773
500,5.0,35.0,5.0,1,1,1,4,2.8284197999366993,4.552977290276077,0.45175743103027344,0.106048583984375
500,5.0,35.0,5.0,1,1,1,5,2.8284147637458847,3.9738767461393314,0.47893857955932617,0.09657549858093262
500,5.0,35.0,5.0,1,1,1,6,2.8282815048451764,4.522887809856061,0.6091854572296143,0.1195223331451416
500,5.0,35.0,5.0,1,1,1,7,2.8284266384392875,3.8113999243025143,0.47597646713256836,0.09751367568969727
500,5.0,35.0,5.0,1,1,1,8,2.828398758299761,4.842829313986302,0.46866726875305176,0.10440611839294434
500,5.0,35.0,5.0,1,1,1,9,2.8284269591525404,4.189713063167442,0.4831709861755371,0.09218573570251465
500,5.0,35.0,5.0,1,1,1,10,2.828312265305578,4.822078948257012,0.4996488094329834,0.09752535820007324
500,5.0,35.0,5.0,1,1,1,11,2.8284208073860353,4.888124419266364,0.48143887519836426,0.11653017997741699
500,5.0,35.0,5.0,1,1,1,12,2.8284221914414194,4.7374567084329415,0.6482124328613281,0.12752819061279297
500,5.0,35.0,5.0,1,1,1,13,2.8284256570461075,4.087461918227491,0.5453898906707764,0.08952188491821289
500,5.0,35.0,5.0,1,1,1,14,2.8284251672717984,5.640461778303133,0.4858825206756592,0.10352206230163574
500,5.0,35.0,5.0,1,1,1,15,2.82842147295324,4.188359903913238,0.4730672836303711,0.09951663017272949
500,5.0,35.0,5.0,1,1,1,16,2.828424692137456,4.513244497469237,0.47560715675354004,0.10616111755371094
500,5.0,35.0,5.0,1,1,1,17,2.828348857697629,4.148148727642267,0.5446751117706299,0.11483049392700195
500,5.0,35.0,5.0,1,1,1,18,2.8284171765638297,3.8368022423617325,0.5586216449737549,0.13956832885742188
500,5.0,35.0,5.0,1,1,1,19,2.828396669758304,3.9247824050218925,0.46508145332336426,0.09952425956726074
500,5.0,35.0,5.0,1,1,1,20,2.828424073786976,4.194521317303051,0.46204209327697754,0.0925145149230957
500,5.0,35.0,5.0,1,1,1,21,2.828399226631405,5.244114458368396,0.561234712600708,0.1125030517578125
500,5.0,35.0,5.0,1,1,1,22,2.828422953678014,6.278958450539372,0.5274467468261719,0.11452531814575195
500,5.0,35.0,5.0,1,1,1,23,2.8284257808702855,3.4035650994475075,0.5875380039215088,0.1280655860900879
500,5.0,35.0,5.0,1,1,1,24,2.8284266473944073,5.529680037839682,0.4650537967681885,0.0904996395111084
500,5.2,37.440000000000005,5.2,1,1,1,0,2.828372775441165,4.412054828461729,0.47997450828552246,0.10651278495788574
500,5.2,37.440000000000005,5.2,1,1,1,1,2.8284176457694388,4.205592801766039,0.4749147891998291,0.1025228500366211
500,5.2,37.440000000000005,5.2,1,1,1,2,2.8284270958477107,3.841669748920326,0.5009651184082031,0.1074972152709961
500,5.2,37.440000000000005,5.2,1,1,1,3,2.828341509581353,3.6745678931619308,0.568467378616333,0.11551475524902344
500,5.2,37.440000000000005,5.2,1,1,1,4,2.828427087636407,4.729431771896596,0.8955605030059814,0.1289677619934082
500,5.2,37.440000000000005,5.2,1,1,1,5,2.828425963853961,5.683098433907028,0.5468003749847412,0.10536623001098633
500,5.2,37.440000000000005,5.2,1,1,1,6,2.8284033111691413,5.917715115944156,0.5958642959594727,0.09431076049804688
500,5.2,37.440000000000005,5.2,1,1,1,7,2.8284270654320705,4.804449437346005,0.5775599479675293,0.08141732215881348
500,5.2,37.440000000000005,5.2,1,1,1,8,2.828423074298129,4.653992690033291,0.5777370929718018,0.0895395278930664
500,5.2,37.440000000000005,5.2,1,1,1,9,2.828427007021371,5.4817923257723065,0.6957263946533203,0.12059211730957031
500,5.2,37.440000000000005,5.2,1,1,1,10,2.8284267560134024,3.654438545479563,0.5542864799499512,0.08705902099609375
500,5.2,37.440000000000005,5.2,1,1,1,11,2.8283985072412494,3.653134269055075,0.5636231899261475,0.08341574668884277
500,5.2,37.440000000000005,5.2,1,1,1,12,2.828406641923785,4.640748209955432,0.5638525485992432,0.09340500831604004
500,5.2,37.440000000000005,5.2,1,1,1,13,2.8284209072130224,3.9206103455228503,0.5835597515106201,0.09612536430358887
500,5.2,37.440000000000005,5.2,1,1,1,14,2.82842644193441,4.4848059627290535,0.5855898857116699,0.13905858993530273
500,5.2,37.440000000000005,5.2,1,1,1,15,2.8284245537496844,4.225659012675242,0.7292490005493164,0.13705229759216309
500,5.2,37.440000000000005,5.2,1,1,1,16,2.8284262426720685,4.286426902011826,0.5695474147796631,0.1305246353149414
500,5.2,37.440000000000005,5.2,1,1,1,17,2.8284194856779754,4.509731651450776,0.6718902587890625,0.13708853721618652
500,5.2,37.440000000000005,5.2,1,1,1,18,2.828420153741625,4.168509065492959,0.5666255950927734,0.10407829284667969
500,5.2,37.440000000000005,5.2,1,1,1,19,2.8284234572079163,4.661830747381814,0.5716161727905273,0.09583425521850586
500,5.2,37.440000000000005,5.2,1,1,1,20,2.828427124703675,4.750062951455582,0.7040531635284424,0.1074211597442627
500,5.2,37.440000000000005,5.2,1,1,1,21,2.8284264061918094,5.695833854328941,0.5900049209594727,0.10156655311584473
500,5.2,37.440000000000005,5.2,1,1,1,22,2.8283690795232688,3.853527305510412,0.5305092334747314,0.10542488098144531
500,5.2,37.440000000000005,5.2,1,1,1,23,2.828425008026205,4.677624995601658,0.550225019454956,0.10942530632019043
500,5.2,37.440000000000005,5.2,1,1,1,24,2.8283936086027675,3.7985959083993257,0.5590853691101074,0.09856986999511719
500,5.4,39.96000000000001,5.4,1,1,1,0,2.8282823103235506,5.070978466573381,0.6523618698120117,0.11453557014465332
500,5.4,39.96000000000001,5.4,1,1,1,1,2.8284048860068625,4.662782407550909,0.6869089603424072,0.14552807807922363
500,5.4,39.96000000000001,5.4,1,1,1,2,2.82842409151873,4.277478701970787,0.5708608627319336,0.0910956859588623
500,5.4,39.96000000000001,5.4,1,1,1,3,2.828427013911569,5.411563179137029,0.5387287139892578,0.1092526912689209
500,5.4,39.96000000000001,5.4,1,1,1,4,2.828427095934106,4.836549863488527,0.5474917888641357,0.10617733001708984
500,5.4,39.96000000000001,5.4,1,1,1,5,2.8284206932869638,4.498719973032089,0.5769040584564209,0.08960652351379395
500,5.4,39.96000000000001,5.4,1,1,1,6,2.8284176356785546,4.1357031686526895,0.7670302391052246,0.12005877494812012
500,5.4,39.96000000000001,5.4,1,1,1,7,2.82838466303852,4.433952588730402,0.5135908126831055,0.11905550956726074
500,5.4,39.96000000000001,5.4,1,1,1,8,2.828423758698284,4.819010253861182,0.5128433704376221,0.09637045860290527
500,5.4,39.96000000000001,5.4,1,1,1,9,2.82842636638375,4.287711178089802,0.5173218250274658,0.09206604957580566
500,5.4,39.96000000000001,5.4,1,1,1,10,2.82840221585893,4.404827519513777,0.5958590507507324,0.11504936218261719
500,5.4,39.96000000000001,5.4,1,1,1,11,2.8284077730585526,4.7641268326384685,0.6003546714782715,0.12217426300048828
500,5.4,39.96000000000001,5.4,1,1,1,12,2.828427060219515,4.36187085636801,0.7748961448669434,0.14274907112121582
500,5.4,39.96000000000001,5.4,1,1,1,13,2.828403116876643,4.525311844726306,0.6495790481567383,0.14530658721923828
500,5.4,39.96000000000001,5.4,1,1,1,14,2.82841809913843,3.964327478116623,0.5362169742584229,0.09107232093811035
500,5.4,39.96000000000001,5.4,1,1,1,15,2.8284051880041394,4.489648915738103,0.4862189292907715,0.10705971717834473
500,5.4,39.96000000000001,5.4,1,1,1,16,2.8284086299222375,4.790447553028169,0.5551257133483887,0.10941338539123535
500,5.4,39.96000000000001,5.4,1,1,1,17,2.828427114602263,4.617798535760657,0.6274983882904053,0.12439537048339844
500,5.4,39.96000000000001,5.4,1,1,1,18,2.828425044390505,3.9804510204569765,0.4992508888244629,0.09951424598693848
500,5.4,39.96000000000001,5.4,1,1,1,19,2.8284235378934337,4.826574419072156,0.5840048789978027,0.10251665115356445
500,5.4,39.96000000000001,5.4,1,1,1,20,2.8283679481780224,4.599928465401088,0.5332977771759033,0.1050729751586914
500,5.4,39.96000000000001,5.4,1,1,1,21,2.8284270543221233,5.4835572885477,0.5243887901306152,0.12551188468933105
500,5.4,39.96000000000001,5.4,1,1,1,22,2.8284263848862525,3.929724664367772,0.6322853565216064,0.13940095901489258
500,5.4,39.96000000000001,5.4,1,1,1,23,2.8284239028834723,5.247690668293944,0.6430377960205078,0.12151432037353516
500,5.4,39.96000000000001,5.4,1,1,1,24,2.828417599820011,5.078117316873567,0.4953916072845459,0.09328484535217285
500,5.6000000000000005,42.56000000000001,5.6000000000000005,1,1,1,0,2.8284053933263587,5.6469513721594975,0.47703099250793457,0.09951305389404297
500,5.6000000000000005,42.56000000000001,5.6000000000000005,1,1,1,1,2.8283106259068487,5.423742162096765,0.5186874866485596,0.10403251647949219
500,5.6000000000000005,42.56000000000001,5.6000000000000005,1,1,1,2,2.828349056574127,4.070556208511407,0.5280044078826904,0.10347294807434082
500,5.6000000000000005,42.56000000000001,5.6000000000000005,1,1,1,3,2.8284173770266796,4.999142665649605,0.6476864814758301,0.14009714126586914
500,5.6000000000000005,42.56000000000001,5.6000000000000005,1,1,1,4,2.8283984836180864,4.097177507378846,0.5688085556030273,0.0948946475982666
500,5.6000000000000005,42.56000000000001,5.6000000000000005,1,1,1,5,2.8284183876350455,5.013227679862979,0.5097894668579102,0.07545161247253418
500,5.6000000000000005,42.56000000000001,5.6000000000000005,1,1,1,6,2.8282476548530155,3.937905007586357,0.5017280578613281,0.10051918029785156
500,5.6000000000000005,42.56000000000001,5.6000000000000005,1,1,1,7,2.828426330445718,6.070749620738084,0.5453777313232422,0.1019589900970459
500,5.6000000000000005,42.56000000000001,5.6000000000000005,1,1,1,8,2.8284264153969114,4.597353297768037,0.5962245464324951,0.10777926445007324
500,5.6000000000000005,42.56000000000001,5.6000000000000005,1,1,1,9,2.8284226974642506,3.8651527479190935,0.8270595073699951,0.1498866081237793
500,5.6000000000000005,42.56000000000001,5.6000000000000005,1,1,1,10,2.828426733715783,5.209254285138919,0.535332202911377,0.08770489692687988
500,5.6000000000000005,42.56000000000001,5.6000000000000005,1,1,1,11,2.828409446362147,3.9690707794400373,0.509840726852417,0.10394597053527832
500,5.6000000000000005,42.56000000000001,5.6000000000000005,1,1,1,12,2.8284260732476487,5.389636943695205,0.5026204586029053,0.10151195526123047
500,5.6000000000000005,42.56000000000001,5.6000000000000005,1,1,1,13,2.8284270133536946,4.507315591453498,0.5198454856872559,0.08851480484008789
500,5.6000000000000005,42.56000000000001,5.6000000000000005,1,1,1,14,2.8284241074596057,4.5029972830613705,0.6132075786590576,0.12054181098937988
500,5.6000000000000005,42.56000000000001,5.6000000000000005,1,1,1,15,2.828419144321416,4.414749879960889,0.6246140003204346,0.10851120948791504
500,5.6000000000000005,42.56000000000001,5.6000000000000005,1,1,1,16,2.828344622732878,4.6454513017648775,0.4919757843017578,0.10451006889343262
500,5.6000000000000005,42.56000000000001,5.6000000000000005,1,1,1,17,2.82842709001151,4.595541447411211,0.49571919441223145,0.09366559982299805
500,5.6000000000000005,42.56000000000001,5.6000000000000005,1,1,1,18,2.828402710540364,5.083899408002712,0.560387134552002,0.09108304977416992
500,5.6000000000000005,42.56000000000001,5.6000000000000005,1,1,1,19,2.8284249740631857,4.607845044314298,0.537428617477417,0.10196375846862793
500,5.6000000000000005,42.56000000000001,5.6000000000000005,1,1,1,20,2.8284058326038664,4.328259950220663,0.618049144744873,0.13378143310546875
500,5.6000000000000005,42.56000000000001,5.6000000000000005,1,1,1,21,2.8284183503198808,4.560020894254386,0.6822483539581299,0.11954522132873535
500,5.6000000000000005,42.56000000000001,5.6000000000000005,1,1,1,22,2.8284267310436126,4.734784800966272,0.5632236003875732,0.1034536361694336
500,5.6000000000000005,42.56000000000001,5.6000000000000005,1,1,1,23,2.8283997256540463,6.173592614559075,0.5814776420593262,0.09697937965393066
500,5.6000000000000005,42.56000000000001,5.6000000000000005,1,1,1,24,2.828426063958676,5.031370583861565,0.5915360450744629,0.08405113220214844
500,5.800000000000001,45.24000000000001,5.800000000000001,1,1,1,0,2.8284267068445073,5.779047633612752,0.5615565776824951,0.11096024513244629
500,5.800000000000001,45.24000000000001,5.800000000000001,1,1,1,1,2.8284219328640585,5.215663735447301,0.6286008358001709,0.11919951438903809
500,5.800000000000001,45.24000000000001,5.800000000000001,1,1,1,2,2.828418000948806,5.95394517399799,0.5061783790588379,0.09951376914978027
500,5.800000000000001,45.24000000000001,5.800000000000001,1,1,1,3,2.828410698443327,4.637041504733604,0.5036880970001221,0.09859919548034668
500,5.800000000000001,45.24000000000001,5.800000000000001,1,1,1,4,2.828417640701229,4.299420541295531,0.51741623878479,0.10305190086364746
500,5.800000000000001,45.24000000000001,5.800000000000001,1,1,1,5,2.8284270913340217,4.622125292747116,0.6269035339355469,0.12330889701843262
500,5.800000000000001,45.24000000000001,5.800000000000001,1,1,1,6,2.828387120402272,5.116078741891115,0.7008545398712158,0.15210890769958496
500,5.800000000000001,45.24000000000001,5.800000000000001,1,1,1,7,2.828414053269589,4.48663468377719,0.6090600490570068,0.10954880714416504
500,5.800000000000001,45.24000000000001,5.800000000000001,1,1,1,8,2.8284225647882164,4.243001950380812,0.538999080657959,0.10911822319030762
500,5.800000000000001,45.24000000000001,5.800000000000001,1,1,1,9,2.8284069582420672,4.233126898329219,0.5112302303314209,0.11202812194824219
500,5.800000000000001,45.24000000000001,5.800000000000001,1,1,1,10,2.8284271029434547,4.436595809448673,0.5565593242645264,0.11770462989807129
500,5.800000000000001,45.24000000000001,5.800000000000001,1,1,1,11,2.828423591375349,4.629411458564798,0.6145994663238525,0.11651396751403809
500,5.800000000000001,45.24000000000001,5.800000000000001,1,1,1,12,2.8282375619332494,4.674872488271863,0.6643362045288086,0.11179566383361816
500,5.800000000000001,45.24000000000001,5.800000000000001,1,1,1,13,2.8284261440100584,4.2948126868126275,0.6592705249786377,0.10607075691223145
500,5.800000000000001,45.24000000000001,5.800000000000001,1,1,1,14,2.828251326254397,5.068717136573484,0.5698421001434326,0.09541130065917969
500,5.800000000000001,45.24000000000001,5.800000000000001,1,1,1,15,2.828423800011279,4.563035235729111,0.5645778179168701,0.08649754524230957
500,5.800000000000001,45.24000000000001,5.800000000000001,1,1,1,16,2.828423868206116,4.964798705227407,0.5201516151428223,0.10481405258178711
500,5.800000000000001,45.24000000000001,5.800000000000001,1,1,1,17,2.828427116896054,4.763035825353446,0.5129184722900391,0.12610745429992676
500,5.800000000000001,45.24000000000001,5.800000000000001,1,1,1,18,2.82842104444755,4.4281651949567955,0.6541416645050049,0.11780452728271484
500,5.800000000000001,45.24000000000001,5.800000000000001,1,1,1,19,2.828414841657081,4.353428789209265,0.5086021423339844,0.10394763946533203
500,5.800000000000001,45.24000000000001,5.800000000000001,1,1,1,20,2.8283701760847926,6.474018997862505,0.5742173194885254,0.08551812171936035
500,5.800000000000001,45.24000000000001,5.800000000000001,1,1,1,21,2.8284270653197083,5.183735902121342,0.5271596908569336,0.10127925872802734
500,5.800000000000001,45.24000000000001,5.800000000000001,1,1,1,22,2.828417176729707,4.209165831008865,0.5369179248809814,0.12398362159729004
500,5.800000000000001,45.24000000000001,5.800000000000001,1,1,1,23,2.828407254880092,4.499557889512161,0.6966862678527832,0.12012481689453125
500,5.800000000000001,45.24000000000001,5.800000000000001,1,1,1,24,2.8284192120935248,4.528776360972808,0.5603053569793701,0.11443233489990234
500,6.0,48.0,6.0,1,1,1,0,2.8284270887514196,4.977317361241618,0.6391818523406982,0.10951852798461914
500,6.0,48.0,6.0,1,1,1,1,2.828419498979263,4.398596082389046,0.615225076675415,0.1110541820526123
500,6.0,48.0,6.0,1,1,1,2,2.8284271045277207,4.3889126500977955,0.5245473384857178,0.10840964317321777
500,6.0,48.0,6.0,1,1,1,3,2.8284259061843016,4.102107816690425,0.5816597938537598,0.12207317352294922
500,6.0,48.0,6.0,1,1,1,4,2.8283836028792635,6.0386393121102415,0.6855013370513916,0.12444734573364258
500,6.0,48.0,6.0,1,1,1,5,2.8283752651005996,5.1174652421089775,0.5312175750732422,0.09517192840576172
500,6.0,48.0,6.0,1,1,1,6,2.8284183476375504,4.538802212141643,0.565788745880127,0.09743285179138184
500,6.0,48.0,6.0,1,1,1,7,2.8283693680305104,5.011039160639654,0.546689510345459,0.11010503768920898
500,6.0,48.0,6.0,1,1,1,8,2.8284156016856237,4.107176498431976,0.5864934921264648,0.11252856254577637
500,6.0,48.0,6.0,1,1,1,9,2.8284246023596076,4.895142743984327,0.7237834930419922,0.12706494331359863
500,6.0,48.0,6.0,1,1,1,10,2.828421484908383,4.7546127259224535,0.5585939884185791,0.11950826644897461
500,6.0,48.0,6.0,1,1,1,11,2.8283875562954983,4.914257595251184,0.48053717613220215,0.10558438301086426
500,6.0,48.0,6.0,1,1,1,12,2.8284164597109123,4.8451478546135665,0.544672966003418,0.10964322090148926
500,6.0,48.0,6.0,1,1,1,13,2.828412474209861,5.244504727872125,0.5051040649414062,0.11351323127746582
500,6.0,48.0,6.0,1,1,1,14,2.828426269627819,5.605617703606604,0.5273399353027344,0.13206052780151367
500,6.0,48.0,6.0,1,1,1,15,2.8284242857955553,4.441799181501048,0.6797530651092529,0.14853310585021973
500,6.0,48.0,6.0,1,1,1,16,2.8283447105526154,4.890827952360394,0.5006351470947266,0.1014096736907959
500,6.0,48.0,6.0,1,1,1,17,2.828426120821623,5.758181049382408,0.5290288925170898,0.10953450202941895
500,6.0,48.0,6.0,1,1,1,18,2.8284248729351282,4.090677575169604,0.5179300308227539,0.11140871047973633
500,6.0,48.0,6.0,1,1,1,19,2.8284271156966825,5.446389487088619,0.4928469657897949,0.10853719711303711
500,6.0,48.0,6.0,1,1,1,20,2.828258672227572,4.095704444299064,0.6199789047241211,0.14385747909545898
500,6.0,48.0,6.0,1,1,1,21,2.8284065287445634,4.350705457134499,0.6707353591918945,0.15454506874084473
500,6.0,48.0,6.0,1,1,1,22,2.8284267199968287,4.675008693333966,0.6781940460205078,0.12454581260681152
500,6.0,48.0,6.0,1,1,1,23,2.8283957246381544,4.198049851138493,0.5725538730621338,0.08542132377624512
500,6.0,48.0,6.0,1,1,1,24,2.8284271240058003,4.356672654549161,0.5167646408081055,0.11057448387145996
500,6.2,50.839999999999996,6.2,1,1,1,0,2.8284263472187257,5.121996170795995,0.5892984867095947,0.11441731452941895
500,6.2,50.839999999999996,6.2,1,1,1,1,2.828415697239939,4.5283806638996,0.6679694652557373,0.12053155899047852
500,6.2,50.839999999999996,6.2,1,1,1,2,2.828408803882036,4.988662602043591,0.550614595413208,0.09379196166992188
500,6.2,50.839999999999996,6.2,1,1,1,3,2.828320623935692,4.718295185304635,0.5386579036712646,0.11991572380065918
500,6.2,50.839999999999996,6.2,1,1,1,4,2.828403024766763,5.115329794168158,0.5339109897613525,0.11751246452331543
500,6.2,50.839999999999996,6.2,1,1,1,5,2.828424730096981,5.567657991356232,0.5574700832366943,0.08652019500732422
500,6.2,50.839999999999996,6.2,1,1,1,6,2.828393869497538,5.527842257919183,0.6183407306671143,0.14109182357788086
500,6.2,50.839999999999996,6.2,1,1,1,7,2.8284264512746518,3.94286024852407,0.5559313297271729,0.09803247451782227
500,6.2,50.839999999999996,6.2,1,1,1,8,2.8284251819765656,4.778176596739639,0.6023399829864502,0.09957480430603027
500,6.2,50.839999999999996,6.2,1,1,1,9,2.8284246104516853,4.872513537154079,0.5137035846710205,0.09752511978149414
500,6.2,50.839999999999996,6.2,1,1,1,10,2.8284171369845845,4.5620847356094325,0.5323789119720459,0.11294078826904297
500,6.2,50.839999999999996,6.2,1,1,1,11,2.8283939421620743,5.508293160126843,0.568488359451294,0.12610363960266113
500,6.2,50.839999999999996,6.2,1,1,1,12,2.828422291769539,4.865940658897892,0.7098097801208496,0.1351604461669922
500,6.2,50.839999999999996,6.2,1,1,1,13,2.828421720946314,4.9846780235382,0.5110878944396973,0.09405279159545898
500,6.2,50.839999999999996,6.2,1,1,1,14,2.8284270229335307,4.327906865619782,0.555222749710083,0.12694478034973145
500,6.2,50.839999999999996,6.2,1,1,1,15,2.8284269201015464,4.57120700549321,0.5609469413757324,0.10906863212585449
500,6.2,50.839999999999996,6.2,1,1,1,16,2.8283842713246443,5.1254968523833755,0.5440702438354492,0.10953092575073242
500,6.2,50.839999999999996,6.2,1,1,1,17,2.8284187065941833,6.8920784533370405,0.626021146774292,0.1435375213623047
500,6.2,50.839999999999996,6.2,1,1,1,18,2.8284267767218894,4.245079061671923,0.8568918704986572,0.14783787727355957
500,6.2,50.839999999999996,6.2,1,1,1,19,2.8284241698223127,4.351266822544331,0.5266022682189941,0.11052775382995605
500,6.2,50.839999999999996,6.2,1,1,1,20,2.828426201859213,5.393384081892095,0.5735561847686768,0.08942866325378418
500,6.2,50.839999999999996,6.2,1,1,1,21,2.8284261336360035,5.694232683149946,0.5626325607299805,0.09651398658752441
500,6.2,50.839999999999996,6.2,1,1,1,22,2.8284261343236627,6.947681952618577,0.6390824317932129,0.10244464874267578
500,6.2,50.839999999999996,6.2,1,1,1,23,2.8283942573524445,5.803393900791134,0.6337277889251709,0.1253070831298828
500,6.2,50.839999999999996,6.2,1,1,1,24,2.828424296332963,4.50387449411594,0.5204520225524902,0.11252069473266602
500,6.4,53.760000000000005,6.4,1,1,1,0,2.8284157175916076,5.311815652066691,0.5116307735443115,0.11553478240966797
500,6.4,53.760000000000005,6.4,1,1,1,1,2.828427001945333,4.860594188344041,0.5214247703552246,0.12404417991638184
500,6.4,53.760000000000005,6.4,1,1,1,2,2.8284134407744492,5.102950820152338,0.5328617095947266,0.12007951736450195
500,6.4,53.760000000000005,6.4,1,1,1,3,2.8284271247404544,4.068260889183845,0.7090528011322021,0.13649916648864746
500,6.4,53.760000000000005,6.4,1,1,1,4,2.8284071147396275,5.104210179762729,0.4847829341888428,0.10055661201477051
500,6.4,53.760000000000005,6.4,1,1,1,5,2.828417532167077,5.340775327953278,0.4883706569671631,0.10256218910217285
500,6.4,53.760000000000005,6.4,1,1,1,6,2.8284207086843023,4.973413938387304,0.5421848297119141,0.10003447532653809
500,6.4,53.760000000000005,6.4,1,1,1,7,2.8284034509620084,4.50554990415249,0.5436148643493652,0.11447691917419434
500,6.4,53.760000000000005,6.4,1,1,1,8,2.8284174429562454,5.403990081514468,0.55989670753479,0.12149477005004883
500,6.4,53.760000000000005,6.4,1,1,1,9,2.828326681940824,5.829636201709995,0.6993606090545654,0.1144247055053711
500,6.4,53.760000000000005,6.4,1,1,1,10,2.8284240889976213,4.498639196035662,0.49789977073669434,0.1208643913269043
500,6.4,53.760000000000005,6.4,1,1,1,11,2.828407245489931,4.681502002450344,0.4927353858947754,0.1073613166809082
500,6.4,53.760000000000005,6.4,1,1,1,12,2.8284270939287586,5.551307252232916,0.5398843288421631,0.12194395065307617
500,6.4,53.760000000000005,6.4,1,1,1,13,2.8284221924498016,4.9541837462698215,0.6027014255523682,0.11037254333496094
500,6.4,53.760000000000005,6.4,1,1,1,14,2.8284261934848915,4.964915291288048,0.7081735134124756,0.13674426078796387
500,6.4,53.760000000000005,6.4,1,1,1,15,2.8284222927471445,4.765445790473427,0.5563986301422119,0.10019898414611816
500,6.4,53.760000000000005,6.4,1,1,1,16,2.8284210572919677,4.641645582763114,0.508887767791748,0.12898588180541992
500,6.4,53.760000000000005,6.4,1,1,1,17,2.828424181670463,4.924652339857074,0.5295288562774658,0.11802339553833008
500,6.4,53.760000000000005,6.4,1,1,1,18,2.8284266332133354,4.91418827314579,0.5288834571838379,0.10648226737976074
500,6.4,53.760000000000005,6.4,1,1,1,19,2.828408482671066,4.960172247811166,0.5668585300445557,0.12926816940307617
500,6.4,53.760000000000005,6.4,1,1,1,20,2.8284070028368236,5.41670797856863,0.723536491394043,0.12983417510986328
500,6.4,53.760000000000005,6.4,1,1,1,21,2.8284090333117047,4.437621649531888,0.5540225505828857,0.11267876625061035
500,6.4,53.760000000000005,6.4,1,1,1,22,2.8284257068433436,4.844827702092572,0.5023996829986572,0.11042165756225586
500,6.4,53.760000000000005,6.4,1,1,1,23,2.82827447579022,4.320173683779089,0.5871121883392334,0.08366274833679199
500,6.4,53.760000000000005,6.4,1,1,1,24,2.828421619839456,4.841426123027388,0.5051367282867432,0.12134981155395508
500,6.6000000000000005,56.76000000000001,6.6000000000000005,1,1,1,0,2.8284093554230667,4.69320700459273,0.5772244930267334,0.1254281997680664
500,6.6000000000000005,56.76000000000001,6.6000000000000005,1,1,1,1,2.8283931046593835,4.845165087996222,0.6401751041412354,0.09457850456237793
500,6.6000000000000005,56.76000000000001,6.6000000000000005,1,1,1,2,2.8284218596320776,4.802526481880207,0.543241024017334,0.10474944114685059
500,6.6000000000000005,56.76000000000001,6.6000000000000005,1,1,1,3,2.828420089956783,5.948211250989595,0.6270959377288818,0.10242414474487305
500,6.6000000000000005,56.76000000000001,6.6000000000000005,1,1,1,4,2.8283863693696047,4.679909424778223,0.6036522388458252,0.09697961807250977
500,6.6000000000000005,56.76000000000001,6.6000000000000005,1,1,1,5,2.828426243857129,5.100090930697624,0.5532529354095459,0.12511634826660156
500,6.6000000000000005,56.76000000000001,6.6000000000000005,1,1,1,6,2.8283451769525594,4.037717955825611,0.6793899536132812,0.12144184112548828
500,6.6000000000000005,56.76000000000001,6.6000000000000005,1,1,1,7,2.8284187014669087,5.301391331469783,0.535132646560669,0.0996546745300293
500,6.6000000000000005,56.76000000000001,6.6000000000000005,1,1,1,8,2.828398492215798,5.343657609567854,0.6058883666992188,0.11431288719177246
500,6.6000000000000005,56.76000000000001,6.6000000000000005,1,1,1,9,2.828374555366656,4.237064557182464,0.6953942775726318,0.10039091110229492
500,6.6000000000000005,56.76000000000001,6.6000000000000005,1,1,1,10,2.8284270465285317,4.909676333327776,0.5382094383239746,0.11187458038330078
500,6.6000000000000005,56.76000000000001,6.6000000000000005,1,1,1,11,2.8284164737485704,6.449849624960616,0.6152358055114746,0.11957788467407227
500,6.6000000000000005,56.76000000000001,6.6000000000000005,1,1,1,12,2.828426436495059,5.317394061401822,0.6232528686523438,0.1121821403503418
500,6.6000000000000005,56.76000000000001,6.6000000000000005,1,1,1,13,2.8284123490757467,4.848120513055119,0.5083832740783691,0.1279594898223877
500,6.6000000000000005,56.76000000000001,6.6000000000000005,1,1,1,14,2.8284261107521544,5.410363128683246,0.5071892738342285,0.1036672592163086
500,6.6000000000000005,56.76000000000001,6.6000000000000005,1,1,1,15,2.8284268146378766,4.747666813300307,0.49929118156433105,0.12250041961669922
500,6.6000000000000005,56.76000000000001,6.6000000000000005,1,1,1,16,2.828412247043748,4.718098821417017,0.4859328269958496,0.10902667045593262
500,6.6000000000000005,56.76000000000001,6.6000000000000005,1,1,1,17,2.8283968614690345,4.466752227409057,0.7050216197967529,0.1146705150604248
500,6.6000000000000005,56.76000000000001,6.6000000000000005,1,1,1,18,2.8284005979831717,5.116620343486604,0.539823055267334,0.10501837730407715
500,6.6000000000000005,56.76000000000001,6.6000000000000005,1,1,1,19,2.8284125540941387,4.662144133425645,0.5225300788879395,0.08883309364318848
500,6.6000000000000005,56.76000000000001,6.6000000000000005,1,1,1,20,2.8284177507631805,4.637201581836547,0.5258052349090576,0.11365675926208496
500,6.6000000000000005,56.76000000000001,6.6000000000000005,1,1,1,21,2.828416642448587,4.361983460046623,0.5110640525817871,0.08830451965332031
500,6.6000000000000005,56.76000000000001,6.6000000000000005,1,1,1,22,2.8284256806422277,5.168456103107429,0.5804116725921631,0.1177816390991211
500,6.6000000000000005,56.76000000000001,6.6000000000000005,1,1,1,23,2.8284040196167735,3.753526690209994,0.6350934505462646,0.10712361335754395
500,6.6000000000000005,56.76000000000001,6.6000000000000005,1,1,1,24,2.828425145846504,5.226295783861181,0.5312333106994629,0.10311508178710938
500,6.800000000000001,59.84000000000001,6.800000000000001,1,1,1,0,2.8284013807687867,5.3156717509292575,0.6134529113769531,0.09535622596740723
500,6.800000000000001,59.84000000000001,6.800000000000001,1,1,1,1,2.8283832194676255,4.747168644738121,0.525338888168335,0.11324071884155273
500,6.800000000000001,59.84000000000001,6.800000000000001,1,1,1,2,2.8284258708675507,4.825638851349864,0.5411615371704102,0.08600306510925293
500,6.800000000000001,59.84000000000001,6.800000000000001,1,1,1,3,2.828419040886714,5.004063523572653,0.7127695083618164,0.12061357498168945
500,6.800000000000001,59.84000000000001,6.800000000000001,1,1,1,4,2.828422307757301,4.882610863619896,0.5502157211303711,0.13089275360107422
500,6.800000000000001,59.84000000000001,6.800000000000001,1,1,1,5,2.828410195421001,4.897223848787221,0.523780345916748,0.11186790466308594
500,6.800000000000001,59.84000000000001,6.800000000000001,1,1,1,6,2.8284237834643995,4.844405046449734,0.570831298828125,0.11594748497009277
500,6.800000000000001,59.84000000000001,6.800000000000001,1,1,1,7,2.828426239566475,4.404417011439439,0.537285327911377,0.11358046531677246
500,6.800000000000001,59.84000000000001,6.800000000000001,1,1,1,8,2.8284259091181023,4.855282747260538,0.6384778022766113,0.10874223709106445
500,6.800000000000001,59.84000000000001,6.800000000000001,1,1,1,9,2.8284151392526864,4.469215723826454,0.5962915420532227,0.08419489860534668
500,6.800000000000001,59.84000000000001,6.800000000000001,1,1,1,10,2.8284198079402727,4.578192245399878,0.5284938812255859,0.0965266227722168
500,6.800000000000001,59.84000000000001,6.800000000000001,1,1,1,11,2.8284149124043108,4.144768069997907,0.5644268989562988,0.10591506958007812
500,6.800000000000001,59.84000000000001,6.800000000000001,1,1,1,12,2.8284255708719424,4.8920984812704855,0.6287572383880615,0.0881655216217041
500,6.800000000000001,59.84000000000001,6.800000000000001,1,1,1,13,2.8284271095326945,4.3682262665365075,0.6277830600738525,0.09965181350708008
500,6.800000000000001,59.84000000000001,6.800000000000001,1,1,1,14,2.8283754594958768,4.13940227502013,0.7211616039276123,0.1357707977294922
500,6.800000000000001,59.84000000000001,6.800000000000001,1,1,1,15,2.828426946304005,5.153321416741809,0.534015417098999,0.11696124076843262
500,6.800000000000001,59.84000000000001,6.800000000000001,1,1,1,16,2.828427093434593,4.6548360111753695,0.5167219638824463,0.1005704402923584
500,6.800000000000001,59.84000000000001,6.800000000000001,1,1,1,17,2.8284043340756564,4.964013420167956,0.5510125160217285,0.12267732620239258
500,6.800000000000001,59.84000000000001,6.800000000000001,1,1,1,18,2.828317538618844,6.049096937057827,0.5442593097686768,0.10773777961730957
500,6.800000000000001,59.84000000000001,6.800000000000001,1,1,1,19,2.8284026874251404,4.210629720679939,0.5370931625366211,0.13979458808898926
500,6.800000000000001,59.84000000000001,6.800000000000001,1,1,1,20,2.828426988764623,4.711358504439165,0.7109594345092773,0.12070560455322266
500,6.800000000000001,59.84000000000001,6.800000000000001,1,1,1,21,2.828386253080705,4.792494765169567,0.5096092224121094,0.11059188842773438
500,6.800000000000001,59.84000000000001,6.800000000000001,1,1,1,22,2.828413608339425,4.85207121067435,0.538651704788208,0.08804488182067871
500,6.800000000000001,59.84000000000001,6.800000000000001,1,1,1,23,2.828426001037668,4.066777372221224,0.5145394802093506,0.12990140914916992
500,6.800000000000001,59.84000000000001,6.800000000000001,1,1,1,24,2.828426729560167,4.928331657468118,0.5180261135101318,0.12836074829101562
500,7.0,63.0,7.0,1,1,1,0,2.8284248017070173,4.695406743540678,0.7577555179595947,0.15789055824279785
500,7.0,63.0,7.0,1,1,1,1,2.8284146163352255,4.76765065343067,0.4716825485229492,0.10606789588928223
500,7.0,63.0,7.0,1,1,1,2,2.8284100980086295,5.020105658011637,0.49053120613098145,0.09850859642028809
500,7.0,63.0,7.0,1,1,1,3,2.828426709960816,4.7542244135617935,0.5362131595611572,0.10068345069885254
500,7.0,63.0,7.0,1,1,1,4,2.828392602536762,5.182075274547285,0.5409808158874512,0.08643794059753418
500,7.0,63.0,7.0,1,1,1,5,2.8284220666053175,6.486191226896508,0.5621991157531738,0.10099434852600098
500,7.0,63.0,7.0,1,1,1,6,2.828413899063202,4.1705972748182685,0.6874086856842041,0.10815167427062988
500,7.0,63.0,7.0,1,1,1,7,2.8284129961442046,5.407742465592016,0.521765947341919,0.09485030174255371
500,7.0,63.0,7.0,1,1,1,8,2.8284158320587283,5.45367467441735,0.5461618900299072,0.10645675659179688
500,7.0,63.0,7.0,1,1,1,9,2.82842661591013,4.796769569813596,0.6137809753417969,0.09602165222167969
500,7.0,63.0,7.0,1,1,1,10,2.8281844266602305,5.059725644713571,0.5757317543029785,0.1023092269897461
500,7.0,63.0,7.0,1,1,1,11,2.8284200693625494,4.630969414315479,0.5691823959350586,0.12698674201965332
500,7.0,63.0,7.0,1,1,1,12,2.8284265725121847,4.960130991178306,0.643132209777832,0.1049501895904541
500,7.0,63.0,7.0,1,1,1,13,2.8284253341235654,4.764705352282864,0.5095388889312744,0.11540555953979492
500,7.0,63.0,7.0,1,1,1,14,2.8284266155664404,4.805425516943143,0.49504971504211426,0.1085054874420166
500,7.0,63.0,7.0,1,1,1,15,2.828424574504724,4.870472863915556,0.5143222808837891,0.10027480125427246
500,7.0,63.0,7.0,1,1,1,16,2.8284249422072167,4.995440292555564,0.5313272476196289,0.08788824081420898
500,7.0,63.0,7.0,1,1,1,17,2.8284144550996704,4.408496637546537,0.6992189884185791,0.13800454139709473
500,7.0,63.0,7.0,1,1,1,18,2.828427085426642,4.954953057453728,0.5628550052642822,0.08150911331176758
500,7.0,63.0,7.0,1,1,1,19,2.828425891608997,4.654948460760525,0.567781925201416,0.10156106948852539
500,7.0,63.0,7.0,1,1,1,20,2.8284231023217936,4.655429516446034,0.5565402507781982,0.10542464256286621
500,7.0,63.0,7.0,1,1,1,21,2.8284253961897616,5.300340497548584,0.5837047100067139,0.13504910469055176
500,7.0,63.0,7.0,1,1,1,22,2.828426706873252,4.784621403065679,0.7137975692749023,0.15058302879333496
500,7.0,63.0,7.0,1,1,1,23,2.8284270540982566,5.014639047715422,0.5814507007598877,0.10021328926086426
500,7.0,63.0,7.0,1,1,1,24,2.828367692713606,4.3906665250635575,0.5560016632080078,0.10251092910766602
500,7.2,66.24,7.2,1,1,1,0,2.828424034204122,5.675757677047859,0.5635924339294434,0.12344789505004883
500,7.2,66.24,7.2,1,1,1,1,2.8283098600032472,4.926936145800066,0.5462393760681152,0.10051345825195312
500,7.2,66.24,7.2,1,1,1,2,2.828425698917002,5.536968863956162,0.5703136920928955,0.10850739479064941
500,7.2,66.24,7.2,1,1,1,3,2.828427071100862,4.919650995462405,0.6601958274841309,0.11405706405639648
500,7.2,66.24,7.2,1,1,1,4,2.828424136262467,4.776842339428596,0.6149678230285645,0.10641145706176758
500,7.2,66.24,7.2,1,1,1,5,2.82830974069329,4.805268416088593,0.5438919067382812,0.09051084518432617
500,7.2,66.24,7.2,1,1,1,6,2.8284249686234593,5.325155384221958,0.5403690338134766,0.11353611946105957
500,7.2,66.24,7.2,1,1,1,7,2.8284092804092684,4.092691398662262,0.5471880435943604,0.11351966857910156
500,7.2,66.24,7.2,1,1,1,8,2.828426746539755,4.36017051256655,0.6233823299407959,0.12102746963500977
500,7.2,66.24,7.2,1,1,1,9,2.8284136430214155,4.636540939382481,0.7537877559661865,0.13223981857299805
500,7.2,66.24,7.2,1,1,1,10,2.8284216516386005,4.912841915337987,0.5484170913696289,0.10241532325744629
500,7.2,66.24,7.2,1,1,1,11,2.828422709781359,4.971229202253416,0.5808372497558594,0.09940767288208008
500,7.2,66.24,7.2,1,1,1,12,2.8284022173015426,4.635186252916481,0.6117775440216064,0.08799576759338379
500,7.2,66.24,7.2,1,1,1,13,2.8284211677458306,4.546334751630221,0.587324857711792,0.10311150550842285
500,7.2,66.24,7.2,1,1,1,14,2.828412793135952,4.624802481981332,0.6270244121551514,0.12825226783752441
500,7.2,66.24,7.2,1,1,1,15,2.8284146479556216,4.739189042239085,0.5583000183105469,0.1212453842163086
500,7.2,66.24,7.2,1,1,1,16,2.828427029129359,4.766720171373486,0.603398323059082,0.11005401611328125
500,7.2,66.24,7.2,1,1,1,17,2.828418917175123,4.1784419321781625,0.6539366245269775,0.1287853717803955
500,7.2,66.24,7.2,1,1,1,18,2.828427122825097,4.503332572380726,0.5368237495422363,0.0990455150604248
500,7.2,66.24,7.2,1,1,1,19,2.8284213119773374,5.122103629626086,0.7314999103546143,0.12122917175292969
500,7.2,66.24,7.2,1,1,1,20,2.828427124231569,4.470544402263642,0.615903377532959,0.0995328426361084
500,7.2,66.24,7.2,1,1,1,21,2.8284268742929575,5.453358657471966,0.5841240882873535,0.09717774391174316
500,7.2,66.24,7.2,1,1,1,22,2.8283245302313995,5.288011158338073,0.5706984996795654,0.10594773292541504
500,7.2,66.24,7.2,1,1,1,23,2.8284269621824487,4.3953429390168415,0.5919086933135986,0.0840446949005127
500,7.2,66.24,7.2,1,1,1,24,2.8284257811292925,4.603434010297631,0.6419107913970947,0.10156130790710449
500,7.4,69.56,7.4,1,1,1,0,2.8284271211213294,4.83764175180969,0.6755614280700684,0.11852502822875977
500,7.4,69.56,7.4,1,1,1,1,2.8284264466200777,5.069078724480714,0.534442663192749,0.11318206787109375
500,7.4,69.56,7.4,1,1,1,2,2.828396649629354,4.274183882790643,0.5335569381713867,0.1084749698638916
500,7.4,69.56,7.4,1,1,1,3,2.8284263934645533,4.484854925750226,0.5453076362609863,0.11205220222473145
500,7.4,69.56,7.4,1,1,1,4,2.8284254983999872,5.225884260762839,0.4902472496032715,0.12403416633605957
500,7.4,69.56,7.4,1,1,1,5,2.8284214986733804,4.858256562122748,0.6553552150726318,0.12380075454711914
500,7.4,69.56,7.4,1,1,1,6,2.828422941476871,5.056597123296566,0.5960757732391357,0.1330242156982422
500,7.4,69.56,7.4,1,1,1,7,2.8284056069453514,5.529118449862588,0.5714547634124756,0.08180665969848633
500,7.4,69.56,7.4,1,1,1,8,2.828426805926721,4.902248999655413,0.5263204574584961,0.10438990592956543
500,7.4,69.56,7.4,1,1,1,9,2.8284132934464132,5.363754874595954,0.5461955070495605,0.0964512825012207
500,7.4,69.56,7.4,1,1,1,10,2.8283655244152466,5.740009718387858,0.7685451507568359,0.12907743453979492
500,7.4,69.56,7.4,1,1,1,11,2.8284223325020155,5.675590563506595,0.6585409641265869,0.15998363494873047
500,7.4,69.56,7.4,1,1,1,12,2.8283878824250817,5.484147885425883,0.5750184059143066,0.12760448455810547
500,7.4,69.56,7.4,1,1,1,13,2.828416959153295,4.4295184634491465,0.5704667568206787,0.11760330200195312
500,7.4,69.56,7.4,1,1,1,14,2.8283352675064872,5.5169423065730685,0.537945032119751,0.10225057601928711
500,7.4,69.56,7.4,1,1,1,15,2.828410210790195,4.463340874698942,0.5226593017578125,0.12630176544189453
500,7.4,69.56,7.4,1,1,1,16,2.828427124346911,5.912460681818506,0.5911753177642822,0.12757587432861328
500,7.4,69.56,7.4,1,1,1,17,2.828426632200087,6.644955410412976,0.5535793304443359,0.09246182441711426
500,7.4,69.56,7.4,1,1,1,18,2.828427107513979,4.8870534615028545,0.5802874565124512,0.08361601829528809
500,7.4,69.56,7.4,1,1,1,19,2.828402877352319,4.637024558842901,0.557260274887085,0.11454558372497559
500,7.4,69.56,7.4,1,1,1,20,2.828425421834581,6.190532743548033,0.5733885765075684,0.10462450981140137
500,7.4,69.56,7.4,1,1,1,21,2.828427120080416,5.187512599574419,0.6489212512969971,0.1384294033050537
500,7.4,69.56,7.4,1,1,1,22,2.828426120881434,4.864803841849438,0.6936206817626953,0.09862589836120605
500,7.4,69.56,7.4,1,1,1,23,2.8284260126586727,5.134750383799976,0.46653127670288086,0.08916115760803223
500,7.4,69.56,7.4,1,1,1,24,2.828426123763691,4.862076575148975,0.5152616500854492,0.1035311222076416
500,7.6000000000000005,72.96000000000002,7.6000000000000005,1,1,1,0,2.828427098944082,5.137635256975888,0.5052506923675537,0.11532425880432129
500,7.6000000000000005,72.96000000000002,7.6000000000000005,1,1,1,1,2.828390211886587,5.247037125590652,0.5516507625579834,0.13010072708129883
500,7.6000000000000005,72.96000000000002,7.6000000000000005,1,1,1,2,2.828388796044958,4.544381222997593,0.697446346282959,0.13570356369018555
500,7.6000000000000005,72.96000000000002,7.6000000000000005,1,1,1,3,2.8284271120802003,4.450673975960067,0.5909223556518555,0.09607648849487305
500,7.6000000000000005,72.96000000000002,7.6000000000000005,1,1,1,4,2.8284269348350746,5.093301672056917,0.5634431838989258,0.10753989219665527
500,7.6000000000000005,72.96000000000002,7.6000000000000005,1,1,1,5,2.828419305929906,4.776928634603803,0.5335090160369873,0.1014256477355957
500,7.6000000000000005,72.96000000000002,7.6000000000000005,1,1,1,6,2.8284249509799984,4.5920019785669375,0.5240030288696289,0.11887526512145996
500,7.6000000000000005,72.96000000000002,7.6000000000000005,1,1,1,7,2.828348964415548,4.625497250166296,0.6052179336547852,0.13176870346069336
500,7.6000000000000005,72.96000000000002,7.6000000000000005,1,1,1,8,2.828419030333547,5.394765469961246,0.8071355819702148,0.1394808292388916
500,7.6000000000000005,72.96000000000002,7.6000000000000005,1,1,1,9,2.828423584077591,5.018516920311676,0.5671520233154297,0.1125175952911377
500,7.6000000000000005,72.96000000000002,7.6000000000000005,1,1,1,10,2.828407855030986,5.997201944912289,0.5539653301239014,0.11473703384399414
500,7.6000000000000005,72.96000000000002,7.6000000000000005,1,1,1,11,2.828390472675017,4.1898141395009745,0.5783505439758301,0.11151885986328125
500,7.6000000000000005,72.96000000000002,7.6000000000000005,1,1,1,12,2.8283685241279253,4.81203307634835,0.5626907348632812,0.13702750205993652
500,7.6000000000000005,72.96000000000002,7.6000000000000005,1,1,1,13,2.8284260158791734,4.900509981237888,0.6265554428100586,0.13668608665466309
500,7.6000000000000005,72.96000000000002,7.6000000000000005,1,1,1,14,2.8284267672129384,4.800578864090277,0.5226266384124756,0.11222958564758301
500,7.6000000000000005,72.96000000000002,7.6000000000000005,1,1,1,15,2.828425509301455,4.9357088644625895,0.5505144596099854,0.10387396812438965
500,7.6000000000000005,72.96000000000002,7.6000000000000005,1,1,1,16,2.8284255692928246,4.543218651708888,0.527045488357544,0.12016749382019043
500,7.6000000000000005,72.96000000000002,7.6000000000000005,1,1,1,17,2.828387192014541,4.857083431588197,0.5398814678192139,0.1060645580291748
500,7.6000000000000005,72.96000000000002,7.6000000000000005,1,1,1,18,2.8284271246834107,4.717025742840955,0.531151294708252,0.1333632469177246
500,7.6000000000000005,72.96000000000002,7.6000000000000005,1,1,1,19,2.8284108498547513,4.8699165796080965,0.5826590061187744,0.12007379531860352
500,7.6000000000000005,72.96000000000002,7.6000000000000005,1,1,1,20,2.8284260334849174,5.696613131725161,0.48598504066467285,0.14500737190246582
500,7.6000000000000005,72.96000000000002,7.6000000000000005,1,1,1,21,2.8284243032086573,4.682243631868135,0.7545580863952637,0.13020896911621094
500,7.6000000000000005,72.96000000000002,7.6000000000000005,1,1,1,22,2.8284232593543335,5.603957496852346,1.239569902420044,0.22227191925048828
500,7.6000000000000005,72.96000000000002,7.6000000000000005,1,1,1,23,2.828420998345898,4.7268971285058035,1.1393275260925293,0.1289806365966797
500,7.6000000000000005,72.96000000000002,7.6000000000000005,1,1,1,24,2.828407008082256,4.6101654102375065,1.1247069835662842,0.20762300491333008
500,7.800000000000001,76.44000000000001,7.800000000000001,1,1,1,0,2.8284271132914394,4.7887472548493735,1.1155455112457275,0.26956915855407715
500,7.800000000000001,76.44000000000001,7.800000000000001,1,1,1,1,2.8284267539844885,4.88685544476481,1.391453504562378,0.113189697265625
500,7.800000000000001,76.44000000000001,7.800000000000001,1,1,1,2,2.8284264823745895,5.88806421101959,1.0267415046691895,0.12460207939147949
500,7.800000000000001,76.44000000000001,7.800000000000001,1,1,1,3,2.828426922623264,5.8422692612812686,0.988884449005127,0.10907864570617676
500,7.800000000000001,76.44000000000001,7.800000000000001,1,1,1,4,2.828417655673907,4.778921893688595,1.4742438793182373,0.14164257049560547
500,7.800000000000001,76.44000000000001,7.800000000000001,1,1,1,5,2.8284236931691304,4.273310227380979,1.0789990425109863,0.12382340431213379
500,7.800000000000001,76.44000000000001,7.800000000000001,1,1,1,6,2.8283916209281585,4.50152685505268,1.151489496231079,0.2182784080505371
500,7.800000000000001,76.44000000000001,7.800000000000001,1,1,1,7,2.8284153796282063,4.768923955434211,1.3616795539855957,0.18322420120239258
500,7.800000000000001,76.44000000000001,7.800000000000001,1,1,1,8,2.8284239739744135,5.020720173204849,1.0083801746368408,0.12574338912963867
500,7.800000000000001,76.44000000000001,7.800000000000001,1,1,1,9,2.828409551019601,4.20554286816011,1.2139253616333008,0.16551923751831055
500,7.800000000000001,76.44000000000001,7.800000000000001,1,1,1,10,2.828427109948045,4.700995406344743,1.4386506080627441,0.13044977188110352
500,7.800000000000001,76.44000000000001,7.800000000000001,1,1,1,11,2.8284246183460557,4.696078518182647,1.4988057613372803,0.21443915367126465
500,7.800000000000001,76.44000000000001,7.800000000000001,1,1,1,12,2.8284063128165573,5.292289489823219,1.0933287143707275,0.12174344062805176
500,7.800000000000001,76.44000000000001,7.800000000000001,1,1,1,13,2.8284203990571704,4.6231357757533,1.1890857219696045,0.15639710426330566
500,7.800000000000001,76.44000000000001,7.800000000000001,1,1,1,14,2.8284270719403826,4.6948823080692845,1.1411223411560059,0.17706513404846191
500,7.800000000000001,76.44000000000001,7.800000000000001,1,1,1,15,2.828426591400139,4.956686422854772,0.8600592613220215,0.21028614044189453
500,7.800000000000001,76.44000000000001,7.800000000000001,1,1,1,16,2.8284116948256135,5.109455505596534,1.2632408142089844,0.28677868843078613
500,7.800000000000001,76.44000000000001,7.800000000000001,1,1,1,17,2.8284267068729876,4.849165375675412,0.8630928993225098,0.09496474266052246
500,7.800000000000001,76.44000000000001,7.800000000000001,1,1,1,18,2.828427060409342,4.886092473907266,1.0512912273406982,0.11858820915222168
500,7.800000000000001,76.44000000000001,7.800000000000001,1,1,1,19,2.8284254493067085,4.998171021012402,0.9876208305358887,0.09525060653686523
500,7.800000000000001,76.44000000000001,7.800000000000001,1,1,1,20,2.828423397844076,4.710412936857058,1.0366880893707275,0.220139741897583
500,7.800000000000001,76.44000000000001,7.800000000000001,1,1,1,21,2.8284198671559504,4.747421916535594,0.8524525165557861,0.18512725830078125
500,7.800000000000001,76.44000000000001,7.800000000000001,1,1,1,22,2.8284271232357057,4.757398275511066,0.9860591888427734,0.12540555000305176
500,7.800000000000001,76.44000000000001,7.800000000000001,1,1,1,23,2.8284261370213746,5.339883561570354,1.4658513069152832,0.2024068832397461
500,7.800000000000001,76.44000000000001,7.800000000000001,1,1,1,24,2.8284245127212015,5.487255248750817,1.2130975723266602,0.18040132522583008
500,8.0,80.0,8.0,1,1,1,0,2.8284203021140084,5.3178052104345666,1.0662026405334473,0.1490335464477539
500,8.0,80.0,8.0,1,1,1,1,2.8284271211878926,4.504711161681407,1.2911648750305176,0.15408563613891602
500,8.0,80.0,8.0,1,1,1,2,2.8284268864876503,4.641501916979967,0.9368588924407959,0.10573101043701172
500,8.0,80.0,8.0,1,1,1,3,2.8284207120650904,5.044453350357408,0.8340258598327637,0.14826297760009766
500,8.0,80.0,8.0,1,1,1,4,2.828416102610259,4.580519351630388,1.2715563774108887,0.22591066360473633
500,8.0,80.0,8.0,1,1,1,5,2.8284270614014395,4.993885417804229,0.9480509757995605,0.25534510612487793
500,8.0,80.0,8.0,1,1,1,6,2.8284266669116427,5.164327221227464,0.8480110168457031,0.2363431453704834
500,8.0,80.0,8.0,1,1,1,7,2.8284257921071205,5.360083444642561,0.9915518760681152,0.14976286888122559
500,8.0,80.0,8.0,1,1,1,8,2.828426101021768,5.268067232204391,1.5161573886871338,0.12822222709655762
500,8.0,80.0,8.0,1,1,1,9,2.828423875150375,4.950268236370926,0.8297379016876221,0.1123495101928711
500,8.0,80.0,8.0,1,1,1,10,2.828412975663303,4.342046413919986,1.3426191806793213,0.2871584892272949
500,8.0,80.0,8.0,1,1,1,11,2.828426415329424,4.800515684536047,0.9611587524414062,0.20513153076171875
500,8.0,80.0,8.0,1,1,1,12,2.8284271125985248,5.965607532460596,1.0651679039001465,0.09551095962524414
500,8.0,80.0,8.0,1,1,1,13,2.82841079213639,6.397921887236264,1.0771453380584717,0.14062762260437012
500,8.0,80.0,8.0,1,1,1,14,2.8284227417910857,5.247588064331317,1.5018854141235352,0.22685623168945312
500,8.0,80.0,8.0,1,1,1,15,2.8284237080144448,5.1822298550974555,1.1791975498199463,0.12955951690673828
500,8.0,80.0,8.0,1,1,1,16,2.828412572742391,5.423815106861814,0.7849957942962646,0.23075199127197266
500,8.0,80.0,8.0,1,1,1,17,2.828426833130664,5.48257142269829,1.5354926586151123,0.30698633193969727
500,8.0,80.0,8.0,1,1,1,18,2.8284237800896297,4.652008413657292,1.807145595550537,0.36128950119018555
500,8.0,80.0,8.0,1,1,1,19,2.8284256176636067,4.768345108817913,1.584381103515625,0.34531331062316895
500,8.0,80.0,8.0,1,1,1,20,2.8284245922853617,5.099214056943601,1.6046319007873535,0.33635807037353516
500,8.0,80.0,8.0,1,1,1,21,2.8284269737888814,4.980793688015456,1.8129568099975586,0.3971824645996094
500,8.0,80.0,8.0,1,1,1,22,2.8284263972911345,5.051560801303004,1.498922348022461,0.32708144187927246
500,8.0,80.0,8.0,1,1,1,23,2.8284250948782255,4.859036286667578,1.802070140838623,0.3734261989593506
500,8.0,80.0,8.0,1,1,1,24,2.8284064141862153,5.199636136964297,1.8293943405151367,0.35630011558532715
500,8.200000000000001,83.64000000000001,8.200000000000001,1,1,1,0,2.8284177711919014,5.485849192684307,2.0454416275024414,0.29782795906066895
500,8.200000000000001,83.64000000000001,8.200000000000001,1,1,1,1,2.828426985451526,4.463316654211239,1.6358237266540527,0.24881291389465332
500,8.200000000000001,83.64000000000001,8.200000000000001,1,1,1,2,2.828403144471932,5.966516457860939,1.491163730621338,0.34557414054870605
500,8.200000000000001,83.64000000000001,8.200000000000001,1,1,1,3,2.8284242508518784,4.994329906109418,1.962510108947754,0.3072776794433594
500,8.200000000000001,83.64000000000001,8.200000000000001,1,1,1,4,2.828425378743548,5.983823691052549,1.422816514968872,0.3178720474243164
500,8.200000000000001,83.64000000000001,8.200000000000001,1,1,1,5,2.8284114128716866,4.835774925943399,1.9180223941802979,0.42457056045532227
500,8.200000000000001,83.64000000000001,8.200000000000001,1,1,1,6,2.828419107898223,5.810794276001932,1.844576358795166,0.22690820693969727
500,8.200000000000001,83.64000000000001,8.200000000000001,1,1,1,7,2.828426089178663,4.725005892160979,1.6985480785369873,0.31052494049072266
500,8.200000000000001,83.64000000000001,8.200000000000001,1,1,1,8,2.8284223234798205,5.648178460134762,1.9481728076934814,0.3039860725402832
500,8.200000000000001,83.64000000000001,8.200000000000001,1,1,1,9,2.828376294703511,5.418862277693691,1.9847471714019775,0.30701470375061035
500,8.200000000000001,83.64000000000001,8.200000000000001,1,1,1,10,2.828380332703121,4.929695589744223,1.557060718536377,0.3176877498626709
500,8.200000000000001,83.64000000000001,8.200000000000001,1,1,1,11,2.8284266488646814,5.215470473969308,1.842705249786377,0.27861642837524414
500,8.200000000000001,83.64000000000001,8.200000000000001,1,1,1,12,2.8284261501928776,5.809215202174753,1.764408826828003,0.28634214401245117
500,8.200000000000001,83.64000000000001,8.200000000000001,1,1,1,13,2.828419665736356,4.6989404122846565,1.4250679016113281,0.35091114044189453
500,8.200000000000001,83.64000000000001,8.200000000000001,1,1,1,14,2.828427104001917,5.293943046072699,1.6276967525482178,0.3414897918701172
500,8.200000000000001,83.64000000000001,8.200000000000001,1,1,1,15,2.82842470767241,4.543371255826024,1.9879052639007568,0.2891349792480469
500,8.200000000000001,83.64000000000001,8.200000000000001,1,1,1,16,2.8284133634468156,5.252914401518605,1.9484381675720215,0.2745797634124756
500,8.200000000000001,83.64000000000001,8.200000000000001,1,1,1,17,2.8284253761664697,4.419501770863883,1.5597224235534668,0.3735527992248535
500,8.200000000000001,83.64000000000001,8.200000000000001,1,1,1,18,2.8284264277637527,4.547595535563016,1.9321751594543457,0.3596208095550537
500,8.200000000000001,83.64000000000001,8.200000000000001,1,1,1,19,2.8284247171922186,5.635650585074075,1.974449872970581,0.4087357521057129
500,8.200000000000001,83.64000000000001,8.200000000000001,1,1,1,20,2.8284202072668894,5.349369621020772,1.6079397201538086,0.23450803756713867
500,8.200000000000001,83.64000000000001,8.200000000000001,1,1,1,21,2.828423726407995,4.618453707931538,1.705590009689331,0.3036055564880371
500,8.200000000000001,83.64000000000001,8.200000000000001,1,1,1,22,2.828427118024652,4.973748484588755,1.6465625762939453,0.3104360103607178
500,8.200000000000001,83.64000000000001,8.200000000000001,1,1,1,23,2.8284236767921658,5.82150169562901,1.7618434429168701,0.37659716606140137
500,8.200000000000001,83.64000000000001,8.200000000000001,1,1,1,24,2.82841036304118,4.895367105806854,1.8955047130584717,0.20527315139770508
500,8.4,87.36000000000001,8.4,1,1,1,0,2.828427113700979,4.446040154168723,1.277296543121338,0.24985766410827637
500,8.4,87.36000000000001,8.4,1,1,1,1,2.8284261488786004,5.3573172270279406,1.47398042678833,0.2666449546813965
500,8.4,87.36000000000001,8.4,1,1,1,2,2.828426692975363,4.736548779554315,1.6078357696533203,0.3710174560546875
500,8.4,87.36000000000001,8.4,1,1,1,3,2.8284150854451693,6.3510175399189,1.6794557571411133,0.3593606948852539
500,8.4,87.36000000000001,8.4,1,1,1,4,2.828425480711922,6.576220344489969,1.6584303379058838,0.2440657615661621
500,8.4,87.36000000000001,8.4,1,1,1,5,2.828426587746515,5.479210331272435,1.6532278060913086,0.4285006523132324
500,8.4,87.36000000000001,8.4,1,1,1,6,2.82839798980051,4.927753318887022,1.588794231414795,0.2928342819213867
500,8.4,87.36000000000001,8.4,1,1,1,7,2.8284261078141277,4.335025625863441,1.787750482559204,0.2991023063659668
500,8.4,87.36000000000001,8.4,1,1,1,8,2.828426451058678,5.654633597246802,1.8118805885314941,0.3173666000366211
500,8.4,87.36000000000001,8.4,1,1,1,9,2.8284238339380177,5.298369342001846,1.802788496017456,0.4146106243133545
500,8.4,87.36000000000001,8.4,1,1,1,10,2.8284265239070177,5.08021280665442,1.8322858810424805,0.32599687576293945
500,8.4,87.36000000000001,8.4,1,1,1,11,2.8284271226929096,4.553829822752723,1.7449121475219727,0.4053483009338379
500,8.4,87.36000000000001,8.4,1,1,1,12,2.8284271243909114,4.75459752611542,1.8370778560638428,0.4348316192626953
500,8.4,87.36000000000001,8.4,1,1,1,13,2.8284192444895706,5.410716418539844,1.7113051414489746,0.2563779354095459
500,8.4,87.36000000000001,8.4,1,1,1,14,2.82842690199294,5.080878845182542,2.178133487701416,0.42464447021484375
500,8.4,87.36000000000001,8.4,1,1,1,15,2.8284266647689704,4.656301702998229,1.4748783111572266,0.2681441307067871
500,8.4,87.36000000000001,8.4,1,1,1,16,2.8284152180939905,4.562357571254553,1.9785356521606445,0.34396934509277344
500,8.4,87.36000000000001,8.4,1,1,1,17,2.828427124708151,5.950153478671463,1.684208869934082,0.2998182773590088
500,8.4,87.36000000000001,8.4,1,1,1,18,2.8283932810526418,4.834773280065901,1.8497936725616455,0.22370243072509766
500,8.4,87.36000000000001,8.4,1,1,1,19,2.828425426714979,4.489222199126949,1.99666428565979,0.2359471321105957
500,8.4,87.36000000000001,8.4,1,1,1,20,2.8284271213035397,5.709984373953832,1.4987835884094238,0.2678818702697754
500,8.4,87.36000000000001,8.4,1,1,1,21,2.828415520968801,4.980302282625742,1.7655987739562988,0.2109689712524414
500,8.4,87.36000000000001,8.4,1,1,1,22,2.8284192425832226,5.414033250139013,1.7299158573150635,0.334414005279541
500,8.4,87.36000000000001,8.4,1,1,1,23,2.828378541742148,5.819446217119392,1.7726500034332275,0.2790076732635498
500,8.4,87.36000000000001,8.4,1,1,1,24,2.82842548772491,5.01296070426293,1.6544475555419922,0.213667631149292
500,8.6,91.16,8.6,1,1,1,0,2.8284271213181644,5.140294039792269,1.6492514610290527,0.3421337604522705
500,8.6,91.16,8.6,1,1,1,1,2.8284271005549577,4.89992356308932,1.937082052230835,0.3905370235443115
500,8.6,91.16,8.6,1,1,1,2,2.8284132896151415,5.2703580335007825,1.763329267501831,0.23479557037353516
500,8.6,91.16,8.6,1,1,1,3,2.8284256955869713,5.25069024531837,1.6074109077453613,0.32219409942626953
500,8.6,91.16,8.6,1,1,1,4,2.8284152234527045,4.883089370649875,1.8523039817810059,0.3275113105773926
500,8.6,91.16,8.6,1,1,1,5,2.8284271234613723,5.642856257386092,1.7061076164245605,0.42443203926086426
500,8.6,91.16,8.6,1,1,1,6,2.828416799735204,5.163836522394269,1.2524683475494385,0.2581143379211426
500,8.6,91.16,8.6,1,1,1,7,2.828425861991699,5.393534523579044,1.901838779449463,0.35823702812194824
500,8.6,91.16,8.6,1,1,1,8,2.828422272601687,5.063659837162741,1.7089197635650635,0.24172759056091309
500,8.6,91.16,8.6,1,1,1,9,2.8284203871417075,4.806681275571403,1.7695751190185547,0.3786776065826416
500,8.6,91.16,8.6,1,1,1,10,2.8284259274977486,4.930337194894961,2.0068132877349854,0.36148643493652344
500,8.6,91.16,8.6,1,1,1,11,2.828381180103904,4.667558756038735,1.8780951499938965,0.306260347366333
500,8.6,91.16,8.6,1,1,1,12,2.8284268924491234,5.3757426636311845,2.023013114929199,0.28769755363464355
500,8.6,91.16,8.6,1,1,1,13,2.8284238897087453,5.822418432077554,1.7346293926239014,0.25822925567626953
500,8.6,91.16,8.6,1,1,1,14,2.828425987737784,4.6686890980197475,1.6817522048950195,0.4453766345977783
500,8.6,91.16,8.6,1,1,1,15,2.8284267166893415,4.678099711058159,1.7510690689086914,0.37467145919799805
500,8.6,91.16,8.6,1,1,1,16,2.8284227673008204,4.994317634240006,1.57552170753479,0.2670011520385742
500,8.6,91.16,8.6,1,1,1,17,2.8284265769726993,5.033910646055513,1.8650181293487549,0.36212992668151855
500,8.6,91.16,8.6,1,1,1,18,2.8283896310475796,4.699944452810049,1.978388786315918,0.33667850494384766
500,8.6,91.16,8.6,1,1,1,19,2.8284121534851216,5.1443757833325465,1.7214713096618652,0.3690221309661865
500,8.6,91.16,8.6,1,1,1,20,2.828416620036665,5.506621520320954,1.7339954376220703,0.3030245304107666
500,8.6,91.16,8.6,1,1,1,21,2.8284196330713463,4.701327046546229,1.5771524906158447,0.2693767547607422
500,8.6,91.16,8.6,1,1,1,22,2.828425307379155,4.557498196891371,1.7639148235321045,0.3548572063446045
500,8.6,91.16,8.6,1,1,1,23,2.8284110698646616,5.000084362102443,1.690953016281128,0.2776200771331787
500,8.6,91.16,8.6,1,1,1,24,2.828427113187145,5.314149197025642,1.3426663875579834,0.2400205135345459
500,8.8,95.04000000000002,8.8,1,1,1,0,2.8284218431873542,4.406756562216668,1.8644039630889893,0.27573299407958984
500,8.8,95.04000000000002,8.8,1,1,1,1,2.8284197086491574,5.335145842726412,1.7450287342071533,0.26824021339416504
500,8.8,95.04000000000002,8.8,1,1,1,2,2.8284269313589196,4.824904443343488,1.7358267307281494,0.4702730178833008
500,8.8,95.04000000000002,8.8,1,1,1,3,2.8282807056780097,5.029241260713146,1.5777080059051514,0.4369800090789795
500,8.8,95.04000000000002,8.8,1,1,1,4,2.8284257015543095,5.703324660627723,1.4828884601593018,0.22692656517028809
500,8.8,95.04000000000002,8.8,1,1,1,5,2.8284228665210724,4.4040350147741645,1.630767822265625,0.2017214298248291
500,8.8,95.04000000000002,8.8,1,1,1,6,2.8284259555120923,5.46760708228541,1.8552966117858887,0.2929201126098633
500,8.8,95.04000000000002,8.8,1,1,1,7,2.8283033430714526,4.963121502372028,1.9285552501678467,0.30293917655944824
500,8.8,95.04000000000002,8.8,1,1,1,8,2.8283607746297443,4.896793677715928,1.8500161170959473,0.3174912929534912
500,8.8,95.04000000000002,8.8,1,1,1,9,2.8284258972626413,4.678924862845733,1.716998815536499,0.3329501152038574
500,8.8,95.04000000000002,8.8,1,1,1,10,2.828423630836033,4.8500999888141125,2.177687406539917,0.4163045883178711
500,8.8,95.04000000000002,8.8,1,1,1,11,2.82841562489983,4.806781161703755,1.6546766757965088,0.30481863021850586
500,8.8,95.04000000000002,8.8,1,1,1,12,2.828417969757935,4.366523939655037,1.8861758708953857,0.30115318298339844
500,8.8,95.04000000000002,8.8,1,1,1,13,2.8284199912263133,4.6106239247073235,2.1855289936065674,0.256467342376709
500,8.8,95.04000000000002,8.8,1,1,1,14,2.8284270971866907,5.274363710642213,1.7215428352355957,0.350538969039917
500,8.8,95.04000000000002,8.8,1,1,1,15,2.8284061336817685,4.718185867230837,1.5799527168273926,0.25735950469970703
500,8.8,95.04000000000002,8.8,1,1,1,16,2.8284204259601107,5.302432342185622,1.61686372756958,0.3781566619873047
500,8.8,95.04000000000002,8.8,1,1,1,17,2.828421635975352,5.011493191598117,1.917517900466919,0.27913689613342285
500,8.8,95.04000000000002,8.8,1,1,1,18,2.8284266962660265,4.487597013280434,1.7574734687805176,0.3359541893005371
500,8.8,95.04000000000002,8.8,1,1,1,19,2.8284262209683018,4.682060395059594,1.5872869491577148,0.36061882972717285
500,8.8,95.04000000000002,8.8,1,1,1,20,2.82839676852807,4.759554806764124,1.8690426349639893,0.2498157024383545
500,8.8,95.04000000000002,8.8,1,1,1,21,2.8284270163883787,5.545674323210841,1.7656831741333008,0.2671377658843994
500,8.8,95.04000000000002,8.8,1,1,1,22,2.828426813881229,5.052139035852044,1.8307335376739502,0.35102033615112305
500,8.8,95.04000000000002,8.8,1,1,1,23,2.8284260557176126,5.196749654110413,1.651526689529419,0.39066505432128906
500,8.8,95.04000000000002,8.8,1,1,1,24,2.828385340275931,4.797381218925345,1.7718172073364258,0.3186967372894287
500,9.0,99.0,9.0,1,1,1,0,2.8284270821030195,4.4023388487514055,1.5446817874908447,0.3039383888244629
500,9.0,99.0,9.0,1,1,1,1,2.82842182125574,5.672833633958829,1.6719107627868652,0.2717409133911133
500,9.0,99.0,9.0,1,1,1,2,2.8284256652571287,5.0096991051280755,1.8655245304107666,0.3542478084564209
500,9.0,99.0,9.0,1,1,1,3,2.8283698099675902,5.0143833085526754,1.6742501258850098,0.38477277755737305
500,9.0,99.0,9.0,1,1,1,4,2.8284268808319197,5.555361322420355,1.5653719902038574,0.28870654106140137
500,9.0,99.0,9.0,1,1,1,5,2.8284188938832506,5.464603793141036,1.7216777801513672,0.3574979305267334
500,9.0,99.0,9.0,1,1,1,6,2.828409157867414,4.180837482599702,1.5478816032409668,0.24631404876708984
500,9.0,99.0,9.0,1,1,1,7,2.8284264268967543,5.175480230542163,1.8367459774017334,0.2966480255126953
500,9.0,99.0,9.0,1,1,1,8,2.828427011314533,5.288740884109187,1.7866792678833008,0.375748872756958
500,9.0,99.0,9.0,1,1,1,9,2.828418966400646,4.299292999231089,1.5769119262695312,0.3999209403991699
500,9.0,99.0,9.0,1,1,1,10,2.8284269947997136,5.197854284071055,1.4035820960998535,0.3933689594268799
500,9.0,99.0,9.0,1,1,1,11,2.8284068054479587,4.985799273855491,1.591942310333252,0.23762941360473633
500,9.0,99.0,9.0,1,1,1,12,2.8284006807207747,5.402543831796505,1.784085988998413,0.2934427261352539
500,9.0,99.0,9.0,1,1,1,13,2.8284228020364446,5.165189348562389,1.686750888824463,0.33315348625183105
500,9.0,99.0,9.0,1,1,1,14,2.8284167898501984,5.428169783705263,1.605459213256836,0.2443983554840088
500,9.0,99.0,9.0,1,1,1,15,2.8284113130564346,4.971082921651521,1.7188911437988281,0.3473834991455078
500,9.0,99.0,9.0,1,1,1,16,2.8284271013147695,4.822196785010587,1.6225426197052002,0.27424049377441406
500,9.0,99.0,9.0,1,1,1,17,2.8284063453331165,4.1675549768252065,1.5440177917480469,0.21881723403930664
500,9.0,99.0,9.0,1,1,1,18,2.828376420507048,4.506881900187648,1.5502867698669434,0.2461106777191162
500,9.0,99.0,9.0,1,1,1,19,2.828427108926731,4.9562413544227155,1.8265550136566162,0.3402681350708008
500,9.0,99.0,9.0,1,1,1,20,2.8284227566934987,5.023847589432534,1.8194098472595215,0.39452195167541504
500,9.0,99.0,9.0,1,1,1,21,2.8284121736304133,4.728335354191515,1.6433789730072021,0.40053701400756836
500,9.0,99.0,9.0,1,1,1,22,2.828426915487916,6.663681477682065,1.6680705547332764,0.345595121383667
500,9.0,99.0,9.0,1,1,1,23,2.82842409455207,5.309073732783289,1.5197415351867676,0.2789723873138428
500,9.0,99.0,9.0,1,1,1,24,2.828414648262159,4.719465583522292,1.802525281906128,0.319399356842041
500,9.200000000000001,103.04000000000002,9.200000000000001,1,1,1,0,2.8284247639280635,4.7143853817311525,1.3738415241241455,0.30872654914855957
500,9.200000000000001,103.04000000000002,9.200000000000001,1,1,1,1,2.8284248387871824,4.359710955992093,1.800175428390503,0.44165658950805664
500,9.200000000000001,103.04000000000002,9.200000000000001,1,1,1,2,2.8284261817231604,5.579286599946722,2.102271795272827,0.3416116237640381
500,9.200000000000001,103.04000000000002,9.200000000000001,1,1,1,3,2.828425669354341,5.416360280022033,1.5236015319824219,0.392850399017334
500,9.200000000000001,103.04000000000002,9.200000000000001,1,1,1,4,2.8284268753060675,5.128660539695545,1.8498783111572266,0.2724435329437256
500,9.200000000000001,103.04000000000002,9.200000000000001,1,1,1,5,2.828419706914282,5.1000975185792585,2.079805374145508,0.2785305976867676
500,9.200000000000001,103.04000000000002,9.200000000000001,1,1,1,6,2.8284271051482994,4.61095536402644,1.6298446655273438,0.3279764652252197
500,9.200000000000001,103.04000000000002,9.200000000000001,1,1,1,7,2.828426774094943,4.6488211487125435,1.9142413139343262,0.27401089668273926
500,9.200000000000001,103.04000000000002,9.200000000000001,1,1,1,8,2.8284271240397687,5.352776383539749,1.480201005935669,0.2954750061035156
500,9.200000000000001,103.04000000000002,9.200000000000001,1,1,1,9,2.8284241189390844,5.218438678587474,2.031576156616211,0.254197359085083
500,9.200000000000001,103.04000000000002,9.200000000000001,1,1,1,10,2.828421839580621,5.734091504560428,1.437180995941162,0.1936047077178955
500,9.200000000000001,103.04000000000002,9.200000000000001,1,1,1,11,2.8284264216843624,6.526745336634649,1.5988922119140625,0.28692126274108887
500,9.200000000000001,103.04000000000002,9.200000000000001,1,1,1,12,2.828427053834791,4.566000640637955,1.656731128692627,0.3501605987548828
500,9.200000000000001,103.04000000000002,9.200000000000001,1,1,1,13,2.828427007002285,5.738799025429288,1.5471680164337158,0.34859585762023926
500,9.200000000000001,103.04000000000002,9.200000000000001,1,1,1,14,2.8284124588568753,4.909603563298811,1.7448854446411133,0.31957173347473145
500,9.200000000000001,103.04000000000002,9.200000000000001,1,1,1,15,2.8283915536974606,5.294253642930805,1.6583399772644043,0.20654797554016113
500,9.200000000000001,103.04000000000002,9.200000000000001,1,1,1,16,2.8283861501047762,4.71079888792685,1.6685352325439453,0.24527883529663086
500,9.200000000000001,103.04000000000002,9.200000000000001,1,1,1,17,2.8284059564380226,4.707138533361722,1.77921462059021,0.40321803092956543
500,9.200000000000001,103.04000000000002,9.200000000000001,1,1,1,18,2.8284262856871685,4.116221474976289,1.5422134399414062,0.33728885650634766
500,9.200000000000001,103.04000000000002,9.200000000000001,1,1,1,19,2.8284236794158315,5.151358596068568,1.5238466262817383,0.27301692962646484
500,9.200000000000001,103.04000000000002,9.200000000000001,1,1,1,20,2.828422891742346,4.988920110332313,1.4581429958343506,0.27907824516296387
500,9.200000000000001,103.04000000000002,9.200000000000001,1,1,1,21,2.8284075878546338,5.930301448618344,1.9657704830169678,0.25934839248657227
500,9.200000000000001,103.04000000000002,9.200000000000001,1,1,1,22,2.82840463820654,4.664598872354437,2.0516180992126465,0.30057859420776367
500,9.200000000000001,103.04000000000002,9.200000000000001,1,1,1,23,2.828355834056948,4.753355398688193,1.7428197860717773,0.31914782524108887
500,9.200000000000001,103.04000000000002,9.200000000000001,1,1,1,24,2.8284266168812375,5.602625242606727,1.7395851612091064,0.22655367851257324
500,9.4,107.16000000000001,9.4,1,1,1,0,2.8284213689512816,4.919711921021887,1.709709882736206,0.3449680805206299
500,9.4,107.16000000000001,9.4,1,1,1,1,2.828417662563286,5.0897721751057485,1.590744972229004,0.28360772132873535
500,9.4,107.16000000000001,9.4,1,1,1,2,2.8284262444150783,4.76578077988499,1.7383761405944824,0.24381017684936523
500,9.4,107.16000000000001,9.4,1,1,1,3,2.828424090763712,5.7373177977105225,1.7982380390167236,0.2381281852722168
500,9.4,107.16000000000001,9.4,1,1,1,4,2.8284258603004577,5.008004254881236,1.7110686302185059,0.23189616203308105
500,9.4,107.16000000000001,9.4,1,1,1,5,2.8284181599962785,6.427071978107865,1.527284860610962,0.23599720001220703
500,9.4,107.16000000000001,9.4,1,1,1,6,2.8283471170326018,5.019054755981109,1.902801752090454,0.35927581787109375
500,9.4,107.16000000000001,9.4,1,1,1,7,2.8284239575997896,5.623979020861624,1.6078405380249023,0.25235867500305176
500,9.4,107.16000000000001,9.4,1,1,1,8,2.8283968237827715,6.625793113036331,1.7316007614135742,0.2896606922149658
500,9.4,107.16000000000001,9.4,1,1,1,9,2.828225833859347,4.765444036044148,1.785651445388794,0.35353517532348633
500,9.4,107.16000000000001,9.4,1,1,1,10,2.8284269807782394,4.501165376604847,1.3721435070037842,0.2175760269165039
500,9.4,107.16000000000001,9.4,1,1,1,11,2.828425597938248,5.50369708220683,1.7214348316192627,0.3465423583984375
500,9.4,107.16000000000001,9.4,1,1,1,12,2.8284242519625535,4.466981471337557,1.8429954051971436,0.3790926933288574
500,9.4,107.16000000000001,9.4,1,1,1,13,2.828424624778338,5.246149575954531,1.7107491493225098,0.26357126235961914
500,9.4,107.16000000000001,9.4,1,1,1,14,2.828401132927912,4.909660866289061,1.7393667697906494,0.3175022602081299
500,9.4,107.16000000000001,9.4,1,1,1,15,2.8284157224530664,5.4625398374316365,1.560420274734497,0.2879335880279541
500,9.4,107.16000000000001,9.4,1,1,1,16,2.828426164783387,4.40503375753526,2.1041390895843506,0.3388404846191406
500,9.4,107.16000000000001,9.4,1,1,1,17,2.8284138344165974,4.264212553668853,1.9314489364624023,0.2625434398651123
500,9.4,107.16000000000001,9.4,1,1,1,18,2.8284267963908207,5.114850908653029,1.499053716659546,0.3451805114746094
500,9.4,107.16000000000001,9.4,1,1,1,19,2.828425922285789,5.295215713297689,1.2189440727233887,0.22323966026306152
500,9.4,107.16000000000001,9.4,1,1,1,20,2.828426462797278,5.227133097457639,1.5977187156677246,0.3768744468688965
500,9.4,107.16000000000001,9.4,1,1,1,21,2.8284237500895273,4.827970369505322,1.947571039199829,0.31825923919677734
500,9.4,107.16000000000001,9.4,1,1,1,22,2.828421255029835,4.612179471406893,2.0269839763641357,0.21933984756469727
500,9.4,107.16000000000001,9.4,1,1,1,23,2.8284265693177764,5.3830740830478065,1.706407070159912,0.2551548480987549
500,9.4,107.16000000000001,9.4,1,1,1,24,2.8284270330203674,5.607409397384583,1.8810768127441406,0.4047229290008545
500,9.600000000000001,111.36000000000003,9.600000000000001,1,1,1,0,2.828426657444921,5.3073473227751515,1.5759758949279785,0.36278748512268066
500,9.600000000000001,111.36000000000003,9.600000000000001,1,1,1,1,2.828378657999991,4.909554483923879,1.1115400791168213,0.12152981758117676
500,9.600000000000001,111.36000000000003,9.600000000000001,1,1,1,2,2.828423455650199,5.1195495728624305,1.0989935398101807,0.1811227798461914
500,9.600000000000001,111.36000000000003,9.600000000000001,1,1,1,3,2.828406239663246,6.445433349646184,0.8799288272857666,0.18924212455749512
500,9.600000000000001,111.36000000000003,9.600000000000001,1,1,1,4,2.8284269801249238,4.00810627128073,0.6676030158996582,0.12094330787658691
500,9.600000000000001,111.36000000000003,9.600000000000001,1,1,1,5,2.82839029213224,4.91965650664871,1.1574106216430664,0.1620492935180664
500,9.600000000000001,111.36000000000003,9.600000000000001,1,1,1,6,2.828427089923553,4.8628576076767525,0.9059915542602539,0.196821928024292
500,9.600000000000001,111.36000000000003,9.600000000000001,1,1,1,7,2.828419552051126,4.830707527841707,0.3303995132446289,0.06531691551208496
500,9.600000000000001,111.36000000000003,9.600000000000001,1,1,1,8,2.828427112276195,4.9558766400385315,0.30162692070007324,0.05949544906616211
500,9.600000000000001,111.36000000000003,9.600000000000001,1,1,1,9,2.8282502259125457,4.646908725258585,0.311495304107666,0.05600571632385254
500,9.600000000000001,111.36000000000003,9.600000000000001,1,1,1,10,2.8284226113550477,4.569066903977897,0.3831295967102051,0.10151863098144531
500,9.600000000000001,111.36000000000003,9.600000000000001,1,1,1,11,2.828424605240499,5.153628202710946,0.5485212802886963,0.10183882713317871
500,9.600000000000001,111.36000000000003,9.600000000000001,1,1,1,12,2.8284271190887047,5.087672828595094,0.49471521377563477,0.08905839920043945
500,9.600000000000001,111.36000000000003,9.600000000000001,1,1,1,13,2.828427082006518,5.305297698546968,0.5072691440582275,0.10704660415649414
500,9.600000000000001,111.36000000000003,9.600000000000001,1,1,1,14,2.828420096050656,4.461470861195726,0.46622204780578613,0.10250139236450195
500,9.600000000000001,111.36000000000003,9.600000000000001,1,1,1,15,2.8284266095681345,4.308136066155855,0.47164463996887207,0.10607075691223145
500,9.600000000000001,111.36000000000003,9.600000000000001,1,1,1,16,2.828425113889598,5.217843253750316,0.5851938724517822,0.1305243968963623
500,9.600000000000001,111.36000000000003,9.600000000000001,1,1,1,17,2.828399754108482,4.793429541654507,0.7872645854949951,0.1305389404296875
500,9.600000000000001,111.36000000000003,9.600000000000001,1,1,1,18,2.8284094818951933,5.324589763814149,0.47960901260375977,0.10461974143981934
500,9.600000000000001,111.36000000000003,9.600000000000001,1,1,1,19,2.8284264780653023,6.1318396321198545,0.4876549243927002,0.10249972343444824
500,9.600000000000001,111.36000000000003,9.600000000000001,1,1,1,20,2.8284238471717686,5.068117705794317,0.48981332778930664,0.11353731155395508
500,9.600000000000001,111.36000000000003,9.600000000000001,1,1,1,21,2.82842518630694,5.449414318788208,0.5446341037750244,0.13157963752746582
500,9.600000000000001,111.36000000000003,9.600000000000001,1,1,1,22,2.8283921854337732,5.417939772603646,0.625389814376831,0.09553933143615723
500,9.600000000000001,111.36000000000003,9.600000000000001,1,1,1,23,2.8284271244524724,4.853661724539033,0.472012996673584,0.10149931907653809
500,9.600000000000001,111.36000000000003,9.600000000000001,1,1,1,24,2.8284266907349247,5.602662309892179,0.49237608909606934,0.09954190254211426
500,9.8,115.64000000000001,9.8,1,1,1,0,2.828427010066816,5.338169939152859,0.4848184585571289,0.10736703872680664
500,9.8,115.64000000000001,9.8,1,1,1,1,2.828426580981305,4.638488029498738,0.4683356285095215,0.09780645370483398
500,9.8,115.64000000000001,9.8,1,1,1,2,2.8284155231292227,4.424976725396908,0.5323519706726074,0.13481760025024414
500,9.8,115.64000000000001,9.8,1,1,1,3,2.828306164488787,4.873120374347559,0.6196720600128174,0.0925147533416748
500,9.8,115.64000000000001,9.8,1,1,1,4,2.82841274085952,5.091787689077843,0.44811320304870605,0.0998237133026123
500,9.8,115.64000000000001,9.8,1,1,1,5,2.8284259592252896,4.258036959687414,0.45514416694641113,0.09103012084960938
500,9.8,115.64000000000001,9.8,1,1,1,6,2.8284243216452385,5.194694507317125,0.48149538040161133,0.09663844108581543
500,9.8,115.64000000000001,9.8,1,1,1,7,2.8284167786253875,5.773884040148128,0.4724416732788086,0.09141802787780762
500,9.8,115.64000000000001,9.8,1,1,1,8,2.8284170457467086,5.350180836705923,0.5918490886688232,0.12926506996154785
500,9.8,115.64000000000001,9.8,1,1,1,9,2.828415248405211,5.376700650595198,0.49890995025634766,0.09505391120910645
500,9.8,115.64000000000001,9.8,1,1,1,10,2.8283894744664724,5.195930474467628,0.4602322578430176,0.09248137474060059
500,9.8,115.64000000000001,9.8,1,1,1,11,2.8284059468305456,4.597815023245602,0.4638557434082031,0.09442782402038574
500,9.8,115.64000000000001,9.8,1,1,1,12,2.8284186097666466,5.262708752559468,0.47231578826904297,0.08959817886352539
500,9.8,115.64000000000001,9.8,1,1,1,13,2.828415730784947,6.16565483102304,0.5420899391174316,0.1205146312713623
500,9.8,115.64000000000001,9.8,1,1,1,14,2.8284229469865476,4.332921747156431,0.8416330814361572,0.15820932388305664
500,9.8,115.64000000000001,9.8,1,1,1,15,2.82842707969733,5.8455117768848845,0.477222204208374,0.09863972663879395
500,9.8,115.64000000000001,9.8,1,1,1,16,2.828425733460956,5.649163467098616,0.4935126304626465,0.10162687301635742
500,9.8,115.64000000000001,9.8,1,1,1,17,2.8284156443710193,4.989786167444329,0.4994223117828369,0.11262655258178711
500,9.8,115.64000000000001,9.8,1,1,1,18,2.828420075210237,6.653613041510494,0.48999452590942383,0.09661388397216797
500,9.8,115.64000000000001,9.8,1,1,1,19,2.828400367743748,4.582451779680913,0.6222155094146729,0.13395071029663086
500,9.8,115.64000000000001,9.8,1,1,1,20,2.828426601742698,4.837798190672802,0.5518007278442383,0.10361957550048828
500,9.8,115.64000000000001,9.8,1,1,1,21,2.828403232527189,5.2483509721654285,0.47844648361206055,0.09861874580383301
500,9.8,115.64000000000001,9.8,1,1,1,22,2.8284213965482596,5.581512700170555,0.48966169357299805,0.10265755653381348
500,9.8,115.64000000000001,9.8,1,1,1,23,2.8284271235066782,5.347986265851791,0.49233460426330566,0.09342288970947266
500,9.8,115.64000000000001,9.8,1,1,1,24,2.82842511239297,6.1765317888302125,0.45249438285827637,0.09534955024719238
