n,s1,1_p_s2,s2,beta,q,sqrt_q,rep_no,eigen_mat_rerr,eigen_mat_terr,eigen_mat_ev_time,eigen_mat_cal_translation_time
500,0.0,3,1,1,1,1,0,0.05912515751429914,0.12092658506346717,0.3393058776855469,0.0634927749633789
500,0.0,3,1,1,1,1,1,0.06287572360513045,0.15534789174705946,0.34189867973327637,0.07521629333496094
500,0.0,3,1,1,1,1,2,0.05805517458817807,0.15198161906716018,0.40061354637145996,0.0750739574432373
500,0.0,3,1,1,1,1,3,0.06528039506829193,0.11623268798980678,0.31325268745422363,0.05300331115722656
500,0.0,3,1,1,1,1,4,0.060877153158413966,0.11852830521938008,0.5255305767059326,0.0980684757232666
500,0.0,3,1,1,1,1,5,0.059474577596149776,0.13748116891879672,0.5270042419433594,0.1125187873840332
500,0.0,3,1,1,1,1,6,0.05722215367099279,0.14758776516139485,0.49649858474731445,0.11791586875915527
500,0.0,3,1,1,1,1,7,0.06126026893163834,0.13996626904580783,0.4756498336791992,0.0880286693572998
500,0.0,3,1,1,1,1,8,0.061158307769435136,0.12365511280006597,0.5116872787475586,0.10771560668945312
500,0.0,3,1,1,1,1,9,0.05979726508557852,0.1196355049063178,0.5208945274353027,0.10981941223144531
500,0.0,3,1,1,1,1,10,0.05733122906922737,0.13796784553618255,0.47721290588378906,0.10675668716430664
500,0.0,3,1,1,1,1,11,0.05933770248617013,0.14077897400886666,0.6130404472351074,0.13713860511779785
500,0.0,3,1,1,1,1,12,0.06107376448738901,0.13075020008354282,0.6545288562774658,0.12122821807861328
500,0.0,3,1,1,1,1,13,0.0618391810490811,0.11778839075246607,0.5195913314819336,0.09712505340576172
500,0.0,3,1,1,1,1,14,0.06283358223621906,0.1271760548316197,0.4805173873901367,0.09557080268859863
500,0.0,3,1,1,1,1,15,0.06693740345973939,0.13717321352652043,0.5203723907470703,0.10730767250061035
500,0.0,3,1,1,1,1,16,0.059324375529079175,0.14360994691614054,0.47574424743652344,0.10649847984313965
500,0.0,3,1,1,1,1,17,0.06032179321246275,0.10942115160979178,0.5627944469451904,0.12721824645996094
500,0.0,3,1,1,1,1,18,0.07516642731188816,0.1259984834740117,0.4602854251861572,0.09432363510131836
500,0.0,3,1,1,1,1,19,0.06512165530500044,0.1391151501095952,0.4708278179168701,0.10161852836608887
500,0.0,3,1,1,1,1,20,0.06204689549513367,0.1258242641979296,0.47893333435058594,0.09353351593017578
500,0.0,3,1,1,1,1,21,0.06587538899161446,0.1360030044496349,0.5460419654846191,0.09363865852355957
500,0.0,3,1,1,1,1,22,0.05717488033207938,0.1448632239691079,0.5293774604797363,0.10569977760314941
500,0.0,3,1,1,1,1,23,0.0531559838811048,0.14229011371108116,0.754589319229126,0.154005765914917
500,0.0,3,1,1,1,1,24,0.05760177847938945,0.13149895612541168,0.5063784122467041,0.10563039779663086
500,0.2,3,1,1,1,1,0,0.06114399520820741,0.1291768959031776,0.4623398780822754,0.09737324714660645
500,0.2,3,1,1,1,1,1,0.06821323656505739,0.12581977141879333,0.5253667831420898,0.09462785720825195
500,0.2,3,1,1,1,1,2,0.0634823895177911,0.13244904683750547,0.5170559883117676,0.09560823440551758
500,0.2,3,1,1,1,1,3,0.07424166584969012,0.11520005325319778,0.518390417098999,0.1262357234954834
500,0.2,3,1,1,1,1,4,0.060981724478579594,0.14773948314983676,0.5988912582397461,0.13701939582824707
500,0.2,3,1,1,1,1,5,0.06695250789058284,0.1321685565905322,0.4770784378051758,0.09963679313659668
500,0.2,3,1,1,1,1,6,0.07109197247296922,0.11967926074312946,0.4418911933898926,0.09459590911865234
500,0.2,3,1,1,1,1,7,0.06337272964594988,0.16206367101743155,0.4860658645629883,0.09903478622436523
500,0.2,3,1,1,1,1,8,0.0696552026492608,0.14195990444937515,0.4946446418762207,0.10851931571960449
500,0.2,3,1,1,1,1,9,0.05707260540602329,0.11759074852158004,0.49033641815185547,0.13305234909057617
500,0.2,3,1,1,1,1,10,0.07625578640779382,0.14196926890816325,0.5227160453796387,0.09050130844116211
500,0.2,3,1,1,1,1,11,0.06607768773424479,0.13818895265681733,0.47604990005493164,0.09704160690307617
500,0.2,3,1,1,1,1,12,0.0699088516925989,0.17739300756024118,0.5082552433013916,0.1131441593170166
500,0.2,3,1,1,1,1,13,0.06026583825378534,0.14128019316681506,0.4757816791534424,0.11050128936767578
500,0.2,3,1,1,1,1,14,0.06064468310215243,0.11579025317423282,0.5792701244354248,0.11926484107971191
500,0.2,3,1,1,1,1,15,0.0646148898247216,0.1549432661211665,0.48041415214538574,0.09643983840942383
500,0.2,3,1,1,1,1,16,0.0666813802969788,0.12301356126775413,0.4561924934387207,0.0885164737701416
500,0.2,3,1,1,1,1,17,0.06920844381182177,0.11500146604146508,0.4590907096862793,0.08851838111877441
500,0.2,3,1,1,1,1,18,0.06224790335333112,0.11664713293040586,0.5102238655090332,0.11652350425720215
500,0.2,3,1,1,1,1,19,0.06154076693439241,0.16235521325676677,0.5331435203552246,0.10924243927001953
500,0.2,3,1,1,1,1,20,0.06847030039651804,0.11558927719910067,0.8448967933654785,0.16408276557922363
500,0.2,3,1,1,1,1,21,0.06960262682489955,0.13918445945459687,0.5162043571472168,0.11554574966430664
500,0.2,3,1,1,1,1,22,0.06426173867918289,0.14278183671385478,0.5311474800109863,0.0995168685913086
500,0.2,3,1,1,1,1,23,0.06529369132114257,0.1114715447755915,0.5081238746643066,0.10049962997436523
500,0.2,3,1,1,1,1,24,0.07110906924540163,0.1499058484449716,0.5027420520782471,0.10548067092895508
500,0.4,3,1,1,1,1,0,0.07718265728762365,0.12422318876985691,0.668748140335083,0.1115267276763916
500,0.4,3,1,1,1,1,1,0.06718673435221245,0.12428825174335485,0.47808074951171875,0.10193228721618652
500,0.4,3,1,1,1,1,2,0.07178037249766224,0.11405603619946511,0.5259580612182617,0.1035163402557373
500,0.4,3,1,1,1,1,3,0.07120413164705551,0.11736457966618291,0.519890546798706,0.10450172424316406
500,0.4,3,1,1,1,1,4,0.06878462110972845,0.14224539154628227,0.4999418258666992,0.09952044486999512
500,0.4,3,1,1,1,1,5,0.07390423124696223,0.12529922196208915,0.5162622928619385,0.11452078819274902
500,0.4,3,1,1,1,1,6,0.08451560950367991,0.13571494859631913,0.580188512802124,0.11552953720092773
500,0.4,3,1,1,1,1,7,0.07081900284685319,0.15570877007851142,0.48012423515319824,0.09316277503967285
500,0.4,3,1,1,1,1,8,0.0718595535137141,0.1392746261755296,0.51051926612854,0.10143113136291504
500,0.4,3,1,1,1,1,9,0.09556792130102193,0.13239138719188082,0.4730033874511719,0.10064840316772461
500,0.4,3,1,1,1,1,10,0.08093548073641893,0.15128373695823177,0.47478270530700684,0.09926700592041016
500,0.4,3,1,1,1,1,11,0.06770337189090551,0.13577740028146948,0.5112488269805908,0.13008332252502441
500,0.4,3,1,1,1,1,12,0.06309485880773012,0.1321509915971462,0.6763966083526611,0.10699820518493652
500,0.4,3,1,1,1,1,13,0.07430614180907896,0.11935774248105943,0.47792792320251465,0.10001492500305176
500,0.4,3,1,1,1,1,14,0.07073165524458294,0.13711867342900308,0.5470895767211914,0.10935068130493164
500,0.4,3,1,1,1,1,15,0.07049989227464923,0.13272730467433388,0.6103031635284424,0.14540600776672363
500,0.4,3,1,1,1,1,16,0.07208603657645163,0.12466718113053557,0.5619401931762695,0.10824108123779297
500,0.4,3,1,1,1,1,17,0.07240815142981007,0.12238429517782497,0.5689494609832764,0.12540602684020996
500,0.4,3,1,1,1,1,18,0.06584139008111338,0.14181226328110727,0.4544804096221924,0.08993721008300781
500,0.4,3,1,1,1,1,19,0.07510006950457256,0.14166986963617348,0.47235631942749023,0.10051989555358887
500,0.4,3,1,1,1,1,20,0.07722517089695957,0.1199297702365819,0.4715278148651123,0.10682034492492676
500,0.4,3,1,1,1,1,21,0.0836634920148406,0.15108114317023077,0.4647667407989502,0.08909273147583008
500,0.4,3,1,1,1,1,22,0.07481577181890145,0.1251411000575208,0.5380542278289795,0.11342358589172363
500,0.4,3,1,1,1,1,23,0.07288067140242464,0.14347641369969158,0.6594269275665283,0.12440633773803711
500,0.4,3,1,1,1,1,24,0.07965265443924867,0.1379615060092176,0.49297189712524414,0.09279513359069824
500,0.6000000000000001,3,1,1,1,1,0,0.10147021262544373,0.15802553208511233,0.47327089309692383,0.10148143768310547
500,0.6000000000000001,3,1,1,1,1,1,0.0825641808276417,0.1278312123488392,0.49468231201171875,0.10352444648742676
500,0.6000000000000001,3,1,1,1,1,2,0.07975989078069264,0.14085866199998626,0.4508063793182373,0.10291242599487305
500,0.6000000000000001,3,1,1,1,1,3,0.09173018093391552,0.14595338302306302,0.5831103324890137,0.13080620765686035
500,0.6000000000000001,3,1,1,1,1,4,0.08962119450238364,0.12086483232454015,0.48585057258605957,0.10514450073242188
500,0.6000000000000001,3,1,1,1,1,5,0.0829824977150922,0.12851413239819698,0.46579504013061523,0.09359383583068848
500,0.6000000000000001,3,1,1,1,1,6,0.08131780491168963,0.11621512425868404,0.4384903907775879,0.11206912994384766
500,0.6000000000000001,3,1,1,1,1,7,0.08978457157479808,0.13004868964211122,0.46413350105285645,0.09424638748168945
500,0.6000000000000001,3,1,1,1,1,8,0.07859271945030177,0.13526743709576217,0.5557632446289062,0.11029386520385742
500,0.6000000000000001,3,1,1,1,1,9,0.08989679773446117,0.14147935119876623,0.638375997543335,0.09239745140075684
500,0.6000000000000001,3,1,1,1,1,10,0.08792545676509886,0.11959586419400722,0.6407332420349121,0.10797929763793945
500,0.6000000000000001,3,1,1,1,1,11,0.0752537080332777,0.14828757030490256,0.6138241291046143,0.11751174926757812
500,0.6000000000000001,3,1,1,1,1,12,0.08745064234882287,0.13951011639743116,0.564199686050415,0.10190868377685547
500,0.6000000000000001,3,1,1,1,1,13,0.09371511910140427,0.16084472857813004,0.5806519985198975,0.11562204360961914
500,0.6000000000000001,3,1,1,1,1,14,0.08922847574237101,0.12979098993613683,0.6831619739532471,0.11959314346313477
500,0.6000000000000001,3,1,1,1,1,15,0.08812883217836691,0.14819789020049332,0.5885725021362305,0.08207082748413086
500,0.6000000000000001,3,1,1,1,1,16,0.09602368122728475,0.13054593414650922,0.5319423675537109,0.08622956275939941
500,0.6000000000000001,3,1,1,1,1,17,0.0815295177881892,0.14054713407998892,0.526029109954834,0.09258198738098145
500,0.6000000000000001,3,1,1,1,1,18,0.10127166093562279,0.12886056356725523,0.5712621212005615,0.08662033081054688
500,0.6000000000000001,3,1,1,1,1,19,0.08514973814886077,0.1386927458009627,0.7554669380187988,0.13173794746398926
500,0.6000000000000001,3,1,1,1,1,20,0.10449409601198793,0.14644217219174405,0.5842635631561279,0.09345555305480957
500,0.6000000000000001,3,1,1,1,1,21,0.07577557644519003,0.11705447676230343,0.5197062492370605,0.0993340015411377
500,0.6000000000000001,3,1,1,1,1,22,0.08865086933580557,0.132977345751538,0.5564682483673096,0.10202550888061523
500,0.6000000000000001,3,1,1,1,1,23,0.08911592778778214,0.1313678781956068,0.6291403770446777,0.10898184776306152
500,0.6000000000000001,3,1,1,1,1,24,0.08246069670355562,0.13600589196807314,0.602088212966919,0.12268400192260742
500,0.8,3,1,1,1,1,0,0.10275559395173024,0.12699088121610938,0.6607258319854736,0.11720585823059082
500,0.8,3,1,1,1,1,1,0.10570756126148499,0.14458428187648736,0.6134533882141113,0.08351898193359375
500,0.8,3,1,1,1,1,2,0.10265775709732135,0.16786845899440686,0.5616195201873779,0.08533263206481934
500,0.8,3,1,1,1,1,3,0.12133038324360514,0.13738924800254723,0.5477838516235352,0.09758496284484863
500,0.8,3,1,1,1,1,4,0.12170503528675113,0.14388526851906008,0.5680520534515381,0.11068367958068848
500,0.8,3,1,1,1,1,5,0.12400448400691785,0.1526933215077749,0.8797342777252197,0.16034269332885742
500,0.8,3,1,1,1,1,6,0.1071184169639435,0.15030962700121214,0.5608668327331543,0.09949612617492676
500,0.8,3,1,1,1,1,7,0.09469104480269058,0.16757572104951693,0.5366506576538086,0.10169243812561035
500,0.8,3,1,1,1,1,8,0.11676667142111342,0.14128997535456014,0.5296342372894287,0.10970163345336914
500,0.8,3,1,1,1,1,9,0.09998503105252955,0.12380565125013526,0.5655241012573242,0.11965656280517578
500,0.8,3,1,1,1,1,10,0.09700869350993924,0.12056029905275943,0.6117005348205566,0.14072942733764648
500,0.8,3,1,1,1,1,11,0.09314781773992742,0.12991916903505552,0.6356194019317627,0.1334085464477539
500,0.8,3,1,1,1,1,12,0.10939824719846554,0.12500886784909127,0.5246033668518066,0.11266231536865234
500,0.8,3,1,1,1,1,13,0.1218066137594838,0.14197671852226149,0.6363749504089355,0.09235453605651855
500,0.8,3,1,1,1,1,14,0.09541946519619857,0.15851022483474012,0.5746264457702637,0.08646965026855469
500,0.8,3,1,1,1,1,15,0.09181043619842727,0.12113308308635212,0.5876657962799072,0.10963010787963867
500,0.8,3,1,1,1,1,16,0.11351745140652857,0.1389759398269651,0.7201416492462158,0.1276109218597412
500,0.8,3,1,1,1,1,17,0.11314741502701361,0.14617386813178523,0.58880615234375,0.0794515609741211
500,0.8,3,1,1,1,1,18,0.10371908376363462,0.12699991216588513,0.5715041160583496,0.104705810546875
500,0.8,3,1,1,1,1,19,0.11725185076519705,0.13386231423267744,0.5407884120941162,0.09955310821533203
500,0.8,3,1,1,1,1,20,0.12453511789785215,0.11534773292336992,0.5516843795776367,0.12227368354797363
500,0.8,3,1,1,1,1,21,0.10455133672519418,0.12831481476407935,0.6582045555114746,0.11159563064575195
500,0.8,3,1,1,1,1,22,0.10139089106083352,0.12574653555797968,0.6632876396179199,0.11963391304016113
500,0.8,3,1,1,1,1,23,0.11029968159935094,0.1535329295328163,0.5271100997924805,0.09757781028747559
500,0.8,3,1,1,1,1,24,0.12231294469556803,0.13132942535272885,0.5832111835479736,0.09748506546020508
500,1.0,3,1,1,1,1,0,0.13060585125251564,0.12376605451593391,0.6412224769592285,0.11372613906860352
500,1.0,3,1,1,1,1,1,0.12760804975260104,0.14421486736762248,0.7589461803436279,0.14225006103515625
500,1.0,3,1,1,1,1,2,0.14342268042800857,0.14392775555687054,0.622692346572876,0.1257009506225586
500,1.0,3,1,1,1,1,3,0.13590081171620833,0.14106384754724968,0.5250799655914307,0.12431097030639648
500,1.0,3,1,1,1,1,4,0.15250345555338846,0.1513822311630602,0.5479137897491455,0.1283104419708252
500,1.0,3,1,1,1,1,5,0.1257921102043734,0.14013998786185256,0.5519766807556152,0.08398318290710449
500,1.0,3,1,1,1,1,6,0.12837825020004087,0.13072422403685685,0.5970375537872314,0.10995984077453613
500,1.0,3,1,1,1,1,7,0.12369930391886917,0.14013220553068728,0.6685061454772949,0.11822724342346191
500,1.0,3,1,1,1,1,8,0.13014900476820127,0.18480613970536328,0.5200686454772949,0.10145020484924316
500,1.0,3,1,1,1,1,9,0.1208368534051309,0.1300226566902863,0.5135009288787842,0.13521194458007812
500,1.0,3,1,1,1,1,10,0.13494299488393247,0.15441797789701625,0.5266120433807373,0.10863041877746582
500,1.0,3,1,1,1,1,11,0.13875064321535796,0.1711853130521625,0.5329644680023193,0.0969851016998291
500,1.0,3,1,1,1,1,12,0.1199369565560196,0.14184636644866686,0.6549491882324219,0.13657808303833008
500,1.0,3,1,1,1,1,13,0.1206205858211965,0.1372668795172753,0.72218918800354,0.10970473289489746
500,1.0,3,1,1,1,1,14,0.13777347977228033,0.13675064956266086,0.5504767894744873,0.08148622512817383
500,1.0,3,1,1,1,1,15,0.13068182938460246,0.13410606994983265,0.5912079811096191,0.10194110870361328
500,1.0,3,1,1,1,1,16,0.1380530119557038,0.16468975712945935,0.617196798324585,0.08770346641540527
500,1.0,3,1,1,1,1,17,0.13371146777434237,0.1478143291513037,0.6584727764129639,0.0847008228302002
500,1.0,3,1,1,1,1,18,0.11315740286254523,0.13542846877916184,0.7621839046478271,0.12110161781311035
500,1.0,3,1,1,1,1,19,0.11893952704051496,0.14188215154466738,0.5615971088409424,0.08657383918762207
500,1.0,3,1,1,1,1,20,0.13347028802995373,0.14599589016480183,0.5599532127380371,0.12595891952514648
500,1.0,3,1,1,1,1,21,0.11911189141068756,0.15052865284304864,0.6325418949127197,0.1148538589477539
500,1.0,3,1,1,1,1,22,0.1422102916163471,0.14622620518454274,0.5586757659912109,0.12070035934448242
500,1.0,3,1,1,1,1,23,0.11311462709322,0.15736785913707382,0.5877029895782471,0.1523573398590088
500,1.0,3,1,1,1,1,24,0.1291599302402186,0.12801100628872797,0.48640894889831543,0.1220865249633789
500,1.2000000000000002,3,1,1,1,1,0,0.14308399060622146,0.14780795647509856,0.5171623229980469,0.1005094051361084
500,1.2000000000000002,3,1,1,1,1,1,0.14870238927042448,0.20046264510397677,0.5312702655792236,0.11306548118591309
500,1.2000000000000002,3,1,1,1,1,2,0.1504054462121558,0.1566153179236538,0.515575647354126,0.11805272102355957
500,1.2000000000000002,3,1,1,1,1,3,0.15708179602209235,0.1451614686965651,0.611398458480835,0.13415288925170898
500,1.2000000000000002,3,1,1,1,1,4,0.1376478307431353,0.13946158559602187,0.6693530082702637,0.13446474075317383
500,1.2000000000000002,3,1,1,1,1,5,0.16411531586600503,0.17096487079553413,0.5448079109191895,0.09471654891967773
500,1.2000000000000002,3,1,1,1,1,6,0.13248649961089898,0.13228542504022003,0.5077004432678223,0.12619519233703613
500,1.2000000000000002,3,1,1,1,1,7,0.1590724423759428,0.13661339680196255,0.5249576568603516,0.11606478691101074
500,1.2000000000000002,3,1,1,1,1,8,0.16521268584416426,0.13352433814050976,0.5759670734405518,0.14305782318115234
500,1.2000000000000002,3,1,1,1,1,9,0.13397743056576003,0.17337882940946286,0.5480554103851318,0.09202241897583008
500,1.2000000000000002,3,1,1,1,1,10,0.14077896763853842,0.17422287349168886,0.48459839820861816,0.10551571846008301
500,1.2000000000000002,3,1,1,1,1,11,0.13771963579633734,0.16035924851478364,0.5492417812347412,0.10603809356689453
500,1.2000000000000002,3,1,1,1,1,12,0.15177256251748145,0.15923141826802414,0.6087050437927246,0.08036494255065918
500,1.2000000000000002,3,1,1,1,1,13,0.13273795646182993,0.17063168017550934,0.516779899597168,0.11746740341186523
500,1.2000000000000002,3,1,1,1,1,14,0.1806141476727634,0.1444255091710507,0.7084269523620605,0.1505270004272461
500,1.2000000000000002,3,1,1,1,1,15,0.15542461849097908,0.17266933694496014,0.6004703044891357,0.1014561653137207
500,1.2000000000000002,3,1,1,1,1,16,0.13627735372577737,0.16458005006893292,0.6105268001556396,0.14111590385437012
500,1.2000000000000002,3,1,1,1,1,17,0.12812929435319723,0.15137103272212285,0.5494875907897949,0.12816381454467773
500,1.2000000000000002,3,1,1,1,1,18,0.14152485169327247,0.15452465851673067,0.5626504421234131,0.10444855690002441
500,1.2000000000000002,3,1,1,1,1,19,0.12983489160807707,0.1566556137743522,0.6988730430603027,0.11754226684570312
500,1.2000000000000002,3,1,1,1,1,20,0.15944499068274262,0.14796422070125884,0.539229154586792,0.10779380798339844
500,1.2000000000000002,3,1,1,1,1,21,0.14906173675116713,0.15254807006943633,0.5350711345672607,0.09177136421203613
500,1.2000000000000002,3,1,1,1,1,22,0.15278351336921733,0.16347703329301846,0.5203390121459961,0.11317181587219238
500,1.2000000000000002,3,1,1,1,1,23,0.156247722903362,0.1547718410195497,0.5099599361419678,0.12472772598266602
500,1.2000000000000002,3,1,1,1,1,24,0.1628240900041522,0.14138037116156513,0.5236108303070068,0.10986542701721191
500,1.4000000000000001,3,1,1,1,1,0,0.1715493677044598,0.14183693166327857,0.8004393577575684,0.14145874977111816
500,1.4000000000000001,3,1,1,1,1,1,0.16001128927881023,0.13889825060061398,0.5999197959899902,0.07938051223754883
500,1.4000000000000001,3,1,1,1,1,2,0.16168494079561108,0.1499773076955683,0.5965735912322998,0.08355951309204102
500,1.4000000000000001,3,1,1,1,1,3,0.17661692629965442,0.155290577945777,0.5501632690429688,0.11280441284179688
500,1.4000000000000001,3,1,1,1,1,4,0.16479512139629346,0.14130488545425868,0.5912563800811768,0.09471988677978516
500,1.4000000000000001,3,1,1,1,1,5,0.18560650001134626,0.16943525425552775,0.6256518363952637,0.13043761253356934
500,1.4000000000000001,3,1,1,1,1,6,0.17292738400225402,0.14875711171115272,0.5898263454437256,0.12125706672668457
500,1.4000000000000001,3,1,1,1,1,7,0.18015482991946188,0.18365808929314895,0.5365250110626221,0.08785367012023926
500,1.4000000000000001,3,1,1,1,1,8,0.16075232961371605,0.14793963543695776,0.5006256103515625,0.12262845039367676
500,1.4000000000000001,3,1,1,1,1,9,0.16530299103533647,0.17852338481370783,0.5713496208190918,0.10445547103881836
500,1.4000000000000001,3,1,1,1,1,10,0.1903506976114554,0.17455573418069742,0.555473804473877,0.14156532287597656
500,1.4000000000000001,3,1,1,1,1,11,0.17259371993657963,0.1368014013421541,0.7700560092926025,0.1279911994934082
500,1.4000000000000001,3,1,1,1,1,12,0.16162907023748124,0.17492539892775175,0.5794172286987305,0.10248899459838867
500,1.4000000000000001,3,1,1,1,1,13,0.15920015503123736,0.14489335592374236,0.6173412799835205,0.12725543975830078
500,1.4000000000000001,3,1,1,1,1,14,0.1749786515883598,0.1526339102639325,0.5452890396118164,0.10643362998962402
500,1.4000000000000001,3,1,1,1,1,15,0.16762051332112726,0.15502607104473926,0.5366301536560059,0.1134023666381836
500,1.4000000000000001,3,1,1,1,1,16,0.15211209085575486,0.15458594106457996,0.6675388813018799,0.12469077110290527
500,1.4000000000000001,3,1,1,1,1,17,0.14197991176429883,0.17987058757801533,0.5312929153442383,0.10940408706665039
500,1.4000000000000001,3,1,1,1,1,18,0.169496982818526,0.16137229069003375,0.4987163543701172,0.12061548233032227
500,1.4000000000000001,3,1,1,1,1,19,0.15163170637996545,0.16400409500865218,0.5345330238342285,0.09068894386291504
500,1.4000000000000001,3,1,1,1,1,20,0.15039963833373368,0.14779215556257172,0.5758504867553711,0.09145474433898926
500,1.4000000000000001,3,1,1,1,1,21,0.1583869735291388,0.1869794362193775,0.7392284870147705,0.1246480941772461
500,1.4000000000000001,3,1,1,1,1,22,0.18290495504399415,0.16420606749686903,0.5399820804595947,0.09613513946533203
500,1.4000000000000001,3,1,1,1,1,23,0.18545550740745312,0.16139524326399074,0.5467474460601807,0.10053396224975586
500,1.4000000000000001,3,1,1,1,1,24,0.1587497545846017,0.16563200056608457,0.549875020980835,0.08959293365478516
500,1.6,3,1,1,1,1,0,0.21909957050061823,0.1738682034255164,0.5508842468261719,0.11757659912109375
500,1.6,3,1,1,1,1,1,0.20829352010653862,0.20435034074690064,0.554286003112793,0.11629128456115723
500,1.6,3,1,1,1,1,2,0.202468818483109,0.14150582043230284,0.5603897571563721,0.13719487190246582
500,1.6,3,1,1,1,1,3,0.189380476193284,0.1654144502029371,0.5994985103607178,0.08796525001525879
500,1.6,3,1,1,1,1,4,0.17333906612885466,0.14001724969004223,0.5668740272521973,0.11258316040039062
500,1.6,3,1,1,1,1,5,0.19570417485532426,0.14379380003494766,0.601140022277832,0.10760855674743652
500,1.6,3,1,1,1,1,6,0.20497383537731062,0.15976326554005382,0.6596522331237793,0.10963988304138184
500,1.6,3,1,1,1,1,7,0.1765028912251525,0.14607680255918898,0.8026018142700195,0.14872050285339355
500,1.6,3,1,1,1,1,8,0.2228819498034956,0.18213971485637065,0.5482170581817627,0.0978388786315918
500,1.6,3,1,1,1,1,9,0.1704134212175966,0.1525627413611721,0.6040897369384766,0.10352063179016113
500,1.6,3,1,1,1,1,10,0.16647928372463358,0.15977875370020764,0.5091598033905029,0.09149551391601562
500,1.6,3,1,1,1,1,11,0.1720010079071769,0.14771256532285448,0.5127077102661133,0.09551501274108887
500,1.6,3,1,1,1,1,12,0.1885979234728451,0.14583770971186863,0.6716296672821045,0.13440513610839844
500,1.6,3,1,1,1,1,13,0.19276277805467107,0.15814244121074117,0.5524969100952148,0.11551618576049805
500,1.6,3,1,1,1,1,14,0.18104426996969086,0.18089874410912962,0.5121183395385742,0.1156911849975586
500,1.6,3,1,1,1,1,15,0.1743163403969831,0.17513795459791556,0.5239019393920898,0.12266778945922852
500,1.6,3,1,1,1,1,16,0.16894871063233813,0.14400481440372045,0.4855191707611084,0.12553143501281738
500,1.6,3,1,1,1,1,17,0.19828458565934143,0.22094509089536388,0.4873697757720947,0.10549688339233398
500,1.6,3,1,1,1,1,18,0.17654394685303107,0.1903774977871583,0.6056177616119385,0.1200261116027832
500,1.6,3,1,1,1,1,19,0.189763075854864,0.18730297412114866,0.5408210754394531,0.11513853073120117
500,1.6,3,1,1,1,1,20,0.2181443961970881,0.17591110249620745,0.5915236473083496,0.09806084632873535
500,1.6,3,1,1,1,1,21,0.19121410342137155,0.14426840452526085,0.5506179332733154,0.09126973152160645
500,1.6,3,1,1,1,1,22,0.1955489558429358,0.1499682821894687,0.5175976753234863,0.09851431846618652
500,1.6,3,1,1,1,1,23,0.19987252200423375,0.16209134945790463,0.540846586227417,0.1235203742980957
500,1.6,3,1,1,1,1,24,0.18719010293931657,0.1652227424491571,0.627948522567749,0.10468792915344238
500,1.8,3,1,1,1,1,0,0.22706973606749695,0.15093154156479888,0.5692703723907471,0.08832716941833496
500,1.8,3,1,1,1,1,1,0.22197817047213816,0.21955957539964746,0.651397705078125,0.11503839492797852
500,1.8,3,1,1,1,1,2,0.23273194214924417,0.16021559828162166,0.6209416389465332,0.11065268516540527
500,1.8,3,1,1,1,1,3,0.21404944389951325,0.20163783207942443,0.5654520988464355,0.1231069564819336
500,1.8,3,1,1,1,1,4,0.20157514814636643,0.16018083517435167,0.6487269401550293,0.12567973136901855
500,1.8,3,1,1,1,1,5,0.21239760206093186,0.16512148517037487,0.4885895252227783,0.11055207252502441
500,1.8,3,1,1,1,1,6,0.20170353310926858,0.15390414545844383,0.5363502502441406,0.08872628211975098
500,1.8,3,1,1,1,1,7,0.1873046012587492,0.16306912220818234,0.5260834693908691,0.11901378631591797
500,1.8,3,1,1,1,1,8,0.2206024496767667,0.18010706136139998,0.5175521373748779,0.11108946800231934
500,1.8,3,1,1,1,1,9,0.2097172456757943,0.17051927422420946,0.6963620185852051,0.12206387519836426
500,1.8,3,1,1,1,1,10,0.21570647815913166,0.16829750163547613,0.5466048717498779,0.10205435752868652
500,1.8,3,1,1,1,1,11,0.1940959377709243,0.1841441233838428,0.4913151264190674,0.11007142066955566
500,1.8,3,1,1,1,1,12,0.2529170574051431,0.17993196716185295,0.5220077037811279,0.09547948837280273
500,1.8,3,1,1,1,1,13,0.19004045012107834,0.17014682285417093,0.5826282501220703,0.1124567985534668
500,1.8,3,1,1,1,1,14,0.23498659684665724,0.18325799745404944,0.5967895984649658,0.10299158096313477
500,1.8,3,1,1,1,1,15,0.1984359438567042,0.17793780876033136,0.7089042663574219,0.1353318691253662
500,1.8,3,1,1,1,1,16,0.2300497399631441,0.18760418054270475,0.5967934131622314,0.0864565372467041
500,1.8,3,1,1,1,1,17,0.20645607780042524,0.15050282520065972,0.6462085247039795,0.09349226951599121
500,1.8,3,1,1,1,1,18,0.19958058177557297,0.1676357251175709,0.6036155223846436,0.08955645561218262
500,1.8,3,1,1,1,1,19,0.1983334464086581,0.1582607651567048,0.5715928077697754,0.10399913787841797
500,1.8,3,1,1,1,1,20,0.21579189548342495,0.18334780082017493,0.6000308990478516,0.12006163597106934
500,1.8,3,1,1,1,1,21,0.1964023364181716,0.18958524186783537,0.5350039005279541,0.12683749198913574
500,1.8,3,1,1,1,1,22,0.2100215542006596,0.16233514085850542,0.6460926532745361,0.1209719181060791
500,1.8,3,1,1,1,1,23,0.20074746802599816,0.18216093146531037,0.6854865550994873,0.12145638465881348
500,1.8,3,1,1,1,1,24,0.18677673538743456,0.1722971976806768,0.5061044692993164,0.11379122734069824
500,2.0,3,1,1,1,1,0,0.24502325456587384,0.1665326845802022,0.6620721817016602,0.11329460144042969
500,2.0,3,1,1,1,1,1,0.2531023357634721,0.1698896551543732,0.6826379299163818,0.11971712112426758
500,2.0,3,1,1,1,1,2,0.22353633336314532,0.19751383918438545,0.5392687320709229,0.09276103973388672
500,2.0,3,1,1,1,1,3,0.2173805751746732,0.1644059758494117,0.4955880641937256,0.11454629898071289
500,2.0,3,1,1,1,1,4,0.2206014459881949,0.18033764380392842,0.5077416896820068,0.10093259811401367
500,2.0,3,1,1,1,1,5,0.213415038688661,0.15272666308472707,0.5014832019805908,0.1259615421295166
500,2.0,3,1,1,1,1,6,0.24705513927386916,0.24091282088249322,0.704153299331665,0.12260603904724121
500,2.0,3,1,1,1,1,7,0.2360709671107611,0.19807297173477825,0.5572524070739746,0.09734296798706055
500,2.0,3,1,1,1,1,8,0.19625093858548068,0.21229444197743913,0.5586683750152588,0.08499431610107422
500,2.0,3,1,1,1,1,9,0.20038468465042739,0.2102917429051444,0.5549783706665039,0.08644485473632812
500,2.0,3,1,1,1,1,10,0.22169261210418612,0.18189777170721896,0.5738735198974609,0.0775461196899414
500,2.0,3,1,1,1,1,11,0.23884373733829067,0.1770020032117962,0.6254496574401855,0.11234426498413086
500,2.0,3,1,1,1,1,12,0.2039794685223577,0.1843511049739656,0.6400532722473145,0.11364173889160156
500,2.0,3,1,1,1,1,13,0.24962266723050963,0.17828044826836822,0.5162339210510254,0.10605216026306152
500,2.0,3,1,1,1,1,14,0.25498314048175874,0.16673001729824014,0.5778164863586426,0.1487278938293457
500,2.0,3,1,1,1,1,15,0.2857963949674497,0.1665800098865008,0.5372304916381836,0.1141660213470459
500,2.0,3,1,1,1,1,16,0.2210634169622841,0.19158019297684564,0.5316522121429443,0.12497615814208984
500,2.0,3,1,1,1,1,17,0.23160447308562862,0.2111148526387497,0.724686861038208,0.16745591163635254
500,2.0,3,1,1,1,1,18,0.23750559092035436,0.17777960603044482,0.7309634685516357,0.0897676944732666
500,2.0,3,1,1,1,1,19,0.22523773689337526,0.1467654737702256,0.6336944103240967,0.0859372615814209
500,2.0,3,1,1,1,1,20,0.1927672126475154,0.179454790775175,0.6031956672668457,0.0758967399597168
500,2.0,3,1,1,1,1,21,0.20898422684587634,0.22936013570115693,0.5953121185302734,0.11625933647155762
500,2.0,3,1,1,1,1,22,0.25320097576813994,0.17132891047427426,0.7273011207580566,0.12140130996704102
500,2.0,3,1,1,1,1,23,0.23233551169153227,0.2137005244551356,0.5730743408203125,0.0914773941040039
500,2.0,3,1,1,1,1,24,0.22310173526634286,0.18346978200753877,0.5721147060394287,0.1114044189453125
500,2.2,3,1,1,1,1,0,0.24261025133549582,0.1868320865368807,0.49071335792541504,0.12348461151123047
500,2.2,3,1,1,1,1,1,0.2848570613016048,0.22327687606700033,0.5346465110778809,0.09862232208251953
500,2.2,3,1,1,1,1,2,0.2598944210178457,0.20935475486630833,0.6670024394989014,0.11107730865478516
500,2.2,3,1,1,1,1,3,0.21951416424615375,0.1824406989128592,0.6692512035369873,0.11910343170166016
500,2.2,3,1,1,1,1,4,0.26887719842756375,0.19355260648099967,0.5090816020965576,0.11192560195922852
500,2.2,3,1,1,1,1,5,0.2533638211240438,0.20245385299618202,0.5367655754089355,0.08727478981018066
500,2.2,3,1,1,1,1,6,0.35030591509176007,0.1725860774056955,0.5348880290985107,0.10939764976501465
500,2.2,3,1,1,1,1,7,0.2841314260504148,0.20302298913972053,0.5685179233551025,0.11663031578063965
500,2.2,3,1,1,1,1,8,0.24571603486397275,0.20272443437478507,0.5880389213562012,0.13622355461120605
500,2.2,3,1,1,1,1,9,0.2264323702825916,0.17832201095501204,0.5005407333374023,0.10555362701416016
500,2.2,3,1,1,1,1,10,0.22483270212749562,0.20239664228161092,0.4943983554840088,0.12014412879943848
500,2.2,3,1,1,1,1,11,0.2702821395163857,0.1708158712571215,0.5600423812866211,0.09871864318847656
500,2.2,3,1,1,1,1,12,0.23616795047897088,0.24150531146845197,0.6509151458740234,0.13937640190124512
500,2.2,3,1,1,1,1,13,0.22622808744949924,0.17873887428897015,0.6702241897583008,0.14486193656921387
500,2.2,3,1,1,1,1,14,0.3178588465965496,0.17680657543125,0.7440488338470459,0.12496113777160645
500,2.2,3,1,1,1,1,15,0.24692220575976234,0.1996895818855845,0.49453234672546387,0.09815812110900879
500,2.2,3,1,1,1,1,16,0.22733706124866646,0.18740942590947213,0.5770528316497803,0.09546065330505371
500,2.2,3,1,1,1,1,17,0.2293012886208399,0.2736267425280717,0.5499835014343262,0.1104288101196289
500,2.2,3,1,1,1,1,18,0.244975750638831,0.1763603375122115,0.5590651035308838,0.11599111557006836
500,2.2,3,1,1,1,1,19,0.24481523641089034,0.22412605762463172,0.6773884296417236,0.09123086929321289
500,2.2,3,1,1,1,1,20,0.2583274149063374,0.24736153763152993,0.5609076023101807,0.09442782402038574
500,2.2,3,1,1,1,1,21,0.23274440252277298,0.2223189534397669,0.6078462600708008,0.09592747688293457
500,2.2,3,1,1,1,1,22,0.22277792318960238,0.235550170398134,0.6111111640930176,0.08749818801879883
500,2.2,3,1,1,1,1,23,0.27778522665328576,0.1899123663761798,0.584951639175415,0.09362459182739258
500,2.2,3,1,1,1,1,24,0.2584176708439595,0.19290343209031166,0.7389161586761475,0.12296676635742188
500,2.4000000000000004,3,1,1,1,1,0,0.2693815332770134,0.218116187891046,0.5597183704376221,0.13307857513427734
500,2.4000000000000004,3,1,1,1,1,1,0.28534520415783526,0.23407304464866913,0.612462043762207,0.1056375503540039
500,2.4000000000000004,3,1,1,1,1,2,0.2504463110319993,0.21259129874413496,0.5868160724639893,0.08102297782897949
500,2.4000000000000004,3,1,1,1,1,3,0.24106258047894094,0.1882229702465139,0.6162517070770264,0.09546685218811035
500,2.4000000000000004,3,1,1,1,1,4,0.2904032163867758,0.26369958316377573,0.7250230312347412,0.11063599586486816
500,2.4000000000000004,3,1,1,1,1,5,0.3282357878647973,0.20294202024892788,0.5312106609344482,0.11161422729492188
500,2.4000000000000004,3,1,1,1,1,6,0.26878603999449036,0.21133067646767462,0.5568478107452393,0.10729384422302246
500,2.4000000000000004,3,1,1,1,1,7,0.3008309463453934,0.19892492672720433,0.5962471961975098,0.09284639358520508
500,2.4000000000000004,3,1,1,1,1,8,0.24857187162002983,0.21740841784408607,0.686460018157959,0.10140800476074219
500,2.4000000000000004,3,1,1,1,1,9,0.26709846116147185,0.2056038386396947,0.6736094951629639,0.1124422550201416
500,2.4000000000000004,3,1,1,1,1,10,0.24385834774685164,0.18003109293534236,0.6457674503326416,0.13476848602294922
500,2.4000000000000004,3,1,1,1,1,11,0.32519137983218316,0.2333927009756702,0.4965536594390869,0.11199355125427246
500,2.4000000000000004,3,1,1,1,1,12,0.2730466106674705,0.22254431098758565,0.5283114910125732,0.11794710159301758
500,2.4000000000000004,3,1,1,1,1,13,0.28147026342038906,0.20893598636083785,0.5972344875335693,0.07845640182495117
500,2.4000000000000004,3,1,1,1,1,14,0.2558237698030534,0.25924340249617805,0.52681565284729,0.08774304389953613
500,2.4000000000000004,3,1,1,1,1,15,0.25599692074448455,0.19881284716505143,0.719125509262085,0.13515019416809082
500,2.4000000000000004,3,1,1,1,1,16,0.2889020530968982,0.1896898569923609,0.5174994468688965,0.08392715454101562
500,2.4000000000000004,3,1,1,1,1,17,0.2675492320980365,0.19952787017459775,0.5114891529083252,0.09210085868835449
500,2.4000000000000004,3,1,1,1,1,18,0.2711584683950426,0.18719927477329143,0.5690200328826904,0.10149598121643066
500,2.4000000000000004,3,1,1,1,1,19,0.29904197347571454,0.1976804393256543,0.5694620609283447,0.08553028106689453
500,2.4000000000000004,3,1,1,1,1,20,0.27211296755220316,0.20552758763140805,0.5890939235687256,0.14580202102661133
500,2.4000000000000004,3,1,1,1,1,21,0.31638018395266854,0.2051067860617556,0.6352269649505615,0.10058116912841797
500,2.4000000000000004,3,1,1,1,1,22,0.25366075301181074,0.2225825584561147,0.5316169261932373,0.11533069610595703
500,2.4000000000000004,3,1,1,1,1,23,0.27801301789331184,0.20187396048114958,0.5212423801422119,0.0922708511352539
500,2.4000000000000004,3,1,1,1,1,24,0.2793602290829634,0.18709305825561223,0.530709981918335,0.09172654151916504
500,2.6,3,1,1,1,1,0,0.27063367199854,0.21356176875305852,0.5154170989990234,0.11969614028930664
500,2.6,3,1,1,1,1,1,0.26410191037553316,0.20522492945765652,0.6255397796630859,0.11321711540222168
500,2.6,3,1,1,1,1,2,0.2677759971989233,0.2590407170987741,0.7672767639160156,0.144683837890625
500,2.6,3,1,1,1,1,3,0.271797421391338,0.19711758014544506,0.7125117778778076,0.1422891616821289
500,2.6,3,1,1,1,1,4,0.4262285000466164,0.1962038348827646,0.5020239353179932,0.1286015510559082
500,2.6,3,1,1,1,1,5,0.3667068124321202,0.21199755740650894,0.5348222255706787,0.12426161766052246
500,2.6,3,1,1,1,1,6,0.28253715662873563,0.19641423956627038,0.7434673309326172,0.11768269538879395
500,2.6,3,1,1,1,1,7,0.27250472613328147,0.22547095189372446,0.6757373809814453,0.09355497360229492
500,2.6,3,1,1,1,1,8,0.2856950039422164,0.22590892722214914,0.5846612453460693,0.10046720504760742
500,2.6,3,1,1,1,1,9,0.28731327747316154,0.20780227811903862,0.6027982234954834,0.0904853343963623
500,2.6,3,1,1,1,1,10,0.3061598762547632,0.2005695142614555,0.5127067565917969,0.10815644264221191
500,2.6,3,1,1,1,1,11,0.286793129712041,0.20346718499307756,0.6001327037811279,0.10366225242614746
500,2.6,3,1,1,1,1,12,0.2841268810829689,0.20842746594090678,0.6963024139404297,0.11364078521728516
500,2.6,3,1,1,1,1,13,0.27519797926404244,0.22377545313009414,0.537060022354126,0.09849047660827637
500,2.6,3,1,1,1,1,14,0.29902083773204097,0.1861366761432805,0.6040077209472656,0.0970606803894043
500,2.6,3,1,1,1,1,15,0.2925943203550588,0.2214513534070494,0.5089583396911621,0.12380456924438477
500,2.6,3,1,1,1,1,16,0.2973059407972332,0.1975177828789659,0.5844540596008301,0.14105534553527832
500,2.6,3,1,1,1,1,17,0.2994092711719091,0.20792754382425266,0.6878941059112549,0.13059353828430176
500,2.6,3,1,1,1,1,18,0.32442980365538227,0.1901055724183534,0.5559937953948975,0.08783864974975586
500,2.6,3,1,1,1,1,19,0.3181275407871322,0.23763505179819214,0.5680370330810547,0.09439873695373535
500,2.6,3,1,1,1,1,20,0.315515374872351,0.2240562780050935,0.5796890258789062,0.11464309692382812
500,2.6,3,1,1,1,1,21,0.3127073406613152,0.22456639635788692,0.5313720703125,0.10665607452392578
500,2.6,3,1,1,1,1,22,0.28585965963001725,0.25253407836500286,0.678208589553833,0.14109468460083008
500,2.6,3,1,1,1,1,23,0.2908939708954336,0.24066297517632634,0.7618908882141113,0.07984137535095215
500,2.6,3,1,1,1,1,24,0.27711094773459766,0.2700513974473286,0.5571146011352539,0.10838556289672852
500,2.8000000000000003,3,1,1,1,1,0,0.3183165398706285,0.2543951070756077,0.4947328567504883,0.12433195114135742
500,2.8000000000000003,3,1,1,1,1,1,0.3618693414794926,0.22966531500372248,0.505805253982544,0.09696626663208008
500,2.8000000000000003,3,1,1,1,1,2,0.3191617055156038,0.19593579486707696,0.6741030216217041,0.09602808952331543
500,2.8000000000000003,3,1,1,1,1,3,0.3182615459633167,0.2713979961138325,0.650444746017456,0.10642313957214355
500,2.8000000000000003,3,1,1,1,1,4,0.38742745267723755,0.21403343145169987,0.5161223411560059,0.1095271110534668
500,2.8000000000000003,3,1,1,1,1,5,0.28910368079821885,0.24068204592138426,0.5195155143737793,0.12833476066589355
500,2.8000000000000003,3,1,1,1,1,6,0.34104292593550367,0.2017837734860294,0.5594143867492676,0.11966609954833984
500,2.8000000000000003,3,1,1,1,1,7,0.32554903658143075,0.19707558080267754,0.5773284435272217,0.10664129257202148
500,2.8000000000000003,3,1,1,1,1,8,0.333188523356826,0.23968258843743753,0.7110137939453125,0.13707756996154785
500,2.8000000000000003,3,1,1,1,1,9,0.3188804777596785,0.21786055220280395,0.6223375797271729,0.08008193969726562
500,2.8000000000000003,3,1,1,1,1,10,0.31782757699371794,0.22187040315833328,0.5324537754058838,0.1060323715209961
500,2.8000000000000003,3,1,1,1,1,11,0.2711851526258816,0.300736817345425,0.5857288837432861,0.08200812339782715
500,2.8000000000000003,3,1,1,1,1,12,0.31203711352607466,0.27797317985191206,0.5527856349945068,0.09257292747497559
500,2.8000000000000003,3,1,1,1,1,13,0.2807792432956909,0.25321882313310257,0.6270618438720703,0.10164666175842285
500,2.8000000000000003,3,1,1,1,1,14,0.28667686601826,0.24323083438489074,0.6520116329193115,0.1132497787475586
500,2.8000000000000003,3,1,1,1,1,15,0.3537091984177064,0.27297786095037835,0.6183745861053467,0.09044027328491211
500,2.8000000000000003,3,1,1,1,1,16,0.32518169814608044,0.2421778840652437,0.5947551727294922,0.09012246131896973
500,2.8000000000000003,3,1,1,1,1,17,0.31527840830269604,0.23374585515037463,0.6623191833496094,0.10865664482116699
500,2.8000000000000003,3,1,1,1,1,18,0.28138868880532597,0.2530245407094324,0.6554033756256104,0.14971256256103516
500,2.8000000000000003,3,1,1,1,1,19,0.2947869062787205,0.19619396717964108,0.5632481575012207,0.12378978729248047
500,2.8000000000000003,3,1,1,1,1,20,0.3128947875658332,0.20021873919929886,0.5070252418518066,0.11571860313415527
500,2.8000000000000003,3,1,1,1,1,21,0.27747001099774493,0.24010502456575492,0.5103826522827148,0.10441088676452637
500,2.8000000000000003,3,1,1,1,1,22,0.3307374231846479,0.2090622720573321,0.5148441791534424,0.10413122177124023
500,2.8000000000000003,3,1,1,1,1,23,0.35361070841096304,0.19338356969696516,0.539846658706665,0.11960005760192871
500,2.8000000000000003,3,1,1,1,1,24,0.4272387204474962,0.21814437803215023,0.7162430286407471,0.12164592742919922
500,3.0,3,1,1,1,1,0,0.3337444832143942,0.23338127103967463,0.49664950370788574,0.11308646202087402
500,3.0,3,1,1,1,1,1,0.38242084772026325,0.23906997037832037,0.5424909591674805,0.09943008422851562
500,3.0,3,1,1,1,1,2,0.3290872018404886,0.2870142639165772,0.5562307834625244,0.11960983276367188
500,3.0,3,1,1,1,1,3,0.30994634326355236,0.28198975825940253,0.5103492736816406,0.09087777137756348
500,3.0,3,1,1,1,1,4,0.33566399827384746,0.3458564782220171,0.585707426071167,0.10811471939086914
500,3.0,3,1,1,1,1,5,0.354647117657819,0.2805331737367535,0.722156286239624,0.11450004577636719
500,3.0,3,1,1,1,1,6,0.3561467361484853,0.25825816024935644,0.5770485401153564,0.09854364395141602
500,3.0,3,1,1,1,1,7,0.3959258471497386,0.3379364291725061,0.5958616733551025,0.09861254692077637
500,3.0,3,1,1,1,1,8,0.34578408006973266,0.23150937321637674,0.5478746891021729,0.12261438369750977
500,3.0,3,1,1,1,1,9,0.33702792380103486,0.35534665108380353,0.5322456359863281,0.1176755428314209
500,3.0,3,1,1,1,1,10,0.3383765712999191,0.21889578075629607,0.6245858669281006,0.10996484756469727
500,3.0,3,1,1,1,1,11,0.3430498566335768,0.21671144840846265,0.4961886405944824,0.12866997718811035
500,3.0,3,1,1,1,1,12,0.37642669591575395,0.31008585950626155,0.5748813152313232,0.10070943832397461
500,3.0,3,1,1,1,1,13,0.3728434781373709,0.25109019584464615,0.633455753326416,0.13178586959838867
500,3.0,3,1,1,1,1,14,0.3075653947614571,0.34020773694919515,0.6815767288208008,0.10967230796813965
500,3.0,3,1,1,1,1,15,0.3297660737242684,0.22129142203841023,0.6830365657806396,0.11504030227661133
500,3.0,3,1,1,1,1,16,0.30802319696931013,0.27226454541236017,0.5521094799041748,0.11211419105529785
500,3.0,3,1,1,1,1,17,0.35098472670277453,0.32647118511078377,0.5226113796234131,0.1215052604675293
500,3.0,3,1,1,1,1,18,0.3578360174655445,0.2813599793952224,0.523953914642334,0.0982356071472168
500,3.0,3,1,1,1,1,19,0.3120626681969113,0.2067678721280233,0.567610502243042,0.11573386192321777
500,3.0,3,1,1,1,1,20,0.43197481441376506,0.3053448830697752,0.6646661758422852,0.09354233741760254
500,3.0,3,1,1,1,1,21,0.3824757261348771,0.23333944619972324,0.7325270175933838,0.13049030303955078
500,3.0,3,1,1,1,1,22,0.351458069291202,0.22328535177266237,0.5367162227630615,0.11683440208435059
500,3.0,3,1,1,1,1,23,0.3567302398008701,0.2284549537331268,0.6256563663482666,0.11667966842651367
500,3.0,3,1,1,1,1,24,0.39674673552545986,0.21640859696928405,0.585888147354126,0.11002755165100098
500,3.2,3,1,1,1,1,0,0.32951197289232387,0.24294134301666925,0.5389738082885742,0.11205458641052246
500,3.2,3,1,1,1,1,1,0.4132852817646821,0.27533158157879256,0.7141034603118896,0.09170794486999512
500,3.2,3,1,1,1,1,2,0.3787848256779521,0.31615711321610346,0.536799430847168,0.10746645927429199
500,3.2,3,1,1,1,1,3,0.36545126779030374,0.3326353550939201,0.5888025760650635,0.10882568359375
500,3.2,3,1,1,1,1,4,0.3441130031807137,0.24106341059562295,0.5875697135925293,0.08756709098815918
500,3.2,3,1,1,1,1,5,0.34576906646363337,0.25488503045256605,0.5965206623077393,0.09838390350341797
500,3.2,3,1,1,1,1,6,0.3436681356575082,0.22373875276985405,0.5960793495178223,0.14441895484924316
500,3.2,3,1,1,1,1,7,0.38769806996398215,0.23781967594337283,0.6906180381774902,0.11670899391174316
500,3.2,3,1,1,1,1,8,0.3613191180577689,0.2687449153447949,0.6329796314239502,0.10012412071228027
500,3.2,3,1,1,1,1,9,0.3469445639007103,0.21807624792447025,0.5991964340209961,0.10061812400817871
500,3.2,3,1,1,1,1,10,0.3416266983866675,0.36258162575275377,0.5479471683502197,0.11522054672241211
500,3.2,3,1,1,1,1,11,0.3935212831163712,0.29349208682832467,0.543485164642334,0.14902257919311523
500,3.2,3,1,1,1,1,12,0.4667361726911544,0.22901300111670245,0.7361423969268799,0.12528777122497559
500,3.2,3,1,1,1,1,13,0.40797315701079045,0.25056674270423773,0.5676169395446777,0.11197900772094727
500,3.2,3,1,1,1,1,14,0.36639459904400945,0.2581574690714736,0.5015063285827637,0.11938357353210449
500,3.2,3,1,1,1,1,15,0.3367518541218904,0.23549472936892096,0.5445024967193604,0.12079334259033203
500,3.2,3,1,1,1,1,16,0.3984830092577984,0.28027555920537284,0.6187102794647217,0.08759045600891113
500,3.2,3,1,1,1,1,17,0.3465040814104445,0.28204101806573567,0.5978310108184814,0.15981388092041016
500,3.2,3,1,1,1,1,18,0.3415658779895758,0.2360724761698655,0.7228219509124756,0.12043428421020508
500,3.2,3,1,1,1,1,19,0.37819603731732354,0.2449737080180098,0.5757858753204346,0.10935688018798828
500,3.2,3,1,1,1,1,20,0.31054663929437587,0.3472438630100537,0.5209677219390869,0.12328672409057617
500,3.2,3,1,1,1,1,21,0.3527885750788263,0.2507612702275968,0.5158801078796387,0.11560344696044922
500,3.2,3,1,1,1,1,22,0.36288506287836786,0.2418301792392314,0.6777434349060059,0.12362098693847656
500,3.2,3,1,1,1,1,23,0.39503232907473573,0.29199854112500767,0.6024265289306641,0.12846803665161133
500,3.2,3,1,1,1,1,24,0.3340201850837663,0.24339274450472465,0.5401277542114258,0.12360501289367676
500,3.4000000000000004,3,1,1,1,1,0,0.34757909904282186,0.2255464682131455,0.5923173427581787,0.08947443962097168
500,3.4000000000000004,3,1,1,1,1,1,0.37962386383267027,0.24238478319523812,0.5565757751464844,0.10536384582519531
500,3.4000000000000004,3,1,1,1,1,2,0.39192922821036674,0.2809443387538466,0.5989594459533691,0.08307337760925293
500,3.4000000000000004,3,1,1,1,1,3,0.379377262150874,0.23548564472784686,0.802802562713623,0.16109848022460938
500,3.4000000000000004,3,1,1,1,1,4,0.41755983122168194,0.2899165630586732,0.5718321800231934,0.11826848983764648
500,3.4000000000000004,3,1,1,1,1,5,0.3863739093986048,0.2784349731378012,0.5116531848907471,0.10723543167114258
500,3.4000000000000004,3,1,1,1,1,6,0.4320712294408856,0.28916802442912987,0.5441827774047852,0.10757327079772949
500,3.4000000000000004,3,1,1,1,1,7,0.3966829341815825,0.30498090362784497,0.5402317047119141,0.12258648872375488
500,3.4000000000000004,3,1,1,1,1,8,0.4170464361814609,0.24097123615936286,0.5814142227172852,0.12726759910583496
500,3.4000000000000004,3,1,1,1,1,9,0.3726374065559824,0.2752039259313779,0.7066249847412109,0.11607575416564941
500,3.4000000000000004,3,1,1,1,1,10,0.42831174397977934,0.33705769652103756,0.589447021484375,0.0824134349822998
500,3.4000000000000004,3,1,1,1,1,11,0.34428015964259767,0.2918867617186889,0.5878186225891113,0.09523463249206543
500,3.4000000000000004,3,1,1,1,1,12,0.3925868083193428,0.2466653061639745,0.5847697257995605,0.1025691032409668
500,3.4000000000000004,3,1,1,1,1,13,0.38763957698831464,0.26301757321313995,0.6081058979034424,0.1251509189605713
500,3.4000000000000004,3,1,1,1,1,14,0.3797625514413493,0.30485939695979153,0.714979887008667,0.11888337135314941
500,3.4000000000000004,3,1,1,1,1,15,0.38829722954982576,0.3069879039265139,0.5609474182128906,0.10408163070678711
500,3.4000000000000004,3,1,1,1,1,16,0.42269816815793315,0.27496806757529635,0.5385146141052246,0.11131048202514648
500,3.4000000000000004,3,1,1,1,1,17,0.4207190675955382,0.3657840384753992,0.5452330112457275,0.0884099006652832
500,3.4000000000000004,3,1,1,1,1,18,0.42760236438497623,0.2996441523207451,0.5174167156219482,0.12000155448913574
500,3.4000000000000004,3,1,1,1,1,19,0.35239243025312883,0.2607228610039639,0.6833164691925049,0.11221480369567871
500,3.4000000000000004,3,1,1,1,1,20,0.36777803827156447,0.2116934091650257,0.674680233001709,0.10924482345581055
500,3.4000000000000004,3,1,1,1,1,21,0.37658195013199275,0.2416476704000427,0.6131021976470947,0.12961101531982422
500,3.4000000000000004,3,1,1,1,1,22,0.4230119311327117,0.22974072111262034,0.6080441474914551,0.09945464134216309
500,3.4000000000000004,3,1,1,1,1,23,0.3787749072278558,0.30611277350476657,0.6703386306762695,0.11545515060424805
500,3.4000000000000004,3,1,1,1,1,24,0.37385851908564083,0.2548001338384591,0.7983753681182861,0.16924571990966797
500,3.6,3,1,1,1,1,0,0.42173537714296705,0.29112194152359805,0.5132346153259277,0.09937286376953125
500,3.6,3,1,1,1,1,1,0.4026025125118458,0.31126363184406836,0.5633816719055176,0.1044461727142334
500,3.6,3,1,1,1,1,2,0.3811915640574353,0.342439897561472,0.5573070049285889,0.10865306854248047
500,3.6,3,1,1,1,1,3,0.3922418160606088,0.31267989210580116,0.6383950710296631,0.1026618480682373
500,3.6,3,1,1,1,1,4,0.3785133421670679,0.23304212285634293,0.7503526210784912,0.12422418594360352
500,3.6,3,1,1,1,1,5,0.36289486343614463,0.2254870644870744,0.5128076076507568,0.1206824779510498
500,3.6,3,1,1,1,1,6,0.40916381357163156,0.2564085024328859,0.50254225730896,0.10153865814208984
500,3.6,3,1,1,1,1,7,0.33858411895778,0.27861728351119835,0.5005786418914795,0.10650157928466797
500,3.6,3,1,1,1,1,8,0.41262072248608217,0.2993863521898282,0.5474860668182373,0.10227108001708984
500,3.6,3,1,1,1,1,9,0.4562254452418934,0.31623277825849855,0.6513915061950684,0.1116180419921875
500,3.6,3,1,1,1,1,10,0.4124789467873849,0.38257397138403815,0.612262487411499,0.1207280158996582
500,3.6,3,1,1,1,1,11,0.3676713593711958,0.31920810206129724,0.5333418846130371,0.10141968727111816
500,3.6,3,1,1,1,1,12,0.42405658141590685,0.33271742384781244,0.5346508026123047,0.10047221183776855
500,3.6,3,1,1,1,1,13,0.47547854357985825,0.3574148082688151,0.5474750995635986,0.09776973724365234
500,3.6,3,1,1,1,1,14,0.4009707916336561,0.24442745075314742,0.606642484664917,0.08921384811401367
500,3.6,3,1,1,1,1,15,0.37799779412383355,0.23547893859059857,0.7880527973175049,0.12483453750610352
500,3.6,3,1,1,1,1,16,0.46904594823644985,0.2766695966063507,0.56357741355896,0.11066985130310059
500,3.6,3,1,1,1,1,17,0.43447405976257625,0.27759196297828165,0.4846992492675781,0.12325072288513184
500,3.6,3,1,1,1,1,18,0.4354778415075753,0.2907042944959619,0.6173219680786133,0.10189151763916016
500,3.6,3,1,1,1,1,19,0.3890673710310674,0.285050461086215,0.7706561088562012,0.12528538703918457
500,3.6,3,1,1,1,1,20,0.4031809420928548,0.24099500630612652,0.7223951816558838,0.15259313583374023
500,3.6,3,1,1,1,1,21,0.4230832122532082,0.3681128283626893,0.584967851638794,0.08136701583862305
500,3.6,3,1,1,1,1,22,0.4169099220434728,0.31868594701024683,0.5944163799285889,0.09604644775390625
500,3.6,3,1,1,1,1,23,0.3831742746838083,0.26818326844730295,0.5071010589599609,0.11455225944519043
500,3.6,3,1,1,1,1,24,0.3941674430072389,0.2659178465484142,0.5141985416412354,0.12002396583557129
500,3.8000000000000003,3,1,1,1,1,0,0.4049798589580822,0.2879527681535116,0.5725076198577881,0.1168067455291748
500,3.8000000000000003,3,1,1,1,1,1,0.42261986063401885,0.26587782596183784,0.6382932662963867,0.11871600151062012
500,3.8000000000000003,3,1,1,1,1,2,0.3836777516297053,0.2627276264617017,0.6586387157440186,0.12961316108703613
500,3.8000000000000003,3,1,1,1,1,3,0.4822699271027773,0.3373470767986948,0.5708355903625488,0.10266590118408203
500,3.8000000000000003,3,1,1,1,1,4,0.44267794246478737,0.2288922739772054,0.5276844501495361,0.13362598419189453
500,3.8000000000000003,3,1,1,1,1,5,0.4183778156411482,0.33831495532063094,0.5536825656890869,0.08553218841552734
500,3.8000000000000003,3,1,1,1,1,6,0.4146049077484953,0.28102788787212885,0.6841278076171875,0.13168883323669434
500,3.8000000000000003,3,1,1,1,1,7,0.40038047306826985,0.2681453314037064,0.5760467052459717,0.11979174613952637
500,3.8000000000000003,3,1,1,1,1,8,0.42032090609863765,0.28878922928429307,0.5657572746276855,0.09860968589782715
500,3.8000000000000003,3,1,1,1,1,9,0.41706427582008626,0.2675470380455857,0.5389065742492676,0.11360597610473633
500,3.8000000000000003,3,1,1,1,1,10,0.47114863244606137,0.30543540831924676,0.5115420818328857,0.11169242858886719
500,3.8000000000000003,3,1,1,1,1,11,0.4117168988812103,0.34664190498285724,0.5810275077819824,0.13078808784484863
500,3.8000000000000003,3,1,1,1,1,12,0.45024183713349997,0.33287430196907236,0.6355164051055908,0.11863851547241211
500,3.8000000000000003,3,1,1,1,1,13,0.4591760502467647,0.4041829595301154,0.5776636600494385,0.10861587524414062
500,3.8000000000000003,3,1,1,1,1,14,0.4543787873569366,0.34890607425833126,0.7777688503265381,0.12886834144592285
500,3.8000000000000003,3,1,1,1,1,15,0.44580551721758344,0.3188880056637069,0.5824248790740967,0.07891726493835449
500,3.8000000000000003,3,1,1,1,1,16,0.4146751966376492,0.28267885613534766,0.55735182762146,0.11868810653686523
500,3.8000000000000003,3,1,1,1,1,17,0.5418142929553117,0.3520433251767744,0.7290220260620117,0.1459035873413086
500,3.8000000000000003,3,1,1,1,1,18,0.39933687747633273,0.2949213284849625,0.5368685722351074,0.11957597732543945
500,3.8000000000000003,3,1,1,1,1,19,0.48772917149395884,0.3354960276571521,0.5228176116943359,0.11990022659301758
500,3.8000000000000003,3,1,1,1,1,20,0.4321436416308162,0.342398149548703,0.6022453308105469,0.09157943725585938
500,3.8000000000000003,3,1,1,1,1,21,0.48796411479177143,0.2535602043060963,0.5569522380828857,0.09805703163146973
500,3.8000000000000003,3,1,1,1,1,22,0.4182365383017483,0.3206809289417147,0.5884618759155273,0.1410846710205078
500,3.8000000000000003,3,1,1,1,1,23,0.42274476796853006,0.26986234098311446,0.711479663848877,0.11541295051574707
500,3.8000000000000003,3,1,1,1,1,24,0.45960997179219115,0.2952238332843721,0.514822244644165,0.105865478515625
500,4.0,3,1,1,1,1,0,0.6727987083417729,0.3238646004530098,0.5820901393890381,0.09597396850585938
500,4.0,3,1,1,1,1,1,0.45758830142130263,0.2894963528535191,0.5961415767669678,0.09458398818969727
500,4.0,3,1,1,1,1,2,0.45798440523495904,0.32517509610368,0.5915815830230713,0.09928011894226074
500,4.0,3,1,1,1,1,3,0.5011868968352942,0.3930080384910641,0.7647652626037598,0.1329054832458496
500,4.0,3,1,1,1,1,4,0.5222534250964413,0.26873907070599923,0.5311148166656494,0.10950136184692383
500,4.0,3,1,1,1,1,5,0.4503637565720123,0.3013256708935692,0.5568187236785889,0.10719561576843262
500,4.0,3,1,1,1,1,6,0.4318731353358959,0.31542037966608205,0.5791475772857666,0.11205911636352539
500,4.0,3,1,1,1,1,7,0.49254563014171504,0.3488475273682927,0.521812915802002,0.09273552894592285
500,4.0,3,1,1,1,1,8,0.43043258201149925,0.2535176999663254,0.704390287399292,0.15378332138061523
500,4.0,3,1,1,1,1,9,0.5304390992223205,0.25626886414609784,0.6944494247436523,0.1147146224975586
500,4.0,3,1,1,1,1,10,0.47762229764773584,0.3041409597136006,0.5403974056243896,0.09594869613647461
500,4.0,3,1,1,1,1,11,0.44138328503684027,0.31668351374537873,0.5567865371704102,0.09789228439331055
500,4.0,3,1,1,1,1,12,0.5649145517602848,0.3162442402911861,0.5542047023773193,0.09082841873168945
500,4.0,3,1,1,1,1,13,0.44151162389572085,0.3125765803265191,0.630199670791626,0.1149740219116211
500,4.0,3,1,1,1,1,14,0.43186228625604817,0.310918719479449,0.7490062713623047,0.12315607070922852
500,4.0,3,1,1,1,1,15,0.4154584964986293,0.2693809179609944,0.5633866786956787,0.08948588371276855
500,4.0,3,1,1,1,1,16,0.44793032976400027,0.28722399711931085,0.5108699798583984,0.1247718334197998
500,4.0,3,1,1,1,1,17,0.5147920822018399,0.27236324567974796,0.5060634613037109,0.1220402717590332
500,4.0,3,1,1,1,1,18,0.3827634763341249,0.28239951935304536,0.5397281646728516,0.11447405815124512
500,4.0,3,1,1,1,1,19,0.5707248973852762,0.3440076464739537,0.6395196914672852,0.1326143741607666
500,4.0,3,1,1,1,1,20,0.4458286523686842,0.3433406007563384,0.7122230529785156,0.10159111022949219
500,4.0,3,1,1,1,1,21,0.42621224890982407,0.27729961147786103,0.5380241870880127,0.12213897705078125
500,4.0,3,1,1,1,1,22,0.45165319969749973,0.28325810936818846,0.571800708770752,0.07767820358276367
500,4.0,3,1,1,1,1,23,0.39515771438381564,0.3178290644083606,0.5701544284820557,0.09206295013427734
500,4.0,3,1,1,1,1,24,0.4333185625064821,0.352958549905361,0.5874660015106201,0.1227419376373291
500,4.2,3,1,1,1,1,0,0.5781336141806556,0.3451871920005095,0.6655406951904297,0.11287069320678711
500,4.2,3,1,1,1,1,1,0.4855462248141739,0.320399388078121,0.5733487606048584,0.09584856033325195
500,4.2,3,1,1,1,1,2,0.5293221036127514,0.3471365292514303,0.6817097663879395,0.10463523864746094
500,4.2,3,1,1,1,1,3,0.47191888574344515,0.2789377700846707,0.5869910717010498,0.13063526153564453
500,4.2,3,1,1,1,1,4,0.5092564769253514,0.3973012459049486,0.7698438167572021,0.15880703926086426
500,4.2,3,1,1,1,1,5,0.5141580754276365,0.4305676435272578,0.7265584468841553,0.1396617889404297
500,4.2,3,1,1,1,1,6,0.5172717681915947,0.2774575059314746,0.5539209842681885,0.09459328651428223
500,4.2,3,1,1,1,1,7,0.5385461083278232,0.31633984587509645,0.5492069721221924,0.08985424041748047
500,4.2,3,1,1,1,1,8,0.5385655945900405,0.3850931782986502,0.5311844348907471,0.12504148483276367
500,4.2,3,1,1,1,1,9,0.61181122223861,0.3378310644900706,0.5463111400604248,0.12421751022338867
500,4.2,3,1,1,1,1,10,0.5128081638583853,0.34042711548729404,0.6983237266540527,0.12177300453186035
500,4.2,3,1,1,1,1,11,0.5334970870724445,0.351317528636279,0.5670320987701416,0.11065244674682617
500,4.2,3,1,1,1,1,12,0.6004587078967166,0.376673916524962,0.5636992454528809,0.13120627403259277
500,4.2,3,1,1,1,1,13,0.47945827805112495,0.42953140651547594,0.5458972454071045,0.10863828659057617
500,4.2,3,1,1,1,1,14,0.5131855088504754,0.35921869492926534,0.5828847885131836,0.08910012245178223
500,4.2,3,1,1,1,1,15,0.5175642051257769,0.25980845275172393,0.6314642429351807,0.14882445335388184
500,4.2,3,1,1,1,1,16,0.4493524600634053,0.46791794743717924,0.7580375671386719,0.13364076614379883
500,4.2,3,1,1,1,1,17,0.41378967490192353,0.29521595800452527,0.5318434238433838,0.11664557456970215
500,4.2,3,1,1,1,1,18,0.4422281364436692,0.31495319220270257,0.6279733180999756,0.09462928771972656
500,4.2,3,1,1,1,1,19,0.49986722379240545,0.3101363560432697,0.5653171539306641,0.13098382949829102
500,4.2,3,1,1,1,1,20,0.4718953102554936,0.3237589732379313,0.6164004802703857,0.11925792694091797
500,4.2,3,1,1,1,1,21,0.4554536042652554,0.3621877114231626,0.5919978618621826,0.1292250156402588
500,4.2,3,1,1,1,1,22,0.4806043735499091,0.3158684778395824,0.5523960590362549,0.09550976753234863
500,4.2,3,1,1,1,1,23,0.47956343436286536,0.4623150564844056,0.6441807746887207,0.10964560508728027
500,4.2,3,1,1,1,1,24,0.4397694537118538,0.3395490947829348,0.6779017448425293,0.14914870262145996
500,4.4,3,1,1,1,1,0,0.5059044682956431,0.31155066829984784,0.622291088104248,0.1296398639678955
500,4.4,3,1,1,1,1,1,0.5218468587892682,0.3733206988419256,0.7384076118469238,0.11262321472167969
500,4.4,3,1,1,1,1,2,0.5612152144733702,0.33568660315863486,0.5186936855316162,0.11162161827087402
500,4.4,3,1,1,1,1,3,0.4919895651883827,0.29834644815523387,0.5425384044647217,0.10153365135192871
500,4.4,3,1,1,1,1,4,0.46952891469712255,0.35048919324134675,0.563513994216919,0.09948945045471191
500,4.4,3,1,1,1,1,5,0.5735558365293301,0.3373075447961136,0.5690515041351318,0.10552453994750977
500,4.4,3,1,1,1,1,6,0.4866147268716259,0.3992093839394192,0.721609354019165,0.12157869338989258
500,4.4,3,1,1,1,1,7,0.6010902347322912,0.41768039589614603,0.761810302734375,0.10135507583618164
500,4.4,3,1,1,1,1,8,0.4822553714098,0.36794983463741654,0.5779716968536377,0.09643721580505371
500,4.4,3,1,1,1,1,9,0.48904175177155973,0.3545361172815893,0.5840210914611816,0.09059023857116699
500,4.4,3,1,1,1,1,10,0.4822571053259646,0.41644713085991397,0.5974674224853516,0.08870148658752441
500,4.4,3,1,1,1,1,11,0.49342260500003193,0.3464953559990489,0.6116487979888916,0.13133740425109863
500,4.4,3,1,1,1,1,12,0.522585199196455,0.3368063024185169,0.704808235168457,0.11067056655883789
500,4.4,3,1,1,1,1,13,0.5648414642623764,0.34416381973939236,0.5980134010314941,0.10967278480529785
500,4.4,3,1,1,1,1,14,0.4428724620801919,0.3510744021005087,0.6003518104553223,0.09045004844665527
500,4.4,3,1,1,1,1,15,0.5144436487501796,0.32659644914382446,0.599501371383667,0.08254599571228027
500,4.4,3,1,1,1,1,16,0.491316388235032,0.32009668868662866,0.525219202041626,0.11051130294799805
500,4.4,3,1,1,1,1,17,0.5256320367358177,0.3463691467878047,0.7465741634368896,0.09663891792297363
500,4.4,3,1,1,1,1,18,0.4532924985505681,0.43194378604055683,0.6388556957244873,0.10058116912841797
500,4.4,3,1,1,1,1,19,0.4490482629612125,0.34729036945508124,0.645331621170044,0.15540599822998047
500,4.4,3,1,1,1,1,20,0.5072501227596786,0.28230065373537583,0.6013913154602051,0.08099699020385742
500,4.4,3,1,1,1,1,21,0.5077515729657369,0.33689153804122685,0.5873441696166992,0.07687067985534668
500,4.4,3,1,1,1,1,22,0.4887818728754923,0.3609593157347776,0.6626434326171875,0.11991310119628906
500,4.4,3,1,1,1,1,23,0.50670651759096,0.32647239940339245,0.5981035232543945,0.10463905334472656
500,4.4,3,1,1,1,1,24,0.4579608334700926,0.34954946400051634,0.7136414051055908,0.08820343017578125
500,4.6000000000000005,3,1,1,1,1,0,0.5241918573674099,0.316365468132729,0.6082098484039307,0.08876371383666992
500,4.6000000000000005,3,1,1,1,1,1,0.7075350937270852,0.46667075111775413,0.5486106872558594,0.09847450256347656
500,4.6000000000000005,3,1,1,1,1,2,0.5501587378791759,0.2992683606813668,0.6522033214569092,0.12548089027404785
500,4.6000000000000005,3,1,1,1,1,3,0.5290785334930183,0.34639498140198177,0.5573058128356934,0.11773490905761719
500,4.6000000000000005,3,1,1,1,1,4,0.5555190483236663,0.3299730900224672,0.5119297504425049,0.10457086563110352
500,4.6000000000000005,3,1,1,1,1,5,0.5554408143420316,0.3186740882245769,0.5108757019042969,0.09963154792785645
500,4.6000000000000005,3,1,1,1,1,6,0.5742305273643119,0.33552633977638724,0.5671584606170654,0.11730527877807617
500,4.6000000000000005,3,1,1,1,1,7,0.5390997973390754,0.38099876697020246,0.5769281387329102,0.1122751235961914
500,4.6000000000000005,3,1,1,1,1,8,0.5376652760870366,0.3584856435910489,0.7097487449645996,0.11172628402709961
500,4.6000000000000005,3,1,1,1,1,9,0.5235202202771001,0.41530221783053356,0.5744903087615967,0.07946228981018066
500,4.6000000000000005,3,1,1,1,1,10,0.5238406598200468,0.35779289851495166,0.557173490524292,0.1171417236328125
500,4.6000000000000005,3,1,1,1,1,11,0.5280389674352672,0.36841385736120197,0.5429925918579102,0.11081457138061523
500,4.6000000000000005,3,1,1,1,1,12,0.5127904377730861,0.479960231807294,0.575432538986206,0.10665702819824219
500,4.6000000000000005,3,1,1,1,1,13,0.5204627981813468,0.3804493940583397,0.6312747001647949,0.12658071517944336
500,4.6000000000000005,3,1,1,1,1,14,0.5013975521720471,0.31932005193329244,0.7365593910217285,0.13025307655334473
500,4.6000000000000005,3,1,1,1,1,15,0.5240716312757872,0.3438823250873517,0.5584180355072021,0.12441563606262207
500,4.6000000000000005,3,1,1,1,1,16,0.5600191180160168,0.3623761535133016,0.49259352684020996,0.11777305603027344
500,4.6000000000000005,3,1,1,1,1,17,0.4837079747002887,0.3579371871348195,0.528803825378418,0.11781835556030273
500,4.6000000000000005,3,1,1,1,1,18,0.5110626441886913,0.5335171019272448,0.5599119663238525,0.12019610404968262
500,4.6000000000000005,3,1,1,1,1,19,0.4936265494934927,0.3936043254694612,0.7616925239562988,0.12189936637878418
500,4.6000000000000005,3,1,1,1,1,20,0.5323694483052486,0.32468413862067014,0.5709161758422852,0.12059569358825684
500,4.6000000000000005,3,1,1,1,1,21,0.5308173907066278,0.40156770751111565,0.49583911895751953,0.12464523315429688
500,4.6000000000000005,3,1,1,1,1,22,0.5801884603043194,0.4304369873690063,0.5613448619842529,0.09258389472961426
500,4.6000000000000005,3,1,1,1,1,23,0.5302796458508483,0.3605562209767597,0.5390074253082275,0.1136772632598877
500,4.6000000000000005,3,1,1,1,1,24,0.5078368601862264,0.36686747768932576,0.6421871185302734,0.14262676239013672
500,4.800000000000001,3,1,1,1,1,0,0.5520187396102367,0.34530607457687545,0.5953476428985596,0.09962248802185059
500,4.800000000000001,3,1,1,1,1,1,0.5491957789303072,0.2859576295814145,0.5504975318908691,0.11058187484741211
500,4.800000000000001,3,1,1,1,1,2,0.6712567528565876,0.41400512596274897,0.5730853080749512,0.1342160701751709
500,4.800000000000001,3,1,1,1,1,3,0.5018357374523943,0.4132851918335573,0.5970818996429443,0.10451006889343262
500,4.800000000000001,3,1,1,1,1,4,0.6608069359121331,0.3102107008055747,0.6855123043060303,0.12235331535339355
500,4.800000000000001,3,1,1,1,1,5,0.5174781598360801,0.36862828223810007,0.6222007274627686,0.08822846412658691
500,4.800000000000001,3,1,1,1,1,6,0.6516494739588229,0.3793585662502991,0.6757440567016602,0.09950089454650879
500,4.800000000000001,3,1,1,1,1,7,0.5346432973444666,0.44971201298074504,0.5283360481262207,0.12827420234680176
500,4.800000000000001,3,1,1,1,1,8,0.4982734779316194,0.3303527975588127,0.5738112926483154,0.1335465908050537
500,4.800000000000001,3,1,1,1,1,9,0.5696733767183527,0.3335995652238263,0.6949634552001953,0.13165497779846191
500,4.800000000000001,3,1,1,1,1,10,0.5818614857367483,0.32552994658827256,0.6967027187347412,0.08448147773742676
500,4.800000000000001,3,1,1,1,1,11,0.5096238805367436,0.3662991032027558,0.5510959625244141,0.09133076667785645
500,4.800000000000001,3,1,1,1,1,12,0.6207497005557808,0.36328994659766073,0.6180088520050049,0.0946664810180664
500,4.800000000000001,3,1,1,1,1,13,0.5690834146550082,0.4172672528833794,0.5589272975921631,0.11156916618347168
500,4.800000000000001,3,1,1,1,1,14,0.5509278092727012,0.35283377228753954,0.5274224281311035,0.1086726188659668
500,4.800000000000001,3,1,1,1,1,15,0.5492902876157868,0.4099308968682191,0.6139769554138184,0.13762927055358887
500,4.800000000000001,3,1,1,1,1,16,0.5875922831677639,0.3765485767959428,0.5506687164306641,0.09373974800109863
500,4.800000000000001,3,1,1,1,1,17,0.549185218198755,0.36851856193012983,0.6168990135192871,0.10442161560058594
500,4.800000000000001,3,1,1,1,1,18,0.5484930041350243,0.45459110788786083,0.5874974727630615,0.11019730567932129
500,4.800000000000001,3,1,1,1,1,19,0.5212181537267965,0.45116300504337487,0.588324785232544,0.09530210494995117
500,4.800000000000001,3,1,1,1,1,20,0.5386614880449004,0.4815937033428793,0.6730990409851074,0.12136173248291016
500,4.800000000000001,3,1,1,1,1,21,0.5243807262384735,0.398267859454568,0.4997978210449219,0.10544848442077637
500,4.800000000000001,3,1,1,1,1,22,0.6617048501909725,0.424015497434457,0.5526187419891357,0.08545875549316406
500,4.800000000000001,3,1,1,1,1,23,0.5179657406166757,0.377477342623853,0.5212070941925049,0.10373282432556152
500,4.800000000000001,3,1,1,1,1,24,0.522979892618986,0.36260845384981194,0.5104520320892334,0.09226155281066895
500,5.0,3,1,1,1,1,0,0.5830734520157373,0.5659800655707142,0.5802357196807861,0.1051487922668457
500,5.0,3,1,1,1,1,1,0.5409047605494447,0.40140374957046676,0.7286508083343506,0.10054945945739746
500,5.0,3,1,1,1,1,2,0.5385119429078945,0.36008894324826485,0.5414974689483643,0.09829425811767578
500,5.0,3,1,1,1,1,3,0.5231197716766158,0.3673612016437793,0.6110143661499023,0.0827491283416748
500,5.0,3,1,1,1,1,4,0.5049608650319489,0.43159389816916055,0.6035933494567871,0.12498879432678223
500,5.0,3,1,1,1,1,5,0.6463461931683332,0.47961997933624667,0.5937092304229736,0.08636069297790527
500,5.0,3,1,1,1,1,6,0.6060512768373421,0.3999541344738175,0.7895722389221191,0.1103508472442627
500,5.0,3,1,1,1,1,7,0.5836092779385483,0.36409983058594914,0.5142688751220703,0.13268208503723145
500,5.0,3,1,1,1,1,8,0.5775114011130942,0.559430226829546,0.5572206974029541,0.10300707817077637
500,5.0,3,1,1,1,1,9,0.512292396062568,0.40019011316038544,0.5775251388549805,0.10305047035217285
500,5.0,3,1,1,1,1,10,0.5670732664009543,0.3211216432098726,0.5607538223266602,0.09537982940673828
500,5.0,3,1,1,1,1,11,0.5658175875914617,0.32048773000863834,0.6369659900665283,0.12137007713317871
500,5.0,3,1,1,1,1,12,0.5736565649605927,0.3570877292498623,0.6141917705535889,0.0955038070678711
500,5.0,3,1,1,1,1,13,0.6038896427144166,0.3607370665028416,0.5856404304504395,0.08893465995788574
500,5.0,3,1,1,1,1,14,0.6669754283579855,0.44782065340680943,0.574059247970581,0.09000754356384277
500,5.0,3,1,1,1,1,15,0.6647012081173639,0.3970690401535005,0.5755016803741455,0.1273505687713623
500,5.0,3,1,1,1,1,16,0.6307060265348512,0.41147051839284077,0.5474083423614502,0.0935373306274414
500,5.0,3,1,1,1,1,17,0.5480910440475952,0.3673179786032555,0.6847193241119385,0.12557768821716309
500,5.0,3,1,1,1,1,18,0.5310871454627454,0.40444256739824974,0.5975654125213623,0.0948340892791748
500,5.0,3,1,1,1,1,19,0.6509035691124355,0.42746242979571125,0.5943565368652344,0.08160614967346191
500,5.0,3,1,1,1,1,20,0.5793078473114563,0.41558565822399435,0.5938639640808105,0.10447049140930176
500,5.0,3,1,1,1,1,21,0.578938376556537,0.3768071886967304,0.5377869606018066,0.11127066612243652
500,5.0,3,1,1,1,1,22,0.5906512780880498,0.35696785132282677,0.6151037216186523,0.1516270637512207
500,5.0,3,1,1,1,1,23,0.5353952708161726,0.38935954741555134,0.7335488796234131,0.12999773025512695
500,5.0,3,1,1,1,1,24,0.5522610968638113,0.38959664047924775,0.6701362133026123,0.11353111267089844
500,5.2,3,1,1,1,1,0,0.5071191625222836,0.4862067217441626,0.5178806781768799,0.10597443580627441
500,5.2,3,1,1,1,1,1,0.6302613895089736,0.4138422850536616,0.5330767631530762,0.09240174293518066
500,5.2,3,1,1,1,1,2,0.6771034057660634,0.4857833517189337,0.6270427703857422,0.10742402076721191
500,5.2,3,1,1,1,1,3,0.6043093292272386,0.44191003045210353,0.6766581535339355,0.13454651832580566
500,5.2,3,1,1,1,1,4,0.5906447603248468,0.36021420330346066,0.5940301418304443,0.10257506370544434
500,5.2,3,1,1,1,1,5,0.5812020055884254,0.44279921516370857,0.5031735897064209,0.12998390197753906
500,5.2,3,1,1,1,1,6,0.805624545453445,0.46035800634768437,0.4992222785949707,0.12098836898803711
500,5.2,3,1,1,1,1,7,0.6931820748612563,0.32592078396379687,0.5165915489196777,0.10566377639770508
500,5.2,3,1,1,1,1,8,0.5279353658114304,0.3502855767105665,0.7039203643798828,0.11444711685180664
500,5.2,3,1,1,1,1,9,0.697255699045767,0.3598113694643397,0.5329630374908447,0.10260415077209473
500,5.2,3,1,1,1,1,10,0.6265766252495866,0.433167799439663,0.6019384860992432,0.13132166862487793
500,5.2,3,1,1,1,1,11,0.5905279801383535,0.4355016976981633,0.5503020286560059,0.12277507781982422
500,5.2,3,1,1,1,1,12,0.7245131693593546,0.420258310266875,0.5116987228393555,0.12958121299743652
500,5.2,3,1,1,1,1,13,0.5674043262710429,0.3967766967753216,0.7261295318603516,0.127763032913208
500,5.2,3,1,1,1,1,14,0.620682984700006,0.41133679689124175,0.5133206844329834,0.10312819480895996
500,5.2,3,1,1,1,1,15,0.7033499943160241,0.4885600438822789,0.532773494720459,0.09847784042358398
500,5.2,3,1,1,1,1,16,0.6279185471417456,0.4424041398008609,0.5416731834411621,0.12868404388427734
500,5.2,3,1,1,1,1,17,0.6483443661166184,0.39103025483787357,0.5878269672393799,0.08571052551269531
500,5.2,3,1,1,1,1,18,0.6126230823156915,0.4208575849107243,0.640965461730957,0.08219194412231445
500,5.2,3,1,1,1,1,19,0.6699719347764,0.390518502088459,0.7569494247436523,0.1496286392211914
500,5.2,3,1,1,1,1,20,0.628688492243609,0.4238758210810096,0.7279903888702393,0.12664055824279785
500,5.2,3,1,1,1,1,21,0.5640639337843926,0.34580875859466326,0.508002758026123,0.1376941204071045
500,5.2,3,1,1,1,1,22,0.5279364571865216,0.3381692149257096,0.6137778759002686,0.1169595718383789
500,5.2,3,1,1,1,1,23,0.8064861902277117,0.46313408396920946,0.5651679039001465,0.14479637145996094
500,5.2,3,1,1,1,1,24,0.6449134025667472,0.40665357159926085,0.6775197982788086,0.11267447471618652
500,5.4,3,1,1,1,1,0,0.5885768395650749,0.4469719567278716,0.717282772064209,0.11930274963378906
500,5.4,3,1,1,1,1,1,0.5598191376764436,0.38904012040283925,0.5568892955780029,0.10658526420593262
500,5.4,3,1,1,1,1,2,0.6651256512079391,0.37462019700305493,0.5858607292175293,0.11378216743469238
500,5.4,3,1,1,1,1,3,0.6910269300497713,0.47323746582179493,0.5281317234039307,0.11913514137268066
500,5.4,3,1,1,1,1,4,0.6485974264593654,0.4631771463037312,0.6003668308258057,0.11364245414733887
500,5.4,3,1,1,1,1,5,0.5327505173560529,0.3601805444090504,0.7128176689147949,0.11773991584777832
500,5.4,3,1,1,1,1,6,0.5273357085443954,0.46363092815775464,0.5760667324066162,0.08669161796569824
500,5.4,3,1,1,1,1,7,0.6635050972178074,0.40154071278656994,0.5546636581420898,0.130631685256958
500,5.4,3,1,1,1,1,8,0.6733618604668122,0.3518246433361619,0.5467550754547119,0.08195137977600098
500,5.4,3,1,1,1,1,9,0.631758235084244,0.40885791140567723,0.5149762630462646,0.14361000061035156
500,5.4,3,1,1,1,1,10,0.702778697998192,0.4447568003411339,0.627044677734375,0.13410687446594238
500,5.4,3,1,1,1,1,11,0.7544806659004494,0.48166275812556436,0.5172028541564941,0.11209487915039062
500,5.4,3,1,1,1,1,12,0.6129712432381826,0.46948313310382295,0.5328397750854492,0.09939718246459961
500,5.4,3,1,1,1,1,13,0.6917080102348834,0.43240762088135465,0.6019015312194824,0.11193203926086426
500,5.4,3,1,1,1,1,14,0.6647786050828358,0.40608381392682485,0.63761305809021,0.10408473014831543
500,5.4,3,1,1,1,1,15,0.5879775052270151,0.38818209215376487,0.7291569709777832,0.14615130424499512
500,5.4,3,1,1,1,1,16,0.6596726676547296,0.4448849414877602,0.6093642711639404,0.08270621299743652
500,5.4,3,1,1,1,1,17,0.726961802441886,0.39685313425243646,0.5869665145874023,0.0994257926940918
500,5.4,3,1,1,1,1,18,0.7166010103327765,0.4340001767336513,0.5020895004272461,0.12069535255432129
500,5.4,3,1,1,1,1,19,0.5429245743101841,0.4486717142222007,0.5172278881072998,0.1131744384765625
500,5.4,3,1,1,1,1,20,0.6247986377834168,0.42744700306574795,0.5645961761474609,0.14531564712524414
500,5.4,3,1,1,1,1,21,0.6178185801557727,0.379335205846739,0.6373891830444336,0.1321268081665039
500,5.4,3,1,1,1,1,22,0.7214217988389308,0.378579459544437,0.5325636863708496,0.10999035835266113
500,5.4,3,1,1,1,1,23,0.6238820627058657,0.40384947661396275,0.6281461715698242,0.10470342636108398
500,5.4,3,1,1,1,1,24,0.7633382769546463,0.38313018381393277,0.5808720588684082,0.11850404739379883
500,5.6000000000000005,3,1,1,1,1,0,0.6017785405143367,0.4638427206962187,0.5145397186279297,0.11291170120239258
500,5.6000000000000005,3,1,1,1,1,1,0.6062784517121368,0.46672850797596893,0.641768217086792,0.10940051078796387
500,5.6000000000000005,3,1,1,1,1,2,0.6084781865094852,0.4168193787257832,0.5448150634765625,0.10193729400634766
500,5.6000000000000005,3,1,1,1,1,3,0.6240774956141429,0.4134908217443449,0.6404297351837158,0.11853766441345215
500,5.6000000000000005,3,1,1,1,1,4,0.6730213613278112,0.4719018985098162,0.689835786819458,0.0897371768951416
500,5.6000000000000005,3,1,1,1,1,5,0.6820597166186353,0.5268913177022042,0.5875487327575684,0.09965014457702637
500,5.6000000000000005,3,1,1,1,1,6,0.6539607128433659,0.42815593261864915,0.5816094875335693,0.14440250396728516
500,5.6000000000000005,3,1,1,1,1,7,0.7254524773401109,0.41839320014614495,0.7159655094146729,0.1065821647644043
500,5.6000000000000005,3,1,1,1,1,8,0.6819050376605296,0.4413086686374154,0.5798897743225098,0.08619880676269531
500,5.6000000000000005,3,1,1,1,1,9,0.6492598406109492,0.4255637792756901,0.6657629013061523,0.11011457443237305
500,5.6000000000000005,3,1,1,1,1,10,0.7251514966394302,0.4652580340609487,0.6511096954345703,0.11252832412719727
500,5.6000000000000005,3,1,1,1,1,11,0.6281860141024065,0.4582765556045923,0.6370325088500977,0.10994815826416016
500,5.6000000000000005,3,1,1,1,1,12,0.6397594234007702,0.3875940743928264,0.645850658416748,0.1199796199798584
500,5.6000000000000005,3,1,1,1,1,13,0.8404332597958287,0.36190253896138525,0.5702495574951172,0.09825587272644043
500,5.6000000000000005,3,1,1,1,1,14,0.6223506886138898,0.48185949289557195,0.585604190826416,0.08260011672973633
500,5.6000000000000005,3,1,1,1,1,15,0.6845023780150232,0.4280482508710346,0.6024396419525146,0.09201216697692871
500,5.6000000000000005,3,1,1,1,1,16,0.7149724695438876,0.3964553227202207,0.626239538192749,0.09457111358642578
500,5.6000000000000005,3,1,1,1,1,17,0.594079682325261,0.4724638494103373,0.6347963809967041,0.1161491870880127
500,5.6000000000000005,3,1,1,1,1,18,0.6259115613694343,0.37718335234806416,0.5412180423736572,0.11844348907470703
500,5.6000000000000005,3,1,1,1,1,19,0.7097461970718271,0.32927940442436704,0.5227611064910889,0.10402083396911621
500,5.6000000000000005,3,1,1,1,1,20,0.6055678790871,0.40377553418199236,0.5498068332672119,0.0849308967590332
500,5.6000000000000005,3,1,1,1,1,21,0.7194061186132431,0.3858318884225992,0.5873034000396729,0.09874701499938965
500,5.6000000000000005,3,1,1,1,1,22,0.6540489657876029,0.38540809382836244,0.7036964893341064,0.11716318130493164
500,5.6000000000000005,3,1,1,1,1,23,0.675842466068216,0.46990191178789026,0.6811597347259521,0.1332697868347168
500,5.6000000000000005,3,1,1,1,1,24,0.7568219881104411,0.49477507618975136,0.6184282302856445,0.09479141235351562
500,5.800000000000001,3,1,1,1,1,0,0.6839115380395718,0.39438203026768537,0.5714554786682129,0.0816652774810791
500,5.800000000000001,3,1,1,1,1,1,0.7324382539678523,0.38329046579846443,0.5573487281799316,0.09116792678833008
500,5.800000000000001,3,1,1,1,1,2,0.8855027619454215,0.4318072175572466,0.6208722591400146,0.08887410163879395
500,5.800000000000001,3,1,1,1,1,3,0.7499800819433492,0.45242342164850446,0.765049934387207,0.1213383674621582
500,5.800000000000001,3,1,1,1,1,4,0.6266579516730255,0.7040629599211983,0.6636781692504883,0.1101689338684082
500,5.800000000000001,3,1,1,1,1,5,0.8101282210952958,0.4848819456306874,0.6159899234771729,0.1374201774597168
500,5.800000000000001,3,1,1,1,1,6,0.6493554374862477,0.4082333155857051,0.5787639617919922,0.0844113826751709
500,5.800000000000001,3,1,1,1,1,7,0.6944390435073104,0.4345854173015249,0.6888506412506104,0.14112281799316406
500,5.800000000000001,3,1,1,1,1,8,0.6774891623229428,0.39781493493033726,0.72357177734375,0.1110985279083252
500,5.800000000000001,3,1,1,1,1,9,0.744474228756681,0.384755478916132,0.5017728805541992,0.12074804306030273
500,5.800000000000001,3,1,1,1,1,10,0.8186122217723839,0.5998480890290216,0.5552442073822021,0.0840156078338623
500,5.800000000000001,3,1,1,1,1,11,0.568682884720132,0.3861732831496305,0.5788092613220215,0.08654642105102539
500,5.800000000000001,3,1,1,1,1,12,0.77374421680664,0.43172210317419596,0.5920629501342773,0.09179043769836426
500,5.800000000000001,3,1,1,1,1,13,0.6630334023454825,0.5007082324136454,0.6568644046783447,0.14342856407165527
500,5.800000000000001,3,1,1,1,1,14,0.7157953631024019,0.3774806469437703,0.671013593673706,0.1095433235168457
500,5.800000000000001,3,1,1,1,1,15,0.6740082583358202,0.4532597499886363,0.5761454105377197,0.10651087760925293
500,5.800000000000001,3,1,1,1,1,16,0.666586393644465,0.4913076063511166,0.5616557598114014,0.10651707649230957
500,5.800000000000001,3,1,1,1,1,17,0.6196116441578088,0.48822809380707677,0.5686259269714355,0.09952378273010254
500,5.800000000000001,3,1,1,1,1,18,0.762325360051843,0.43143225121118506,0.618417501449585,0.13419485092163086
500,5.800000000000001,3,1,1,1,1,19,0.6040887404170712,0.5003597810276599,0.70172119140625,0.12210869789123535
500,5.800000000000001,3,1,1,1,1,20,0.815500555175493,0.41237629784534047,0.5593163967132568,0.08251070976257324
500,5.800000000000001,3,1,1,1,1,21,0.7612796044367677,0.6328058009984557,0.6037571430206299,0.09651899337768555
500,5.800000000000001,3,1,1,1,1,22,0.7093023967799402,0.5110729129135336,0.5251333713531494,0.11951923370361328
500,5.800000000000001,3,1,1,1,1,23,0.662092852618775,0.4506811053181344,0.5297036170959473,0.13077759742736816
500,5.800000000000001,3,1,1,1,1,24,0.6328885805625296,0.4360393634608273,0.819162130355835,0.1655290126800537
500,6.0,3,1,1,1,1,0,0.7874284863246025,0.5430484888884687,0.5623393058776855,0.10145020484924316
500,6.0,3,1,1,1,1,1,0.7660880675745704,0.36587345797255516,0.6187641620635986,0.10497379302978516
500,6.0,3,1,1,1,1,2,0.6826135820604713,0.4867377026468024,0.5639729499816895,0.1341259479522705
500,6.0,3,1,1,1,1,3,0.7183084925558124,0.5212876794880686,0.553555965423584,0.08240962028503418
500,6.0,3,1,1,1,1,4,0.6618401373864721,0.43104573922651584,0.7029197216033936,0.12643837928771973
500,6.0,3,1,1,1,1,5,0.6653077291255949,0.3882452697793619,0.5911922454833984,0.10341978073120117
500,6.0,3,1,1,1,1,6,0.7973449204107125,0.4804438139900225,0.5605947971343994,0.11342716217041016
500,6.0,3,1,1,1,1,7,0.8530406918831437,0.4423704333572729,0.5252861976623535,0.10143399238586426
500,6.0,3,1,1,1,1,8,0.6731778921283842,0.47416318389787254,0.5264732837677002,0.10723328590393066
500,6.0,3,1,1,1,1,9,0.6525131822671543,0.41577492346289907,0.6051411628723145,0.1232461929321289
500,6.0,3,1,1,1,1,10,0.7593880433353476,0.5081035003742419,0.6707525253295898,0.11917996406555176
500,6.0,3,1,1,1,1,11,0.7468449531795196,0.39784263348570725,0.5648314952850342,0.09486794471740723
500,6.0,3,1,1,1,1,12,0.753271225579568,0.4920929117965004,0.5100502967834473,0.09907793998718262
500,6.0,3,1,1,1,1,13,0.8028326407975304,0.4153030552289174,0.5788900852203369,0.0978696346282959
500,6.0,3,1,1,1,1,14,0.721304877991949,0.40814677111743786,0.555185079574585,0.10600996017456055
500,6.0,3,1,1,1,1,15,0.6512504438931672,0.417976440617775,0.6463170051574707,0.11471056938171387
500,6.0,3,1,1,1,1,16,0.7574558227555344,0.5805279002208795,0.5387191772460938,0.11448359489440918
500,6.0,3,1,1,1,1,17,0.6807554808490052,0.5501786362319747,0.5708849430084229,0.09110069274902344
500,6.0,3,1,1,1,1,18,0.7081043757139196,0.42025184730472115,0.6037578582763672,0.08857369422912598
500,6.0,3,1,1,1,1,19,0.6649641275515262,0.5155748768295567,0.609548807144165,0.1266012191772461
500,6.0,3,1,1,1,1,20,0.7333258010263364,0.4808338844932196,0.7961723804473877,0.15430355072021484
500,6.0,3,1,1,1,1,21,0.6389852281567208,0.4708042131156822,0.540236234664917,0.13163161277770996
500,6.0,3,1,1,1,1,22,0.7396888228725993,0.46592801817548174,0.5750510692596436,0.11151456832885742
500,6.0,3,1,1,1,1,23,0.6515841717365736,0.443498245954442,0.5677742958068848,0.0915215015411377
500,6.0,3,1,1,1,1,24,0.682427376377382,0.4158774115948475,0.5807576179504395,0.10284805297851562
500,6.2,3,1,1,1,1,0,0.682906437219924,0.6275524228581472,0.6108856201171875,0.09856462478637695
500,6.2,3,1,1,1,1,1,0.776324613633129,0.6191476914748055,0.729118824005127,0.10489749908447266
500,6.2,3,1,1,1,1,2,0.6760431998059523,0.4580872539413771,0.6026482582092285,0.08839654922485352
500,6.2,3,1,1,1,1,3,0.776009669565965,0.48165986328037635,0.5675623416900635,0.09453392028808594
500,6.2,3,1,1,1,1,4,0.7547599816706567,0.4872041620938903,0.5696699619293213,0.11229085922241211
500,6.2,3,1,1,1,1,5,0.7033996326633853,0.5141043387771899,0.6194086074829102,0.11491560935974121
500,6.2,3,1,1,1,1,6,0.730595349530322,0.466838050247787,0.706885814666748,0.1355438232421875
500,6.2,3,1,1,1,1,7,0.8600524854704146,0.6413453905838377,0.604224443435669,0.08752942085266113
500,6.2,3,1,1,1,1,8,0.9029240512221426,0.44180406237376935,0.5782210826873779,0.09357142448425293
500,6.2,3,1,1,1,1,9,0.689470081749576,0.42110356268821775,0.5514330863952637,0.09887909889221191
500,6.2,3,1,1,1,1,10,0.7637086123339237,0.3603567312454998,0.5956823825836182,0.10114240646362305
500,6.2,3,1,1,1,1,11,0.6971214426426826,0.46013705670363736,0.7261388301849365,0.12373876571655273
500,6.2,3,1,1,1,1,12,0.7011873839817284,0.5859058537623631,0.5147840976715088,0.12071347236633301
500,6.2,3,1,1,1,1,13,0.7033944787894152,0.5104313296687416,0.5433902740478516,0.12041831016540527
500,6.2,3,1,1,1,1,14,0.8028617355084782,0.4631732615790269,0.7576911449432373,0.12421464920043945
500,6.2,3,1,1,1,1,15,0.7694547686255161,0.5476215214596355,0.7699670791625977,0.11747956275939941
500,6.2,3,1,1,1,1,16,0.7389840673736361,0.4489366049114394,0.5646915435791016,0.14325904846191406
500,6.2,3,1,1,1,1,17,0.7073636354921766,0.5604210194333531,0.6897757053375244,0.09377884864807129
500,6.2,3,1,1,1,1,18,0.7360131645500106,0.480674918220773,0.557079553604126,0.10563540458679199
500,6.2,3,1,1,1,1,19,0.6914429629020848,0.42310108901436483,0.5646908283233643,0.10445117950439453
500,6.2,3,1,1,1,1,20,0.785666156935166,0.5782566120859515,0.5577166080474854,0.1076962947845459
500,6.2,3,1,1,1,1,21,0.7046867952745918,0.4975457862850255,0.5083467960357666,0.14167356491088867
500,6.2,3,1,1,1,1,22,0.8535260867045387,0.46431635111512654,0.623079776763916,0.13245916366577148
500,6.2,3,1,1,1,1,23,0.7041072227864241,0.6420740290373371,0.5454568862915039,0.10314321517944336
500,6.2,3,1,1,1,1,24,0.6629480112672559,0.5044870163421737,0.48915624618530273,0.12534427642822266
500,6.4,3,1,1,1,1,0,0.7488510526947167,0.5228352104939683,0.5139687061309814,0.10226058959960938
500,6.4,3,1,1,1,1,1,0.6349125975369574,0.4879028268316739,0.5150995254516602,0.10026073455810547
500,6.4,3,1,1,1,1,2,0.7989364899331022,0.524855204363033,0.6635854244232178,0.1506965160369873
500,6.4,3,1,1,1,1,3,0.7465852305833254,0.48979106121631455,0.5578639507293701,0.08422970771789551
500,6.4,3,1,1,1,1,4,0.9743464630771637,0.4619807067976432,0.6172430515289307,0.08838367462158203
500,6.4,3,1,1,1,1,5,0.748249827659996,0.543976478445151,0.614037036895752,0.09469342231750488
500,6.4,3,1,1,1,1,6,0.7937975184904849,0.48981112126457815,0.6278059482574463,0.10542130470275879
500,6.4,3,1,1,1,1,7,0.73690035793074,0.5099240061083654,0.6338362693786621,0.1192331314086914
500,6.4,3,1,1,1,1,8,0.8247336565458436,0.4707822578413329,0.6352267265319824,0.12294483184814453
500,6.4,3,1,1,1,1,9,0.7425126959849719,0.5690776657561785,0.6986546516418457,0.1284620761871338
500,6.4,3,1,1,1,1,10,0.7230469496038606,0.5016066259859371,0.7092664241790771,0.1166536808013916
500,6.4,3,1,1,1,1,11,0.7741005994933018,0.43016823267773086,0.5855693817138672,0.08481526374816895
500,6.4,3,1,1,1,1,12,0.7403960279100906,0.45769173228832094,0.645500659942627,0.1114659309387207
500,6.4,3,1,1,1,1,13,0.8108262359438316,0.48313986454308083,0.6682229042053223,0.11532449722290039
500,6.4,3,1,1,1,1,14,0.6817351906245416,0.4893273448406441,0.5426857471466064,0.10860085487365723
500,6.4,3,1,1,1,1,15,0.8188275944108799,0.7092803218705744,0.6283540725708008,0.08342528343200684
500,6.4,3,1,1,1,1,16,0.7453670309076917,0.506232480924367,0.5999364852905273,0.0834646224975586
500,6.4,3,1,1,1,1,17,0.8964179641022573,0.42872616481784165,0.6252543926239014,0.09051084518432617
500,6.4,3,1,1,1,1,18,0.7427443950797311,0.46908595942164644,0.7134814262390137,0.125654935836792
500,6.4,3,1,1,1,1,19,0.7983371495643068,0.4720427867147967,0.538109540939331,0.11450481414794922
500,6.4,3,1,1,1,1,20,0.8170522406241002,0.5184458617669099,0.5259478092193604,0.10246515274047852
500,6.4,3,1,1,1,1,21,0.7369162712322102,0.5927523673491486,0.5556509494781494,0.11334705352783203
500,6.4,3,1,1,1,1,22,0.7409148161369227,0.6900238676744692,0.5141043663024902,0.11461925506591797
500,6.4,3,1,1,1,1,23,0.7944712801720802,0.558925532301445,0.6395750045776367,0.09066081047058105
500,6.4,3,1,1,1,1,24,0.7507595539845153,0.468937346994721,0.6677627563476562,0.1282358169555664
500,6.6000000000000005,3,1,1,1,1,0,0.8892273209618529,0.5136648737920543,0.5077497959136963,0.09302997589111328
500,6.6000000000000005,3,1,1,1,1,1,0.824839853009265,0.4845392765187737,0.5369157791137695,0.1150503158569336
500,6.6000000000000005,3,1,1,1,1,2,0.7953401051574426,0.4566514954517084,0.6132504940032959,0.08620166778564453
500,6.6000000000000005,3,1,1,1,1,3,0.8201819021872768,0.5526717447666046,0.5545849800109863,0.08606219291687012
500,6.6000000000000005,3,1,1,1,1,4,0.7137748517292999,0.5115356739087504,0.6803503036499023,0.14034771919250488
500,6.6000000000000005,3,1,1,1,1,5,0.8296650637884742,0.521205826219648,0.6818411350250244,0.11659407615661621
500,6.6000000000000005,3,1,1,1,1,6,0.7804221616222302,0.6009120244543038,0.5540966987609863,0.08086919784545898
500,6.6000000000000005,3,1,1,1,1,7,0.8001264975294168,0.545462296309797,0.5103461742401123,0.09960532188415527
500,6.6000000000000005,3,1,1,1,1,8,0.7355690682761008,0.4932064970123796,0.5148637294769287,0.0991065502166748
500,6.6000000000000005,3,1,1,1,1,9,1.0140626293729909,0.40566622046834266,0.5729551315307617,0.12984704971313477
500,6.6000000000000005,3,1,1,1,1,10,0.8686357416454258,0.4486303663354607,0.6538546085357666,0.142503023147583
500,6.6000000000000005,3,1,1,1,1,11,0.7662426032612446,0.48232305567698813,0.5965287685394287,0.09340906143188477
500,6.6000000000000005,3,1,1,1,1,12,0.7468920321798054,0.41612095865528037,0.609572172164917,0.08432292938232422
500,6.6000000000000005,3,1,1,1,1,13,0.8553256173500182,0.602694832911194,0.6392941474914551,0.08277583122253418
500,6.6000000000000005,3,1,1,1,1,14,0.9760599084208436,0.44189247979672147,0.6473021507263184,0.12127161026000977
500,6.6000000000000005,3,1,1,1,1,15,0.8362912790574097,0.46809191537966965,0.6724460124969482,0.12049126625061035
500,6.6000000000000005,3,1,1,1,1,16,0.797393017768422,0.5739127547046498,0.558262825012207,0.11724042892456055
500,6.6000000000000005,3,1,1,1,1,17,0.7633067634578735,0.5866394494373615,0.5568881034851074,0.10130047798156738
500,6.6000000000000005,3,1,1,1,1,18,0.9096942109485142,0.5185606574611525,0.6344203948974609,0.0870053768157959
500,6.6000000000000005,3,1,1,1,1,19,0.761811086216335,0.48945728605965455,0.5889420509338379,0.09151005744934082
500,6.6000000000000005,3,1,1,1,1,20,0.8618499845647937,0.565795424412572,0.7674787044525146,0.13414883613586426
500,6.6000000000000005,3,1,1,1,1,21,0.7645921288459504,0.5185975738205483,0.6151652336120605,0.08955216407775879
500,6.6000000000000005,3,1,1,1,1,22,0.6986535056301307,0.5179945022432052,0.5280511379241943,0.12357521057128906
500,6.6000000000000005,3,1,1,1,1,23,0.7788811060875904,0.5136270733487264,0.5232527256011963,0.10604715347290039
500,6.6000000000000005,3,1,1,1,1,24,0.8146638265553084,0.5212128977680233,0.5963361263275146,0.10705041885375977
500,6.800000000000001,3,1,1,1,1,0,0.7522453958803711,0.4923395241352726,0.7070930004119873,0.14478754997253418
500,6.800000000000001,3,1,1,1,1,1,0.8045818223371066,0.5289785983034045,0.5972936153411865,0.1141347885131836
500,6.800000000000001,3,1,1,1,1,2,0.790830548895999,0.44978376685811644,0.5890493392944336,0.10708093643188477
500,6.800000000000001,3,1,1,1,1,3,0.9289516791903775,0.5528350479050782,0.5981254577636719,0.10051608085632324
500,6.800000000000001,3,1,1,1,1,4,0.8754984335050064,0.48191360158634544,0.5686464309692383,0.10251522064208984
500,6.800000000000001,3,1,1,1,1,5,0.807036383837731,0.5862150435866204,0.616436243057251,0.1175241470336914
500,6.800000000000001,3,1,1,1,1,6,0.9072302491707037,0.5209864763985269,0.6677496433258057,0.12251877784729004
500,6.800000000000001,3,1,1,1,1,7,0.8441745709471318,0.5795605992606632,0.5622313022613525,0.08840537071228027
500,6.800000000000001,3,1,1,1,1,8,0.8091839565129026,0.4328033775485278,0.6133506298065186,0.08253097534179688
500,6.800000000000001,3,1,1,1,1,9,0.9290041427974931,0.5711191022728724,0.6157524585723877,0.09609007835388184
500,6.800000000000001,3,1,1,1,1,10,0.7843223728597475,0.5972398663707047,0.588951587677002,0.0815126895904541
500,6.800000000000001,3,1,1,1,1,11,0.8022482719582508,0.48281513970810297,0.7654953002929688,0.11995267868041992
500,6.800000000000001,3,1,1,1,1,12,0.7197575559990543,0.6293519552732253,0.5493619441986084,0.10641694068908691
500,6.800000000000001,3,1,1,1,1,13,0.7589071135119738,0.4961563371519988,0.5222406387329102,0.11951756477355957
500,6.800000000000001,3,1,1,1,1,14,0.8294780327248303,0.5002860753446293,0.5295097827911377,0.10503721237182617
500,6.800000000000001,3,1,1,1,1,15,0.8396294625705224,0.483896670340716,0.49605894088745117,0.12505245208740234
500,6.800000000000001,3,1,1,1,1,16,0.8209112319127241,0.6804440578562703,0.6235041618347168,0.14256763458251953
500,6.800000000000001,3,1,1,1,1,17,0.8306664217331222,0.48601482341364566,0.7231976985931396,0.1320512294769287
500,6.800000000000001,3,1,1,1,1,18,0.826293876696888,0.6392935869816462,0.5473859310150146,0.10643887519836426
500,6.800000000000001,3,1,1,1,1,19,0.886286289521496,0.49204270140697204,0.5875959396362305,0.11850786209106445
500,6.800000000000001,3,1,1,1,1,20,0.8063448765844322,0.5669363170986247,0.6855330467224121,0.13294339179992676
500,6.800000000000001,3,1,1,1,1,21,0.9356857724761488,0.617511796090681,0.6447198390960693,0.09944653511047363
500,6.800000000000001,3,1,1,1,1,22,0.7602995358688128,0.4747713791142083,0.6615967750549316,0.11751341819763184
500,6.800000000000001,3,1,1,1,1,23,0.8196105016509789,0.5964174809562668,0.49397897720336914,0.11141562461853027
500,6.800000000000001,3,1,1,1,1,24,0.7636407773717003,0.6291913887601994,0.536797285079956,0.12412118911743164
500,7.0,3,1,1,1,1,0,0.7705824073995571,0.6403362646889256,0.5276260375976562,0.10614013671875
500,7.0,3,1,1,1,1,1,0.8307216062189866,0.7472891920966024,0.5768828392028809,0.09253048896789551
500,7.0,3,1,1,1,1,2,0.8149194005235703,0.5772407391717576,0.5653915405273438,0.12195968627929688
500,7.0,3,1,1,1,1,3,0.7381240011631169,0.5953967843827774,0.7436120510101318,0.1009969711303711
500,7.0,3,1,1,1,1,4,1.0031847022508285,0.6546340703964387,0.5563194751739502,0.13604187965393066
500,7.0,3,1,1,1,1,5,0.8468451761238167,0.6055971448272274,0.56184983253479,0.10511541366577148
500,7.0,3,1,1,1,1,6,0.9802338259762442,0.5702919561725687,0.5082657337188721,0.11810517311096191
500,7.0,3,1,1,1,1,7,1.0229024687185189,0.6155898574770291,0.538947582244873,0.12707948684692383
500,7.0,3,1,1,1,1,8,0.9596127839745545,0.4793814325297418,0.6884415149688721,0.12403321266174316
500,7.0,3,1,1,1,1,9,0.7860888314692591,0.46082161034446495,0.515841007232666,0.1106252670288086
500,7.0,3,1,1,1,1,10,0.9112532926355383,0.4617761382465462,0.574465274810791,0.11615896224975586
500,7.0,3,1,1,1,1,11,0.835938485943675,0.6745858164818397,0.5806961059570312,0.10372304916381836
500,7.0,3,1,1,1,1,12,0.769669525212492,0.5850277849769838,0.5858004093170166,0.10200357437133789
500,7.0,3,1,1,1,1,13,0.8327256130526498,0.45363754382269234,0.7566382884979248,0.12367415428161621
500,7.0,3,1,1,1,1,14,0.9709729560292043,0.4445616026637049,0.6507182121276855,0.13432574272155762
500,7.0,3,1,1,1,1,15,0.8172727995790903,0.47722539058868907,0.6382942199707031,0.1436142921447754
500,7.0,3,1,1,1,1,16,0.8996450059179081,0.44457532037825215,0.5174305438995361,0.09745502471923828
500,7.0,3,1,1,1,1,17,0.8131274299450771,0.5053881936603578,0.5856339931488037,0.09251594543457031
500,7.0,3,1,1,1,1,18,0.7191534008292526,0.543414608784297,0.7443158626556396,0.10963988304138184
500,7.0,3,1,1,1,1,19,0.8726427161371767,0.4791095985447032,0.5328588485717773,0.101348876953125
500,7.0,3,1,1,1,1,20,1.0044356551279898,0.5651542719450248,0.556624174118042,0.11156320571899414
500,7.0,3,1,1,1,1,21,0.8177983117625579,0.5339560427393579,0.563901424407959,0.10013771057128906
500,7.0,3,1,1,1,1,22,0.8711947431039181,0.7101361349371397,0.5825793743133545,0.1000664234161377
500,7.0,3,1,1,1,1,23,0.8914669182241983,0.5395691956477969,0.5970134735107422,0.08465981483459473
500,7.0,3,1,1,1,1,24,0.8755218485282574,0.6497205127532518,0.6634297370910645,0.12470841407775879
500,7.2,3,1,1,1,1,0,1.0987946289460897,0.5916746900807188,0.5080657005310059,0.1056671142578125
500,7.2,3,1,1,1,1,1,0.875383045091092,0.6236845081944309,0.5974268913269043,0.10241961479187012
500,7.2,3,1,1,1,1,2,0.8232448780356099,0.5834587546033598,0.5204939842224121,0.10666465759277344
500,7.2,3,1,1,1,1,3,0.9143972879796763,0.5240541707551298,0.5467066764831543,0.10346102714538574
500,7.2,3,1,1,1,1,4,0.8273665348384331,0.5605205989040444,0.6418595314025879,0.12956738471984863
500,7.2,3,1,1,1,1,5,0.8855179932876739,0.5319824075546278,0.676649808883667,0.12127304077148438
500,7.2,3,1,1,1,1,6,0.942414369092767,0.518265047023284,0.5351998805999756,0.10305166244506836
500,7.2,3,1,1,1,1,7,0.7354540833311096,0.6161403865574746,0.5906631946563721,0.09615111351013184
500,7.2,3,1,1,1,1,8,0.8758384083670904,0.752469745402015,0.6241333484649658,0.07967233657836914
500,7.2,3,1,1,1,1,9,0.9649505609260881,0.7094470819287357,0.6323528289794922,0.08896040916442871
500,7.2,3,1,1,1,1,10,0.9008508745548905,0.5343758012291794,0.89143967628479,0.12328243255615234
500,7.2,3,1,1,1,1,11,0.8419375584751303,0.5124411668187289,0.518394947052002,0.10244035720825195
500,7.2,3,1,1,1,1,12,0.790207590264088,0.5487883967149709,0.5373272895812988,0.10360884666442871
500,7.2,3,1,1,1,1,13,0.8801426919615505,0.6848989310325977,0.5341019630432129,0.10897397994995117
500,7.2,3,1,1,1,1,14,0.9932223111031342,0.49448179063903397,0.5255641937255859,0.09639835357666016
500,7.2,3,1,1,1,1,15,0.8625528450835394,0.766229837532073,0.6555874347686768,0.11493229866027832
500,7.2,3,1,1,1,1,16,0.8290777601642378,0.5744338469702253,0.6713597774505615,0.12070202827453613
500,7.2,3,1,1,1,1,17,0.939691614303052,0.680132179357151,0.5328028202056885,0.10850930213928223
500,7.2,3,1,1,1,1,18,0.9510467087433158,0.6126441539570084,0.5408682823181152,0.13083386421203613
500,7.2,3,1,1,1,1,19,0.863195296512909,0.4872397973698201,0.5003883838653564,0.10679817199707031
500,7.2,3,1,1,1,1,20,0.8240783523210986,0.6296218338557945,0.5711302757263184,0.12451767921447754
500,7.2,3,1,1,1,1,21,0.9962273642545801,0.5251095469315926,0.6482334136962891,0.13136768341064453
500,7.2,3,1,1,1,1,22,0.837413332954664,0.6117411615566594,0.5425236225128174,0.09798693656921387
500,7.2,3,1,1,1,1,23,0.8368157152850817,0.5481026227924558,0.5957913398742676,0.08911728858947754
500,7.2,3,1,1,1,1,24,0.7718357350880937,0.538055570196234,0.5611968040466309,0.09248781204223633
500,7.4,3,1,1,1,1,0,0.8680287364332544,0.6374268307740985,0.5994706153869629,0.13293862342834473
500,7.4,3,1,1,1,1,1,0.927655069162228,0.502084685847116,0.592210054397583,0.14171576499938965
500,7.4,3,1,1,1,1,2,0.8655824645657624,0.5334653513073,0.6336212158203125,0.09847593307495117
500,7.4,3,1,1,1,1,3,0.8798356222653895,0.5842062064402571,0.5721304416656494,0.09851264953613281
500,7.4,3,1,1,1,1,4,0.9445343948731294,0.4892449067488232,0.5669424533843994,0.11266660690307617
500,7.4,3,1,1,1,1,5,0.9291125041161008,0.5431109091030638,0.5711624622344971,0.13064956665039062
500,7.4,3,1,1,1,1,6,0.860602945176685,0.578984720008675,0.8548333644866943,0.15035152435302734
500,7.4,3,1,1,1,1,7,0.923385683062494,0.5749244643180069,0.5645184516906738,0.11362957954406738
500,7.4,3,1,1,1,1,8,1.0025168695509896,0.543261680936735,0.5640254020690918,0.11264586448669434
500,7.4,3,1,1,1,1,9,0.7707777096554875,0.5808167648804553,0.6028387546539307,0.08799576759338379
500,7.4,3,1,1,1,1,10,0.9826714280331222,0.6092957142948813,0.6105222702026367,0.08631277084350586
500,7.4,3,1,1,1,1,11,0.9571284991472264,0.5621121005402279,0.7546160221099854,0.11989402770996094
500,7.4,3,1,1,1,1,12,0.8008079168925376,0.6423210996474973,0.5675115585327148,0.0873260498046875
500,7.4,3,1,1,1,1,13,0.848390355198196,0.5354486529562825,0.5557458400726318,0.11825990676879883
500,7.4,3,1,1,1,1,14,0.9174622982443621,0.7859624989436047,0.5324459075927734,0.11067986488342285
500,7.4,3,1,1,1,1,15,1.0025347216056677,0.7225784140866484,0.539149284362793,0.09165430068969727
500,7.4,3,1,1,1,1,16,0.9114124003015716,0.6227890524540758,0.5926632881164551,0.08959794044494629
500,7.4,3,1,1,1,1,17,0.9891363801812981,0.5499070949166897,0.682166576385498,0.13175082206726074
500,7.4,3,1,1,1,1,18,0.9447206765863918,0.7316968979543538,0.5502011775970459,0.10255575180053711
500,7.4,3,1,1,1,1,19,0.9382529711553413,0.5394292204979192,0.6279962062835693,0.14216089248657227
500,7.4,3,1,1,1,1,20,1.0267032129294233,0.5220170676318362,0.5424726009368896,0.11577153205871582
500,7.4,3,1,1,1,1,21,0.954747008250019,0.5818331542743935,0.5384531021118164,0.1027066707611084
500,7.4,3,1,1,1,1,22,0.9198655479584217,0.5833818119885332,0.6930069923400879,0.15173745155334473
500,7.4,3,1,1,1,1,23,0.9438546002212502,0.8576024024137919,0.5552775859832764,0.10348963737487793
500,7.4,3,1,1,1,1,24,0.8700433757759173,0.487017055007181,0.6188907623291016,0.11055564880371094
500,7.6000000000000005,3,1,1,1,1,0,1.084374315474053,0.5666932352591195,0.607609748840332,0.14191436767578125
500,7.6000000000000005,3,1,1,1,1,1,0.9464187151959337,0.6113876774874285,0.5827984809875488,0.11966896057128906
500,7.6000000000000005,3,1,1,1,1,2,0.9232517773907186,0.9023719414276739,0.6788623332977295,0.11824250221252441
500,7.6000000000000005,3,1,1,1,1,3,0.8762649225700735,0.5131758789065763,0.5947480201721191,0.0966176986694336
500,7.6000000000000005,3,1,1,1,1,4,0.9710267135751444,0.6192543815161811,0.5898637771606445,0.1014566421508789
500,7.6000000000000005,3,1,1,1,1,5,0.8828897965720764,0.5279266372401555,0.5789222717285156,0.09760427474975586
500,7.6000000000000005,3,1,1,1,1,6,1.0694647010847163,0.7603641887944842,0.5478997230529785,0.09827136993408203
500,7.6000000000000005,3,1,1,1,1,7,0.8765472333508526,0.6739822182896555,0.5343806743621826,0.12334036827087402
500,7.6000000000000005,3,1,1,1,1,8,0.9499765548000747,0.7618920341972769,0.6184310913085938,0.127183198928833
500,7.6000000000000005,3,1,1,1,1,9,0.9653978483744882,0.9032181800190979,0.5171892642974854,0.09548568725585938
500,7.6000000000000005,3,1,1,1,1,10,0.9289886643159692,0.5840515437318896,0.5533814430236816,0.10160398483276367
500,7.6000000000000005,3,1,1,1,1,11,1.0347926605429767,0.7191126592981367,0.5290207862854004,0.12534880638122559
500,7.6000000000000005,3,1,1,1,1,12,1.0769102688391516,0.7233334434667468,0.5416374206542969,0.09266829490661621
500,7.6000000000000005,3,1,1,1,1,13,0.8371748095128656,0.7171326445371049,0.5838375091552734,0.13024592399597168
500,7.6000000000000005,3,1,1,1,1,14,1.0403921956310243,0.6610624316014079,0.6728401184082031,0.15575551986694336
500,7.6000000000000005,3,1,1,1,1,15,2.6918868819375157,0.5572437550779173,0.5992612838745117,0.10348057746887207
500,7.6000000000000005,3,1,1,1,1,16,0.8893785413480572,0.5440769456612897,0.5478663444519043,0.125807523727417
500,7.6000000000000005,3,1,1,1,1,17,0.9572707044745147,0.6210159359744518,0.5783967971801758,0.14269328117370605
500,7.6000000000000005,3,1,1,1,1,18,0.8775216270577167,0.8353232141414914,0.5761427879333496,0.1382887363433838
500,7.6000000000000005,3,1,1,1,1,19,0.8895034964715098,0.5598423701392038,0.6929121017456055,0.1250295639038086
500,7.6000000000000005,3,1,1,1,1,20,0.9789558796372484,0.536446699101854,0.6969583034515381,0.11354517936706543
500,7.6000000000000005,3,1,1,1,1,21,1.0205042861526836,0.5417635799262394,0.6837701797485352,0.12630438804626465
500,7.6000000000000005,3,1,1,1,1,22,2.6170921733896866,0.642684730081611,0.5784728527069092,0.08644914627075195
500,7.6000000000000005,3,1,1,1,1,23,0.9428884220751055,0.7562837989277952,0.6447160243988037,0.11377429962158203
500,7.6000000000000005,3,1,1,1,1,24,0.8567322008413945,0.6786276873018878,0.6911873817443848,0.12064266204833984
500,7.800000000000001,3,1,1,1,1,0,0.9798178024064113,0.7343352659102116,0.5438263416290283,0.1214756965637207
500,7.800000000000001,3,1,1,1,1,1,1.1138271348202629,0.6398570667365242,0.5595977306365967,0.08809423446655273
500,7.800000000000001,3,1,1,1,1,2,0.9887078773976871,0.6317306675562788,0.6335461139678955,0.08634090423583984
500,7.800000000000001,3,1,1,1,1,3,0.9719195044669928,0.8038817161313584,0.6127288341522217,0.10075044631958008
500,7.800000000000001,3,1,1,1,1,4,0.9970477922080763,0.6346452321722462,0.6453616619110107,0.14740467071533203
500,7.800000000000001,3,1,1,1,1,5,0.9182703719316245,0.6652095057772069,0.7086458206176758,0.11181092262268066
500,7.800000000000001,3,1,1,1,1,6,1.0658270404908885,0.5578674421928005,0.6085329055786133,0.08838558197021484
500,7.800000000000001,3,1,1,1,1,7,0.9670603277244934,0.5800678573533986,0.5326340198516846,0.11279845237731934
500,7.800000000000001,3,1,1,1,1,8,1.0150698573434407,0.6278449120090467,0.519942045211792,0.1351327896118164
500,7.800000000000001,3,1,1,1,1,9,0.8653402060426706,0.6359313151392539,0.580106258392334,0.13269329071044922
500,7.800000000000001,3,1,1,1,1,10,1.1965728843228998,0.7305097962912562,0.7404747009277344,0.10976505279541016
500,7.800000000000001,3,1,1,1,1,11,1.047032224705233,0.7363539771479296,0.5870506763458252,0.09518671035766602
500,7.800000000000001,3,1,1,1,1,12,0.9222821627812671,0.5933841333581918,0.5944547653198242,0.1296989917755127
500,7.800000000000001,3,1,1,1,1,13,1.0552281126039393,0.4692419244066507,0.593289852142334,0.11783814430236816
500,7.800000000000001,3,1,1,1,1,14,0.9321514112125784,0.7570373086292717,0.5975325107574463,0.10358476638793945
500,7.800000000000001,3,1,1,1,1,15,0.8727105422295051,0.7105963255835328,0.8129594326019287,0.17781949043273926
500,7.800000000000001,3,1,1,1,1,16,2.7824580936169627,0.8569088913263436,0.5941638946533203,0.08902788162231445
500,7.800000000000001,3,1,1,1,1,17,0.9062717462059826,0.5459260114756843,0.5805258750915527,0.07971453666687012
500,7.800000000000001,3,1,1,1,1,18,1.0421113406854614,0.777226312468141,0.6041085720062256,0.09858512878417969
500,7.800000000000001,3,1,1,1,1,19,0.9500312416212554,0.5934011827979876,0.5828287601470947,0.08963251113891602
500,7.800000000000001,3,1,1,1,1,20,1.020242336843406,0.6435648649576553,0.7018210887908936,0.12360811233520508
500,7.800000000000001,3,1,1,1,1,21,1.0376450083794397,0.512461797039525,0.6371259689331055,0.0911414623260498
500,7.800000000000001,3,1,1,1,1,22,1.1570395158346864,0.6433546754653895,0.5568537712097168,0.10659432411193848
500,7.800000000000001,3,1,1,1,1,23,0.9910707386602666,0.7259380154938755,0.5336074829101562,0.12734532356262207
500,7.800000000000001,3,1,1,1,1,24,0.9417154547857549,0.6609319095001297,0.5306487083435059,0.10252094268798828
500,8.0,3,1,1,1,1,0,0.9232681640509058,0.6297758651679233,0.6550564765930176,0.11931037902832031
500,8.0,3,1,1,1,1,1,2.551139953564833,1.1957324978466215,0.6778903007507324,0.13951826095581055
500,8.0,3,1,1,1,1,2,1.1251354140260426,0.6775124102498599,0.5641787052154541,0.10346460342407227
500,8.0,3,1,1,1,1,3,1.01823930738149,0.5596847935456998,0.5776159763336182,0.100067138671875
500,8.0,3,1,1,1,1,4,1.0352766122749633,0.6053164931773906,0.5075531005859375,0.10685992240905762
500,8.0,3,1,1,1,1,5,0.879499149315473,0.5831524449863146,0.6027669906616211,0.09963250160217285
500,8.0,3,1,1,1,1,6,0.8745208535854343,0.6790483273643976,0.6967470645904541,0.1325223445892334
500,8.0,3,1,1,1,1,7,0.9301381887126893,0.6720454948606603,0.5176138877868652,0.1255817413330078
500,8.0,3,1,1,1,1,8,2.825749571347916,1.050625448242607,0.5827822685241699,0.10143756866455078
500,8.0,3,1,1,1,1,9,0.9932569725486089,0.6579900087151055,0.570336103439331,0.10942220687866211
500,8.0,3,1,1,1,1,10,1.0945713625797842,0.7064374310348995,0.6863017082214355,0.11965441703796387
500,8.0,3,1,1,1,1,11,0.9249490454954066,0.579953174587269,0.7602875232696533,0.12860822677612305
500,8.0,3,1,1,1,1,12,0.9511730436201677,0.7466567961332982,0.5661594867706299,0.10961174964904785
500,8.0,3,1,1,1,1,13,0.8994353682644106,0.5520889878211331,0.5172934532165527,0.10861063003540039
500,8.0,3,1,1,1,1,14,1.2919712148716562,0.6361878608537875,0.5348732471466064,0.1205756664276123
500,8.0,3,1,1,1,1,15,0.930120261522069,0.7850045354941013,0.5087766647338867,0.12152981758117676
500,8.0,3,1,1,1,1,16,0.9793089119794497,0.5876147055892275,0.5733432769775391,0.13982653617858887
500,8.0,3,1,1,1,1,17,0.9456368516298019,0.686268060708964,0.7133498191833496,0.13222432136535645
500,8.0,3,1,1,1,1,18,1.0265402478644288,0.8556018908924363,0.5629727840423584,0.11108040809631348
500,8.0,3,1,1,1,1,19,1.1564259812581232,0.5913738337121106,0.5260336399078369,0.12350940704345703
500,8.0,3,1,1,1,1,20,1.113412563692375,0.7616596754762807,0.651106595993042,0.09965324401855469
500,8.0,3,1,1,1,1,21,0.894666298732976,0.5749289711699945,0.671015739440918,0.11026644706726074
500,8.0,3,1,1,1,1,22,0.8328162935256567,0.5310065461678989,0.6715309619903564,0.11931633949279785
500,8.0,3,1,1,1,1,23,2.1706757464150823,0.7964777171497899,0.5744280815124512,0.116424560546875
500,8.0,3,1,1,1,1,24,0.9799729719986848,0.6636227822360729,0.5858340263366699,0.0980992317199707
500,8.200000000000001,3,1,1,1,1,0,1.0165125991396042,0.7740490487973285,0.5818419456481934,0.08937501907348633
500,8.200000000000001,3,1,1,1,1,1,0.9734452180585466,0.6523336799312321,0.5444514751434326,0.10667252540588379
500,8.200000000000001,3,1,1,1,1,2,1.1080467951089341,0.6708725990246532,0.6629979610443115,0.1293637752532959
500,8.200000000000001,3,1,1,1,1,3,1.1037744346500278,0.6837054110413675,0.6604256629943848,0.11065816879272461
500,8.200000000000001,3,1,1,1,1,4,0.9158821641291983,0.631427355826435,0.5728597640991211,0.10568857192993164
500,8.200000000000001,3,1,1,1,1,5,2.7220586608511703,2.2126353448897977,0.7544381618499756,0.11771392822265625
500,8.200000000000001,3,1,1,1,1,6,1.0290241621708784,0.6901516273548897,0.7608535289764404,0.12157964706420898
500,8.200000000000001,3,1,1,1,1,7,1.0772632886813238,0.764071410405326,0.7347841262817383,0.11763858795166016
500,8.200000000000001,3,1,1,1,1,8,2.620171094062359,2.2032534045494434,0.658836841583252,0.08953666687011719
500,8.200000000000001,3,1,1,1,1,9,1.308797788628268,0.6349776849231001,0.5714378356933594,0.08052873611450195
500,8.200000000000001,3,1,1,1,1,10,0.9114868533953653,0.6030100752108953,0.6350810527801514,0.08966684341430664
500,8.200000000000001,3,1,1,1,1,11,0.9710712160796267,0.784610767458134,0.5750880241394043,0.08943939208984375
500,8.200000000000001,3,1,1,1,1,12,1.013387702911867,0.9566183374798556,0.6775810718536377,0.11766386032104492
500,8.200000000000001,3,1,1,1,1,13,0.9302548904612763,0.6755821215755503,0.6115942001342773,0.09977340698242188
500,8.200000000000001,3,1,1,1,1,14,2.8242657450503215,0.7940940362140758,0.5937283039093018,0.08426713943481445
500,8.200000000000001,3,1,1,1,1,15,1.0889902750625367,0.7444874664480499,0.5911586284637451,0.08662772178649902
500,8.200000000000001,3,1,1,1,1,16,1.0468831592133951,0.770653493713357,0.6080145835876465,0.08875107765197754
500,8.200000000000001,3,1,1,1,1,17,0.9700154114546028,0.781283189954052,0.622572660446167,0.1088261604309082
500,8.200000000000001,3,1,1,1,1,18,0.8934839438216488,0.7905907083654616,0.6698262691497803,0.1454620361328125
500,8.200000000000001,3,1,1,1,1,19,1.0481448662734358,0.9869784173256579,0.7287094593048096,0.11551046371459961
500,8.200000000000001,3,1,1,1,1,20,2.8166788717618756,0.8762697163177395,0.5937967300415039,0.08871150016784668
500,8.200000000000001,3,1,1,1,1,21,1.031766933795359,0.7936426076714829,0.5991322994232178,0.10144591331481934
500,8.200000000000001,3,1,1,1,1,22,1.1203681213103012,0.6265222344958606,0.5807499885559082,0.09060382843017578
500,8.200000000000001,3,1,1,1,1,23,1.3811579862421126,0.5822094575846298,0.5991294384002686,0.1411285400390625
500,8.200000000000001,3,1,1,1,1,24,1.0485092876086441,0.6131838736205278,0.7012906074523926,0.13543105125427246
500,8.4,3,1,1,1,1,0,2.057535345311393,0.7123686543080671,0.56654953956604,0.14060735702514648
500,8.4,3,1,1,1,1,1,0.9548013483122292,0.8375618793193265,0.5891456604003906,0.10246562957763672
500,8.4,3,1,1,1,1,2,1.021637889227014,0.9826202563930333,0.5784609317779541,0.09570121765136719
500,8.4,3,1,1,1,1,3,0.9883885142978742,1.0226802674597029,0.7001330852508545,0.10933542251586914
500,8.4,3,1,1,1,1,4,2.6995924143049828,1.088621900290841,0.6230354309082031,0.09373903274536133
500,8.4,3,1,1,1,1,5,1.1867877907780622,0.6953546510054281,0.5179901123046875,0.10854554176330566
500,8.4,3,1,1,1,1,6,1.193480945609001,0.7507269110988443,0.5455183982849121,0.10109257698059082
500,8.4,3,1,1,1,1,7,2.802459604293294,0.6773060961018379,0.5703878402709961,0.12804746627807617
500,8.4,3,1,1,1,1,8,2.4313731740611084,0.7706787802316417,0.6054058074951172,0.0999293327331543
500,8.4,3,1,1,1,1,9,2.0307262220588824,1.057148252407595,0.653571367263794,0.1376938819885254
500,8.4,3,1,1,1,1,10,1.2560435449390974,0.8261188989011555,0.5727815628051758,0.09979987144470215
500,8.4,3,1,1,1,1,11,1.5049255086687368,0.5938005894131506,0.5605909824371338,0.0934290885925293
500,8.4,3,1,1,1,1,12,1.1476816990075804,0.7825361087769508,0.5681302547454834,0.11558699607849121
500,8.4,3,1,1,1,1,13,1.2233298172612024,0.6308985838007992,0.5864198207855225,0.11403131484985352
500,8.4,3,1,1,1,1,14,1.482769364732686,0.6801018814041999,0.6216790676116943,0.09090590476989746
500,8.4,3,1,1,1,1,15,1.0041790820004892,0.6181317803980053,0.6595666408538818,0.1276838779449463
500,8.4,3,1,1,1,1,16,2.4545856768967504,1.1162575883526333,0.6535389423370361,0.09513664245605469
500,8.4,3,1,1,1,1,17,1.8805854406120277,0.8237097186978244,0.5689051151275635,0.10367512702941895
500,8.4,3,1,1,1,1,18,1.1154873770198417,0.5977360593999312,0.6107761859893799,0.08947920799255371
500,8.4,3,1,1,1,1,19,1.1572486791511492,0.7375781567102181,0.6555283069610596,0.1256256103515625
500,8.4,3,1,1,1,1,20,1.7777683056741154,0.9920820878088672,0.7662091255187988,0.12868905067443848
500,8.4,3,1,1,1,1,21,2.2416526849650626,1.6493597013912824,0.6531426906585693,0.09967994689941406
500,8.4,3,1,1,1,1,22,1.1184071173333712,0.651986978753731,0.5859169960021973,0.07954168319702148
500,8.4,3,1,1,1,1,23,1.2078042528562354,0.5194319329134944,0.6096813678741455,0.08369636535644531
500,8.4,3,1,1,1,1,24,2.5642834569086013,1.722221995053881,0.6507532596588135,0.10863327980041504
500,8.6,3,1,1,1,1,0,1.0120928921548449,0.7977033228972542,0.6811749935150146,0.12263965606689453
500,8.6,3,1,1,1,1,1,1.154231063463288,0.7646204534847787,0.5661277770996094,0.11419153213500977
500,8.6,3,1,1,1,1,2,1.0447302549436988,0.8538301674701999,0.5814805030822754,0.12531065940856934
500,8.6,3,1,1,1,1,3,1.353717720524972,0.6441603038648234,0.5548479557037354,0.1206357479095459
500,8.6,3,1,1,1,1,4,1.0389109683774023,0.7240840696261661,0.5784742832183838,0.10731005668640137
500,8.6,3,1,1,1,1,5,2.674695529232548,3.051211034708536,0.6847052574157715,0.12685203552246094
500,8.6,3,1,1,1,1,6,2.760545033063782,1.037628616443095,0.5330829620361328,0.10686397552490234
500,8.6,3,1,1,1,1,7,2.758087508900889,1.1636513431511972,0.5699241161346436,0.08805346488952637
500,8.6,3,1,1,1,1,8,2.671092805096341,1.9437794861121778,0.5364477634429932,0.09360527992248535
500,8.6,3,1,1,1,1,9,1.359884619241112,0.7600533607278307,0.564211368560791,0.1025547981262207
500,8.6,3,1,1,1,1,10,2.525462723073268,0.8842125674644865,0.606856107711792,0.14522838592529297
500,8.6,3,1,1,1,1,11,1.0689173092969617,0.6854301547007067,0.6124615669250488,0.0911715030670166
500,8.6,3,1,1,1,1,12,0.9310692204422257,0.8344509430147652,0.524080753326416,0.09818291664123535
500,8.6,3,1,1,1,1,13,0.9600519100286733,0.6547921105725079,0.6101746559143066,0.08263874053955078
500,8.6,3,1,1,1,1,14,2.5383815049526,1.125208678049238,0.6052913665771484,0.10763120651245117
500,8.6,3,1,1,1,1,15,0.9257207815663222,0.7153367618288506,0.7755608558654785,0.1336967945098877
500,8.6,3,1,1,1,1,16,1.3267854656667954,0.5892050697539611,0.6681714057922363,0.09478926658630371
500,8.6,3,1,1,1,1,17,2.633392040255582,0.8352030645845407,0.5579028129577637,0.1110072135925293
500,8.6,3,1,1,1,1,18,2.828375928036636,0.8274961029005666,0.5075180530548096,0.10142731666564941
500,8.6,3,1,1,1,1,19,1.2052070296985047,0.7980877500518694,0.5629322528839111,0.0954444408416748
500,8.6,3,1,1,1,1,20,2.754218698231971,0.8192360382988398,0.5767219066619873,0.10203051567077637
500,8.6,3,1,1,1,1,21,1.5454668722093967,0.7339828446007325,0.7534947395324707,0.12018799781799316
500,8.6,3,1,1,1,1,22,1.4046171987578193,0.9091185023999472,0.7029271125793457,0.10025811195373535
500,8.6,3,1,1,1,1,23,2.3926918111725146,0.7792529445489098,0.5565686225891113,0.0929102897644043
500,8.6,3,1,1,1,1,24,2.7845845376424254,0.7816497853922895,0.6334290504455566,0.13384747505187988
500,8.8,3,1,1,1,1,0,1.1792898767237112,0.7241816450230194,0.5766341686248779,0.1154928207397461
500,8.8,3,1,1,1,1,1,1.808282274854995,0.8403729863474729,0.6605188846588135,0.10840702056884766
500,8.8,3,1,1,1,1,2,2.5817222490793243,0.8331812354309618,0.7609939575195312,0.11843562126159668
500,8.8,3,1,1,1,1,3,1.8754313364123367,0.8283425769762488,0.558652400970459,0.10504651069641113
500,8.8,3,1,1,1,1,4,1.162884416257166,0.7348457771553861,0.5980899333953857,0.10099172592163086
500,8.8,3,1,1,1,1,5,1.5082640240923455,0.5658503861248789,0.5689642429351807,0.13210082054138184
500,8.8,3,1,1,1,1,6,2.8038603431312827,1.157368678118001,0.6026949882507324,0.10911345481872559
500,8.8,3,1,1,1,1,7,2.7580373498390585,0.8097699040320813,0.7770943641662598,0.10492730140686035
500,8.8,3,1,1,1,1,8,2.607159315225678,0.6858051475615476,0.5825150012969971,0.0788874626159668
500,8.8,3,1,1,1,1,9,2.6392965712482215,1.8059591447318504,0.6113004684448242,0.11710262298583984
500,8.8,3,1,1,1,1,10,2.8270904453608052,0.7867391548773566,0.74861741065979,0.12320232391357422
500,8.8,3,1,1,1,1,11,1.233930102246016,0.8712679118777107,0.5582516193389893,0.07808494567871094
500,8.8,3,1,1,1,1,12,2.8274030258687164,1.5932704024934006,0.6460108757019043,0.12064242362976074
500,8.8,3,1,1,1,1,13,2.812391642865278,0.6793528501533481,0.5494801998138428,0.10157179832458496
500,8.8,3,1,1,1,1,14,2.049413973436408,1.2169972995599956,0.5815746784210205,0.1146688461303711
500,8.8,3,1,1,1,1,15,1.0378638419614135,0.6545753892013877,0.5547966957092285,0.11402416229248047
500,8.8,3,1,1,1,1,16,2.6685328646985993,0.8641564014859194,0.5326070785522461,0.12205386161804199
500,8.8,3,1,1,1,1,17,1.18488798853191,0.741700777452824,0.6154882907867432,0.1270127296447754
500,8.8,3,1,1,1,1,18,1.0214867758312736,0.6260494823128762,0.7176012992858887,0.12383580207824707
500,8.8,3,1,1,1,1,19,2.084091567272644,1.2097793363416267,0.5715532302856445,0.07753682136535645
500,8.8,3,1,1,1,1,20,1.2990103926773005,0.6980282871173383,0.6073503494262695,0.09477829933166504
500,8.8,3,1,1,1,1,21,2.650168630443205,0.7382054752752816,0.5415709018707275,0.1242825984954834
500,8.8,3,1,1,1,1,22,2.7823972010319795,1.99124062262314,0.5652241706848145,0.09995818138122559
500,8.8,3,1,1,1,1,23,2.6954215997787068,0.9486601200492275,0.5472583770751953,0.1322641372680664
500,8.8,3,1,1,1,1,24,1.1040565947724528,1.0364782608719094,0.5852077007293701,0.08185839653015137
500,9.0,3,1,1,1,1,0,1.1688313647556041,0.6064911224335813,0.5891993045806885,0.0845332145690918
500,9.0,3,1,1,1,1,1,2.8146670475481828,0.8518801287729106,0.5334062576293945,0.09564423561096191
500,9.0,3,1,1,1,1,2,2.8064825938254434,2.0196999557608404,0.5566561222076416,0.08185410499572754
500,9.0,3,1,1,1,1,3,2.3010257424716083,1.276539710554716,0.6785399913787842,0.1116325855255127
500,9.0,3,1,1,1,1,4,1.348491529338371,0.8189472931354952,0.6586496829986572,0.1111598014831543
500,9.0,3,1,1,1,1,5,2.4428323147970525,0.807258685951881,0.7330818176269531,0.16524744033813477
500,9.0,3,1,1,1,1,6,1.1031054229022972,0.8367559836292027,0.5714879035949707,0.12142395973205566
500,9.0,3,1,1,1,1,7,1.4715319629835986,0.7134586994579823,0.5242645740509033,0.10106563568115234
500,9.0,3,1,1,1,1,8,2.6966129679298345,0.9174049125554293,0.5530664920806885,0.12770867347717285
500,9.0,3,1,1,1,1,9,2.8097287859362243,0.7266088385490942,0.733574390411377,0.11472082138061523
500,9.0,3,1,1,1,1,10,2.3478260755580918,0.657602145214986,0.5771346092224121,0.09949374198913574
500,9.0,3,1,1,1,1,11,2.7488174202112163,0.8225098066653187,0.593040943145752,0.103057861328125
500,9.0,3,1,1,1,1,12,1.401384957557696,0.7647766584545491,0.5836935043334961,0.09351778030395508
500,9.0,3,1,1,1,1,13,2.7743035275161803,1.8107881977569693,0.6436145305633545,0.11766171455383301
500,9.0,3,1,1,1,1,14,2.6180092682498106,1.308748560399436,0.6582579612731934,0.12552809715270996
500,9.0,3,1,1,1,1,15,2.23636035544831,0.7590796733714024,0.5653054714202881,0.11431288719177246
500,9.0,3,1,1,1,1,16,2.826400628132726,0.8585848744439274,0.6083228588104248,0.08349108695983887
500,9.0,3,1,1,1,1,17,2.82722599758359,0.9502935600873244,0.6154525279998779,0.09251022338867188
500,9.0,3,1,1,1,1,18,2.7813559896151734,1.7051180546683684,0.5457296371459961,0.1455705165863037
500,9.0,3,1,1,1,1,19,2.8263425162727924,0.8819648679229309,0.6914117336273193,0.1256551742553711
500,9.0,3,1,1,1,1,20,2.1580437586868837,0.9812340294232356,0.7197434902191162,0.09349799156188965
500,9.0,3,1,1,1,1,21,1.1980533308096566,0.6961992786099297,0.5389552116394043,0.10841584205627441
500,9.0,3,1,1,1,1,22,2.5970698856326506,0.8822090446252554,0.5987691879272461,0.10528135299682617
500,9.0,3,1,1,1,1,23,1.8943968676260434,0.6869155103126545,0.6401433944702148,0.0964505672454834
500,9.0,3,1,1,1,1,24,2.7464193870959988,2.0306830160745672,0.7481017112731934,0.1358325481414795
500,9.200000000000001,3,1,1,1,1,0,1.3421814471014635,0.7514650677812963,0.701838493347168,0.11210989952087402
500,9.200000000000001,3,1,1,1,1,1,2.684109643870218,1.1112549029009076,0.5915200710296631,0.07944631576538086
500,9.200000000000001,3,1,1,1,1,2,2.4291301030034127,1.056517499399761,0.5967857837677002,0.09143352508544922
500,9.200000000000001,3,1,1,1,1,3,2.828415735708916,2.1095512956052485,0.6272907257080078,0.08857417106628418
500,9.200000000000001,3,1,1,1,1,4,2.8281532733239705,0.7015968191980086,0.6406369209289551,0.11076641082763672
500,9.200000000000001,3,1,1,1,1,5,1.5598443498336496,0.8257238445426272,0.6856014728546143,0.1272282600402832
500,9.200000000000001,3,1,1,1,1,6,2.6446272708480265,0.9886422305758475,0.5473425388336182,0.11377286911010742
500,9.200000000000001,3,1,1,1,1,7,2.730369186122642,0.9828590933895986,0.5685000419616699,0.07491469383239746
500,9.200000000000001,3,1,1,1,1,8,2.4856424498079277,0.844609593352288,0.6025266647338867,0.09869623184204102
500,9.200000000000001,3,1,1,1,1,9,2.3981700901477288,0.7379862230609644,0.5928809642791748,0.09045600891113281
500,9.200000000000001,3,1,1,1,1,10,2.615880071327058,2.4074513457498026,0.6723489761352539,0.16259241104125977
500,9.200000000000001,3,1,1,1,1,11,2.506184363012571,0.9078407024312147,0.7218317985534668,0.08894944190979004
500,9.200000000000001,3,1,1,1,1,12,1.0657034205337474,0.8542942846464175,0.5756134986877441,0.08832406997680664
500,9.200000000000001,3,1,1,1,1,13,2.728040358234056,0.8729087232278601,0.5766899585723877,0.1000678539276123
500,9.200000000000001,3,1,1,1,1,14,2.656490794884217,1.1671423693717053,0.528611421585083,0.10378623008728027
500,9.200000000000001,3,1,1,1,1,15,1.5264328821244055,0.8587666489212669,0.6617727279663086,0.11530041694641113
500,9.200000000000001,3,1,1,1,1,16,2.7535264508468096,1.0881571656640818,0.6539297103881836,0.11408400535583496
500,9.200000000000001,3,1,1,1,1,17,2.7719354882486926,2.6012744000319263,0.5280740261077881,0.09523558616638184
500,9.200000000000001,3,1,1,1,1,18,2.7959582163265257,0.80302960939061,0.5237820148468018,0.09097599983215332
500,9.200000000000001,3,1,1,1,1,19,2.8269089826728604,0.740674910293853,0.6762368679046631,0.10222363471984863
500,9.200000000000001,3,1,1,1,1,20,2.683685885927358,0.7183383858237229,0.7225713729858398,0.1242380142211914
500,9.200000000000001,3,1,1,1,1,21,2.8066494296550433,0.8588041005693409,0.6497457027435303,0.0931694507598877
500,9.200000000000001,3,1,1,1,1,22,2.769845979543265,1.1662879995982993,0.5651979446411133,0.11117959022521973
500,9.200000000000001,3,1,1,1,1,23,2.6062233976067026,1.4156783640756294,0.5868222713470459,0.09731435775756836
500,9.200000000000001,3,1,1,1,1,24,2.8264069069366125,0.9826531032096496,0.6176795959472656,0.10773301124572754
500,9.4,3,1,1,1,1,0,2.7789236851151613,1.2813303673332719,0.5491180419921875,0.12421035766601562
500,9.4,3,1,1,1,1,1,2.747613017196404,0.8223541867815627,0.6902077198028564,0.12168407440185547
500,9.4,3,1,1,1,1,2,2.6463563418579703,0.9464512258973277,0.5534920692443848,0.09659528732299805
500,9.4,3,1,1,1,1,3,2.828033191111363,0.7930801851912231,0.6071529388427734,0.10857987403869629
500,9.4,3,1,1,1,1,4,2.792167093470114,2.2088226756747233,0.6221833229064941,0.10372519493103027
500,9.4,3,1,1,1,1,5,2.788322149723457,1.6536322951368634,0.541682243347168,0.11212682723999023
500,9.4,3,1,1,1,1,6,2.735874151656031,1.09846255604684,0.707144021987915,0.1247413158416748
500,9.4,3,1,1,1,1,7,1.8576120255128736,0.6832272514463674,0.6493926048278809,0.12163138389587402
500,9.4,3,1,1,1,1,8,2.7063468343232606,0.7017201334269924,0.5230283737182617,0.10948586463928223
500,9.4,3,1,1,1,1,9,2.7441167023962114,1.2005422651368989,0.5224671363830566,0.10153818130493164
500,9.4,3,1,1,1,1,10,2.545690862643702,0.6966764143841916,0.5429019927978516,0.08418941497802734
500,9.4,3,1,1,1,1,11,2.509400458953081,1.7521418386775118,0.6471912860870361,0.11117267608642578
500,9.4,3,1,1,1,1,12,2.7927338623614615,1.6839073347894071,0.6460955142974854,0.12256360054016113
500,9.4,3,1,1,1,1,13,2.76610177917949,0.6959907278069503,0.5205104351043701,0.10662269592285156
500,9.4,3,1,1,1,1,14,2.610546544644005,1.2580449682134056,0.5728840827941895,0.12856149673461914
500,9.4,3,1,1,1,1,15,2.7877521911505445,1.1274831739843412,0.6506807804107666,0.1116325855255127
500,9.4,3,1,1,1,1,16,2.7079289685010575,0.8239154472661936,0.566950798034668,0.11230659484863281
500,9.4,3,1,1,1,1,17,2.8279891268312785,0.7186528345481776,0.5995030403137207,0.14522314071655273
500,9.4,3,1,1,1,1,18,2.4673854410827394,1.1865123911694067,0.59930419921875,0.09952378273010254
500,9.4,3,1,1,1,1,19,2.7796402529503803,0.701964659171607,0.5807323455810547,0.09745383262634277
500,9.4,3,1,1,1,1,20,1.4045858291780535,0.8827344314109487,0.5809276103973389,0.09857892990112305
500,9.4,3,1,1,1,1,21,1.3031320036354568,0.7569995315245946,0.5454919338226318,0.10457730293273926
500,9.4,3,1,1,1,1,22,2.178116967484708,1.0049870217991095,0.59222412109375,0.10273218154907227
500,9.4,3,1,1,1,1,23,2.82826384527592,2.623432395890517,0.7331736087799072,0.1155698299407959
500,9.4,3,1,1,1,1,24,2.353478010803779,0.9039166556944993,0.5666234493255615,0.09243464469909668
500,9.600000000000001,3,1,1,1,1,0,2.394371010439618,0.8249272167680742,0.5728964805603027,0.10784673690795898
500,9.600000000000001,3,1,1,1,1,1,2.812205558877496,2.6891587738890896,0.5683672428131104,0.10758233070373535
500,9.600000000000001,3,1,1,1,1,2,2.4763876500202686,1.598859794037493,0.5754570960998535,0.11113667488098145
500,9.600000000000001,3,1,1,1,1,3,2.6436724039826918,0.878244201357833,0.6536459922790527,0.12917208671569824
500,9.600000000000001,3,1,1,1,1,4,2.806646943150558,1.2711273025711387,0.5495891571044922,0.1070108413696289
500,9.600000000000001,3,1,1,1,1,5,2.7668419410612297,0.8230607034981876,0.5840487480163574,0.11161541938781738
500,9.600000000000001,3,1,1,1,1,6,2.674801905066777,1.4491423965865466,0.497391939163208,0.12334299087524414
500,9.600000000000001,3,1,1,1,1,7,2.5481722288514397,0.9207689371751255,0.5378396511077881,0.09157681465148926
500,9.600000000000001,3,1,1,1,1,8,1.4029740297284072,0.9400870728584753,0.7879354953765869,0.12266921997070312
500,9.600000000000001,3,1,1,1,1,9,2.1050342219381912,1.199215469374418,0.6396896839141846,0.1056513786315918
500,9.600000000000001,3,1,1,1,1,10,2.4326799151940297,1.4861137973283538,0.5969314575195312,0.12163686752319336
500,9.600000000000001,3,1,1,1,1,11,2.827532552088011,1.2569501971810113,0.7397115230560303,0.12768840789794922
500,9.600000000000001,3,1,1,1,1,12,2.8181854428484674,0.9187539216553231,0.6092164516448975,0.08453226089477539
500,9.600000000000001,3,1,1,1,1,13,2.813307240966434,1.795457419198743,0.6851556301116943,0.11273789405822754
500,9.600000000000001,3,1,1,1,1,14,2.8063325285008944,1.2698165861454136,0.6857457160949707,0.11670279502868652
500,9.600000000000001,3,1,1,1,1,15,2.665307910009726,1.122883187423537,0.5790636539459229,0.08258390426635742
500,9.600000000000001,3,1,1,1,1,16,2.7397925692271285,0.7901232259745752,0.5922999382019043,0.08956074714660645
500,9.600000000000001,3,1,1,1,1,17,2.469755033818278,1.7569649311035995,0.5669872760772705,0.09162330627441406
500,9.600000000000001,3,1,1,1,1,18,2.8277680056495647,1.3448206319331015,0.646172285079956,0.1077265739440918
500,9.600000000000001,3,1,1,1,1,19,2.8284045294469724,1.9298307143662108,0.6725597381591797,0.11560726165771484
500,9.600000000000001,3,1,1,1,1,20,2.8168429448017456,1.0002392576080432,0.5070340633392334,0.10410618782043457
500,9.600000000000001,3,1,1,1,1,21,2.71925526577697,1.7762097919672504,0.5650539398193359,0.11208152770996094
500,9.600000000000001,3,1,1,1,1,22,2.8263674969770465,1.1421164995226685,0.5231349468231201,0.11753129959106445
500,9.600000000000001,3,1,1,1,1,23,2.518732129883095,0.8970679868614017,0.51802659034729,0.132918119430542
500,9.600000000000001,3,1,1,1,1,24,2.765587503279088,1.6137523466773662,0.6819324493408203,0.13847851753234863
500,9.8,3,1,1,1,1,0,2.8137600355014682,1.2796835507734194,0.5650172233581543,0.08862662315368652
500,9.8,3,1,1,1,1,1,2.7615742033000164,1.3063909113092622,0.5579812526702881,0.10542917251586914
500,9.8,3,1,1,1,1,2,2.69656896532701,2.993192322012665,0.6230769157409668,0.09353256225585938
500,9.8,3,1,1,1,1,3,1.2805871541369243,0.9211374343163142,0.6348419189453125,0.0904245376586914
500,9.8,3,1,1,1,1,4,2.802970113891378,3.092269439526111,0.5948615074157715,0.13784289360046387
500,9.8,3,1,1,1,1,5,2.719045933007481,1.2883004372973847,0.8528330326080322,0.1151573657989502
500,9.8,3,1,1,1,1,6,2.826883491257203,1.5323264010866875,0.6062572002410889,0.09056806564331055
500,9.8,3,1,1,1,1,7,2.116415148698517,1.2344316810263503,0.6414580345153809,0.09147500991821289
500,9.8,3,1,1,1,1,8,2.761099036545457,0.7894989028143987,0.6315915584564209,0.11259984970092773
500,9.8,3,1,1,1,1,9,2.823240758932755,1.6351383836131677,0.6004712581634521,0.13060235977172852
500,9.8,3,1,1,1,1,10,2.789733273388953,1.700132141412225,0.7171978950500488,0.12065005302429199
500,9.8,3,1,1,1,1,11,2.8105548855786253,1.148592181052104,0.5859594345092773,0.10454249382019043
500,9.8,3,1,1,1,1,12,1.3799597869495555,0.8800384252579214,0.6263933181762695,0.09647679328918457
500,9.8,3,1,1,1,1,13,2.6925780663167314,2.277929006831512,0.6305644512176514,0.08922767639160156
500,9.8,3,1,1,1,1,14,2.257131203440375,0.7581056099227196,0.6208646297454834,0.09309673309326172
500,9.8,3,1,1,1,1,15,2.809980863533019,1.714103890532407,0.6566488742828369,0.14188027381896973
500,9.8,3,1,1,1,1,16,2.828392670775088,1.722129074335683,0.5904359817504883,0.09929728507995605
500,9.8,3,1,1,1,1,17,2.7424410036616704,1.4240599451399798,0.5916492938995361,0.11368131637573242
500,9.8,3,1,1,1,1,18,2.828195456006043,2.0557967253147127,0.537029504776001,0.10434985160827637
500,9.8,3,1,1,1,1,19,2.809249979027633,1.6123845747274477,0.5381021499633789,0.08827042579650879
500,9.8,3,1,1,1,1,20,2.7922576830104786,1.317149559064165,0.6465604305267334,0.10277676582336426
500,9.8,3,1,1,1,1,21,2.7980761647686974,2.1068655262807234,0.6596789360046387,0.13271427154541016
500,9.8,3,1,1,1,1,22,2.399832046623674,1.545606236215768,0.6119747161865234,0.10473370552062988
500,9.8,3,1,1,1,1,23,2.8276087105482164,1.7931695987485945,0.5922191143035889,0.1254267692565918
500,9.8,3,1,1,1,1,24,2.7514484558301273,1.6118454578179773,0.6575803756713867,0.10556626319885254
