n,s1,1_p_s2,s2,beta,q,sqrt_q,rep_no,eigen_mat_rerr,eigen_mat_terr,eigen_mat_ev_time,eigen_mat_cal_translation_time
500,0.0,0.96,0.4,1,1,1,0,0.026325789635941645,0.057521454078224364,0.33749842643737793,0.065643310546875
500,0.0,0.96,0.4,1,1,1,1,0.023643164218793918,0.05856822375963024,0.36444711685180664,0.06352734565734863
500,0.0,0.96,0.4,1,1,1,2,0.023715523820494022,0.0564597315372844,0.3109889030456543,0.060120344161987305
500,0.0,0.96,0.4,1,1,1,3,0.026417235472979417,0.04540483830366734,0.32091808319091797,0.06520867347717285
500,0.0,0.96,0.4,1,1,1,4,0.024757983887933314,0.049590878872311055,0.3088676929473877,0.06253314018249512
500,0.0,0.96,0.4,1,1,1,5,0.02484354241343877,0.056370033672761895,0.3329591751098633,0.06671857833862305
500,0.0,0.96,0.4,1,1,1,6,0.02335120254118889,0.04665299617523501,0.3888578414916992,0.08311724662780762
500,0.0,0.96,0.4,1,1,1,7,0.024483646123727935,0.04693541214425009,0.4299187660217285,0.06663036346435547
500,0.0,0.96,0.4,1,1,1,8,0.022611982425629413,0.057661637606710364,0.3106532096862793,0.05606698989868164
500,0.0,0.96,0.4,1,1,1,9,0.02490650986027348,0.04541973700497571,0.31905245780944824,0.06235647201538086
500,0.0,0.96,0.4,1,1,1,10,0.02637022683633465,0.0488380011946805,0.3278646469116211,0.07474946975708008
500,0.0,0.96,0.4,1,1,1,11,0.02395811610487564,0.043959930079249095,0.30700254440307617,0.05895853042602539
500,0.0,0.96,0.4,1,1,1,12,0.024677431348286982,0.05283942613719695,0.3164184093475342,0.06666779518127441
500,0.0,0.96,0.4,1,1,1,13,0.02500300587893024,0.05073227481666767,0.3334066867828369,0.06996536254882812
500,0.0,0.96,0.4,1,1,1,14,0.021723155190109714,0.04702174126557482,0.34591174125671387,0.062005043029785156
500,0.0,0.96,0.4,1,1,1,15,0.022684499475302437,0.05587213275011011,0.33587217330932617,0.05663585662841797
500,0.0,0.96,0.4,1,1,1,16,0.021286069146811214,0.05093053710944408,0.3227999210357666,0.05971193313598633
500,0.0,0.96,0.4,1,1,1,17,0.024792630430207227,0.05043150676196925,0.31173229217529297,0.06472325325012207
500,0.0,0.96,0.4,1,1,1,18,0.023294860448632333,0.05955135680027603,0.3112523555755615,0.06165814399719238
500,0.0,0.96,0.4,1,1,1,19,0.023437665187768544,0.05060014817016586,0.3355216979980469,0.06319093704223633
500,0.0,0.96,0.4,1,1,1,20,0.023340779906539866,0.05512661935617412,0.33902597427368164,0.0734245777130127
500,0.0,0.96,0.4,1,1,1,21,0.021358858488454865,0.051505445593276585,0.437206506729126,0.0713965892791748
500,0.0,0.96,0.4,1,1,1,22,0.02409620742624718,0.04729984756646086,0.3156423568725586,0.06998443603515625
500,0.0,0.96,0.4,1,1,1,23,0.025896120197406253,0.05845260395626247,0.3422236442565918,0.06520223617553711
500,0.0,0.96,0.4,1,1,1,24,0.022565295166517913,0.04605032129005461,0.32560062408447266,0.06508207321166992
500,0.2,0.96,0.4,1,1,1,0,0.03097148721190392,0.051792085269559446,0.3236825466156006,0.06464290618896484
500,0.2,0.96,0.4,1,1,1,1,0.03395020325705379,0.051282926557220936,0.32059597969055176,0.059967994689941406
500,0.2,0.96,0.4,1,1,1,2,0.02776712540886511,0.046655497241620825,0.3370683193206787,0.0750117301940918
500,0.2,0.96,0.4,1,1,1,3,0.03149973009767589,0.05679341067678773,0.3836178779602051,0.07795596122741699
500,0.2,0.96,0.4,1,1,1,4,0.031567968618212074,0.057270112529451585,0.3246133327484131,0.06207895278930664
500,0.2,0.96,0.4,1,1,1,5,0.03162693693266641,0.0581894419225644,0.3166775703430176,0.06899857521057129
500,0.2,0.96,0.4,1,1,1,6,0.033666396173535354,0.06152591710527322,0.3127298355102539,0.06994175910949707
500,0.2,0.96,0.4,1,1,1,7,0.03053523568018664,0.05104053125137424,0.3179490566253662,0.05804014205932617
500,0.2,0.96,0.4,1,1,1,8,0.03206317721012061,0.053261632417084634,0.33388352394104004,0.06216621398925781
500,0.2,0.96,0.4,1,1,1,9,0.03036331829082571,0.050526302036203494,0.3248729705810547,0.06773638725280762
500,0.2,0.96,0.4,1,1,1,10,0.030124740053113327,0.05322618601711295,0.4510982036590576,0.07952547073364258
500,0.2,0.96,0.4,1,1,1,11,0.03107280325832302,0.05579380037371649,0.32485222816467285,0.07123589515686035
500,0.2,0.96,0.4,1,1,1,12,0.03628104898688353,0.054224384610271695,0.3274078369140625,0.05564236640930176
500,0.2,0.96,0.4,1,1,1,13,0.032870161590655124,0.053524218860261694,0.3255600929260254,0.06099724769592285
500,0.2,0.96,0.4,1,1,1,14,0.030109442856726107,0.05309431051116617,0.3464970588684082,0.056964874267578125
500,0.2,0.96,0.4,1,1,1,15,0.031854705010002766,0.05187213443642443,0.31759190559387207,0.05699968338012695
500,0.2,0.96,0.4,1,1,1,16,0.02828601868644724,0.05463358539517919,0.3554959297180176,0.06090211868286133
500,0.2,0.96,0.4,1,1,1,17,0.037163127260945665,0.05576327312232566,0.4388096332550049,0.10806822776794434
500,0.2,0.96,0.4,1,1,1,18,0.0324907204218646,0.04928812304702545,0.47535252571105957,0.10774612426757812
500,0.2,0.96,0.4,1,1,1,19,0.031757707425081744,0.04883144078368966,0.4228825569152832,0.0824594497680664
500,0.2,0.96,0.4,1,1,1,20,0.03383424829887669,0.053851993041777686,0.4721853733062744,0.08746719360351562
500,0.2,0.96,0.4,1,1,1,21,0.03297309265464592,0.06043318055395699,0.49701619148254395,0.0982975959777832
500,0.2,0.96,0.4,1,1,1,22,0.029446468678720767,0.06152636582101642,0.48151707649230957,0.10295844078063965
500,0.2,0.96,0.4,1,1,1,23,0.02985699162350726,0.05350499001400014,0.539344310760498,0.11276888847351074
500,0.2,0.96,0.4,1,1,1,24,0.031038160441863097,0.05833936297451985,0.615222692489624,0.13524317741394043
500,0.4,0.96,0.4,1,1,1,0,0.0550450907916837,0.0561323153978583,0.4936635494232178,0.10241532325744629
500,0.4,0.96,0.4,1,1,1,1,0.046418511293670875,0.053724801946614505,0.4946620464324951,0.110809326171875
500,0.4,0.96,0.4,1,1,1,2,0.04409891947224094,0.05666098139047831,0.5081086158752441,0.11094045639038086
500,0.4,0.96,0.4,1,1,1,3,0.044661929950104755,0.06847188804622294,0.6044888496398926,0.14080333709716797
500,0.4,0.96,0.4,1,1,1,4,0.053877022151289915,0.05629409792976943,0.5372574329376221,0.13642239570617676
500,0.4,0.96,0.4,1,1,1,5,0.054174019783015566,0.05755704847046988,0.4854438304901123,0.10027885437011719
500,0.4,0.96,0.4,1,1,1,6,0.04849448024900937,0.05394962400008749,0.4946315288543701,0.09681272506713867
500,0.4,0.96,0.4,1,1,1,7,0.052388605152296576,0.06270257374823032,0.5408182144165039,0.11225128173828125
500,0.4,0.96,0.4,1,1,1,8,0.0468619229570864,0.0722132551885488,0.5200479030609131,0.13335275650024414
500,0.4,0.96,0.4,1,1,1,9,0.05404482084214065,0.06018009327309603,0.5969011783599854,0.12527704238891602
500,0.4,0.96,0.4,1,1,1,10,0.04496242479776761,0.05930122852175913,0.483919620513916,0.09851455688476562
500,0.4,0.96,0.4,1,1,1,11,0.052413125238552245,0.05426382426472887,0.511829137802124,0.1070718765258789
500,0.4,0.96,0.4,1,1,1,12,0.05052609125146358,0.05366589675660793,0.49563169479370117,0.1163640022277832
500,0.4,0.96,0.4,1,1,1,13,0.052673457753159215,0.052093811914468685,0.5053901672363281,0.1008455753326416
500,0.4,0.96,0.4,1,1,1,14,0.046186929572323066,0.057184361505356066,0.528278112411499,0.11464476585388184
500,0.4,0.96,0.4,1,1,1,15,0.049299896634090026,0.04893187797194158,0.600522518157959,0.1263895034790039
500,0.4,0.96,0.4,1,1,1,16,0.05255390725430594,0.056498522467741105,0.5040593147277832,0.09735417366027832
500,0.4,0.96,0.4,1,1,1,17,0.04886325225693077,0.05798259076549014,0.503638505935669,0.10233950614929199
500,0.4,0.96,0.4,1,1,1,18,0.04340180094339339,0.05162649648992106,0.47054481506347656,0.10258221626281738
500,0.4,0.96,0.4,1,1,1,19,0.0467345243966776,0.05465739711645494,0.522608757019043,0.0925302505493164
500,0.4,0.96,0.4,1,1,1,20,0.04797431518042366,0.05535766609384147,0.5128805637359619,0.12653326988220215
500,0.4,0.96,0.4,1,1,1,21,0.050673713885956734,0.05128829430001449,0.5880141258239746,0.13574767112731934
500,0.4,0.96,0.4,1,1,1,22,0.04948574827907457,0.05528359715177619,0.5090281963348389,0.09771227836608887
500,0.4,0.96,0.4,1,1,1,23,0.048571667586869226,0.061218335954391676,0.503248929977417,0.11351156234741211
500,0.4,0.96,0.4,1,1,1,24,0.04940821842269407,0.05391490019511934,0.5111985206604004,0.10833239555358887
500,0.6000000000000001,0.96,0.4,1,1,1,0,0.0745718351680613,0.05310702844064109,0.5445120334625244,0.11304402351379395
500,0.6000000000000001,0.96,0.4,1,1,1,1,0.06825358023104743,0.06208625969652204,0.5851809978485107,0.1305849552154541
500,0.6000000000000001,0.96,0.4,1,1,1,2,0.08089438506415858,0.07672139558243488,0.5021190643310547,0.11040830612182617
500,0.6000000000000001,0.96,0.4,1,1,1,3,0.07515069593188443,0.06681169430237932,0.669219970703125,0.10205459594726562
500,0.6000000000000001,0.96,0.4,1,1,1,4,0.07440537534136832,0.06368213483798532,0.5986275672912598,0.10710501670837402
500,0.6000000000000001,0.96,0.4,1,1,1,5,0.06450039123603782,0.059642775959371265,0.5151767730712891,0.09954357147216797
500,0.6000000000000001,0.96,0.4,1,1,1,6,0.07398612904622759,0.05854388881233968,0.634446382522583,0.13680052757263184
500,0.6000000000000001,0.96,0.4,1,1,1,7,0.06954201790355197,0.0715293778153003,0.6719682216644287,0.11701488494873047
500,0.6000000000000001,0.96,0.4,1,1,1,8,0.07209552232649442,0.06001574679515194,0.5310161113739014,0.11162996292114258
500,0.6000000000000001,0.96,0.4,1,1,1,9,0.07957929109652265,0.06606279056202422,0.4937882423400879,0.0937814712524414
500,0.6000000000000001,0.96,0.4,1,1,1,10,0.05974800875519065,0.0616128657896025,0.5465414524078369,0.10329627990722656
500,0.6000000000000001,0.96,0.4,1,1,1,11,0.06823996325013984,0.06357138501717366,0.5172650814056396,0.1178431510925293
500,0.6000000000000001,0.96,0.4,1,1,1,12,0.07001308849768306,0.05785830605266154,0.5358099937438965,0.13506150245666504
500,0.6000000000000001,0.96,0.4,1,1,1,13,0.06761641491523111,0.05863194231535131,0.4472510814666748,0.09430050849914551
500,0.6000000000000001,0.96,0.4,1,1,1,14,0.06345674274518419,0.07352074313060596,0.4959402084350586,0.10293912887573242
500,0.6000000000000001,0.96,0.4,1,1,1,15,0.06822793681715761,0.06829669438195418,0.5141086578369141,0.10265254974365234
500,0.6000000000000001,0.96,0.4,1,1,1,16,0.06383677177954794,0.061878617918182485,0.4929375648498535,0.10863423347473145
500,0.6000000000000001,0.96,0.4,1,1,1,17,0.07192624222433135,0.0681940301541854,0.5313475131988525,0.11374926567077637
500,0.6000000000000001,0.96,0.4,1,1,1,18,0.07177359657443824,0.06183509980442771,0.4915902614593506,0.13103055953979492
500,0.6000000000000001,0.96,0.4,1,1,1,19,0.07636894555497459,0.06540849661834149,0.5888385772705078,0.11393046379089355
500,0.6000000000000001,0.96,0.4,1,1,1,20,0.07224803876329051,0.06675201905160183,0.5467138290405273,0.12301325798034668
500,0.6000000000000001,0.96,0.4,1,1,1,21,0.06734821147586639,0.05832956465235431,0.5635905265808105,0.08604121208190918
500,0.6000000000000001,0.96,0.4,1,1,1,22,0.06415268076293984,0.06290840971969842,0.6763718128204346,0.11714887619018555
500,0.6000000000000001,0.96,0.4,1,1,1,23,0.06448295612854861,0.05920146694344487,0.7494478225708008,0.12231302261352539
500,0.6000000000000001,0.96,0.4,1,1,1,24,0.07192268673381297,0.07440311808607304,0.6162736415863037,0.09392929077148438
500,0.8,0.96,0.4,1,1,1,0,0.08750514696141834,0.06095106508059493,0.5489773750305176,0.10505366325378418
500,0.8,0.96,0.4,1,1,1,1,0.08326283687166705,0.08206038563567455,0.5168695449829102,0.10556888580322266
500,0.8,0.96,0.4,1,1,1,2,0.08623167266463368,0.069344450421547,0.5095422267913818,0.12824010848999023
500,0.8,0.96,0.4,1,1,1,3,0.08463751746740596,0.08001572193230108,0.6855611801147461,0.11630535125732422
500,0.8,0.96,0.4,1,1,1,4,0.09815369327504972,0.07454084994685815,0.5532271862030029,0.1049187183380127
500,0.8,0.96,0.4,1,1,1,5,0.09535052565602434,0.0761522555727807,0.5525100231170654,0.08396100997924805
500,0.8,0.96,0.4,1,1,1,6,0.09768842679070616,0.07124083809246168,0.6028363704681396,0.10663557052612305
500,0.8,0.96,0.4,1,1,1,7,0.08262360031444724,0.07126934837176711,0.6033270359039307,0.126539945602417
500,0.8,0.96,0.4,1,1,1,8,0.09382593187277452,0.08194638732479399,0.7652366161346436,0.1146094799041748
500,0.8,0.96,0.4,1,1,1,9,0.09898046077348227,0.06816970435105159,0.599693775177002,0.08019256591796875
500,0.8,0.96,0.4,1,1,1,10,0.09879474779850311,0.06758967632752351,0.546858549118042,0.09702849388122559
500,0.8,0.96,0.4,1,1,1,11,0.10475124139781893,0.07025600930636086,0.5796201229095459,0.08642148971557617
500,0.8,0.96,0.4,1,1,1,12,0.10041153937212417,0.08579633481510168,0.560344934463501,0.08661079406738281
500,0.8,0.96,0.4,1,1,1,13,0.08319240479903119,0.07038186507014205,0.5840215682983398,0.09865522384643555
500,0.8,0.96,0.4,1,1,1,14,0.08679674308932717,0.06414338289517334,0.6328480243682861,0.10739326477050781
500,0.8,0.96,0.4,1,1,1,15,0.0917522642533359,0.07576028183143789,0.46895384788513184,0.08301544189453125
500,0.8,0.96,0.4,1,1,1,16,0.09145674370247088,0.08471655621916518,0.4883151054382324,0.0886540412902832
500,0.8,0.96,0.4,1,1,1,17,0.084241730456251,0.07622960270796332,0.500225305557251,0.09117507934570312
500,0.8,0.96,0.4,1,1,1,18,0.0963502894740886,0.07060488728711185,0.5093436241149902,0.08768606185913086
500,0.8,0.96,0.4,1,1,1,19,0.10089434264471113,0.06807512981489885,0.5427811145782471,0.09560489654541016
500,0.8,0.96,0.4,1,1,1,20,0.0941136236251308,0.08773206721577656,0.51051926612854,0.0875251293182373
500,0.8,0.96,0.4,1,1,1,21,0.09154530328927102,0.07628434421529341,0.5117955207824707,0.06442737579345703
500,0.8,0.96,0.4,1,1,1,22,0.08839969083888322,0.08357861918279577,0.42783331871032715,0.08720207214355469
500,0.8,0.96,0.4,1,1,1,23,0.09096970856827206,0.08179770263352155,0.4991757869720459,0.0664374828338623
500,0.8,0.96,0.4,1,1,1,24,0.08632890031560701,0.06534498220304884,0.40356993675231934,0.07962703704833984
500,1.0,0.96,0.4,1,1,1,0,0.12073227723662464,0.09795722021032044,0.41641736030578613,0.0785224437713623
500,1.0,0.96,0.4,1,1,1,1,0.1145996441678404,0.08350805116882488,0.4913609027862549,0.08666348457336426
500,1.0,0.96,0.4,1,1,1,2,0.11877376190578523,0.0803054493071239,0.47757840156555176,0.08661961555480957
500,1.0,0.96,0.4,1,1,1,3,0.09637885641713075,0.08009132539277335,0.476346492767334,0.07843923568725586
500,1.0,0.96,0.4,1,1,1,4,0.10132001828698237,0.08339393949997853,0.426236629486084,0.0872182846069336
500,1.0,0.96,0.4,1,1,1,5,0.11421724517940014,0.074173568808831,0.45093345642089844,0.08041596412658691
500,1.0,0.96,0.4,1,1,1,6,0.11125308645084066,0.07605707559609955,0.4200456142425537,0.08831667900085449
500,1.0,0.96,0.4,1,1,1,7,0.13180557236275756,0.0725309715293622,0.44208335876464844,0.08875226974487305
500,1.0,0.96,0.4,1,1,1,8,0.11850198785283048,0.09221349682677438,0.4743175506591797,0.10098433494567871
500,1.0,0.96,0.4,1,1,1,9,0.1189367522280789,0.09615255957871494,0.40861940383911133,0.09157133102416992
500,1.0,0.96,0.4,1,1,1,10,0.11714568603336198,0.09162040621060075,0.4141693115234375,0.07913446426391602
500,1.0,0.96,0.4,1,1,1,11,0.11117957194043647,0.08629460764216954,0.4214186668395996,0.08079719543457031
500,1.0,0.96,0.4,1,1,1,12,0.13309252690874376,0.08908876347031913,0.40781378746032715,0.0756218433380127
500,1.0,0.96,0.4,1,1,1,13,0.11614134225275378,0.07683039369444122,0.4856555461883545,0.08725738525390625
500,1.0,0.96,0.4,1,1,1,14,0.1113312830902485,0.08695395801447041,0.5602574348449707,0.08383345603942871
500,1.0,0.96,0.4,1,1,1,15,0.11683148643285568,0.06975753879675017,0.5040500164031982,0.09820103645324707
500,1.0,0.96,0.4,1,1,1,16,0.10651138621155026,0.0767226074427337,0.520841121673584,0.08074069023132324
500,1.0,0.96,0.4,1,1,1,17,0.11074445409543936,0.08508548709630713,0.4524502754211426,0.10614728927612305
500,1.0,0.96,0.4,1,1,1,18,0.15270691719100504,0.10857904916460685,0.5682921409606934,0.10291790962219238
500,1.0,0.96,0.4,1,1,1,19,0.11158616436984586,0.09006203214945797,0.6575531959533691,0.0976870059967041
500,1.0,0.96,0.4,1,1,1,20,0.11483198889836242,0.08535007376827754,0.5912833213806152,0.1249239444732666
500,1.0,0.96,0.4,1,1,1,21,0.11133132423361347,0.07976305473218998,0.6586315631866455,0.12573719024658203
500,1.0,0.96,0.4,1,1,1,22,0.12164650219754579,0.08510424883154065,0.5381577014923096,0.0922236442565918
500,1.0,0.96,0.4,1,1,1,23,0.11580750575020064,0.07991352287417539,0.5960724353790283,0.08968353271484375
500,1.0,0.96,0.4,1,1,1,24,0.10617269205184973,0.06722694001250441,0.5261027812957764,0.09932160377502441
500,1.2000000000000002,0.96,0.4,1,1,1,0,0.12371455373062613,0.09015425393215404,0.5831897258758545,0.1111452579498291
500,1.2000000000000002,0.96,0.4,1,1,1,1,0.13699554172814504,0.1001568237156262,0.9030840396881104,0.15128731727600098
500,1.2000000000000002,0.96,0.4,1,1,1,2,0.12458279287183492,0.10319655118527148,0.6687777042388916,0.0962212085723877
500,1.2000000000000002,0.96,0.4,1,1,1,3,0.13482456667321593,0.09328307080553995,0.5976176261901855,0.09752726554870605
500,1.2000000000000002,0.96,0.4,1,1,1,4,0.14657139356360604,0.10161412701181162,0.638115644454956,0.09552621841430664
500,1.2000000000000002,0.96,0.4,1,1,1,5,0.14252341483340286,0.07927734140007245,0.6297345161437988,0.08651590347290039
500,1.2000000000000002,0.96,0.4,1,1,1,6,0.12591213518286584,0.0786364481121037,0.7403323650360107,0.1306469440460205
500,1.2000000000000002,0.96,0.4,1,1,1,7,0.12568120370790517,0.10172543097317309,0.6355412006378174,0.08852767944335938
500,1.2000000000000002,0.96,0.4,1,1,1,8,0.139051068076282,0.0796717355703593,0.6386256217956543,0.10051536560058594
500,1.2000000000000002,0.96,0.4,1,1,1,9,0.14223466702399712,0.08984779657951612,0.6441898345947266,0.13264799118041992
500,1.2000000000000002,0.96,0.4,1,1,1,10,0.1379394264042943,0.10029072735949601,0.5721414089202881,0.11762428283691406
500,1.2000000000000002,0.96,0.4,1,1,1,11,0.15265200687489622,0.08831978303555496,0.6239702701568604,0.10268306732177734
500,1.2000000000000002,0.96,0.4,1,1,1,12,0.13406157742082156,0.08765020370227303,0.6540243625640869,0.13331198692321777
500,1.2000000000000002,0.96,0.4,1,1,1,13,0.13817480403556662,0.08793777732464869,0.6663250923156738,0.11265683174133301
500,1.2000000000000002,0.96,0.4,1,1,1,14,0.13039843710986782,0.11089668577047171,0.8483307361602783,0.15279340744018555
500,1.2000000000000002,0.96,0.4,1,1,1,15,0.126724198287228,0.09344843579994429,0.6228165626525879,0.09465956687927246
500,1.2000000000000002,0.96,0.4,1,1,1,16,0.13751366033039972,0.09348261653520053,0.703702449798584,0.12873244285583496
500,1.2000000000000002,0.96,0.4,1,1,1,17,0.13785938353384508,0.11395874963060368,0.6501891613006592,0.12001466751098633
500,1.2000000000000002,0.96,0.4,1,1,1,18,0.12153574259896208,0.10489381209028736,0.5636327266693115,0.10722947120666504
500,1.2000000000000002,0.96,0.4,1,1,1,19,0.12208500694051294,0.11136890175679794,0.5633163452148438,0.1025996208190918
500,1.2000000000000002,0.96,0.4,1,1,1,20,0.15501714662396376,0.0904252624373263,0.5486164093017578,0.11047506332397461
500,1.2000000000000002,0.96,0.4,1,1,1,21,0.1425776043023455,0.1010613618773415,0.5919854640960693,0.10564970970153809
500,1.2000000000000002,0.96,0.4,1,1,1,22,0.12364654757606557,0.0996676237365156,0.6460342407226562,0.12327289581298828
500,1.2000000000000002,0.96,0.4,1,1,1,23,0.1310781285980581,0.10402942283677996,0.5766866207122803,0.09991192817687988
500,1.2000000000000002,0.96,0.4,1,1,1,24,0.11844259049062957,0.09505563176639654,0.5664403438568115,0.1141197681427002
500,1.4000000000000001,0.96,0.4,1,1,1,0,0.14673327230396296,0.1163075767581282,0.5654721260070801,0.09054946899414062
500,1.4000000000000001,0.96,0.4,1,1,1,1,0.14905535370225081,0.10188068454030755,0.5671589374542236,0.1319568157196045
500,1.4000000000000001,0.96,0.4,1,1,1,2,0.1463810713690845,0.10197589885309835,0.8023769855499268,0.13288545608520508
500,1.4000000000000001,0.96,0.4,1,1,1,3,0.14409508670879181,0.1013258196361559,0.6579463481903076,0.11169552803039551
500,1.4000000000000001,0.96,0.4,1,1,1,4,0.16317934286957406,0.12261566231146807,0.5319006443023682,0.11545562744140625
500,1.4000000000000001,0.96,0.4,1,1,1,5,0.19220292784382947,0.10528926674235467,0.576148509979248,0.1045999526977539
500,1.4000000000000001,0.96,0.4,1,1,1,6,0.15758542362971875,0.09372328906509844,0.5351376533508301,0.11440134048461914
500,1.4000000000000001,0.96,0.4,1,1,1,7,0.1568895653691383,0.1233896053839529,0.6329147815704346,0.13093996047973633
500,1.4000000000000001,0.96,0.4,1,1,1,8,0.15686877380784306,0.10737869295164777,0.7297422885894775,0.12677240371704102
500,1.4000000000000001,0.96,0.4,1,1,1,9,0.14727051418747966,0.08903340960375788,0.569800853729248,0.11083149909973145
500,1.4000000000000001,0.96,0.4,1,1,1,10,0.1574643361874764,0.11046699082006076,0.5727519989013672,0.12573766708374023
500,1.4000000000000001,0.96,0.4,1,1,1,11,0.16422799696091073,0.11762332494827635,0.532404899597168,0.1232759952545166
500,1.4000000000000001,0.96,0.4,1,1,1,12,0.1390164341224423,0.10797852054296418,0.5797162055969238,0.10236644744873047
500,1.4000000000000001,0.96,0.4,1,1,1,13,0.14820176173672603,0.12453917550231135,0.7568538188934326,0.12528014183044434
500,1.4000000000000001,0.96,0.4,1,1,1,14,0.15658304194153372,0.12037797880894908,0.5631294250488281,0.0927426815032959
500,1.4000000000000001,0.96,0.4,1,1,1,15,0.15559911767482823,0.12970969714781402,0.5575790405273438,0.11217904090881348
500,1.4000000000000001,0.96,0.4,1,1,1,16,0.15690621099921498,0.10835239892045996,0.6153576374053955,0.09306168556213379
500,1.4000000000000001,0.96,0.4,1,1,1,17,0.17837400048585153,0.10207812010542693,0.5935173034667969,0.10162949562072754
500,1.4000000000000001,0.96,0.4,1,1,1,18,0.13315495470430297,0.12634047838265347,0.6598291397094727,0.10258650779724121
500,1.4000000000000001,0.96,0.4,1,1,1,19,0.16161658186036024,0.10773174754105518,0.5841927528381348,0.09947562217712402
500,1.4000000000000001,0.96,0.4,1,1,1,20,0.16114774065895338,0.1089914199656859,0.5904288291931152,0.10264301300048828
500,1.4000000000000001,0.96,0.4,1,1,1,21,0.14978641365193215,0.1439860290915498,0.6347029209136963,0.12264060974121094
500,1.4000000000000001,0.96,0.4,1,1,1,22,0.1542490656226535,0.12855938384025897,0.5611302852630615,0.11353850364685059
500,1.4000000000000001,0.96,0.4,1,1,1,23,0.18363673152365292,0.1103783343764435,0.643693208694458,0.13964509963989258
500,1.4000000000000001,0.96,0.4,1,1,1,24,0.14942586857175036,0.11783546393515926,0.7608542442321777,0.12222528457641602
500,1.6,0.96,0.4,1,1,1,0,0.17974107452322136,0.12464888349899932,0.5604009628295898,0.11229658126831055
500,1.6,0.96,0.4,1,1,1,1,0.17425477483296964,0.13467142518152175,0.5006344318389893,0.108612060546875
500,1.6,0.96,0.4,1,1,1,2,0.17242949792276782,0.13928921289018684,0.5170118808746338,0.1260206699371338
500,1.6,0.96,0.4,1,1,1,3,0.20002386527122784,0.13357819148156455,0.7796311378479004,0.14932870864868164
500,1.6,0.96,0.4,1,1,1,4,0.1596122391616178,0.11240707696241052,0.5514602661132812,0.10760879516601562
500,1.6,0.96,0.4,1,1,1,5,0.17698840037467026,0.13154849370683558,0.5939085483551025,0.10161256790161133
500,1.6,0.96,0.4,1,1,1,6,0.17216398350644943,0.13360007012622602,0.5625228881835938,0.09743452072143555
500,1.6,0.96,0.4,1,1,1,7,0.16572769759660663,0.1275890187284056,0.53192138671875,0.12656521797180176
500,1.6,0.96,0.4,1,1,1,8,0.174446945453674,0.14174784564716786,0.5345845222473145,0.13042426109313965
500,1.6,0.96,0.4,1,1,1,9,0.18419165075506452,0.14953082857133765,0.6866791248321533,0.1356494426727295
500,1.6,0.96,0.4,1,1,1,10,0.1706678612227302,0.11967478081716051,0.5897965431213379,0.1074376106262207
500,1.6,0.96,0.4,1,1,1,11,0.17443125441390217,0.1246789061951583,0.5793406963348389,0.12700247764587402
500,1.6,0.96,0.4,1,1,1,12,0.1745569166653351,0.12007657536099939,0.6189675331115723,0.08825397491455078
500,1.6,0.96,0.4,1,1,1,13,0.16422969357700629,0.12660244892697933,0.5832512378692627,0.10020136833190918
500,1.6,0.96,0.4,1,1,1,14,0.1648556543017577,0.11277887508438364,0.7876343727111816,0.13791799545288086
500,1.6,0.96,0.4,1,1,1,15,0.2247668027539287,0.15842274966499525,0.5718059539794922,0.08276510238647461
500,1.6,0.96,0.4,1,1,1,16,0.17654433862863944,0.16005490783410128,0.5724635124206543,0.11347627639770508
500,1.6,0.96,0.4,1,1,1,17,0.19826270117738842,0.13862935996237286,0.5718376636505127,0.09551310539245605
500,1.6,0.96,0.4,1,1,1,18,0.16469034444873715,0.1506600255422497,0.570772647857666,0.09584879875183105
500,1.6,0.96,0.4,1,1,1,19,0.19746419247809502,0.1350340994365903,0.6405377388000488,0.10264992713928223
500,1.6,0.96,0.4,1,1,1,20,0.2296334699879651,0.1246120446910375,0.702131986618042,0.12035799026489258
500,1.6,0.96,0.4,1,1,1,21,0.18763306868232352,0.1267097485032159,0.55474853515625,0.10361051559448242
500,1.6,0.96,0.4,1,1,1,22,0.17966902804879367,0.11534793547514523,0.6363914012908936,0.1231377124786377
500,1.6,0.96,0.4,1,1,1,23,0.17352430965069704,0.14269284306317637,0.6683394908905029,0.11158037185668945
500,1.6,0.96,0.4,1,1,1,24,0.1952976280150169,0.10805216438855975,0.6575748920440674,0.10156536102294922
500,1.8,0.96,0.4,1,1,1,0,0.21029995939517848,0.11944965147890683,0.5986747741699219,0.1326301097869873
500,1.8,0.96,0.4,1,1,1,1,0.206131377277945,0.12924512658569623,0.5553526878356934,0.1096804141998291
500,1.8,0.96,0.4,1,1,1,2,0.19442965315741387,0.13833679081489897,0.5156207084655762,0.10623860359191895
500,1.8,0.96,0.4,1,1,1,3,0.18463579824861956,0.16146297016092703,0.6212148666381836,0.09345412254333496
500,1.8,0.96,0.4,1,1,1,4,0.2070305390423218,0.16389516176169025,0.52262282371521,0.09648919105529785
500,1.8,0.96,0.4,1,1,1,5,0.23009505589973758,0.14677320136025318,0.664222002029419,0.12863898277282715
500,1.8,0.96,0.4,1,1,1,6,0.20391331156874956,0.112943628017228,0.6481740474700928,0.08457612991333008
500,1.8,0.96,0.4,1,1,1,7,0.20795536927109817,0.11752121532933563,0.5751516819000244,0.08146071434020996
500,1.8,0.96,0.4,1,1,1,8,0.17982499793965462,0.12575285367674854,0.5699145793914795,0.10658001899719238
500,1.8,0.96,0.4,1,1,1,9,0.1948399063640962,0.14520085369841096,0.5418529510498047,0.12182331085205078
500,1.8,0.96,0.4,1,1,1,10,0.22371698570776552,0.13756858822208776,0.6367075443267822,0.09493136405944824
500,1.8,0.96,0.4,1,1,1,11,0.20695224618180616,0.14774989873794142,0.620124340057373,0.11182880401611328
500,1.8,0.96,0.4,1,1,1,12,0.18618256288646717,0.13705214398380752,0.5118472576141357,0.07411813735961914
500,1.8,0.96,0.4,1,1,1,13,0.2104967656606777,0.13294557494515769,0.6211307048797607,0.07851338386535645
500,1.8,0.96,0.4,1,1,1,14,0.1769464426474947,0.16732265758598447,0.5396549701690674,0.08598589897155762
500,1.8,0.96,0.4,1,1,1,15,0.18645358470160708,0.13571897476873024,0.5041501522064209,0.10872697830200195
500,1.8,0.96,0.4,1,1,1,16,0.1796220719544175,0.18226972148633594,0.6287250518798828,0.12392044067382812
500,1.8,0.96,0.4,1,1,1,17,0.19259058022586958,0.16280848831883643,0.5798442363739014,0.07869505882263184
500,1.8,0.96,0.4,1,1,1,18,0.1897783736161465,0.1376212812719791,0.6246130466461182,0.13756036758422852
500,1.8,0.96,0.4,1,1,1,19,0.2148625399673743,0.15093092278392076,0.6006174087524414,0.09695172309875488
500,1.8,0.96,0.4,1,1,1,20,0.19590831233449993,0.12453001066680272,0.4720757007598877,0.11043310165405273
500,1.8,0.96,0.4,1,1,1,21,0.19007724038748416,0.13527448144656531,0.6222236156463623,0.09534835815429688
500,1.8,0.96,0.4,1,1,1,22,0.20798056194293524,0.11848937832250188,0.6747689247131348,0.11208772659301758
500,1.8,0.96,0.4,1,1,1,23,0.21767562899818663,0.12229909911295692,0.562119722366333,0.0978844165802002
500,1.8,0.96,0.4,1,1,1,24,0.19445728003744947,0.13515208215160046,0.5053551197052002,0.10267806053161621
500,2.0,0.96,0.4,1,1,1,0,0.189136602018085,0.15309860022979094,0.5377418994903564,0.11282515525817871
500,2.0,0.96,0.4,1,1,1,1,0.2118930228190571,0.14653190234609842,0.5978171825408936,0.08354592323303223
500,2.0,0.96,0.4,1,1,1,2,0.21604246325154164,0.14794995968346003,0.6800501346588135,0.10863876342773438
500,2.0,0.96,0.4,1,1,1,3,0.2099983080667485,0.16840679370307504,0.6542768478393555,0.11563706398010254
500,2.0,0.96,0.4,1,1,1,4,0.19958555472810768,0.22247922588675048,0.5644664764404297,0.08195900917053223
500,2.0,0.96,0.4,1,1,1,5,0.23385442765496328,0.16717851061250766,0.5094330310821533,0.08852982521057129
500,2.0,0.96,0.4,1,1,1,6,0.2145426820979962,0.15807225743064948,0.48307371139526367,0.08745884895324707
500,2.0,0.96,0.4,1,1,1,7,0.2697204104848735,0.21335655376360174,0.5448458194732666,0.06992840766906738
500,2.0,0.96,0.4,1,1,1,8,0.22640151833970892,0.17304082361332002,0.5431778430938721,0.09957122802734375
500,2.0,0.96,0.4,1,1,1,9,0.2849996213263662,0.148580847373204,0.4358048439025879,0.09057307243347168
500,2.0,0.96,0.4,1,1,1,10,0.23140373780137868,0.16021198847354828,0.4530296325683594,0.08768725395202637
500,2.0,0.96,0.4,1,1,1,11,0.2209191276827931,0.16696209180642882,0.4383687973022461,0.08150911331176758
500,2.0,0.96,0.4,1,1,1,12,0.19873928901530774,0.14088057585809557,0.4266793727874756,0.09065985679626465
500,2.0,0.96,0.4,1,1,1,13,0.2281698971116215,0.19882453142153117,0.4766871929168701,0.09123086929321289
500,2.0,0.96,0.4,1,1,1,14,0.21285586953909294,0.1536824115919747,0.5338361263275146,0.10592460632324219
500,2.0,0.96,0.4,1,1,1,15,0.23103703149818292,0.14995403329734197,0.6611149311065674,0.10364007949829102
500,2.0,0.96,0.4,1,1,1,16,0.22426321497964205,0.132414995406934,0.5593166351318359,0.09999775886535645
500,2.0,0.96,0.4,1,1,1,17,0.23014593299025768,0.15191925778844828,0.5050473213195801,0.07846975326538086
500,2.0,0.96,0.4,1,1,1,18,0.19447061758477585,0.16220449507665485,0.49750590324401855,0.06416845321655273
500,2.0,0.96,0.4,1,1,1,19,0.21211289282364632,0.17552618093387595,0.525327205657959,0.0806281566619873
500,2.0,0.96,0.4,1,1,1,20,0.22864733351673786,0.13945641311828413,0.5424318313598633,0.10469341278076172
500,2.0,0.96,0.4,1,1,1,21,0.2234469501399744,0.19426989341048426,0.6306047439575195,0.11064958572387695
500,2.0,0.96,0.4,1,1,1,22,0.20479086193756074,0.13004771001014898,0.5559017658233643,0.09192299842834473
500,2.0,0.96,0.4,1,1,1,23,0.23722422320157824,0.14777101445406693,0.6065747737884521,0.09807538986206055
500,2.0,0.96,0.4,1,1,1,24,0.20348592609494015,0.17991890433924437,0.5889003276824951,0.09963655471801758
500,2.2,0.96,0.4,1,1,1,0,0.21641135540001621,0.17105766007858378,0.5761363506317139,0.09457588195800781
500,2.2,0.96,0.4,1,1,1,1,0.24584850680586498,0.21973779239637764,0.6238899230957031,0.1317594051361084
500,2.2,0.96,0.4,1,1,1,2,0.22922381024279367,0.13973618004008734,0.6289076805114746,0.1354677677154541
500,2.2,0.96,0.4,1,1,1,3,0.2688449990317607,0.1819551660942419,0.5691890716552734,0.09423589706420898
500,2.2,0.96,0.4,1,1,1,4,0.2423690078356391,0.1494491414861257,0.6172544956207275,0.1025540828704834
500,2.2,0.96,0.4,1,1,1,5,0.24247404953601157,0.1642923302663258,0.5552499294281006,0.13274621963500977
500,2.2,0.96,0.4,1,1,1,6,0.21498549078905418,0.14445123825282027,0.631218433380127,0.10348081588745117
500,2.2,0.96,0.4,1,1,1,7,0.2147879891162296,0.19054794771050512,0.612065315246582,0.1273961067199707
500,2.2,0.96,0.4,1,1,1,8,0.24859940962046745,0.14654124735174248,0.5191774368286133,0.11301040649414062
500,2.2,0.96,0.4,1,1,1,9,0.27445287415274316,0.15790864569927987,0.617647647857666,0.15652203559875488
500,2.2,0.96,0.4,1,1,1,10,0.2350628785634493,0.17171658321516356,0.7758035659790039,0.11926865577697754
500,2.2,0.96,0.4,1,1,1,11,0.23439108058914826,0.1611899413462908,0.7761015892028809,0.16294550895690918
500,2.2,0.96,0.4,1,1,1,12,0.25050237445369916,0.15371242579502756,0.7124311923980713,0.13441896438598633
500,2.2,0.96,0.4,1,1,1,13,0.24495212014517084,0.16988120694833647,0.5336573123931885,0.10060834884643555
500,2.2,0.96,0.4,1,1,1,14,0.3596299425016089,0.18801276489264995,0.5422606468200684,0.13040447235107422
500,2.2,0.96,0.4,1,1,1,15,0.22113487310734567,0.14501282312324898,0.5076086521148682,0.11852693557739258
500,2.2,0.96,0.4,1,1,1,16,0.24881674669838008,0.14970114054407088,0.5856554508209229,0.10166144371032715
500,2.2,0.96,0.4,1,1,1,17,0.2148097183423317,0.14349876048327323,0.5852415561676025,0.14700031280517578
500,2.2,0.96,0.4,1,1,1,18,0.2204483668082924,0.14900349168052424,0.5923631191253662,0.09942340850830078
500,2.2,0.96,0.4,1,1,1,19,0.24998748655824649,0.1477542738405695,0.6552238464355469,0.12247920036315918
500,2.2,0.96,0.4,1,1,1,20,0.2551022912984555,0.14309388107145812,0.6006331443786621,0.1021728515625
500,2.2,0.96,0.4,1,1,1,21,0.2827746597042521,0.16222631174091937,0.6106173992156982,0.0951833724975586
500,2.2,0.96,0.4,1,1,1,22,0.2824823288036356,0.1609294334447458,0.6659224033355713,0.11063933372497559
500,2.2,0.96,0.4,1,1,1,23,0.2524792065880475,0.17631577916478924,0.6729979515075684,0.12827324867248535
500,2.2,0.96,0.4,1,1,1,24,0.22108834533633975,0.15533119771082252,0.5369651317596436,0.11316418647766113
500,2.4000000000000004,0.96,0.4,1,1,1,0,0.25522680891632615,0.18289457191460914,0.5769619941711426,0.09657788276672363
500,2.4000000000000004,0.96,0.4,1,1,1,1,0.3784837131087105,0.14954309037626395,0.6139578819274902,0.10326194763183594
500,2.4000000000000004,0.96,0.4,1,1,1,2,0.257509042538203,0.1672526686479842,0.6396617889404297,0.1286792755126953
500,2.4000000000000004,0.96,0.4,1,1,1,3,0.2683340311944854,0.26353641944322137,0.5499281883239746,0.10649609565734863
500,2.4000000000000004,0.96,0.4,1,1,1,4,0.23715363242942272,0.23061161059015284,0.5616018772125244,0.09965944290161133
500,2.4000000000000004,0.96,0.4,1,1,1,5,0.3270135988000611,0.16569587726995966,0.5538909435272217,0.13876557350158691
500,2.4000000000000004,0.96,0.4,1,1,1,6,0.27431654068886635,0.194328361803334,0.6449429988861084,0.1153111457824707
500,2.4000000000000004,0.96,0.4,1,1,1,7,0.27483228610369614,0.15955793638357504,0.5883846282958984,0.11883306503295898
500,2.4000000000000004,0.96,0.4,1,1,1,8,0.2580585210910291,0.1985979268086958,0.7166814804077148,0.13107657432556152
500,2.4000000000000004,0.96,0.4,1,1,1,9,0.29480133376024675,0.2041137495738081,0.5559616088867188,0.09322643280029297
500,2.4000000000000004,0.96,0.4,1,1,1,10,0.2558765534336925,0.18746878169633574,0.5655663013458252,0.10147523880004883
500,2.4000000000000004,0.96,0.4,1,1,1,11,0.2663968486429062,0.15529455152656355,0.5855395793914795,0.10153889656066895
500,2.4000000000000004,0.96,0.4,1,1,1,12,0.25480576337639976,0.17375456780257414,0.537257194519043,0.10488224029541016
500,2.4000000000000004,0.96,0.4,1,1,1,13,0.24770328941437356,0.2187568732572028,0.6372623443603516,0.11200952529907227
500,2.4000000000000004,0.96,0.4,1,1,1,14,0.2631902587006556,0.18811640086504916,0.6802630424499512,0.12026572227478027
500,2.4000000000000004,0.96,0.4,1,1,1,15,0.29990491419035004,0.19249549650029127,0.556804895401001,0.08744978904724121
500,2.4000000000000004,0.96,0.4,1,1,1,16,0.22337093442123104,0.16256838394202924,0.5019557476043701,0.13068509101867676
500,2.4000000000000004,0.96,0.4,1,1,1,17,0.25629524711665264,0.15622518869742164,0.5100305080413818,0.1200404167175293
500,2.4000000000000004,0.96,0.4,1,1,1,18,0.2901914470394388,0.21075828903194527,0.6189007759094238,0.10851597785949707
500,2.4000000000000004,0.96,0.4,1,1,1,19,0.2590819014576268,0.17212311488821655,0.645308256149292,0.08538460731506348
500,2.4000000000000004,0.96,0.4,1,1,1,20,0.35111393658252854,0.17762279441530002,0.5860183238983154,0.10494494438171387
500,2.4000000000000004,0.96,0.4,1,1,1,21,0.29024032391033244,0.16847888239073225,0.5747208595275879,0.08811378479003906
500,2.4000000000000004,0.96,0.4,1,1,1,22,0.2599880707933167,0.19519877744500466,0.5184335708618164,0.11050891876220703
500,2.4000000000000004,0.96,0.4,1,1,1,23,0.27906546930300696,0.1762844462245768,0.49868345260620117,0.11965060234069824
500,2.4000000000000004,0.96,0.4,1,1,1,24,0.2658004994378624,0.16069304548360902,0.6637694835662842,0.12166237831115723
500,2.6,0.96,0.4,1,1,1,0,0.2623786318290603,0.1488065198320644,0.5269045829772949,0.11363625526428223
500,2.6,0.96,0.4,1,1,1,1,0.28322786614005274,0.21824421114240206,0.6605079174041748,0.1256706714630127
500,2.6,0.96,0.4,1,1,1,2,0.2805470699661587,0.17656830375572422,0.6503334045410156,0.08661985397338867
500,2.6,0.96,0.4,1,1,1,3,0.324060385511273,0.18935430399660866,0.481508731842041,0.12270331382751465
500,2.6,0.96,0.4,1,1,1,4,0.2920072395497199,0.20609968204658008,0.6522042751312256,0.11270499229431152
500,2.6,0.96,0.4,1,1,1,5,0.2859463715923184,0.2042286040712118,0.6786956787109375,0.0916440486907959
500,2.6,0.96,0.4,1,1,1,6,0.27912051687956335,0.19014305478603266,0.5818889141082764,0.09625768661499023
500,2.6,0.96,0.4,1,1,1,7,0.29875190685435643,0.1971328282709756,0.5112481117248535,0.10160446166992188
500,2.6,0.96,0.4,1,1,1,8,0.3270292503307343,0.19970763969178773,0.5192699432373047,0.11318230628967285
500,2.6,0.96,0.4,1,1,1,9,0.3129819944120121,0.26560878101569224,0.5310964584350586,0.12858939170837402
500,2.6,0.96,0.4,1,1,1,10,0.27204320322001935,0.24209652839871748,0.6618366241455078,0.12737655639648438
500,2.6,0.96,0.4,1,1,1,11,0.31015538295347056,0.2029269807416511,0.5188214778900146,0.12070059776306152
500,2.6,0.96,0.4,1,1,1,12,0.29375165930670943,0.22279890313144726,0.5072193145751953,0.1024172306060791
500,2.6,0.96,0.4,1,1,1,13,0.3090925762301436,0.19044236374392853,0.4984266757965088,0.11689496040344238
500,2.6,0.96,0.4,1,1,1,14,0.3012722531540212,0.16218148561208603,0.5099031925201416,0.11156105995178223
500,2.6,0.96,0.4,1,1,1,15,0.35764562347810036,0.19677318162830695,0.5817503929138184,0.10284900665283203
500,2.6,0.96,0.4,1,1,1,16,0.2896792087274607,0.19588874308851975,0.5340495109558105,0.11060738563537598
500,2.6,0.96,0.4,1,1,1,17,0.28881306273838897,0.2073277706590484,0.5328505039215088,0.06792116165161133
500,2.6,0.96,0.4,1,1,1,18,0.31256513133825164,0.16918811756627267,0.5736463069915771,0.07707357406616211
500,2.6,0.96,0.4,1,1,1,19,0.3041085058950771,0.18666600710076683,0.48836851119995117,0.10969066619873047
500,2.6,0.96,0.4,1,1,1,20,0.2688954972148098,0.20178806836974666,0.4446232318878174,0.08881092071533203
500,2.6,0.96,0.4,1,1,1,21,0.29288584826396347,0.16080622445214834,0.5599279403686523,0.10629558563232422
500,2.6,0.96,0.4,1,1,1,22,0.2962762974661675,0.2247846069366663,0.5621528625488281,0.12516427040100098
500,2.6,0.96,0.4,1,1,1,23,0.2671099969123569,0.2386620193928039,0.4698519706726074,0.08747434616088867
500,2.6,0.96,0.4,1,1,1,24,0.26409944167324695,0.2284751063677758,0.5186800956726074,0.08989858627319336
500,2.8000000000000003,0.96,0.4,1,1,1,0,0.2784197654645832,0.2475974007197614,0.4929511547088623,0.11696648597717285
500,2.8000000000000003,0.96,0.4,1,1,1,1,0.37635122717982955,0.17411175523686623,0.49642300605773926,0.10468292236328125
500,2.8000000000000003,0.96,0.4,1,1,1,2,0.333253969549783,0.1931910606980913,0.6576962471008301,0.11976194381713867
500,2.8000000000000003,0.96,0.4,1,1,1,3,0.30509617759780133,0.1873087311171743,0.5793004035949707,0.09122371673583984
500,2.8000000000000003,0.96,0.4,1,1,1,4,0.2990803523113652,0.22832511276610307,0.48825502395629883,0.0968468189239502
500,2.8000000000000003,0.96,0.4,1,1,1,5,0.35213545210903185,0.22748093046394455,0.5308785438537598,0.09653449058532715
500,2.8000000000000003,0.96,0.4,1,1,1,6,0.3084182523166996,0.19729248545659808,0.5577473640441895,0.08670878410339355
500,2.8000000000000003,0.96,0.4,1,1,1,7,0.34564280335293673,0.18189235739098003,0.6646032333374023,0.08960747718811035
500,2.8000000000000003,0.96,0.4,1,1,1,8,0.3289221548775694,0.18738751397632106,0.6747500896453857,0.11968421936035156
500,2.8000000000000003,0.96,0.4,1,1,1,9,0.3669783736707978,0.17823383332957063,0.5682587623596191,0.11222600936889648
500,2.8000000000000003,0.96,0.4,1,1,1,10,0.31570599464886373,0.18351003870620755,0.4981405735015869,0.10317206382751465
500,2.8000000000000003,0.96,0.4,1,1,1,11,0.30551451148085934,0.24915401881404403,0.5327911376953125,0.07355785369873047
500,2.8000000000000003,0.96,0.4,1,1,1,12,0.3439915742230531,0.22250555871018762,0.5562660694122314,0.07664346694946289
500,2.8000000000000003,0.96,0.4,1,1,1,13,0.2952566966789839,0.19432741554882674,0.5562698841094971,0.0982210636138916
500,2.8000000000000003,0.96,0.4,1,1,1,14,0.3081918186413968,0.19608929734287894,0.6717610359191895,0.10385489463806152
500,2.8000000000000003,0.96,0.4,1,1,1,15,0.33535676988261015,0.213998184792629,0.5100076198577881,0.08880400657653809
500,2.8000000000000003,0.96,0.4,1,1,1,16,0.3140987917407505,0.27055581158085684,0.4916088581085205,0.09761810302734375
500,2.8000000000000003,0.96,0.4,1,1,1,17,0.30489282377650684,0.19494156816543082,0.50107741355896,0.09268498420715332
500,2.8000000000000003,0.96,0.4,1,1,1,18,0.3273608749925555,0.19010871806005647,0.5988795757293701,0.09473443031311035
500,2.8000000000000003,0.96,0.4,1,1,1,19,0.2952998527776496,0.15627402957461886,0.8917603492736816,0.16262412071228027
500,2.8000000000000003,0.96,0.4,1,1,1,20,0.3033941407426839,0.20716986419531705,0.5222194194793701,0.13361048698425293
500,2.8000000000000003,0.96,0.4,1,1,1,21,0.3446823019186725,0.22823187548672957,0.6140317916870117,0.13071870803833008
500,2.8000000000000003,0.96,0.4,1,1,1,22,0.3030281639427965,0.2220917884372971,0.49921226501464844,0.10364341735839844
500,2.8000000000000003,0.96,0.4,1,1,1,23,0.36343455573319333,0.22339094285953992,0.5117871761322021,0.11667919158935547
500,2.8000000000000003,0.96,0.4,1,1,1,24,0.2942534762882123,0.19854121564818059,0.6442010402679443,0.099639892578125
500,3.0,0.96,0.4,1,1,1,0,0.3767805460205884,0.21729113143814527,0.49634742736816406,0.11371922492980957
500,3.0,0.96,0.4,1,1,1,1,0.3371368195793807,0.23733062841270886,0.4922473430633545,0.10175085067749023
500,3.0,0.96,0.4,1,1,1,2,0.37423987253998214,0.2550919686607295,0.49764037132263184,0.09854459762573242
500,3.0,0.96,0.4,1,1,1,3,0.3228496469688014,0.25223498166406744,0.5199806690216064,0.10226750373840332
500,3.0,0.96,0.4,1,1,1,4,0.38099234255239994,0.277682645912153,0.5475869178771973,0.11059379577636719
500,3.0,0.96,0.4,1,1,1,5,0.3448892747798122,0.2139302683472046,0.6454522609710693,0.11461830139160156
500,3.0,0.96,0.4,1,1,1,6,0.3252872561242113,0.19280098750775568,0.5846898555755615,0.11254668235778809
500,3.0,0.96,0.4,1,1,1,7,0.3400651725688684,0.23097355779955514,0.6016442775726318,0.0974571704864502
500,3.0,0.96,0.4,1,1,1,8,0.35486743110859315,0.28645945149709734,0.5586874485015869,0.11055588722229004
500,3.0,0.96,0.4,1,1,1,9,0.35357176093784987,0.1972505359673723,0.5523395538330078,0.11057257652282715
500,3.0,0.96,0.4,1,1,1,10,0.3922040467877433,0.19380794127082884,0.6378850936889648,0.13435673713684082
500,3.0,0.96,0.4,1,1,1,11,0.344748279802203,0.23909012490829068,0.6022078990936279,0.10596108436584473
500,3.0,0.96,0.4,1,1,1,12,0.4071740656294679,0.21971025588670076,0.5078039169311523,0.10709309577941895
500,3.0,0.96,0.4,1,1,1,13,0.30995748821695607,0.21080194834788418,0.6332058906555176,0.13515520095825195
500,3.0,0.96,0.4,1,1,1,14,0.3324967838355227,0.19295475589687022,0.701117753982544,0.13403582572937012
500,3.0,0.96,0.4,1,1,1,15,0.365190297974338,0.2182073569621162,0.7015631198883057,0.1228635311126709
500,3.0,0.96,0.4,1,1,1,16,0.33917865562622396,0.25192345708588926,0.6399521827697754,0.12061715126037598
500,3.0,0.96,0.4,1,1,1,17,0.3382541321939319,0.26105364437377965,0.5356674194335938,0.10836625099182129
500,3.0,0.96,0.4,1,1,1,18,0.3325868050490923,0.22153356856324774,0.5752918720245361,0.12171173095703125
500,3.0,0.96,0.4,1,1,1,19,0.34702551651552843,0.2438457129532542,0.5745644569396973,0.08566808700561523
500,3.0,0.96,0.4,1,1,1,20,0.3639848039033004,0.21152003077423281,0.5157849788665771,0.11488652229309082
500,3.0,0.96,0.4,1,1,1,21,0.34682294873995456,0.24380415318329615,0.7314846515655518,0.13109946250915527
500,3.0,0.96,0.4,1,1,1,22,0.33421840202420555,0.20627733747712046,0.576735258102417,0.10350775718688965
500,3.0,0.96,0.4,1,1,1,23,0.3156238400480419,0.3107088245155432,0.6600100994110107,0.08741211891174316
500,3.0,0.96,0.4,1,1,1,24,0.296535242025183,0.2675854867245475,0.6316609382629395,0.1044309139251709
500,3.2,0.96,0.4,1,1,1,0,0.33451382978889793,0.26970082815841484,0.5952699184417725,0.08741044998168945
500,3.2,0.96,0.4,1,1,1,1,0.36277106151429933,0.23546827510017507,0.6087181568145752,0.11954355239868164
500,3.2,0.96,0.4,1,1,1,2,0.32703510773419786,0.2217756014253337,0.6721651554107666,0.12165260314941406
500,3.2,0.96,0.4,1,1,1,3,0.3602333175961087,0.2227868328250575,0.5892806053161621,0.08400440216064453
500,3.2,0.96,0.4,1,1,1,4,0.34421506927455553,0.23183803311599366,0.5801346302032471,0.1095433235168457
500,3.2,0.96,0.4,1,1,1,5,0.37696193528357347,0.24530215839308886,0.6240055561065674,0.0864415168762207
500,3.2,0.96,0.4,1,1,1,6,0.34358469495292016,0.22580909384419726,0.6980671882629395,0.11810803413391113
500,3.2,0.96,0.4,1,1,1,7,0.37378805075200566,0.26530282696397023,0.6679558753967285,0.12092709541320801
500,3.2,0.96,0.4,1,1,1,8,0.3584429344876865,0.22753559192667233,0.6319141387939453,0.099029541015625
500,3.2,0.96,0.4,1,1,1,9,0.3485999685937023,0.24805261429086842,0.703341007232666,0.12558698654174805
500,3.2,0.96,0.4,1,1,1,10,0.3533690332626145,0.23125638171216045,0.5440764427185059,0.0910189151763916
500,3.2,0.96,0.4,1,1,1,11,0.3793253431050698,0.23766317556790234,0.5915448665618896,0.11551523208618164
500,3.2,0.96,0.4,1,1,1,12,0.3002770407859166,0.2013603669598877,0.6418938636779785,0.16199564933776855
500,3.2,0.96,0.4,1,1,1,13,0.33861572016262254,0.21486017275002567,0.5854129791259766,0.10546350479125977
500,3.2,0.96,0.4,1,1,1,14,0.3249457547271818,0.3021484508487206,0.5740911960601807,0.09573650360107422
500,3.2,0.96,0.4,1,1,1,15,0.38739057439333396,0.24277837164413585,0.5353224277496338,0.0964198112487793
500,3.2,0.96,0.4,1,1,1,16,0.38162428768121126,0.29851611882599577,0.5885014533996582,0.10199332237243652
500,3.2,0.96,0.4,1,1,1,17,0.4029181174889807,0.24622155369687004,0.6736178398132324,0.12053036689758301
500,3.2,0.96,0.4,1,1,1,18,0.38817052418198694,0.3016695622040471,0.6399612426757812,0.10143399238586426
500,3.2,0.96,0.4,1,1,1,19,0.34923726252300313,0.22216419579435734,0.4969794750213623,0.13491058349609375
500,3.2,0.96,0.4,1,1,1,20,0.35512358990214343,0.39381376693334763,0.5234682559967041,0.12174487113952637
500,3.2,0.96,0.4,1,1,1,21,0.38326006843981725,0.3385896818635002,0.48573875427246094,0.13242363929748535
500,3.2,0.96,0.4,1,1,1,22,0.3171618315651199,0.22090548342033983,0.6248087882995605,0.10541176795959473
500,3.2,0.96,0.4,1,1,1,23,0.3364879615454195,0.20960586432823805,0.700310468673706,0.12349510192871094
500,3.2,0.96,0.4,1,1,1,24,0.3178879845575974,0.19410027739079175,0.49547696113586426,0.11884045600891113
500,3.4000000000000004,0.96,0.4,1,1,1,0,0.4004129790870243,0.24511113385796213,0.5586304664611816,0.11471271514892578
500,3.4000000000000004,0.96,0.4,1,1,1,1,0.36110598302045044,0.27323942424062647,0.5696372985839844,0.08981037139892578
500,3.4000000000000004,0.96,0.4,1,1,1,2,0.364971965509458,0.22621721478629184,0.6018776893615723,0.10967564582824707
500,3.4000000000000004,0.96,0.4,1,1,1,3,0.3609063697470243,0.31996971632550947,0.7179257869720459,0.16865324974060059
500,3.4000000000000004,0.96,0.4,1,1,1,4,0.3590343759367087,0.2845408758666167,0.6747939586639404,0.09348678588867188
500,3.4000000000000004,0.96,0.4,1,1,1,5,0.380920728545082,0.33076011125424565,0.5686047077178955,0.10661005973815918
500,3.4000000000000004,0.96,0.4,1,1,1,6,0.3938709036762476,0.2852721877900772,0.49954819679260254,0.13567137718200684
500,3.4000000000000004,0.96,0.4,1,1,1,7,0.37284881860798375,0.24872276506357305,0.5168895721435547,0.1016547679901123
500,3.4000000000000004,0.96,0.4,1,1,1,8,0.37053644630051774,0.24431484663899472,0.712390661239624,0.13265776634216309
500,3.4000000000000004,0.96,0.4,1,1,1,9,0.37009070819999024,0.21386650632047352,0.5687153339385986,0.10242724418640137
500,3.4000000000000004,0.96,0.4,1,1,1,10,0.4315068013997927,0.24354355547625428,0.5245819091796875,0.13763689994812012
500,3.4000000000000004,0.96,0.4,1,1,1,11,0.36286853487883475,0.2227407520539462,0.5406637191772461,0.12435507774353027
500,3.4000000000000004,0.96,0.4,1,1,1,12,0.3515739455619674,0.26082922384602086,0.5337226390838623,0.09373354911804199
500,3.4000000000000004,0.96,0.4,1,1,1,13,0.35964113268748965,0.22001306356791023,0.6099157333374023,0.11761617660522461
500,3.4000000000000004,0.96,0.4,1,1,1,14,0.504040921480693,0.26707026007003787,0.617375373840332,0.12589383125305176
500,3.4000000000000004,0.96,0.4,1,1,1,15,0.3874585851792547,0.22015743741539437,0.5845131874084473,0.08654952049255371
500,3.4000000000000004,0.96,0.4,1,1,1,16,0.3749133194927722,0.21998767655716236,0.5598587989807129,0.10564494132995605
500,3.4000000000000004,0.96,0.4,1,1,1,17,0.3646796837182628,0.2902227534994813,0.567920446395874,0.11567473411560059
500,3.4000000000000004,0.96,0.4,1,1,1,18,0.47587842116724577,0.2646004089189559,0.593256950378418,0.10487127304077148
500,3.4000000000000004,0.96,0.4,1,1,1,19,0.3601785270003149,0.2598133336113977,0.7787806987762451,0.11626577377319336
500,3.4000000000000004,0.96,0.4,1,1,1,20,0.38608707806415704,0.2336379622585121,0.5262930393218994,0.11142516136169434
500,3.4000000000000004,0.96,0.4,1,1,1,21,0.3793711140959148,0.23337550272521793,0.535254955291748,0.07082176208496094
500,3.4000000000000004,0.96,0.4,1,1,1,22,0.34384083618242983,0.2889077002100604,0.585669755935669,0.09405159950256348
500,3.4000000000000004,0.96,0.4,1,1,1,23,0.3662517797602665,0.2753761384770672,0.6700787544250488,0.11322999000549316
500,3.4000000000000004,0.96,0.4,1,1,1,24,0.3517790148993301,0.3005047877968415,0.8199360370635986,0.15305614471435547
500,3.6,0.96,0.4,1,1,1,0,0.4015893091151046,0.20912314225286702,0.586620569229126,0.11161518096923828
500,3.6,0.96,0.4,1,1,1,1,0.38516565577070244,0.29722185060079404,0.5834097862243652,0.10346269607543945
500,3.6,0.96,0.4,1,1,1,2,0.4292423434026944,0.25174531820436125,0.5707097053527832,0.09714078903198242
500,3.6,0.96,0.4,1,1,1,3,0.39221472949306424,0.20496915322426673,0.5809471607208252,0.10755634307861328
500,3.6,0.96,0.4,1,1,1,4,0.36388730489420296,0.23841194802392265,0.6501049995422363,0.11455893516540527
500,3.6,0.96,0.4,1,1,1,5,0.45024443588672747,0.263684924190089,0.6660616397857666,0.12094950675964355
500,3.6,0.96,0.4,1,1,1,6,0.41496220121476807,0.2400606091848312,0.5492534637451172,0.11591482162475586
500,3.6,0.96,0.4,1,1,1,7,0.5060890289743868,0.2501442467255351,0.553765058517456,0.11651444435119629
500,3.6,0.96,0.4,1,1,1,8,0.40469652638732767,0.2765741382532587,0.5406568050384521,0.10596609115600586
500,3.6,0.96,0.4,1,1,1,9,0.4357699510317095,0.30189689109250156,0.5639438629150391,0.10013079643249512
500,3.6,0.96,0.4,1,1,1,10,0.4010529341208584,0.2254290307749147,0.6232385635375977,0.11395645141601562
500,3.6,0.96,0.4,1,1,1,11,0.3647793956567998,0.2695784936221046,0.5463306903839111,0.09899735450744629
500,3.6,0.96,0.4,1,1,1,12,0.4061178893892059,0.25473036827091144,0.5862371921539307,0.11166954040527344
500,3.6,0.96,0.4,1,1,1,13,0.40081627638012723,0.2188873459392284,0.5909442901611328,0.10145926475524902
500,3.6,0.96,0.4,1,1,1,14,0.3637666047286161,0.2267862086401946,0.5623877048492432,0.09029722213745117
500,3.6,0.96,0.4,1,1,1,15,0.4510051309446692,0.37296705259256474,0.596916675567627,0.13158345222473145
500,3.6,0.96,0.4,1,1,1,16,0.4448091964053154,0.25253254138150383,0.6577160358428955,0.12566232681274414
500,3.6,0.96,0.4,1,1,1,17,0.4352070217639323,0.25498564053862954,0.5722739696502686,0.10956287384033203
500,3.6,0.96,0.4,1,1,1,18,0.41757506222603696,0.24746121338140406,0.6306331157684326,0.09521222114562988
500,3.6,0.96,0.4,1,1,1,19,0.3967062576275495,0.24641739785044095,0.7136979103088379,0.1250917911529541
500,3.6,0.96,0.4,1,1,1,20,0.40547061834343123,0.23799374549486463,0.5354602336883545,0.13111257553100586
500,3.6,0.96,0.4,1,1,1,21,0.4162376418448173,0.28323431861471193,0.6276321411132812,0.12497782707214355
500,3.6,0.96,0.4,1,1,1,22,0.43490454732128786,0.28094534575672003,0.45514607429504395,0.08974742889404297
500,3.6,0.96,0.4,1,1,1,23,0.38306268302755764,0.27483732326672644,0.5391428470611572,0.0975489616394043
500,3.6,0.96,0.4,1,1,1,24,0.37095682950221337,0.23798910672277043,0.5597636699676514,0.10242199897766113
500,3.8000000000000003,0.96,0.4,1,1,1,0,0.4145505716837916,0.23316444544798534,0.5485754013061523,0.11767220497131348
500,3.8000000000000003,0.96,0.4,1,1,1,1,0.45312238233913327,0.2913416307428707,0.742081880569458,0.11391806602478027
500,3.8000000000000003,0.96,0.4,1,1,1,2,0.46096678058709084,0.32321121692717786,0.5374069213867188,0.10359334945678711
500,3.8000000000000003,0.96,0.4,1,1,1,3,0.4392380224546918,0.3432520906618348,0.5013983249664307,0.10213351249694824
500,3.8000000000000003,0.96,0.4,1,1,1,4,0.4216055583320968,0.29883005579920985,0.5049784183502197,0.09591484069824219
500,3.8000000000000003,0.96,0.4,1,1,1,5,0.441976702313104,0.3156063576382687,0.49759912490844727,0.08560800552368164
500,3.8000000000000003,0.96,0.4,1,1,1,6,0.42882501973242654,0.43087046664025863,0.4621250629425049,0.10567045211791992
500,3.8000000000000003,0.96,0.4,1,1,1,7,0.45513737423897316,0.2682767853320223,0.5141458511352539,0.1323854923248291
500,3.8000000000000003,0.96,0.4,1,1,1,8,0.4025931665887,0.22261251962168557,0.5123064517974854,0.09858322143554688
500,3.8000000000000003,0.96,0.4,1,1,1,9,0.42312077563732364,0.22339515804513124,0.4969608783721924,0.10303950309753418
500,3.8000000000000003,0.96,0.4,1,1,1,10,0.43954734360749576,0.24531430391339118,0.4347662925720215,0.10502958297729492
500,3.8000000000000003,0.96,0.4,1,1,1,11,0.3901983599900747,0.29496689984156127,0.43891000747680664,0.09250521659851074
500,3.8000000000000003,0.96,0.4,1,1,1,12,0.3890114006740146,0.35179541593101393,0.5429818630218506,0.10939860343933105
500,3.8000000000000003,0.96,0.4,1,1,1,13,0.396616452312129,0.2630010653751269,0.6227078437805176,0.13408255577087402
500,3.8000000000000003,0.96,0.4,1,1,1,14,0.4044438912704641,0.30724804623671065,0.49371886253356934,0.10247802734375
500,3.8000000000000003,0.96,0.4,1,1,1,15,0.4301624391992399,0.3097261776959997,0.6724588871002197,0.12252950668334961
500,3.8000000000000003,0.96,0.4,1,1,1,16,0.48000773352738496,0.3506633303426486,0.6582083702087402,0.09851765632629395
500,3.8000000000000003,0.96,0.4,1,1,1,17,0.41328047140564894,0.303085400545409,0.5375339984893799,0.09651374816894531
500,3.8000000000000003,0.96,0.4,1,1,1,18,0.43555088972591033,0.2776394567840552,0.6307089328765869,0.12061786651611328
500,3.8000000000000003,0.96,0.4,1,1,1,19,0.40473410089802886,0.21103941555170555,0.4947011470794678,0.09035611152648926
500,3.8000000000000003,0.96,0.4,1,1,1,20,0.43868715209904147,0.2690321478647151,0.4608008861541748,0.09401512145996094
500,3.8000000000000003,0.96,0.4,1,1,1,21,0.4252439214877705,0.24611072260135028,0.4451162815093994,0.086517333984375
500,3.8000000000000003,0.96,0.4,1,1,1,22,0.3762923402040021,0.24879999447391102,0.4656956195831299,0.08650612831115723
500,3.8000000000000003,0.96,0.4,1,1,1,23,0.4957604744129556,0.3252449261850483,0.45598769187927246,0.10050129890441895
500,3.8000000000000003,0.96,0.4,1,1,1,24,0.430550851519057,0.2919686337901131,0.5921976566314697,0.1279292106628418
500,4.0,0.96,0.4,1,1,1,0,0.6337404714821452,0.2408872018298581,0.5952138900756836,0.1235196590423584
500,4.0,0.96,0.4,1,1,1,1,0.4915697717159034,0.30040548248399934,0.4672703742980957,0.0955207347869873
500,4.0,0.96,0.4,1,1,1,2,0.44535382163140785,0.4203543774669082,0.47695446014404297,0.08999490737915039
500,4.0,0.96,0.4,1,1,1,3,0.4590578342964176,0.24879365019487718,0.4887564182281494,0.09349751472473145
500,4.0,0.96,0.4,1,1,1,4,0.4026994929887628,0.2739200790826952,0.5749244689941406,0.09752178192138672
500,4.0,0.96,0.4,1,1,1,5,0.43344748879841594,0.27975730011291905,0.5536482334136963,0.11453104019165039
500,4.0,0.96,0.4,1,1,1,6,0.39661468026088265,0.2548708151614459,0.46668410301208496,0.10150527954101562
500,4.0,0.96,0.4,1,1,1,7,0.416755911962008,0.2511803587372142,0.44083261489868164,0.09199047088623047
500,4.0,0.96,0.4,1,1,1,8,0.4144869202945819,0.3283703347761208,0.41484761238098145,0.08354854583740234
500,4.0,0.96,0.4,1,1,1,9,0.4454582934055148,0.3109418424836836,0.4781303405761719,0.0855107307434082
500,4.0,0.96,0.4,1,1,1,10,0.5242816080460962,0.3349520385677935,0.4561491012573242,0.09649276733398438
500,4.0,0.96,0.4,1,1,1,11,0.4349842961222624,0.23850358881298775,0.5066385269165039,0.13707232475280762
500,4.0,0.96,0.4,1,1,1,12,0.5010302632428056,0.32738342907555434,0.6135187149047852,0.10487055778503418
500,4.0,0.96,0.4,1,1,1,13,0.40144257918249066,0.3070643200146989,0.44865989685058594,0.09351825714111328
500,4.0,0.96,0.4,1,1,1,14,0.5190934333744539,0.25789135513232453,0.4336061477661133,0.09450292587280273
500,4.0,0.96,0.4,1,1,1,15,0.47590857381108265,0.3152400837978563,0.4508936405181885,0.10051798820495605
500,4.0,0.96,0.4,1,1,1,16,0.48057398858672745,0.27020292983672295,0.43651461601257324,0.09947586059570312
500,4.0,0.96,0.4,1,1,1,17,0.5323977452966259,0.33194627997058845,0.5186634063720703,0.11151552200317383
500,4.0,0.96,0.4,1,1,1,18,0.46311865879640346,0.3209815801602028,0.45099830627441406,0.0951547622680664
500,4.0,0.96,0.4,1,1,1,19,0.44227629741363567,0.31658749618159,0.45545411109924316,0.08350372314453125
500,4.0,0.96,0.4,1,1,1,20,0.4915832856162592,0.4568096725314073,0.4863545894622803,0.09094572067260742
500,4.0,0.96,0.4,1,1,1,21,0.4681260906817786,0.31010395922955347,0.4657871723175049,0.10308194160461426
500,4.0,0.96,0.4,1,1,1,22,0.4280199291080516,0.35186460147094717,0.48587989807128906,0.11535096168518066
500,4.0,0.96,0.4,1,1,1,23,0.40261659152450197,0.3085139577603676,0.6471576690673828,0.13709020614624023
500,4.0,0.96,0.4,1,1,1,24,0.42586542736075095,0.3554485866122127,0.4927375316619873,0.0925135612487793
500,4.2,0.96,0.4,1,1,1,0,0.5213560923159356,0.33897544854115536,0.47098875045776367,0.09259796142578125
500,4.2,0.96,0.4,1,1,1,1,0.49619779687802473,0.28973431176889547,0.5139942169189453,0.1037893295288086
500,4.2,0.96,0.4,1,1,1,2,0.557280521005439,0.3174457469346821,0.5353884696960449,0.08702850341796875
500,4.2,0.96,0.4,1,1,1,3,0.4721490434978855,0.29677152351578856,0.5253591537475586,0.14104175567626953
500,4.2,0.96,0.4,1,1,1,4,0.4966115638462947,0.36724325567682936,0.6219792366027832,0.10610461235046387
500,4.2,0.96,0.4,1,1,1,5,0.48583658669280716,0.28341938874287287,0.4660756587982178,0.09282255172729492
500,4.2,0.96,0.4,1,1,1,6,0.48657517098393305,0.3145936289540566,0.49462032318115234,0.1008760929107666
500,4.2,0.96,0.4,1,1,1,7,0.5584138010993737,0.3042516701011649,0.5023050308227539,0.10083413124084473
500,4.2,0.96,0.4,1,1,1,8,0.48354368986766283,0.4009949000769268,0.5182585716247559,0.11331653594970703
500,4.2,0.96,0.4,1,1,1,9,0.5352244427819027,0.43714321873471035,0.7144896984100342,0.16527986526489258
500,4.2,0.96,0.4,1,1,1,10,0.4714383389141899,0.24315309245602965,0.5490140914916992,0.10936689376831055
500,4.2,0.96,0.4,1,1,1,11,0.5488940698931044,0.34676824719816,0.48373889923095703,0.09779977798461914
500,4.2,0.96,0.4,1,1,1,12,0.4229539182491727,0.2589673304355234,0.4785470962524414,0.10737156867980957
500,4.2,0.96,0.4,1,1,1,13,0.5406481043932425,0.25921068006601106,0.47174859046936035,0.09532952308654785
500,4.2,0.96,0.4,1,1,1,14,0.5048000406718486,0.2898579559167204,0.5305764675140381,0.10162019729614258
500,4.2,0.96,0.4,1,1,1,15,0.4118538963218718,0.29909069230962265,0.5233874320983887,0.13058137893676758
500,4.2,0.96,0.4,1,1,1,16,0.46773803293488886,0.3320719743827016,0.52663254737854,0.09498739242553711
500,4.2,0.96,0.4,1,1,1,17,0.4510594896058816,0.3865831381974159,0.553661584854126,0.09761404991149902
500,4.2,0.96,0.4,1,1,1,18,0.5292071556708037,0.29487198089745914,0.5397989749908447,0.08848881721496582
500,4.2,0.96,0.4,1,1,1,19,0.5613175220561023,0.3489545976438141,0.47626209259033203,0.10729765892028809
500,4.2,0.96,0.4,1,1,1,20,0.4503700200422234,0.2938389392246977,0.6034283638000488,0.14244461059570312
500,4.2,0.96,0.4,1,1,1,21,0.5825274965993039,0.28442212046263027,0.49234628677368164,0.10045576095581055
500,4.2,0.96,0.4,1,1,1,22,0.49262127208759804,0.2571580365599757,0.5313444137573242,0.09153294563293457
500,4.2,0.96,0.4,1,1,1,23,0.45790562621295355,0.29692317181006594,0.4617128372192383,0.10855937004089355
500,4.2,0.96,0.4,1,1,1,24,0.4715165117287504,0.30196451427834553,0.4598879814147949,0.09556388854980469
500,4.4,0.96,0.4,1,1,1,0,0.467832541455107,0.3917857879934817,0.49431848526000977,0.11652302742004395
500,4.4,0.96,0.4,1,1,1,1,0.5557280660857324,0.4044922006773809,0.6010756492614746,0.12982439994812012
500,4.4,0.96,0.4,1,1,1,2,0.43880316549423437,0.412956647923332,0.518319845199585,0.09264802932739258
500,4.4,0.96,0.4,1,1,1,3,0.5212909261886064,0.32641781889350024,0.4405100345611572,0.09994220733642578
500,4.4,0.96,0.4,1,1,1,4,0.4841067023777607,0.2898774711566907,0.5227720737457275,0.10194563865661621
500,4.4,0.96,0.4,1,1,1,5,0.5357210597449242,0.35708693585642326,0.5363874435424805,0.11718630790710449
500,4.4,0.96,0.4,1,1,1,6,0.5080393932594651,0.31443899343095977,0.5801808834075928,0.12754130363464355
500,4.4,0.96,0.4,1,1,1,7,0.4707232851658047,0.3739385254504694,0.573641300201416,0.1066439151763916
500,4.4,0.96,0.4,1,1,1,8,0.44102791296899857,0.28897762655192305,0.5162904262542725,0.10247802734375
500,4.4,0.96,0.4,1,1,1,9,0.6108574107082294,0.3170724571185738,0.4922292232513428,0.0906670093536377
500,4.4,0.96,0.4,1,1,1,10,0.5162163388350735,0.3107022015397401,0.4960670471191406,0.1060786247253418
500,4.4,0.96,0.4,1,1,1,11,0.44103209705278396,0.2870724233885312,0.48810696601867676,0.10875415802001953
500,4.4,0.96,0.4,1,1,1,12,0.5651769619226718,0.32112845347452523,0.5274972915649414,0.13164043426513672
500,4.4,0.96,0.4,1,1,1,13,0.5506383936244974,0.3330349225592411,0.5643823146820068,0.0824425220489502
500,4.4,0.96,0.4,1,1,1,14,0.5146929879379157,0.31513031096334204,0.6219484806060791,0.08665609359741211
500,4.4,0.96,0.4,1,1,1,15,0.45493751777310076,0.3392508135384402,0.6366968154907227,0.14752507209777832
500,4.4,0.96,0.4,1,1,1,16,0.45724414061394153,0.343586017731364,0.5559122562408447,0.09375119209289551
500,4.4,0.96,0.4,1,1,1,17,0.4496020694874001,0.2972229100218616,0.5936539173126221,0.11834287643432617
500,4.4,0.96,0.4,1,1,1,18,0.5201472472797994,0.3035725622634619,0.6769974231719971,0.1195065975189209
500,4.4,0.96,0.4,1,1,1,19,0.459937207830456,0.38431639370956094,0.5316698551177979,0.08060765266418457
500,4.4,0.96,0.4,1,1,1,20,0.48088487310429706,0.3330908563287488,0.5510740280151367,0.11863255500793457
500,4.4,0.96,0.4,1,1,1,21,0.49276448868770933,0.2670018325362466,0.6002461910247803,0.08519959449768066
500,4.4,0.96,0.4,1,1,1,22,0.5267544811317211,0.448649102816164,0.6575465202331543,0.12249875068664551
500,4.4,0.96,0.4,1,1,1,23,0.4510502247352653,0.36291635631887864,0.666412353515625,0.11864757537841797
500,4.4,0.96,0.4,1,1,1,24,0.49122098311195034,0.3341480390396938,0.5819103717803955,0.08424258232116699
500,4.6000000000000005,0.96,0.4,1,1,1,0,0.578026849079773,0.29326280100934776,0.6245183944702148,0.13321685791015625
500,4.6000000000000005,0.96,0.4,1,1,1,1,0.5447205425933879,0.3326031319355812,0.5691184997558594,0.11069893836975098
500,4.6000000000000005,0.96,0.4,1,1,1,2,0.535349045389033,0.290576483903483,0.6730890274047852,0.11059355735778809
500,4.6000000000000005,0.96,0.4,1,1,1,3,0.5773205244414307,0.49797151829908665,0.6994049549102783,0.1425797939300537
500,4.6000000000000005,0.96,0.4,1,1,1,4,0.5402205841863476,0.31937912108768807,0.7526535987854004,0.11449098587036133
500,4.6000000000000005,0.96,0.4,1,1,1,5,0.609246540345177,0.4630942151050812,0.5187430381774902,0.1231837272644043
500,4.6000000000000005,0.96,0.4,1,1,1,6,0.5711456805306897,0.31299932630342925,0.5456061363220215,0.09865379333496094
500,4.6000000000000005,0.96,0.4,1,1,1,7,0.5412021639831606,0.3903458892836572,0.5335252285003662,0.08368492126464844
500,4.6000000000000005,0.96,0.4,1,1,1,8,0.5519751444554751,0.3266311305909428,0.6211221218109131,0.11611628532409668
500,4.6000000000000005,0.96,0.4,1,1,1,9,0.49689446259163034,0.3765662694128706,0.6234836578369141,0.12259364128112793
500,4.6000000000000005,0.96,0.4,1,1,1,10,0.5222057169222025,0.44430993765225946,0.4962313175201416,0.10471725463867188
500,4.6000000000000005,0.96,0.4,1,1,1,11,0.5350120470054968,0.32448742263024394,0.5046889781951904,0.09565901756286621
500,4.6000000000000005,0.96,0.4,1,1,1,12,0.4776522756824277,0.41727823357500854,0.5045187473297119,0.09257173538208008
500,4.6000000000000005,0.96,0.4,1,1,1,13,0.644331187633933,0.35580758010823105,0.47365570068359375,0.09267616271972656
500,4.6000000000000005,0.96,0.4,1,1,1,14,0.48875551321468275,0.42566819600457817,0.5797019004821777,0.13245248794555664
500,4.6000000000000005,0.96,0.4,1,1,1,15,0.5750391045563159,0.4693722116853467,0.5235865116119385,0.10149836540222168
500,4.6000000000000005,0.96,0.4,1,1,1,16,0.5355251596534598,0.43963885058160806,0.5865471363067627,0.09367561340332031
500,4.6000000000000005,0.96,0.4,1,1,1,17,0.4886835309420299,0.32710955601612973,0.637413740158081,0.10755252838134766
500,4.6000000000000005,0.96,0.4,1,1,1,18,0.5193742450698564,0.29967951799777204,0.566124677658081,0.10566306114196777
500,4.6000000000000005,0.96,0.4,1,1,1,19,0.5267015915609676,0.3457623822190383,0.6257071495056152,0.11304092407226562
500,4.6000000000000005,0.96,0.4,1,1,1,20,0.4925176008147882,0.3259528845503794,0.8229339122772217,0.1304624080657959
500,4.6000000000000005,0.96,0.4,1,1,1,21,0.5464921623760748,0.3626448359295919,0.5499193668365479,0.12269377708435059
500,4.6000000000000005,0.96,0.4,1,1,1,22,0.4923710388563933,0.3825167606640258,0.5170433521270752,0.10542964935302734
500,4.6000000000000005,0.96,0.4,1,1,1,23,0.5156379346916238,0.3352261723359733,0.5181126594543457,0.10952401161193848
500,4.6000000000000005,0.96,0.4,1,1,1,24,0.5230278269576583,0.2992175178783905,0.5824604034423828,0.10396838188171387
500,4.800000000000001,0.96,0.4,1,1,1,0,0.5508248492625077,0.33843476567894526,0.5690014362335205,0.1317894458770752
500,4.800000000000001,0.96,0.4,1,1,1,1,0.5302117541589834,0.40415651579497675,0.7244782447814941,0.08751034736633301
500,4.800000000000001,0.96,0.4,1,1,1,2,0.5203961699276006,0.40928723159855845,0.5734817981719971,0.07260465621948242
500,4.800000000000001,0.96,0.4,1,1,1,3,0.6061073744169263,0.2795655176101834,0.566931962966919,0.12192583084106445
500,4.800000000000001,0.96,0.4,1,1,1,4,0.5600561533800651,0.3458021690721565,0.6144955158233643,0.10052895545959473
500,4.800000000000001,0.96,0.4,1,1,1,5,0.49104125430785794,0.34730329592181775,0.6831934452056885,0.12223386764526367
500,4.800000000000001,0.96,0.4,1,1,1,6,0.5229078732959179,0.3587587059418158,0.6103305816650391,0.08299374580383301
500,4.800000000000001,0.96,0.4,1,1,1,7,0.6208052599779048,0.35091194983895,0.6313807964324951,0.11251544952392578
500,4.800000000000001,0.96,0.4,1,1,1,8,0.5784658944182544,0.37621530538309905,0.6114974021911621,0.08551335334777832
500,4.800000000000001,0.96,0.4,1,1,1,9,0.6056724859114717,0.3832368094038139,0.5771350860595703,0.08442115783691406
500,4.800000000000001,0.96,0.4,1,1,1,10,0.6359827653364619,0.32066598270720975,0.5025146007537842,0.1065068244934082
500,4.800000000000001,0.96,0.4,1,1,1,11,0.5506461778974816,0.36060206897576985,0.6642196178436279,0.11158061027526855
500,4.800000000000001,0.96,0.4,1,1,1,12,0.5655433191639656,0.34136049327133655,0.5233280658721924,0.07953929901123047
500,4.800000000000001,0.96,0.4,1,1,1,13,0.6845223452346213,0.3859373890469037,0.4711952209472656,0.10175442695617676
500,4.800000000000001,0.96,0.4,1,1,1,14,0.5612776705136966,0.3590017700873264,0.44629836082458496,0.08025765419006348
500,4.800000000000001,0.96,0.4,1,1,1,15,0.5198154769273872,0.3324435459447008,0.46921873092651367,0.08612251281738281
500,4.800000000000001,0.96,0.4,1,1,1,16,0.59127182336145,0.4289157635044801,0.4959218502044678,0.09909319877624512
500,4.800000000000001,0.96,0.4,1,1,1,17,0.6480415903292829,0.31117525957131026,0.6595444679260254,0.09490370750427246
500,4.800000000000001,0.96,0.4,1,1,1,18,0.5485409466811851,0.31086445895991455,0.46723508834838867,0.0907449722290039
500,4.800000000000001,0.96,0.4,1,1,1,19,0.5002567476521271,0.3804469466683791,0.48778533935546875,0.08797144889831543
500,4.800000000000001,0.96,0.4,1,1,1,20,0.52112330261593,0.34873607416257024,0.45348596572875977,0.09559226036071777
500,4.800000000000001,0.96,0.4,1,1,1,21,0.6309152306919908,0.3122285168949895,0.4592468738555908,0.0719904899597168
500,4.800000000000001,0.96,0.4,1,1,1,22,0.5298470423480739,0.3948607110033065,0.48036837577819824,0.08496880531311035
500,4.800000000000001,0.96,0.4,1,1,1,23,0.5751069416499717,0.4142976239111275,0.5270404815673828,0.06801533699035645
500,4.800000000000001,0.96,0.4,1,1,1,24,0.5241376640922226,0.34541327981013903,0.533703088760376,0.08911418914794922
500,5.0,0.96,0.4,1,1,1,0,0.6764239637168582,0.30284741592525305,0.5513637065887451,0.0796053409576416
500,5.0,0.96,0.4,1,1,1,1,0.6129507886455746,0.3712092656574049,0.46726560592651367,0.09003639221191406
500,5.0,0.96,0.4,1,1,1,2,0.5559511668532346,0.33506026233287256,0.4865751266479492,0.08270525932312012
500,5.0,0.96,0.4,1,1,1,3,0.5486236924417979,0.3624792067622083,0.5315492153167725,0.07614302635192871
500,5.0,0.96,0.4,1,1,1,4,0.5687489000497782,0.43666326365476027,0.5436408519744873,0.0969855785369873
500,5.0,0.96,0.4,1,1,1,5,0.5653983011318543,0.3668554920581908,0.6306459903717041,0.10604429244995117
500,5.0,0.96,0.4,1,1,1,6,0.5696633618396003,0.412692702479003,0.5130865573883057,0.11316704750061035
500,5.0,0.96,0.4,1,1,1,7,0.5755837697145432,0.3506942370659569,0.586817741394043,0.1005256175994873
500,5.0,0.96,0.4,1,1,1,8,0.5382857594199105,0.34631503062558294,0.616196870803833,0.12064957618713379
500,5.0,0.96,0.4,1,1,1,9,0.5591570875272738,0.3652097272538602,0.5578062534332275,0.10370540618896484
500,5.0,0.96,0.4,1,1,1,10,0.5341466137038088,0.41352827278036747,0.6411480903625488,0.12163543701171875
500,5.0,0.96,0.4,1,1,1,11,0.589752829586936,0.40336305510803006,0.696347713470459,0.13216733932495117
500,5.0,0.96,0.4,1,1,1,12,0.6178915607697711,0.36946410003444835,0.5317797660827637,0.10281705856323242
500,5.0,0.96,0.4,1,1,1,13,0.5283893522098574,0.4326025453337879,0.6527953147888184,0.09798121452331543
500,5.0,0.96,0.4,1,1,1,14,0.5752174695469919,0.34175653823895086,0.6553313732147217,0.1536695957183838
500,5.0,0.96,0.4,1,1,1,15,0.5871300174609507,0.41867209408938555,0.8244163990020752,0.14276742935180664
500,5.0,0.96,0.4,1,1,1,16,0.5840076599965688,0.3767708698730871,0.5716092586517334,0.11336469650268555
500,5.0,0.96,0.4,1,1,1,17,0.7344537715479548,0.3427532668656397,0.5567502975463867,0.0904693603515625
500,5.0,0.96,0.4,1,1,1,18,0.5501178671786842,0.40875918642492703,0.5527431964874268,0.11313080787658691
500,5.0,0.96,0.4,1,1,1,19,0.5305714012086451,0.338943581312486,0.590468168258667,0.10649776458740234
500,5.0,0.96,0.4,1,1,1,20,0.6186454237882967,0.35917039226649833,0.5161888599395752,0.10542511940002441
500,5.0,0.96,0.4,1,1,1,21,0.5286757034729064,0.2944110520482848,0.6911203861236572,0.136521577835083
500,5.0,0.96,0.4,1,1,1,22,0.5657999688218358,0.4694185981090333,0.5636825561523438,0.09578251838684082
500,5.0,0.96,0.4,1,1,1,23,0.5707665645199848,0.3212334740088728,0.5079824924468994,0.09527707099914551
500,5.0,0.96,0.4,1,1,1,24,0.5545438559469043,0.39134832767957745,0.5217134952545166,0.11202573776245117
500,5.2,0.96,0.4,1,1,1,0,0.5795682137713493,0.36501651745254454,0.551499605178833,0.10218548774719238
500,5.2,0.96,0.4,1,1,1,1,0.5531334941642921,0.5713877481730691,0.6867742538452148,0.12847638130187988
500,5.2,0.96,0.4,1,1,1,2,0.666413091764285,0.2987865455483985,0.6262965202331543,0.09201502799987793
500,5.2,0.96,0.4,1,1,1,3,0.5685382991936672,0.3686318693231363,0.5936856269836426,0.08852291107177734
500,5.2,0.96,0.4,1,1,1,4,0.6058987194248685,0.3614644103097137,0.6183431148529053,0.09799504280090332
500,5.2,0.96,0.4,1,1,1,5,0.5943610434623546,0.35009741779252557,0.5697674751281738,0.0990304946899414
500,5.2,0.96,0.4,1,1,1,6,0.5975786515741468,0.4861020212173332,0.6479568481445312,0.0876471996307373
500,5.2,0.96,0.4,1,1,1,7,0.504424271180214,0.36395188689549607,0.6322360038757324,0.14577770233154297
500,5.2,0.96,0.4,1,1,1,8,0.518601611891528,0.35285971201086075,0.669440507888794,0.11098051071166992
500,5.2,0.96,0.4,1,1,1,9,0.6184978392176506,0.3330675338494305,0.6632852554321289,0.15017199516296387
500,5.2,0.96,0.4,1,1,1,10,0.6415365842804966,0.3889288115140612,0.7241015434265137,0.12810564041137695
500,5.2,0.96,0.4,1,1,1,11,0.5692342246589295,0.36299028012129064,0.5473074913024902,0.12490439414978027
500,5.2,0.96,0.4,1,1,1,12,0.5759326272953287,0.3809199728646469,0.6900906562805176,0.12021327018737793
500,5.2,0.96,0.4,1,1,1,13,0.5775140634258665,0.3171921006150018,0.5567612648010254,0.08989167213439941
500,5.2,0.96,0.4,1,1,1,14,0.5853978109632613,0.5436365175594732,0.613945722579956,0.08870601654052734
500,5.2,0.96,0.4,1,1,1,15,0.5756886363966306,0.32622692112333884,0.6285293102264404,0.11616396903991699
500,5.2,0.96,0.4,1,1,1,16,0.6091078966531709,0.3375384818983224,0.6344099044799805,0.09744453430175781
500,5.2,0.96,0.4,1,1,1,17,0.7266197237273889,0.43502102596013204,0.5610830783843994,0.1382293701171875
500,5.2,0.96,0.4,1,1,1,18,0.6425660228472404,0.4046544517426071,0.6894533634185791,0.13724303245544434
500,5.2,0.96,0.4,1,1,1,19,0.6357930790455303,0.3402910128525185,0.5656981468200684,0.11246180534362793
500,5.2,0.96,0.4,1,1,1,20,0.6420076440559722,0.36362179059260996,0.5721566677093506,0.11409616470336914
500,5.2,0.96,0.4,1,1,1,21,0.5933326107471871,0.3712986090975184,0.5408346652984619,0.10380887985229492
500,5.2,0.96,0.4,1,1,1,22,0.6917867527711243,0.46906703669751537,0.6310276985168457,0.10543537139892578
500,5.2,0.96,0.4,1,1,1,23,0.5309461085755149,0.43782979867023475,0.6175148487091064,0.1178736686706543
500,5.2,0.96,0.4,1,1,1,24,0.532365847189248,0.3550973691173977,0.4945700168609619,0.1018059253692627
500,5.4,0.96,0.4,1,1,1,0,0.6447364155093089,0.40363181044354424,0.49802613258361816,0.10498785972595215
500,5.4,0.96,0.4,1,1,1,1,0.5171551541395242,0.4345928482073833,0.605067253112793,0.10242724418640137
500,5.4,0.96,0.4,1,1,1,2,0.6944691326804897,0.45395512240686414,0.591191291809082,0.11648797988891602
500,5.4,0.96,0.4,1,1,1,3,0.6620835189294246,0.4158590544376779,0.632828950881958,0.10762739181518555
500,5.4,0.96,0.4,1,1,1,4,0.6338416195475629,0.4517985708143482,0.8318390846252441,0.1253519058227539
500,5.4,0.96,0.4,1,1,1,5,0.6099366825190288,0.5650766182395627,0.639758825302124,0.09531068801879883
500,5.4,0.96,0.4,1,1,1,6,0.6670806673890192,0.5154228192521295,0.6010096073150635,0.11198592185974121
500,5.4,0.96,0.4,1,1,1,7,0.6123580699899257,0.4039928411712781,0.5062088966369629,0.12116408348083496
500,5.4,0.96,0.4,1,1,1,8,0.5845941076490679,0.3802307371671232,0.5872025489807129,0.13091826438903809
500,5.4,0.96,0.4,1,1,1,9,0.5585415020762198,0.39707406460871264,0.6404507160186768,0.13742399215698242
500,5.4,0.96,0.4,1,1,1,10,0.6303809479964763,0.41014444717971393,0.5163257122039795,0.11598014831542969
500,5.4,0.96,0.4,1,1,1,11,0.5597360242762388,0.4791383665448327,0.5266177654266357,0.10893440246582031
500,5.4,0.96,0.4,1,1,1,12,0.5722600481634,0.45575708650553426,0.5098943710327148,0.09662532806396484
500,5.4,0.96,0.4,1,1,1,13,0.5739091145387648,0.3922744447849969,0.5223956108093262,0.09714007377624512
500,5.4,0.96,0.4,1,1,1,14,0.6435584279764874,0.3705982940137162,0.6229422092437744,0.14703679084777832
500,5.4,0.96,0.4,1,1,1,15,0.6586391692436409,0.4390735208771581,0.5212681293487549,0.1121063232421875
500,5.4,0.96,0.4,1,1,1,16,0.600979766366394,0.4058966487658642,0.48282599449157715,0.1066126823425293
500,5.4,0.96,0.4,1,1,1,17,0.6052944345789321,0.3627488359975994,0.4943830966949463,0.10755562782287598
500,5.4,0.96,0.4,1,1,1,18,0.6630667912244007,0.47045987742087586,0.5649199485778809,0.08997488021850586
500,5.4,0.96,0.4,1,1,1,19,0.5745329631002933,0.40391128612729255,0.5271148681640625,0.08361697196960449
500,5.4,0.96,0.4,1,1,1,20,0.6526883877148844,0.35686621080700276,0.6849064826965332,0.14653253555297852
500,5.4,0.96,0.4,1,1,1,21,0.6687608267850237,0.4480916657594187,0.5861365795135498,0.09820103645324707
500,5.4,0.96,0.4,1,1,1,22,0.6111714545268012,0.4389741247108098,0.5866446495056152,0.10024690628051758
500,5.4,0.96,0.4,1,1,1,23,0.6966309280286892,0.4939266239523785,0.6294848918914795,0.09729218482971191
500,5.4,0.96,0.4,1,1,1,24,0.5531784313097526,0.40794430624585026,0.6494109630584717,0.1133279800415039
500,5.6000000000000005,0.96,0.4,1,1,1,0,0.6693441597624211,0.43499382790823143,0.9093003273010254,0.14683055877685547
500,5.6000000000000005,0.96,0.4,1,1,1,1,0.7349589581507213,0.37862261951119086,0.6369473934173584,0.10666036605834961
500,5.6000000000000005,0.96,0.4,1,1,1,2,0.6641705565314996,0.35950967373879716,0.5742454528808594,0.10159635543823242
500,5.6000000000000005,0.96,0.4,1,1,1,3,0.7012146994114666,0.37292640502395014,0.5131978988647461,0.12161850929260254
500,5.6000000000000005,0.96,0.4,1,1,1,4,0.5659907172242614,0.35778093301656344,0.5457737445831299,0.10146927833557129
500,5.6000000000000005,0.96,0.4,1,1,1,5,0.7932427952562474,0.45049239621183457,0.7356853485107422,0.12675857543945312
500,5.6000000000000005,0.96,0.4,1,1,1,6,0.6641549340985368,0.6677624085805094,0.6126570701599121,0.08254575729370117
500,5.6000000000000005,0.96,0.4,1,1,1,7,0.684153285520425,0.4453010490639997,0.5474770069122314,0.10113906860351562
500,5.6000000000000005,0.96,0.4,1,1,1,8,0.5924700731942307,0.4659990909556847,0.5183284282684326,0.11604928970336914
500,5.6000000000000005,0.96,0.4,1,1,1,9,0.6386020547569748,0.3976834437578731,0.5336849689483643,0.08992481231689453
500,5.6000000000000005,0.96,0.4,1,1,1,10,0.6720330176200232,0.4191328600115749,0.6108193397521973,0.09879064559936523
500,5.6000000000000005,0.96,0.4,1,1,1,11,0.6062438659702943,0.43175951465089446,0.6406903266906738,0.10760998725891113
500,5.6000000000000005,0.96,0.4,1,1,1,12,0.6339419237061017,0.4217716109727331,0.5773544311523438,0.08992695808410645
500,5.6000000000000005,0.96,0.4,1,1,1,13,0.7011594991717777,0.453854215602836,0.6605830192565918,0.09511184692382812
500,5.6000000000000005,0.96,0.4,1,1,1,14,0.6426664004574654,0.42539267828975363,0.6185808181762695,0.0973045825958252
500,5.6000000000000005,0.96,0.4,1,1,1,15,0.6002663870794095,0.4252600609725243,0.5319976806640625,0.09981656074523926
500,5.6000000000000005,0.96,0.4,1,1,1,16,0.551769065617238,0.3833653317359154,0.6181771755218506,0.0988314151763916
500,5.6000000000000005,0.96,0.4,1,1,1,17,0.555512495274506,0.3766261968156683,0.6514184474945068,0.11712241172790527
500,5.6000000000000005,0.96,0.4,1,1,1,18,0.6320444964686783,0.4675313322312742,0.5642921924591064,0.10928964614868164
500,5.6000000000000005,0.96,0.4,1,1,1,19,0.5900325310298797,0.46965332003844934,0.6478333473205566,0.09839391708374023
500,5.6000000000000005,0.96,0.4,1,1,1,20,0.653771929072555,0.5074369934015123,0.711998701095581,0.11876106262207031
500,5.6000000000000005,0.96,0.4,1,1,1,21,0.5390760294390945,0.5021240105538546,0.6490311622619629,0.16398286819458008
500,5.6000000000000005,0.96,0.4,1,1,1,22,0.6774009885667923,0.4012871017860355,0.5392739772796631,0.10506844520568848
500,5.6000000000000005,0.96,0.4,1,1,1,23,0.6685558598607194,0.6119876905218516,0.585256814956665,0.09282898902893066
500,5.6000000000000005,0.96,0.4,1,1,1,24,0.68048212950993,0.4935952715472738,0.5946629047393799,0.09909796714782715
500,5.800000000000001,0.96,0.4,1,1,1,0,0.665271620140979,0.42922968770618236,0.5937540531158447,0.0995779037475586
500,5.800000000000001,0.96,0.4,1,1,1,1,0.6972633537491548,0.4259602772116946,0.5975775718688965,0.08965897560119629
500,5.800000000000001,0.96,0.4,1,1,1,2,0.7432074187272187,0.3608108156875865,0.6421761512756348,0.10962510108947754
500,5.800000000000001,0.96,0.4,1,1,1,3,0.6126335134326031,0.41043199019145926,0.5712950229644775,0.0885622501373291
500,5.800000000000001,0.96,0.4,1,1,1,4,0.6798818081199915,0.4221548927184993,0.6547651290893555,0.10639834403991699
500,5.800000000000001,0.96,0.4,1,1,1,5,0.7011431441624987,0.4607483181344947,0.6014754772186279,0.09233307838439941
500,5.800000000000001,0.96,0.4,1,1,1,6,0.6500257995620139,0.46945126996851694,0.5107057094573975,0.10983824729919434
500,5.800000000000001,0.96,0.4,1,1,1,7,0.7158906728245235,0.5463806571781901,0.6021504402160645,0.09341168403625488
500,5.800000000000001,0.96,0.4,1,1,1,8,0.7305465930759288,0.6677557333435346,0.6652474403381348,0.1198282241821289
500,5.800000000000001,0.96,0.4,1,1,1,9,0.7163876309353233,0.4462850468343,0.5758416652679443,0.08204245567321777
500,5.800000000000001,0.96,0.4,1,1,1,10,0.7155118813794591,0.5224523471050208,0.6408700942993164,0.0886235237121582
500,5.800000000000001,0.96,0.4,1,1,1,11,0.6752778493073517,0.5196290289980651,0.5184841156005859,0.09812307357788086
500,5.800000000000001,0.96,0.4,1,1,1,12,0.7984668035896991,0.48577835054639046,0.5414702892303467,0.08315658569335938
500,5.800000000000001,0.96,0.4,1,1,1,13,0.5952892246780638,0.39712660521953025,0.6303634643554688,0.12923979759216309
500,5.800000000000001,0.96,0.4,1,1,1,14,0.5927662093950365,0.415741802841068,0.6347255706787109,0.10599732398986816
500,5.800000000000001,0.96,0.4,1,1,1,15,0.6864165502378939,0.44895883001473613,0.5818142890930176,0.1434190273284912
500,5.800000000000001,0.96,0.4,1,1,1,16,0.6248298303642128,0.4904874136010106,0.5997314453125,0.1521611213684082
500,5.800000000000001,0.96,0.4,1,1,1,17,0.6770241975850448,0.47975583848432585,0.5304150581359863,0.09710383415222168
500,5.800000000000001,0.96,0.4,1,1,1,18,0.6511455644363398,0.3675111678420654,0.6156840324401855,0.14612150192260742
500,5.800000000000001,0.96,0.4,1,1,1,19,0.7953216463912243,0.5697117106869966,0.6283259391784668,0.11037778854370117
500,5.800000000000001,0.96,0.4,1,1,1,20,0.7602922509504121,0.47230191044519115,0.5252463817596436,0.0785069465637207
500,5.800000000000001,0.96,0.4,1,1,1,21,0.7119061688163781,0.4461577391657928,0.4684910774230957,0.12117624282836914
500,5.800000000000001,0.96,0.4,1,1,1,22,0.6977152494733462,0.6007150071111781,0.55926513671875,0.07932782173156738
500,5.800000000000001,0.96,0.4,1,1,1,23,0.6937722468767362,0.4464803352928498,0.520958423614502,0.07212996482849121
500,5.800000000000001,0.96,0.4,1,1,1,24,0.6378796810906918,0.4030404133322125,0.6035184860229492,0.12689805030822754
500,6.0,0.96,0.4,1,1,1,0,0.6565631585067165,0.5145771431019558,0.6455070972442627,0.11293911933898926
500,6.0,0.96,0.4,1,1,1,1,0.7016646112108186,0.4942389241215857,0.5620923042297363,0.09903860092163086
500,6.0,0.96,0.4,1,1,1,2,0.9539866756102475,0.36395393113487073,0.606266975402832,0.08424186706542969
500,6.0,0.96,0.4,1,1,1,3,0.6497253988634993,0.5213164023250121,0.5148115158081055,0.09894657135009766
500,6.0,0.96,0.4,1,1,1,4,0.8009378031182087,0.5200010127516267,0.47639966011047363,0.0951700210571289
500,6.0,0.96,0.4,1,1,1,5,0.6313741127961597,0.5047432710921981,0.6161532402038574,0.11020231246948242
500,6.0,0.96,0.4,1,1,1,6,0.711765061011573,0.4250708517922823,0.6030874252319336,0.08617043495178223
500,6.0,0.96,0.4,1,1,1,7,0.7079092223402119,0.49995149993898036,0.4473423957824707,0.08951163291931152
500,6.0,0.96,0.4,1,1,1,8,0.7838421393383452,0.5568433558025117,0.46085548400878906,0.08242082595825195
500,6.0,0.96,0.4,1,1,1,9,0.7735606697949365,0.5163791163911862,0.42667627334594727,0.09707808494567871
500,6.0,0.96,0.4,1,1,1,10,0.8281531253058527,0.483271947599549,0.46090269088745117,0.08853459358215332
500,6.0,0.96,0.4,1,1,1,11,0.7345973999136032,0.4028936457166875,0.5460183620452881,0.11776590347290039
500,6.0,0.96,0.4,1,1,1,12,0.6859571775551112,0.46506062489399025,0.6015133857727051,0.11822152137756348
500,6.0,0.96,0.4,1,1,1,13,0.7185459865617714,0.46476602664927263,0.5642879009246826,0.08062386512756348
500,6.0,0.96,0.4,1,1,1,14,0.6909950854043942,0.4175951704528792,0.5489389896392822,0.09645748138427734
500,6.0,0.96,0.4,1,1,1,15,0.7978416923271356,0.46049728561307796,0.46108531951904297,0.09651422500610352
500,6.0,0.96,0.4,1,1,1,16,0.6939538960177609,0.5310611275666507,0.4609560966491699,0.08884382247924805
500,6.0,0.96,0.4,1,1,1,17,0.7197920268501421,0.42317832991349347,0.6096453666687012,0.13000202178955078
500,6.0,0.96,0.4,1,1,1,18,0.6910080959290135,0.4579994081750361,0.5026595592498779,0.09005451202392578
500,6.0,0.96,0.4,1,1,1,19,0.5959308507485686,0.48533342329494816,0.4743316173553467,0.08588528633117676
500,6.0,0.96,0.4,1,1,1,20,0.6841843115523134,0.4295661027956683,0.4938051700592041,0.10356259346008301
500,6.0,0.96,0.4,1,1,1,21,0.8442314005399232,0.46562893895983903,0.4894087314605713,0.1317305564880371
500,6.0,0.96,0.4,1,1,1,22,0.6390696885936948,0.5079372978127896,0.49390435218811035,0.09612584114074707
500,6.0,0.96,0.4,1,1,1,23,0.878736005083657,0.5984885801235629,0.7492282390594482,0.11707878112792969
500,6.0,0.96,0.4,1,1,1,24,0.7879375519617743,0.3950078840497579,0.5199401378631592,0.10818243026733398
500,6.2,0.96,0.4,1,1,1,0,0.675382789908925,0.4875529893025814,0.6032171249389648,0.11313843727111816
500,6.2,0.96,0.4,1,1,1,1,0.6743449861254748,0.4335860423048708,0.5352637767791748,0.10948562622070312
500,6.2,0.96,0.4,1,1,1,2,0.7071210144552749,0.4594830048869666,0.5105295181274414,0.12185049057006836
500,6.2,0.96,0.4,1,1,1,3,0.7514483068178751,0.5182844325200872,0.5904355049133301,0.11072540283203125
500,6.2,0.96,0.4,1,1,1,4,0.7568473176027019,0.43229108956161044,0.5969855785369873,0.14449191093444824
500,6.2,0.96,0.4,1,1,1,5,0.7718220623611434,0.5602085127791797,0.5913364887237549,0.10862278938293457
500,6.2,0.96,0.4,1,1,1,6,0.6844016054857929,0.5667379816664079,0.6324734687805176,0.09246206283569336
500,6.2,0.96,0.4,1,1,1,7,0.667630536356194,0.4976117032011711,0.5554423332214355,0.08992886543273926
500,6.2,0.96,0.4,1,1,1,8,0.7426032584372618,0.4221497869149577,0.651350736618042,0.11607933044433594
500,6.2,0.96,0.4,1,1,1,9,0.719042228638376,0.573127869107079,0.9253766536712646,0.16775798797607422
500,6.2,0.96,0.4,1,1,1,10,0.7586816038301973,0.4508045172375248,0.6213364601135254,0.08138728141784668
500,6.2,0.96,0.4,1,1,1,11,0.7634665608843855,0.47510603310958754,0.5928835868835449,0.0880122184753418
500,6.2,0.96,0.4,1,1,1,12,0.7672095932125811,0.6227954909513994,0.5875968933105469,0.10554695129394531
500,6.2,0.96,0.4,1,1,1,13,0.7412647804546328,0.5220852302868516,0.6161470413208008,0.10264778137207031
500,6.2,0.96,0.4,1,1,1,14,0.8165927696163583,0.5502304640713443,0.6600871086120605,0.10660719871520996
500,6.2,0.96,0.4,1,1,1,15,0.8282094158599289,0.4146433227820827,0.5624151229858398,0.11275219917297363
500,6.2,0.96,0.4,1,1,1,16,0.7940358723388,0.4459118668284369,0.5829918384552002,0.07750964164733887
500,6.2,0.96,0.4,1,1,1,17,0.9022193511528793,0.4288106522744933,0.591162919998169,0.0907144546508789
500,6.2,0.96,0.4,1,1,1,18,0.6652631327148951,0.46081347941149436,0.6452181339263916,0.09750008583068848
500,6.2,0.96,0.4,1,1,1,19,0.7894169722995542,0.4577745490585262,0.7562918663024902,0.12265634536743164
500,6.2,0.96,0.4,1,1,1,20,0.8311219207008068,0.4771663743646931,0.574397087097168,0.10651993751525879
500,6.2,0.96,0.4,1,1,1,21,0.7984437490736785,0.4712108280190235,0.5375828742980957,0.1325371265411377
500,6.2,0.96,0.4,1,1,1,22,0.7279078350926687,0.4549332387752773,0.5208423137664795,0.12562108039855957
500,6.2,0.96,0.4,1,1,1,23,0.7826741302730356,0.5567679784691489,0.5197155475616455,0.11411452293395996
500,6.2,0.96,0.4,1,1,1,24,0.7616328600571312,0.4423612966696437,0.6017665863037109,0.1387939453125
500,6.4,0.96,0.4,1,1,1,0,0.7325339885513721,0.5374655078117053,0.6423859596252441,0.10235977172851562
500,6.4,0.96,0.4,1,1,1,1,0.7554620717800588,0.4602074250990776,0.594811201095581,0.1126563549041748
500,6.4,0.96,0.4,1,1,1,2,0.8552047500613127,0.46001375797440086,0.6680784225463867,0.11758995056152344
500,6.4,0.96,0.4,1,1,1,3,0.6911692361437574,0.5291907571076754,0.6920394897460938,0.12839436531066895
500,6.4,0.96,0.4,1,1,1,4,0.6776839985188352,0.5398878278477778,0.6676251888275146,0.14260625839233398
500,6.4,0.96,0.4,1,1,1,5,0.7030680495223267,0.4535490419617887,0.6743333339691162,0.12965631484985352
500,6.4,0.96,0.4,1,1,1,6,0.7433484281619027,0.5020609717697707,0.590167760848999,0.08932924270629883
500,6.4,0.96,0.4,1,1,1,7,0.7152859311844824,0.47527413181714556,0.559272050857544,0.11632299423217773
500,6.4,0.96,0.4,1,1,1,8,0.825431660749714,0.5705398426214887,0.5453231334686279,0.12272858619689941
500,6.4,0.96,0.4,1,1,1,9,0.6607495841370163,0.4983982450317276,0.5025615692138672,0.09224629402160645
500,6.4,0.96,0.4,1,1,1,10,0.759220893463372,0.467504412019396,0.6320569515228271,0.13809561729431152
500,6.4,0.96,0.4,1,1,1,11,0.7973330221243644,0.6074075545714198,0.6121430397033691,0.10460186004638672
500,6.4,0.96,0.4,1,1,1,12,0.6494316719227018,0.43088434437639883,0.5958092212677002,0.11018753051757812
500,6.4,0.96,0.4,1,1,1,13,0.7027787968981423,0.4867157563091109,0.5485503673553467,0.11658620834350586
500,6.4,0.96,0.4,1,1,1,14,0.7382513288209743,0.5009743536288646,0.5178704261779785,0.10945653915405273
500,6.4,0.96,0.4,1,1,1,15,0.901220481055748,0.5095836242820668,0.6022398471832275,0.11493372917175293
500,6.4,0.96,0.4,1,1,1,16,0.824874150177451,0.4484788566815948,0.6190452575683594,0.16102385520935059
500,6.4,0.96,0.4,1,1,1,17,0.716875138022033,0.47659077298717334,0.5556628704071045,0.10575747489929199
500,6.4,0.96,0.4,1,1,1,18,0.7492565443003869,0.5471119094536175,0.5043768882751465,0.11476016044616699
500,6.4,0.96,0.4,1,1,1,19,0.9536197206279583,0.6070910296059546,0.5510761737823486,0.09121179580688477
500,6.4,0.96,0.4,1,1,1,20,0.8564870523415972,0.48908191601316636,0.6544501781463623,0.10019373893737793
500,6.4,0.96,0.4,1,1,1,21,0.7132799844804113,0.5262941519469726,0.6871521472930908,0.1195378303527832
500,6.4,0.96,0.4,1,1,1,22,0.7500027888322852,0.662957036050329,0.5226552486419678,0.12866735458374023
500,6.4,0.96,0.4,1,1,1,23,0.783647727315515,0.4422247408804391,0.6398434638977051,0.11628460884094238
500,6.4,0.96,0.4,1,1,1,24,0.7815341009185756,0.45245442047954526,0.6027312278747559,0.10501623153686523
500,6.6000000000000005,0.96,0.4,1,1,1,0,0.7312350575964095,0.5938375994492078,0.5214078426361084,0.10881757736206055
500,6.6000000000000005,0.96,0.4,1,1,1,1,0.7495794027323033,0.48040583638606815,0.6181449890136719,0.12838459014892578
500,6.6000000000000005,0.96,0.4,1,1,1,2,0.8402507395777479,0.5932585317527241,0.6566457748413086,0.12106847763061523
500,6.6000000000000005,0.96,0.4,1,1,1,3,0.8219393196477044,0.5622178664829122,0.5190486907958984,0.11922574043273926
500,6.6000000000000005,0.96,0.4,1,1,1,4,0.8898024138609871,0.5841073046354676,0.5156459808349609,0.0867452621459961
500,6.6000000000000005,0.96,0.4,1,1,1,5,0.7578444107424925,0.5490125267153193,0.5675673484802246,0.08519649505615234
500,6.6000000000000005,0.96,0.4,1,1,1,6,0.764986797707528,0.43803571323890256,0.6111879348754883,0.10134410858154297
500,6.6000000000000005,0.96,0.4,1,1,1,7,0.7514370498614735,0.5587552940462682,0.6162474155426025,0.11571645736694336
500,6.6000000000000005,0.96,0.4,1,1,1,8,0.7889969957445684,0.7010985503062076,0.5087838172912598,0.10019254684448242
500,6.6000000000000005,0.96,0.4,1,1,1,9,0.7753802008073831,0.6191520200357746,0.5630710124969482,0.10111403465270996
500,6.6000000000000005,0.96,0.4,1,1,1,10,0.7507134048535733,0.5517739350112539,0.5818924903869629,0.0951697826385498
500,6.6000000000000005,0.96,0.4,1,1,1,11,0.7936038987472822,0.6073745349860454,0.5702464580535889,0.11536836624145508
500,6.6000000000000005,0.96,0.4,1,1,1,12,0.6864839414799356,0.43308310787592336,0.7324042320251465,0.1077880859375
500,6.6000000000000005,0.96,0.4,1,1,1,13,0.6841093632219011,0.4660267563899551,0.5031225681304932,0.08694577217102051
500,6.6000000000000005,0.96,0.4,1,1,1,14,0.7900631494201444,0.6042573677371311,0.5068745613098145,0.08933210372924805
500,6.6000000000000005,0.96,0.4,1,1,1,15,0.6870595694034952,0.5034998568331809,0.658405065536499,0.10222887992858887
500,6.6000000000000005,0.96,0.4,1,1,1,16,0.8831909470296319,0.6186105674772224,0.5543577671051025,0.13516521453857422
500,6.6000000000000005,0.96,0.4,1,1,1,17,0.8557115595518203,0.518174940497741,0.558647632598877,0.1039116382598877
500,6.6000000000000005,0.96,0.4,1,1,1,18,1.0493749750987447,0.4478644644078263,0.8063364028930664,0.14706134796142578
500,6.6000000000000005,0.96,0.4,1,1,1,19,0.9005852249257639,0.5813652096536446,0.6570892333984375,0.09534645080566406
500,6.6000000000000005,0.96,0.4,1,1,1,20,0.7929656156065487,0.6258554726314167,0.5878865718841553,0.1029052734375
500,6.6000000000000005,0.96,0.4,1,1,1,21,0.7892814652612725,0.7100295422266808,0.5375640392303467,0.10048937797546387
500,6.6000000000000005,0.96,0.4,1,1,1,22,0.8452602674814329,0.6674751319381644,0.48256444931030273,0.09367847442626953
500,6.6000000000000005,0.96,0.4,1,1,1,23,0.8667999429831167,0.5646471093766725,0.6053581237792969,0.1479969024658203
500,6.6000000000000005,0.96,0.4,1,1,1,24,0.7982605465176915,0.44477975024706207,0.604182243347168,0.10046863555908203
500,6.800000000000001,0.96,0.4,1,1,1,0,0.8723376585793778,0.6059096206059413,0.5761024951934814,0.1104423999786377
500,6.800000000000001,0.96,0.4,1,1,1,1,0.791647183570978,0.6070778888934925,0.5063612461090088,0.1072995662689209
500,6.800000000000001,0.96,0.4,1,1,1,2,0.8193084603425624,0.494796253582226,0.5695033073425293,0.07943916320800781
500,6.800000000000001,0.96,0.4,1,1,1,3,0.8619352024891033,0.4879139502585667,0.5667521953582764,0.09968996047973633
500,6.800000000000001,0.96,0.4,1,1,1,4,0.8196412941206634,0.45004482174380156,0.595679759979248,0.10163021087646484
500,6.800000000000001,0.96,0.4,1,1,1,5,0.7335556692593754,0.5181815935877692,0.5531656742095947,0.07505655288696289
500,6.800000000000001,0.96,0.4,1,1,1,6,0.8843344962564059,0.5330397526467812,0.5114603042602539,0.0948634147644043
500,6.800000000000001,0.96,0.4,1,1,1,7,0.7883767386134726,0.6980446953648428,0.5455260276794434,0.11481571197509766
500,6.800000000000001,0.96,0.4,1,1,1,8,0.8291445833615457,0.6260182142160495,0.5693504810333252,0.11659574508666992
500,6.800000000000001,0.96,0.4,1,1,1,9,0.8206377895432835,0.5758485539161456,0.6713142395019531,0.13072872161865234
500,6.800000000000001,0.96,0.4,1,1,1,10,0.8554981799744926,0.6214010742249635,0.6348552703857422,0.12061786651611328
500,6.800000000000001,0.96,0.4,1,1,1,11,0.9298589332754944,0.5822582254210077,0.5691380500793457,0.11493873596191406
500,6.800000000000001,0.96,0.4,1,1,1,12,0.7986724454646281,0.5669343511856034,0.5235674381256104,0.13421058654785156
500,6.800000000000001,0.96,0.4,1,1,1,13,0.8134011078638178,0.4760186556819215,0.5312612056732178,0.0945138931274414
500,6.800000000000001,0.96,0.4,1,1,1,14,0.934816252806954,0.5106091706710775,0.648134708404541,0.09267020225524902
500,6.800000000000001,0.96,0.4,1,1,1,15,0.855461315207433,0.5773948299910943,0.9136946201324463,0.13895606994628906
500,6.800000000000001,0.96,0.4,1,1,1,16,0.6935388028217653,0.4641893646708729,0.5496840476989746,0.07539606094360352
500,6.800000000000001,0.96,0.4,1,1,1,17,0.8591923155407375,0.5280890178585194,0.5868301391601562,0.1023702621459961
500,6.800000000000001,0.96,0.4,1,1,1,18,0.8560562884935788,0.5377188896430958,0.5697250366210938,0.1006615161895752
500,6.800000000000001,0.96,0.4,1,1,1,19,0.7877240709408369,0.6592546071910227,0.5852906703948975,0.10010004043579102
500,6.800000000000001,0.96,0.4,1,1,1,20,0.8345786956329694,0.47972821180120295,0.6600356101989746,0.12862277030944824
500,6.800000000000001,0.96,0.4,1,1,1,21,0.7870925648921405,0.5163761713124091,0.7484951019287109,0.13345098495483398
500,6.800000000000001,0.96,0.4,1,1,1,22,0.8127115852812754,0.4466151512937629,0.5109505653381348,0.10532212257385254
500,6.800000000000001,0.96,0.4,1,1,1,23,0.7590063751114312,0.5528857062772219,0.5613727569580078,0.10920476913452148
500,6.800000000000001,0.96,0.4,1,1,1,24,0.7234240779031248,0.4774288627571207,0.5701332092285156,0.10834813117980957
500,7.0,0.96,0.4,1,1,1,0,1.1542764226595914,0.7335160888519097,0.5858297348022461,0.11112141609191895
500,7.0,0.96,0.4,1,1,1,1,0.8793656676826749,0.5144866325422954,0.7477233409881592,0.10689973831176758
500,7.0,0.96,0.4,1,1,1,2,0.9642882715083516,0.6197338913496829,0.5661752223968506,0.0901632308959961
500,7.0,0.96,0.4,1,1,1,3,0.8300124669044129,0.6242710222301594,0.6528627872467041,0.10507035255432129
500,7.0,0.96,0.4,1,1,1,4,0.81397346946233,0.5042009781418494,0.6495327949523926,0.10573506355285645
500,7.0,0.96,0.4,1,1,1,5,0.8429272669332979,0.6095376680316107,0.5053269863128662,0.12404394149780273
500,7.0,0.96,0.4,1,1,1,6,1.1378437352965676,0.5456235982294955,0.6447722911834717,0.11270713806152344
500,7.0,0.96,0.4,1,1,1,7,0.8595778734948163,0.4755376575968257,0.6261312961578369,0.1390998363494873
500,7.0,0.96,0.4,1,1,1,8,0.8049334519090915,0.5093034277615975,0.499861478805542,0.10046005249023438
500,7.0,0.96,0.4,1,1,1,9,0.9848470391407349,0.470995915470155,0.5731792449951172,0.12359404563903809
500,7.0,0.96,0.4,1,1,1,10,1.0074168909662842,0.6924338782429782,0.5858643054962158,0.11262369155883789
500,7.0,0.96,0.4,1,1,1,11,0.8084047258122924,0.6764957354733455,0.8053164482116699,0.18430829048156738
500,7.0,0.96,0.4,1,1,1,12,0.8445421846367868,0.6175784836019985,0.5711438655853271,0.1299757957458496
500,7.0,0.96,0.4,1,1,1,13,0.8091747536185365,0.5034961427700857,0.7003002166748047,0.10728096961975098
500,7.0,0.96,0.4,1,1,1,14,0.9768338406376129,0.47486614568376295,0.7142269611358643,0.160691499710083
500,7.0,0.96,0.4,1,1,1,15,0.8884194189739375,0.6747454453816689,0.7607424259185791,0.16855216026306152
500,7.0,0.96,0.4,1,1,1,16,0.8186474371969816,0.6003986835330235,0.9467391967773438,0.16046714782714844
500,7.0,0.96,0.4,1,1,1,17,0.8690633999265951,0.5267879912056714,0.755368709564209,0.1403965950012207
500,7.0,0.96,0.4,1,1,1,18,0.7832503679462598,0.4411693601969462,0.7711882591247559,0.14383649826049805
500,7.0,0.96,0.4,1,1,1,19,0.8089870341054877,0.6053248918362335,0.7172224521636963,0.1523909568786621
500,7.0,0.96,0.4,1,1,1,20,0.8832731527444162,0.7021755853258776,0.7651941776275635,0.15950417518615723
500,7.0,0.96,0.4,1,1,1,21,0.8700680406732324,0.5961626224799783,0.6948819160461426,0.13035893440246582
500,7.0,0.96,0.4,1,1,1,22,0.8516350517734701,0.6755134528526882,0.5443243980407715,0.11562037467956543
500,7.0,0.96,0.4,1,1,1,23,0.9576824561614846,0.6295228236925372,0.5194618701934814,0.11864781379699707
500,7.0,0.96,0.4,1,1,1,24,0.8609604958773597,0.5355889455162236,0.5062015056610107,0.12486815452575684
500,7.2,0.96,0.4,1,1,1,0,1.0380677681085448,0.6670824864889124,0.656517505645752,0.15181660652160645
500,7.2,0.96,0.4,1,1,1,1,0.9486368856371735,0.5944127699173495,0.7411329746246338,0.15597820281982422
500,7.2,0.96,0.4,1,1,1,2,0.8616865351003566,0.545143624783976,0.7392604351043701,0.12560439109802246
500,7.2,0.96,0.4,1,1,1,3,0.9298805400938946,0.7112042617853297,0.6344988346099854,0.11232662200927734
500,7.2,0.96,0.4,1,1,1,4,0.9227021139338847,0.5251045776765211,0.6410806179046631,0.11063265800476074
500,7.2,0.96,0.4,1,1,1,5,0.8642504145411093,0.5983306775026834,0.6636154651641846,0.10877275466918945
500,7.2,0.96,0.4,1,1,1,6,0.7793860610414401,0.5061925739006037,0.6076076030731201,0.13128972053527832
500,7.2,0.96,0.4,1,1,1,7,0.9379537282803391,0.6303637854357799,0.5768136978149414,0.09243559837341309
500,7.2,0.96,0.4,1,1,1,8,0.8606085071427174,0.4640444561613815,0.5252766609191895,0.12977004051208496
500,7.2,0.96,0.4,1,1,1,9,0.793592430599088,0.6566802871049654,0.540454626083374,0.11688399314880371
500,7.2,0.96,0.4,1,1,1,10,0.8505320185129761,0.5298014063846995,0.563739538192749,0.09941840171813965
500,7.2,0.96,0.4,1,1,1,11,0.9403394098051969,0.6305068484572907,0.5905208587646484,0.12464261054992676
500,7.2,0.96,0.4,1,1,1,12,0.9106441975896769,0.50936423113197,0.7037093639373779,0.11263656616210938
500,7.2,0.96,0.4,1,1,1,13,0.8660011168812246,0.5586294428845595,0.539555549621582,0.09752869606018066
500,7.2,0.96,0.4,1,1,1,14,0.8824000801530177,0.5009102204561908,0.48002028465270996,0.1063544750213623
500,7.2,0.96,0.4,1,1,1,15,0.9882461003020122,0.5345448164163906,0.4642319679260254,0.09758162498474121
500,7.2,0.96,0.4,1,1,1,16,0.8572018838128102,0.7758393847037189,0.5055267810821533,0.11392998695373535
500,7.2,0.96,0.4,1,1,1,17,0.8971214999069684,0.7875693364056321,0.5671350955963135,0.11387848854064941
500,7.2,0.96,0.4,1,1,1,18,0.9154380670870379,0.6042434694118501,0.5227470397949219,0.09351682662963867
500,7.2,0.96,0.4,1,1,1,19,1.017773753442323,0.58757315184669,0.4412827491760254,0.10421562194824219
500,7.2,0.96,0.4,1,1,1,20,0.9770949506093262,0.7240781966797275,0.4574718475341797,0.08443832397460938
500,7.2,0.96,0.4,1,1,1,21,0.9260652510365873,0.6006638164384664,0.52166748046875,0.10036230087280273
500,7.2,0.96,0.4,1,1,1,22,1.0331493798753129,0.8699127372638414,0.5155820846557617,0.11183547973632812
500,7.2,0.96,0.4,1,1,1,23,0.7898906641913173,0.6949163168170822,0.647301197052002,0.11950874328613281
500,7.2,0.96,0.4,1,1,1,24,0.8703239611830224,0.5166132455271889,0.6372427940368652,0.10865330696105957
500,7.4,0.96,0.4,1,1,1,0,1.0046049903689742,0.6564879875234123,0.5735280513763428,0.09207415580749512
500,7.4,0.96,0.4,1,1,1,1,0.9364908695272116,0.5697318242798325,0.5432336330413818,0.0914759635925293
500,7.4,0.96,0.4,1,1,1,2,0.9303348209673281,0.6303251257314875,0.5378594398498535,0.10500526428222656
500,7.4,0.96,0.4,1,1,1,3,0.8762429161210471,0.5676583117921125,0.556180477142334,0.09227919578552246
500,7.4,0.96,0.4,1,1,1,4,0.841616387696489,0.4729388702483751,0.56884765625,0.10167551040649414
500,7.4,0.96,0.4,1,1,1,5,1.1993405185433292,0.6699554683010804,0.5281965732574463,0.0794525146484375
500,7.4,0.96,0.4,1,1,1,6,0.8174584819440849,0.5113171187576044,0.5889754295349121,0.0955512523651123
500,7.4,0.96,0.4,1,1,1,7,0.8756268701505183,0.5673925189594246,0.5547573566436768,0.08761429786682129
500,7.4,0.96,0.4,1,1,1,8,1.0373953690313333,0.6636154918595677,0.5902242660522461,0.09662413597106934
500,7.4,0.96,0.4,1,1,1,9,2.8282890445084505,0.5009457328919737,0.7253522872924805,0.12230515480041504
500,7.4,0.96,0.4,1,1,1,10,0.8165045550532337,0.6849551636183502,0.6477046012878418,0.12268805503845215
500,7.4,0.96,0.4,1,1,1,11,0.8609048531423559,0.6005895068684235,0.5932035446166992,0.09387493133544922
500,7.4,0.96,0.4,1,1,1,12,0.8317418009208861,0.5562254504751866,0.6544930934906006,0.10267782211303711
500,7.4,0.96,0.4,1,1,1,13,0.7530415373732342,0.4914611242153297,0.599865198135376,0.12233591079711914
500,7.4,0.96,0.4,1,1,1,14,1.8009617759179375,0.5959426640445086,0.6538424491882324,0.10099458694458008
500,7.4,0.96,0.4,1,1,1,15,0.8820517417007382,0.5273900505033977,0.7852318286895752,0.1364443302154541
500,7.4,0.96,0.4,1,1,1,16,0.9304383480298993,0.5304407322499621,0.6197702884674072,0.0832204818725586
500,7.4,0.96,0.4,1,1,1,17,0.8612159353511329,0.5854354220100697,0.5651466846466064,0.10463833808898926
500,7.4,0.96,0.4,1,1,1,18,0.8650736986157566,0.48384342636339905,0.6584036350250244,0.11063027381896973
500,7.4,0.96,0.4,1,1,1,19,1.0326441183736987,0.6616857563561727,0.6667349338531494,0.09839081764221191
500,7.4,0.96,0.4,1,1,1,20,1.0014905046781897,0.5500303042460037,0.7926819324493408,0.10730099678039551
500,7.4,0.96,0.4,1,1,1,21,2.6764426770927936,1.6167550473524799,0.5520193576812744,0.11470913887023926
500,7.4,0.96,0.4,1,1,1,22,0.8624659628042424,0.5597045657077391,0.5356659889221191,0.10523271560668945
500,7.4,0.96,0.4,1,1,1,23,0.7359372946677956,0.5364597056589621,0.550379753112793,0.13863277435302734
500,7.4,0.96,0.4,1,1,1,24,0.9809742512408257,0.5176356171953906,0.584134578704834,0.09968161582946777
500,7.6000000000000005,0.96,0.4,1,1,1,0,0.982001373499836,0.6789904450899376,0.6782262325286865,0.13729238510131836
500,7.6000000000000005,0.96,0.4,1,1,1,1,0.9729706976839685,0.6131536843717685,0.5645363330841064,0.12469220161437988
500,7.6000000000000005,0.96,0.4,1,1,1,2,0.9943967451002399,0.580303452400144,0.5820004940032959,0.10658788681030273
500,7.6000000000000005,0.96,0.4,1,1,1,3,1.027557895169431,0.645087800342213,0.5521419048309326,0.0980980396270752
500,7.6000000000000005,0.96,0.4,1,1,1,4,0.8555122851452847,0.6252119496405844,0.6066634654998779,0.09750938415527344
500,7.6000000000000005,0.96,0.4,1,1,1,5,1.1551923283942667,0.6469640674769624,0.6992273330688477,0.12197017669677734
500,7.6000000000000005,0.96,0.4,1,1,1,6,0.9325082080079998,0.6472971945642787,0.6806819438934326,0.12553095817565918
500,7.6000000000000005,0.96,0.4,1,1,1,7,0.7642259979170649,0.4855820314639386,0.5506508350372314,0.1157839298248291
500,7.6000000000000005,0.96,0.4,1,1,1,8,1.0370483953001215,0.5668865687508994,0.5949556827545166,0.09359121322631836
500,7.6000000000000005,0.96,0.4,1,1,1,9,0.8338213696489635,0.6488473502559234,0.6123249530792236,0.1125953197479248
500,7.6000000000000005,0.96,0.4,1,1,1,10,1.1550022606205566,0.662913870723567,0.5496232509613037,0.1270887851715088
500,7.6000000000000005,0.96,0.4,1,1,1,11,1.0415225112141695,0.6165222637347809,0.7740218639373779,0.1120595932006836
500,7.6000000000000005,0.96,0.4,1,1,1,12,0.9446563467581227,0.5548054964776062,0.514998197555542,0.10621237754821777
500,7.6000000000000005,0.96,0.4,1,1,1,13,0.8134239597674654,0.5964898680177978,0.5542373657226562,0.11559200286865234
500,7.6000000000000005,0.96,0.4,1,1,1,14,0.9010724174421995,0.6280115157708128,0.5751886367797852,0.1378343105316162
500,7.6000000000000005,0.96,0.4,1,1,1,15,0.9468070936152038,0.718511867169006,0.6975176334381104,0.12259149551391602
500,7.6000000000000005,0.96,0.4,1,1,1,16,0.9277517263066486,0.596459714879915,0.6404743194580078,0.1344468593597412
500,7.6000000000000005,0.96,0.4,1,1,1,17,0.9592378819499151,0.6652545278506662,0.5801873207092285,0.08652973175048828
500,7.6000000000000005,0.96,0.4,1,1,1,18,1.0054202410916957,0.4888213342724191,0.597883939743042,0.11306238174438477
500,7.6000000000000005,0.96,0.4,1,1,1,19,1.024443249324684,0.49998745286674406,0.5755207538604736,0.08608865737915039
500,7.6000000000000005,0.96,0.4,1,1,1,20,2.8225527026773385,0.8353592290135814,0.5574808120727539,0.09928131103515625
500,7.6000000000000005,0.96,0.4,1,1,1,21,0.9338218042114079,0.5799732607634212,0.6034724712371826,0.10861492156982422
500,7.6000000000000005,0.96,0.4,1,1,1,22,1.0233261391917308,0.7797756905121181,0.7769806385040283,0.14214277267456055
500,7.6000000000000005,0.96,0.4,1,1,1,23,1.105836410294057,0.5930758761707865,0.6316347122192383,0.09821486473083496
500,7.6000000000000005,0.96,0.4,1,1,1,24,2.8268031856302396,1.1687909608520561,0.5841014385223389,0.07688760757446289
500,7.800000000000001,0.96,0.4,1,1,1,0,1.144872666966868,0.7425474211429638,0.5196533203125,0.09863090515136719
500,7.800000000000001,0.96,0.4,1,1,1,1,1.237808893377384,0.6690775185731013,0.5271494388580322,0.11488819122314453
500,7.800000000000001,0.96,0.4,1,1,1,2,1.003222623875355,0.5368897829673124,0.7145407199859619,0.1258409023284912
500,7.800000000000001,0.96,0.4,1,1,1,3,0.9087381580526713,0.5644151120674562,0.5348305702209473,0.11409687995910645
500,7.800000000000001,0.96,0.4,1,1,1,4,0.9793958674876244,0.6214689396133957,0.5328688621520996,0.10478806495666504
500,7.800000000000001,0.96,0.4,1,1,1,5,0.8435550307453292,0.5745314978463586,0.6365015506744385,0.0861508846282959
500,7.800000000000001,0.96,0.4,1,1,1,6,1.0678720627915383,0.7597697086402951,0.6286673545837402,0.0967869758605957
500,7.800000000000001,0.96,0.4,1,1,1,7,0.8350108087971788,0.6626374004496333,0.7754330635070801,0.12263059616088867
500,7.800000000000001,0.96,0.4,1,1,1,8,0.9145510640718187,0.7398312121179981,0.5358355045318604,0.08958816528320312
500,7.800000000000001,0.96,0.4,1,1,1,9,1.0314069313622298,0.6014877080122425,0.5642843246459961,0.14220309257507324
500,7.800000000000001,0.96,0.4,1,1,1,10,0.9789691709884578,0.5760255033564737,0.738701343536377,0.10863661766052246
500,7.800000000000001,0.96,0.4,1,1,1,11,0.913640417639643,0.7252284262759683,0.5449831485748291,0.09353446960449219
500,7.800000000000001,0.96,0.4,1,1,1,12,1.056490473999455,0.6325831539794032,0.6332600116729736,0.1190495491027832
500,7.800000000000001,0.96,0.4,1,1,1,13,2.5741370566985804,1.9337935270965896,0.6623637676239014,0.14782261848449707
500,7.800000000000001,0.96,0.4,1,1,1,14,2.7195891026814127,1.3264249872248652,0.5715513229370117,0.08841228485107422
500,7.800000000000001,0.96,0.4,1,1,1,15,0.9028364452100724,0.6002938578997541,0.5420663356781006,0.1188344955444336
500,7.800000000000001,0.96,0.4,1,1,1,16,0.983094487546701,0.5724370220081051,0.6175553798675537,0.08208703994750977
500,7.800000000000001,0.96,0.4,1,1,1,17,0.9329614189101089,0.7296633776662502,0.5905313491821289,0.10353684425354004
500,7.800000000000001,0.96,0.4,1,1,1,18,2.343878713382906,0.7359641173817277,0.6756539344787598,0.1399705410003662
500,7.800000000000001,0.96,0.4,1,1,1,19,0.972963279563307,0.7405402215393972,0.590681791305542,0.10151362419128418
500,7.800000000000001,0.96,0.4,1,1,1,20,0.9566449598479174,0.6881015268501338,0.5972225666046143,0.10552787780761719
500,7.800000000000001,0.96,0.4,1,1,1,21,1.0961894080679988,0.843898429893771,0.5664217472076416,0.08911824226379395
500,7.800000000000001,0.96,0.4,1,1,1,22,2.6621070934867532,0.8378457789839173,0.5413024425506592,0.1105036735534668
500,7.800000000000001,0.96,0.4,1,1,1,23,1.0095056202050374,0.6583475735527112,0.650212287902832,0.15342307090759277
500,7.800000000000001,0.96,0.4,1,1,1,24,1.1475281133046988,0.6817956469557962,0.7129995822906494,0.1230621337890625
500,8.0,0.96,0.4,1,1,1,0,1.0366623907596053,0.5767194367940424,0.6651933193206787,0.10502099990844727
500,8.0,0.96,0.4,1,1,1,1,1.134040701721537,0.5720580356471935,0.586838960647583,0.11274886131286621
500,8.0,0.96,0.4,1,1,1,2,1.12788386966888,0.5394921275978312,0.5475237369537354,0.10795998573303223
500,8.0,0.96,0.4,1,1,1,3,1.1282673549183428,0.5650711781278985,0.5563297271728516,0.1328728199005127
500,8.0,0.96,0.4,1,1,1,4,1.0522494614478592,0.6222488940624326,0.8456094264984131,0.154188871383667
500,8.0,0.96,0.4,1,1,1,5,1.3504045170285799,0.8100463926089073,0.5498478412628174,0.10015559196472168
500,8.0,0.96,0.4,1,1,1,6,1.054189989421157,0.6352718448275547,0.5575664043426514,0.0832071304321289
500,8.0,0.96,0.4,1,1,1,7,0.9870071572749479,0.5634367866429567,0.4642670154571533,0.10048675537109375
500,8.0,0.96,0.4,1,1,1,8,1.1369966715144164,0.5629496731985534,0.4819519519805908,0.09301304817199707
500,8.0,0.96,0.4,1,1,1,9,1.0497189488147607,0.7246217998814455,0.5541560649871826,0.1313941478729248
500,8.0,0.96,0.4,1,1,1,10,1.8841946254691975,0.6608551543945295,0.603703498840332,0.10087132453918457
500,8.0,0.96,0.4,1,1,1,11,1.1189296799630084,0.5557216571477258,0.5018231868743896,0.10591673851013184
500,8.0,0.96,0.4,1,1,1,12,0.9619059947206352,0.5340759685654244,0.5174009799957275,0.09870767593383789
500,8.0,0.96,0.4,1,1,1,13,1.8062158706666671,0.7836637766434476,0.5322475433349609,0.09753680229187012
500,8.0,0.96,0.4,1,1,1,14,1.0346519342207703,0.9564892305065343,0.4658946990966797,0.10242271423339844
500,8.0,0.96,0.4,1,1,1,15,0.9706125347271648,0.5568302510774331,0.5929844379425049,0.1132516860961914
500,8.0,0.96,0.4,1,1,1,16,0.9523162116433772,0.6999206493897314,0.5852315425872803,0.12469863891601562
500,8.0,0.96,0.4,1,1,1,17,0.9039385668876025,0.5743238273613127,0.48746681213378906,0.10344219207763672
500,8.0,0.96,0.4,1,1,1,18,1.0859998103817605,0.6214424871536959,0.47519850730895996,0.1159665584564209
500,8.0,0.96,0.4,1,1,1,19,0.9484732617625371,0.7834277550550841,0.4555695056915283,0.0871279239654541
500,8.0,0.96,0.4,1,1,1,20,2.817760799431425,0.8343856590659275,0.5539448261260986,0.09341049194335938
500,8.0,0.96,0.4,1,1,1,21,1.0813082277191122,0.625773921670392,0.7145867347717285,0.11748123168945312
500,8.0,0.96,0.4,1,1,1,22,1.0550532756250686,0.6575425553418874,0.5433173179626465,0.09863042831420898
500,8.0,0.96,0.4,1,1,1,23,1.0389386754668406,0.6911908973480385,0.5563437938690186,0.09800291061401367
500,8.0,0.96,0.4,1,1,1,24,1.0611651090940002,0.6518510970014061,0.5968422889709473,0.09260201454162598
500,8.200000000000001,0.96,0.4,1,1,1,0,2.734962676641474,0.5856996720803793,0.5666968822479248,0.11564755439758301
500,8.200000000000001,0.96,0.4,1,1,1,1,2.4461192693541634,1.0544122068048494,0.6830201148986816,0.16960406303405762
500,8.200000000000001,0.96,0.4,1,1,1,2,1.2756314484839455,0.7034316811097034,0.6175224781036377,0.11665582656860352
500,8.200000000000001,0.96,0.4,1,1,1,3,1.0627257393552232,0.6831580746176688,0.694164514541626,0.10362434387207031
500,8.200000000000001,0.96,0.4,1,1,1,4,2.7130776736381645,1.191363534172729,0.5950756072998047,0.08608102798461914
500,8.200000000000001,0.96,0.4,1,1,1,5,1.6090584628353966,0.7657729551915721,0.546302080154419,0.09561824798583984
500,8.200000000000001,0.96,0.4,1,1,1,6,1.153062574035018,0.7871375545850686,0.6012842655181885,0.11271834373474121
500,8.200000000000001,0.96,0.4,1,1,1,7,1.7988331967274245,0.7337586230510194,0.7235784530639648,0.14164185523986816
500,8.200000000000001,0.96,0.4,1,1,1,8,1.0584869878300214,0.5998060494721804,0.5916731357574463,0.08501982688903809
500,8.200000000000001,0.96,0.4,1,1,1,9,1.0601707162464273,0.7237272692478542,0.567864179611206,0.11850738525390625
500,8.200000000000001,0.96,0.4,1,1,1,10,1.4748509700872245,0.6664452335834863,0.5388853549957275,0.10669541358947754
500,8.200000000000001,0.96,0.4,1,1,1,11,1.1709312202159652,0.7679479575649955,0.5711073875427246,0.11415553092956543
500,8.200000000000001,0.96,0.4,1,1,1,12,0.8872576785476943,0.7181641132114772,0.7822079658508301,0.13861441612243652
500,8.200000000000001,0.96,0.4,1,1,1,13,0.99252413414922,0.6660825536150632,0.6034634113311768,0.10344791412353516
500,8.200000000000001,0.96,0.4,1,1,1,14,1.0891958762211744,0.732150769194597,0.5785577297210693,0.10471296310424805
500,8.200000000000001,0.96,0.4,1,1,1,15,1.500842039003352,0.656748969031403,0.6006176471710205,0.10920190811157227
500,8.200000000000001,0.96,0.4,1,1,1,16,2.8160356192201332,1.3898740584267766,0.5533006191253662,0.10647940635681152
500,8.200000000000001,0.96,0.4,1,1,1,17,0.8990924506776258,0.6625848246249684,0.6190176010131836,0.11650466918945312
500,8.200000000000001,0.96,0.4,1,1,1,18,2.8114018910521064,0.5989962800086198,0.7344021797180176,0.12057328224182129
500,8.200000000000001,0.96,0.4,1,1,1,19,0.9259925247061628,0.6805837117958249,0.6103973388671875,0.10049748420715332
500,8.200000000000001,0.96,0.4,1,1,1,20,1.01689435671881,0.7541663602619838,0.6550238132476807,0.11262941360473633
500,8.200000000000001,0.96,0.4,1,1,1,21,1.001514440889441,0.6487486246907002,0.76413893699646,0.10763216018676758
500,8.200000000000001,0.96,0.4,1,1,1,22,1.9438698549681706,0.7828573769258022,0.6627688407897949,0.092559814453125
500,8.200000000000001,0.96,0.4,1,1,1,23,2.609560264158847,0.7275023895426882,0.6463847160339355,0.12578153610229492
500,8.200000000000001,0.96,0.4,1,1,1,24,0.9907998238897034,0.7536046332109082,0.5472326278686523,0.12109494209289551
500,8.4,0.96,0.4,1,1,1,0,2.798046778964593,0.5962253391925906,0.5480735301971436,0.09450697898864746
500,8.4,0.96,0.4,1,1,1,1,2.4333506337510267,1.4547636180975507,0.5698947906494141,0.09467673301696777
500,8.4,0.96,0.4,1,1,1,2,1.0700869465234693,0.6028847745835944,0.554851770401001,0.11752176284790039
500,8.4,0.96,0.4,1,1,1,3,1.0782997462026882,0.8930520258866842,0.7095193862915039,0.11669754981994629
500,8.4,0.96,0.4,1,1,1,4,1.1172896100858207,0.7711872705026148,0.6196873188018799,0.08936834335327148
500,8.4,0.96,0.4,1,1,1,5,1.0909958787956644,0.8281947147573798,0.6113929748535156,0.08899807929992676
500,8.4,0.96,0.4,1,1,1,6,2.714910363999988,2.7841097077097663,0.5667743682861328,0.08778047561645508
500,8.4,0.96,0.4,1,1,1,7,2.8097727281861324,0.768805649335512,0.5879244804382324,0.09013557434082031
500,8.4,0.96,0.4,1,1,1,8,2.5539160783010897,0.6359065801128547,0.6857187747955322,0.1096639633178711
500,8.4,0.96,0.4,1,1,1,9,2.4048077899563305,0.6087503147189032,0.6841096878051758,0.1025848388671875
500,8.4,0.96,0.4,1,1,1,10,1.0226136777250656,0.6510291170645464,0.5851011276245117,0.08413434028625488
500,8.4,0.96,0.4,1,1,1,11,1.248687646956075,0.6614704094228053,0.6582269668579102,0.0965726375579834
500,8.4,0.96,0.4,1,1,1,12,0.8879329767195019,0.8026226500502621,0.6144964694976807,0.10463690757751465
500,8.4,0.96,0.4,1,1,1,13,0.9715862397767298,0.567380709927095,0.5749759674072266,0.08201456069946289
500,8.4,0.96,0.4,1,1,1,14,1.1850537793325462,0.7067977972638421,0.6814196109771729,0.12726664543151855
500,8.4,0.96,0.4,1,1,1,15,1.13321191882594,0.7717674379589503,0.6494228839874268,0.1044015884399414
500,8.4,0.96,0.4,1,1,1,16,0.9641118384788444,0.6437071534619018,0.6826634407043457,0.10680460929870605
500,8.4,0.96,0.4,1,1,1,17,1.895483803464627,0.7595654629907495,0.5951061248779297,0.11526918411254883
500,8.4,0.96,0.4,1,1,1,18,2.71257247850452,1.0231416468692542,0.5002150535583496,0.1254725456237793
500,8.4,0.96,0.4,1,1,1,19,1.1666651682758689,0.6560987268801522,0.6215994358062744,0.13332891464233398
500,8.4,0.96,0.4,1,1,1,20,1.921552133493732,1.4030762694113765,0.6406314373016357,0.11562943458557129
500,8.4,0.96,0.4,1,1,1,21,0.9530152947499115,0.6405925507358862,0.5241303443908691,0.11742901802062988
500,8.4,0.96,0.4,1,1,1,22,2.7957792261522374,0.7802489986426614,0.6165857315063477,0.08302640914916992
500,8.4,0.96,0.4,1,1,1,23,2.8130628618243914,2.329202922657943,0.5589799880981445,0.10086750984191895
500,8.4,0.96,0.4,1,1,1,24,1.1795311250056997,0.830490375824223,0.5782883167266846,0.10980439186096191
500,8.6,0.96,0.4,1,1,1,0,1.087142275411655,0.7333264483169094,0.6703493595123291,0.11670112609863281
500,8.6,0.96,0.4,1,1,1,1,1.289207691293132,0.6390564591122879,0.49765491485595703,0.100433349609375
500,8.6,0.96,0.4,1,1,1,2,1.082092080538017,0.7547760639840541,0.5474410057067871,0.10554027557373047
500,8.6,0.96,0.4,1,1,1,3,2.81711963557166,1.3476907372796794,0.5671319961547852,0.09752464294433594
500,8.6,0.96,0.4,1,1,1,4,1.054357193737957,0.6506608900485872,0.4969058036804199,0.11271834373474121
500,8.6,0.96,0.4,1,1,1,5,2.811207733378555,2.6835695678885534,0.7320642471313477,0.12134027481079102
500,8.6,0.96,0.4,1,1,1,6,2.7791663337707004,1.5272178485057748,0.5089478492736816,0.10557341575622559
500,8.6,0.96,0.4,1,1,1,7,0.9686888210653959,0.6487070485624057,0.5374572277069092,0.10952043533325195
500,8.6,0.96,0.4,1,1,1,8,1.0609742302330365,0.5600778351175529,0.5665440559387207,0.09378433227539062
500,8.6,0.96,0.4,1,1,1,9,1.5194031381007445,0.7828048260811981,0.5370264053344727,0.10710835456848145
500,8.6,0.96,0.4,1,1,1,10,1.687381314709662,0.6355124211567313,0.5055437088012695,0.12090921401977539
500,8.6,0.96,0.4,1,1,1,11,1.0501103009729347,0.7781701944277897,0.669830322265625,0.1458282470703125
500,8.6,0.96,0.4,1,1,1,12,1.1185891845868683,0.7961678165272954,0.6329712867736816,0.0871727466583252
500,8.6,0.96,0.4,1,1,1,13,2.824076681918483,0.680298961696634,0.528205156326294,0.08238625526428223
500,8.6,0.96,0.4,1,1,1,14,1.1558973710451652,0.6168735704211266,0.5454061031341553,0.11774730682373047
500,8.6,0.96,0.4,1,1,1,15,2.7942691189862323,0.9900184107103823,0.5832388401031494,0.08621454238891602
500,8.6,0.96,0.4,1,1,1,16,2.7343410372630843,0.9538978058548194,0.7246990203857422,0.11801624298095703
500,8.6,0.96,0.4,1,1,1,17,1.1526039190483746,0.6912451035690063,0.6008968353271484,0.12624406814575195
500,8.6,0.96,0.4,1,1,1,18,2.8270925346248355,1.350884283088039,0.5217998027801514,0.09970831871032715
500,8.6,0.96,0.4,1,1,1,19,2.7208488150201124,1.5556458837716522,0.4824705123901367,0.11062932014465332
500,8.6,0.96,0.4,1,1,1,20,2.204867124555308,1.0714437211257672,0.5113961696624756,0.0923151969909668
500,8.6,0.96,0.4,1,1,1,21,2.8079463380904945,0.6722125017535923,0.5011169910430908,0.09424924850463867
500,8.6,0.96,0.4,1,1,1,22,2.190931124139776,0.6468414379234401,0.5533788204193115,0.10573649406433105
500,8.6,0.96,0.4,1,1,1,23,1.486320526637427,0.846166469201852,0.6394140720367432,0.12058568000793457
500,8.6,0.96,0.4,1,1,1,24,2.2316127830682375,0.9758221745682788,0.5576744079589844,0.08269357681274414
500,8.8,0.96,0.4,1,1,1,0,2.6412350198047045,0.8792441227811099,0.5317611694335938,0.08379697799682617
500,8.8,0.96,0.4,1,1,1,1,1.0702553462961921,0.8031557341768967,0.5764617919921875,0.09062910079956055
500,8.8,0.96,0.4,1,1,1,2,1.2666738858003992,0.7699617753200708,0.5396213531494141,0.11162900924682617
500,8.8,0.96,0.4,1,1,1,3,2.6689578557855653,1.4653187559423053,0.7685537338256836,0.12331843376159668
500,8.8,0.96,0.4,1,1,1,4,2.1510493645235256,0.7831908906615176,0.5347774028778076,0.13468289375305176
500,8.8,0.96,0.4,1,1,1,5,2.21458470807005,1.882222564132287,0.5405287742614746,0.12995409965515137
500,8.8,0.96,0.4,1,1,1,6,1.6437199889448324,0.7756062098512675,0.4989480972290039,0.09475135803222656
500,8.8,0.96,0.4,1,1,1,7,2.807404790397259,1.5946315326086524,0.5718014240264893,0.1003255844116211
500,8.8,0.96,0.4,1,1,1,8,2.8276839964313187,1.2909665515943052,0.7247607707977295,0.13874173164367676
500,8.8,0.96,0.4,1,1,1,9,1.0690902027165428,0.6335107563720431,0.6180319786071777,0.10266923904418945
500,8.8,0.96,0.4,1,1,1,10,2.722715743368236,2.2337114340957553,0.5233726501464844,0.11867403984069824
500,8.8,0.96,0.4,1,1,1,11,1.1089349224218439,0.5851463355225529,0.6370906829833984,0.0866553783416748
500,8.8,0.96,0.4,1,1,1,12,1.3345622386468365,0.6328461119898201,0.5806601047515869,0.10065269470214844
500,8.8,0.96,0.4,1,1,1,13,2.1595127587907026,0.9268724493621231,0.6128501892089844,0.14527177810668945
500,8.8,0.96,0.4,1,1,1,14,2.166189696589763,1.1300164166144835,0.7308123111724854,0.13373661041259766
500,8.8,0.96,0.4,1,1,1,15,1.6279632360461231,0.6791739635024325,0.5943436622619629,0.10578560829162598
500,8.8,0.96,0.4,1,1,1,16,2.7842834407598853,0.8356857265560977,0.6107509136199951,0.08543157577514648
500,8.8,0.96,0.4,1,1,1,17,1.217348373184783,0.7849074086745279,0.5975015163421631,0.0952601432800293
500,8.8,0.96,0.4,1,1,1,18,1.287515073184508,0.7538397901661532,0.5846409797668457,0.10311770439147949
500,8.8,0.96,0.4,1,1,1,19,2.6612378716180287,0.725951637039786,0.5780460834503174,0.14268231391906738
500,8.8,0.96,0.4,1,1,1,20,1.125827718151718,0.6321382668937265,0.7289133071899414,0.12406301498413086
500,8.8,0.96,0.4,1,1,1,21,1.1930060349189404,0.9511314807471324,0.5931525230407715,0.09891891479492188
500,8.8,0.96,0.4,1,1,1,22,2.675533553727367,0.8088456513633158,0.5803601741790771,0.1057729721069336
500,8.8,0.96,0.4,1,1,1,23,2.8279714284678823,1.4523341472786335,0.6116421222686768,0.10817360877990723
500,8.8,0.96,0.4,1,1,1,24,2.8251134460941834,1.8495387552276563,0.6684026718139648,0.11305880546569824
500,9.0,0.96,0.4,1,1,1,0,1.1845613484992008,0.6955457242703547,0.6759357452392578,0.15516185760498047
500,9.0,0.96,0.4,1,1,1,1,2.6238695372479945,1.541400087633684,0.5611214637756348,0.10313153266906738
500,9.0,0.96,0.4,1,1,1,2,2.8098087256118633,1.1250776942938798,0.6267838478088379,0.10724878311157227
500,9.0,0.96,0.4,1,1,1,3,1.204324209601019,0.8900883769159151,0.7553954124450684,0.10948920249938965
500,9.0,0.96,0.4,1,1,1,4,2.8283476288147282,0.8692557858424328,0.6189115047454834,0.09527850151062012
500,9.0,0.96,0.4,1,1,1,5,1.3341940772776621,0.813703967188934,0.7587099075317383,0.13716650009155273
500,9.0,0.96,0.4,1,1,1,6,2.8119901119102866,1.5079126153460483,0.574537992477417,0.08312559127807617
500,9.0,0.96,0.4,1,1,1,7,1.746157388175362,0.9653314225339913,0.5806324481964111,0.0941474437713623
500,9.0,0.96,0.4,1,1,1,8,1.5831499730028853,0.8134289863792038,0.607734203338623,0.09340858459472656
500,9.0,0.96,0.4,1,1,1,9,1.1069737450998443,1.0208383392845355,0.604057788848877,0.0929117202758789
500,9.0,0.96,0.4,1,1,1,10,2.754729829738619,2.9151948163988832,0.6734082698822021,0.12764430046081543
500,9.0,0.96,0.4,1,1,1,11,1.3765277987868905,0.7661912019552153,0.5512440204620361,0.12376594543457031
500,9.0,0.96,0.4,1,1,1,12,1.9124650262669856,1.083378798049984,0.560631513595581,0.0981600284576416
500,9.0,0.96,0.4,1,1,1,13,2.089444756714766,0.6497643914748472,0.5184056758880615,0.12340116500854492
500,9.0,0.96,0.4,1,1,1,14,2.739320568742424,1.124427041591289,0.5636556148529053,0.12978625297546387
500,9.0,0.96,0.4,1,1,1,15,1.1781089035620531,0.6641976415528019,0.6014077663421631,0.14823579788208008
500,9.0,0.96,0.4,1,1,1,16,2.8281324117804894,2.134692908746539,0.5936093330383301,0.10969018936157227
500,9.0,0.96,0.4,1,1,1,17,2.63060477938044,0.8338775217214742,0.5344803333282471,0.0939643383026123
500,9.0,0.96,0.4,1,1,1,18,2.742145262190782,1.1768514869489146,0.5914089679718018,0.0989980697631836
500,9.0,0.96,0.4,1,1,1,19,2.5578668839420935,1.4986345231121998,0.5106120109558105,0.13309478759765625
500,9.0,0.96,0.4,1,1,1,20,2.554260342173441,1.5844552943165868,0.5603904724121094,0.10234355926513672
500,9.0,0.96,0.4,1,1,1,21,2.6290637599091786,0.7353854466205215,0.7018868923187256,0.11389803886413574
500,9.0,0.96,0.4,1,1,1,22,2.813261064982002,1.7345767077745533,0.5016505718231201,0.12924432754516602
500,9.0,0.96,0.4,1,1,1,23,2.7851129824928424,0.8858460180346964,0.6697046756744385,0.15067505836486816
500,9.0,0.96,0.4,1,1,1,24,2.468564560451628,1.112407805202452,0.5528430938720703,0.109619140625
500,9.200000000000001,0.96,0.4,1,1,1,0,2.5264367321362706,0.8552967163159291,0.49494409561157227,0.09675168991088867
500,9.200000000000001,0.96,0.4,1,1,1,1,2.7989987491625157,2.0020966287105924,0.6160140037536621,0.1372675895690918
500,9.200000000000001,0.96,0.4,1,1,1,2,1.3069281396250525,0.8213096507236908,0.6909341812133789,0.11359786987304688
500,9.200000000000001,0.96,0.4,1,1,1,3,2.012151645975417,1.6873686452190544,0.551506757736206,0.11302065849304199
500,9.200000000000001,0.96,0.4,1,1,1,4,1.1744610657036954,0.7801472480338009,0.6191058158874512,0.09768128395080566
500,9.200000000000001,0.96,0.4,1,1,1,5,2.613802886954807,1.2068547198208173,0.5240974426269531,0.12307286262512207
500,9.200000000000001,0.96,0.4,1,1,1,6,1.2479876747399476,0.6717227302694344,0.49954724311828613,0.10149478912353516
500,9.200000000000001,0.96,0.4,1,1,1,7,2.663534211565518,1.7965090017865937,0.6208088397979736,0.12441301345825195
500,9.200000000000001,0.96,0.4,1,1,1,8,2.8283707570274497,1.3181814379328913,0.6002490520477295,0.0994727611541748
500,9.200000000000001,0.96,0.4,1,1,1,9,2.7954082111929446,0.7127019006506398,0.5675561428070068,0.09474682807922363
500,9.200000000000001,0.96,0.4,1,1,1,10,2.397617293902186,1.7879244818527884,0.6020140647888184,0.13542699813842773
500,9.200000000000001,0.96,0.4,1,1,1,11,2.8260431801816472,2.0781516448225053,0.5896060466766357,0.10860848426818848
500,9.200000000000001,0.96,0.4,1,1,1,12,2.229147061825571,0.8006392665257006,0.6692955493927002,0.12643218040466309
500,9.200000000000001,0.96,0.4,1,1,1,13,1.3783773627692304,0.8755396250952378,0.5561120510101318,0.08360481262207031
500,9.200000000000001,0.96,0.4,1,1,1,14,2.814592883496315,1.125842289418356,0.5857062339782715,0.09258198738098145
500,9.200000000000001,0.96,0.4,1,1,1,15,2.812874840043738,1.3688298818758378,0.48427534103393555,0.10483837127685547
500,9.200000000000001,0.96,0.4,1,1,1,16,2.5676387110957997,1.1813007157741855,0.5023036003112793,0.07120013236999512
500,9.200000000000001,0.96,0.4,1,1,1,17,2.816836726135282,0.9473778952686142,0.5813901424407959,0.0627741813659668
500,9.200000000000001,0.96,0.4,1,1,1,18,2.680173296228407,1.4930671380973508,0.7787034511566162,0.11958050727844238
500,9.200000000000001,0.96,0.4,1,1,1,19,2.6995972654929425,1.0206607128439034,0.6385431289672852,0.10264039039611816
500,9.200000000000001,0.96,0.4,1,1,1,20,2.823111759350547,1.9874364141221592,0.5408806800842285,0.06496739387512207
500,9.200000000000001,0.96,0.4,1,1,1,21,2.810815352715155,1.2651726908989023,0.4899470806121826,0.10617661476135254
500,9.200000000000001,0.96,0.4,1,1,1,22,1.395842883445755,0.752054867684956,0.5070512294769287,0.09044003486633301
500,9.200000000000001,0.96,0.4,1,1,1,23,1.894147454121752,0.7060197990145735,0.5457277297973633,0.0649118423461914
500,9.200000000000001,0.96,0.4,1,1,1,24,2.514324120930388,2.181782562861179,0.66644287109375,0.10166120529174805
500,9.4,0.96,0.4,1,1,1,0,2.8267032579376905,1.0443782998640325,0.6299936771392822,0.11311817169189453
500,9.4,0.96,0.4,1,1,1,1,1.528141985332532,1.1777123537891065,0.5369949340820312,0.09047245979309082
500,9.4,0.96,0.4,1,1,1,2,2.482585046092919,2.3693689799127178,0.5774374008178711,0.07016825675964355
500,9.4,0.96,0.4,1,1,1,3,2.795523887063728,1.4918393691630314,0.5304687023162842,0.13178801536560059
500,9.4,0.96,0.4,1,1,1,4,2.7790608926130185,1.431190906107999,0.6691842079162598,0.12247943878173828
500,9.4,0.96,0.4,1,1,1,5,2.795702432961024,1.1472188669308245,0.7488796710968018,0.13516759872436523
500,9.4,0.96,0.4,1,1,1,6,2.5525970153127844,1.6916371101443135,0.5768706798553467,0.08956503868103027
500,9.4,0.96,0.4,1,1,1,7,2.8259190773231673,1.5536727791625182,0.6061458587646484,0.10345029830932617
500,9.4,0.96,0.4,1,1,1,8,2.8271003813990983,1.613526726242564,0.5005581378936768,0.11520600318908691
500,9.4,0.96,0.4,1,1,1,9,2.4987165067712924,1.196026699101159,0.5396089553833008,0.1021573543548584
500,9.4,0.96,0.4,1,1,1,10,1.872313279352556,1.0359188717804393,0.7412853240966797,0.14420223236083984
500,9.4,0.96,0.4,1,1,1,11,2.823066259262028,0.9688520465432396,0.6056089401245117,0.09898853302001953
500,9.4,0.96,0.4,1,1,1,12,2.777370479415285,2.497714418559008,0.583977222442627,0.10797286033630371
500,9.4,0.96,0.4,1,1,1,13,2.565939552711378,0.8264764402939074,0.5504519939422607,0.12752032279968262
500,9.4,0.96,0.4,1,1,1,14,2.828426812293431,2.4359936310753603,0.5445117950439453,0.15199494361877441
500,9.4,0.96,0.4,1,1,1,15,2.820563959202052,1.739495209553904,0.8694560527801514,0.15252447128295898
500,9.4,0.96,0.4,1,1,1,16,2.6264502573490587,2.0410029414708126,0.5304651260375977,0.11607742309570312
500,9.4,0.96,0.4,1,1,1,17,2.4317745312064862,1.5385749103251936,0.5873124599456787,0.09982156753540039
500,9.4,0.96,0.4,1,1,1,18,2.82761225895096,1.8263541767266465,0.5794966220855713,0.10327672958374023
500,9.4,0.96,0.4,1,1,1,19,2.7147459199439123,1.3688324559990332,0.5851345062255859,0.10756397247314453
500,9.4,0.96,0.4,1,1,1,20,2.4911541968659354,0.9780379023782374,0.6884322166442871,0.10840487480163574
500,9.4,0.96,0.4,1,1,1,21,1.3775712738955443,0.7993105525359017,0.5707132816314697,0.12062263488769531
500,9.4,0.96,0.4,1,1,1,22,2.8276799565623953,0.9976873921040603,0.5008635520935059,0.13249993324279785
500,9.4,0.96,0.4,1,1,1,23,2.8204612226765815,0.8647151823663952,0.513617753982544,0.12009930610656738
500,9.4,0.96,0.4,1,1,1,24,2.1047481578497926,1.7779777877116494,0.5163538455963135,0.1085214614868164
500,9.600000000000001,0.96,0.4,1,1,1,0,2.7427580133536407,1.1958169128640692,0.4864351749420166,0.09948253631591797
500,9.600000000000001,0.96,0.4,1,1,1,1,2.816377829489878,1.0461947729485526,0.6361920833587646,0.14812517166137695
500,9.600000000000001,0.96,0.4,1,1,1,2,2.1780498017498537,0.8315259141345854,0.525259256362915,0.10907173156738281
500,9.600000000000001,0.96,0.4,1,1,1,3,2.827024323089893,1.60892155493742,0.5112667083740234,0.1040639877319336
500,9.600000000000001,0.96,0.4,1,1,1,4,2.7192062176683085,1.2660266285538708,0.5051391124725342,0.12156081199645996
500,9.600000000000001,0.96,0.4,1,1,1,5,2.7758890927038014,2.0796246396060045,0.4791572093963623,0.09775424003601074
500,9.600000000000001,0.96,0.4,1,1,1,6,2.7115742244077,1.1526099680756854,0.6350994110107422,0.120330810546875
500,9.600000000000001,0.96,0.4,1,1,1,7,2.7729300338340077,1.2497745593538758,0.7240829467773438,0.13686227798461914
500,9.600000000000001,0.96,0.4,1,1,1,8,2.667966253318464,1.3667787357560703,0.5934357643127441,0.08601260185241699
500,9.600000000000001,0.96,0.4,1,1,1,9,2.813559317073947,2.0080967461722783,0.6383833885192871,0.10645294189453125
500,9.600000000000001,0.96,0.4,1,1,1,10,2.7036062373493093,0.8019532367592043,0.7775189876556396,0.12287211418151855
500,9.600000000000001,0.96,0.4,1,1,1,11,2.411381083306011,0.8818028562313823,0.5175435543060303,0.14845871925354004
500,9.600000000000001,0.96,0.4,1,1,1,12,2.802602163423899,0.768248370472319,0.7653622627258301,0.10537099838256836
500,9.600000000000001,0.96,0.4,1,1,1,13,2.7952828401331646,1.0374627864075496,0.5794823169708252,0.07834553718566895
500,9.600000000000001,0.96,0.4,1,1,1,14,2.8223148739349906,0.871942962972811,0.587672233581543,0.08362698554992676
500,9.600000000000001,0.96,0.4,1,1,1,15,2.281673906668707,0.9822725477110064,0.5043575763702393,0.09367990493774414
500,9.600000000000001,0.96,0.4,1,1,1,16,1.487147611193452,0.8310844231855434,0.5210893154144287,0.11739706993103027
500,9.600000000000001,0.96,0.4,1,1,1,17,2.462977571727169,0.7849111967730799,0.609133243560791,0.10007286071777344
500,9.600000000000001,0.96,0.4,1,1,1,18,2.827295429658342,2.359881006736201,0.6660904884338379,0.11567044258117676
500,9.600000000000001,0.96,0.4,1,1,1,19,2.8072879371839963,1.931644757125221,0.6095173358917236,0.08450555801391602
500,9.600000000000001,0.96,0.4,1,1,1,20,2.420641229413363,1.668149363228294,0.5724711418151855,0.11768627166748047
500,9.600000000000001,0.96,0.4,1,1,1,21,2.7925791217392155,0.7475812253669326,0.5579578876495361,0.12745428085327148
500,9.600000000000001,0.96,0.4,1,1,1,22,2.4392818466691617,0.7481647648270824,0.597834587097168,0.07968258857727051
500,9.600000000000001,0.96,0.4,1,1,1,23,2.6505596308841417,2.3145074556977394,0.6469337940216064,0.1372392177581787
500,9.600000000000001,0.96,0.4,1,1,1,24,1.3965612449985927,1.1200525684040004,0.5805263519287109,0.1086273193359375
500,9.8,0.96,0.4,1,1,1,0,1.6202475630373128,0.8893102163805593,0.5763490200042725,0.08339715003967285
500,9.8,0.96,0.4,1,1,1,1,2.556711335897555,1.455160268922587,0.5562520027160645,0.09273290634155273
500,9.8,0.96,0.4,1,1,1,2,2.8073771646415926,0.7549399735675839,0.5060989856719971,0.1015775203704834
500,9.8,0.96,0.4,1,1,1,3,2.826952510966148,0.8358939609699564,0.5658836364746094,0.0939321517944336
500,9.8,0.96,0.4,1,1,1,4,2.822348151918398,1.1975295550707945,0.6071455478668213,0.11315798759460449
500,9.8,0.96,0.4,1,1,1,5,2.827788639656154,1.6873705602015858,0.5517194271087646,0.13024306297302246
500,9.8,0.96,0.4,1,1,1,6,2.215751647612743,0.7263739526187194,0.6880977153778076,0.08243203163146973
500,9.8,0.96,0.4,1,1,1,7,2.8252492892009413,1.6255031255378216,0.4820239543914795,0.11673307418823242
500,9.8,0.96,0.4,1,1,1,8,2.8238680545498758,1.6680817984958194,0.5136444568634033,0.08954071998596191
500,9.8,0.96,0.4,1,1,1,9,1.7926782709348457,0.8870189260217689,0.701817512512207,0.1056661605834961
500,9.8,0.96,0.4,1,1,1,10,2.828345390099688,1.2433283154114751,0.6020102500915527,0.07122540473937988
500,9.8,0.96,0.4,1,1,1,11,2.8190539557059364,3.2178413248421562,0.55533766746521,0.07905936241149902
500,9.8,0.96,0.4,1,1,1,12,2.718845766908094,1.2693104496580376,0.5162520408630371,0.10300827026367188
500,9.8,0.96,0.4,1,1,1,13,2.170323654691028,1.2026916688447404,0.5609719753265381,0.08659148216247559
500,9.8,0.96,0.4,1,1,1,14,2.7626578077017725,1.087714971861731,0.618025541305542,0.10334634780883789
500,9.8,0.96,0.4,1,1,1,15,2.8281679484700386,2.6426148455961487,0.7599046230316162,0.13343214988708496
500,9.8,0.96,0.4,1,1,1,16,2.7924843935499766,0.9916301034691405,0.500863790512085,0.10814332962036133
500,9.8,0.96,0.4,1,1,1,17,2.826010262090738,1.7436164572737676,0.5495610237121582,0.09767651557922363
500,9.8,0.96,0.4,1,1,1,18,2.8177951910647976,1.2638867459501173,0.4703977108001709,0.1286602020263672
500,9.8,0.96,0.4,1,1,1,19,2.7723655652949937,0.872522878293335,0.48304128646850586,0.09511041641235352
500,9.8,0.96,0.4,1,1,1,20,2.785882091561882,1.4956354239255059,0.6573467254638672,0.1105654239654541
500,9.8,0.96,0.4,1,1,1,21,2.7814111294576063,1.7023276197571537,0.5843973159790039,0.13127541542053223
500,9.8,0.96,0.4,1,1,1,22,1.508959997341936,0.6893890249921129,0.49483704566955566,0.10749316215515137
500,9.8,0.96,0.4,1,1,1,23,2.8203504434914564,1.6374359604635993,0.5829224586486816,0.09404659271240234
500,9.8,0.96,0.4,1,1,1,24,2.631942781647285,0.998628564850241,0.5763659477233887,0.09868073463439941
