n,s1,1_p_s2,s2,beta,q,sqrt_q,rep_no,eigen_mat_rerr,eigen_mat_terr,eigen_mat_gerr,eigen_mat_ev_time,eigen_mat_cal_translation_time
500,2,0.0,0.0,1,1,1,0,0.39203405253679624,0.5288422341692737,0.8475458871456708,0.4500288963317871,0.08651185035705566
500,2,0.0,0.0,1,1,1,1,0.337804777576586,0.6292670017314197,0.8836192620467158,0.41413021087646484,0.0910484790802002
500,2,0.0,0.0,1,1,1,2,0.36006077059262365,0.4346720790580971,0.7839100409462159,0.6097867488861084,0.15319514274597168
500,2,0.0,0.0,1,1,1,3,0.3229672877170081,0.5377804816332359,0.8190654518105883,0.5673041343688965,0.13913750648498535
500,2,0.0,0.0,1,1,1,4,0.38836243349870364,0.4917904901661486,0.7869399929241359,0.5542337894439697,0.15271973609924316
500,2,0.0,0.0,1,1,1,5,0.39584178114110086,0.4994982853312737,0.7203493507097031,0.7219266891479492,0.16676712036132812
500,2,0.0,0.0,1,1,1,6,0.3543384099325539,0.646867380653899,0.9813462748162896,0.6805424690246582,0.19172930717468262
500,2,0.0,0.0,1,1,1,7,0.3116618597540398,0.5632496788907448,0.8749115386447847,0.9148790836334229,0.15825295448303223
500,2,0.0,0.0,1,1,1,8,0.3953237526443277,0.5728579416307142,0.8923131454638338,0.7542469501495361,0.16706538200378418
500,2,0.0,0.0,1,1,1,9,0.38414447105576643,0.7243256687626112,1.0184004599637353,0.8694121837615967,0.1872389316558838
500,2,0.0,0.0,1,1,1,10,0.3118315475414628,0.47739879733505686,0.7536805274590987,0.8034205436706543,0.3110511302947998
500,2,0.0,0.0,1,1,1,11,0.4064728704435913,0.578521369657114,0.8766445217295512,0.44686055183410645,0.08006429672241211
500,2,0.0,0.0,1,1,1,12,0.3336556151372516,0.4922203444963085,0.7151729938296104,0.624946117401123,0.1479649543762207
500,2,0.0,0.0,1,1,1,13,0.4205958987176913,0.5232634472416677,0.8270240201898014,0.7805826663970947,0.16636967658996582
500,2,0.0,0.0,1,1,1,14,0.36131386795513365,0.5477343776264151,0.8401282397980012,0.7899525165557861,0.15932965278625488
500,2,0.0,0.0,1,1,1,15,0.3662385023386463,0.6069415147800595,0.9251808728540463,0.6936733722686768,0.14072513580322266
500,2,0.0,0.0,1,1,1,16,0.393321979467544,0.49506220919885824,0.78677271145701,0.7324740886688232,0.13499021530151367
500,2,0.0,0.0,1,1,1,17,0.38525759355827605,0.5359130127892616,0.9211706063475377,1.2426908016204834,0.1973252296447754
500,2,0.0,0.0,1,1,1,18,0.37702394901836783,0.6848071225311659,1.0186956771584437,1.1899590492248535,0.21621251106262207
500,2,0.0,0.0,1,1,1,19,0.3538130865758209,0.5007944239596532,0.7455355591372876,1.0536794662475586,0.20642995834350586
500,2,0.0,0.0,1,1,1,20,0.3774277314928688,0.532451571674773,0.8554113122873179,0.9798541069030762,0.27704548835754395
500,2,0.0,0.0,1,1,1,21,0.40811809894896517,0.49206393039848023,0.7971593076619803,1.0592930316925049,0.2166428565979004
500,2,0.0,0.0,1,1,1,22,0.32865455540362537,0.5693423275510238,0.8156626662674091,1.0774857997894287,0.22025251388549805
500,2,0.0,0.0,1,1,1,23,0.3653989964154724,0.5257861814778609,0.8823232832673897,1.2011778354644775,0.2514925003051758
500,2,0.0,0.0,1,1,1,24,0.3713629202248598,0.6101853100723115,0.9753853750158736,0.8492162227630615,0.2798480987548828
500,2,0.44000000000000006,0.2,1,1,1,0,0.3365998796265687,0.590645357836618,0.8203658333316812,1.0989141464233398,0.1891324520111084
500,2,0.44000000000000006,0.2,1,1,1,1,0.3253149717917292,0.5530270731789091,0.8318740372917348,1.0800836086273193,0.20596837997436523
500,2,0.44000000000000006,0.2,1,1,1,2,0.3742530601621598,0.49179348250674876,0.7690271046557844,0.9464535713195801,0.2641453742980957
500,2,0.44000000000000006,0.2,1,1,1,3,0.3389453903781403,0.48550698272109327,0.7758590681782505,0.9065656661987305,0.29360270500183105
500,2,0.44000000000000006,0.2,1,1,1,4,0.3246356715385742,0.45186621124493825,0.7146372889105406,1.3704261779785156,0.2574930191040039
500,2,0.44000000000000006,0.2,1,1,1,5,0.35616505749061894,0.5576526186039076,0.8352966879937127,1.398386001586914,0.21662616729736328
500,2,0.44000000000000006,0.2,1,1,1,6,0.3470949080848848,0.46039051362106614,0.7701486214713804,1.2301757335662842,0.21236968040466309
500,2,0.44000000000000006,0.2,1,1,1,7,0.3061598100532743,0.6367847185833214,0.8983597905995122,1.0273916721343994,0.16624879837036133
500,2,0.44000000000000006,0.2,1,1,1,8,0.34036731700914363,0.4767767225136423,0.7278071573943395,1.073976755142212,0.19629693031311035
500,2,0.44000000000000006,0.2,1,1,1,9,0.36151201972576225,0.6213029683441297,0.982814988069892,1.1595971584320068,0.21447134017944336
500,2,0.44000000000000006,0.2,1,1,1,10,0.35318819820999886,0.6890294362424612,1.04221763445246,1.2781078815460205,0.23138904571533203
500,2,0.44000000000000006,0.2,1,1,1,11,0.35856475337152227,0.5788198735527931,0.8469952115622374,1.0732474327087402,0.19829201698303223
500,2,0.44000000000000006,0.2,1,1,1,12,0.4406485943138874,0.45498554929602975,0.7184768471760206,1.2414393424987793,0.18875789642333984
500,2,0.44000000000000006,0.2,1,1,1,13,0.3937945187976643,0.48104412263512647,0.7697959926894258,1.366786003112793,0.23270559310913086
500,2,0.44000000000000006,0.2,1,1,1,14,0.44060450574475957,0.5529639343987726,0.9702394442025644,1.286219596862793,0.2415921688079834
500,2,0.44000000000000006,0.2,1,1,1,15,0.31287239523965915,0.5707487031783584,0.7984367256746173,1.3251817226409912,0.29204225540161133
500,2,0.44000000000000006,0.2,1,1,1,16,0.3583433627007771,0.6590477903373309,1.0012135955983774,0.9941916465759277,0.18944621086120605
500,2,0.44000000000000006,0.2,1,1,1,17,0.36131841019503147,0.4976224860644903,0.7939398344423356,0.9138410091400146,0.21206450462341309
500,2,0.44000000000000006,0.2,1,1,1,18,0.35592235449956927,0.5518469198328578,0.907769274332427,0.9895834922790527,0.18606233596801758
500,2,0.44000000000000006,0.2,1,1,1,19,0.4166517726786769,0.5772342930592307,0.8781709024199191,1.1972265243530273,0.19228196144104004
500,2,0.44000000000000006,0.2,1,1,1,20,0.42301902072874314,0.5581716678964395,0.8981661882964396,1.0128366947174072,0.17828798294067383
500,2,0.44000000000000006,0.2,1,1,1,21,0.34160215439478847,0.5480431058159184,0.8455823658751527,1.2290503978729248,0.21347904205322266
500,2,0.44000000000000006,0.2,1,1,1,22,0.3680201352957262,0.6110582293594751,0.8789033563371919,1.0334584712982178,0.18012475967407227
500,2,0.44000000000000006,0.2,1,1,1,23,0.4279280069292312,0.7264453546793391,0.9555348232533085,1.1366949081420898,0.2092444896697998
500,2,0.44000000000000006,0.2,1,1,1,24,0.3816900208973204,0.5532068741262599,0.923531957903899,1.082045555114746,0.20182275772094727
500,2,0.96,0.4,1,1,1,0,0.41680151054139525,0.5808410468582562,0.9407673181717306,1.0558011531829834,0.21545886993408203
500,2,0.96,0.4,1,1,1,1,0.36405285170703133,0.6197064653557247,0.9446922650063274,1.0929124355316162,0.21338748931884766
500,2,0.96,0.4,1,1,1,2,0.4336261310256118,0.5241808823706098,0.7712314990894032,0.9923932552337646,0.21394777297973633
500,2,0.96,0.4,1,1,1,3,0.38628343310282215,0.5770855375114354,0.9050787617715417,1.016787052154541,0.23966002464294434
500,2,0.96,0.4,1,1,1,4,0.3406025104669723,0.5031804556673595,0.8080910096003295,1.3755433559417725,0.29263997077941895
500,2,0.96,0.4,1,1,1,5,0.35081906688580256,0.6580950402514355,0.9051085107808041,1.3888959884643555,0.2825736999511719
500,2,0.96,0.4,1,1,1,6,0.3745379916602228,0.6076099455163598,0.9647910242453078,1.220045566558838,0.22790908813476562
500,2,0.96,0.4,1,1,1,7,0.3323829315545566,0.5485228585025781,0.8091550985387683,1.3381083011627197,0.21306085586547852
500,2,0.96,0.4,1,1,1,8,0.3310238954520037,0.563923830143032,0.8477899695804708,1.3778176307678223,0.21868419647216797
500,2,0.96,0.4,1,1,1,9,0.3911025372952436,0.47270823615602836,0.6855980024765679,1.3646316528320312,0.23273754119873047
500,2,0.96,0.4,1,1,1,10,0.36612041575433146,0.5338769065553692,0.8068785003166444,1.2446272373199463,0.2038726806640625
500,2,0.96,0.4,1,1,1,11,0.3609131872144266,0.5621672984204403,0.8531279932620459,1.3261611461639404,0.18750858306884766
500,2,0.96,0.4,1,1,1,12,0.3667967181118853,0.574525113247783,0.8723326612842788,1.4761712551116943,0.23588013648986816
500,2,0.96,0.4,1,1,1,13,0.4096921880532131,0.711012287884431,1.120704475937644,1.2327566146850586,0.24124360084533691
500,2,0.96,0.4,1,1,1,14,0.37054133412469514,0.6722441436902323,0.9683744874120146,1.3371024131774902,0.25943470001220703
500,2,0.96,0.4,1,1,1,15,0.3451542872201854,0.5674366142054874,0.8559436901554547,1.082402229309082,0.20531320571899414
500,2,0.96,0.4,1,1,1,16,0.3537735336887875,0.554166600551893,0.8930846806890052,0.9190027713775635,0.15504980087280273
500,2,0.96,0.4,1,1,1,17,0.3709290781672005,0.6383372189658548,0.9712035248923673,1.076159954071045,0.16741442680358887
500,2,0.96,0.4,1,1,1,18,0.34261927198929537,0.5856276077680419,0.8785065882104828,1.3961513042449951,0.2685384750366211
500,2,0.96,0.4,1,1,1,19,0.36950400554517615,0.5641217223696572,0.8503308974134058,1.2070765495300293,0.23004984855651855
500,2,0.96,0.4,1,1,1,20,0.3906538335190481,0.6338514129976786,0.9215567691536232,1.1827147006988525,0.21266889572143555
500,2,0.96,0.4,1,1,1,21,0.33705398066427683,0.5830129861865523,0.8109743087009232,1.0360608100891113,0.1503276824951172
500,2,0.96,0.4,1,1,1,22,0.3679117305009947,0.6371302578361675,0.972630419714993,1.1918582916259766,0.17394661903381348
500,2,0.96,0.4,1,1,1,23,0.4074112651522708,0.4932483379299698,0.8036552832427857,1.3771419525146484,0.2291889190673828
500,2,0.96,0.4,1,1,1,24,0.39433333474852716,0.5341616991764703,0.7394667749912757,1.366957426071167,0.2339158058166504
500,2,1.5600000000000003,0.6000000000000001,1,1,1,0,0.3697153008759035,0.7443431985786672,1.0323226313301497,1.3392739295959473,0.2990999221801758
500,2,1.5600000000000003,0.6000000000000001,1,1,1,1,0.35943376225172136,0.5258500362299453,0.8201951580423679,1.1409215927124023,0.19678521156311035
500,2,1.5600000000000003,0.6000000000000001,1,1,1,2,0.41631302971578177,0.6455446281550729,0.890323363972487,1.1979918479919434,0.20079994201660156
500,2,1.5600000000000003,0.6000000000000001,1,1,1,3,0.3820127996646037,0.6375718050677842,0.9334989974330289,1.1769969463348389,0.25494813919067383
500,2,1.5600000000000003,0.6000000000000001,1,1,1,4,0.31922980007171775,0.47520852887678344,0.7266410762080932,1.3097634315490723,0.21468305587768555
500,2,1.5600000000000003,0.6000000000000001,1,1,1,5,0.3572612764574801,0.465505290768477,0.7306230274295336,0.9533097743988037,0.17397046089172363
500,2,1.5600000000000003,0.6000000000000001,1,1,1,6,0.37858133093361435,0.518810755929999,0.7994591696967229,0.8780543804168701,0.24964213371276855
500,2,1.5600000000000003,0.6000000000000001,1,1,1,7,0.3588231156045764,0.46601071568229885,0.7258583329108611,1.0222976207733154,0.2443232536315918
500,2,1.5600000000000003,0.6000000000000001,1,1,1,8,0.30429073290434333,0.4868231881129117,0.7763456010293207,1.017563819885254,0.18876910209655762
500,2,1.5600000000000003,0.6000000000000001,1,1,1,9,0.31853088773544835,0.4907934619170195,0.7747235330366655,0.8894317150115967,0.19336581230163574
500,2,1.5600000000000003,0.6000000000000001,1,1,1,10,0.391565744471744,0.8697690097485385,1.2335651076933403,0.9437482357025146,0.1606740951538086
500,2,1.5600000000000003,0.6000000000000001,1,1,1,11,0.3784718608102732,0.6336870910025258,0.8911260944418842,1.2636117935180664,0.2867088317871094
500,2,1.5600000000000003,0.6000000000000001,1,1,1,12,0.39046057548631663,0.6411534326576847,0.8939937162378264,1.2837255001068115,0.24558329582214355
500,2,1.5600000000000003,0.6000000000000001,1,1,1,13,0.38535616133665035,0.5501034584787231,0.8282636367469915,1.422563076019287,0.24836182594299316
500,2,1.5600000000000003,0.6000000000000001,1,1,1,14,0.34928005698594,0.6906540160390662,0.9438560193410842,1.0973947048187256,0.29767799377441406
500,2,1.5600000000000003,0.6000000000000001,1,1,1,15,0.34028350144264113,0.5825157388200602,0.8836240831595494,1.1150453090667725,0.180189847946167
500,2,1.5600000000000003,0.6000000000000001,1,1,1,16,0.3596769675377619,0.5480494624241359,0.9077264299618978,0.5023441314697266,0.08379268646240234
500,2,1.5600000000000003,0.6000000000000001,1,1,1,17,0.329879115991897,0.6258327513456777,0.9536281001324465,0.6059706211090088,0.13207411766052246
500,2,1.5600000000000003,0.6000000000000001,1,1,1,18,0.3412679912978824,0.4812434623267275,0.7134386040033789,0.6665763854980469,0.1534130573272705
500,2,1.5600000000000003,0.6000000000000001,1,1,1,19,0.3458843253330835,0.49111898193080306,0.7588924702826918,0.6256513595581055,0.15390300750732422
500,2,1.5600000000000003,0.6000000000000001,1,1,1,20,0.3667953240593683,0.48829641278876307,0.7618553693229808,0.7902355194091797,0.17807412147521973
500,2,1.5600000000000003,0.6000000000000001,1,1,1,21,0.3331052588971937,0.5737820623338857,0.8346018691052639,0.7177817821502686,0.16205596923828125
500,2,1.5600000000000003,0.6000000000000001,1,1,1,22,0.3393657281591093,0.5063739355778908,0.7667087106280703,0.5331804752349854,0.13173651695251465
500,2,1.5600000000000003,0.6000000000000001,1,1,1,23,0.441180801344197,0.601875414676316,0.8906324095196141,0.5504803657531738,0.14306235313415527
500,2,1.5600000000000003,0.6000000000000001,1,1,1,24,0.3532548969410197,0.7934467061579493,1.146701603098969,0.551581859588623,0.1405034065246582
500,2,2.2399999999999998,0.8,1,1,1,0,0.36671104593880827,0.6454818586230037,0.9134484453580596,0.566666841506958,0.13444018363952637
500,2,2.2399999999999998,0.8,1,1,1,1,0.3624455368555138,0.5825749161785614,0.838827365131771,0.759448766708374,0.16717004776000977
500,2,2.2399999999999998,0.8,1,1,1,2,0.34552234571992524,0.49075962382847804,0.7574789731167751,0.570655345916748,0.13305020332336426
500,2,2.2399999999999998,0.8,1,1,1,3,0.35339817150006986,0.6860152743355874,0.9428762779173843,0.530703067779541,0.12150168418884277
500,2,2.2399999999999998,0.8,1,1,1,4,0.3508819898792959,0.4714522492269384,0.7427003853891265,0.5572316646575928,0.11484718322753906
500,2,2.2399999999999998,0.8,1,1,1,5,0.38065695355629886,0.8595880504154105,1.1976704138492051,0.5367140769958496,0.11951994895935059
500,2,2.2399999999999998,0.8,1,1,1,6,0.3441315227131937,0.659777495291015,0.9151249463742452,0.6370511054992676,0.17281723022460938
500,2,2.2399999999999998,0.8,1,1,1,7,0.3382419620521414,0.6045504310800736,0.8294006398886039,0.6909356117248535,0.13203072547912598
500,2,2.2399999999999998,0.8,1,1,1,8,0.35581138614779945,0.5516320638767102,0.8282920229585952,0.6084816455841064,0.12051558494567871
500,2,2.2399999999999998,0.8,1,1,1,9,0.3699398768109928,0.5470233491642356,0.8751926114965765,0.6130468845367432,0.12902498245239258
500,2,2.2399999999999998,0.8,1,1,1,10,0.3319818641228418,0.5828975628124108,0.8048563044353041,0.5913791656494141,0.11672544479370117
500,2,2.2399999999999998,0.8,1,1,1,11,0.3376840240237592,0.4518780554827687,0.6965309265920105,0.6194982528686523,0.14763927459716797
500,2,2.2399999999999998,0.8,1,1,1,12,0.3344908317958668,0.5907770225581044,0.8974012178075915,0.7551684379577637,0.18563175201416016
500,2,2.2399999999999998,0.8,1,1,1,13,0.3436124555448007,0.6379858720837426,0.8372156978400891,0.5670528411865234,0.15153193473815918
500,2,2.2399999999999998,0.8,1,1,1,14,0.4114986890797036,0.5229922357188822,0.8572785971706056,0.7171306610107422,0.15958023071289062
500,2,2.2399999999999998,0.8,1,1,1,15,0.35238850731089766,0.50055916260185,0.7230963643164099,0.7636749744415283,0.15720129013061523
500,2,2.2399999999999998,0.8,1,1,1,16,0.3705913408595357,0.5301597639849369,0.7812671265592863,0.6055424213409424,0.1537926197052002
500,2,2.2399999999999998,0.8,1,1,1,17,0.32215782641626245,0.5249037653388343,0.7721737650373135,0.7753851413726807,0.16669654846191406
500,2,2.2399999999999998,0.8,1,1,1,18,0.38349143321731216,0.5962505011920946,0.8725959034594459,0.5368075370788574,0.13066840171813965
500,2,2.2399999999999998,0.8,1,1,1,19,0.3845381275884304,0.5899476074099248,0.8505295772659387,0.5383412837982178,0.12157273292541504
500,2,2.2399999999999998,0.8,1,1,1,20,0.3474547281559782,0.5014498017750831,0.8280023222283492,0.5637781620025635,0.1246492862701416
500,2,2.2399999999999998,0.8,1,1,1,21,0.3507594447316448,0.48493915541803206,0.7544718966598098,0.5842983722686768,0.14389348030090332
500,2,2.2399999999999998,0.8,1,1,1,22,0.3559296537104559,0.5551911425671108,0.804267015294332,0.7113988399505615,0.14000964164733887
500,2,2.2399999999999998,0.8,1,1,1,23,0.3127474534174165,0.45266442734629914,0.7503936418139188,0.6675598621368408,0.14726924896240234
500,2,2.2399999999999998,0.8,1,1,1,24,0.31924009825295285,0.5001747037526935,0.7514303391058011,0.551314115524292,0.14066100120544434
500,2,3.0,1.0,1,1,1,0,0.3959868280164627,0.538598086683291,0.7986522302875092,0.5652737617492676,0.13775300979614258
500,2,3.0,1.0,1,1,1,1,0.3331363883896293,0.6866117359178268,1.019748124307456,0.5638070106506348,0.13968777656555176
500,2,3.0,1.0,1,1,1,2,0.35464700723853937,0.6249568622716379,0.855179576489942,0.7739794254302979,0.17236542701721191
500,2,3.0,1.0,1,1,1,3,0.37453390922231583,0.5840340181460205,0.7949470810047693,0.5694541931152344,0.13409757614135742
500,2,3.0,1.0,1,1,1,4,0.33464296903792967,0.7550311289700027,0.9985595798511067,0.5619089603424072,0.11705231666564941
500,2,3.0,1.0,1,1,1,5,0.33947334872905116,0.5571588566568992,0.8323200133349825,0.5597152709960938,0.12810397148132324
500,2,3.0,1.0,1,1,1,6,0.3718895267546727,0.5667318990589869,0.8323577239282731,0.5543091297149658,0.13249564170837402
500,2,3.0,1.0,1,1,1,7,0.3569258683424641,0.5994703986926218,0.9241411307650724,0.6202993392944336,0.1670393943786621
500,2,3.0,1.0,1,1,1,8,0.35424305357212665,0.547797464659222,0.8057695240026582,0.7860167026519775,0.1398007869720459
500,2,3.0,1.0,1,1,1,9,0.33722365847166674,0.5401246420242919,0.8169562592300152,0.7925004959106445,0.18008899688720703
500,2,3.0,1.0,1,1,1,10,0.3252128455761261,0.5977556664141318,0.9039693209517814,0.6088087558746338,0.1370079517364502
500,2,3.0,1.0,1,1,1,11,0.3189948799450039,0.5529577548160063,0.8437293282335616,0.5845057964324951,0.14020061492919922
500,2,3.0,1.0,1,1,1,12,0.37546016497195267,0.583126599174383,0.9559075306440901,0.6475286483764648,0.15229201316833496
500,2,3.0,1.0,1,1,1,13,0.3303055755974772,0.5140495416698964,0.7547758435422116,0.7445123195648193,0.14179039001464844
500,2,3.0,1.0,1,1,1,14,0.36712426699651335,0.6050967698403191,0.9429887649821531,0.5629513263702393,0.14151811599731445
500,2,3.0,1.0,1,1,1,15,0.3242514298526937,0.498540250621318,0.7861020597894226,0.5730292797088623,0.13614130020141602
500,2,3.0,1.0,1,1,1,16,0.3493119562655209,0.678816379580716,1.0281283358462368,0.5875120162963867,0.1372849941253662
500,2,3.0,1.0,1,1,1,17,0.42293951422432025,0.48192100477109356,0.8140162382889108,0.6019124984741211,0.13216614723205566
500,2,3.0,1.0,1,1,1,18,0.3463942503478189,0.44175945014686446,0.733957320882898,0.7085974216461182,0.17308878898620605
500,2,3.0,1.0,1,1,1,19,0.34314717479610163,0.6081984440366942,0.8865430345694719,0.5831470489501953,0.13591742515563965
500,2,3.0,1.0,1,1,1,20,0.37683747192014755,0.560758733144876,0.7765671942201772,0.5747342109680176,0.13312959671020508
500,2,3.0,1.0,1,1,1,21,0.3405449674775974,0.5829062352568094,0.8608879274532519,0.5775630474090576,0.1354045867919922
500,2,3.0,1.0,1,1,1,22,0.3706537583211701,0.47323110010113884,0.7766331470341907,0.5599336624145508,0.12955188751220703
500,2,3.0,1.0,1,1,1,23,0.3421408811634075,0.7358779019559151,0.9486176197968142,0.7528324127197266,0.15714764595031738
500,2,3.0,1.0,1,1,1,24,0.33109820866536355,0.6806271579344718,1.010236573177096,0.5735011100769043,0.13025903701782227
500,2,3.8400000000000007,1.2000000000000002,1,1,1,0,0.37961742199070747,0.4916703934140603,0.8712878154047679,0.5681297779083252,0.1273353099822998
500,2,3.8400000000000007,1.2000000000000002,1,1,1,1,0.3381156134968947,0.6295434527206839,0.9676590662175786,0.5706312656402588,0.12165307998657227
500,2,3.8400000000000007,1.2000000000000002,1,1,1,2,0.37727614525949876,0.6994340158043592,1.0767101610638579,0.5557734966278076,0.1319887638092041
500,2,3.8400000000000007,1.2000000000000002,1,1,1,3,0.38587936978851056,0.5293739415156375,0.7760644668124776,0.6450529098510742,0.1805732250213623
500,2,3.8400000000000007,1.2000000000000002,1,1,1,4,0.3407684252586296,0.5813103758463813,0.8975946162153394,0.9365139007568359,0.21804094314575195
500,2,3.8400000000000007,1.2000000000000002,1,1,1,5,0.33525713104878896,0.6289873631231566,0.8809291358653963,0.5694625377655029,0.14254045486450195
500,2,3.8400000000000007,1.2000000000000002,1,1,1,6,0.3633017358090932,0.5858982640386349,0.9491999998477281,0.5922346115112305,0.13480567932128906
500,2,3.8400000000000007,1.2000000000000002,1,1,1,7,0.33680262346425416,0.5206388564194024,0.7675248068790586,0.5765564441680908,0.13773512840270996
500,2,3.8400000000000007,1.2000000000000002,1,1,1,8,0.3121010093726431,0.6507401975494927,0.9608164299868189,0.6808116436004639,0.17237472534179688
500,2,3.8400000000000007,1.2000000000000002,1,1,1,9,0.33399170537770584,0.5243335337724203,0.8583252391501262,0.6567072868347168,0.13088536262512207
500,2,3.8400000000000007,1.2000000000000002,1,1,1,10,0.3791563813732935,0.5850677501826425,0.9255728013088592,0.5783641338348389,0.12813854217529297
500,2,3.8400000000000007,1.2000000000000002,1,1,1,11,0.3113635540009037,0.6410061840987623,0.9068654888495375,0.5788002014160156,0.13292360305786133
500,2,3.8400000000000007,1.2000000000000002,1,1,1,12,0.374973351103508,0.48692474217121795,0.8133736226762553,0.5835549831390381,0.13286399841308594
500,2,3.8400000000000007,1.2000000000000002,1,1,1,13,0.36927921549500414,0.6110857750943379,0.9272965559344297,0.5871162414550781,0.1464989185333252
500,2,3.8400000000000007,1.2000000000000002,1,1,1,14,0.3580618216397258,0.6829226021349436,0.9740295206062212,0.7878048419952393,0.17538070678710938
500,2,3.8400000000000007,1.2000000000000002,1,1,1,15,0.3335649701806963,0.6955347983390535,0.9639678967073031,0.5802004337310791,0.12441039085388184
500,2,3.8400000000000007,1.2000000000000002,1,1,1,16,0.42589629922254796,0.5848717047923686,0.8769192368972409,0.5798225402832031,0.12470340728759766
500,2,3.8400000000000007,1.2000000000000002,1,1,1,17,0.390572513023264,0.5333466474328373,0.7676100019684253,0.563758134841919,0.11551070213317871
500,2,3.8400000000000007,1.2000000000000002,1,1,1,18,0.33870398273816743,0.58616439600159,0.8727508185153301,0.578902006149292,0.11697530746459961
500,2,3.8400000000000007,1.2000000000000002,1,1,1,19,0.40404019854658035,0.5295271340850394,0.7894354877399294,0.8442137241363525,0.16856622695922852
500,2,3.8400000000000007,1.2000000000000002,1,1,1,20,0.38948926923512095,0.5274440167044685,0.8541903326019786,0.6972639560699463,0.15261459350585938
500,2,3.8400000000000007,1.2000000000000002,1,1,1,21,0.42014005258376314,0.6327055739428378,0.9774719162631864,0.7765307426452637,0.20250415802001953
500,2,3.8400000000000007,1.2000000000000002,1,1,1,22,0.3587205931512974,0.6697290229417519,0.9403786758235458,0.9659922122955322,0.21850800514221191
500,2,3.8400000000000007,1.2000000000000002,1,1,1,23,0.38017179250062694,0.5577572753300114,0.860639630956921,0.8416826725006104,0.12737226486206055
500,2,3.8400000000000007,1.2000000000000002,1,1,1,24,0.3990483013341524,0.4975144721414106,0.7785405797214995,0.591773271560669,0.11494898796081543
500,2,4.760000000000001,1.4000000000000001,1,1,1,0,0.3102179903783693,0.6219040234799367,0.9151713911520103,0.6677072048187256,0.17066240310668945
500,2,4.760000000000001,1.4000000000000001,1,1,1,1,0.3180361003630296,0.7774826828719985,1.0479728649898212,0.7528815269470215,0.1284801959991455
500,2,4.760000000000001,1.4000000000000001,1,1,1,2,0.3372129195814142,0.5841242222650377,0.8441840822116937,0.8529477119445801,0.20249652862548828
500,2,4.760000000000001,1.4000000000000001,1,1,1,3,0.34089846478290964,0.657541604338076,0.9220164435742855,0.6219065189361572,0.16731858253479004
500,2,4.760000000000001,1.4000000000000001,1,1,1,4,0.37440768742712055,0.5468250306750483,0.8642675624214844,0.6902189254760742,0.13569140434265137
500,2,4.760000000000001,1.4000000000000001,1,1,1,5,0.38241772084534204,0.6175444029765362,0.9227252101457614,0.7109904289245605,0.11305880546569824
500,2,4.760000000000001,1.4000000000000001,1,1,1,6,0.40019608390576533,0.5561368227440194,0.9563329066497848,0.6074891090393066,0.11069273948669434
500,2,4.760000000000001,1.4000000000000001,1,1,1,7,0.3588248577257731,0.5670405652976195,0.866155014119262,0.9118630886077881,0.1624469757080078
500,2,4.760000000000001,1.4000000000000001,1,1,1,8,0.32118890004252926,0.5098550698026745,0.8186604965376632,0.6875095367431641,0.1264054775238037
500,2,4.760000000000001,1.4000000000000001,1,1,1,9,0.3768286436549285,0.8103575463123345,1.1871861899672629,0.7054963111877441,0.12036323547363281
500,2,4.760000000000001,1.4000000000000001,1,1,1,10,0.3901078540413063,0.549061970100852,0.8537523569146511,0.6611943244934082,0.16841769218444824
500,2,4.760000000000001,1.4000000000000001,1,1,1,11,0.32589548544704594,0.5853977473148503,0.8772714974298363,0.7306289672851562,0.10904526710510254
500,2,4.760000000000001,1.4000000000000001,1,1,1,12,0.4254183633721697,0.6462153115330933,0.9668697916013484,0.8983204364776611,0.16805529594421387
500,2,4.760000000000001,1.4000000000000001,1,1,1,13,0.3960615783404477,0.5439271055329729,0.77814791252612,0.6635737419128418,0.18520855903625488
500,2,4.760000000000001,1.4000000000000001,1,1,1,14,0.3982313947478377,0.5333267345736552,0.8882069933219405,0.846405029296875,0.18844318389892578
500,2,4.760000000000001,1.4000000000000001,1,1,1,15,0.3488540732280648,0.5723170618693953,0.89320553604198,0.7260980606079102,0.13408637046813965
500,2,4.760000000000001,1.4000000000000001,1,1,1,16,0.3249997744206769,0.6077430132356674,0.8451768483259675,0.8185060024261475,0.1751410961151123
500,2,4.760000000000001,1.4000000000000001,1,1,1,17,0.3486938844533234,0.6444665820046088,0.9105878479754588,0.7365317344665527,0.15303468704223633
500,2,4.760000000000001,1.4000000000000001,1,1,1,18,0.4542652372603658,0.6924949148270854,1.025826309484255,0.7256243228912354,0.1327531337738037
500,2,4.760000000000001,1.4000000000000001,1,1,1,19,0.34272174839815006,0.7262064951806209,1.0634860718202344,0.6387031078338623,0.13772082328796387
500,2,4.760000000000001,1.4000000000000001,1,1,1,20,0.33040963163299364,0.5829371490453219,0.8522105868230995,0.7808411121368408,0.1566145420074463
500,2,4.760000000000001,1.4000000000000001,1,1,1,21,0.36295521601482456,0.6732601964486205,0.9896167527276702,0.8366551399230957,0.14499568939208984
500,2,4.760000000000001,1.4000000000000001,1,1,1,22,0.3686967126050196,0.573710619901578,0.855853200386727,0.624746561050415,0.13457775115966797
500,2,4.760000000000001,1.4000000000000001,1,1,1,23,0.39800831614081605,0.5704738902186217,0.8050033518482347,0.6528258323669434,0.1632680892944336
500,2,4.760000000000001,1.4000000000000001,1,1,1,24,0.3408589335595665,0.6055706991184165,0.9180314119397963,0.704939603805542,0.12853455543518066
500,2,5.760000000000001,1.6,1,1,1,0,0.36549251010006795,0.5885118212975672,0.9219016418662448,0.820242166519165,0.17816734313964844
500,2,5.760000000000001,1.6,1,1,1,1,0.3564151337642099,0.531541985648459,0.7678619176417791,0.6673529148101807,0.11474108695983887
500,2,5.760000000000001,1.6,1,1,1,2,0.3403061436980568,0.5619119213330168,0.8358843720182175,0.6126022338867188,0.1757822036743164
500,2,5.760000000000001,1.6,1,1,1,3,0.3867828837283126,0.49597558506620254,0.7677495188206049,0.6938567161560059,0.16013312339782715
500,2,5.760000000000001,1.6,1,1,1,4,0.36390576148020154,0.8373833611863858,1.2012891226665874,0.7076137065887451,0.1147613525390625
500,2,5.760000000000001,1.6,1,1,1,5,0.3305720390529503,0.49321044903734873,0.7697117691683011,0.8434374332427979,0.1907796859741211
500,2,5.760000000000001,1.6,1,1,1,6,0.36644196092722564,0.5518484843650429,0.8944473249445325,0.8788230419158936,0.16257357597351074
500,2,5.760000000000001,1.6,1,1,1,7,0.3624735831785814,0.52224003500108,0.7455878112583003,0.65810227394104,0.17545676231384277
500,2,5.760000000000001,1.6,1,1,1,8,0.4117351764238198,0.5508041389651132,0.8760390860688602,0.7360248565673828,0.12996149063110352
500,2,5.760000000000001,1.6,1,1,1,9,0.3413552525676281,0.67699929562412,0.9602771479027254,0.7528362274169922,0.16202187538146973
500,2,5.760000000000001,1.6,1,1,1,10,0.39377923801229203,0.7738763151680337,1.1184222211391122,0.8225274085998535,0.15936708450317383
500,2,5.760000000000001,1.6,1,1,1,11,0.3578090155475973,0.5791375919640396,0.8251425603736717,0.6323740482330322,0.14629030227661133
500,2,5.760000000000001,1.6,1,1,1,12,0.3545907603395211,0.6071812077218178,0.9617719680613389,0.724586009979248,0.14861011505126953
500,2,5.760000000000001,1.6,1,1,1,13,0.3502011470684669,0.5217769827690131,0.7492577920510215,0.6623220443725586,0.14934349060058594
500,2,5.760000000000001,1.6,1,1,1,14,0.34540687616996013,0.5292034067214494,0.7438746534745919,0.7660396099090576,0.19460606575012207
500,2,5.760000000000001,1.6,1,1,1,15,0.39817639850484576,0.7258674669476383,1.124043865452484,0.6825375556945801,0.18568921089172363
500,2,5.760000000000001,1.6,1,1,1,16,0.39438305751049363,0.6525083952876298,1.0468914527981235,0.7038638591766357,0.1426868438720703
500,2,5.760000000000001,1.6,1,1,1,17,0.3639807282542616,0.4874090244506782,0.7520929731891284,0.6511013507843018,0.12274909019470215
500,2,5.760000000000001,1.6,1,1,1,18,0.31760418623047665,0.6980885721497079,0.9514710315688211,0.5802340507507324,0.13167834281921387
500,2,5.760000000000001,1.6,1,1,1,19,0.41109363889424894,0.5587420903017498,0.8184049762462455,0.892430305480957,0.17829489707946777
500,2,5.760000000000001,1.6,1,1,1,20,0.35350888172263356,0.6484255976163157,1.0019344793389493,0.753375768661499,0.11570930480957031
500,2,5.760000000000001,1.6,1,1,1,21,0.3338657940755451,0.5648008269989508,0.815607984207246,0.6699042320251465,0.12463855743408203
500,2,5.760000000000001,1.6,1,1,1,22,0.3588041504141232,0.4766276004622318,0.7581307408558331,0.6888453960418701,0.1286163330078125
500,2,5.760000000000001,1.6,1,1,1,23,0.39408145334647626,0.5630506671226898,0.8670605825480484,0.7061865329742432,0.1685318946838379
500,2,5.760000000000001,1.6,1,1,1,24,0.3129026917395002,0.6432815540955887,0.9495633797494685,0.8988008499145508,0.16542577743530273
500,2,6.84,1.8,1,1,1,0,0.36947461165502177,0.6541828838356942,1.023657495490716,0.7228326797485352,0.13152527809143066
500,2,6.84,1.8,1,1,1,1,0.3667168405540321,0.5815051294599124,0.8168836050224215,0.6589350700378418,0.14952588081359863
500,2,6.84,1.8,1,1,1,2,0.3546082648915906,0.5554598636446183,0.8958529677425553,0.885120153427124,0.17345428466796875
500,2,6.84,1.8,1,1,1,3,0.3671797640740803,0.8914680963334493,1.2152476059137733,0.8952417373657227,0.14962172508239746
500,2,6.84,1.8,1,1,1,4,0.3698523303970051,0.6066425148365541,0.875800023133041,0.7245008945465088,0.1383500099182129
500,2,6.84,1.8,1,1,1,5,0.33603964611499626,0.6106074724932139,0.9433105304777363,0.7603552341461182,0.09755969047546387
500,2,6.84,1.8,1,1,1,6,0.3304666272119003,0.5450262271130598,0.815635286336915,0.6984131336212158,0.1246650218963623
500,2,6.84,1.8,1,1,1,7,0.3726968614197357,0.6144192878889007,0.7958531224275227,0.7870762348175049,0.11272358894348145
500,2,6.84,1.8,1,1,1,8,0.3174459469681399,0.6133737972520731,0.8961729151462212,0.8475501537322998,0.17776703834533691
500,2,6.84,1.8,1,1,1,9,0.3715670291698854,0.6771372896323702,0.9128842019953499,0.6720571517944336,0.12665534019470215
500,2,6.84,1.8,1,1,1,10,0.34393145688400917,0.5771809502614398,0.8677165826098576,0.7027249336242676,0.15566277503967285
500,2,6.84,1.8,1,1,1,11,0.3690322570986049,0.6805827628768095,1.0496150199754144,0.7040190696716309,0.11452460289001465
500,2,6.84,1.8,1,1,1,12,0.3931872370732765,0.5885856255973247,0.9232288927164816,0.809384822845459,0.17053484916687012
500,2,6.84,1.8,1,1,1,13,0.3516104481733064,0.7181518953441464,1.0173344449167736,0.6885628700256348,0.17885375022888184
500,2,6.84,1.8,1,1,1,14,0.3875907442626524,0.5724391591567093,0.9045599410685886,0.5978081226348877,0.1637578010559082
500,2,6.84,1.8,1,1,1,15,0.3337495378520958,0.6232209605180529,0.9203383782217971,0.7890052795410156,0.14542484283447266
500,2,6.84,1.8,1,1,1,16,0.32514230191660787,0.6201674482960311,0.9155154928919931,0.8793671131134033,0.18659472465515137
500,2,6.84,1.8,1,1,1,17,0.33984015446948707,0.5452758066378115,0.8604779746500224,0.8685390949249268,0.18027424812316895
500,2,6.84,1.8,1,1,1,18,0.3556823871301193,0.6857442305060878,0.9504406267242318,0.634326696395874,0.12675976753234863
500,2,6.84,1.8,1,1,1,19,0.36440659030370737,0.5838692717117,0.9223044807784432,0.7214419841766357,0.13856244087219238
500,2,6.84,1.8,1,1,1,20,0.3337539682708781,0.6661304978933428,0.9071460156645577,0.6588616371154785,0.1826305389404297
500,2,6.84,1.8,1,1,1,21,0.35269696319793703,0.5748860374718936,0.8408075870932449,0.8423452377319336,0.15481853485107422
500,2,6.84,1.8,1,1,1,22,0.3414731541269233,0.6136955111142574,0.875481705911444,0.6911535263061523,0.1312258243560791
500,2,6.84,1.8,1,1,1,23,0.3610003174045152,0.8433656606377391,1.1550065483630312,0.6531178951263428,0.11715149879455566
500,2,6.84,1.8,1,1,1,24,0.38729634863576734,0.7868607142669913,1.1741570629027587,0.7411320209503174,0.14130496978759766
500,2,8.0,2.0,1,1,1,0,0.39661747978255263,0.6127026440239651,0.9056579929072948,0.6898148059844971,0.15584874153137207
500,2,8.0,2.0,1,1,1,1,0.3661412424385533,0.6075812102617679,0.8451338310171954,0.7736239433288574,0.20955491065979004
500,2,8.0,2.0,1,1,1,2,0.33135009488733785,0.6407709749715048,0.8263477838288606,0.678208589553833,0.12154889106750488
500,2,8.0,2.0,1,1,1,3,0.3575694665387475,0.7430592119299244,1.1006286784686719,0.6651434898376465,0.17936921119689941
500,2,8.0,2.0,1,1,1,4,0.43521328032753,0.6619271208068864,0.9743438169970635,0.7633414268493652,0.12839150428771973
500,2,8.0,2.0,1,1,1,5,0.3439514411853787,0.5418928527040697,0.7917900153987354,0.7379043102264404,0.19085478782653809
500,2,8.0,2.0,1,1,1,6,0.36828888383424785,0.5312968834274212,0.8564071612789488,0.7141613960266113,0.17103171348571777
500,2,8.0,2.0,1,1,1,7,0.3148090865419298,0.5253015120594482,0.8113274655655167,0.7584474086761475,0.16071867942810059
500,2,8.0,2.0,1,1,1,8,0.3574561185141296,0.7381131880750623,1.0554235315745732,0.7974121570587158,0.13233613967895508
500,2,8.0,2.0,1,1,1,9,0.34398747633397625,0.544460354848823,0.8272124886570191,0.7374749183654785,0.17872142791748047
500,2,8.0,2.0,1,1,1,10,0.30444875327659177,0.813976646711343,1.1115405916988617,0.871584415435791,0.1451418399810791
500,2,8.0,2.0,1,1,1,11,0.42736070840491713,0.8248223972739352,1.2521831056788524,0.7139253616333008,0.1426713466644287
500,2,8.0,2.0,1,1,1,12,0.3703761085383023,0.6377297821197306,0.9966623542815245,0.6554012298583984,0.16256475448608398
500,2,8.0,2.0,1,1,1,13,0.3586516526554482,0.5984353356939585,0.8711915750979768,0.7184817790985107,0.14151954650878906
500,2,8.0,2.0,1,1,1,14,0.4039610747835823,0.7839110971711967,1.1648265350736464,0.8165807723999023,0.1640627384185791
500,2,8.0,2.0,1,1,1,15,0.37341122111497516,0.5653291086587094,0.8555530430211638,0.7120201587677002,0.11667251586914062
500,2,8.0,2.0,1,1,1,16,0.4019679588225054,0.558583533973243,0.8275579798499242,0.7324821949005127,0.12653303146362305
500,2,8.0,2.0,1,1,1,17,0.34861347547287413,0.711425030809389,1.0432612212740056,0.6806533336639404,0.1434175968170166
500,2,8.0,2.0,1,1,1,18,0.34206974896297676,0.6464141206151138,0.9770330226594541,0.6757214069366455,0.1565685272216797
500,2,8.0,2.0,1,1,1,19,0.37947574134852635,0.6090222502077687,0.8787584920187753,0.884227991104126,0.16501188278198242
500,2,8.0,2.0,1,1,1,20,0.3659858461417661,0.7312162467128328,1.0014437425190095,0.707024335861206,0.12289142608642578
500,2,8.0,2.0,1,1,1,21,0.36678228333411494,0.6430662993189842,0.9449900662937385,0.7137227058410645,0.1564185619354248
500,2,8.0,2.0,1,1,1,22,0.34929740992810554,0.5574251948623582,0.8920486506837855,0.6375977993011475,0.1105356216430664
500,2,8.0,2.0,1,1,1,23,0.3691461125745351,0.5779049585137683,0.896103483975286,0.7872135639190674,0.18186736106872559
500,2,8.0,2.0,1,1,1,24,0.4087548089891704,0.5556740662911389,0.8376008594322217,0.8488607406616211,0.17201972007751465
500,2,9.240000000000002,2.2,1,1,1,0,0.3741570580540648,1.1718358659182662,1.545992923972331,0.7140781879425049,0.139190673828125
500,2,9.240000000000002,2.2,1,1,1,1,0.3229181966318152,0.8410038043090037,1.0957873617448024,0.7110280990600586,0.12796688079833984
500,2,9.240000000000002,2.2,1,1,1,2,0.311800527633489,0.5159634608906962,0.800162121444703,0.6468124389648438,0.11704230308532715
500,2,9.240000000000002,2.2,1,1,1,3,0.33082373310786567,0.6157650526633487,0.8750396774014744,0.8188562393188477,0.1839308738708496
500,2,9.240000000000002,2.2,1,1,1,4,0.3907308958990749,0.5163957164326435,0.820761431224114,0.6952338218688965,0.14258384704589844
500,2,9.240000000000002,2.2,1,1,1,5,0.46631363927650166,0.7680275802052262,1.1405914972904958,0.682574987411499,0.1393728256225586
500,2,9.240000000000002,2.2,1,1,1,6,0.3707481200977804,0.5653599461833568,0.923725156053055,0.7520473003387451,0.12784957885742188
500,2,9.240000000000002,2.2,1,1,1,7,0.31646950453390255,0.6222732175411126,0.9011664343909201,0.790353536605835,0.19597864151000977
500,2,9.240000000000002,2.2,1,1,1,8,0.3700113942122889,0.8468231871579848,1.2168345813702737,0.6434803009033203,0.1183323860168457
500,2,9.240000000000002,2.2,1,1,1,9,0.3164348191188827,0.5964785515000313,0.8762256162949764,0.6899855136871338,0.15168285369873047
500,2,9.240000000000002,2.2,1,1,1,10,0.37453174145079904,0.490235908804886,0.7302655980484438,0.7188296318054199,0.12261033058166504
500,2,9.240000000000002,2.2,1,1,1,11,0.3120139806953391,0.5137316151728273,0.7554357020125669,0.6870315074920654,0.11026144027709961
500,2,9.240000000000002,2.2,1,1,1,12,0.39354582322626785,0.6870662347808453,1.009332726672117,0.8474915027618408,0.1763310432434082
500,2,9.240000000000002,2.2,1,1,1,13,0.3201016502094041,0.5024902450327967,0.7903950259078389,0.6534683704376221,0.17063570022583008
500,2,9.240000000000002,2.2,1,1,1,14,0.34140977160935965,0.6566299537820895,0.967194710887592,0.70548415184021,0.14121532440185547
500,2,9.240000000000002,2.2,1,1,1,15,0.3888843987677831,0.8297472419495865,1.0970461711048767,0.7036807537078857,0.13823604583740234
500,2,9.240000000000002,2.2,1,1,1,16,0.35009894809091596,0.60757464103849,0.930139885660535,0.8076565265655518,0.16902732849121094
500,2,9.240000000000002,2.2,1,1,1,17,0.34597741458189385,0.8898894718103092,1.235866886392203,0.8511753082275391,0.20984339714050293
500,2,9.240000000000002,2.2,1,1,1,18,0.4196729206203981,0.6048039311486346,0.9296689477916624,0.7044200897216797,0.11244583129882812
500,2,9.240000000000002,2.2,1,1,1,19,0.38131247941048935,0.6474696580745274,0.9170942156550735,0.6645269393920898,0.12010526657104492
500,2,9.240000000000002,2.2,1,1,1,20,0.33414800102981723,0.5737787972204319,0.897574002211105,0.6648218631744385,0.1241612434387207
500,2,9.240000000000002,2.2,1,1,1,21,0.4425916869515272,0.5896129933468338,0.8149315878172896,0.9156041145324707,0.18311476707458496
500,2,9.240000000000002,2.2,1,1,1,22,0.3573104201809042,0.5483988328906512,0.7905656022962619,0.7115139961242676,0.14164161682128906
500,2,9.240000000000002,2.2,1,1,1,23,0.3440604866910901,0.6609000739133751,0.9467392800994006,0.72666335105896,0.13333773612976074
500,2,9.240000000000002,2.2,1,1,1,24,0.39696080044794224,0.5232740417145476,0.8017233490353115,0.6853280067443848,0.12868380546569824
500,2,10.560000000000002,2.4000000000000004,1,1,1,0,0.3357233811939869,0.5924266115650497,0.8617943784916535,0.6797327995300293,0.16013693809509277
500,2,10.560000000000002,2.4000000000000004,1,1,1,1,0.38318887244584127,0.5837508241453786,0.8627430759430119,0.8114113807678223,0.15647363662719727
500,2,10.560000000000002,2.4000000000000004,1,1,1,2,0.39213442869055243,0.5894754499001256,0.8985747873262411,0.7533338069915771,0.13244843482971191
500,2,10.560000000000002,2.4000000000000004,1,1,1,3,0.44969597279396845,0.6132844179376956,0.8761731765951389,0.6807332038879395,0.1255948543548584
500,2,10.560000000000002,2.4000000000000004,1,1,1,4,0.34346867216394333,0.8209937413013744,1.09875807393121,0.6577925682067871,0.14074087142944336
500,2,10.560000000000002,2.4000000000000004,1,1,1,5,0.3321825377539324,0.6315432830423263,0.9192555334282246,0.6757321357727051,0.1786346435546875
500,2,10.560000000000002,2.4000000000000004,1,1,1,6,0.3791638758010359,0.6436797324277466,0.9829729299473517,0.8464787006378174,0.1869039535522461
500,2,10.560000000000002,2.4000000000000004,1,1,1,7,0.356542153462732,0.5391375112836935,0.8631359877074406,0.7127323150634766,0.12547945976257324
500,2,10.560000000000002,2.4000000000000004,1,1,1,8,0.3836026877544765,0.587816301767741,0.8994042025292336,0.678170919418335,0.1318497657775879
500,2,10.560000000000002,2.4000000000000004,1,1,1,9,0.3371657837300323,0.6029633133300405,0.9067981566425458,0.9067947864532471,0.17016077041625977
500,2,10.560000000000002,2.4000000000000004,1,1,1,10,0.311807629527463,0.8425460077850102,1.131990510910811,0.8929343223571777,0.1575765609741211
500,2,10.560000000000002,2.4000000000000004,1,1,1,11,0.37082301333836504,0.7344529900893016,0.9933050929532763,0.7060117721557617,0.12235903739929199
500,2,10.560000000000002,2.4000000000000004,1,1,1,12,0.3581154750175124,0.8493349610691038,1.1640297827149024,0.679725170135498,0.14809083938598633
500,2,10.560000000000002,2.4000000000000004,1,1,1,13,0.376919988734997,0.5528672009878336,0.7452485462528321,0.6800398826599121,0.12259316444396973
500,2,10.560000000000002,2.4000000000000004,1,1,1,14,0.3479866149742793,0.6224363710188014,0.9034272044679333,0.6751060485839844,0.1315314769744873
500,2,10.560000000000002,2.4000000000000004,1,1,1,15,0.3640365109581353,0.754502482359246,1.1185389933173813,0.7742173671722412,0.17953038215637207
500,2,10.560000000000002,2.4000000000000004,1,1,1,16,0.3698979796660098,0.5633526650957049,0.9239492103740302,0.7054572105407715,0.11707115173339844
500,2,10.560000000000002,2.4000000000000004,1,1,1,17,0.3535397357257599,0.8280239390286102,1.0817127130798827,0.700270414352417,0.16213750839233398
500,2,10.560000000000002,2.4000000000000004,1,1,1,18,0.31478452137731616,0.5298228167440602,0.7902190932252863,0.6856410503387451,0.152177095413208
500,2,10.560000000000002,2.4000000000000004,1,1,1,19,0.3128711962494974,0.6100179766118399,0.9197551970670866,0.7496325969696045,0.1590108871459961
500,2,10.560000000000002,2.4000000000000004,1,1,1,20,0.33427777862028324,0.5767161885999934,0.8155515083337067,0.8918731212615967,0.15643310546875
500,2,10.560000000000002,2.4000000000000004,1,1,1,21,0.3225921087032911,0.5258028847711638,0.8121676253204579,0.6165199279785156,0.11899137496948242
500,2,10.560000000000002,2.4000000000000004,1,1,1,22,0.33553588476583934,0.7908118547492226,1.0751087803903314,0.6707870960235596,0.17414426803588867
500,2,10.560000000000002,2.4000000000000004,1,1,1,23,0.3783358618215853,0.5444336669454886,0.7675224313523707,0.7152819633483887,0.1315610408782959
500,2,10.560000000000002,2.4000000000000004,1,1,1,24,0.36222847717067835,0.5943502873814662,0.8644613644496077,0.7655601501464844,0.17414498329162598
500,2,11.959999999999999,2.6,1,1,1,0,0.32756028379483076,0.7606646591573031,1.0190365542821413,0.7450461387634277,0.13583946228027344
500,2,11.959999999999999,2.6,1,1,1,1,0.44598456414957277,0.6893671914850786,1.0075579437644466,0.8099961280822754,0.15536212921142578
500,2,11.959999999999999,2.6,1,1,1,2,0.36074139204298855,0.5710526976171579,0.8919866605620914,0.7439267635345459,0.12158751487731934
500,2,11.959999999999999,2.6,1,1,1,3,0.35023495266802035,0.5934726452191532,0.9193974252996762,0.7608420848846436,0.1592540740966797
500,2,11.959999999999999,2.6,1,1,1,4,0.36143948894735545,0.6649207633374543,0.8536072143038029,0.8904569149017334,0.16117238998413086
500,2,11.959999999999999,2.6,1,1,1,5,0.4046790678030477,0.5805265468104386,0.8538750659817509,0.6664197444915771,0.10668277740478516
500,2,11.959999999999999,2.6,1,1,1,6,0.3827527716133482,0.48045457348180565,0.7630676182699991,0.6903262138366699,0.13158202171325684
500,2,11.959999999999999,2.6,1,1,1,7,0.3345104550965875,0.5840645045526731,0.8509918297877835,0.6230695247650146,0.10865068435668945
500,2,11.959999999999999,2.6,1,1,1,8,0.35029931230467687,0.5586445150518637,0.8641613429194621,0.8902907371520996,0.16338181495666504
500,2,11.959999999999999,2.6,1,1,1,9,0.37053505585714136,0.707469228375781,1.0780042842329223,0.7184982299804688,0.14464139938354492
500,2,11.959999999999999,2.6,1,1,1,10,0.3354144057057048,0.5603715603953038,0.8008578380062844,0.7472152709960938,0.12166714668273926
500,2,11.959999999999999,2.6,1,1,1,11,0.4126843856531909,0.610166549369373,0.905183765592644,0.6722030639648438,0.11176490783691406
500,2,11.959999999999999,2.6,1,1,1,12,0.33458233758411243,0.5892321573530408,0.7861567596065974,0.6541194915771484,0.13377070426940918
500,2,11.959999999999999,2.6,1,1,1,13,0.3393383542105216,0.6123373555806265,0.9136458552010224,0.8109619617462158,0.18114471435546875
500,2,11.959999999999999,2.6,1,1,1,14,0.33070754771556216,0.6674120877274002,0.908818447212017,0.6625645160675049,0.17536330223083496
500,2,11.959999999999999,2.6,1,1,1,15,0.3391442783039604,0.5961347052251361,0.8970792804528973,0.7182362079620361,0.12171649932861328
500,2,11.959999999999999,2.6,1,1,1,16,0.3157087863519909,0.6242701173928474,0.8662746663988399,0.7155013084411621,0.13123154640197754
500,2,11.959999999999999,2.6,1,1,1,17,0.3639540573108439,0.6580509322093344,0.9540319631380882,0.6509063243865967,0.12966585159301758
500,2,11.959999999999999,2.6,1,1,1,18,0.33607801436463314,0.5861720472444734,0.8384002036748018,0.8185322284698486,0.18157291412353516
500,2,11.959999999999999,2.6,1,1,1,19,0.32969229158260543,0.6124030018228901,0.8808823190640642,0.8506922721862793,0.19387364387512207
500,2,11.959999999999999,2.6,1,1,1,20,0.32527228701487393,0.5370039679219919,0.8451032951553468,0.7250814437866211,0.14732003211975098
500,2,11.959999999999999,2.6,1,1,1,21,0.361330992005144,0.7002294017339525,0.9866629232128215,0.7010860443115234,0.11964058876037598
500,2,11.959999999999999,2.6,1,1,1,22,0.349749555979774,0.5752109659299847,0.8607641161187236,0.8008770942687988,0.18216991424560547
500,2,11.959999999999999,2.6,1,1,1,23,0.3260463959728005,0.5843855609452917,0.7846841571169576,0.6581127643585205,0.14752697944641113
500,2,11.959999999999999,2.6,1,1,1,24,0.35138801877683545,0.5733585374087391,0.8671797723298007,0.6628522872924805,0.16327214241027832
500,2,13.440000000000003,2.8000000000000003,1,1,1,0,0.40679210442681274,0.632963221808519,0.9598417130016066,0.7576587200164795,0.13443803787231445
500,2,13.440000000000003,2.8000000000000003,1,1,1,1,0.3684579896657215,0.7468515711855224,1.0067656040503907,0.6200623512268066,0.13440656661987305
500,2,13.440000000000003,2.8000000000000003,1,1,1,2,0.3386562889101289,0.5481193968011532,0.7600539397560677,0.8851191997528076,0.16666054725646973
500,2,13.440000000000003,2.8000000000000003,1,1,1,3,0.3746849568420495,0.6655129157454104,0.9620368915555726,0.6381871700286865,0.1407310962677002
500,2,13.440000000000003,2.8000000000000003,1,1,1,4,0.36739634194850307,0.64906212504619,1.0160784656233257,0.7393801212310791,0.16184377670288086
500,2,13.440000000000003,2.8000000000000003,1,1,1,5,0.39020152979770867,0.6691284126242029,0.9954594448141248,0.6850376129150391,0.13887405395507812
500,2,13.440000000000003,2.8000000000000003,1,1,1,6,0.3127731857714717,0.6031722204214294,0.8621746531098589,0.7657482624053955,0.15401172637939453
500,2,13.440000000000003,2.8000000000000003,1,1,1,7,0.4162049154918349,0.5953516286695744,0.9120069107855906,0.8834228515625,0.1722884178161621
500,2,13.440000000000003,2.8000000000000003,1,1,1,8,0.3528100818860981,0.5965189223697497,0.872895643452387,0.7074375152587891,0.1364142894744873
500,2,13.440000000000003,2.8000000000000003,1,1,1,9,0.40878521020061753,0.5149734789439189,0.8205578951515138,0.7503390312194824,0.13866257667541504
500,2,13.440000000000003,2.8000000000000003,1,1,1,10,0.40341633866654103,0.6744430184996271,1.0313364679097285,0.5680832862854004,0.14222335815429688
500,2,13.440000000000003,2.8000000000000003,1,1,1,11,0.44997209138065725,0.7272312768651442,1.0260312409695875,0.8544735908508301,0.20029234886169434
500,2,13.440000000000003,2.8000000000000003,1,1,1,12,0.36344485445330005,0.6012513948057013,0.9257648695786442,0.7286691665649414,0.1433086395263672
500,2,13.440000000000003,2.8000000000000003,1,1,1,13,0.43164964201156025,0.7331165160002088,1.164766158011769,0.77266526222229,0.13660907745361328
500,2,13.440000000000003,2.8000000000000003,1,1,1,14,0.3259369538274478,0.5663490750107718,0.8824942825001378,0.6540257930755615,0.1433088779449463
500,2,13.440000000000003,2.8000000000000003,1,1,1,15,0.3648228283044236,0.6460467942007175,0.9045375283891166,0.7398946285247803,0.1647181510925293
500,2,13.440000000000003,2.8000000000000003,1,1,1,16,0.3314935189599453,0.7115259007039094,1.019382263324015,0.8489315509796143,0.17272233963012695
500,2,13.440000000000003,2.8000000000000003,1,1,1,17,0.3327687094478624,0.6009367291124451,0.9122490568720841,0.6742885112762451,0.12639617919921875
500,2,13.440000000000003,2.8000000000000003,1,1,1,18,0.3308028045015298,0.6747332753705183,0.9226402536378036,0.7466733455657959,0.11124634742736816
500,2,13.440000000000003,2.8000000000000003,1,1,1,19,0.3451299963094102,0.6967532428495637,0.8610856778176329,0.6608157157897949,0.14470601081848145
500,2,13.440000000000003,2.8000000000000003,1,1,1,20,0.3844346798395422,0.6059397105285559,0.8951516636398781,0.8060128688812256,0.17684149742126465
500,2,13.440000000000003,2.8000000000000003,1,1,1,21,0.36055521531126056,0.739568233557171,1.1001234488684317,0.8267557621002197,0.1313633918762207
500,2,13.440000000000003,2.8000000000000003,1,1,1,22,0.3360241477303746,0.5319195867803205,0.7462865520765426,0.6787984371185303,0.13385844230651855
500,2,13.440000000000003,2.8000000000000003,1,1,1,23,0.3480662363298742,0.8169707300883006,1.0452152811813247,0.6548953056335449,0.18314862251281738
500,2,13.440000000000003,2.8000000000000003,1,1,1,24,0.34948019454071994,0.6429129684443927,0.9143681114036658,0.705925464630127,0.13773727416992188
500,2,15.0,3.0,1,1,1,0,0.4067039388518025,0.657456259824708,1.0641601986765106,0.8989462852478027,0.18800020217895508
500,2,15.0,3.0,1,1,1,1,0.4230654099367577,0.612613265171528,0.9326845325267271,0.7058062553405762,0.13536381721496582
500,2,15.0,3.0,1,1,1,2,0.3277880348731471,0.6161767916767495,0.8836253442453981,0.6757938861846924,0.17619729042053223
500,2,15.0,3.0,1,1,1,3,0.35144359366757166,0.7139680591025792,0.970030137483792,0.7743709087371826,0.16187191009521484
500,2,15.0,3.0,1,1,1,4,0.4087908538880945,0.7596090195248275,1.0363164929131363,0.9116988182067871,0.19861412048339844
500,2,15.0,3.0,1,1,1,5,0.3723616109405609,0.6127238360925581,0.8476681806342039,0.7971034049987793,0.1630573272705078
500,2,15.0,3.0,1,1,1,6,0.42431037280863504,0.5343877572292051,0.7613643218876479,0.6421771049499512,0.17777085304260254
500,2,15.0,3.0,1,1,1,7,0.38445569453727435,0.6046819199353084,0.915498004832893,0.6995494365692139,0.12462997436523438
500,2,15.0,3.0,1,1,1,8,0.411345249925478,0.6655163420211654,0.9088834994714965,0.6833879947662354,0.143218994140625
500,2,15.0,3.0,1,1,1,9,0.3873757163555384,0.613579356821871,0.9284875478695698,0.7853198051452637,0.18165230751037598
500,2,15.0,3.0,1,1,1,10,0.36502227116511876,0.5893122034307681,0.913537794706961,0.6804244518280029,0.12418651580810547
500,2,15.0,3.0,1,1,1,11,0.3313401171576776,0.5920836066762862,0.7963206130984631,0.6459786891937256,0.16543197631835938
500,2,15.0,3.0,1,1,1,12,0.3281464454182745,0.7592286462779673,1.036389422335193,0.689429759979248,0.12330794334411621
500,2,15.0,3.0,1,1,1,13,0.32956992292475534,0.5299862424198339,0.7783503987473105,0.6777691841125488,0.11869645118713379
500,2,15.0,3.0,1,1,1,14,0.3629461245476021,0.6084857451353143,0.8331707516513106,0.8414678573608398,0.1910080909729004
500,2,15.0,3.0,1,1,1,15,0.34004883969571886,0.6456407259802761,0.9476972930749954,0.6237168312072754,0.13804149627685547
500,2,15.0,3.0,1,1,1,16,0.3538523200820508,0.7251098185340329,1.0104544071158217,0.6744832992553711,0.17174649238586426
500,2,15.0,3.0,1,1,1,17,0.3323638246468812,0.7364276963218268,0.9856177874759166,0.7099058628082275,0.1095583438873291
500,2,15.0,3.0,1,1,1,18,0.3530167642059405,0.6501642730701584,0.9377763366877498,0.74005126953125,0.14268922805786133
500,2,15.0,3.0,1,1,1,19,0.3440975078629462,0.5961457196282295,0.8882751157019204,0.881864070892334,0.12923550605773926
500,2,15.0,3.0,1,1,1,20,0.38194245575872693,0.7483619052817563,1.1303043610404833,0.7029414176940918,0.15291357040405273
500,2,15.0,3.0,1,1,1,21,0.3182990499404742,0.6176254497922677,0.8330935068876011,0.8196263313293457,0.18612122535705566
500,2,15.0,3.0,1,1,1,22,0.3314786532939576,0.5969381481364344,0.9084238344174671,0.7826938629150391,0.1414780616760254
500,2,15.0,3.0,1,1,1,23,0.3882830538528205,0.6693671626701302,0.9705575951809722,0.7818026542663574,0.1740257740020752
500,2,15.0,3.0,1,1,1,24,0.3796648321353129,0.5837959815124515,0.8934050745954434,0.772209882736206,0.16237258911132812
500,2,16.64,3.2,1,1,1,0,0.3466618315259994,0.7247011463379968,0.9664317050856532,0.7405624389648438,0.1333470344543457
500,2,16.64,3.2,1,1,1,1,0.3859952106007129,0.6184623481706001,0.8699334189360446,0.706732988357544,0.1611192226409912
500,2,16.64,3.2,1,1,1,2,0.3524434638028141,0.7756997652357326,1.0228184680159762,0.7523188591003418,0.12536334991455078
500,2,16.64,3.2,1,1,1,3,0.4048123978129823,0.6973439364585645,1.035671239121659,0.7981534004211426,0.17724037170410156
500,2,16.64,3.2,1,1,1,4,0.4147157874574861,0.7583644129997394,1.1730802004572256,0.6456875801086426,0.11058688163757324
500,2,16.64,3.2,1,1,1,5,0.3776516339062105,0.6154780090569663,0.8902132945457141,0.6694183349609375,0.1176600456237793
500,2,16.64,3.2,1,1,1,6,0.3831743269053477,0.6814780471783034,1.015291788546484,0.670562744140625,0.13176298141479492
500,2,16.64,3.2,1,1,1,7,0.3496193715496551,0.6992320921273606,0.9018757316468936,0.6266069412231445,0.18430376052856445
500,2,16.64,3.2,1,1,1,8,0.36803206190933874,0.7220890402658954,1.0900196224219647,0.88956618309021,0.15889286994934082
500,2,16.64,3.2,1,1,1,9,0.34765318680354435,0.6824546989750973,1.008801319246385,0.6898787021636963,0.13675427436828613
500,2,16.64,3.2,1,1,1,10,0.34162229292814444,0.6512334092536484,0.9183914483322102,0.6613759994506836,0.1796555519104004
500,2,16.64,3.2,1,1,1,11,0.36675551896088315,0.7084525581116103,1.0173380156598912,0.7219595909118652,0.14118003845214844
500,2,16.64,3.2,1,1,1,12,0.355425367199943,0.6852061516617357,1.0260210068468827,0.8600554466247559,0.18447279930114746
500,2,16.64,3.2,1,1,1,13,0.32695594888903456,0.6910775686245773,0.9732506619589396,0.7996220588684082,0.17614459991455078
500,2,16.64,3.2,1,1,1,14,0.3664497843058878,0.6097193625779354,0.8228959177818485,0.7008059024810791,0.15686297416687012
500,2,16.64,3.2,1,1,1,15,0.3343952677294322,0.6652096881298227,0.9644019550271826,0.728137731552124,0.14162969589233398
500,2,16.64,3.2,1,1,1,16,0.3447202727868028,0.6430544586383898,0.8629229256294364,0.6771082878112793,0.14504265785217285
500,2,16.64,3.2,1,1,1,17,0.3687768621529662,0.7792840810959913,1.147840773071298,0.8822965621948242,0.15462756156921387
500,2,16.64,3.2,1,1,1,18,0.3606181528271875,0.7416804694530318,1.1022986222802194,0.6073436737060547,0.14798450469970703
500,2,16.64,3.2,1,1,1,19,0.36028275946661165,0.7584670112824977,1.0809387248222064,0.6553385257720947,0.12190628051757812
500,2,16.64,3.2,1,1,1,20,0.3510169343942654,0.5762989808337919,0.8393951491912739,0.6881194114685059,0.11164641380310059
500,2,16.64,3.2,1,1,1,21,0.34588631154826077,0.612697416202502,0.8009719300160824,0.7135074138641357,0.15495729446411133
500,2,16.64,3.2,1,1,1,22,0.37884210669226737,0.6707959950820667,1.0105414757686104,0.8283240795135498,0.1226201057434082
500,2,16.64,3.2,1,1,1,23,0.33816855289901887,0.8473409008387432,1.1382363021718933,0.6555850505828857,0.10405731201171875
500,2,16.64,3.2,1,1,1,24,0.4121756312796737,0.617833357422584,0.8596743173188971,0.6924920082092285,0.14320611953735352
500,2,18.360000000000003,3.4000000000000004,1,1,1,0,0.3406088725838411,0.7857246538965141,1.0384110186167395,0.6617991924285889,0.16821527481079102
500,2,18.360000000000003,3.4000000000000004,1,1,1,1,0.35815178050328156,0.5865822421634446,0.8423189027407403,0.938288688659668,0.17726516723632812
500,2,18.360000000000003,3.4000000000000004,1,1,1,2,0.3943636238979671,0.6272768457634927,0.8731342812943377,0.7266101837158203,0.13753223419189453
500,2,18.360000000000003,3.4000000000000004,1,1,1,3,0.3761034008714672,0.6852881517792766,1.0162415269358358,0.7011466026306152,0.14693307876586914
500,2,18.360000000000003,3.4000000000000004,1,1,1,4,0.33267602033721977,0.6103928919978603,0.8951507568273528,0.7345654964447021,0.13404107093811035
500,2,18.360000000000003,3.4000000000000004,1,1,1,5,0.3347030605670196,0.7228090625532212,1.016242873799352,0.7319254875183105,0.13788938522338867
500,2,18.360000000000003,3.4000000000000004,1,1,1,6,0.4029795813538101,0.6264022033655335,0.8445064839381475,0.9246649742126465,0.18668842315673828
500,2,18.360000000000003,3.4000000000000004,1,1,1,7,0.38451880018936047,0.7585757665995804,1.1297209053026966,0.8224589824676514,0.13942623138427734
500,2,18.360000000000003,3.4000000000000004,1,1,1,8,0.39874783762188165,0.6719534616592081,0.9297002705917179,0.7896556854248047,0.1466226577758789
500,2,18.360000000000003,3.4000000000000004,1,1,1,9,0.3652072249738153,0.6664909665126054,0.9147791943269179,0.6870505809783936,0.16091394424438477
500,2,18.360000000000003,3.4000000000000004,1,1,1,10,0.3448618353424904,0.6155183968037666,0.9080939529873469,0.8408682346343994,0.13934755325317383
500,2,18.360000000000003,3.4000000000000004,1,1,1,11,0.35083933462700234,0.5181872241771545,0.8038529216382424,0.7298135757446289,0.13974857330322266
500,2,18.360000000000003,3.4000000000000004,1,1,1,12,0.3648761294719953,0.6595003576185602,0.9386190161515537,0.6352746486663818,0.10831141471862793
500,2,18.360000000000003,3.4000000000000004,1,1,1,13,0.4035100157040666,0.7051586048344282,0.9183092973938058,0.638890266418457,0.17652559280395508
500,2,18.360000000000003,3.4000000000000004,1,1,1,14,0.3121615284777256,0.6643262444487791,0.9616854748720498,0.8658401966094971,0.17193078994750977
500,2,18.360000000000003,3.4000000000000004,1,1,1,15,0.3695077822038194,0.653318212694073,0.9383800701385168,0.7226405143737793,0.15734601020812988
500,2,18.360000000000003,3.4000000000000004,1,1,1,16,0.3937749626333625,0.8608639177949875,1.1302370239304227,0.6478948593139648,0.17194294929504395
500,2,18.360000000000003,3.4000000000000004,1,1,1,17,0.37039573634694534,0.6158813945406778,0.9078262981649091,0.6829564571380615,0.17664122581481934
500,2,18.360000000000003,3.4000000000000004,1,1,1,18,0.3844891980859857,0.6772039145990202,0.9375288303301943,0.6964254379272461,0.1520252227783203
500,2,18.360000000000003,3.4000000000000004,1,1,1,19,0.34683918894029114,0.7623140299892448,1.0717877501782778,0.8764240741729736,0.17151641845703125
500,2,18.360000000000003,3.4000000000000004,1,1,1,20,0.3552572511426766,0.6494282327275147,0.8189304005116306,0.6785373687744141,0.12606406211853027
500,2,18.360000000000003,3.4000000000000004,1,1,1,21,0.3602189986279985,0.7301230008955681,0.9849848682874003,0.627784013748169,0.1709737777709961
500,2,18.360000000000003,3.4000000000000004,1,1,1,22,0.3503228436490792,0.5950200874668298,0.849741360836864,0.7622559070587158,0.1710958480834961
500,2,18.360000000000003,3.4000000000000004,1,1,1,23,0.36132204240112853,0.6617924281095453,0.8754111960145579,0.8989541530609131,0.15120220184326172
500,2,18.360000000000003,3.4000000000000004,1,1,1,24,0.3222563700625838,0.590548895271021,0.8813150621218813,0.8330905437469482,0.14967584609985352
500,2,20.16,3.6,1,1,1,0,0.4115724266939437,0.5817102455739257,0.9284077764670533,0.6622395515441895,0.17901992797851562
500,2,20.16,3.6,1,1,1,1,0.3885923369374563,0.783844442098598,1.0180807196360917,0.6920366287231445,0.12105870246887207
500,2,20.16,3.6,1,1,1,2,0.40551846279386533,0.7270165923655394,1.0413573443439277,0.7342770099639893,0.10651540756225586
500,2,20.16,3.6,1,1,1,3,0.42454038193671617,0.7308517746117057,1.1553921565484218,0.8239572048187256,0.19059467315673828
500,2,20.16,3.6,1,1,1,4,0.33361951703003,0.5858201915392303,0.8955687365715401,0.6516711711883545,0.16572046279907227
500,2,20.16,3.6,1,1,1,5,0.3359239639440605,0.7954997502483873,1.0683467018867383,0.6973168849945068,0.1376025676727295
500,2,20.16,3.6,1,1,1,6,0.35069092874679014,0.6882302834095421,0.992978927970481,0.6353521347045898,0.17341995239257812
500,2,20.16,3.6,1,1,1,7,0.39665247996525094,0.7200705853642523,0.9670725857896404,0.7175722122192383,0.15548300743103027
500,2,20.16,3.6,1,1,1,8,0.36988577157001895,0.5916660807610152,0.7973308509602521,0.8959636688232422,0.15431737899780273
500,2,20.16,3.6,1,1,1,9,0.32423790362394644,0.6438642866556707,0.9363940897690184,0.6178579330444336,0.10354495048522949
500,2,20.16,3.6,1,1,1,10,0.34821673789531005,0.5729282647811803,0.8409048530801329,0.6350626945495605,0.15527772903442383
500,2,20.16,3.6,1,1,1,11,0.3430259246021475,0.8401979487491015,1.1812008721460074,0.6727433204650879,0.15639662742614746
500,2,20.16,3.6,1,1,1,12,0.3599044286904802,0.6118590764509455,0.8961105647915089,0.7188079357147217,0.1640477180480957
500,2,20.16,3.6,1,1,1,13,0.3186165816271355,0.6926255973214711,0.9650454371432998,0.8250274658203125,0.1664750576019287
500,2,20.16,3.6,1,1,1,14,0.36098710096544384,0.6980192733743501,0.9194547102869277,0.7070837020874023,0.16105341911315918
500,2,20.16,3.6,1,1,1,15,0.3653517199572097,0.7406729657685415,1.0038297546270982,0.7236735820770264,0.17773151397705078
500,2,20.16,3.6,1,1,1,16,0.3582555248331414,0.6336995210076727,0.972579135243705,0.6763763427734375,0.136185884475708
500,2,20.16,3.6,1,1,1,17,0.3872567189003299,0.6589300185883563,0.9156014167559263,0.8139336109161377,0.19592952728271484
500,2,20.16,3.6,1,1,1,18,0.3724615498105698,0.7910816550905624,1.0579237413886797,0.7273359298706055,0.11732339859008789
500,2,20.16,3.6,1,1,1,19,0.3437195508658874,0.6953890627941192,0.9027288940196616,0.6505768299102783,0.1430959701538086
500,2,20.16,3.6,1,1,1,20,0.3984856967126919,0.8204197507392467,1.0402525830164655,0.7058463096618652,0.15860271453857422
500,2,20.16,3.6,1,1,1,21,0.4022275506317899,0.8574994038476552,1.2597269544794452,0.6524810791015625,0.15045166015625
500,2,20.16,3.6,1,1,1,22,0.3759857432415487,0.6921097804369183,0.9709420299195749,0.7598426342010498,0.19694113731384277
500,2,20.16,3.6,1,1,1,23,0.3461784847002158,0.5771954885869764,0.8779920505406253,0.6577639579772949,0.11135101318359375
500,2,20.16,3.6,1,1,1,24,0.41927116442077544,0.7169164194104519,1.1361875838312274,0.6676383018493652,0.1724534034729004
500,2,22.040000000000003,3.8000000000000003,1,1,1,0,0.3558531248313278,0.7791884474753681,0.9707699450854338,0.7411510944366455,0.12184834480285645
500,2,22.040000000000003,3.8000000000000003,1,1,1,1,0.3663389042205779,0.7402113622141002,1.1065502664346782,0.6277370452880859,0.13588905334472656
500,2,22.040000000000003,3.8000000000000003,1,1,1,2,0.3155974677536447,0.6959931755656641,0.9636198696618653,0.8229818344116211,0.16173267364501953
500,2,22.040000000000003,3.8000000000000003,1,1,1,3,0.358707231491854,0.8004586060107425,0.9969658194269047,0.7175648212432861,0.1529080867767334
500,2,22.040000000000003,3.8000000000000003,1,1,1,4,0.39727312278350196,0.586021123384276,0.7957818777436034,0.7199549674987793,0.1548783779144287
500,2,22.040000000000003,3.8000000000000003,1,1,1,5,0.36842009354474986,0.6452623478929054,0.9095137194401715,0.6758615970611572,0.17444682121276855
500,2,22.040000000000003,3.8000000000000003,1,1,1,6,0.4373722418531265,0.6795892914829315,0.9765570818295422,0.8866167068481445,0.16068100929260254
500,2,22.040000000000003,3.8000000000000003,1,1,1,7,0.35504057765967767,0.7151878402054789,0.9876292079950182,0.8907029628753662,0.1730942726135254
500,2,22.040000000000003,3.8000000000000003,1,1,1,8,0.35608442726700423,0.7488368487610833,1.0626828393216625,0.6085448265075684,0.17372417449951172
500,2,22.040000000000003,3.8000000000000003,1,1,1,9,0.38434419152694527,0.6849015105041422,1.0692457020310875,0.6858255863189697,0.13092279434204102
500,2,22.040000000000003,3.8000000000000003,1,1,1,10,0.36785037949957317,0.6488082403886821,0.8691494396504283,0.6923034191131592,0.1536118984222412
500,2,22.040000000000003,3.8000000000000003,1,1,1,11,0.3670570473594823,0.681500583248251,0.924261356304645,0.8534646034240723,0.16126322746276855
500,2,22.040000000000003,3.8000000000000003,1,1,1,12,0.3305611219186375,0.7418563427641017,1.0073209908240313,0.6341347694396973,0.1444854736328125
500,2,22.040000000000003,3.8000000000000003,1,1,1,13,0.3328718554777644,0.5736036417312529,0.8237464463507658,0.6830224990844727,0.16424918174743652
500,2,22.040000000000003,3.8000000000000003,1,1,1,14,0.3663666176017107,0.6341320417518386,0.9053983617635661,0.7095561027526855,0.13753509521484375
500,2,22.040000000000003,3.8000000000000003,1,1,1,15,0.3736400177766809,0.6781343868583837,0.917574451180861,0.7951457500457764,0.14137482643127441
500,2,22.040000000000003,3.8000000000000003,1,1,1,16,0.3604219718340678,0.6997853436610294,0.9114910858160439,0.78816819190979,0.10895419120788574
500,2,22.040000000000003,3.8000000000000003,1,1,1,17,0.4171810998895191,0.7328054543189081,0.9612444826905089,0.6701092720031738,0.16593074798583984
500,2,22.040000000000003,3.8000000000000003,1,1,1,18,0.3703505133215664,0.7179029682427028,1.0209428215270742,0.6764814853668213,0.12049412727355957
500,2,22.040000000000003,3.8000000000000003,1,1,1,19,0.36274788212740866,0.7815604707232303,1.0654314255271655,0.7246313095092773,0.12952613830566406
500,2,22.040000000000003,3.8000000000000003,1,1,1,20,0.38099646437789164,0.6615628120188703,0.9341635970610043,0.76462721824646,0.18586945533752441
500,2,22.040000000000003,3.8000000000000003,1,1,1,21,0.40327604577513904,0.707054154657984,0.8882289075058059,0.6876599788665771,0.1692488193511963
500,2,22.040000000000003,3.8000000000000003,1,1,1,22,0.36098723997631976,0.6414247092211847,0.837328428801168,0.6992032527923584,0.14504623413085938
500,2,22.040000000000003,3.8000000000000003,1,1,1,23,0.3824555968269833,0.7257892251708058,0.9664496934438145,0.7145249843597412,0.14351534843444824
500,2,22.040000000000003,3.8000000000000003,1,1,1,24,0.3345945959726034,0.8604632044181042,1.1643484657991368,0.6219668388366699,0.13710403442382812
500,2,24.0,4.0,1,1,1,0,0.36652799550017784,0.6266911392111337,0.8525474316182675,1.0404078960418701,0.1900346279144287
500,2,24.0,4.0,1,1,1,1,0.31613948098912653,0.6693746401488171,0.9479626038070014,0.7561323642730713,0.1602027416229248
500,2,24.0,4.0,1,1,1,2,0.38217378233989413,0.8583085945381868,1.139751789087724,0.7604823112487793,0.12973427772521973
500,2,24.0,4.0,1,1,1,3,0.3813074577569095,0.7847168923322692,1.0479004602908586,0.6615011692047119,0.13242006301879883
500,2,24.0,4.0,1,1,1,4,0.32483395213741917,0.6312354919491213,0.9096370089451706,0.820594310760498,0.16812801361083984
500,2,24.0,4.0,1,1,1,5,0.3960363123301589,0.886765573210165,1.1588965279782006,0.6858303546905518,0.14075827598571777
500,2,24.0,4.0,1,1,1,6,0.3403899657034238,0.6684863633111614,1.0088763290145852,0.6589615345001221,0.1843109130859375
500,2,24.0,4.0,1,1,1,7,0.32929363614622564,0.6502424515991505,0.9514379194000817,0.703925609588623,0.13724541664123535
500,2,24.0,4.0,1,1,1,8,0.37758270041838754,0.719946276406818,0.9910236665547105,0.6958363056182861,0.1209421157836914
500,2,24.0,4.0,1,1,1,9,0.3806616379120047,0.7613480530918,1.0571280146963744,0.8902373313903809,0.1809368133544922
500,2,24.0,4.0,1,1,1,10,0.33570520876794585,0.6922802190014927,0.9628523543710713,0.7103750705718994,0.16825294494628906
500,2,24.0,4.0,1,1,1,11,0.3560979773777922,0.6426405386109401,0.8760074818943586,0.6882870197296143,0.13937807083129883
500,2,24.0,4.0,1,1,1,12,0.3651445209307294,0.586254108988319,0.8768299543921918,0.6804485321044922,0.14318466186523438
500,2,24.0,4.0,1,1,1,13,0.32446195803635575,0.6991378000618105,0.9693447093139897,0.6745908260345459,0.1286764144897461
500,2,24.0,4.0,1,1,1,14,0.41465257053004134,0.7879246299450284,1.0561159701091096,0.8232016563415527,0.13710594177246094
500,2,24.0,4.0,1,1,1,15,0.33935424368090716,0.6437126847826506,0.9830669284635578,0.6715400218963623,0.13179755210876465
500,2,24.0,4.0,1,1,1,16,0.33137643061993693,0.9812338005119225,1.2849660930881823,0.7058916091918945,0.16091012954711914
500,2,24.0,4.0,1,1,1,17,0.40863032351520256,0.5934152283019837,0.8231814221657313,0.7529890537261963,0.16559314727783203
500,2,24.0,4.0,1,1,1,18,0.29993516139408644,0.7059926483418808,0.9148982738172609,0.879474401473999,0.1918489933013916
500,2,24.0,4.0,1,1,1,19,0.3937441514332014,0.6585438699186276,1.052288021351829,0.8202319145202637,0.18977093696594238
500,2,24.0,4.0,1,1,1,20,0.3808017188340783,0.7573103611824636,0.9781838529793165,0.6809902191162109,0.1056978702545166
500,2,24.0,4.0,1,1,1,21,0.38497213849175266,0.7822837534133391,1.027049702115395,0.6574432849884033,0.1579146385192871
500,2,24.0,4.0,1,1,1,22,0.33684813712071676,0.7876184003396139,1.0636548992505126,0.7433948516845703,0.12262821197509766
500,2,24.0,4.0,1,1,1,23,0.41909586596714143,0.688807901239594,0.9697263713611446,0.7753157615661621,0.15597295761108398
500,2,24.0,4.0,1,1,1,24,0.42457473748048263,1.0558975327696984,1.4304724797320045,0.6655964851379395,0.13441085815429688
500,2,26.040000000000003,4.2,1,1,1,0,0.31325469453714877,0.7853004498986794,1.0580841965312766,0.7582404613494873,0.10763931274414062
500,2,26.040000000000003,4.2,1,1,1,1,0.4118764059553908,0.7402845731398272,1.0337048312582195,0.7124574184417725,0.1027076244354248
500,2,26.040000000000003,4.2,1,1,1,2,0.3943367287514562,0.9405850319506867,1.2809881511305758,0.6492538452148438,0.16635632514953613
500,2,26.040000000000003,4.2,1,1,1,3,0.3786834190867076,0.6460099605696306,0.8980024867694953,0.8516931533813477,0.17263007164001465
500,2,26.040000000000003,4.2,1,1,1,4,0.3301226231653759,0.9615297996798408,1.243709560784751,0.7213900089263916,0.13568353652954102
500,2,26.040000000000003,4.2,1,1,1,5,0.36199509358509957,0.6933680507297647,0.9392675830426285,0.7574100494384766,0.17983698844909668
500,2,26.040000000000003,4.2,1,1,1,6,0.35454304723987445,1.0200101740724232,1.2564212275634727,0.7003023624420166,0.13777589797973633
500,2,26.040000000000003,4.2,1,1,1,7,0.35578679194798646,0.7957405158023169,1.0363903400832895,0.862476110458374,0.15538644790649414
500,2,26.040000000000003,4.2,1,1,1,8,0.3489668354292524,0.7045290629559531,0.9725176961915397,0.7573294639587402,0.11969351768493652
500,2,26.040000000000003,4.2,1,1,1,9,0.3432687664502279,0.7333282980143008,1.0285380644805708,0.7647383213043213,0.1726818084716797
500,2,26.040000000000003,4.2,1,1,1,10,0.3278212802991173,0.7772695157906491,1.03997416196153,0.8412284851074219,0.1464061737060547
500,2,26.040000000000003,4.2,1,1,1,11,0.33482365280248044,0.7469495076408601,1.006214163262245,0.7484748363494873,0.14934778213500977
500,2,26.040000000000003,4.2,1,1,1,12,0.36497763696115043,0.8375880357557428,1.190667025979023,0.8908326625823975,0.12666034698486328
500,2,26.040000000000003,4.2,1,1,1,13,0.3572865921887718,0.6585860595491726,1.0158726517379444,0.6236746311187744,0.17291831970214844
500,2,26.040000000000003,4.2,1,1,1,14,0.3700261009527623,0.7574995304258525,1.0563395492508165,0.7016868591308594,0.13944602012634277
500,2,26.040000000000003,4.2,1,1,1,15,0.3514638745436602,0.6449866854520893,0.9184350336988502,0.6444833278656006,0.13896703720092773
500,2,26.040000000000003,4.2,1,1,1,16,0.3624437048331279,0.7220000830443802,0.9303786653993786,0.771021842956543,0.20481634140014648
500,2,26.040000000000003,4.2,1,1,1,17,0.33255887817872615,0.603648444986241,0.9153669994950326,0.7114551067352295,0.15904474258422852
500,2,26.040000000000003,4.2,1,1,1,18,0.32454836655239555,0.6846958419417195,0.9167318413536769,0.7272708415985107,0.10963702201843262
500,2,26.040000000000003,4.2,1,1,1,19,0.3599520731499422,0.8203057994168913,1.0936204999396963,0.7284634113311768,0.15384244918823242
500,2,26.040000000000003,4.2,1,1,1,20,0.397159344438981,0.6582543460734279,0.9224417312656101,0.7692089080810547,0.1296401023864746
500,2,26.040000000000003,4.2,1,1,1,21,0.3948981134833966,0.7280174861794533,0.9742658236049992,0.8100442886352539,0.18444108963012695
500,2,26.040000000000003,4.2,1,1,1,22,0.3450318080061353,0.6697699196060979,0.9239057655835881,0.713524580001831,0.13355469703674316
500,2,26.040000000000003,4.2,1,1,1,23,0.34267262968524437,0.6769323343130605,0.9162786257786799,0.6496193408966064,0.1246194839477539
500,2,26.040000000000003,4.2,1,1,1,24,0.3495883668278448,0.7877837774226123,1.0833902381015563,0.6983218193054199,0.13774418830871582
500,2,28.160000000000004,4.4,1,1,1,0,0.3438955803805512,0.806259132291796,1.0642667453069021,0.7435243129730225,0.16393232345581055
500,2,28.160000000000004,4.4,1,1,1,1,0.33226422611880446,0.8210585871705436,1.153322813289348,0.8976242542266846,0.20473456382751465
500,2,28.160000000000004,4.4,1,1,1,2,0.346974452826454,0.7271395341967127,0.988809111226553,0.6677534580230713,0.11327695846557617
500,2,28.160000000000004,4.4,1,1,1,3,0.39359914194201867,0.7031780375115273,1.0316663868866478,0.6739294528961182,0.16401267051696777
500,2,28.160000000000004,4.4,1,1,1,4,0.36161800621665946,0.6590156122298343,1.0047883782218843,0.6983513832092285,0.1586167812347412
500,2,28.160000000000004,4.4,1,1,1,5,0.3563672556285491,0.7638766208762531,0.9069116043778686,0.8842175006866455,0.17937874794006348
500,2,28.160000000000004,4.4,1,1,1,6,0.3814523052303502,0.7501317018180507,1.032635049689656,0.6638474464416504,0.11129045486450195
500,2,28.160000000000004,4.4,1,1,1,7,0.3381052103972145,0.7315797573911648,1.0024732634373519,0.778681755065918,0.14063310623168945
500,2,28.160000000000004,4.4,1,1,1,8,0.35999270642856945,0.7562815301823863,1.0067725221811203,0.7090280055999756,0.1389026641845703
500,2,28.160000000000004,4.4,1,1,1,9,0.3502819257063007,0.6986486433927761,0.8977524032835379,0.699406623840332,0.17493867874145508
500,2,28.160000000000004,4.4,1,1,1,10,0.332935538741971,0.7788607119618374,1.061391592994757,0.8990941047668457,0.13359332084655762
500,2,28.160000000000004,4.4,1,1,1,11,0.3530446885072403,0.7581774109755527,0.9941820031949715,0.6253156661987305,0.17377901077270508
500,2,28.160000000000004,4.4,1,1,1,12,0.4357229799922974,0.634085216836799,1.0367217428093172,0.6671488285064697,0.13167715072631836
500,2,28.160000000000004,4.4,1,1,1,13,0.4217878384624142,0.713935481992221,0.939405877146691,0.7294342517852783,0.10466933250427246
500,2,28.160000000000004,4.4,1,1,1,14,0.330999668901832,0.7739805759102238,1.0999934323740819,0.7525880336761475,0.17084789276123047
500,2,28.160000000000004,4.4,1,1,1,15,0.33816562970840314,0.6963062205592744,0.875540685270228,0.7126915454864502,0.18330097198486328
500,2,28.160000000000004,4.4,1,1,1,16,0.32451934867487703,0.9203850121894712,1.2263648818476067,0.7472217082977295,0.1515970230102539
500,2,28.160000000000004,4.4,1,1,1,17,0.3570754689304965,0.7247695094596553,0.9213771083687878,0.6787452697753906,0.10920929908752441
500,2,28.160000000000004,4.4,1,1,1,18,0.34086152044747914,0.6594284600197499,1.000289980467229,0.654808759689331,0.1403663158416748
500,2,28.160000000000004,4.4,1,1,1,19,0.3856514155871802,0.7416610107622,1.0980423147206442,0.8699870109558105,0.19407320022583008
500,2,28.160000000000004,4.4,1,1,1,20,0.33061425913232156,0.8140624072189425,1.1209658496333916,0.6845171451568604,0.16118979454040527
500,2,28.160000000000004,4.4,1,1,1,21,0.32897847098493804,0.8136279937729667,1.0897561949484555,0.713592529296875,0.12772202491760254
500,2,28.160000000000004,4.4,1,1,1,22,0.3545031022945712,0.7397859584173759,1.0267267963472793,0.7232437133789062,0.15144872665405273
500,2,28.160000000000004,4.4,1,1,1,23,0.387440030382715,0.7349824897754595,1.029757500585783,0.7523670196533203,0.15738558769226074
500,2,28.160000000000004,4.4,1,1,1,24,0.43853968944134897,0.7701102396115025,1.2086499290528514,0.8072474002838135,0.13854312896728516
500,2,30.360000000000007,4.6000000000000005,1,1,1,0,0.37715490358747333,0.7301218562844604,1.005597474658634,0.716557502746582,0.16795110702514648
500,2,30.360000000000007,4.6000000000000005,1,1,1,1,0.3258014926267191,0.7404602872855269,0.9777793723275532,0.6828699111938477,0.1496596336364746
500,2,30.360000000000007,4.6000000000000005,1,1,1,2,0.3595059064040379,0.7119356139810692,0.9547920499659537,0.7206833362579346,0.11364984512329102
500,2,30.360000000000007,4.6000000000000005,1,1,1,3,0.3955529223510559,0.7196161939169567,0.8608670474173747,0.897367000579834,0.15465235710144043
500,2,30.360000000000007,4.6000000000000005,1,1,1,4,0.38698393941924175,0.7283358356323008,0.9965576221364323,0.6924788951873779,0.16837644577026367
500,2,30.360000000000007,4.6000000000000005,1,1,1,5,0.3115475285313061,0.7060388167322965,0.9189182056263934,0.6819844245910645,0.14410829544067383
500,2,30.360000000000007,4.6000000000000005,1,1,1,6,0.37867660609466386,0.6932049132227064,0.9461534138800926,0.7172331809997559,0.10631632804870605
500,2,30.360000000000007,4.6000000000000005,1,1,1,7,0.3748344275260377,0.7270615935764319,0.9629978204030059,0.7182674407958984,0.12961483001708984
500,2,30.360000000000007,4.6000000000000005,1,1,1,8,0.3817985546994378,0.8673690685219039,1.2342091170902936,0.8252682685852051,0.19158148765563965
500,2,30.360000000000007,4.6000000000000005,1,1,1,9,0.4106890536487122,0.6892422488971238,0.9822648207557451,0.7408814430236816,0.14319491386413574
500,2,30.360000000000007,4.6000000000000005,1,1,1,10,0.3523555378194677,0.6339749897697147,0.8769873619604409,0.6632544994354248,0.1621079444885254
500,2,30.360000000000007,4.6000000000000005,1,1,1,11,0.378234715358503,0.7628006092753308,1.0461118554526125,0.8058450222015381,0.13936185836791992
500,2,30.360000000000007,4.6000000000000005,1,1,1,12,0.3668267875227662,0.7996029519295895,1.0479346386395783,0.8379240036010742,0.13855528831481934
500,2,30.360000000000007,4.6000000000000005,1,1,1,13,0.35401309951677506,0.6155418977039658,0.9144240013999865,0.7465369701385498,0.10451412200927734
500,2,30.360000000000007,4.6000000000000005,1,1,1,14,0.3421632751612609,0.7406795163828075,1.0828427915440684,0.6789553165435791,0.14317798614501953
500,2,30.360000000000007,4.6000000000000005,1,1,1,15,0.3454322275711056,0.644177463294119,0.8732458589586571,0.6098182201385498,0.18110108375549316
500,2,30.360000000000007,4.6000000000000005,1,1,1,16,0.3399175450288483,0.7571247085400931,1.0934945786130286,0.7416739463806152,0.1603679656982422
500,2,30.360000000000007,4.6000000000000005,1,1,1,17,0.41105163385337223,0.7226284012476075,0.9279789232479483,0.8538053035736084,0.13959956169128418
500,2,30.360000000000007,4.6000000000000005,1,1,1,18,0.32969219757926455,0.7576601609491043,1.051019409754232,0.697812557220459,0.14067363739013672
500,2,30.360000000000007,4.6000000000000005,1,1,1,19,0.33353730815162136,0.7432534978810581,1.0099993465583852,0.7300283908843994,0.14023971557617188
500,2,30.360000000000007,4.6000000000000005,1,1,1,20,0.34740837481007425,0.7353072457101572,0.9993105649495386,0.6458160877227783,0.17067718505859375
500,2,30.360000000000007,4.6000000000000005,1,1,1,21,0.40755517437941385,0.8184521540555655,1.1765941211559603,0.8878135681152344,0.14873123168945312
500,2,30.360000000000007,4.6000000000000005,1,1,1,22,0.39444808735339804,0.8428544377322431,1.217674618366132,0.6965155601501465,0.13866114616394043
500,2,30.360000000000007,4.6000000000000005,1,1,1,23,0.4187140004613172,0.7231032388020523,0.9032787475675396,0.6357121467590332,0.1544508934020996
500,2,30.360000000000007,4.6000000000000005,1,1,1,24,0.36444751951110127,0.6265174295778916,0.9170100172637525,0.6876387596130371,0.1412513256072998
500,2,32.64000000000001,4.800000000000001,1,1,1,0,0.3388443793792681,0.6675158793523999,0.9146918608177543,0.7174026966094971,0.13529038429260254
500,2,32.64000000000001,4.800000000000001,1,1,1,1,0.33150938377787315,0.8179176172237546,1.094171674045882,0.8414382934570312,0.17690825462341309
500,2,32.64000000000001,4.800000000000001,1,1,1,2,0.38373229056879626,1.0227224447729857,1.2983271037114237,0.6469292640686035,0.1287248134613037
500,2,32.64000000000001,4.800000000000001,1,1,1,3,0.42728513656932193,0.7944370078011013,0.9962352170273595,0.93105149269104,0.17098474502563477
500,2,32.64000000000001,4.800000000000001,1,1,1,4,0.34047214288528765,0.9549608381011511,1.2453143221331588,0.7153143882751465,0.1269979476928711
500,2,32.64000000000001,4.800000000000001,1,1,1,5,0.33679928438965495,0.7574841286272497,1.0076822969238532,0.7633142471313477,0.18076062202453613
500,2,32.64000000000001,4.800000000000001,1,1,1,6,0.3068869119553527,0.6706985327488613,0.9298792038520589,0.6952078342437744,0.12686991691589355
500,2,32.64000000000001,4.800000000000001,1,1,1,7,0.35955610412345856,0.7066020679415187,0.9221371177392557,0.6703875064849854,0.13951778411865234
500,2,32.64000000000001,4.800000000000001,1,1,1,8,0.3514045070106984,0.6992614203203056,1.050665927331004,0.6685709953308105,0.14745759963989258
500,2,32.64000000000001,4.800000000000001,1,1,1,9,0.39099985132813503,0.7419064498172977,0.908621849158024,0.6824476718902588,0.13208794593811035
500,2,32.64000000000001,4.800000000000001,1,1,1,10,0.4091884104195927,0.6822592610469126,0.9148060341390931,0.8710007667541504,0.17509961128234863
500,2,32.64000000000001,4.800000000000001,1,1,1,11,0.3440637090513991,0.822915913455663,1.0899866757105243,0.6802303791046143,0.16916275024414062
500,2,32.64000000000001,4.800000000000001,1,1,1,12,0.3417012820334375,0.8267211313068208,0.9815769586398208,0.6781938076019287,0.1480731964111328
500,2,32.64000000000001,4.800000000000001,1,1,1,13,0.3528881467445053,0.7716112599885719,1.0774054276193443,0.7262303829193115,0.12386536598205566
500,2,32.64000000000001,4.800000000000001,1,1,1,14,0.3104454847830289,0.808065442524189,1.0499267921811155,0.6844916343688965,0.14542174339294434
500,2,32.64000000000001,4.800000000000001,1,1,1,15,0.34091491875559204,0.8569141344577339,1.194220536658158,0.7914745807647705,0.19311070442199707
500,2,32.64000000000001,4.800000000000001,1,1,1,16,0.38138791172176084,0.7658853383141099,0.9578970091333663,0.6751015186309814,0.15632843971252441
500,2,32.64000000000001,4.800000000000001,1,1,1,17,0.36278880792835233,0.883804517477244,1.0562083038516015,0.750293493270874,0.10436630249023438
500,2,32.64000000000001,4.800000000000001,1,1,1,18,0.3209535813104621,0.87129521611412,1.1292488258207625,0.6832535266876221,0.11172127723693848
500,2,32.64000000000001,4.800000000000001,1,1,1,19,0.3747610100400696,0.9072815301723451,1.2820425402124147,0.5319981575012207,0.12738847732543945
500,2,32.64000000000001,4.800000000000001,1,1,1,20,0.3124137584409493,0.6910709995234118,0.9278067886866628,0.8342258930206299,0.17367839813232422
500,2,32.64000000000001,4.800000000000001,1,1,1,21,0.34219649333173735,0.8341153034052943,1.0433865309535149,0.875145673751831,0.18840527534484863
500,2,32.64000000000001,4.800000000000001,1,1,1,22,0.36935478248633524,0.8422009230604022,1.073065514388308,0.6654446125030518,0.14072418212890625
500,2,32.64000000000001,4.800000000000001,1,1,1,23,0.3631508317238203,0.7565799930370551,1.0250036305569394,0.6847543716430664,0.13318657875061035
500,2,32.64000000000001,4.800000000000001,1,1,1,24,0.38953072205228734,0.8751055493005927,1.1761323229041447,0.8329043388366699,0.18081879615783691
500,2,35.0,5.0,1,1,1,0,0.36609392821047715,0.7501169887608948,0.9728816727078641,0.6589555740356445,0.16558027267456055
500,2,35.0,5.0,1,1,1,1,0.36789897064122357,0.7817828537654135,1.149681824406637,0.7066571712493896,0.15755057334899902
500,2,35.0,5.0,1,1,1,2,0.3161901037748133,0.7236652980356364,0.8740125446148914,0.7476286888122559,0.13212966918945312
500,2,35.0,5.0,1,1,1,3,0.37562659220000943,0.8444219109546368,1.0558498660523872,0.6425459384918213,0.10755252838134766
500,2,35.0,5.0,1,1,1,4,0.41362103961498164,0.8314444329902104,1.0545569548042069,0.8768601417541504,0.1604628562927246
500,2,35.0,5.0,1,1,1,5,0.2948382525152716,0.7539473269784763,1.0120661783391205,0.7530655860900879,0.1404266357421875
500,2,35.0,5.0,1,1,1,6,0.3656429737384661,0.9856769492756838,1.2254164442103892,0.6496422290802002,0.15953564643859863
500,2,35.0,5.0,1,1,1,7,0.33498395561495076,0.9445648689782639,1.1304142179983219,0.7494797706604004,0.12540984153747559
500,2,35.0,5.0,1,1,1,8,0.3365161628987679,0.8442456270594111,1.1175155837908488,0.721289873123169,0.16852235794067383
500,2,35.0,5.0,1,1,1,9,0.385172830424289,0.7951675256831094,1.034216493613185,0.8034193515777588,0.17403626441955566
500,2,35.0,5.0,1,1,1,10,0.3864427980637862,0.8114929901127078,1.0304621235706986,0.7596735954284668,0.11586713790893555
500,2,35.0,5.0,1,1,1,11,0.35836382699682773,0.7667320043971478,0.9480908312996417,0.6863224506378174,0.17520689964294434
500,2,35.0,5.0,1,1,1,12,0.33944651751480004,0.851875604020155,1.1205336400179202,0.7530157566070557,0.1494278907775879
500,2,35.0,5.0,1,1,1,13,0.3409603576050602,0.913648292843057,1.2245042257013365,0.9882912635803223,0.19207334518432617
500,2,35.0,5.0,1,1,1,14,0.3555019942901834,0.6842099336534341,0.8919040314367748,0.620283842086792,0.1390697956085205
500,2,35.0,5.0,1,1,1,15,0.3485908031517048,0.7779583300760925,1.0528778023339684,0.6958451271057129,0.1583700180053711
500,2,35.0,5.0,1,1,1,16,0.38650154879308,0.7721340459920757,0.8927395978157789,0.68086838722229,0.14598488807678223
500,2,35.0,5.0,1,1,1,17,0.3412415834202791,0.7832155228552891,1.0513206025817485,0.7890617847442627,0.14988923072814941
500,2,35.0,5.0,1,1,1,18,0.3544041267703838,0.7848658769150252,0.9844915544061346,0.7538354396820068,0.11583685874938965
500,2,35.0,5.0,1,1,1,19,0.3408333244035117,0.8495809195037538,1.1686617474955825,0.6318087577819824,0.15969157218933105
500,2,35.0,5.0,1,1,1,20,0.35477297916751227,0.8301639384070358,1.1049074144943702,0.730665922164917,0.1262989044189453
500,2,35.0,5.0,1,1,1,21,0.34675575362716443,0.7317105074055524,1.0542917283139421,0.6922903060913086,0.1289377212524414
500,2,35.0,5.0,1,1,1,22,0.3284446252709331,0.7921334122130487,1.0504717085381956,0.854041337966919,0.18270277976989746
500,2,35.0,5.0,1,1,1,23,0.37518687175837956,0.7119429337479801,0.9650594899023877,0.7308878898620605,0.12467503547668457
500,2,35.0,5.0,1,1,1,24,0.33129758661350855,0.7510137003366603,1.068904637526761,0.6544415950775146,0.17720723152160645
500,2,37.440000000000005,5.2,1,1,1,0,0.31775227362068836,0.6582936528474177,0.9227195083597326,0.7318787574768066,0.13763785362243652
500,2,37.440000000000005,5.2,1,1,1,1,0.3700685607694251,0.7159617103878227,0.9768349104819596,0.7033531665802002,0.16988611221313477
500,2,37.440000000000005,5.2,1,1,1,2,0.39811268244534237,0.7444520187542912,0.9740906948043143,0.7985115051269531,0.15643715858459473
500,2,37.440000000000005,5.2,1,1,1,3,0.40713891252765594,0.8689578037200445,1.1877728638470988,0.7498526573181152,0.12306952476501465
500,2,37.440000000000005,5.2,1,1,1,4,0.33474676783703994,0.7592827991129096,1.007872056464559,0.7102305889129639,0.12442851066589355
500,2,37.440000000000005,5.2,1,1,1,5,0.37265629308607234,0.8289459032032749,1.0569801400735062,0.8777680397033691,0.13878965377807617
500,2,37.440000000000005,5.2,1,1,1,6,0.3735689981343914,0.727206814107337,0.9660468419833952,0.812255859375,0.18448257446289062
500,2,37.440000000000005,5.2,1,1,1,7,0.3547256765572352,0.8270348749300013,1.099253447972158,0.7060410976409912,0.1139986515045166
500,2,37.440000000000005,5.2,1,1,1,8,0.37235727965711163,0.8731699863533181,1.1371892350973651,0.6851480007171631,0.14503097534179688
500,2,37.440000000000005,5.2,1,1,1,9,0.3434374043739683,0.8378474629776635,1.0134931644898348,0.6573247909545898,0.10766100883483887
500,2,37.440000000000005,5.2,1,1,1,10,0.3487740049719381,0.7390932316299066,1.0168430729022528,0.6460750102996826,0.18102049827575684
500,2,37.440000000000005,5.2,1,1,1,11,0.34377035418353413,0.7568699863084611,0.9791604257480935,0.8070259094238281,0.19933581352233887
500,2,37.440000000000005,5.2,1,1,1,12,0.3757784926190412,0.9078097120464135,1.2835882046654548,0.6774692535400391,0.1440412998199463
500,2,37.440000000000005,5.2,1,1,1,13,0.3634769936088507,0.7921873451094352,1.125474557502886,0.6499240398406982,0.10943150520324707
500,2,37.440000000000005,5.2,1,1,1,14,0.34629295449941644,0.7263490926079841,1.0143678427224843,0.6371676921844482,0.15706825256347656
500,2,37.440000000000005,5.2,1,1,1,15,0.4189747267158796,0.6893774550347954,0.8953158674241601,0.7694518566131592,0.1610856056213379
500,2,37.440000000000005,5.2,1,1,1,16,0.39516515280265335,0.817040300365379,1.0544175589384963,0.9189670085906982,0.12308359146118164
500,2,37.440000000000005,5.2,1,1,1,17,0.3680961263956703,0.9297670223531214,1.2978631487487917,0.7040071487426758,0.1319746971130371
500,2,37.440000000000005,5.2,1,1,1,18,0.35801175681054453,0.788963350940434,1.017043245822725,0.5897128582000732,0.12431597709655762
500,2,37.440000000000005,5.2,1,1,1,19,0.34916283307230633,0.79784168860137,0.994594690804526,0.6411447525024414,0.1441197395324707
500,2,37.440000000000005,5.2,1,1,1,20,0.3602164108098696,0.7413881485037902,1.0082223749456136,0.6944565773010254,0.18485069274902344
500,2,37.440000000000005,5.2,1,1,1,21,0.3461427773813203,0.790318409977212,1.0025165283075361,0.8135819435119629,0.18374276161193848
500,2,37.440000000000005,5.2,1,1,1,22,0.32472123710585743,0.7363593082677599,0.9576091543284527,0.7371468544006348,0.16911768913269043
500,2,37.440000000000005,5.2,1,1,1,23,0.37356589355688125,0.8447154945183424,1.1277030562881003,0.7381391525268555,0.19659948348999023
500,2,37.440000000000005,5.2,1,1,1,24,0.35339838707262644,0.7354346599344104,0.975309070829095,0.6987547874450684,0.1401505470275879
500,2,39.96000000000001,5.4,1,1,1,0,0.3535833067204522,0.7561113293632888,0.9927647948623497,0.8943886756896973,0.15564894676208496
500,2,39.96000000000001,5.4,1,1,1,1,0.32715827171485806,0.8367205403456248,1.0968524043785468,0.587233304977417,0.12439680099487305
500,2,39.96000000000001,5.4,1,1,1,2,0.3827945118288782,0.7861081272994256,0.9694702380251382,0.6602041721343994,0.14697885513305664
500,2,39.96000000000001,5.4,1,1,1,3,0.35472212477623255,0.7384794914572012,1.0016389653910895,0.7201030254364014,0.12668871879577637
500,2,39.96000000000001,5.4,1,1,1,4,0.3263463890143414,0.8235241832491642,1.07177805935283,0.6637098789215088,0.18059587478637695
500,2,39.96000000000001,5.4,1,1,1,5,0.3953475338426592,0.8290031211982812,1.1724302035729903,0.8658914566040039,0.16542625427246094
500,2,39.96000000000001,5.4,1,1,1,6,0.3562596383567413,0.9744186961431174,1.2431977528094125,0.7243385314941406,0.13840508460998535
500,2,39.96000000000001,5.4,1,1,1,7,0.34900461174717423,0.8669232833404273,1.140757500733067,0.6495437622070312,0.10468173027038574
500,2,39.96000000000001,5.4,1,1,1,8,0.35180825594259985,0.8127799697935623,1.050681839130469,0.6704232692718506,0.15921235084533691
500,2,39.96000000000001,5.4,1,1,1,9,0.368969461500134,0.7583019561164664,0.9372034394488227,0.7247946262359619,0.1605234146118164
500,2,39.96000000000001,5.4,1,1,1,10,0.3334136471563271,0.966655696435865,1.2514812269539186,0.8249425888061523,0.14919638633728027
500,2,39.96000000000001,5.4,1,1,1,11,0.3486154104770353,0.8200447613601176,1.1433150420092286,0.6867904663085938,0.14098262786865234
500,2,39.96000000000001,5.4,1,1,1,12,0.4005480053723957,0.8424320695997705,1.0881622026837274,0.6126480102539062,0.12229585647583008
500,2,39.96000000000001,5.4,1,1,1,13,0.3891874362658125,0.7903374767984157,0.949523867492695,0.6627833843231201,0.17477130889892578
500,2,39.96000000000001,5.4,1,1,1,14,0.42658005369108193,0.8519994829623347,1.0677410739021753,0.8767902851104736,0.1650388240814209
500,2,39.96000000000001,5.4,1,1,1,15,0.39146722182065985,0.794322991507667,1.1599641045842781,0.819908618927002,0.16930675506591797
500,2,39.96000000000001,5.4,1,1,1,16,0.34663775826779153,0.9103490147088921,1.148022853901144,0.670093297958374,0.15011858940124512
500,2,39.96000000000001,5.4,1,1,1,17,0.3364797660206824,0.9273530649625614,1.2387095190264756,0.7386813163757324,0.13008618354797363
500,2,39.96000000000001,5.4,1,1,1,18,0.3397809895392161,0.8682643123940929,1.0675542330105607,0.7227575778961182,0.16362953186035156
500,2,39.96000000000001,5.4,1,1,1,19,0.37777076810835913,0.8040624888256945,1.0184149366943258,0.800152063369751,0.17523717880249023
500,2,39.96000000000001,5.4,1,1,1,20,0.32436616064490215,0.8592248477033894,0.9999978507024194,0.6815762519836426,0.15671563148498535
500,2,39.96000000000001,5.4,1,1,1,21,0.3660400378788915,0.97798435550412,1.1308892702496969,0.7444803714752197,0.13745355606079102
500,2,39.96000000000001,5.4,1,1,1,22,0.33174706918121705,0.7369385633007342,0.9686082976526038,0.6687138080596924,0.14700627326965332
500,2,39.96000000000001,5.4,1,1,1,23,0.3955131541568637,0.730456998410196,0.9470282667808338,0.8172924518585205,0.19795799255371094
500,2,39.96000000000001,5.4,1,1,1,24,0.37662348740413243,0.7968451434441701,1.0175301296662287,0.7426431179046631,0.13965249061584473
500,2,42.56000000000001,5.6000000000000005,1,1,1,0,0.40385205477555375,0.8677287581921157,1.0936367704155532,0.6745703220367432,0.15296554565429688
500,2,42.56000000000001,5.6000000000000005,1,1,1,1,0.3377478034142002,0.8128804174016281,1.1134903578031068,0.7167816162109375,0.1346292495727539
500,2,42.56000000000001,5.6000000000000005,1,1,1,2,0.39807384269350754,0.7538991582836959,1.0239695443258394,0.7814972400665283,0.19698309898376465
500,2,42.56000000000001,5.6000000000000005,1,1,1,3,0.36694711720283046,0.8453778657093772,1.0226065562486988,0.6688072681427002,0.16368603706359863
500,2,42.56000000000001,5.6000000000000005,1,1,1,4,0.41676616235112957,0.774761895926813,1.0397095303988668,0.6383821964263916,0.1197664737701416
500,2,42.56000000000001,5.6000000000000005,1,1,1,5,0.3341903842568892,0.8843084315091702,1.052809010593236,0.6970677375793457,0.12424898147583008
500,2,42.56000000000001,5.6000000000000005,1,1,1,6,0.3159621431637102,0.9584391963252578,1.2303073598535441,0.644395112991333,0.14126300811767578
500,2,42.56000000000001,5.6000000000000005,1,1,1,7,0.4323010231567514,0.8056567580599996,1.0162938886466784,0.9626553058624268,0.1874399185180664
500,2,42.56000000000001,5.6000000000000005,1,1,1,8,0.36842059509211317,0.8121521490126148,1.057268046351521,0.8202693462371826,0.12418127059936523
500,2,42.56000000000001,5.6000000000000005,1,1,1,9,0.3670538817997054,0.8980839432146315,1.2651378250143368,0.6218216419219971,0.11750602722167969
500,2,42.56000000000001,5.6000000000000005,1,1,1,10,0.32837311429622035,0.8303424321451925,1.1438077512814642,0.5619213581085205,0.16435980796813965
500,2,42.56000000000001,5.6000000000000005,1,1,1,11,0.38239710678253663,0.7256338129728811,0.9757830466216044,0.6966168880462646,0.16019558906555176
500,2,42.56000000000001,5.6000000000000005,1,1,1,12,0.3927151168039233,0.7664188077773556,0.9589589180877301,0.822007417678833,0.17409539222717285
500,2,42.56000000000001,5.6000000000000005,1,1,1,13,0.3427958140675991,0.8169725744053113,0.9860533572450361,0.6569068431854248,0.1306154727935791
500,2,42.56000000000001,5.6000000000000005,1,1,1,14,0.36369999227782057,0.8842663810645566,1.1880110355270137,0.6735446453094482,0.12467479705810547
500,2,42.56000000000001,5.6000000000000005,1,1,1,15,0.37478389360225134,0.7955239528905489,1.1401087843252318,0.7111070156097412,0.11284685134887695
500,2,42.56000000000001,5.6000000000000005,1,1,1,16,0.3873123418070271,0.8511310857569558,1.1515280825459446,0.7723352909088135,0.13368725776672363
500,2,42.56000000000001,5.6000000000000005,1,1,1,17,0.3656939706985892,0.7773899705814827,1.0561973629763481,0.8919625282287598,0.15291976928710938
500,2,42.56000000000001,5.6000000000000005,1,1,1,18,0.3414581442769185,0.7908458189903445,1.132303963267263,0.6561968326568604,0.13339591026306152
500,2,42.56000000000001,5.6000000000000005,1,1,1,19,0.3776432042267274,1.0069085863608893,1.325472772476093,0.7012622356414795,0.1746835708618164
500,2,42.56000000000001,5.6000000000000005,1,1,1,20,0.3267088711571497,0.8608135556882479,1.1148966458262692,0.7368078231811523,0.15589594841003418
500,2,42.56000000000001,5.6000000000000005,1,1,1,21,0.36729686920387217,0.7585160999316892,1.0358362767067084,0.8412158489227295,0.19697141647338867
500,2,42.56000000000001,5.6000000000000005,1,1,1,22,0.3768043737203803,0.7355636015752193,0.9947925832454214,0.6697027683258057,0.16242551803588867
500,2,42.56000000000001,5.6000000000000005,1,1,1,23,0.353814825730598,0.8413182900725105,1.0339422715484448,0.5918862819671631,0.1582334041595459
500,2,42.56000000000001,5.6000000000000005,1,1,1,24,0.3979249588170679,0.7981076254381662,1.1081553733402991,0.7305848598480225,0.15447425842285156
500,2,45.24000000000001,5.800000000000001,1,1,1,0,0.3503583807711098,0.9715052296043969,1.2594933553254744,0.9443814754486084,0.21377253532409668
500,2,45.24000000000001,5.800000000000001,1,1,1,1,0.3441848468597496,0.8006162210831274,1.0599998013904195,0.8891382217407227,0.14875411987304688
500,2,45.24000000000001,5.800000000000001,1,1,1,2,0.34118546415047535,0.8244652982248799,1.0584737970854676,0.7144143581390381,0.1450486183166504
500,2,45.24000000000001,5.800000000000001,1,1,1,3,0.3536836314776815,0.8854688321106733,1.0141415556461664,0.6633684635162354,0.1239919662475586
500,2,45.24000000000001,5.800000000000001,1,1,1,4,0.35087616262907284,0.9043499784371734,1.164884828102415,0.6197688579559326,0.17213106155395508
500,2,45.24000000000001,5.800000000000001,1,1,1,5,0.36928164432190497,0.9247825842418388,1.2419344972004698,0.8380584716796875,0.16707944869995117
500,2,45.24000000000001,5.800000000000001,1,1,1,6,0.35128640244320053,0.7890255471032378,1.0775093530126856,0.7607758045196533,0.14111733436584473
500,2,45.24000000000001,5.800000000000001,1,1,1,7,0.3662060454072757,0.7491413676111084,0.9411902158989405,0.6430132389068604,0.15761804580688477
500,2,45.24000000000001,5.800000000000001,1,1,1,8,0.3502677196448287,0.893501094610337,1.089237019677702,0.7700924873352051,0.13228178024291992
500,2,45.24000000000001,5.800000000000001,1,1,1,9,0.3197886427731191,0.9004985818014356,1.1864562557613025,0.7121784687042236,0.1431107521057129
500,2,45.24000000000001,5.800000000000001,1,1,1,10,0.4604441165357462,1.1864351645028517,1.646879281038598,0.8307523727416992,0.19755887985229492
500,2,45.24000000000001,5.800000000000001,1,1,1,11,0.366320234478335,0.9330321710314162,1.1181311917596939,0.7360513210296631,0.13129663467407227
500,2,45.24000000000001,5.800000000000001,1,1,1,12,0.37191378676709247,0.8102348275948281,1.1003393530733663,0.6724016666412354,0.13472676277160645
500,2,45.24000000000001,5.800000000000001,1,1,1,13,0.33093265568335406,0.7900590406478806,1.0722105825270853,0.6846106052398682,0.1552872657775879
500,2,45.24000000000001,5.800000000000001,1,1,1,14,0.37914253014850796,0.8422982150900427,1.001261972939596,0.7056541442871094,0.17982244491577148
500,2,45.24000000000001,5.800000000000001,1,1,1,15,0.3853360656950997,0.9139096646295038,1.2933183395971888,0.9061148166656494,0.15994858741760254
500,2,45.24000000000001,5.800000000000001,1,1,1,16,0.34703097606038286,0.855154397184105,1.1538994662096849,0.6543385982513428,0.15248799324035645
500,2,45.24000000000001,5.800000000000001,1,1,1,17,0.38615066305755263,0.9652722722920657,1.2059730666087558,0.765979528427124,0.16752910614013672
500,2,45.24000000000001,5.800000000000001,1,1,1,18,0.3241386492527599,0.9689963790035653,1.2466502195516045,0.7164645195007324,0.1439802646636963
500,2,45.24000000000001,5.800000000000001,1,1,1,19,0.347244578121549,0.7781103977778258,1.0879353987863243,0.8597791194915771,0.16399550437927246
500,2,45.24000000000001,5.800000000000001,1,1,1,20,0.44971480190890084,0.7947820982810182,1.244496900189919,0.7415883541107178,0.1885077953338623
500,2,45.24000000000001,5.800000000000001,1,1,1,21,0.3474135273456248,0.7910522816701484,1.0766311463716511,0.6263000965118408,0.12493634223937988
500,2,45.24000000000001,5.800000000000001,1,1,1,22,0.35725659079087013,0.8960845885305742,1.1501689137381879,0.6547746658325195,0.15869736671447754
500,2,45.24000000000001,5.800000000000001,1,1,1,23,0.3473220006474941,0.9663507962774587,1.2068749292825671,0.8284077644348145,0.1703329086303711
500,2,45.24000000000001,5.800000000000001,1,1,1,24,0.32834574198728117,0.8445034678855161,1.0612422462127808,0.705481767654419,0.14069485664367676
500,2,48.0,6.0,1,1,1,0,0.35723642694618235,0.8002826851900591,1.073415596315409,0.6813371181488037,0.1277310848236084
500,2,48.0,6.0,1,1,1,1,0.3563240699061472,1.0415066158568658,1.2091464782844303,0.7385854721069336,0.14433646202087402
500,2,48.0,6.0,1,1,1,2,0.3447994272047547,0.8143624684730469,1.101328471746421,0.7389650344848633,0.13027405738830566
500,2,48.0,6.0,1,1,1,3,0.34786093300445875,0.6730551268150089,0.9623578142282643,0.8908953666687012,0.17121100425720215
500,2,48.0,6.0,1,1,1,4,0.37731785845430543,1.0697566319341534,1.213792395165042,0.6602580547332764,0.1675887107849121
500,2,48.0,6.0,1,1,1,5,0.35775854268839036,0.8974686333521932,1.182365105183863,0.7291426658630371,0.14159083366394043
500,2,48.0,6.0,1,1,1,6,0.381239497126599,0.8464374357394356,1.1435099500002992,0.6462090015411377,0.1466503143310547
500,2,48.0,6.0,1,1,1,7,0.3843394895425664,0.8032217754494516,0.997095545507899,0.6987390518188477,0.15995216369628906
500,2,48.0,6.0,1,1,1,8,0.3762005935741265,0.8759493990633437,1.1953640584481746,0.9236698150634766,0.199873685836792
500,2,48.0,6.0,1,1,1,9,0.3655499783170754,0.7765378794789527,1.0327171741370222,0.8365325927734375,0.20385432243347168
500,2,48.0,6.0,1,1,1,10,0.33360346160312176,0.9578070598848938,1.266160548513709,0.7042560577392578,0.1276414394378662
500,2,48.0,6.0,1,1,1,11,0.3882750621561739,0.8731034394267495,1.1290398483153945,0.6354420185089111,0.1366441249847412
500,2,48.0,6.0,1,1,1,12,0.32014983181980594,1.0015566054030096,1.1395841014130368,0.9028019905090332,0.17438411712646484
500,2,48.0,6.0,1,1,1,13,0.37459502569819625,0.9528174732241956,1.1672972450548675,0.7493088245391846,0.14110755920410156
500,2,48.0,6.0,1,1,1,14,0.3364111445433618,0.9085767131351046,1.2449878576784663,0.6414492130279541,0.1531665325164795
500,2,48.0,6.0,1,1,1,15,0.3199839893571597,0.8403919660207981,1.1603759553779578,0.7176177501678467,0.13180208206176758
500,2,48.0,6.0,1,1,1,16,0.30906558747193175,0.8084264317768849,0.9564983786067778,0.7577388286590576,0.141709566116333
500,2,48.0,6.0,1,1,1,17,0.3974793986985485,0.8398237921570655,1.1184580286314936,0.8925983905792236,0.1683368682861328
500,2,48.0,6.0,1,1,1,18,0.4119335266339058,0.9879866064423521,1.3355371344429658,0.6716334819793701,0.11431741714477539
500,2,48.0,6.0,1,1,1,19,0.4364802428440757,0.953356395925108,1.1992252907140508,0.7244770526885986,0.1470937728881836
500,2,48.0,6.0,1,1,1,20,0.3820968795008139,0.9178758485390258,1.1175056293828187,0.6555042266845703,0.16869521141052246
500,2,48.0,6.0,1,1,1,21,0.37772560459746185,0.8813692979293103,1.0092460892696327,0.8679125308990479,0.16444134712219238
500,2,48.0,6.0,1,1,1,22,0.4070477056865002,0.8418336478768608,1.1016226690928648,0.81119704246521,0.13512921333312988
500,2,48.0,6.0,1,1,1,23,0.35506359948704663,0.7811026737577786,1.113566259518828,0.6626510620117188,0.1711273193359375
500,2,48.0,6.0,1,1,1,24,0.33315898428811225,0.8789515389007667,1.1236348162330876,0.7252264022827148,0.13462400436401367
500,2,50.839999999999996,6.2,1,1,1,0,0.344927032182089,0.7914068421693626,0.9323022489533093,0.7024950981140137,0.12168335914611816
500,2,50.839999999999996,6.2,1,1,1,1,0.4041753552933422,0.8938330499980631,1.0989566594251317,0.9084258079528809,0.1814558506011963
500,2,50.839999999999996,6.2,1,1,1,2,0.3610112656191862,1.2300294360163944,1.5135088752124712,0.6565470695495605,0.13550019264221191
500,2,50.839999999999996,6.2,1,1,1,3,0.38434267176348896,0.7890214661784641,1.0217926035362423,0.6443464756011963,0.15787267684936523
500,2,50.839999999999996,6.2,1,1,1,4,0.3561166074535912,0.8545120283150256,1.1448964179935865,0.6551833152770996,0.15464472770690918
500,2,50.839999999999996,6.2,1,1,1,5,0.3769546867596572,1.0268689422137975,1.4038236289734547,0.7290434837341309,0.16879773139953613
500,2,50.839999999999996,6.2,1,1,1,6,0.3300031951630813,0.8440463760274195,1.1319362972913458,0.9007472991943359,0.13837456703186035
500,2,50.839999999999996,6.2,1,1,1,7,0.3626993532540759,0.8699286519101033,1.2170040912061375,0.7304308414459229,0.13192462921142578
500,2,50.839999999999996,6.2,1,1,1,8,0.357624544844034,0.7699670133271391,1.0776846542292504,0.7131388187408447,0.15034723281860352
500,2,50.839999999999996,6.2,1,1,1,9,0.3578003591156023,0.8955090548970297,1.1299602838946532,0.7356195449829102,0.1312425136566162
500,2,50.839999999999996,6.2,1,1,1,10,0.3515808374227623,0.7817274808326445,1.0612794281894034,0.9158329963684082,0.1689903736114502
500,2,50.839999999999996,6.2,1,1,1,11,0.41185207584925326,0.9539012823390514,1.1741725454936205,0.7162706851959229,0.12849831581115723
500,2,50.839999999999996,6.2,1,1,1,12,0.3969255091037021,0.8800326441714996,1.085905934893519,0.6961231231689453,0.13119745254516602
500,2,50.839999999999996,6.2,1,1,1,13,0.37747923796306726,0.9728405603436238,1.2412325942010685,0.6484124660491943,0.17473483085632324
500,2,50.839999999999996,6.2,1,1,1,14,0.31715286549872335,0.7870475400534281,0.9513263673544483,0.7696571350097656,0.1225583553314209
500,2,50.839999999999996,6.2,1,1,1,15,0.4357914854276346,0.8847739218095636,1.1433558072205983,0.8784451484680176,0.15670418739318848
500,2,50.839999999999996,6.2,1,1,1,16,0.3907448215527836,0.8064864941773316,1.0270579507929125,0.7282068729400635,0.10461974143981934
500,2,50.839999999999996,6.2,1,1,1,17,0.36346258926320996,1.0734437267688477,1.2399661473405414,0.6787605285644531,0.13319039344787598
500,2,50.839999999999996,6.2,1,1,1,18,0.3545285633593208,0.9095913012965852,1.1408831386239584,0.821988582611084,0.1998884677886963
500,2,50.839999999999996,6.2,1,1,1,19,0.3329623801066508,0.9243801286334882,1.1542809419764724,0.8070962429046631,0.18250799179077148
500,2,50.839999999999996,6.2,1,1,1,20,0.31108483368028034,0.9488102571717786,1.1400073380568632,0.7721343040466309,0.18065404891967773
500,2,50.839999999999996,6.2,1,1,1,21,0.39511274376839134,0.8960185304964173,1.1558177599674524,0.72947096824646,0.12960386276245117
500,2,50.839999999999996,6.2,1,1,1,22,0.3663708534145005,1.0409958124995036,1.3063079249459666,0.7143561840057373,0.1356966495513916
500,2,50.839999999999996,6.2,1,1,1,23,0.3358150657098918,0.8329049490279652,1.1182220182298388,0.820080041885376,0.1872997283935547
500,2,50.839999999999996,6.2,1,1,1,24,0.3454344244307385,0.8478053326547383,1.029713137876195,0.6765792369842529,0.1346597671508789
500,2,53.760000000000005,6.4,1,1,1,0,0.38972410972663846,0.8961008219041643,1.0978836735527793,0.695173978805542,0.16398072242736816
500,2,53.760000000000005,6.4,1,1,1,1,0.3645611273718971,0.9807834199819474,1.2260443189539756,0.6769940853118896,0.1543130874633789
500,2,53.760000000000005,6.4,1,1,1,2,0.3448910721877399,0.9269459591863242,1.0809385737126873,0.676943302154541,0.13826465606689453
500,2,53.760000000000005,6.4,1,1,1,3,0.3667653494804595,0.886602199212119,1.1004304792047324,0.8220393657684326,0.16860508918762207
500,2,53.760000000000005,6.4,1,1,1,4,0.3368608818635232,0.819055279634062,1.0816042054369301,0.5964310169219971,0.11817145347595215
500,2,53.760000000000005,6.4,1,1,1,5,0.36049405725035816,0.8823086785400064,1.0926610685823919,0.6948237419128418,0.1527879238128662
500,2,53.760000000000005,6.4,1,1,1,6,0.37225351754659564,0.9433256813053367,1.138565023608323,0.8006858825683594,0.09287500381469727
500,2,53.760000000000005,6.4,1,1,1,7,0.3711638052328789,0.90083072502578,1.1687521962797323,0.763524055480957,0.14651751518249512
500,2,53.760000000000005,6.4,1,1,1,8,0.3176268296344745,0.9075617120148456,1.1069049192433407,0.8231208324432373,0.17028331756591797
500,2,53.760000000000005,6.4,1,1,1,9,0.35301108927564734,0.9146944374418048,1.0703297937142544,0.7655222415924072,0.17750835418701172
500,2,53.760000000000005,6.4,1,1,1,10,0.4022302474937057,0.8402437117836078,1.0267279548236707,0.8499135971069336,0.1798696517944336
500,2,53.760000000000005,6.4,1,1,1,11,0.3745190339927047,0.8916551937757106,1.1357419660238453,0.7130639553070068,0.1437990665435791
500,2,53.760000000000005,6.4,1,1,1,12,0.3627289164795642,0.8670321791435384,1.1473850866973663,0.7641417980194092,0.17572402954101562
500,2,53.760000000000005,6.4,1,1,1,13,0.40766251080778304,0.8024570793052894,1.0991776198961638,0.6806375980377197,0.11063289642333984
500,2,53.760000000000005,6.4,1,1,1,14,0.37098878921671663,0.9537361528619219,1.2503275215877916,0.6876142024993896,0.11936426162719727
500,2,53.760000000000005,6.4,1,1,1,15,0.43534362016761174,1.0195097238047426,1.2737884058767148,0.6864244937896729,0.14600133895874023
500,2,53.760000000000005,6.4,1,1,1,16,0.3197961025941405,0.8466905499864283,1.1146323422177131,0.7279379367828369,0.0915985107421875
500,2,53.760000000000005,6.4,1,1,1,17,0.4021458241330243,0.8647985948581636,1.1233698533989718,0.8035943508148193,0.18700408935546875
500,2,53.760000000000005,6.4,1,1,1,18,0.36707673841549693,0.864108225798368,1.1368605125464317,0.7150108814239502,0.1236264705657959
500,2,53.760000000000005,6.4,1,1,1,19,0.3829670295404948,0.9745120128380921,1.1455785326542471,0.6410946846008301,0.11530470848083496
500,2,53.760000000000005,6.4,1,1,1,20,0.38020569960109274,1.0724566124217192,1.3345654004575822,0.6765990257263184,0.11010432243347168
500,2,53.760000000000005,6.4,1,1,1,21,0.33945180701256406,0.9148353728073445,1.090979006764556,0.6856961250305176,0.18095946311950684
500,2,53.760000000000005,6.4,1,1,1,22,0.35526004187978993,0.9298233036085988,1.105857847442835,0.9320790767669678,0.16566181182861328
500,2,53.760000000000005,6.4,1,1,1,23,0.37340307977220294,0.8353854138762313,1.0829785525377074,0.7112326622009277,0.11964297294616699
500,2,53.760000000000005,6.4,1,1,1,24,0.3141055936022593,1.004568050280851,1.1893349220640266,0.6719298362731934,0.15294480323791504
500,2,56.76000000000001,6.6000000000000005,1,1,1,0,0.343165204465024,1.0697246741382669,1.3567014203563965,0.6402366161346436,0.16766786575317383
500,2,56.76000000000001,6.6000000000000005,1,1,1,1,0.3147754788750128,1.000870733981035,1.2704247106948645,0.8282263278961182,0.14421463012695312
500,2,56.76000000000001,6.6000000000000005,1,1,1,2,0.38456674792563156,1.0871516709170026,1.3559236830194572,0.913855791091919,0.1875455379486084
500,2,56.76000000000001,6.6000000000000005,1,1,1,3,0.3839598102986233,0.8751563828205321,1.1274748951372642,0.7141878604888916,0.15734624862670898
500,2,56.76000000000001,6.6000000000000005,1,1,1,4,0.3255191177481409,0.8297146226815821,1.0606934502671954,0.6852779388427734,0.12725138664245605
500,2,56.76000000000001,6.6000000000000005,1,1,1,5,0.3478336612619891,1.0807577644107615,1.3149639629909482,0.7235338687896729,0.14926695823669434
500,2,56.76000000000001,6.6000000000000005,1,1,1,6,0.35809928023519716,0.8898618604763745,1.1301692918072817,0.8276245594024658,0.17480111122131348
500,2,56.76000000000001,6.6000000000000005,1,1,1,7,0.35462571433423207,0.8749777404908334,1.049653259536812,0.7456305027008057,0.12238264083862305
500,2,56.76000000000001,6.6000000000000005,1,1,1,8,0.38515003839427103,0.8657335131849409,1.1310160572796146,0.721066951751709,0.1349184513092041
500,2,56.76000000000001,6.6000000000000005,1,1,1,9,0.3317810792916427,0.9125710882297458,1.167477106776462,0.7840430736541748,0.14832425117492676
500,2,56.76000000000001,6.6000000000000005,1,1,1,10,0.3694202739940291,0.9335006698792787,1.2277392330158796,0.8426535129547119,0.19361352920532227
500,2,56.76000000000001,6.6000000000000005,1,1,1,11,0.41682628476821176,0.8849944456152469,1.2190777485593383,0.6506810188293457,0.13547563552856445
500,2,56.76000000000001,6.6000000000000005,1,1,1,12,0.37422807203324054,0.8944949999472296,1.1415243617939677,0.6766796112060547,0.17247986793518066
500,2,56.76000000000001,6.6000000000000005,1,1,1,13,0.3997054129628629,0.923210507305603,1.1451462819804274,0.7110226154327393,0.13666582107543945
500,2,56.76000000000001,6.6000000000000005,1,1,1,14,0.391577323072623,0.8710761779760857,1.1401532478254526,0.685805082321167,0.15047383308410645
500,2,56.76000000000001,6.6000000000000005,1,1,1,15,0.36727253504202895,1.028702005043212,1.2319086632683165,0.8668887615203857,0.16907334327697754
500,2,56.76000000000001,6.6000000000000005,1,1,1,16,0.37561195599791064,0.8215368492927003,1.0273694411440915,0.6205348968505859,0.1294724941253662
500,2,56.76000000000001,6.6000000000000005,1,1,1,17,0.35527656384776174,0.8063646865408328,1.1278528709300435,0.7518906593322754,0.1453568935394287
500,2,56.76000000000001,6.6000000000000005,1,1,1,18,0.31756454888149666,0.8643365827694469,1.0892558184722796,0.7362170219421387,0.1507556438446045
500,2,56.76000000000001,6.6000000000000005,1,1,1,19,0.3116763005302824,0.9004672606466756,1.039202959907818,0.7526369094848633,0.16079306602478027
500,2,56.76000000000001,6.6000000000000005,1,1,1,20,0.36929975849691743,0.9434393735077313,1.1539380062867441,0.885545015335083,0.19669198989868164
500,2,56.76000000000001,6.6000000000000005,1,1,1,21,0.38534303731118597,0.9589482555219431,1.2713389155478698,0.6827883720397949,0.13139772415161133
500,2,56.76000000000001,6.6000000000000005,1,1,1,22,0.4191235211241271,0.8680100104043554,1.0457021241580793,0.7111778259277344,0.13631892204284668
500,2,56.76000000000001,6.6000000000000005,1,1,1,23,0.3326809730040047,0.8948242416805712,1.0789810125118564,0.6410963535308838,0.15120887756347656
500,2,56.76000000000001,6.6000000000000005,1,1,1,24,0.3819438741810037,0.9513218940675904,1.1846350418769664,0.9034252166748047,0.17650532722473145
500,2,59.84000000000001,6.800000000000001,1,1,1,0,0.37677379771160385,0.9203982325693754,1.1854952162332955,0.757915735244751,0.13545680046081543
500,2,59.84000000000001,6.800000000000001,1,1,1,1,0.3792461018162677,1.0392233972942908,1.4184694991105586,0.709848165512085,0.1250743865966797
500,2,59.84000000000001,6.800000000000001,1,1,1,2,0.3349364133850894,0.9259436521427606,1.1556878454184927,0.6710221767425537,0.1687774658203125
500,2,59.84000000000001,6.800000000000001,1,1,1,3,0.37606917847548504,0.8664269544748373,1.0945316470901874,0.704634428024292,0.10565376281738281
500,2,59.84000000000001,6.800000000000001,1,1,1,4,0.3766032788389874,0.8610093844467087,1.038632807897097,0.8196041584014893,0.20106887817382812
500,2,59.84000000000001,6.800000000000001,1,1,1,5,0.38760317390471366,1.0606240928634119,1.3302320768600906,0.6906378269195557,0.14772415161132812
500,2,59.84000000000001,6.800000000000001,1,1,1,6,0.3531563903361117,0.8286443031345381,1.0979687941807796,0.7143213748931885,0.16271352767944336
500,2,59.84000000000001,6.800000000000001,1,1,1,7,0.3431409432987151,0.8226321999474426,1.015491911483565,0.6626663208007812,0.17180824279785156
500,2,59.84000000000001,6.800000000000001,1,1,1,8,0.3567335542851645,1.0317772950780901,1.2257563503462943,0.7826035022735596,0.14792251586914062
500,2,59.84000000000001,6.800000000000001,1,1,1,9,0.3818066038435715,0.9235818060544128,1.0916292254500022,0.8472809791564941,0.10838127136230469
500,2,59.84000000000001,6.800000000000001,1,1,1,10,0.3111428386889258,0.9669349925159072,1.1424175239399903,0.6464016437530518,0.1684408187866211
500,2,59.84000000000001,6.800000000000001,1,1,1,11,0.40528180250760004,0.9262020101782975,1.0303476270117011,0.6847224235534668,0.14212942123413086
500,2,59.84000000000001,6.800000000000001,1,1,1,12,0.32356461233254025,0.8073284482481857,1.1033243500068572,0.7990682125091553,0.16675567626953125
500,2,59.84000000000001,6.800000000000001,1,1,1,13,0.34150583494589176,1.0339655054867565,1.3299000483889434,0.8122823238372803,0.16800642013549805
500,2,59.84000000000001,6.800000000000001,1,1,1,14,0.38057504489275906,0.8760882144387117,1.1500337728968464,0.7029163837432861,0.16246604919433594
500,2,59.84000000000001,6.800000000000001,1,1,1,15,0.3910924876611273,0.9916344739489065,1.1384743500310495,0.7200627326965332,0.1446394920349121
500,2,59.84000000000001,6.800000000000001,1,1,1,16,0.34588608817044375,1.0970570606051728,1.4211513416890222,0.6361582279205322,0.12119317054748535
500,2,59.84000000000001,6.800000000000001,1,1,1,17,0.3708863406578736,0.8595307062885162,1.099448287285822,0.6677894592285156,0.13525152206420898
500,2,59.84000000000001,6.800000000000001,1,1,1,18,0.38038189891514723,0.8972527870382375,1.1883382918562972,0.8256456851959229,0.1867525577545166
500,2,59.84000000000001,6.800000000000001,1,1,1,19,0.3533617568835765,0.9071519552554032,1.074975223693252,0.7225804328918457,0.1365964412689209
500,2,59.84000000000001,6.800000000000001,1,1,1,20,0.36158906220453724,1.131299823265245,1.206115056846075,0.6476521492004395,0.13779544830322266
500,2,59.84000000000001,6.800000000000001,1,1,1,21,0.3561862937815278,1.0900672821526993,1.351811852635272,0.5884969234466553,0.17457795143127441
500,2,59.84000000000001,6.800000000000001,1,1,1,22,0.35295612007377897,0.9466456915735696,1.1644805659331314,0.7676546573638916,0.1834852695465088
500,2,59.84000000000001,6.800000000000001,1,1,1,23,0.4359296786363862,1.095564181049716,1.2780940054558423,0.8290097713470459,0.14745736122131348
500,2,59.84000000000001,6.800000000000001,1,1,1,24,0.3531889411885196,0.8397077058535782,1.1368642380874125,0.6607377529144287,0.13769125938415527
500,2,63.0,7.0,1,1,1,0,0.3498604034170422,1.029336261903966,1.3043004979900616,0.6297903060913086,0.16213607788085938
500,2,63.0,7.0,1,1,1,1,0.3618440237262929,0.8961994687849502,1.2300232381337732,0.7183520793914795,0.12556099891662598
500,2,63.0,7.0,1,1,1,2,0.40131829782557854,0.9754031859775452,1.22768308022071,0.8054714202880859,0.16925811767578125
500,2,63.0,7.0,1,1,1,3,0.3619272016814137,1.0737669484299632,1.2767814629211482,0.5984551906585693,0.14774465560913086
500,2,63.0,7.0,1,1,1,4,0.32730254120703184,1.012138520566967,1.1557810279394165,0.7531998157501221,0.18077421188354492
500,2,63.0,7.0,1,1,1,5,0.36718056499208945,0.9302770112064909,1.1030222441635245,0.8279609680175781,0.2043132781982422
500,2,63.0,7.0,1,1,1,6,0.33908789784558546,0.8944828614187623,1.077815375187587,0.7461526393890381,0.16874098777770996
500,2,63.0,7.0,1,1,1,7,0.34073499046313604,1.0247629474964808,1.0988523076774124,0.8848190307617188,0.1737208366394043
500,2,63.0,7.0,1,1,1,8,0.34993540044057003,0.893433244627392,1.1306255082546302,0.642857551574707,0.17665982246398926
500,2,63.0,7.0,1,1,1,9,0.33221993419918744,0.9112310058858082,1.1392326539306783,0.6681005954742432,0.14951801300048828
500,2,63.0,7.0,1,1,1,10,0.4098352290380422,1.2117607810750406,1.5453279071566433,0.7007570266723633,0.11747407913208008
500,2,63.0,7.0,1,1,1,11,0.3752301956230342,0.8695689986691889,1.0590119650124041,0.7088911533355713,0.16775035858154297
500,2,63.0,7.0,1,1,1,12,0.3657228797293462,0.9983141915909991,1.1722456283596692,0.8143393993377686,0.14144086837768555
500,2,63.0,7.0,1,1,1,13,0.35070346870287633,0.9074407842005927,1.0663806087602754,0.6654324531555176,0.18092560768127441
500,2,63.0,7.0,1,1,1,14,0.3504323260738117,0.9955402757462318,1.1779233246056138,0.6788234710693359,0.11964678764343262
500,2,63.0,7.0,1,1,1,15,0.4058362726243903,1.0220257724796666,1.1807618412086227,0.7000055313110352,0.14330315589904785
500,2,63.0,7.0,1,1,1,16,0.368038251675053,0.8603248503722812,1.118073287551225,0.753087043762207,0.19013714790344238
500,2,63.0,7.0,1,1,1,17,0.3185748213864019,1.0555755354285377,1.205074921468777,0.6958825588226318,0.1076359748840332
500,2,63.0,7.0,1,1,1,18,0.3727918458076272,1.1627040217631683,1.505827778473146,0.7403061389923096,0.14035511016845703
500,2,63.0,7.0,1,1,1,19,0.3564074772797404,1.108867678259826,1.2710126060755715,0.7021725177764893,0.1466987133026123
500,2,63.0,7.0,1,1,1,20,0.34201661775469683,0.9537789993568226,1.067873946308884,0.6268415451049805,0.1378939151763916
500,2,63.0,7.0,1,1,1,21,0.3659943059083533,0.921587139127489,1.1914598723253442,0.9084577560424805,0.1316540241241455
500,2,63.0,7.0,1,1,1,22,0.3328380517809954,0.8260427357396128,1.0514633468181032,0.7900896072387695,0.1803579330444336
500,2,63.0,7.0,1,1,1,23,0.3391052321333491,1.0934918596018806,1.353507630305176,0.728369951248169,0.10265851020812988
500,2,63.0,7.0,1,1,1,24,0.3742604383959275,1.1227771982992432,1.4623346308938778,0.6970210075378418,0.1733253002166748
500,2,66.24,7.2,1,1,1,0,0.40621687869999407,0.9425903156140075,1.1382980493018386,0.8416047096252441,0.16007375717163086
500,2,66.24,7.2,1,1,1,1,0.37061331391292984,1.0540021893122757,1.3032574127804328,0.7289843559265137,0.11056351661682129
500,2,66.24,7.2,1,1,1,2,0.35072801227906675,0.988418976351636,1.1941234580531424,0.7020409107208252,0.12488317489624023
500,2,66.24,7.2,1,1,1,3,0.4231981930691976,0.942734222344334,1.154186850940535,0.6674714088439941,0.1651301383972168
500,2,66.24,7.2,1,1,1,4,0.36936178506079753,1.0082946599309162,1.209083042362369,0.7237398624420166,0.13668179512023926
500,2,66.24,7.2,1,1,1,5,0.3563586123204027,0.970544879924879,1.251336905073587,0.8982393741607666,0.10375833511352539
500,2,66.24,7.2,1,1,1,6,0.3275328985872936,1.1893986637402132,1.4140022159869547,0.7138102054595947,0.15526080131530762
500,2,66.24,7.2,1,1,1,7,0.3534499405439311,1.046073711108052,1.3406021014713136,0.6932699680328369,0.11166763305664062
500,2,66.24,7.2,1,1,1,8,0.3816597386955374,1.0217707356481196,1.2398535396378343,0.739774227142334,0.11090636253356934
500,2,66.24,7.2,1,1,1,9,0.34766795974385345,1.0137541375504435,1.1913257146443461,0.7524280548095703,0.16784453392028809
500,2,66.24,7.2,1,1,1,10,0.38381721073867725,1.0660452401854952,1.3131726672557473,0.7068519592285156,0.17031192779541016
500,2,66.24,7.2,1,1,1,11,0.3449538476100301,0.8894081946982739,1.062883534413169,0.7461836338043213,0.1308271884918213
500,2,66.24,7.2,1,1,1,12,0.40817830205444783,0.8777537161296757,1.1688364005332226,0.7321815490722656,0.1347813606262207
500,2,66.24,7.2,1,1,1,13,0.3698516429724276,0.9221248101030596,1.104623502451389,0.6229414939880371,0.16086649894714355
500,2,66.24,7.2,1,1,1,14,0.3463619307826483,1.01709803933779,1.3343321360167215,1.0261027812957764,0.1861095428466797
500,2,66.24,7.2,1,1,1,15,0.32644087892828405,1.0018253603082679,1.1587346527501388,0.6925146579742432,0.1367969512939453
500,2,66.24,7.2,1,1,1,16,0.39477744866177383,0.8943970110153351,1.0635572669000206,0.6686680316925049,0.14676213264465332
500,2,66.24,7.2,1,1,1,17,0.42579457194652337,0.8608409265386155,1.286635498485139,0.6639723777770996,0.18549656867980957
500,2,66.24,7.2,1,1,1,18,0.3335289588173203,1.2270393870352387,1.5368124427228815,0.740462064743042,0.14076638221740723
500,2,66.24,7.2,1,1,1,19,0.3870220081908153,0.9031245926543647,1.2144628168986749,0.8029370307922363,0.12194347381591797
500,2,66.24,7.2,1,1,1,20,0.40192596177804657,1.1601435101806843,1.562069471958731,0.6914408206939697,0.13042044639587402
500,2,66.24,7.2,1,1,1,21,0.36803082798307657,1.141769926996372,1.308625664680784,0.6597778797149658,0.17421269416809082
500,2,66.24,7.2,1,1,1,22,0.3828549873844999,0.9197240662052255,1.191707456625819,0.7736697196960449,0.10744285583496094
500,2,66.24,7.2,1,1,1,23,0.4189897763991698,0.943838513236815,1.113158080617542,0.8592329025268555,0.1986086368560791
500,2,66.24,7.2,1,1,1,24,0.33757069435828185,1.0018474220294509,1.338695702129131,0.65338134765625,0.1368868350982666
500,2,69.56,7.4,1,1,1,0,0.38828879563868635,0.9474154534840559,1.2247419805957167,0.677203893661499,0.16223859786987305
500,2,69.56,7.4,1,1,1,1,0.32911241740993985,0.992326808384616,1.0542795326233154,0.7039189338684082,0.12440156936645508
500,2,69.56,7.4,1,1,1,2,0.4361893605055073,1.0048461476722532,1.383703427156688,0.741011381149292,0.1364915370941162
500,2,69.56,7.4,1,1,1,3,0.3665744590732561,0.9824144564586518,1.1750368462560705,0.8628218173980713,0.13666939735412598
500,2,69.56,7.4,1,1,1,4,0.3459318167793019,1.0311823286246982,1.292025551568037,0.6143584251403809,0.1411285400390625
500,2,69.56,7.4,1,1,1,5,0.4001598121768658,1.0060028919597452,1.1613235278648248,0.66658616065979,0.15994596481323242
500,2,69.56,7.4,1,1,1,6,0.37759514256336085,0.9958043966128624,1.2073357911264964,0.8045547008514404,0.1337909698486328
500,2,69.56,7.4,1,1,1,7,0.35636852694357213,1.0328920956468843,1.2458946881921091,0.874129056930542,0.17421936988830566
500,2,69.56,7.4,1,1,1,8,0.34448335424421506,1.007139910677792,1.2212865344268777,0.8922276496887207,0.14029550552368164
500,2,69.56,7.4,1,1,1,9,0.3171824157068088,0.8851204520351785,1.1191850092418318,0.6558787822723389,0.12191271781921387
500,2,69.56,7.4,1,1,1,10,0.33891815604981224,1.0720806682148347,1.1574290854626792,0.7367439270019531,0.10208249092102051
500,2,69.56,7.4,1,1,1,11,0.3722443244715644,0.9286381592910441,1.1552323840898466,0.7191121578216553,0.13460397720336914
500,2,69.56,7.4,1,1,1,12,0.35725826341265743,1.1591883437633033,1.2508605221909401,0.7999484539031982,0.1870877742767334
500,2,69.56,7.4,1,1,1,13,0.38911165695415234,1.2370269192556897,1.6261385762098421,0.6563596725463867,0.14970874786376953
500,2,69.56,7.4,1,1,1,14,0.3590073394456715,1.0955604286856975,1.422292585732628,0.7113838195800781,0.13266658782958984
500,2,69.56,7.4,1,1,1,15,0.3930593453991485,0.9841107906285543,1.1290552591887784,0.6106820106506348,0.13861560821533203
500,2,69.56,7.4,1,1,1,16,0.38435341683432606,1.1001320646047419,1.338810341749066,0.5970110893249512,0.1676008701324463
500,2,69.56,7.4,1,1,1,17,0.34030421978641856,1.1402222240164468,1.4514163710941772,0.903942346572876,0.1951911449432373
500,2,69.56,7.4,1,1,1,18,0.33328985940593625,0.9815756972084736,1.22934224216494,0.6856186389923096,0.14313745498657227
500,2,69.56,7.4,1,1,1,19,0.446549628519579,1.0199062534953915,1.2718979432726918,0.6588332653045654,0.11842012405395508
500,2,69.56,7.4,1,1,1,20,0.4216032932380919,1.1887784129468633,1.4890977657247926,0.681668758392334,0.14037442207336426
500,2,69.56,7.4,1,1,1,21,0.3405649558980855,0.9805611722024744,1.2865648539639363,0.7723097801208496,0.16617131233215332
500,2,69.56,7.4,1,1,1,22,0.32989822567001714,1.2043070834613425,1.4564911176403832,0.796807050704956,0.13882851600646973
500,2,69.56,7.4,1,1,1,23,0.36791858614521716,0.8707830967411566,1.1754493256396654,0.7386617660522461,0.15769052505493164
500,2,69.56,7.4,1,1,1,24,0.36968643721079386,0.9025958493805472,1.113411315125637,0.8555283546447754,0.1526787281036377
500,2,72.96000000000002,7.6000000000000005,1,1,1,0,0.3485179626529994,1.086708433626259,1.3735466889695345,0.6821706295013428,0.14486074447631836
500,2,72.96000000000002,7.6000000000000005,1,1,1,1,0.37779015361088203,1.0156811541095991,1.334075272279171,0.8971858024597168,0.17077398300170898
500,2,72.96000000000002,7.6000000000000005,1,1,1,2,0.3562597668237982,1.0299941723218295,1.2885483569700174,0.6772263050079346,0.12560462951660156
500,2,72.96000000000002,7.6000000000000005,1,1,1,3,0.3948822820691786,1.0646726765975534,1.4014634001338726,0.6880874633789062,0.1466684341430664
500,2,72.96000000000002,7.6000000000000005,1,1,1,4,0.33400281292592565,0.9756866871657172,1.2004232782056508,0.706031322479248,0.1734161376953125
500,2,72.96000000000002,7.6000000000000005,1,1,1,5,0.45419603838775546,1.1435876062973178,1.2510778356514143,0.8968856334686279,0.18941617012023926
500,2,72.96000000000002,7.6000000000000005,1,1,1,6,0.3977868359162956,1.0204955673421257,1.2774983206955506,0.656052827835083,0.12639260292053223
500,2,72.96000000000002,7.6000000000000005,1,1,1,7,0.3833270641825887,1.0972040616625838,1.1953934263802601,0.7269797325134277,0.12048482894897461
500,2,72.96000000000002,7.6000000000000005,1,1,1,8,0.41851948883239276,1.259761493066629,1.4776697295018002,0.6190390586853027,0.12150931358337402
500,2,72.96000000000002,7.6000000000000005,1,1,1,9,0.33151399876461435,1.0357586856998482,1.1991864448058744,0.7201368808746338,0.14876937866210938
500,2,72.96000000000002,7.6000000000000005,1,1,1,10,0.3351978965755795,0.8426332836328227,1.073844013027727,0.9288184642791748,0.1461782455444336
500,2,72.96000000000002,7.6000000000000005,1,1,1,11,0.38380028378924225,1.024701813990933,1.2295030433412468,0.6206231117248535,0.13057756423950195
500,2,72.96000000000002,7.6000000000000005,1,1,1,12,0.3381036609032479,1.141548796101722,1.3491278091909034,0.7023980617523193,0.12947702407836914
500,2,72.96000000000002,7.6000000000000005,1,1,1,13,0.3457603300383119,1.1051744347489312,1.3335464759446813,0.653700590133667,0.1292862892150879
500,2,72.96000000000002,7.6000000000000005,1,1,1,14,0.3542964664471504,1.0600604660643558,1.2698110032485428,0.697704553604126,0.13602256774902344
500,2,72.96000000000002,7.6000000000000005,1,1,1,15,0.315418226621856,0.8693397550360179,1.1751519906080112,0.8071913719177246,0.18963885307312012
500,2,72.96000000000002,7.6000000000000005,1,1,1,16,0.35525571524777094,1.0149528402985575,1.3702085555463284,0.8864941596984863,0.16839194297790527
500,2,72.96000000000002,7.6000000000000005,1,1,1,17,0.3315783213820484,0.9286967643586715,1.1454442231329158,0.6597566604614258,0.14378690719604492
500,2,72.96000000000002,7.6000000000000005,1,1,1,18,0.3881754968406362,1.0381163120569392,1.3294238948502888,0.6587707996368408,0.15927362442016602
500,2,72.96000000000002,7.6000000000000005,1,1,1,19,0.3348807980685734,0.9799401632429422,1.1459826041320966,0.9382474422454834,0.1882190704345703
500,2,72.96000000000002,7.6000000000000005,1,1,1,20,0.40722446449983124,1.0168882218617625,1.16007901452687,0.69083571434021,0.1499335765838623
500,2,72.96000000000002,7.6000000000000005,1,1,1,21,0.3664268284249188,1.00516935759551,1.1599513875061234,0.633643627166748,0.1331937313079834
500,2,72.96000000000002,7.6000000000000005,1,1,1,22,0.3558862322883292,1.0936474723695127,1.3169964654302302,0.6218931674957275,0.16755294799804688
500,2,72.96000000000002,7.6000000000000005,1,1,1,23,0.33427769024408127,1.32879962323648,1.6353283929680873,0.676513671875,0.14600133895874023
500,2,72.96000000000002,7.6000000000000005,1,1,1,24,0.3382312155764285,1.1374912700175175,1.2274847284710517,0.837721586227417,0.1845395565032959
500,2,76.44000000000001,7.800000000000001,1,1,1,0,0.32826739743953315,1.0485765911892215,1.3071552896638716,0.6793467998504639,0.13248372077941895
500,2,76.44000000000001,7.800000000000001,1,1,1,1,0.41169544638765887,0.9652138311856394,1.2027258408544723,0.7154576778411865,0.16683244705200195
500,2,76.44000000000001,7.800000000000001,1,1,1,2,0.307887062780638,0.9656563385709882,1.0925912811262304,0.7491254806518555,0.1366124153137207
500,2,76.44000000000001,7.800000000000001,1,1,1,3,0.36760969135774446,1.0351959281779262,1.3654035345037978,0.7685494422912598,0.18619799613952637
500,2,76.44000000000001,7.800000000000001,1,1,1,4,0.3559486365359931,1.1215778779532002,1.3552358864672154,0.8087906837463379,0.1387500762939453
500,2,76.44000000000001,7.800000000000001,1,1,1,5,0.3537807216901948,0.9509612591242222,1.1591411855012757,0.6272275447845459,0.13905835151672363
500,2,76.44000000000001,7.800000000000001,1,1,1,6,0.3573208442860691,0.9897515662055651,1.2638967195802253,0.6810274124145508,0.13390779495239258
500,2,76.44000000000001,7.800000000000001,1,1,1,7,0.3792056193283804,1.1246897920185652,1.2817209963785543,0.6961302757263184,0.15016674995422363
500,2,76.44000000000001,7.800000000000001,1,1,1,8,0.37599183374854506,1.0418095268915628,1.2564409365129745,0.9361073970794678,0.2023313045501709
500,2,76.44000000000001,7.800000000000001,1,1,1,9,0.3527428128995215,1.0442666749803466,1.2195794826989315,0.7530012130737305,0.14852476119995117
500,2,76.44000000000001,7.800000000000001,1,1,1,10,0.35021166795331166,0.9934461969695628,1.2551067689991653,0.6844906806945801,0.14798712730407715
500,2,76.44000000000001,7.800000000000001,1,1,1,11,0.34635855778530494,1.0481295245471982,1.263994093387468,0.6575033664703369,0.12968873977661133
500,2,76.44000000000001,7.800000000000001,1,1,1,12,0.32299760430649976,1.1653725152115713,1.3847840832433906,0.7247288227081299,0.17041921615600586
500,2,76.44000000000001,7.800000000000001,1,1,1,13,0.33259018310700045,1.073914015342109,1.2116898886227587,0.8334560394287109,0.18470311164855957
500,2,76.44000000000001,7.800000000000001,1,1,1,14,0.39107743716487875,1.0594616172384312,1.3041681258034938,0.7081437110900879,0.1387162208557129
500,2,76.44000000000001,7.800000000000001,1,1,1,15,0.36978221924905663,1.0135929222137217,1.212672709715476,0.6508481502532959,0.1248321533203125
500,2,76.44000000000001,7.800000000000001,1,1,1,16,0.39435343567354103,1.078332422939902,1.3248602827191627,0.6277420520782471,0.12102222442626953
500,2,76.44000000000001,7.800000000000001,1,1,1,17,0.31868316521215345,1.0179428249179907,1.1574422107155882,0.7468669414520264,0.1871354579925537
500,2,76.44000000000001,7.800000000000001,1,1,1,18,0.3990040772784344,0.9235126983859311,1.222177951291698,0.8148751258850098,0.14057159423828125
500,2,76.44000000000001,7.800000000000001,1,1,1,19,0.3216289757306576,0.9917783123718452,1.165890450538102,0.683152437210083,0.1199638843536377
500,2,76.44000000000001,7.800000000000001,1,1,1,20,0.4023952046732804,1.0877365811068884,1.212972202750008,0.6365048885345459,0.1428685188293457
500,2,76.44000000000001,7.800000000000001,1,1,1,21,0.34314926461898704,1.256680974358404,1.5027811373361444,0.7558670043945312,0.15936684608459473
500,2,76.44000000000001,7.800000000000001,1,1,1,22,0.33558660124152345,0.9459524770666695,1.1624212053615501,0.8109376430511475,0.18407344818115234
500,2,76.44000000000001,7.800000000000001,1,1,1,23,0.39531678429900885,1.0070654710578641,1.1276565503837634,0.6969985961914062,0.1320512294769287
500,2,76.44000000000001,7.800000000000001,1,1,1,24,0.40207428152412655,1.198157427804081,1.4887713253802257,0.668541431427002,0.1558220386505127
