n,s1,1_p_s2,s2,beta,q,sqrt_q,rep_no,eigen_mat_rerr,eigen_mat_terr,eigen_mat_ev_time,eigen_mat_cal_translation_time
500,0.0,0.0,0.0,1,1,1,0,2.25137082970367e-14,2.1699180498159427e-14,0.36969947814941406,0.08206844329833984
500,0.0,0.0,0.0,1,1,1,1,1.2769797101727557e-14,2.2936519834554376e-14,0.3533339500427246,0.06352114677429199
500,0.0,0.0,0.0,1,1,1,2,1.872833559248653e-14,2.397876127519862e-14,0.3625056743621826,0.07641887664794922
500,0.0,0.0,0.0,1,1,1,3,1.4856094065038072e-14,1.8054356571964866e-14,0.3969435691833496,0.07070112228393555
500,0.0,0.0,0.0,1,1,1,4,1.9008192731420976e-14,1.742731902818358e-14,0.318040132522583,0.059967041015625
500,0.0,0.0,0.0,1,1,1,5,1.6494379881157052e-14,1.6637424562445553e-14,0.3096189498901367,0.0570063591003418
500,0.0,0.0,0.0,1,1,1,6,1.586892504684255e-14,1.1866409380345455e-14,0.30550384521484375,0.06112241744995117
500,0.0,0.0,0.0,1,1,1,7,1.294020183215013e-14,1.4839268731761574e-14,0.30922961235046387,0.05696249008178711
500,0.0,0.0,0.0,1,1,1,8,1.1869427794796252e-14,1.33579673163449e-14,0.2933225631713867,0.060497283935546875
500,0.0,0.0,0.0,1,1,1,9,2.0139687716070377e-14,1.4055952120294613e-14,0.32001781463623047,0.06107950210571289
500,0.0,0.0,0.0,1,1,1,10,1.6800830806989908e-14,1.4850452074460532e-14,0.37091779708862305,0.06869745254516602
500,0.0,0.0,0.0,1,1,1,11,1.221223248589312e-14,2.093940667457303e-14,0.31574320793151855,0.06757640838623047
500,0.0,0.0,0.0,1,1,1,12,1.5788019417342178e-14,1.5508190367649476e-14,0.3146083354949951,0.05778837203979492
500,0.0,0.0,0.0,1,1,1,13,9.458259646721978e-15,1.8082666982890257e-14,0.3180396556854248,0.05640053749084473
500,0.0,0.0,0.0,1,1,1,14,1.4104585027269267e-14,1.6773188315764162e-14,0.3188481330871582,0.05695843696594238
500,0.0,0.0,0.0,1,1,1,15,2.029500613992088e-14,2.5239938287811708e-14,0.3324310779571533,0.060965538024902344
500,0.0,0.0,0.0,1,1,1,16,1.7295176004035964e-14,1.33726582226646e-14,0.31580424308776855,0.05796933174133301
500,0.0,0.0,0.0,1,1,1,17,9.45015193111921e-15,1.0054110076634641e-14,0.3309013843536377,0.07970142364501953
500,0.0,0.0,0.0,1,1,1,18,1.4090310414655175e-14,9.331819134842534e-15,0.3546907901763916,0.06363677978515625
500,0.0,0.0,0.0,1,1,1,19,1.5005662493040393e-14,1.2291427472082641e-14,0.31320834159851074,0.06295990943908691
500,0.0,0.0,0.0,1,1,1,20,1.1259190882105294e-14,1.3128827357795176e-14,0.3298511505126953,0.05193305015563965
500,0.0,0.0,0.0,1,1,1,21,1.3856100696700044e-14,1.7798229048217483e-14,0.3210933208465576,0.06096363067626953
500,0.0,0.0,0.0,1,1,1,22,1.1734012222602155e-14,1.2531388807050426e-14,0.33396029472351074,0.05751967430114746
500,0.0,0.0,0.0,1,1,1,23,1.8407704616068712e-14,1.976695897494813e-14,0.36922526359558105,0.06965160369873047
500,0.0,0.0,0.0,1,1,1,24,1.1758395095369153e-14,1.4690118979680763e-14,0.3399686813354492,0.07019925117492676
500,0.2,0.08160000000000002,0.04000000000000001,1,1,1,0,0.020301615870042252,0.01557267795306329,0.3872334957122803,0.07133746147155762
500,0.2,0.08160000000000002,0.04000000000000001,1,1,1,1,0.02205205961541367,0.014727574181823647,0.31360507011413574,0.06601095199584961
500,0.2,0.08160000000000002,0.04000000000000001,1,1,1,2,0.022993658663667576,0.015968038298336706,0.33777499198913574,0.06359744071960449
500,0.2,0.08160000000000002,0.04000000000000001,1,1,1,3,0.01991113774163687,0.018891686821795796,0.3116874694824219,0.058027029037475586
500,0.2,0.08160000000000002,0.04000000000000001,1,1,1,4,0.02447755601889046,0.01667204347589728,0.32518839836120605,0.059964656829833984
500,0.2,0.08160000000000002,0.04000000000000001,1,1,1,5,0.0232428542410919,0.013608876596211227,0.31688523292541504,0.061699628829956055
500,0.2,0.08160000000000002,0.04000000000000001,1,1,1,6,0.018819145569886623,0.014203152006825998,0.34488725662231445,0.06795120239257812
500,0.2,0.08160000000000002,0.04000000000000001,1,1,1,7,0.025961538620475146,0.013090355576198143,0.3732302188873291,0.08470511436462402
500,0.2,0.08160000000000002,0.04000000000000001,1,1,1,8,0.02369761392065696,0.012924223843992997,0.3146646022796631,0.05596566200256348
500,0.2,0.08160000000000002,0.04000000000000001,1,1,1,9,0.02384269957795214,0.013028749115220964,0.30144739151000977,0.06900501251220703
500,0.2,0.08160000000000002,0.04000000000000001,1,1,1,10,0.020434748793974104,0.013051405680832719,0.4658937454223633,0.09862756729125977
500,0.2,0.08160000000000002,0.04000000000000001,1,1,1,11,0.02416149267912591,0.01358122395760618,0.46291661262512207,0.0995795726776123
500,0.2,0.08160000000000002,0.04000000000000001,1,1,1,12,0.020990048099795034,0.015774681018015786,0.4967367649078369,0.10507798194885254
500,0.2,0.08160000000000002,0.04000000000000001,1,1,1,13,0.02088564996102769,0.014926004241380176,0.5260350704193115,0.11381983757019043
500,0.2,0.08160000000000002,0.04000000000000001,1,1,1,14,0.021184585759527787,0.014006847944137795,0.6206908226013184,0.13361430168151855
500,0.2,0.08160000000000002,0.04000000000000001,1,1,1,15,0.02096083404525856,0.01763104502381832,0.49042224884033203,0.08846879005432129
500,0.2,0.08160000000000002,0.04000000000000001,1,1,1,16,0.02302892417701733,0.013778565678262019,0.4857759475708008,0.09555649757385254
500,0.2,0.08160000000000002,0.04000000000000001,1,1,1,17,0.02140779447725727,0.011654659945377122,0.4920191764831543,0.08855009078979492
500,0.2,0.08160000000000002,0.04000000000000001,1,1,1,18,0.021685843446590226,0.014403846294881678,0.48868370056152344,0.10461950302124023
500,0.2,0.08160000000000002,0.04000000000000001,1,1,1,19,0.02232848289825835,0.01429887420287868,0.6685788631439209,0.12263631820678711
500,0.2,0.08160000000000002,0.04000000000000001,1,1,1,20,0.02294575462876842,0.017594312220115076,0.4593336582183838,0.09565234184265137
500,0.2,0.08160000000000002,0.04000000000000001,1,1,1,21,0.021695012660604307,0.012637778868835523,0.43968796730041504,0.08065152168273926
500,0.2,0.08160000000000002,0.04000000000000001,1,1,1,22,0.020693201357117597,0.012283031991272678,0.45792603492736816,0.09721565246582031
500,0.2,0.08160000000000002,0.04000000000000001,1,1,1,23,0.023451250747585174,0.016753192077476393,0.564868688583374,0.10442113876342773
500,0.2,0.08160000000000002,0.04000000000000001,1,1,1,24,0.02113069581230876,0.014771542165516157,0.5336921215057373,0.10486555099487305
500,0.4,0.16640000000000005,0.08000000000000002,1,1,1,0,0.042004176137265294,0.03141538349317897,0.4692056179046631,0.09598684310913086
500,0.4,0.16640000000000005,0.08000000000000002,1,1,1,1,0.04398988387766486,0.04057893412323542,0.40627312660217285,0.07443451881408691
500,0.4,0.16640000000000005,0.08000000000000002,1,1,1,2,0.046359953666869715,0.02346473160429005,0.37476134300231934,0.0811619758605957
500,0.4,0.16640000000000005,0.08000000000000002,1,1,1,3,0.04874847362749236,0.031547382609339245,0.3745589256286621,0.06745076179504395
500,0.4,0.16640000000000005,0.08000000000000002,1,1,1,4,0.042038006538024815,0.02911661185330656,0.3681321144104004,0.07093667984008789
500,0.4,0.16640000000000005,0.08000000000000002,1,1,1,5,0.03993637980131911,0.03219201363389792,0.3746774196624756,0.07255697250366211
500,0.4,0.16640000000000005,0.08000000000000002,1,1,1,6,0.05284977583383966,0.02875097303989802,0.35267162322998047,0.06893706321716309
500,0.4,0.16640000000000005,0.08000000000000002,1,1,1,7,0.04305234046860914,0.025663383130445347,0.4485030174255371,0.09119749069213867
500,0.4,0.16640000000000005,0.08000000000000002,1,1,1,8,0.04079403337034597,0.027078259823745624,0.35006046295166016,0.06360268592834473
500,0.4,0.16640000000000005,0.08000000000000002,1,1,1,9,0.04744974589501788,0.028245720572725633,0.30884289741516113,0.05499124526977539
500,0.4,0.16640000000000005,0.08000000000000002,1,1,1,10,0.045329337791240105,0.033816168268453996,0.311687707901001,0.0586857795715332
500,0.4,0.16640000000000005,0.08000000000000002,1,1,1,11,0.050808755738037316,0.031008667715859747,0.34101223945617676,0.053444862365722656
500,0.4,0.16640000000000005,0.08000000000000002,1,1,1,12,0.04568036776614746,0.024055273379963053,0.32436132431030273,0.06092214584350586
500,0.4,0.16640000000000005,0.08000000000000002,1,1,1,13,0.04666463054924697,0.029607320195259138,0.3279731273651123,0.054280996322631836
500,0.4,0.16640000000000005,0.08000000000000002,1,1,1,14,0.0471038468967001,0.03488579033735721,0.3922417163848877,0.07545661926269531
500,0.4,0.16640000000000005,0.08000000000000002,1,1,1,15,0.05192522400904799,0.027679255884117307,0.45203590393066406,0.08517122268676758
500,0.4,0.16640000000000005,0.08000000000000002,1,1,1,16,0.042679275612760144,0.03291347228623239,0.33596086502075195,0.06342554092407227
500,0.4,0.16640000000000005,0.08000000000000002,1,1,1,17,0.05283595588019729,0.034761492238457106,0.36984968185424805,0.07206392288208008
500,0.4,0.16640000000000005,0.08000000000000002,1,1,1,18,0.04704233631553434,0.027657608068134554,0.34870362281799316,0.06392979621887207
500,0.4,0.16640000000000005,0.08000000000000002,1,1,1,19,0.046113294349625224,0.027651089918524302,0.3955836296081543,0.06680035591125488
500,0.4,0.16640000000000005,0.08000000000000002,1,1,1,20,0.04524227033204277,0.030671572616177353,0.3917694091796875,0.07449102401733398
500,0.4,0.16640000000000005,0.08000000000000002,1,1,1,21,0.04518032093063183,0.029011276312058448,0.41454029083251953,0.07832193374633789
500,0.4,0.16640000000000005,0.08000000000000002,1,1,1,22,0.04504978354097943,0.02850813171048424,0.5299084186553955,0.09192705154418945
500,0.4,0.16640000000000005,0.08000000000000002,1,1,1,23,0.04887337016060779,0.031527429673228614,0.4369697570800781,0.09239840507507324
500,0.4,0.16640000000000005,0.08000000000000002,1,1,1,24,0.044209674425634296,0.02800983227804274,0.5527844429016113,0.12071061134338379
500,0.6000000000000001,0.25440000000000007,0.12000000000000002,1,1,1,0,0.06519553353985556,0.03603570943300034,0.581437349319458,0.09904599189758301
500,0.6000000000000001,0.25440000000000007,0.12000000000000002,1,1,1,1,0.07379729388654252,0.038342678142831293,0.45569729804992676,0.0910036563873291
500,0.6000000000000001,0.25440000000000007,0.12000000000000002,1,1,1,2,0.06640543982831142,0.04555039322757554,0.5031394958496094,0.11356806755065918
500,0.6000000000000001,0.25440000000000007,0.12000000000000002,1,1,1,3,0.06604223592489797,0.04053802327710832,0.5910892486572266,0.1060800552368164
500,0.6000000000000001,0.25440000000000007,0.12000000000000002,1,1,1,4,0.064025097189456,0.04164405302229114,0.4568197727203369,0.08756184577941895
500,0.6000000000000001,0.25440000000000007,0.12000000000000002,1,1,1,5,0.06216797726419295,0.04644849131804821,0.4832472801208496,0.09341311454772949
500,0.6000000000000001,0.25440000000000007,0.12000000000000002,1,1,1,6,0.0655982382946009,0.037034800774962656,0.4637777805328369,0.10202336311340332
500,0.6000000000000001,0.25440000000000007,0.12000000000000002,1,1,1,7,0.06654561601642936,0.052257950013983374,0.42441773414611816,0.09227252006530762
500,0.6000000000000001,0.25440000000000007,0.12000000000000002,1,1,1,8,0.06911986921746976,0.04634906894840469,0.48142337799072266,0.0964052677154541
500,0.6000000000000001,0.25440000000000007,0.12000000000000002,1,1,1,9,0.06929913689773283,0.04532600833968143,0.5859386920928955,0.11374068260192871
500,0.6000000000000001,0.25440000000000007,0.12000000000000002,1,1,1,10,0.06708407436051896,0.06593285301849312,0.45143842697143555,0.08880376815795898
500,0.6000000000000001,0.25440000000000007,0.12000000000000002,1,1,1,11,0.06324122429017578,0.03949949530038949,0.4356570243835449,0.10028672218322754
500,0.6000000000000001,0.25440000000000007,0.12000000000000002,1,1,1,12,0.062049454314628626,0.041744526820731424,0.41343045234680176,0.0793614387512207
500,0.6000000000000001,0.25440000000000007,0.12000000000000002,1,1,1,13,0.0687838785289037,0.05200942798848509,0.43231725692749023,0.09555554389953613
500,0.6000000000000001,0.25440000000000007,0.12000000000000002,1,1,1,14,0.06657805284581514,0.03511027758688808,0.5175743103027344,0.10134220123291016
500,0.6000000000000001,0.25440000000000007,0.12000000000000002,1,1,1,15,0.07655931679968452,0.05792388799431591,0.5002186298370361,0.0900421142578125
500,0.6000000000000001,0.25440000000000007,0.12000000000000002,1,1,1,16,0.06592682776719036,0.03832002966909466,0.437039852142334,0.09510540962219238
500,0.6000000000000001,0.25440000000000007,0.12000000000000002,1,1,1,17,0.06533705790193804,0.043175375635695436,0.42714524269104004,0.0936274528503418
500,0.6000000000000001,0.25440000000000007,0.12000000000000002,1,1,1,18,0.06371248944562313,0.03901624507700421,0.4644486904144287,0.09148931503295898
500,0.6000000000000001,0.25440000000000007,0.12000000000000002,1,1,1,19,0.06295288130638252,0.050374247735249726,0.48379945755004883,0.0957798957824707
500,0.6000000000000001,0.25440000000000007,0.12000000000000002,1,1,1,20,0.06590041417115414,0.031749740287596084,0.5435037612915039,0.11196470260620117
500,0.6000000000000001,0.25440000000000007,0.12000000000000002,1,1,1,21,0.08359337750581686,0.055955560158607726,0.7004594802856445,0.16479873657226562
500,0.6000000000000001,0.25440000000000007,0.12000000000000002,1,1,1,22,0.0677101712676804,0.04520317551883269,0.5729706287384033,0.09760022163391113
500,0.6000000000000001,0.25440000000000007,0.12000000000000002,1,1,1,23,0.06415467892595118,0.04195893264841219,0.48218607902526855,0.09837460517883301
500,0.6000000000000001,0.25440000000000007,0.12000000000000002,1,1,1,24,0.06364600979601034,0.044375496912714835,0.4801654815673828,0.09461212158203125
500,0.8,0.3456000000000001,0.16000000000000003,1,1,1,0,0.09840361289291706,0.06903635322773513,0.43569374084472656,0.08483576774597168
500,0.8,0.3456000000000001,0.16000000000000003,1,1,1,1,0.08383183070239301,0.05644675022677037,0.5315375328063965,0.11166119575500488
500,0.8,0.3456000000000001,0.16000000000000003,1,1,1,2,0.08848946224408202,0.06489222594221612,0.5429542064666748,0.10082125663757324
500,0.8,0.3456000000000001,0.16000000000000003,1,1,1,3,0.08980620894379063,0.05187652759635541,0.5401065349578857,0.08259034156799316
500,0.8,0.3456000000000001,0.16000000000000003,1,1,1,4,0.08618621587002294,0.05284484479794378,0.43967580795288086,0.09044480323791504
500,0.8,0.3456000000000001,0.16000000000000003,1,1,1,5,0.08644877358738592,0.06329508225094331,0.45095157623291016,0.0902104377746582
500,0.8,0.3456000000000001,0.16000000000000003,1,1,1,6,0.09289279402643592,0.05498456117935989,0.4549744129180908,0.07940387725830078
500,0.8,0.3456000000000001,0.16000000000000003,1,1,1,7,0.0946930656490687,0.05453634316492738,0.5391490459442139,0.08461666107177734
500,0.8,0.3456000000000001,0.16000000000000003,1,1,1,8,0.07620771607505089,0.06669207691469094,0.5082685947418213,0.09516739845275879
500,0.8,0.3456000000000001,0.16000000000000003,1,1,1,9,0.09526081990945665,0.06408939020996529,0.45998668670654297,0.06591176986694336
500,0.8,0.3456000000000001,0.16000000000000003,1,1,1,10,0.093954267785156,0.07411875191751363,0.4223599433898926,0.08661103248596191
500,0.8,0.3456000000000001,0.16000000000000003,1,1,1,11,0.08103486164982199,0.07027838382641129,0.4150969982147217,0.07875204086303711
500,0.8,0.3456000000000001,0.16000000000000003,1,1,1,12,0.09327696249947136,0.06250264049253008,0.39460325241088867,0.07612943649291992
500,0.8,0.3456000000000001,0.16000000000000003,1,1,1,13,0.09518702508265332,0.061395410425556476,0.4051690101623535,0.08755159378051758
500,0.8,0.3456000000000001,0.16000000000000003,1,1,1,14,0.0769982540963051,0.05445898782493555,0.4040405750274658,0.09276151657104492
500,0.8,0.3456000000000001,0.16000000000000003,1,1,1,15,0.0817444168664781,0.07447518304789488,0.5162680149078369,0.08096933364868164
500,0.8,0.3456000000000001,0.16000000000000003,1,1,1,16,0.09220607129778058,0.06594245912816223,0.42701101303100586,0.06390905380249023
500,0.8,0.3456000000000001,0.16000000000000003,1,1,1,17,0.0855716852047356,0.06601596597280598,0.3980889320373535,0.07448339462280273
500,0.8,0.3456000000000001,0.16000000000000003,1,1,1,18,0.09939062794027516,0.06309103094964817,0.40508604049682617,0.07036042213439941
500,0.8,0.3456000000000001,0.16000000000000003,1,1,1,19,0.07915448469350034,0.05690984223816343,0.41118812561035156,0.06452226638793945
500,0.8,0.3456000000000001,0.16000000000000003,1,1,1,20,0.09309979020915493,0.07421997719163358,0.40451693534851074,0.06262993812561035
500,0.8,0.3456000000000001,0.16000000000000003,1,1,1,21,0.08057765901825525,0.06653901880869349,0.49365687370300293,0.09242582321166992
500,0.8,0.3456000000000001,0.16000000000000003,1,1,1,22,0.09178075397261844,0.05514003535040956,0.4013786315917969,0.07638287544250488
500,0.8,0.3456000000000001,0.16000000000000003,1,1,1,23,0.08074897891099665,0.04910343852973695,0.4053037166595459,0.06642436981201172
500,0.8,0.3456000000000001,0.16000000000000003,1,1,1,24,0.07896054840719104,0.052691495577279014,0.39833641052246094,0.07758855819702148
500,1.0,0.44000000000000006,0.2,1,1,1,0,0.10266755428692707,0.06493103217137992,0.4549708366394043,0.07250261306762695
500,1.0,0.44000000000000006,0.2,1,1,1,1,0.11094820521893695,0.08850254142063359,0.4514799118041992,0.08757901191711426
500,1.0,0.44000000000000006,0.2,1,1,1,2,0.11297028249365354,0.085531816805845,0.4846622943878174,0.08906912803649902
500,1.0,0.44000000000000006,0.2,1,1,1,3,0.13051529202754378,0.0730752988678644,0.5651953220367432,0.10357451438903809
500,1.0,0.44000000000000006,0.2,1,1,1,4,0.10416029977322805,0.08470907074726153,0.5520098209381104,0.0894923210144043
500,1.0,0.44000000000000006,0.2,1,1,1,5,0.11384462592274186,0.07448475552869512,0.5801284313201904,0.07943940162658691
500,1.0,0.44000000000000006,0.2,1,1,1,6,0.11753627437999314,0.07248252059735513,0.554509162902832,0.10660505294799805
500,1.0,0.44000000000000006,0.2,1,1,1,7,0.104799736711996,0.08741944260657937,0.5298264026641846,0.12446951866149902
500,1.0,0.44000000000000006,0.2,1,1,1,8,0.12967561463218535,0.07963338736836152,0.6014206409454346,0.12158322334289551
500,1.0,0.44000000000000006,0.2,1,1,1,9,0.10835351917581902,0.08328065914402172,0.7433104515075684,0.13546013832092285
500,1.0,0.44000000000000006,0.2,1,1,1,10,0.10735702315713547,0.09701883433727065,0.5836749076843262,0.08954930305480957
500,1.0,0.44000000000000006,0.2,1,1,1,11,0.11171412507130128,0.07419170385852204,0.5186805725097656,0.12087273597717285
500,1.0,0.44000000000000006,0.2,1,1,1,12,0.1053315936486868,0.07628869875165088,0.5187275409698486,0.10350942611694336
500,1.0,0.44000000000000006,0.2,1,1,1,13,0.11293904352160254,0.09992957022235141,0.584949254989624,0.09311890602111816
500,1.0,0.44000000000000006,0.2,1,1,1,14,0.11004389561489171,0.09138832187047267,0.688978910446167,0.11757040023803711
500,1.0,0.44000000000000006,0.2,1,1,1,15,0.11153839489933084,0.0686566510358732,0.5454373359680176,0.10248279571533203
500,1.0,0.44000000000000006,0.2,1,1,1,16,0.10638382683559162,0.08847367551369045,0.5803556442260742,0.0995321273803711
500,1.0,0.44000000000000006,0.2,1,1,1,17,0.10421330529796967,0.10050232129059579,0.6289424896240234,0.11761856079101562
500,1.0,0.44000000000000006,0.2,1,1,1,18,0.11805976041526799,0.09958237610323943,0.6443061828613281,0.12169718742370605
500,1.0,0.44000000000000006,0.2,1,1,1,19,0.11475385730503185,0.06499155866484915,0.7000877857208252,0.1277303695678711
500,1.0,0.44000000000000006,0.2,1,1,1,20,0.11789000599734055,0.07027529803953571,0.5203371047973633,0.11576676368713379
500,1.0,0.44000000000000006,0.2,1,1,1,21,0.10912402176781037,0.06940731028446809,0.5610520839691162,0.1107945442199707
500,1.0,0.44000000000000006,0.2,1,1,1,22,0.12963878187752265,0.08151359693836442,0.5652360916137695,0.10445404052734375
500,1.0,0.44000000000000006,0.2,1,1,1,23,0.10072006224524965,0.08350603862282065,0.5638208389282227,0.08841419219970703
500,1.0,0.44000000000000006,0.2,1,1,1,24,0.11856396429497754,0.0716662732720893,0.6051998138427734,0.13398432731628418
500,1.2000000000000002,0.5376000000000002,0.24000000000000005,1,1,1,0,0.1431265250231174,0.07788037460971096,0.7382557392120361,0.11451935768127441
500,1.2000000000000002,0.5376000000000002,0.24000000000000005,1,1,1,1,0.13290120823575075,0.0869662943045324,0.5204892158508301,0.09952473640441895
500,1.2000000000000002,0.5376000000000002,0.24000000000000005,1,1,1,2,0.12184681103793227,0.07936302233865404,0.5280776023864746,0.10998702049255371
500,1.2000000000000002,0.5376000000000002,0.24000000000000005,1,1,1,3,0.1372897151495592,0.08715061037405285,0.5196056365966797,0.11148929595947266
500,1.2000000000000002,0.5376000000000002,0.24000000000000005,1,1,1,4,0.12189898796030468,0.09259188291330539,0.5379631519317627,0.10639262199401855
500,1.2000000000000002,0.5376000000000002,0.24000000000000005,1,1,1,5,0.12423372207079786,0.0883083591593072,0.6214590072631836,0.11869192123413086
500,1.2000000000000002,0.5376000000000002,0.24000000000000005,1,1,1,6,0.12417445452395115,0.08931393745067996,0.6974105834960938,0.09196329116821289
500,1.2000000000000002,0.5376000000000002,0.24000000000000005,1,1,1,7,0.13415510512297427,0.09354221416063743,0.5743522644042969,0.09753131866455078
500,1.2000000000000002,0.5376000000000002,0.24000000000000005,1,1,1,8,0.1363310216012049,0.08533900807396365,0.5464005470275879,0.09949612617492676
500,1.2000000000000002,0.5376000000000002,0.24000000000000005,1,1,1,9,0.1263870887042573,0.08827119156650223,0.5130298137664795,0.10047101974487305
500,1.2000000000000002,0.5376000000000002,0.24000000000000005,1,1,1,10,0.14814628852376027,0.08672797777816842,0.5741403102874756,0.1405506134033203
500,1.2000000000000002,0.5376000000000002,0.24000000000000005,1,1,1,11,0.11321751204422341,0.09661388453997401,0.6449940204620361,0.12144637107849121
500,1.2000000000000002,0.5376000000000002,0.24000000000000005,1,1,1,12,0.12898282298255861,0.08341160590917307,0.5709700584411621,0.10873055458068848
500,1.2000000000000002,0.5376000000000002,0.24000000000000005,1,1,1,13,0.1354184936499235,0.08638816765892032,0.6049659252166748,0.12820196151733398
500,1.2000000000000002,0.5376000000000002,0.24000000000000005,1,1,1,14,0.16075779890155797,0.0757960765203835,0.4925520420074463,0.09939765930175781
500,1.2000000000000002,0.5376000000000002,0.24000000000000005,1,1,1,15,0.12010867243827833,0.07768251592798414,0.624276876449585,0.08960700035095215
500,1.2000000000000002,0.5376000000000002,0.24000000000000005,1,1,1,16,0.13032895490298207,0.09544849099527546,0.662294864654541,0.1271064281463623
500,1.2000000000000002,0.5376000000000002,0.24000000000000005,1,1,1,17,0.14759735956079598,0.0981310943591031,0.49286937713623047,0.11415696144104004
500,1.2000000000000002,0.5376000000000002,0.24000000000000005,1,1,1,18,0.13126040800207772,0.07950092817292306,0.513918399810791,0.11221933364868164
500,1.2000000000000002,0.5376000000000002,0.24000000000000005,1,1,1,19,0.13888410116194894,0.11275382497959249,0.531794548034668,0.10764527320861816
500,1.2000000000000002,0.5376000000000002,0.24000000000000005,1,1,1,20,0.12249792450524004,0.09371615185088568,0.49752163887023926,0.10118484497070312
500,1.2000000000000002,0.5376000000000002,0.24000000000000005,1,1,1,21,0.12613279465829869,0.07774179495193557,0.5866267681121826,0.1207437515258789
500,1.2000000000000002,0.5376000000000002,0.24000000000000005,1,1,1,22,0.12178082943243841,0.09249836562786387,0.7112901210784912,0.09543466567993164
500,1.2000000000000002,0.5376000000000002,0.24000000000000005,1,1,1,23,0.1894201419377454,0.08524276815911257,0.5009191036224365,0.11793351173400879
500,1.2000000000000002,0.5376000000000002,0.24000000000000005,1,1,1,24,0.16863161301633856,0.08610693317574172,0.5272965431213379,0.0925295352935791
500,1.4000000000000001,0.6384000000000001,0.28,1,1,1,0,0.19022312186576248,0.08891531829806877,0.49212145805358887,0.09533309936523438
500,1.4000000000000001,0.6384000000000001,0.28,1,1,1,1,0.14495712487166454,0.10203626911621999,0.5410566329956055,0.10509943962097168
500,1.4000000000000001,0.6384000000000001,0.28,1,1,1,2,0.16437763684557852,0.10826608890945486,0.5244302749633789,0.12117791175842285
500,1.4000000000000001,0.6384000000000001,0.28,1,1,1,3,0.1477622313952404,0.10716528667191184,0.6112203598022461,0.08618545532226562
500,1.4000000000000001,0.6384000000000001,0.28,1,1,1,4,0.16722846606189729,0.0851557017637616,0.44728565216064453,0.08751916885375977
500,1.4000000000000001,0.6384000000000001,0.28,1,1,1,5,0.1633497508055284,0.09464694862185324,0.5211899280548096,0.09949302673339844
500,1.4000000000000001,0.6384000000000001,0.28,1,1,1,6,0.1471249290819049,0.09632294481245533,0.4449291229248047,0.09962940216064453
500,1.4000000000000001,0.6384000000000001,0.28,1,1,1,7,0.16897699681992975,0.09107467739828862,0.45305752754211426,0.08982563018798828
500,1.4000000000000001,0.6384000000000001,0.28,1,1,1,8,0.1724901443870691,0.10446664454799631,0.5127713680267334,0.10193872451782227
500,1.4000000000000001,0.6384000000000001,0.28,1,1,1,9,0.1361212742251654,0.09453030964355454,0.6126041412353516,0.106658935546875
500,1.4000000000000001,0.6384000000000001,0.28,1,1,1,10,0.14501538133124475,0.09504512783886462,0.4873514175415039,0.07848787307739258
500,1.4000000000000001,0.6384000000000001,0.28,1,1,1,11,0.16102836404884316,0.1279394165239288,0.4673495292663574,0.08753800392150879
500,1.4000000000000001,0.6384000000000001,0.28,1,1,1,12,0.17075800986264592,0.11426337478379706,0.45879149436950684,0.08351945877075195
500,1.4000000000000001,0.6384000000000001,0.28,1,1,1,13,0.18141525337886502,0.15593518980876042,0.4263570308685303,0.08533978462219238
500,1.4000000000000001,0.6384000000000001,0.28,1,1,1,14,0.17513931703682692,0.09619762407506992,0.4322178363800049,0.08683919906616211
500,1.4000000000000001,0.6384000000000001,0.28,1,1,1,15,0.18110768616168102,0.10524868690123167,0.48837995529174805,0.08666253089904785
500,1.4000000000000001,0.6384000000000001,0.28,1,1,1,16,0.1461323216279803,0.12568748043390768,0.40181541442871094,0.08004283905029297
500,1.4000000000000001,0.6384000000000001,0.28,1,1,1,17,0.14222861013156426,0.10051332404205274,0.40273213386535645,0.09446406364440918
500,1.4000000000000001,0.6384000000000001,0.28,1,1,1,18,0.14764226337318012,0.09230651992828608,0.38647007942199707,0.0786893367767334
500,1.4000000000000001,0.6384000000000001,0.28,1,1,1,19,0.1470657220990702,0.08615827953003158,0.41675686836242676,0.08197855949401855
500,1.4000000000000001,0.6384000000000001,0.28,1,1,1,20,0.15422458049251192,0.11046806703160139,0.5013768672943115,0.06246495246887207
500,1.4000000000000001,0.6384000000000001,0.28,1,1,1,21,0.1471807000076978,0.11440054941437179,0.4497561454772949,0.09618139266967773
500,1.4000000000000001,0.6384000000000001,0.28,1,1,1,22,0.16922304570574506,0.12728124775973337,0.48589181900024414,0.0882730484008789
500,1.4000000000000001,0.6384000000000001,0.28,1,1,1,23,0.14916184296660173,0.13311925633181185,0.40577268600463867,0.08242654800415039
500,1.4000000000000001,0.6384000000000001,0.28,1,1,1,24,0.15834090494175657,0.10445618705059477,0.38587236404418945,0.07750844955444336
500,1.6,0.7424000000000003,0.32000000000000006,1,1,1,0,0.17013678244303101,0.1167517216527828,0.3784220218658447,0.07397246360778809
500,1.6,0.7424000000000003,0.32000000000000006,1,1,1,1,0.1825020159137814,0.11813954634150131,0.36613893508911133,0.08380961418151855
500,1.6,0.7424000000000003,0.32000000000000006,1,1,1,2,0.21165930196384045,0.137150482603419,0.36829209327697754,0.08463335037231445
500,1.6,0.7424000000000003,0.32000000000000006,1,1,1,3,0.16177993882206382,0.11796475243892492,0.4532032012939453,0.0773172378540039
500,1.6,0.7424000000000003,0.32000000000000006,1,1,1,4,0.16309642308100383,0.11677809324061396,0.4464232921600342,0.09205007553100586
500,1.6,0.7424000000000003,0.32000000000000006,1,1,1,5,0.16961723232360265,0.10844945702062289,0.3685328960418701,0.07751107215881348
500,1.6,0.7424000000000003,0.32000000000000006,1,1,1,6,0.16527978327579795,0.11236404473179291,0.3467702865600586,0.0737297534942627
500,1.6,0.7424000000000003,0.32000000000000006,1,1,1,7,0.16757390289609952,0.1287534112577344,0.4143977165222168,0.07307744026184082
500,1.6,0.7424000000000003,0.32000000000000006,1,1,1,8,0.17149560719144666,0.10208691296146138,0.45504331588745117,0.08050036430358887
500,1.6,0.7424000000000003,0.32000000000000006,1,1,1,9,0.16030104617266605,0.10284376138481838,0.42961835861206055,0.10158896446228027
500,1.6,0.7424000000000003,0.32000000000000006,1,1,1,10,0.1981147191247723,0.10706943323985618,0.7303910255432129,0.11760711669921875
500,1.6,0.7424000000000003,0.32000000000000006,1,1,1,11,0.17842910588721209,0.10045907597225559,0.6837778091430664,0.09849810600280762
500,1.6,0.7424000000000003,0.32000000000000006,1,1,1,12,0.15807400581544018,0.11160745947540127,0.5616610050201416,0.09766364097595215
500,1.6,0.7424000000000003,0.32000000000000006,1,1,1,13,0.1687464239265792,0.11933187830169754,0.630662202835083,0.12263035774230957
500,1.6,0.7424000000000003,0.32000000000000006,1,1,1,14,0.16991780912240362,0.14069373841026722,0.5647289752960205,0.0974874496459961
500,1.6,0.7424000000000003,0.32000000000000006,1,1,1,15,0.16979052775176903,0.1097560298980236,0.6562471389770508,0.12669801712036133
500,1.6,0.7424000000000003,0.32000000000000006,1,1,1,16,0.18333659777854242,0.12682686192196388,0.6798162460327148,0.14405417442321777
500,1.6,0.7424000000000003,0.32000000000000006,1,1,1,17,0.16713390358268945,0.12708767937025392,0.6315398216247559,0.08823251724243164
500,1.6,0.7424000000000003,0.32000000000000006,1,1,1,18,0.18756968978442057,0.10592645424509088,0.5867772102355957,0.09246611595153809
500,1.6,0.7424000000000003,0.32000000000000006,1,1,1,19,0.19281393808748354,0.11604163036423501,0.5604596138000488,0.1156928539276123
500,1.6,0.7424000000000003,0.32000000000000006,1,1,1,20,0.18401578799179844,0.12194056638440783,0.6248469352722168,0.12639307975769043
500,1.6,0.7424000000000003,0.32000000000000006,1,1,1,21,0.1854162586581199,0.15545873050628822,0.7612767219543457,0.1326148509979248
500,1.6,0.7424000000000003,0.32000000000000006,1,1,1,22,0.18211979670282868,0.09736253886113007,0.5573992729187012,0.09945082664489746
500,1.6,0.7424000000000003,0.32000000000000006,1,1,1,23,0.19692729316605595,0.1187715701081494,0.5572359561920166,0.11757397651672363
500,1.6,0.7424000000000003,0.32000000000000006,1,1,1,24,0.18762763927349868,0.13033800956785419,0.5659661293029785,0.10662555694580078
500,1.8,0.8496,0.36000000000000004,1,1,1,0,0.1876239230961573,0.1304063289089726,0.5986423492431641,0.09142899513244629
500,1.8,0.8496,0.36000000000000004,1,1,1,1,0.1787287807432191,0.12840616203917973,0.7123124599456787,0.12065577507019043
500,1.8,0.8496,0.36000000000000004,1,1,1,2,0.2167586537305174,0.12854228732478973,0.5577065944671631,0.10165238380432129
500,1.8,0.8496,0.36000000000000004,1,1,1,3,0.17855492158441522,0.16904063448366455,0.5499863624572754,0.10352206230163574
500,1.8,0.8496,0.36000000000000004,1,1,1,4,0.18889315073494523,0.12028654652516096,0.5883011817932129,0.09214305877685547
500,1.8,0.8496,0.36000000000000004,1,1,1,5,0.1745380843742587,0.13150010864671224,0.6470193862915039,0.11993217468261719
500,1.8,0.8496,0.36000000000000004,1,1,1,6,0.19205450684822403,0.11262442268957945,0.5906298160552979,0.14186549186706543
500,1.8,0.8496,0.36000000000000004,1,1,1,7,0.19817990911866798,0.11933206531868307,0.672555685043335,0.11370134353637695
500,1.8,0.8496,0.36000000000000004,1,1,1,8,0.19536933401555337,0.1338009791838967,0.49737548828125,0.10258054733276367
500,1.8,0.8496,0.36000000000000004,1,1,1,9,0.20308577342352901,0.13159506160152729,0.5005998611450195,0.09649825096130371
500,1.8,0.8496,0.36000000000000004,1,1,1,10,0.2197711890419262,0.1372392690761861,0.4952402114868164,0.10400915145874023
500,1.8,0.8496,0.36000000000000004,1,1,1,11,0.18134314846531271,0.12838959574886258,0.5002434253692627,0.11459612846374512
500,1.8,0.8496,0.36000000000000004,1,1,1,12,0.186723584807454,0.12430255043050191,0.6981592178344727,0.1336984634399414
500,1.8,0.8496,0.36000000000000004,1,1,1,13,0.21980530950278054,0.13157133426544265,0.5048336982727051,0.11411190032958984
500,1.8,0.8496,0.36000000000000004,1,1,1,14,0.2025749388749256,0.11453126954179306,0.5353493690490723,0.10048604011535645
500,1.8,0.8496,0.36000000000000004,1,1,1,15,0.21449635270033932,0.12268758283740946,0.5438048839569092,0.09495997428894043
500,1.8,0.8496,0.36000000000000004,1,1,1,16,0.2122906899616148,0.14755087173991455,0.4999887943267822,0.10148859024047852
500,1.8,0.8496,0.36000000000000004,1,1,1,17,0.1916847907525659,0.15732163411887748,0.5581955909729004,0.12844157218933105
500,1.8,0.8496,0.36000000000000004,1,1,1,18,0.20060489576071697,0.12619003226002715,0.693195104598999,0.09794831275939941
500,1.8,0.8496,0.36000000000000004,1,1,1,19,0.18816267075049653,0.11119908638246297,0.525456428527832,0.1202242374420166
500,1.8,0.8496,0.36000000000000004,1,1,1,20,0.1989086825083977,0.17495267551218663,0.5227062702178955,0.11888241767883301
500,1.8,0.8496,0.36000000000000004,1,1,1,21,0.21977073720657087,0.12169553707004432,0.5065758228302002,0.12102484703063965
500,1.8,0.8496,0.36000000000000004,1,1,1,22,0.1966724416043948,0.13301990252150486,0.4777674674987793,0.12594270706176758
500,1.8,0.8496,0.36000000000000004,1,1,1,23,0.18420696843032067,0.13750752676645092,0.565056324005127,0.1364424228668213
500,1.8,0.8496,0.36000000000000004,1,1,1,24,0.2099924588523648,0.14169154663594463,0.7187139987945557,0.12330842018127441
500,2.0,0.96,0.4,1,1,1,0,0.23884133172765518,0.12729264032716944,0.6194665431976318,0.12039399147033691
500,2.0,0.96,0.4,1,1,1,1,0.2388438501555641,0.11279965705005411,0.596583366394043,0.13265514373779297
500,2.0,0.96,0.4,1,1,1,2,0.22311447497144674,0.15501303498907407,0.5557422637939453,0.1120138168334961
500,2.0,0.96,0.4,1,1,1,3,0.21853079692034297,0.1728803719268332,0.6144566535949707,0.1095895767211914
500,2.0,0.96,0.4,1,1,1,4,0.21969391938821997,0.20745517243454992,0.6242218017578125,0.13491439819335938
500,2.0,0.96,0.4,1,1,1,5,0.25721499345250987,0.13857350436815272,0.5071218013763428,0.11367964744567871
500,2.0,0.96,0.4,1,1,1,6,0.2109933176650482,0.13899304337486731,0.5200459957122803,0.10527563095092773
500,2.0,0.96,0.4,1,1,1,7,0.21433887862060483,0.1507978323701228,0.4749882221221924,0.10824465751647949
500,2.0,0.96,0.4,1,1,1,8,0.1992769527685144,0.1507586881013362,0.496539831161499,0.09841108322143555
500,2.0,0.96,0.4,1,1,1,9,0.20347560497459533,0.1911412642339873,0.708683967590332,0.11127829551696777
500,2.0,0.96,0.4,1,1,1,10,0.2138342748366927,0.16761500757055653,0.5603032112121582,0.09661436080932617
500,2.0,0.96,0.4,1,1,1,11,0.22740789825211052,0.12543402351609714,0.5357937812805176,0.10732412338256836
500,2.0,0.96,0.4,1,1,1,12,0.21780471608315374,0.15821947811912224,0.5403158664703369,0.0956571102142334
500,2.0,0.96,0.4,1,1,1,13,0.20444227625081818,0.12680477080059485,0.5503749847412109,0.10049247741699219
500,2.0,0.96,0.4,1,1,1,14,0.21980958288997307,0.12466439394748505,0.5717558860778809,0.10306191444396973
500,2.0,0.96,0.4,1,1,1,15,0.23097791239272272,0.15872339978735803,0.6696300506591797,0.11787843704223633
500,2.0,0.96,0.4,1,1,1,16,0.22478571120315066,0.1838466235000162,0.564276933670044,0.08745646476745605
500,2.0,0.96,0.4,1,1,1,17,0.24676558118666653,0.19958018572272693,0.5817804336547852,0.09702324867248535
500,2.0,0.96,0.4,1,1,1,18,0.21604201154301994,0.17420760183904746,0.5621700286865234,0.08726668357849121
500,2.0,0.96,0.4,1,1,1,19,0.20740959891521699,0.12606159465412572,0.6532845497131348,0.0993349552154541
500,2.0,0.96,0.4,1,1,1,20,0.2259522546847193,0.14698190612556183,0.8583188056945801,0.14056849479675293
500,2.0,0.96,0.4,1,1,1,21,0.20620065578376265,0.14500388443595325,0.6448686122894287,0.13423728942871094
500,2.0,0.96,0.4,1,1,1,22,0.2729312606377357,0.1245634447627396,0.4956545829772949,0.10821127891540527
500,2.0,0.96,0.4,1,1,1,23,0.204494813682759,0.1720766785907156,0.5496282577514648,0.10603857040405273
500,2.0,0.96,0.4,1,1,1,24,0.2247327415933122,0.1451999516656013,0.5110330581665039,0.1160585880279541
500,2.2,1.0736,0.44000000000000006,1,1,1,0,0.23431147043456335,0.1802319022528903,0.5820286273956299,0.12972378730773926
500,2.2,1.0736,0.44000000000000006,1,1,1,1,0.25273441930932217,0.13795861941854148,0.6071615219116211,0.11790752410888672
500,2.2,1.0736,0.44000000000000006,1,1,1,2,0.22600356100219252,0.15754027665145803,0.5094051361083984,0.1135709285736084
500,2.2,1.0736,0.44000000000000006,1,1,1,3,0.24412327554610314,0.15924293843911574,0.5148887634277344,0.10849261283874512
500,2.2,1.0736,0.44000000000000006,1,1,1,4,0.2786877862598668,0.14722604637098505,0.526728630065918,0.08809661865234375
500,2.2,1.0736,0.44000000000000006,1,1,1,5,0.2407916117471109,0.1555870131665667,0.5000813007354736,0.1149449348449707
500,2.2,1.0736,0.44000000000000006,1,1,1,6,0.24271632631094534,0.1622180884400098,0.6447904109954834,0.11774611473083496
500,2.2,1.0736,0.44000000000000006,1,1,1,7,0.2868804902039491,0.18586447363188233,0.6573426723480225,0.13226652145385742
500,2.2,1.0736,0.44000000000000006,1,1,1,8,0.23731334416579652,0.16013206221066242,0.49402451515197754,0.12598657608032227
500,2.2,1.0736,0.44000000000000006,1,1,1,9,0.24578792503519914,0.15582946750369417,0.5136401653289795,0.09469747543334961
500,2.2,1.0736,0.44000000000000006,1,1,1,10,0.24484887617221723,0.15860140084718477,0.5366044044494629,0.11638283729553223
500,2.2,1.0736,0.44000000000000006,1,1,1,11,0.27492435556074385,0.1885792416745067,0.5491211414337158,0.12036514282226562
500,2.2,1.0736,0.44000000000000006,1,1,1,12,0.2556212865356876,0.1593903524539017,0.6508080959320068,0.12591767311096191
500,2.2,1.0736,0.44000000000000006,1,1,1,13,0.2681755582750156,0.24608337102578984,0.5009055137634277,0.11713314056396484
500,2.2,1.0736,0.44000000000000006,1,1,1,14,0.20582976006162654,0.14614374632817653,0.4809541702270508,0.11392784118652344
500,2.2,1.0736,0.44000000000000006,1,1,1,15,0.2810750165251338,0.1789525314793789,0.4883921146392822,0.12039661407470703
500,2.2,1.0736,0.44000000000000006,1,1,1,16,0.24105809647639734,0.18230416379114997,0.5277554988861084,0.1486067771911621
500,2.2,1.0736,0.44000000000000006,1,1,1,17,0.25752796570970576,0.20610725880674335,0.7342493534088135,0.1326146125793457
500,2.2,1.0736,0.44000000000000006,1,1,1,18,0.23694513657008084,0.21061919787319516,0.48757195472717285,0.10006952285766602
500,2.2,1.0736,0.44000000000000006,1,1,1,19,0.26117992827032377,0.16755760008399623,0.5271339416503906,0.11151337623596191
500,2.2,1.0736,0.44000000000000006,1,1,1,20,0.26477168815222535,0.1427619894434394,0.5070846080780029,0.10062670707702637
500,2.2,1.0736,0.44000000000000006,1,1,1,21,0.24154140670223828,0.19416854323072635,0.45377206802368164,0.11782193183898926
500,2.2,1.0736,0.44000000000000006,1,1,1,22,0.22133376911854769,0.14988587453865165,0.5556783676147461,0.12914204597473145
500,2.2,1.0736,0.44000000000000006,1,1,1,23,0.24272144789822184,0.1520491708776236,0.7426400184631348,0.11998796463012695
500,2.2,1.0736,0.44000000000000006,1,1,1,24,0.2289169238870487,0.17761549218182898,0.49009275436401367,0.1176445484161377
500,2.4000000000000004,1.1904000000000001,0.4800000000000001,1,1,1,0,0.3196813790020179,0.1546801120442625,0.4794504642486572,0.1249094009399414
500,2.4000000000000004,1.1904000000000001,0.4800000000000001,1,1,1,1,0.3025077091685446,0.1754627455695027,0.5048213005065918,0.11764740943908691
500,2.4000000000000004,1.1904000000000001,0.4800000000000001,1,1,1,2,0.3074354271303127,0.15859307215707982,0.5199308395385742,0.10457158088684082
500,2.4000000000000004,1.1904000000000001,0.4800000000000001,1,1,1,3,0.3179056399467101,0.1500932545649888,0.6027724742889404,0.11659812927246094
500,2.4000000000000004,1.1904000000000001,0.4800000000000001,1,1,1,4,0.2564603976454172,0.18409071701297233,0.5493059158325195,0.08492183685302734
500,2.4000000000000004,1.1904000000000001,0.4800000000000001,1,1,1,5,0.29604403858605416,0.16324208954442057,0.5199580192565918,0.09793257713317871
500,2.4000000000000004,1.1904000000000001,0.4800000000000001,1,1,1,6,0.26488347571105786,0.15128765824060608,0.5063047409057617,0.08745408058166504
500,2.4000000000000004,1.1904000000000001,0.4800000000000001,1,1,1,7,0.261015920423332,0.17006765299521523,0.48427367210388184,0.10260343551635742
500,2.4000000000000004,1.1904000000000001,0.4800000000000001,1,1,1,8,0.2379819644316125,0.17057875284255972,0.5001780986785889,0.09351515769958496
500,2.4000000000000004,1.1904000000000001,0.4800000000000001,1,1,1,9,0.24530029225691355,0.16219206352024684,0.5558876991271973,0.12268614768981934
500,2.4000000000000004,1.1904000000000001,0.4800000000000001,1,1,1,10,0.23417339040336566,0.1621821391292748,0.5459585189819336,0.08597183227539062
500,2.4000000000000004,1.1904000000000001,0.4800000000000001,1,1,1,11,0.24662878055996423,0.17171754467679431,0.5455119609832764,0.10319662094116211
500,2.4000000000000004,1.1904000000000001,0.4800000000000001,1,1,1,12,0.27050302285544925,0.2453586927162465,0.6199812889099121,0.11429142951965332
500,2.4000000000000004,1.1904000000000001,0.4800000000000001,1,1,1,13,0.27227351034552366,0.17856870695390048,0.6346666812896729,0.13598251342773438
500,2.4000000000000004,1.1904000000000001,0.4800000000000001,1,1,1,14,0.25176712132900514,0.2738831040851165,0.5051958560943604,0.12924957275390625
500,2.4000000000000004,1.1904000000000001,0.4800000000000001,1,1,1,15,0.27391772189364955,0.1801677804100002,0.6296751499176025,0.1238713264465332
500,2.4000000000000004,1.1904000000000001,0.4800000000000001,1,1,1,16,0.25144971940960337,0.21500684623895341,0.49434590339660645,0.10259819030761719
500,2.4000000000000004,1.1904000000000001,0.4800000000000001,1,1,1,17,0.3016342374816578,0.1786083772646435,0.529212474822998,0.0856635570526123
500,2.4000000000000004,1.1904000000000001,0.4800000000000001,1,1,1,18,0.24424632457531995,0.17438821989629777,0.5139913558959961,0.12066936492919922
500,2.4000000000000004,1.1904000000000001,0.4800000000000001,1,1,1,19,0.2728502084417923,0.15031460708829472,0.5107824802398682,0.11333727836608887
500,2.4000000000000004,1.1904000000000001,0.4800000000000001,1,1,1,20,0.25867359957968444,0.14942279422639865,0.6662919521331787,0.13468289375305176
500,2.4000000000000004,1.1904000000000001,0.4800000000000001,1,1,1,21,0.23526910714813543,0.14726612072003614,0.5224599838256836,0.11638045310974121
500,2.4000000000000004,1.1904000000000001,0.4800000000000001,1,1,1,22,0.2927556883178869,0.20053001177691143,0.5168931484222412,0.1047050952911377
500,2.4000000000000004,1.1904000000000001,0.4800000000000001,1,1,1,23,0.2785427523252112,0.19214176519071272,0.5749375820159912,0.1124413013458252
500,2.4000000000000004,1.1904000000000001,0.4800000000000001,1,1,1,24,0.25349281980753197,0.20451166539823906,0.5398654937744141,0.11625361442565918
500,2.6,1.3104,0.52,1,1,1,0,0.27117278424390207,0.21450868923327174,0.5305061340332031,0.09217619895935059
500,2.6,1.3104,0.52,1,1,1,1,0.26613650933829575,0.27156592288622905,0.6356799602508545,0.11774969100952148
500,2.6,1.3104,0.52,1,1,1,2,0.3144721657337617,0.15140717311271998,0.5498921871185303,0.11144661903381348
500,2.6,1.3104,0.52,1,1,1,3,0.3455100594480299,0.2468768907555155,0.5504317283630371,0.10552382469177246
500,2.6,1.3104,0.52,1,1,1,4,0.2993819106176754,0.19940203262148012,0.5117127895355225,0.11272907257080078
500,2.6,1.3104,0.52,1,1,1,5,0.2919288068552632,0.22437491500436538,0.49143409729003906,0.11193561553955078
500,2.6,1.3104,0.52,1,1,1,6,0.3307436794237008,0.21497313795184955,0.6474008560180664,0.11854934692382812
500,2.6,1.3104,0.52,1,1,1,7,0.2993621254892995,0.17906679524981822,0.6027956008911133,0.12430071830749512
500,2.6,1.3104,0.52,1,1,1,8,0.3377272227501578,0.20140713659306095,0.5752480030059814,0.11060094833374023
500,2.6,1.3104,0.52,1,1,1,9,0.2946620999306216,0.1897332286021683,0.7199106216430664,0.11458444595336914
500,2.6,1.3104,0.52,1,1,1,10,0.3026206530553232,0.1901194151040751,0.5593278408050537,0.10449576377868652
500,2.6,1.3104,0.52,1,1,1,11,0.3140217129307935,0.19761534120604393,0.5529770851135254,0.10790467262268066
500,2.6,1.3104,0.52,1,1,1,12,0.27711390066023367,0.22679418571398707,0.6349971294403076,0.1225893497467041
500,2.6,1.3104,0.52,1,1,1,13,0.2764398374608622,0.16594799723068623,0.5559899806976318,0.0885610580444336
500,2.6,1.3104,0.52,1,1,1,14,0.2828065778715643,0.19851564153042014,0.590961217880249,0.08343935012817383
500,2.6,1.3104,0.52,1,1,1,15,0.2682866881564123,0.21857400067373536,0.5142159461975098,0.11638545989990234
500,2.6,1.3104,0.52,1,1,1,16,0.26917718926985085,0.15129664497145778,0.5537064075469971,0.11195707321166992
500,2.6,1.3104,0.52,1,1,1,17,0.2876526183169144,0.18892313584151182,0.7483561038970947,0.12142276763916016
500,2.6,1.3104,0.52,1,1,1,18,0.29758405104880825,0.16379083193235855,0.5611801147460938,0.10043859481811523
500,2.6,1.3104,0.52,1,1,1,19,0.29160603555046827,0.20944428429439144,0.570204496383667,0.09143233299255371
500,2.6,1.3104,0.52,1,1,1,20,0.28000023437206145,0.19566921508885893,0.5417685508728027,0.10378026962280273
500,2.6,1.3104,0.52,1,1,1,21,0.2795856916263319,0.18866364472679578,0.570460319519043,0.10376834869384766
500,2.6,1.3104,0.52,1,1,1,22,0.2806712618354472,0.2228371093475295,0.5615770816802979,0.12797927856445312
500,2.6,1.3104,0.52,1,1,1,23,0.2937949003757712,0.1921839783963393,0.6570608615875244,0.16074514389038086
500,2.6,1.3104,0.52,1,1,1,24,0.29609587156925676,0.18779798711216103,0.5834102630615234,0.09732985496520996
500,2.8000000000000003,1.4336000000000002,0.56,1,1,1,0,0.32002910784040217,0.18390802367325668,0.5341310501098633,0.09417366981506348
500,2.8000000000000003,1.4336000000000002,0.56,1,1,1,1,0.3679596793974046,0.24182172083771214,0.5990631580352783,0.11738252639770508
500,2.8000000000000003,1.4336000000000002,0.56,1,1,1,2,0.3453713674656146,0.2202141894571174,0.5241498947143555,0.10719633102416992
500,2.8000000000000003,1.4336000000000002,0.56,1,1,1,3,0.31776116662010234,0.2191853008363227,0.7348928451538086,0.136307954788208
500,2.8000000000000003,1.4336000000000002,0.56,1,1,1,4,0.29320362612116974,0.24223369058766064,0.6269500255584717,0.14145731925964355
500,2.8000000000000003,1.4336000000000002,0.56,1,1,1,5,0.35289348295414963,0.20629122735453065,0.51650071144104,0.1065053939819336
500,2.8000000000000003,1.4336000000000002,0.56,1,1,1,6,0.3741406626512813,0.209916375036393,0.5231187343597412,0.10960650444030762
500,2.8000000000000003,1.4336000000000002,0.56,1,1,1,7,0.3170000835991674,0.16752374799758732,0.5456700325012207,0.11471390724182129
500,2.8000000000000003,1.4336000000000002,0.56,1,1,1,8,0.33283180328557704,0.21658666889861863,0.6291224956512451,0.14860939979553223
500,2.8000000000000003,1.4336000000000002,0.56,1,1,1,9,0.3011534723303406,0.22317885335723586,0.6405911445617676,0.1274416446685791
500,2.8000000000000003,1.4336000000000002,0.56,1,1,1,10,0.2876871911479498,0.2060324155712702,0.5202925205230713,0.11608600616455078
500,2.8000000000000003,1.4336000000000002,0.56,1,1,1,11,0.3132597786090893,0.21487272429025053,0.5244815349578857,0.10256695747375488
500,2.8000000000000003,1.4336000000000002,0.56,1,1,1,12,0.29451715947582363,0.21558727560562066,0.5157670974731445,0.09948921203613281
500,2.8000000000000003,1.4336000000000002,0.56,1,1,1,13,0.277509248832561,0.28462904522243504,0.5306441783905029,0.11628293991088867
500,2.8000000000000003,1.4336000000000002,0.56,1,1,1,14,0.2931291796424863,0.22332430813357793,0.6465475559234619,0.13913655281066895
500,2.8000000000000003,1.4336000000000002,0.56,1,1,1,15,0.2824151806169023,0.24791124223539437,0.647324800491333,0.13063836097717285
500,2.8000000000000003,1.4336000000000002,0.56,1,1,1,16,0.3810318701514078,0.17409003908188272,0.5214991569519043,0.1005709171295166
500,2.8000000000000003,1.4336000000000002,0.56,1,1,1,17,0.28764627707001916,0.20451642742523357,0.552462100982666,0.0962367057800293
500,2.8000000000000003,1.4336000000000002,0.56,1,1,1,18,0.27698082647236333,0.20219136621933526,0.5809814929962158,0.11104297637939453
500,2.8000000000000003,1.4336000000000002,0.56,1,1,1,19,0.3819706287427196,0.21195810510189264,0.5384042263031006,0.1410961151123047
500,2.8000000000000003,1.4336000000000002,0.56,1,1,1,20,0.28977064774274686,0.2113187948971202,0.6702635288238525,0.11306977272033691
500,2.8000000000000003,1.4336000000000002,0.56,1,1,1,21,0.33138350627908425,0.2254215422587266,0.5215895175933838,0.09552407264709473
500,2.8000000000000003,1.4336000000000002,0.56,1,1,1,22,0.3177933614165496,0.2036784992032746,0.520056962966919,0.10149836540222168
500,2.8000000000000003,1.4336000000000002,0.56,1,1,1,23,0.2821574247726621,0.24608411306087336,0.5789024829864502,0.11150670051574707
500,2.8000000000000003,1.4336000000000002,0.56,1,1,1,24,0.31979667256026123,0.18433838208551775,0.611706018447876,0.10867738723754883
500,3.0,1.5600000000000003,0.6000000000000001,1,1,1,0,0.3363714829288403,0.19540339032499895,0.7807247638702393,0.1477370262145996
500,3.0,1.5600000000000003,0.6000000000000001,1,1,1,1,0.3187552314869686,0.24459606400133174,0.6163504123687744,0.0865943431854248
500,3.0,1.5600000000000003,0.6000000000000001,1,1,1,2,0.29419856287771046,0.21086592216711883,0.5668139457702637,0.09044313430786133
500,3.0,1.5600000000000003,0.6000000000000001,1,1,1,3,0.3176133645985903,0.2387443492682045,0.6073606014251709,0.09832954406738281
500,3.0,1.5600000000000003,0.6000000000000001,1,1,1,4,0.3255516583586832,0.23212217080488748,0.5844945907592773,0.1002655029296875
500,3.0,1.5600000000000003,0.6000000000000001,1,1,1,5,0.36916444678956795,0.18169874630394353,0.6547219753265381,0.12473058700561523
500,3.0,1.5600000000000003,0.6000000000000001,1,1,1,6,0.3713455712898502,0.2020131292561919,0.6447944641113281,0.09852147102355957
500,3.0,1.5600000000000003,0.6000000000000001,1,1,1,7,0.29946192796430804,0.2316126230362507,0.5995209217071533,0.09745621681213379
500,3.0,1.5600000000000003,0.6000000000000001,1,1,1,8,0.3782890077870786,0.22266206233481697,0.5910401344299316,0.10161852836608887
500,3.0,1.5600000000000003,0.6000000000000001,1,1,1,9,0.3207691461370503,0.21312300765992048,0.535161018371582,0.09121203422546387
500,3.0,1.5600000000000003,0.6000000000000001,1,1,1,10,0.29906324865005535,0.22360516119080337,0.5385818481445312,0.1333930492401123
500,3.0,1.5600000000000003,0.6000000000000001,1,1,1,11,0.3236903047241887,0.23443103605772625,0.7045586109161377,0.13271117210388184
500,3.0,1.5600000000000003,0.6000000000000001,1,1,1,12,0.3143502025825934,0.25940933941916355,0.5249967575073242,0.10462188720703125
500,3.0,1.5600000000000003,0.6000000000000001,1,1,1,13,0.31210407905844173,0.20546374346813903,0.5550482273101807,0.10347533226013184
500,3.0,1.5600000000000003,0.6000000000000001,1,1,1,14,0.3109537356999148,0.22290724331470438,0.5666556358337402,0.09445428848266602
500,3.0,1.5600000000000003,0.6000000000000001,1,1,1,15,0.4189491758479623,0.19046416922426906,0.5859835147857666,0.09647154808044434
500,3.0,1.5600000000000003,0.6000000000000001,1,1,1,16,0.31922522527197095,0.22128619459605145,0.576554536819458,0.13460540771484375
500,3.0,1.5600000000000003,0.6000000000000001,1,1,1,17,0.3161091182996001,0.23213089532031175,0.5735330581665039,0.11600232124328613
500,3.0,1.5600000000000003,0.6000000000000001,1,1,1,18,0.40512418393679067,0.22569111472524142,0.5130319595336914,0.1076054573059082
500,3.0,1.5600000000000003,0.6000000000000001,1,1,1,19,0.3730883328267122,0.23187803084608274,0.6095271110534668,0.10827827453613281
500,3.0,1.5600000000000003,0.6000000000000001,1,1,1,20,0.404974107469708,0.2322899174912876,0.5922048091888428,0.11185979843139648
500,3.0,1.5600000000000003,0.6000000000000001,1,1,1,21,0.36798288020359937,0.2585804783520084,0.5783054828643799,0.10271477699279785
500,3.0,1.5600000000000003,0.6000000000000001,1,1,1,22,0.3742359225729055,0.2486406535166637,0.7053794860839844,0.11975836753845215
500,3.0,1.5600000000000003,0.6000000000000001,1,1,1,23,0.3392770505644281,0.2752795986551977,0.5869698524475098,0.0981898307800293
500,3.0,1.5600000000000003,0.6000000000000001,1,1,1,24,0.30477052515845104,0.22423921288134102,0.5794370174407959,0.09544181823730469
500,3.2,1.6896000000000004,0.6400000000000001,1,1,1,0,0.3167676081033886,0.26001474082465204,0.5541791915893555,0.09832501411437988
500,3.2,1.6896000000000004,0.6400000000000001,1,1,1,1,0.30235042132881595,0.22653219168705827,0.5529544353485107,0.11207032203674316
500,3.2,1.6896000000000004,0.6400000000000001,1,1,1,2,0.35121257880903217,0.23455562278091405,0.6619606018066406,0.1323390007019043
500,3.2,1.6896000000000004,0.6400000000000001,1,1,1,3,0.348775854160743,0.31008747930858443,0.5442368984222412,0.11063480377197266
500,3.2,1.6896000000000004,0.6400000000000001,1,1,1,4,0.4226249870612804,0.21436311326747307,0.5482134819030762,0.10775947570800781
500,3.2,1.6896000000000004,0.6400000000000001,1,1,1,5,0.35043795968486907,0.2464595442711251,0.49406981468200684,0.12447428703308105
500,3.2,1.6896000000000004,0.6400000000000001,1,1,1,6,0.3695935414235777,0.2793971208374226,0.5287692546844482,0.11848163604736328
500,3.2,1.6896000000000004,0.6400000000000001,1,1,1,7,0.40066749195648677,0.22006547489726305,0.5839147567749023,0.11334347724914551
500,3.2,1.6896000000000004,0.6400000000000001,1,1,1,8,0.362690833681517,0.23010027775064681,0.6611378192901611,0.12645411491394043
500,3.2,1.6896000000000004,0.6400000000000001,1,1,1,9,0.36436707874595603,0.3011741962281393,0.5597801208496094,0.08224129676818848
500,3.2,1.6896000000000004,0.6400000000000001,1,1,1,10,0.38634028745209087,0.21944787566970547,0.5405178070068359,0.09882044792175293
500,3.2,1.6896000000000004,0.6400000000000001,1,1,1,11,0.329054286536775,0.2745906898568595,0.516817569732666,0.10840749740600586
500,3.2,1.6896000000000004,0.6400000000000001,1,1,1,12,0.36195160458670184,0.19728528058173775,0.5260958671569824,0.1183769702911377
500,3.2,1.6896000000000004,0.6400000000000001,1,1,1,13,0.36096533308853007,0.19730149923758214,0.6300010681152344,0.1238856315612793
500,3.2,1.6896000000000004,0.6400000000000001,1,1,1,14,0.36506829895441234,0.2292645288064795,0.66107177734375,0.11319804191589355
500,3.2,1.6896000000000004,0.6400000000000001,1,1,1,15,0.37987333019238567,0.2882819853981363,0.5735058784484863,0.1008150577545166
500,3.2,1.6896000000000004,0.6400000000000001,1,1,1,16,0.3682719018433716,0.29182999061701265,0.5970766544342041,0.1352248191833496
500,3.2,1.6896000000000004,0.6400000000000001,1,1,1,17,0.37442244135629443,0.23956288749845536,0.5518641471862793,0.09213638305664062
500,3.2,1.6896000000000004,0.6400000000000001,1,1,1,18,0.3544263807617593,0.27254771567692115,0.6945726871490479,0.1159672737121582
500,3.2,1.6896000000000004,0.6400000000000001,1,1,1,19,0.4387996278966494,0.30086104592590085,0.5923261642456055,0.11510491371154785
500,3.2,1.6896000000000004,0.6400000000000001,1,1,1,20,0.35470816145828654,0.2258286390596359,0.533287763595581,0.10253643989562988
500,3.2,1.6896000000000004,0.6400000000000001,1,1,1,21,0.37152669227388757,0.3063791291647392,0.5522339344024658,0.103363037109375
500,3.2,1.6896000000000004,0.6400000000000001,1,1,1,22,0.3153631857371081,0.2730645894915451,0.5125885009765625,0.12199544906616211
500,3.2,1.6896000000000004,0.6400000000000001,1,1,1,23,0.39900125771413997,0.23601237159932612,0.5225849151611328,0.11065030097961426
500,3.2,1.6896000000000004,0.6400000000000001,1,1,1,24,0.3782170462905918,0.2547810210050982,0.6640884876251221,0.1141514778137207
500,3.4000000000000004,1.8224000000000005,0.6800000000000002,1,1,1,0,0.4719660286885515,0.2275837690989862,0.492401123046875,0.09754061698913574
500,3.4000000000000004,1.8224000000000005,0.6800000000000002,1,1,1,1,0.38000648647886764,0.247227823145994,0.49725985527038574,0.12431216239929199
500,3.4000000000000004,1.8224000000000005,0.6800000000000002,1,1,1,2,0.41669006298102423,0.2600422858904558,0.5009212493896484,0.1262359619140625
500,3.4000000000000004,1.8224000000000005,0.6800000000000002,1,1,1,3,0.3458474247797193,0.21210570891401503,0.5073275566101074,0.10593247413635254
500,3.4000000000000004,1.8224000000000005,0.6800000000000002,1,1,1,4,0.4251368055961229,0.27509840915348566,0.6701195240020752,0.11801481246948242
500,3.4000000000000004,1.8224000000000005,0.6800000000000002,1,1,1,5,0.38038140656060243,0.29709612779630556,0.5984866619110107,0.13061833381652832
500,3.4000000000000004,1.8224000000000005,0.6800000000000002,1,1,1,6,0.3789283165209607,0.22288451199833667,0.5137512683868408,0.1162111759185791
500,3.4000000000000004,1.8224000000000005,0.6800000000000002,1,1,1,7,0.36144832146713685,0.29858885265351265,0.48931884765625,0.12465882301330566
500,3.4000000000000004,1.8224000000000005,0.6800000000000002,1,1,1,8,0.37335972900492337,0.24637571171347467,0.47370433807373047,0.12054443359375
500,3.4000000000000004,1.8224000000000005,0.6800000000000002,1,1,1,9,0.36971216757805975,0.27818833426157075,0.49297165870666504,0.10249471664428711
500,3.4000000000000004,1.8224000000000005,0.6800000000000002,1,1,1,10,0.33886017798748436,0.30880622884165987,0.7690150737762451,0.16059255599975586
500,3.4000000000000004,1.8224000000000005,0.6800000000000002,1,1,1,11,0.4125796522930178,0.2812694992492401,0.49382829666137695,0.11444234848022461
500,3.4000000000000004,1.8224000000000005,0.6800000000000002,1,1,1,12,0.37800077834860796,0.2935087910584606,0.500652551651001,0.10823798179626465
500,3.4000000000000004,1.8224000000000005,0.6800000000000002,1,1,1,13,0.36213027012701576,0.264033885267464,0.5672874450683594,0.09565329551696777
500,3.4000000000000004,1.8224000000000005,0.6800000000000002,1,1,1,14,0.38818033858771095,0.29415495492550325,0.5475177764892578,0.09582161903381348
500,3.4000000000000004,1.8224000000000005,0.6800000000000002,1,1,1,15,0.44523406805174454,0.25946023077508695,0.7550203800201416,0.12905263900756836
500,3.4000000000000004,1.8224000000000005,0.6800000000000002,1,1,1,16,0.38290516437770883,0.2678750820692937,0.5510356426239014,0.10391736030578613
500,3.4000000000000004,1.8224000000000005,0.6800000000000002,1,1,1,17,0.4326385394654072,0.2897494905566888,0.5311956405639648,0.10953998565673828
500,3.4000000000000004,1.8224000000000005,0.6800000000000002,1,1,1,18,0.3469202921668621,0.2581087621110361,0.5345933437347412,0.10761737823486328
500,3.4000000000000004,1.8224000000000005,0.6800000000000002,1,1,1,19,0.43789523312195633,0.2537609200786413,0.5377390384674072,0.11146068572998047
500,3.4000000000000004,1.8224000000000005,0.6800000000000002,1,1,1,20,0.37473427430936385,0.28607831371790615,0.673635721206665,0.11298227310180664
500,3.4000000000000004,1.8224000000000005,0.6800000000000002,1,1,1,21,0.40084025271731577,0.3023943211921487,0.6892492771148682,0.1445307731628418
500,3.4000000000000004,1.8224000000000005,0.6800000000000002,1,1,1,22,0.3635565854132418,0.2804764746209592,0.5498359203338623,0.10155940055847168
500,3.4000000000000004,1.8224000000000005,0.6800000000000002,1,1,1,23,0.43529814242217413,0.24851578150247786,0.5803594589233398,0.11462712287902832
500,3.4000000000000004,1.8224000000000005,0.6800000000000002,1,1,1,24,0.368532648051668,0.2879464602459223,0.5263895988464355,0.11343050003051758
500,3.6,1.9584000000000004,0.7200000000000001,1,1,1,0,0.3967719681980937,0.26242415522987794,0.49993467330932617,0.10908746719360352
500,3.6,1.9584000000000004,0.7200000000000001,1,1,1,1,0.37939017658763013,0.24112610456346342,0.622328519821167,0.12150430679321289
500,3.6,1.9584000000000004,0.7200000000000001,1,1,1,2,0.35746669400231706,0.2503745821288005,0.6762406826019287,0.10839128494262695
500,3.6,1.9584000000000004,0.7200000000000001,1,1,1,3,0.4402923107497421,0.27151335968215007,0.49492907524108887,0.1220402717590332
500,3.6,1.9584000000000004,0.7200000000000001,1,1,1,4,0.3536794734351534,0.2585704445056283,0.5131893157958984,0.11367988586425781
500,3.6,1.9584000000000004,0.7200000000000001,1,1,1,5,0.381668866438179,0.2868970219302381,0.49776697158813477,0.11161518096923828
500,3.6,1.9584000000000004,0.7200000000000001,1,1,1,6,0.407850577099504,0.2844686636760258,0.719811201095581,0.15407037734985352
500,3.6,1.9584000000000004,0.7200000000000001,1,1,1,7,0.44595739159978043,0.2556303712726508,0.6057827472686768,0.10443329811096191
500,3.6,1.9584000000000004,0.7200000000000001,1,1,1,8,0.3819221002923418,0.34149303652400514,0.5991477966308594,0.10038113594055176
500,3.6,1.9584000000000004,0.7200000000000001,1,1,1,9,0.4368319914906675,0.27640222991044977,0.5959992408752441,0.08494305610656738
500,3.6,1.9584000000000004,0.7200000000000001,1,1,1,10,0.38399109291223754,0.2909414691087513,0.5910346508026123,0.08251190185546875
500,3.6,1.9584000000000004,0.7200000000000001,1,1,1,11,0.46247181617525357,0.30463758726311535,0.5813055038452148,0.09546256065368652
500,3.6,1.9584000000000004,0.7200000000000001,1,1,1,12,0.3984047525080181,0.281733654633718,0.6475677490234375,0.12726712226867676
500,3.6,1.9584000000000004,0.7200000000000001,1,1,1,13,0.4638063031959728,0.22028170060085606,0.5556008815765381,0.10647010803222656
500,3.6,1.9584000000000004,0.7200000000000001,1,1,1,14,0.4019233728318357,0.26529878787375616,0.567704439163208,0.09465861320495605
500,3.6,1.9584000000000004,0.7200000000000001,1,1,1,15,0.44144906233099385,0.2713208932698095,0.5687909126281738,0.09646177291870117
500,3.6,1.9584000000000004,0.7200000000000001,1,1,1,16,0.3985290601710238,0.3012290410231413,0.5841250419616699,0.10969901084899902
500,3.6,1.9584000000000004,0.7200000000000001,1,1,1,17,0.4327414415215663,0.22904809961436717,0.6757011413574219,0.1385507583618164
500,3.6,1.9584000000000004,0.7200000000000001,1,1,1,18,0.36947022111468525,0.33163817355499753,0.6188023090362549,0.10273075103759766
500,3.6,1.9584000000000004,0.7200000000000001,1,1,1,19,0.46760373649681536,0.2720694034667065,0.552743673324585,0.09851408004760742
500,3.6,1.9584000000000004,0.7200000000000001,1,1,1,20,0.4193437276821896,0.2716045797843557,0.570526123046875,0.10897397994995117
500,3.6,1.9584000000000004,0.7200000000000001,1,1,1,21,0.3993555529652066,0.2571839259766654,0.5718719959259033,0.0883951187133789
500,3.6,1.9584000000000004,0.7200000000000001,1,1,1,22,0.4069091816401439,0.3031686545302253,0.5449926853179932,0.11959505081176758
500,3.6,1.9584000000000004,0.7200000000000001,1,1,1,23,0.3735815464308676,0.2499494719629352,0.649329423904419,0.12882304191589355
500,3.6,1.9584000000000004,0.7200000000000001,1,1,1,24,0.43694588575660104,0.27519718873048665,0.48672938346862793,0.11716175079345703
500,3.8000000000000003,2.0976000000000004,0.7600000000000001,1,1,1,0,0.4122676538221456,0.24523732590791886,0.5125124454498291,0.08980202674865723
500,3.8000000000000003,2.0976000000000004,0.7600000000000001,1,1,1,1,0.47221914575609714,0.32303748429190315,0.5839231014251709,0.12726688385009766
500,3.8000000000000003,2.0976000000000004,0.7600000000000001,1,1,1,2,0.43668379064999396,0.27507803483773413,0.7549026012420654,0.11068344116210938
500,3.8000000000000003,2.0976000000000004,0.7600000000000001,1,1,1,3,0.4094762430691408,0.334608477825979,0.6787598133087158,0.128645658493042
500,3.8000000000000003,2.0976000000000004,0.7600000000000001,1,1,1,4,0.5180612637820093,0.326375971182162,0.49605321884155273,0.11910486221313477
500,3.8000000000000003,2.0976000000000004,0.7600000000000001,1,1,1,5,0.45873123963095835,0.27682910420887,0.5431079864501953,0.09616327285766602
500,3.8000000000000003,2.0976000000000004,0.7600000000000001,1,1,1,6,0.45631782236760265,0.2823066340853549,0.5630099773406982,0.11063504219055176
500,3.8000000000000003,2.0976000000000004,0.7600000000000001,1,1,1,7,0.42058879405873917,0.2822450127613349,0.516749382019043,0.10445261001586914
500,3.8000000000000003,2.0976000000000004,0.7600000000000001,1,1,1,8,0.4061736417487101,0.28182761549864366,0.578162431716919,0.12125277519226074
500,3.8000000000000003,2.0976000000000004,0.7600000000000001,1,1,1,9,0.44616657215898237,0.34211847130397927,0.6589820384979248,0.11577534675598145
500,3.8000000000000003,2.0976000000000004,0.7600000000000001,1,1,1,10,0.40811187556875866,0.2728889361670443,0.5692050457000732,0.1024632453918457
500,3.8000000000000003,2.0976000000000004,0.7600000000000001,1,1,1,11,0.49667587652795,0.2696565673656833,0.5859518051147461,0.09845399856567383
500,3.8000000000000003,2.0976000000000004,0.7600000000000001,1,1,1,12,0.5029654707085782,0.359406741060721,0.5947303771972656,0.09641528129577637
500,3.8000000000000003,2.0976000000000004,0.7600000000000001,1,1,1,13,0.4565817395180684,0.385233167406802,0.5622768402099609,0.11650943756103516
500,3.8000000000000003,2.0976000000000004,0.7600000000000001,1,1,1,14,0.44540876522893935,0.3228121800413802,0.5900707244873047,0.11850523948669434
500,3.8000000000000003,2.0976000000000004,0.7600000000000001,1,1,1,15,0.40060007949517445,0.2854018701502316,0.7280266284942627,0.1025698184967041
500,3.8000000000000003,2.0976000000000004,0.7600000000000001,1,1,1,16,0.4194464343860352,0.27606027190647264,0.5150094032287598,0.10828423500061035
500,3.8000000000000003,2.0976000000000004,0.7600000000000001,1,1,1,17,0.4104828889907673,0.32127093470221896,0.5643961429595947,0.10479497909545898
500,3.8000000000000003,2.0976000000000004,0.7600000000000001,1,1,1,18,0.4333518589547109,0.3137010925859185,0.54862380027771,0.09650492668151855
500,3.8000000000000003,2.0976000000000004,0.7600000000000001,1,1,1,19,0.4437313794284766,0.278684995068381,0.5115146636962891,0.10871696472167969
500,3.8000000000000003,2.0976000000000004,0.7600000000000001,1,1,1,20,0.44019745948759803,0.31711367802641305,0.6711671352386475,0.13841581344604492
500,3.8000000000000003,2.0976000000000004,0.7600000000000001,1,1,1,21,0.40344339916758637,0.3393966412531178,0.5924656391143799,0.11038041114807129
500,3.8000000000000003,2.0976000000000004,0.7600000000000001,1,1,1,22,0.4958375717821313,0.36147968853708823,0.6185002326965332,0.14246249198913574
500,3.8000000000000003,2.0976000000000004,0.7600000000000001,1,1,1,23,0.42893431015773664,0.35301278643921913,0.5064437389373779,0.12161135673522949
500,3.8000000000000003,2.0976000000000004,0.7600000000000001,1,1,1,24,0.4340561003600113,0.26999750606475365,0.5429251194000244,0.10646224021911621
500,4.0,2.2399999999999998,0.8,1,1,1,0,0.5206788582929293,0.27142078279599613,0.6673252582550049,0.1419970989227295
500,4.0,2.2399999999999998,0.8,1,1,1,1,0.5246425580125926,0.26563867665008994,0.5759086608886719,0.11698698997497559
500,4.0,2.2399999999999998,0.8,1,1,1,2,0.4429866896908011,0.31107409444202433,0.5926852226257324,0.10530495643615723
500,4.0,2.2399999999999998,0.8,1,1,1,3,0.4270520616514489,0.4236235277216988,0.5478706359863281,0.09317517280578613
500,4.0,2.2399999999999998,0.8,1,1,1,4,0.43717076839317354,0.29691265293885516,0.5742182731628418,0.11205625534057617
500,4.0,2.2399999999999998,0.8,1,1,1,5,0.45350610009935194,0.3764602424221273,0.6178131103515625,0.1302778720855713
500,4.0,2.2399999999999998,0.8,1,1,1,6,0.41672195846696986,0.2836602122398693,0.644756555557251,0.11046981811523438
500,4.0,2.2399999999999998,0.8,1,1,1,7,0.4107611057730173,0.2657347194169036,0.5504958629608154,0.11513853073120117
500,4.0,2.2399999999999998,0.8,1,1,1,8,0.5324712975514118,0.304644707897298,0.5719723701477051,0.10044288635253906
500,4.0,2.2399999999999998,0.8,1,1,1,9,0.44640663048278606,0.34469242895745783,0.5405762195587158,0.11542510986328125
500,4.0,2.2399999999999998,0.8,1,1,1,10,0.4945347921949706,0.3211185623730661,0.5554087162017822,0.09401154518127441
500,4.0,2.2399999999999998,0.8,1,1,1,11,0.45922033732652917,0.29229972362666284,0.6748068332672119,0.12060928344726562
500,4.0,2.2399999999999998,0.8,1,1,1,12,0.42327226106056437,0.3124569736322719,0.5518057346343994,0.11217737197875977
500,4.0,2.2399999999999998,0.8,1,1,1,13,0.4888984431890785,0.3407988706375543,0.554685115814209,0.08556675910949707
500,4.0,2.2399999999999998,0.8,1,1,1,14,0.43333609832492426,0.282178961708749,0.5626044273376465,0.09645271301269531
500,4.0,2.2399999999999998,0.8,1,1,1,15,0.4608607138738157,0.28067025453895755,0.5756955146789551,0.09415626525878906
500,4.0,2.2399999999999998,0.8,1,1,1,16,0.41319350565728896,0.3125912181035111,0.6287052631378174,0.11570119857788086
500,4.0,2.2399999999999998,0.8,1,1,1,17,0.4695384671989188,0.3067932054464397,0.7459158897399902,0.12733721733093262
500,4.0,2.2399999999999998,0.8,1,1,1,18,0.4376437275537771,0.36783463279390743,0.6490271091461182,0.08843207359313965
500,4.0,2.2399999999999998,0.8,1,1,1,19,0.44021028026792075,0.36972992465111004,0.5352132320404053,0.10850834846496582
500,4.0,2.2399999999999998,0.8,1,1,1,20,0.47039903601552047,0.31759492031912623,0.5487465858459473,0.09642863273620605
500,4.0,2.2399999999999998,0.8,1,1,1,21,0.46443405102824503,0.2838131126146373,0.6356608867645264,0.09860587120056152
500,4.0,2.2399999999999998,0.8,1,1,1,22,0.414049223966791,0.26137078218579496,0.7135107517242432,0.13457965850830078
500,4.0,2.2399999999999998,0.8,1,1,1,23,0.49741516302938904,0.2895413554162902,0.6122334003448486,0.09792327880859375
500,4.0,2.2399999999999998,0.8,1,1,1,24,0.4923263231437091,0.3219010991730801,0.568763256072998,0.10147261619567871
500,4.2,2.3856,0.8400000000000001,1,1,1,0,0.4827360285464648,0.33824467193295876,0.5380969047546387,0.11107826232910156
500,4.2,2.3856,0.8400000000000001,1,1,1,1,0.5147556317190972,0.2881018146281234,0.5800478458404541,0.08710145950317383
500,4.2,2.3856,0.8400000000000001,1,1,1,2,0.48562778769502235,0.4072064179861864,0.7078027725219727,0.13996076583862305
500,4.2,2.3856,0.8400000000000001,1,1,1,3,0.47789208337942596,0.3128252648064051,0.5155205726623535,0.10843157768249512
500,4.2,2.3856,0.8400000000000001,1,1,1,4,0.5111662436933587,0.2723784006785446,0.5216922760009766,0.11608147621154785
500,4.2,2.3856,0.8400000000000001,1,1,1,5,0.5167704827743286,0.47506087196809155,0.5375761985778809,0.1397414207458496
500,4.2,2.3856,0.8400000000000001,1,1,1,6,0.49885941282433827,0.3777188507583409,0.5768783092498779,0.12377190589904785
500,4.2,2.3856,0.8400000000000001,1,1,1,7,0.47008778631447967,0.3612403373893897,0.5478732585906982,0.13303613662719727
500,4.2,2.3856,0.8400000000000001,1,1,1,8,0.46958202081234096,0.3107282851120224,0.7088785171508789,0.12462043762207031
500,4.2,2.3856,0.8400000000000001,1,1,1,9,0.5260419417934243,0.4675535007765089,0.5232715606689453,0.09612607955932617
500,4.2,2.3856,0.8400000000000001,1,1,1,10,0.4642250074984025,0.34617674869515713,0.6103737354278564,0.09851574897766113
500,4.2,2.3856,0.8400000000000001,1,1,1,11,0.5023212824919899,0.3505705680548299,0.5805590152740479,0.09822201728820801
500,4.2,2.3856,0.8400000000000001,1,1,1,12,0.4446376383243049,0.34666100860594284,0.6725726127624512,0.09793519973754883
500,4.2,2.3856,0.8400000000000001,1,1,1,13,0.5249076238843678,0.44778087856314996,0.7559704780578613,0.13338899612426758
500,4.2,2.3856,0.8400000000000001,1,1,1,14,0.48949801477846405,0.27497957323852995,0.6106157302856445,0.09028840065002441
500,4.2,2.3856,0.8400000000000001,1,1,1,15,0.4708270170604249,0.3131764743994572,0.5659646987915039,0.09279203414916992
500,4.2,2.3856,0.8400000000000001,1,1,1,16,0.5574806252034046,0.33638306022273823,0.5948154926300049,0.09352564811706543
500,4.2,2.3856,0.8400000000000001,1,1,1,17,0.6061411482559111,0.3959238843664269,0.5620629787445068,0.09991908073425293
500,4.2,2.3856,0.8400000000000001,1,1,1,18,0.5018529522388128,0.34112296760323685,0.7167315483093262,0.12050938606262207
500,4.2,2.3856,0.8400000000000001,1,1,1,19,0.486899899972937,0.3623384528844925,0.6120214462280273,0.08721661567687988
500,4.2,2.3856,0.8400000000000001,1,1,1,20,0.4508621353627481,0.3304184957609531,0.602968692779541,0.08595681190490723
500,4.2,2.3856,0.8400000000000001,1,1,1,21,0.49711117495624807,0.3289411892448141,0.6127357482910156,0.10133719444274902
500,4.2,2.3856,0.8400000000000001,1,1,1,22,0.43754282995385463,0.350108309780894,0.5853607654571533,0.09999513626098633
500,4.2,2.3856,0.8400000000000001,1,1,1,23,0.5137846215064394,0.2660081028405646,0.6231951713562012,0.10790777206420898
500,4.2,2.3856,0.8400000000000001,1,1,1,24,0.4223165203932469,0.3167016047449781,0.6509087085723877,0.1367201805114746
500,4.4,2.5344,0.8800000000000001,1,1,1,0,0.504196794029077,0.3122225547571837,0.5861935615539551,0.08106684684753418
500,4.4,2.5344,0.8800000000000001,1,1,1,1,0.5361359309541328,0.30303763915360227,0.5484533309936523,0.09189462661743164
500,4.4,2.5344,0.8800000000000001,1,1,1,2,0.45549429465545077,0.32221575717791506,0.5803427696228027,0.08273124694824219
500,4.4,2.5344,0.8800000000000001,1,1,1,3,0.5642375338539273,0.3613354862097364,0.5764498710632324,0.08100700378417969
500,4.4,2.5344,0.8800000000000001,1,1,1,4,0.45041962374545225,0.33915061876876584,0.6880345344543457,0.13289499282836914
500,4.4,2.5344,0.8800000000000001,1,1,1,5,0.47729549934774407,0.31851612205289576,0.6544935703277588,0.1241767406463623
500,4.4,2.5344,0.8800000000000001,1,1,1,6,0.5535696773506802,0.3722240530221802,0.534083366394043,0.11251616477966309
500,4.4,2.5344,0.8800000000000001,1,1,1,7,0.5364615236460076,0.3817000488241263,0.6829555034637451,0.11528825759887695
500,4.4,2.5344,0.8800000000000001,1,1,1,8,0.49121091515392795,0.28708555940416314,0.7325828075408936,0.1334984302520752
500,4.4,2.5344,0.8800000000000001,1,1,1,9,0.6914253535053554,0.35105734453402015,0.5687949657440186,0.11432123184204102
500,4.4,2.5344,0.8800000000000001,1,1,1,10,0.48273318443778607,0.39379714961591467,0.7018697261810303,0.1285841464996338
500,4.4,2.5344,0.8800000000000001,1,1,1,11,0.4798610659018158,0.37881072803639554,0.5601010322570801,0.09654426574707031
500,4.4,2.5344,0.8800000000000001,1,1,1,12,0.5457049548661237,0.2851037641172854,0.5445291996002197,0.09846758842468262
500,4.4,2.5344,0.8800000000000001,1,1,1,13,0.52664204436031,0.3192649516202221,0.5172243118286133,0.10670971870422363
500,4.4,2.5344,0.8800000000000001,1,1,1,14,0.5360599840140009,0.3092293714734838,0.5429890155792236,0.09746241569519043
500,4.4,2.5344,0.8800000000000001,1,1,1,15,0.4763801678604873,0.4597602118007937,0.7315239906311035,0.10669517517089844
500,4.4,2.5344,0.8800000000000001,1,1,1,16,0.47620592179533344,0.3098926280888623,0.5791759490966797,0.11358952522277832
500,4.4,2.5344,0.8800000000000001,1,1,1,17,0.45457683072758404,0.3864771467554397,0.5759587287902832,0.08739662170410156
500,4.4,2.5344,0.8800000000000001,1,1,1,18,0.5239065468652905,0.3100104626289619,0.5825300216674805,0.12131714820861816
500,4.4,2.5344,0.8800000000000001,1,1,1,19,0.4966224669550997,0.32187132443713223,0.5341050624847412,0.11347246170043945
500,4.4,2.5344,0.8800000000000001,1,1,1,20,0.4819250874382937,0.34188733386765785,0.6248393058776855,0.10868072509765625
500,4.4,2.5344,0.8800000000000001,1,1,1,21,0.49937409298466334,0.4045206865459842,0.7304303646087646,0.11588788032531738
500,4.4,2.5344,0.8800000000000001,1,1,1,22,0.6631507488662138,0.36745100648353474,0.5071923732757568,0.10092926025390625
500,4.4,2.5344,0.8800000000000001,1,1,1,23,0.512373580078312,0.41161281910236847,0.5897307395935059,0.10046219825744629
500,4.4,2.5344,0.8800000000000001,1,1,1,24,0.5724712947372972,0.3419554850950557,0.6066672801971436,0.09908747673034668
500,4.6000000000000005,2.6864000000000003,0.9200000000000002,1,1,1,0,0.6268195467267953,0.37366321771816124,0.5794219970703125,0.08946037292480469
500,4.6000000000000005,2.6864000000000003,0.9200000000000002,1,1,1,1,0.6039279040588599,0.30464438306676217,0.7226607799530029,0.1267228126525879
500,4.6000000000000005,2.6864000000000003,0.9200000000000002,1,1,1,2,0.4972076404594723,0.2999648422158574,0.6000988483428955,0.1126706600189209
500,4.6000000000000005,2.6864000000000003,0.9200000000000002,1,1,1,3,0.5267883629192489,0.4538014622352383,0.6439981460571289,0.10617589950561523
500,4.6000000000000005,2.6864000000000003,0.9200000000000002,1,1,1,4,0.5423873450455617,0.3094585196880476,0.5605955123901367,0.10432577133178711
500,4.6000000000000005,2.6864000000000003,0.9200000000000002,1,1,1,5,0.5321013496356284,0.5377186843203762,0.5174808502197266,0.11494088172912598
500,4.6000000000000005,2.6864000000000003,0.9200000000000002,1,1,1,6,0.5649764002065272,0.33594533925323133,0.635878324508667,0.1303708553314209
500,4.6000000000000005,2.6864000000000003,0.9200000000000002,1,1,1,7,0.5783188903067299,0.35265035837539116,0.694239616394043,0.12154626846313477
500,4.6000000000000005,2.6864000000000003,0.9200000000000002,1,1,1,8,0.5144975295176708,0.45933242272582653,0.5527522563934326,0.09947752952575684
500,4.6000000000000005,2.6864000000000003,0.9200000000000002,1,1,1,9,0.5562364210077363,0.339053295545553,0.6293096542358398,0.10260772705078125
500,4.6000000000000005,2.6864000000000003,0.9200000000000002,1,1,1,10,0.5720879430543626,0.3221972477921687,0.546257495880127,0.10849499702453613
500,4.6000000000000005,2.6864000000000003,0.9200000000000002,1,1,1,11,0.48880079304162954,0.4045872315912941,0.6456310749053955,0.11333608627319336
500,4.6000000000000005,2.6864000000000003,0.9200000000000002,1,1,1,12,0.5113810542592505,0.3827473574385758,0.7265663146972656,0.11931610107421875
500,4.6000000000000005,2.6864000000000003,0.9200000000000002,1,1,1,13,0.5419533219695312,0.35500020189661596,0.53973388671875,0.10598230361938477
500,4.6000000000000005,2.6864000000000003,0.9200000000000002,1,1,1,14,0.5601182549487131,0.3953985884968841,0.5517628192901611,0.1152801513671875
500,4.6000000000000005,2.6864000000000003,0.9200000000000002,1,1,1,15,0.5785413838746979,0.3295724554221008,0.5365910530090332,0.09804177284240723
500,4.6000000000000005,2.6864000000000003,0.9200000000000002,1,1,1,16,0.521985000285116,0.3201956527511976,0.5228102207183838,0.11323237419128418
500,4.6000000000000005,2.6864000000000003,0.9200000000000002,1,1,1,17,0.556839668363019,0.48463102669888436,0.7085106372833252,0.13730740547180176
500,4.6000000000000005,2.6864000000000003,0.9200000000000002,1,1,1,18,0.612880556249657,0.40315463302822746,0.600907564163208,0.09593057632446289
500,4.6000000000000005,2.6864000000000003,0.9200000000000002,1,1,1,19,0.5180296598226872,0.33568269297485887,0.5392398834228516,0.10249090194702148
500,4.6000000000000005,2.6864000000000003,0.9200000000000002,1,1,1,20,0.5146590709666762,0.3030487938257154,0.5736801624298096,0.10314393043518066
500,4.6000000000000005,2.6864000000000003,0.9200000000000002,1,1,1,21,0.5279513563125273,0.3305251001362215,0.5145204067230225,0.09861087799072266
500,4.6000000000000005,2.6864000000000003,0.9200000000000002,1,1,1,22,0.47752360821197437,0.41554236015655127,0.5734241008758545,0.10997891426086426
500,4.6000000000000005,2.6864000000000003,0.9200000000000002,1,1,1,23,0.5193781722665425,0.3542950627505456,0.8700392246246338,0.15518903732299805
500,4.6000000000000005,2.6864000000000003,0.9200000000000002,1,1,1,24,0.5770858648657318,0.30317684105884507,0.6331210136413574,0.10371804237365723
500,4.800000000000001,2.8416000000000006,0.9600000000000002,1,1,1,0,0.5365751569650521,0.4521511327976149,0.544466495513916,0.09888410568237305
500,4.800000000000001,2.8416000000000006,0.9600000000000002,1,1,1,1,0.5725322455811411,0.40153554527150964,0.5624408721923828,0.1008450984954834
500,4.800000000000001,2.8416000000000006,0.9600000000000002,1,1,1,2,0.5422074579651578,0.3987422262217049,0.5119943618774414,0.11294364929199219
500,4.800000000000001,2.8416000000000006,0.9600000000000002,1,1,1,3,0.5582455065144858,0.34456009469178167,0.7345230579376221,0.11632370948791504
500,4.800000000000001,2.8416000000000006,0.9600000000000002,1,1,1,4,0.5704952029010604,0.3933886900986961,0.573373556137085,0.0921320915222168
500,4.800000000000001,2.8416000000000006,0.9600000000000002,1,1,1,5,0.5251838532608496,0.32614531868981267,0.5281639099121094,0.10196852684020996
500,4.800000000000001,2.8416000000000006,0.9600000000000002,1,1,1,6,0.5290972124240153,0.332352661040747,0.513850212097168,0.1068718433380127
500,4.800000000000001,2.8416000000000006,0.9600000000000002,1,1,1,7,0.5799227018277511,0.39400313815158905,0.5689690113067627,0.09046792984008789
500,4.800000000000001,2.8416000000000006,0.9600000000000002,1,1,1,8,0.5424803245011206,0.33350151163703784,0.6799163818359375,0.12003636360168457
500,4.800000000000001,2.8416000000000006,0.9600000000000002,1,1,1,9,0.6040328986031954,0.3952052005016234,0.6042838096618652,0.11929512023925781
500,4.800000000000001,2.8416000000000006,0.9600000000000002,1,1,1,10,0.6156577698701683,0.4334837091147601,0.5435757637023926,0.09243106842041016
500,4.800000000000001,2.8416000000000006,0.9600000000000002,1,1,1,11,0.528364854826733,0.3740391943388189,0.5492784976959229,0.10849547386169434
500,4.800000000000001,2.8416000000000006,0.9600000000000002,1,1,1,12,0.5691193065600678,0.5076522135580259,0.5846614837646484,0.1044778823852539
500,4.800000000000001,2.8416000000000006,0.9600000000000002,1,1,1,13,0.5763856775173374,0.42153936558805344,0.5482838153839111,0.10466766357421875
500,4.800000000000001,2.8416000000000006,0.9600000000000002,1,1,1,14,0.5233374461442932,0.3624797539439299,0.7031106948852539,0.13252592086791992
500,4.800000000000001,2.8416000000000006,0.9600000000000002,1,1,1,15,0.49073439313599465,0.6002763726382159,0.5437421798706055,0.10651707649230957
500,4.800000000000001,2.8416000000000006,0.9600000000000002,1,1,1,16,0.4937180103409309,0.4667603260027686,0.5638589859008789,0.08808684349060059
500,4.800000000000001,2.8416000000000006,0.9600000000000002,1,1,1,17,0.4778375043297256,0.4528335702532458,0.566648006439209,0.08254885673522949
500,4.800000000000001,2.8416000000000006,0.9600000000000002,1,1,1,18,0.5239034806566791,0.4167062416371199,0.5989220142364502,0.10429668426513672
500,4.800000000000001,2.8416000000000006,0.9600000000000002,1,1,1,19,0.5873042490741317,0.32987730561146766,0.8313493728637695,0.1509718894958496
500,4.800000000000001,2.8416000000000006,0.9600000000000002,1,1,1,20,0.5539179368087933,0.3566571197525971,0.7284493446350098,0.08844137191772461
500,4.800000000000001,2.8416000000000006,0.9600000000000002,1,1,1,21,0.5492373755358432,0.4023645847038881,0.5473771095275879,0.1101987361907959
500,4.800000000000001,2.8416000000000006,0.9600000000000002,1,1,1,22,0.5392249029257935,0.49518371222956226,0.6181566715240479,0.09492325782775879
500,4.800000000000001,2.8416000000000006,0.9600000000000002,1,1,1,23,0.532986629509906,0.350202821137158,0.5452916622161865,0.10045504570007324
500,4.800000000000001,2.8416000000000006,0.9600000000000002,1,1,1,24,0.5381492634355343,0.4668981535533219,0.6195740699768066,0.12517547607421875
500,5.0,3.0,1.0,1,1,1,0,0.5991393718030119,0.3553341987621326,0.6348955631256104,0.11928391456604004
500,5.0,3.0,1.0,1,1,1,1,0.5705192848322221,0.4451588902481724,0.5299510955810547,0.11074662208557129
500,5.0,3.0,1.0,1,1,1,2,0.6295465499434585,0.3623680461665384,0.558537483215332,0.1013028621673584
500,5.0,3.0,1.0,1,1,1,3,0.7042243342094746,0.3957257096072237,0.5437600612640381,0.10862469673156738
500,5.0,3.0,1.0,1,1,1,4,0.5135807588610186,0.5219767946965755,0.5481922626495361,0.09647488594055176
500,5.0,3.0,1.0,1,1,1,5,0.5924502743879775,0.3789908943166108,0.6523654460906982,0.10714364051818848
500,5.0,3.0,1.0,1,1,1,6,0.5493798949031811,0.37822453636815795,0.5584087371826172,0.10111069679260254
500,5.0,3.0,1.0,1,1,1,7,0.6117247582023383,0.3388237218109976,0.5087096691131592,0.09608650207519531
500,5.0,3.0,1.0,1,1,1,8,0.5295397233807942,0.3900797823748697,0.5457630157470703,0.10500216484069824
500,5.0,3.0,1.0,1,1,1,9,0.589652521591292,0.32790940371812266,0.5552008152008057,0.0955047607421875
500,5.0,3.0,1.0,1,1,1,10,0.6607657469225526,0.45962564005809536,0.5710737705230713,0.13477277755737305
500,5.0,3.0,1.0,1,1,1,11,0.6056236420159394,0.356787602143507,0.6442222595214844,0.12718534469604492
500,5.0,3.0,1.0,1,1,1,12,0.632012445754578,0.44897272830600327,0.49040889739990234,0.12634801864624023
500,5.0,3.0,1.0,1,1,1,13,0.509088223435304,0.4047710398382991,0.49430012702941895,0.12958264350891113
500,5.0,3.0,1.0,1,1,1,14,0.5784002045042168,0.35989542324362733,0.618668794631958,0.12664389610290527
500,5.0,3.0,1.0,1,1,1,15,0.5563620275608554,0.3950720919047703,0.5780463218688965,0.11560273170471191
500,5.0,3.0,1.0,1,1,1,16,0.5604375773573536,0.5295934114609431,0.6537156105041504,0.14195489883422852
500,5.0,3.0,1.0,1,1,1,17,0.5846279574234248,0.37218763110427083,0.5092980861663818,0.1266462802886963
500,5.0,3.0,1.0,1,1,1,18,0.572572609035791,0.3320536755225459,0.504378080368042,0.10052895545959473
500,5.0,3.0,1.0,1,1,1,19,0.5734090980366724,0.5000158895504736,0.5929110050201416,0.10240316390991211
500,5.0,3.0,1.0,1,1,1,20,0.6738749078807498,0.4072336849405666,0.6906483173370361,0.11652731895446777
500,5.0,3.0,1.0,1,1,1,21,0.6063535152308287,0.3567233030829673,0.586165189743042,0.12856435775756836
500,5.0,3.0,1.0,1,1,1,22,0.6075945254100514,0.3810076634185894,0.597937822341919,0.1185598373413086
500,5.0,3.0,1.0,1,1,1,23,0.5654820006970507,0.37918541324100263,0.5465004444122314,0.10153412818908691
500,5.0,3.0,1.0,1,1,1,24,0.5956515481041175,0.35644592573777123,0.6216728687286377,0.1145772933959961
500,5.2,3.1616,1.04,1,1,1,0,0.6466565143716503,0.41731689689271206,0.5287735462188721,0.09962749481201172
500,5.2,3.1616,1.04,1,1,1,1,0.5803192962174442,0.3773241609376802,0.5565474033355713,0.09456443786621094
500,5.2,3.1616,1.04,1,1,1,2,0.6552974046522465,0.3983316187940644,0.6489310264587402,0.15076541900634766
500,5.2,3.1616,1.04,1,1,1,3,0.5783278080594935,0.37630956766483725,0.553804874420166,0.10462594032287598
500,5.2,3.1616,1.04,1,1,1,4,0.6066444662256381,0.40155368737881464,0.5051836967468262,0.10218119621276855
500,5.2,3.1616,1.04,1,1,1,5,0.5631899700584777,0.36807143649057933,0.5634255409240723,0.09958982467651367
500,5.2,3.1616,1.04,1,1,1,6,0.5722126076883667,0.36744587388188316,0.5821192264556885,0.09882283210754395
500,5.2,3.1616,1.04,1,1,1,7,0.5935310682794602,0.3673812778134566,0.671356201171875,0.13894915580749512
500,5.2,3.1616,1.04,1,1,1,8,0.655222095667138,0.5281395400478437,0.5804877281188965,0.11138415336608887
500,5.2,3.1616,1.04,1,1,1,9,0.5903820822054229,0.37080790480008824,0.598736047744751,0.1445167064666748
500,5.2,3.1616,1.04,1,1,1,10,0.5714505066787823,0.42269913983775875,0.7130246162414551,0.12372541427612305
500,5.2,3.1616,1.04,1,1,1,11,0.5391620920041321,0.617031428485186,0.5330886840820312,0.09430742263793945
500,5.2,3.1616,1.04,1,1,1,12,0.5568541417505958,0.362270959632356,0.6271140575408936,0.11656689643859863
500,5.2,3.1616,1.04,1,1,1,13,0.7631269970953862,0.4246652570760387,0.7104742527008057,0.14348530769348145
500,5.2,3.1616,1.04,1,1,1,14,0.7496510223158392,0.37770332445927407,0.5996348857879639,0.09551310539245605
500,5.2,3.1616,1.04,1,1,1,15,0.6595889057008972,0.4843843723952612,0.5728564262390137,0.08815407752990723
500,5.2,3.1616,1.04,1,1,1,16,0.6152837108622194,0.39956714227299056,0.578606128692627,0.10700392723083496
500,5.2,3.1616,1.04,1,1,1,17,0.5475015001065843,0.467378704249102,0.6134390830993652,0.08644628524780273
500,5.2,3.1616,1.04,1,1,1,18,0.5626226151629756,0.3669861279099128,0.6848719120025635,0.13463068008422852
500,5.2,3.1616,1.04,1,1,1,19,0.6190644909997125,0.39853228534469654,0.5887141227722168,0.10929346084594727
500,5.2,3.1616,1.04,1,1,1,20,0.6034290419487119,0.49055158561314266,0.5650224685668945,0.09556961059570312
500,5.2,3.1616,1.04,1,1,1,21,0.5815043950416661,0.3719002251232251,0.5832922458648682,0.11057543754577637
500,5.2,3.1616,1.04,1,1,1,22,0.5981588480013177,0.38940358849068457,0.520596981048584,0.10896706581115723
500,5.2,3.1616,1.04,1,1,1,23,0.6010311960154147,0.39651304030576173,0.6233069896697998,0.1156759262084961
500,5.2,3.1616,1.04,1,1,1,24,0.5728621228158352,0.3261884846429705,0.7009773254394531,0.1392979621887207
500,5.4,3.3264000000000005,1.08,1,1,1,0,0.6352053230075075,0.3874840073955899,0.5369906425476074,0.11042499542236328
500,5.4,3.3264000000000005,1.08,1,1,1,1,0.6880371194046949,0.4238729966887641,0.5684566497802734,0.08749771118164062
500,5.4,3.3264000000000005,1.08,1,1,1,2,0.6779852194945916,0.42615522478702755,0.5337693691253662,0.10568523406982422
500,5.4,3.3264000000000005,1.08,1,1,1,3,0.7274366683771688,0.42852272668562846,0.5457639694213867,0.09446287155151367
500,5.4,3.3264000000000005,1.08,1,1,1,4,0.5835223356654307,0.3912152274933684,0.7946162223815918,0.148911714553833
500,5.4,3.3264000000000005,1.08,1,1,1,5,0.6013095930806184,0.36202828096211875,0.5536324977874756,0.10146522521972656
500,5.4,3.3264000000000005,1.08,1,1,1,6,0.5744787811709017,0.524615468248334,0.5911898612976074,0.09156990051269531
500,5.4,3.3264000000000005,1.08,1,1,1,7,0.5857801736013586,0.44546815670435896,0.5788946151733398,0.1002497673034668
500,5.4,3.3264000000000005,1.08,1,1,1,8,0.5979698457647046,0.5109480396797367,0.5880351066589355,0.09343481063842773
500,5.4,3.3264000000000005,1.08,1,1,1,9,0.6586681638332914,0.6418817620496011,0.6741328239440918,0.12159276008605957
500,5.4,3.3264000000000005,1.08,1,1,1,10,0.6229874942121477,0.37624855281972497,0.7258949279785156,0.10454797744750977
500,5.4,3.3264000000000005,1.08,1,1,1,11,0.5407436618121724,0.44464363692151754,0.5761404037475586,0.09426283836364746
500,5.4,3.3264000000000005,1.08,1,1,1,12,0.6003414197939368,0.3868143134588641,0.6162643432617188,0.09527444839477539
500,5.4,3.3264000000000005,1.08,1,1,1,13,0.6634260972087734,0.4457388613426929,0.6006560325622559,0.0995340347290039
500,5.4,3.3264000000000005,1.08,1,1,1,14,0.6526539189302621,0.4126197908864095,0.6237781047821045,0.11574339866638184
500,5.4,3.3264000000000005,1.08,1,1,1,15,0.7448712157830518,0.44785024467039514,0.635094165802002,0.12012457847595215
500,5.4,3.3264000000000005,1.08,1,1,1,16,0.6859712478978444,0.4494585733130913,0.6002998352050781,0.09355783462524414
500,5.4,3.3264000000000005,1.08,1,1,1,17,0.6448804739762535,0.3845512026237232,0.5839428901672363,0.09499335289001465
500,5.4,3.3264000000000005,1.08,1,1,1,18,0.6268790807087755,0.43671879515584666,0.5501284599304199,0.10843110084533691
500,5.4,3.3264000000000005,1.08,1,1,1,19,0.5982839667567557,0.4103179530934337,0.5228168964385986,0.11608266830444336
500,5.4,3.3264000000000005,1.08,1,1,1,20,0.6291884545947201,0.3499320984934667,0.6271679401397705,0.11194944381713867
500,5.4,3.3264000000000005,1.08,1,1,1,21,0.5974932102456788,0.5550420816695327,0.6874055862426758,0.11928319931030273
500,5.4,3.3264000000000005,1.08,1,1,1,22,0.6727834196190434,0.471204318513566,0.5227282047271729,0.11394333839416504
500,5.4,3.3264000000000005,1.08,1,1,1,23,0.5992691136755215,0.4237854344721286,0.5044407844543457,0.12074494361877441
500,5.4,3.3264000000000005,1.08,1,1,1,24,0.6279173115946676,0.4034286285309528,0.5380055904388428,0.13158464431762695
500,5.6000000000000005,3.4944000000000006,1.12,1,1,1,0,0.6039876919214979,0.4816492878232346,0.7601547241210938,0.14560794830322266
500,5.6000000000000005,3.4944000000000006,1.12,1,1,1,1,0.6540677933921623,0.4131722130420006,0.5675036907196045,0.11948752403259277
500,5.6000000000000005,3.4944000000000006,1.12,1,1,1,2,0.6939600312418107,0.3915940756341657,0.5428266525268555,0.10395193099975586
500,5.6000000000000005,3.4944000000000006,1.12,1,1,1,3,0.8463892073991411,0.3486275811332104,0.5045852661132812,0.10864973068237305
500,5.6000000000000005,3.4944000000000006,1.12,1,1,1,4,0.6688080171937358,0.4531691735751485,0.5175907611846924,0.1105051040649414
500,5.6000000000000005,3.4944000000000006,1.12,1,1,1,5,0.606029920317858,0.3967496899356254,0.4974236488342285,0.13125991821289062
500,5.6000000000000005,3.4944000000000006,1.12,1,1,1,6,0.6746218670622951,0.43076508785747736,0.6526505947113037,0.13109803199768066
500,5.6000000000000005,3.4944000000000006,1.12,1,1,1,7,0.6329634123122396,0.41520217237707974,0.5493319034576416,0.10106897354125977
500,5.6000000000000005,3.4944000000000006,1.12,1,1,1,8,0.7426082304615158,0.5158055698826924,0.5667805671691895,0.0974280834197998
500,5.6000000000000005,3.4944000000000006,1.12,1,1,1,9,0.6114403669988617,0.457276653482171,0.5089211463928223,0.0965116024017334
500,5.6000000000000005,3.4944000000000006,1.12,1,1,1,10,0.6668874804515873,0.4873775020355085,0.5808353424072266,0.10948395729064941
500,5.6000000000000005,3.4944000000000006,1.12,1,1,1,11,0.5782189222878887,0.3768476539914895,0.6579892635345459,0.11731648445129395
500,5.6000000000000005,3.4944000000000006,1.12,1,1,1,12,0.6208277415760586,0.3648596981551866,0.6268875598907471,0.11936187744140625
500,5.6000000000000005,3.4944000000000006,1.12,1,1,1,13,0.6673753100743981,0.5311987575401832,0.5051405429840088,0.09800076484680176
500,5.6000000000000005,3.4944000000000006,1.12,1,1,1,14,0.6797297542870159,0.5008400709373683,0.6712338924407959,0.0986785888671875
500,5.6000000000000005,3.4944000000000006,1.12,1,1,1,15,0.6146143339967371,0.4263627062467112,0.5711560249328613,0.11032843589782715
500,5.6000000000000005,3.4944000000000006,1.12,1,1,1,16,0.6645150120925867,0.4718287499627855,0.5737578868865967,0.1252450942993164
500,5.6000000000000005,3.4944000000000006,1.12,1,1,1,17,0.6130642025248204,0.3677321920216333,0.7015490531921387,0.1293659210205078
500,5.6000000000000005,3.4944000000000006,1.12,1,1,1,18,0.7213581746713076,0.39588085300471215,0.5999922752380371,0.09283971786499023
500,5.6000000000000005,3.4944000000000006,1.12,1,1,1,19,0.6479187436302445,0.5065694347782153,0.6054866313934326,0.09758543968200684
500,5.6000000000000005,3.4944000000000006,1.12,1,1,1,20,0.6129652893419598,0.412823978215633,0.7327003479003906,0.12532401084899902
500,5.6000000000000005,3.4944000000000006,1.12,1,1,1,21,0.6454361459791105,0.44474493675837834,0.6128630638122559,0.11712813377380371
500,5.6000000000000005,3.4944000000000006,1.12,1,1,1,22,0.706405311222043,0.5927530262549918,0.7284195423126221,0.12262129783630371
500,5.6000000000000005,3.4944000000000006,1.12,1,1,1,23,0.6964856520752173,0.47194141424200337,0.7090549468994141,0.10728216171264648
500,5.6000000000000005,3.4944000000000006,1.12,1,1,1,24,0.6714601327513824,0.3747048752333618,0.5534639358520508,0.11457395553588867
500,5.800000000000001,3.6656000000000004,1.1600000000000001,1,1,1,0,0.7398471492926436,0.4044402887641602,0.5352804660797119,0.09196186065673828
500,5.800000000000001,3.6656000000000004,1.1600000000000001,1,1,1,1,0.7141002427806832,0.4104958596530238,0.5790824890136719,0.10057282447814941
500,5.800000000000001,3.6656000000000004,1.1600000000000001,1,1,1,2,0.7540823848654831,0.3511218779881479,0.6447725296020508,0.11757946014404297
500,5.800000000000001,3.6656000000000004,1.1600000000000001,1,1,1,3,0.6519247759413656,0.37533238175715716,0.6961019039154053,0.13671016693115234
500,5.800000000000001,3.6656000000000004,1.1600000000000001,1,1,1,4,0.878164721425448,0.4731061366708125,0.5908091068267822,0.1020505428314209
500,5.800000000000001,3.6656000000000004,1.1600000000000001,1,1,1,5,0.5965022214195944,0.5160600094593624,0.5983479022979736,0.09248900413513184
500,5.800000000000001,3.6656000000000004,1.1600000000000001,1,1,1,6,0.6313636430500706,0.41853923730927245,0.6083800792694092,0.09611248970031738
500,5.800000000000001,3.6656000000000004,1.1600000000000001,1,1,1,7,0.6244584909742665,0.44789751235819103,0.5886332988739014,0.09145545959472656
500,5.800000000000001,3.6656000000000004,1.1600000000000001,1,1,1,8,0.7495220536310119,0.4820870382226213,0.7653400897979736,0.12382864952087402
500,5.800000000000001,3.6656000000000004,1.1600000000000001,1,1,1,9,0.6808934445531795,0.4918072873668227,0.6294329166412354,0.10192394256591797
500,5.800000000000001,3.6656000000000004,1.1600000000000001,1,1,1,10,0.6797326677874836,0.49267953048084223,0.588925838470459,0.08751654624938965
500,5.800000000000001,3.6656000000000004,1.1600000000000001,1,1,1,11,0.7305602904364227,0.41941796064427034,0.61686110496521,0.09750866889953613
500,5.800000000000001,3.6656000000000004,1.1600000000000001,1,1,1,12,0.7782081472784149,0.42976515758185907,0.5889394283294678,0.08950042724609375
500,5.800000000000001,3.6656000000000004,1.1600000000000001,1,1,1,13,0.791316269052957,0.5540605292021462,0.6862976551055908,0.1297893524169922
500,5.800000000000001,3.6656000000000004,1.1600000000000001,1,1,1,14,0.7431534087396618,0.5328704778896112,0.6441841125488281,0.10129261016845703
500,5.800000000000001,3.6656000000000004,1.1600000000000001,1,1,1,15,0.650150935509782,0.3886589824170267,0.6635627746582031,0.11963987350463867
500,5.800000000000001,3.6656000000000004,1.1600000000000001,1,1,1,16,0.6559327273680088,0.40349288254353893,0.7336058616638184,0.12356996536254883
500,5.800000000000001,3.6656000000000004,1.1600000000000001,1,1,1,17,0.7588245114425686,0.5799421412906449,0.563190221786499,0.09096264839172363
500,5.800000000000001,3.6656000000000004,1.1600000000000001,1,1,1,18,0.6138572085425611,0.4198829143197729,0.656233549118042,0.15627789497375488
500,5.800000000000001,3.6656000000000004,1.1600000000000001,1,1,1,19,0.7405302219965643,0.641901776972888,0.6614751815795898,0.10656428337097168
500,5.800000000000001,3.6656000000000004,1.1600000000000001,1,1,1,20,0.68979136568481,0.48442817935055293,0.5561094284057617,0.08369922637939453
500,5.800000000000001,3.6656000000000004,1.1600000000000001,1,1,1,21,0.7185885384862694,0.43820089601335094,0.5303080081939697,0.11690592765808105
500,5.800000000000001,3.6656000000000004,1.1600000000000001,1,1,1,22,0.6412187496524836,0.45674218246099707,0.5420944690704346,0.1015474796295166
500,5.800000000000001,3.6656000000000004,1.1600000000000001,1,1,1,23,0.6605297638406098,0.5468173967453852,0.5517477989196777,0.10263824462890625
500,5.800000000000001,3.6656000000000004,1.1600000000000001,1,1,1,24,0.6642047887770963,0.46307670881332974,0.7542719841003418,0.1206052303314209
500,6.0,3.8400000000000007,1.2000000000000002,1,1,1,0,0.6644605151527276,0.6850219679956784,0.527658224105835,0.09798574447631836
500,6.0,3.8400000000000007,1.2000000000000002,1,1,1,1,0.6521936123576489,0.3879746162609769,0.5578937530517578,0.10881328582763672
500,6.0,3.8400000000000007,1.2000000000000002,1,1,1,2,0.6753810619298003,0.4955967829905828,0.5599322319030762,0.1073753833770752
500,6.0,3.8400000000000007,1.2000000000000002,1,1,1,3,0.7203530445253685,0.4730063944126245,0.5948772430419922,0.10653400421142578
500,6.0,3.8400000000000007,1.2000000000000002,1,1,1,4,0.6569103803230015,0.46734985919958444,0.6316301822662354,0.10956096649169922
500,6.0,3.8400000000000007,1.2000000000000002,1,1,1,5,0.8285104448887055,0.5687641127836272,0.5945641994476318,0.1276865005493164
500,6.0,3.8400000000000007,1.2000000000000002,1,1,1,6,0.6689022049861946,0.3875337650614397,0.4987363815307617,0.10845565795898438
500,6.0,3.8400000000000007,1.2000000000000002,1,1,1,7,0.7141922292353514,0.49005095009136845,0.5158607959747314,0.09411358833312988
500,6.0,3.8400000000000007,1.2000000000000002,1,1,1,8,0.6777358836735705,0.5004867937520159,0.5757019519805908,0.09665489196777344
500,6.0,3.8400000000000007,1.2000000000000002,1,1,1,9,0.6480310358058977,0.49748721820452624,0.5204501152038574,0.11530208587646484
500,6.0,3.8400000000000007,1.2000000000000002,1,1,1,10,0.6780571090458014,0.4345728972805843,0.7954273223876953,0.14584589004516602
500,6.0,3.8400000000000007,1.2000000000000002,1,1,1,11,0.7326606044586838,0.4240080128135873,0.6615772247314453,0.09644484519958496
500,6.0,3.8400000000000007,1.2000000000000002,1,1,1,12,0.6937517821653577,0.41642472446476025,0.5436539649963379,0.11614465713500977
500,6.0,3.8400000000000007,1.2000000000000002,1,1,1,13,0.8347737435090348,0.4356215131591008,0.540266752243042,0.10888481140136719
500,6.0,3.8400000000000007,1.2000000000000002,1,1,1,14,0.6470763534010917,0.5397991990519734,0.5569498538970947,0.10721445083618164
500,6.0,3.8400000000000007,1.2000000000000002,1,1,1,15,0.7156056679739279,0.4050104857673,0.7163572311401367,0.13492488861083984
500,6.0,3.8400000000000007,1.2000000000000002,1,1,1,16,0.762899138768961,0.43074960909555826,0.5716357231140137,0.10640239715576172
500,6.0,3.8400000000000007,1.2000000000000002,1,1,1,17,0.6924427772377949,0.4379213518339496,0.561469554901123,0.09736967086791992
500,6.0,3.8400000000000007,1.2000000000000002,1,1,1,18,0.6748227534976031,0.5132018829078563,0.5781011581420898,0.09749650955200195
500,6.0,3.8400000000000007,1.2000000000000002,1,1,1,19,0.9465648713961006,0.42287958621789495,0.5628063678741455,0.09812521934509277
500,6.0,3.8400000000000007,1.2000000000000002,1,1,1,20,0.6693350292732717,0.5172628724719436,0.6055216789245605,0.12109589576721191
500,6.0,3.8400000000000007,1.2000000000000002,1,1,1,21,0.6597751219082341,0.47185599502129216,0.667020320892334,0.13555502891540527
500,6.0,3.8400000000000007,1.2000000000000002,1,1,1,22,0.6942738873872681,0.46467090602631916,0.5823121070861816,0.11451029777526855
500,6.0,3.8400000000000007,1.2000000000000002,1,1,1,23,0.6559629491664783,0.4719534490521009,0.582127571105957,0.1037907600402832
500,6.0,3.8400000000000007,1.2000000000000002,1,1,1,24,0.7608021717528007,0.3971351914847117,0.5340559482574463,0.10686278343200684
500,6.2,4.017600000000001,1.2400000000000002,1,1,1,0,0.7322253254629821,0.49493311183942534,0.5207140445709229,0.12181401252746582
500,6.2,4.017600000000001,1.2400000000000002,1,1,1,1,0.7339453679024456,0.457752956600761,0.7372696399688721,0.11964607238769531
500,6.2,4.017600000000001,1.2400000000000002,1,1,1,2,0.6407825682961021,0.5069077099984629,0.5064845085144043,0.12056851387023926
500,6.2,4.017600000000001,1.2400000000000002,1,1,1,3,0.7043919767826096,0.45700624244588944,0.553375244140625,0.09366726875305176
500,6.2,4.017600000000001,1.2400000000000002,1,1,1,4,0.7402895777549663,0.5430234650749225,0.5257844924926758,0.09473443031311035
500,6.2,4.017600000000001,1.2400000000000002,1,1,1,5,0.8325863108484833,0.5380398503329246,0.5718653202056885,0.09524655342102051
500,6.2,4.017600000000001,1.2400000000000002,1,1,1,6,0.653878168507636,0.4894711001903404,0.6360390186309814,0.12684988975524902
500,6.2,4.017600000000001,1.2400000000000002,1,1,1,7,0.701031724653152,0.4730652756371113,0.7191946506500244,0.1408247947692871
500,6.2,4.017600000000001,1.2400000000000002,1,1,1,8,0.7448068768117869,0.4195492989730283,0.4975717067718506,0.11376428604125977
500,6.2,4.017600000000001,1.2400000000000002,1,1,1,9,0.6726359817440039,0.45173924707183094,0.5135514736175537,0.09748411178588867
500,6.2,4.017600000000001,1.2400000000000002,1,1,1,10,0.7180033773588834,0.4291101038079636,0.5338311195373535,0.10486102104187012
500,6.2,4.017600000000001,1.2400000000000002,1,1,1,11,0.7084217300292289,0.6182730216522342,0.5726478099822998,0.08553290367126465
500,6.2,4.017600000000001,1.2400000000000002,1,1,1,12,0.7938821483428564,0.501018165416128,0.6884078979492188,0.12076568603515625
500,6.2,4.017600000000001,1.2400000000000002,1,1,1,13,0.6740415135329355,0.429334634992767,0.6418435573577881,0.08555364608764648
500,6.2,4.017600000000001,1.2400000000000002,1,1,1,14,0.7081758872816389,0.5512231772431131,0.6081132888793945,0.08847475051879883
500,6.2,4.017600000000001,1.2400000000000002,1,1,1,15,0.8429169979930835,0.5171231922457308,0.6034231185913086,0.09612035751342773
500,6.2,4.017600000000001,1.2400000000000002,1,1,1,16,0.7635678582675018,0.4184650491571911,0.5154736042022705,0.1198892593383789
500,6.2,4.017600000000001,1.2400000000000002,1,1,1,17,0.6659261256225163,0.5329598968077939,0.5375628471374512,0.12371063232421875
500,6.2,4.017600000000001,1.2400000000000002,1,1,1,18,0.7057343600494334,0.44639152354579265,0.6770453453063965,0.1089937686920166
500,6.2,4.017600000000001,1.2400000000000002,1,1,1,19,0.6991295716369127,0.5832739700616045,0.5628364086151123,0.1029672622680664
500,6.2,4.017600000000001,1.2400000000000002,1,1,1,20,0.9020052711909643,0.4533477464639174,0.531158447265625,0.10633325576782227
500,6.2,4.017600000000001,1.2400000000000002,1,1,1,21,0.8042771634373298,0.4560430490516396,0.5335607528686523,0.09912109375
500,6.2,4.017600000000001,1.2400000000000002,1,1,1,22,0.8709535966709212,0.4588446725677964,0.5618362426757812,0.09618330001831055
500,6.2,4.017600000000001,1.2400000000000002,1,1,1,23,0.8019837977734662,0.44440621905799,0.6136724948883057,0.11685013771057129
500,6.2,4.017600000000001,1.2400000000000002,1,1,1,24,0.7797929336228974,0.4739951317036651,0.6428349018096924,0.15069985389709473
500,6.4,4.198400000000001,1.2800000000000002,1,1,1,0,0.7519052438143158,0.43733004915691115,0.5464856624603271,0.12251543998718262
500,6.4,4.198400000000001,1.2800000000000002,1,1,1,1,0.8495748700504485,0.5777159543290674,0.6024289131164551,0.12013530731201172
500,6.4,4.198400000000001,1.2800000000000002,1,1,1,2,0.680880472032688,0.5779874549165348,0.6005198955535889,0.12752175331115723
500,6.4,4.198400000000001,1.2800000000000002,1,1,1,3,0.8105655679277842,0.4824217692230792,0.6431729793548584,0.12253165245056152
500,6.4,4.198400000000001,1.2800000000000002,1,1,1,4,0.6839759177004701,0.4662099101339323,0.6129302978515625,0.11966443061828613
500,6.4,4.198400000000001,1.2800000000000002,1,1,1,5,0.8452546364211022,0.44206048708550133,0.5000336170196533,0.09651637077331543
500,6.4,4.198400000000001,1.2800000000000002,1,1,1,6,0.8202197660741344,0.5087977423917542,0.5788822174072266,0.1089482307434082
500,6.4,4.198400000000001,1.2800000000000002,1,1,1,7,0.739990118872878,0.4861055552715437,0.5722365379333496,0.0995175838470459
500,6.4,4.198400000000001,1.2800000000000002,1,1,1,8,0.892687472069038,0.6667660262208499,0.539508581161499,0.11949801445007324
500,6.4,4.198400000000001,1.2800000000000002,1,1,1,9,0.7717174876469352,0.4832044493865586,0.6461653709411621,0.1330735683441162
500,6.4,4.198400000000001,1.2800000000000002,1,1,1,10,0.73541187546997,0.5031187097554678,0.5829677581787109,0.09792947769165039
500,6.4,4.198400000000001,1.2800000000000002,1,1,1,11,0.7662169569444054,0.5730309176518464,0.4880354404449463,0.11909127235412598
500,6.4,4.198400000000001,1.2800000000000002,1,1,1,12,0.8534896725613932,0.5863515203398304,0.541738748550415,0.12066102027893066
500,6.4,4.198400000000001,1.2800000000000002,1,1,1,13,0.6698502223430486,0.5101570939040295,0.517991304397583,0.10951662063598633
500,6.4,4.198400000000001,1.2800000000000002,1,1,1,14,0.7880028528936763,0.5672779246278088,0.5007526874542236,0.11751723289489746
500,6.4,4.198400000000001,1.2800000000000002,1,1,1,15,0.730755542012488,0.5931785190003612,0.6987249851226807,0.11351656913757324
500,6.4,4.198400000000001,1.2800000000000002,1,1,1,16,0.8576365459811913,0.6347304682213797,0.5361044406890869,0.11215925216674805
500,6.4,4.198400000000001,1.2800000000000002,1,1,1,17,0.8173605368425916,0.5297992298813657,0.494171142578125,0.11543822288513184
500,6.4,4.198400000000001,1.2800000000000002,1,1,1,18,0.8094472712021044,0.5021345856946253,0.512948751449585,0.11442041397094727
500,6.4,4.198400000000001,1.2800000000000002,1,1,1,19,0.8256778700257315,0.4856378973944394,0.5239543914794922,0.11008334159851074
500,6.4,4.198400000000001,1.2800000000000002,1,1,1,20,0.888333654127475,0.5483594826536596,0.5588192939758301,0.1266186237335205
500,6.4,4.198400000000001,1.2800000000000002,1,1,1,21,0.7437719122581435,0.4440618622932036,0.6473286151885986,0.10296511650085449
500,6.4,4.198400000000001,1.2800000000000002,1,1,1,22,0.8064986554661981,0.6292571356002491,0.6368677616119385,0.12154078483581543
500,6.4,4.198400000000001,1.2800000000000002,1,1,1,23,0.7446270185277017,0.43670256745836483,0.6534597873687744,0.09740924835205078
500,6.4,4.198400000000001,1.2800000000000002,1,1,1,24,0.6762348148360925,0.48006685664498844,0.6735029220581055,0.1035001277923584
500,6.6000000000000005,4.382400000000001,1.3200000000000003,1,1,1,0,1.023588245850597,0.4983930231594119,0.6175458431243896,0.11393547058105469
500,6.6000000000000005,4.382400000000001,1.3200000000000003,1,1,1,1,0.9108308642046891,0.5097406333707899,0.5619096755981445,0.11341285705566406
500,6.6000000000000005,4.382400000000001,1.3200000000000003,1,1,1,2,0.7134839141001736,0.514452207266378,0.49674177169799805,0.08340978622436523
500,6.6000000000000005,4.382400000000001,1.3200000000000003,1,1,1,3,0.7476792082198631,0.5081359511623285,0.5072751045227051,0.1008152961730957
500,6.6000000000000005,4.382400000000001,1.3200000000000003,1,1,1,4,0.7822797710193309,0.577291635571989,0.5935268402099609,0.100311279296875
500,6.6000000000000005,4.382400000000001,1.3200000000000003,1,1,1,5,0.9522564753794811,0.5629398181810507,0.524648904800415,0.10553717613220215
500,6.6000000000000005,4.382400000000001,1.3200000000000003,1,1,1,6,0.8836329287500362,0.5270339802482882,0.6480541229248047,0.11442875862121582
500,6.6000000000000005,4.382400000000001,1.3200000000000003,1,1,1,7,0.6732153139308864,0.548517529623676,0.5781493186950684,0.09973359107971191
500,6.6000000000000005,4.382400000000001,1.3200000000000003,1,1,1,8,0.771281796431361,0.5900753750096478,0.5470712184906006,0.11043119430541992
500,6.6000000000000005,4.382400000000001,1.3200000000000003,1,1,1,9,0.779031808911538,0.6051230862939508,0.5733656883239746,0.08398699760437012
500,6.6000000000000005,4.382400000000001,1.3200000000000003,1,1,1,10,0.8521794142653423,0.435437215178585,0.531198263168335,0.10803890228271484
500,6.6000000000000005,4.382400000000001,1.3200000000000003,1,1,1,11,0.7353454187887192,0.6372602697120229,0.51397705078125,0.10823440551757812
500,6.6000000000000005,4.382400000000001,1.3200000000000003,1,1,1,12,0.7620446373602273,0.5647733850983705,0.6815147399902344,0.1465303897857666
500,6.6000000000000005,4.382400000000001,1.3200000000000003,1,1,1,13,0.863072461017065,0.6513174103259176,0.5327272415161133,0.1131443977355957
500,6.6000000000000005,4.382400000000001,1.3200000000000003,1,1,1,14,0.7983527881922947,0.5548058032695389,0.5810790061950684,0.09636378288269043
500,6.6000000000000005,4.382400000000001,1.3200000000000003,1,1,1,15,0.7104811880673837,0.4496211322079632,0.5483598709106445,0.10957694053649902
500,6.6000000000000005,4.382400000000001,1.3200000000000003,1,1,1,16,0.8379160108560418,0.5755582626254622,0.5088212490081787,0.09584212303161621
500,6.6000000000000005,4.382400000000001,1.3200000000000003,1,1,1,17,0.8093792931797047,0.6781688346291305,0.5911157131195068,0.11704206466674805
500,6.6000000000000005,4.382400000000001,1.3200000000000003,1,1,1,18,0.8504998641051285,0.5473266190385272,0.7346022129058838,0.13366174697875977
500,6.6000000000000005,4.382400000000001,1.3200000000000003,1,1,1,19,0.7622044486759252,0.6064037752427508,0.5050904750823975,0.10867094993591309
500,6.6000000000000005,4.382400000000001,1.3200000000000003,1,1,1,20,0.8560037532309889,0.47078164983985193,0.5399799346923828,0.12282156944274902
500,6.6000000000000005,4.382400000000001,1.3200000000000003,1,1,1,21,0.7505859086951687,0.599814181509228,0.5198922157287598,0.11133480072021484
500,6.6000000000000005,4.382400000000001,1.3200000000000003,1,1,1,22,0.7178291552515426,0.5270545948445996,0.6767942905426025,0.10262537002563477
500,6.6000000000000005,4.382400000000001,1.3200000000000003,1,1,1,23,0.9088830489567012,0.49268913161929373,0.6408262252807617,0.1432654857635498
500,6.6000000000000005,4.382400000000001,1.3200000000000003,1,1,1,24,0.6726253541364674,0.5942666206720749,0.5736124515533447,0.0960550308227539
500,6.800000000000001,4.569600000000001,1.3600000000000003,1,1,1,0,2.499954796962941,0.6151909410174577,0.552051305770874,0.1306464672088623
500,6.800000000000001,4.569600000000001,1.3600000000000003,1,1,1,1,0.8081666062611914,0.5810082054804788,0.5190787315368652,0.1176607608795166
500,6.800000000000001,4.569600000000001,1.3600000000000003,1,1,1,2,0.8100688075911843,0.5745949852694578,0.5155637264251709,0.13269376754760742
500,6.800000000000001,4.569600000000001,1.3600000000000003,1,1,1,3,0.9244269079810434,0.7568931417454643,0.5990781784057617,0.12888240814208984
500,6.800000000000001,4.569600000000001,1.3600000000000003,1,1,1,4,0.8368390840034107,0.44419927720444574,0.7238080501556396,0.11528420448303223
500,6.800000000000001,4.569600000000001,1.3600000000000003,1,1,1,5,0.7674369165970336,0.4532225174064985,0.5321276187896729,0.09962320327758789
500,6.800000000000001,4.569600000000001,1.3600000000000003,1,1,1,6,0.7828546404112233,0.5390077676372382,0.5896883010864258,0.11597108840942383
500,6.800000000000001,4.569600000000001,1.3600000000000003,1,1,1,7,0.9086621100634019,0.6347630921134932,0.5129587650299072,0.11543941497802734
500,6.800000000000001,4.569600000000001,1.3600000000000003,1,1,1,8,0.7947593803445204,0.6149828509466376,0.5117397308349609,0.10965299606323242
500,6.800000000000001,4.569600000000001,1.3600000000000003,1,1,1,9,0.851799087544947,0.5278224922872927,0.7066850662231445,0.1211700439453125
500,6.800000000000001,4.569600000000001,1.3600000000000003,1,1,1,10,0.8462457515758701,0.7409521994998294,0.5035159587860107,0.11771345138549805
500,6.800000000000001,4.569600000000001,1.3600000000000003,1,1,1,11,0.8369880442486685,0.49752084249397044,0.5168380737304688,0.1167154312133789
500,6.800000000000001,4.569600000000001,1.3600000000000003,1,1,1,12,0.7956426790179225,0.7730793367292471,0.5739612579345703,0.10142660140991211
500,6.800000000000001,4.569600000000001,1.3600000000000003,1,1,1,13,0.878196251079999,0.5146564653925499,0.6283345222473145,0.13238000869750977
500,6.800000000000001,4.569600000000001,1.3600000000000003,1,1,1,14,0.867835277822642,0.5382033703550119,0.7368547916412354,0.16682720184326172
500,6.800000000000001,4.569600000000001,1.3600000000000003,1,1,1,15,0.8101316034324726,0.5050250157474835,0.5335047245025635,0.11676406860351562
500,6.800000000000001,4.569600000000001,1.3600000000000003,1,1,1,16,0.8049031042701333,0.6398503341237138,0.5293786525726318,0.11515235900878906
500,6.800000000000001,4.569600000000001,1.3600000000000003,1,1,1,17,0.8701529248057264,0.5366434190177539,0.5550990104675293,0.10996198654174805
500,6.800000000000001,4.569600000000001,1.3600000000000003,1,1,1,18,0.94466235721662,0.518844211997839,0.5538992881774902,0.10516071319580078
500,6.800000000000001,4.569600000000001,1.3600000000000003,1,1,1,19,0.7939638221263285,0.6606505891339783,0.5937316417694092,0.1075892448425293
500,6.800000000000001,4.569600000000001,1.3600000000000003,1,1,1,20,0.7947847890745975,0.6920515652347055,0.710618257522583,0.12060141563415527
500,6.800000000000001,4.569600000000001,1.3600000000000003,1,1,1,21,0.8621011235160552,0.5616294096379725,0.6073682308197021,0.0865941047668457
500,6.800000000000001,4.569600000000001,1.3600000000000003,1,1,1,22,0.8226771372847954,0.7600558289288897,0.5896174907684326,0.12876152992248535
500,6.800000000000001,4.569600000000001,1.3600000000000003,1,1,1,23,1.0749039856944425,0.5858062396459898,0.5640079975128174,0.10343718528747559
500,6.800000000000001,4.569600000000001,1.3600000000000003,1,1,1,24,0.8810021048967889,0.5645059635279045,0.5948333740234375,0.08557772636413574
500,7.0,4.760000000000001,1.4000000000000001,1,1,1,0,0.9398569732536535,0.5190760219979279,0.7263023853302002,0.13067269325256348
500,7.0,4.760000000000001,1.4000000000000001,1,1,1,1,0.8272449992745763,0.5763158579958327,0.5500802993774414,0.10058188438415527
500,7.0,4.760000000000001,1.4000000000000001,1,1,1,2,0.7267253453696887,0.7085766945911277,0.5679001808166504,0.10045051574707031
500,7.0,4.760000000000001,1.4000000000000001,1,1,1,3,0.9326503481844906,0.6265547772791751,0.5810108184814453,0.12329602241516113
500,7.0,4.760000000000001,1.4000000000000001,1,1,1,4,0.8524092127512897,0.5703809103541359,0.5123839378356934,0.10816025733947754
500,7.0,4.760000000000001,1.4000000000000001,1,1,1,5,0.8849818536085812,0.5026811716758863,0.5147721767425537,0.1381230354309082
500,7.0,4.760000000000001,1.4000000000000001,1,1,1,6,1.011629509243956,0.5554191185783014,0.6895835399627686,0.11469101905822754
500,7.0,4.760000000000001,1.4000000000000001,1,1,1,7,0.8224039505593406,0.6686256598503407,0.5312910079956055,0.11849808692932129
500,7.0,4.760000000000001,1.4000000000000001,1,1,1,8,0.9324557820219759,0.5117872521950674,0.5662069320678711,0.11285972595214844
500,7.0,4.760000000000001,1.4000000000000001,1,1,1,9,0.7558603579353418,0.6436980748695205,0.7579348087310791,0.11590075492858887
500,7.0,4.760000000000001,1.4000000000000001,1,1,1,10,0.9108003852040274,0.5134002850515017,0.5438189506530762,0.09852933883666992
500,7.0,4.760000000000001,1.4000000000000001,1,1,1,11,0.8449120352345708,0.5412188409136696,0.6301684379577637,0.12804627418518066
500,7.0,4.760000000000001,1.4000000000000001,1,1,1,12,0.8284230062289811,0.5912161038463853,0.6321301460266113,0.10039758682250977
500,7.0,4.760000000000001,1.4000000000000001,1,1,1,13,1.0164542238893273,0.7405558958138699,0.5539717674255371,0.09962105751037598
500,7.0,4.760000000000001,1.4000000000000001,1,1,1,14,0.8472556884967296,0.5293541960954543,0.5463385581970215,0.1145792007446289
500,7.0,4.760000000000001,1.4000000000000001,1,1,1,15,0.8619948533063853,0.5514277258995202,0.52907395362854,0.11408782005310059
500,7.0,4.760000000000001,1.4000000000000001,1,1,1,16,2.7720035788374737,1.5495328798142045,0.6052887439727783,0.1160135269165039
500,7.0,4.760000000000001,1.4000000000000001,1,1,1,17,1.0032719642108372,0.5957130631495989,0.6354515552520752,0.11866378784179688
500,7.0,4.760000000000001,1.4000000000000001,1,1,1,18,0.9546040329006178,0.5844106491588621,0.5098989009857178,0.09209346771240234
500,7.0,4.760000000000001,1.4000000000000001,1,1,1,19,0.8911836310569679,0.5628036958522463,0.5490434169769287,0.12531137466430664
500,7.0,4.760000000000001,1.4000000000000001,1,1,1,20,0.9729345584215805,0.7066874179685636,0.5011546611785889,0.10607671737670898
500,7.0,4.760000000000001,1.4000000000000001,1,1,1,21,0.89207416630614,0.49973747056045154,0.5324976444244385,0.10479450225830078
500,7.0,4.760000000000001,1.4000000000000001,1,1,1,22,0.836785123880625,0.5312880697068793,0.6895132064819336,0.12437820434570312
500,7.0,4.760000000000001,1.4000000000000001,1,1,1,23,0.7443122260203834,0.5689321450808023,0.5861189365386963,0.09813046455383301
500,7.0,4.760000000000001,1.4000000000000001,1,1,1,24,0.8232698974921797,0.596050709967987,0.5473592281341553,0.1041414737701416
500,7.2,4.953600000000002,1.4400000000000002,1,1,1,0,0.8360549137913492,0.615719645110267,0.580552339553833,0.10872840881347656
500,7.2,4.953600000000002,1.4400000000000002,1,1,1,1,1.0979638688236038,0.4901293410151566,0.5479257106781006,0.11400055885314941
500,7.2,4.953600000000002,1.4400000000000002,1,1,1,2,0.90225154722378,0.6018006715969481,0.5686910152435303,0.12225627899169922
500,7.2,4.953600000000002,1.4400000000000002,1,1,1,3,1.0926887556558347,0.5444778841224683,0.5964560508728027,0.11767387390136719
500,7.2,4.953600000000002,1.4400000000000002,1,1,1,4,0.7984148778204581,0.5573838276941109,0.6372067928314209,0.1130368709564209
500,7.2,4.953600000000002,1.4400000000000002,1,1,1,5,0.9938799883582828,0.7252678690375566,0.5724155902862549,0.1283557415008545
500,7.2,4.953600000000002,1.4400000000000002,1,1,1,6,0.8945450069426151,0.47628388707233454,0.519646406173706,0.11267232894897461
500,7.2,4.953600000000002,1.4400000000000002,1,1,1,7,0.9184919782184481,0.6844187732662074,0.5516390800476074,0.13056325912475586
500,7.2,4.953600000000002,1.4400000000000002,1,1,1,8,0.8427031141346698,0.6117033050786479,0.6023409366607666,0.12854385375976562
500,7.2,4.953600000000002,1.4400000000000002,1,1,1,9,0.8938010076970139,0.6609912055855126,0.6429872512817383,0.11936044692993164
500,7.2,4.953600000000002,1.4400000000000002,1,1,1,10,0.7731350186262443,0.581260468507666,0.5372598171234131,0.10601592063903809
500,7.2,4.953600000000002,1.4400000000000002,1,1,1,11,0.8487292372952694,0.4902672162021785,0.5423660278320312,0.08615708351135254
500,7.2,4.953600000000002,1.4400000000000002,1,1,1,12,1.1774652156269163,0.4838128114821696,0.4975244998931885,0.11672472953796387
500,7.2,4.953600000000002,1.4400000000000002,1,1,1,13,0.8667023554333887,0.5320694075802037,0.6092085838317871,0.09351658821105957
500,7.2,4.953600000000002,1.4400000000000002,1,1,1,14,1.039709934210925,0.5682368886980853,0.7093136310577393,0.13204097747802734
500,7.2,4.953600000000002,1.4400000000000002,1,1,1,15,0.8078802335746783,0.8217555006654734,0.505615234375,0.1042788028717041
500,7.2,4.953600000000002,1.4400000000000002,1,1,1,16,1.0720645389989543,0.5986918070424467,0.5129365921020508,0.11152195930480957
500,7.2,4.953600000000002,1.4400000000000002,1,1,1,17,0.8574308497027272,0.5545271633617258,0.49738359451293945,0.10015106201171875
500,7.2,4.953600000000002,1.4400000000000002,1,1,1,18,0.7848053591604123,0.5622022699324342,0.4846320152282715,0.09942436218261719
500,7.2,4.953600000000002,1.4400000000000002,1,1,1,19,1.0343767166413769,0.6164678709859349,0.679797887802124,0.1419200897216797
500,7.2,4.953600000000002,1.4400000000000002,1,1,1,20,0.7923504468688336,0.572934527828987,0.521010160446167,0.11282587051391602
500,7.2,4.953600000000002,1.4400000000000002,1,1,1,21,0.8914229638062676,0.7590244124719542,0.5581157207489014,0.08907103538513184
500,7.2,4.953600000000002,1.4400000000000002,1,1,1,22,0.8147201688550024,0.6168690872607069,0.5469558238983154,0.1067042350769043
500,7.2,4.953600000000002,1.4400000000000002,1,1,1,23,1.0615713831496079,0.5374761570796376,0.5495059490203857,0.09048724174499512
500,7.2,4.953600000000002,1.4400000000000002,1,1,1,24,0.8015201779764326,0.7426551144174994,0.53249192237854,0.12564945220947266
500,7.4,5.150400000000001,1.4800000000000002,1,1,1,0,0.8953203059695595,0.5523553081343364,0.8304541110992432,0.1442880630493164
500,7.4,5.150400000000001,1.4800000000000002,1,1,1,1,1.0221002675757642,0.5070171440858741,0.5642030239105225,0.10669422149658203
500,7.4,5.150400000000001,1.4800000000000002,1,1,1,2,0.9218078506446763,0.6325181652063021,0.554377555847168,0.11012053489685059
500,7.4,5.150400000000001,1.4800000000000002,1,1,1,3,0.9454507850786247,0.6072273942682788,0.5245234966278076,0.11734509468078613
500,7.4,5.150400000000001,1.4800000000000002,1,1,1,4,0.8979443276943937,0.7001071387254906,0.5140974521636963,0.11301326751708984
500,7.4,5.150400000000001,1.4800000000000002,1,1,1,5,0.8528512801466935,0.5755468705806734,0.5881726741790771,0.12055468559265137
500,7.4,5.150400000000001,1.4800000000000002,1,1,1,6,0.8420570302924659,0.5645918753522995,0.6212360858917236,0.11377811431884766
500,7.4,5.150400000000001,1.4800000000000002,1,1,1,7,1.0543542477288659,0.5399585777973396,0.5432217121124268,0.10243368148803711
500,7.4,5.150400000000001,1.4800000000000002,1,1,1,8,0.8433928596200583,0.5211894168380476,0.5762393474578857,0.11529946327209473
500,7.4,5.150400000000001,1.4800000000000002,1,1,1,9,0.9713845106731858,0.6235159773651476,0.524202823638916,0.11677026748657227
500,7.4,5.150400000000001,1.4800000000000002,1,1,1,10,0.903387537812895,0.546882588250894,0.5377354621887207,0.12861275672912598
500,7.4,5.150400000000001,1.4800000000000002,1,1,1,11,0.9430893254757222,0.5935761681390751,0.6600539684295654,0.13764262199401855
500,7.4,5.150400000000001,1.4800000000000002,1,1,1,12,0.995279978001021,0.6926608313782697,0.5194687843322754,0.0874636173248291
500,7.4,5.150400000000001,1.4800000000000002,1,1,1,13,1.010682033066166,0.6100509558186854,0.5840177536010742,0.09764695167541504
500,7.4,5.150400000000001,1.4800000000000002,1,1,1,14,0.9157844750218819,0.6489741686588761,0.5460169315338135,0.10856366157531738
500,7.4,5.150400000000001,1.4800000000000002,1,1,1,15,0.9461023439184026,0.6046497702673134,0.5169882774353027,0.10568094253540039
500,7.4,5.150400000000001,1.4800000000000002,1,1,1,16,1.1190110908993722,0.5922775993539839,0.5913622379302979,0.1252307891845703
500,7.4,5.150400000000001,1.4800000000000002,1,1,1,17,2.4036428029288945,0.6488497954295687,0.6908125877380371,0.1305708885192871
500,7.4,5.150400000000001,1.4800000000000002,1,1,1,18,0.9220127372051652,0.8152708265622447,0.6147308349609375,0.10252213478088379
500,7.4,5.150400000000001,1.4800000000000002,1,1,1,19,0.9482786500034605,0.661027957492806,0.49417996406555176,0.11068558692932129
500,7.4,5.150400000000001,1.4800000000000002,1,1,1,20,0.8556358246888188,0.6042954377805198,0.5738282203674316,0.09637641906738281
500,7.4,5.150400000000001,1.4800000000000002,1,1,1,21,0.9509479201667058,0.6382258759082091,0.6343998908996582,0.12364077568054199
500,7.4,5.150400000000001,1.4800000000000002,1,1,1,22,0.8740987957788843,0.5017372529814054,0.6843051910400391,0.11577868461608887
500,7.4,5.150400000000001,1.4800000000000002,1,1,1,23,0.8170986585406541,0.6726822744936036,0.5389976501464844,0.08445858955383301
500,7.4,5.150400000000001,1.4800000000000002,1,1,1,24,0.9111754052810379,0.507188252150038,0.5668365955352783,0.11712145805358887
500,7.6000000000000005,5.350400000000001,1.5200000000000002,1,1,1,0,1.0494821241140133,0.570661475157139,0.5558516979217529,0.11005449295043945
500,7.6000000000000005,5.350400000000001,1.5200000000000002,1,1,1,1,0.9195301350166329,0.5040779455261906,0.5216410160064697,0.11125755310058594
500,7.6000000000000005,5.350400000000001,1.5200000000000002,1,1,1,2,1.0381425405201155,0.7031449055854572,0.6435079574584961,0.13521671295166016
500,7.6000000000000005,5.350400000000001,1.5200000000000002,1,1,1,3,0.9179700256193122,0.5734793356228896,0.5894761085510254,0.10055685043334961
500,7.6000000000000005,5.350400000000001,1.5200000000000002,1,1,1,4,0.9069379557472814,0.7060877873011626,0.5451855659484863,0.09760689735412598
500,7.6000000000000005,5.350400000000001,1.5200000000000002,1,1,1,5,0.9297766215803057,0.9267832578204312,0.5687961578369141,0.11801338195800781
500,7.6000000000000005,5.350400000000001,1.5200000000000002,1,1,1,6,1.0444940155774727,0.6287960884260722,0.5217843055725098,0.09551334381103516
500,7.6000000000000005,5.350400000000001,1.5200000000000002,1,1,1,7,0.78420383544197,0.6252412606351683,0.5829837322235107,0.11821603775024414
500,7.6000000000000005,5.350400000000001,1.5200000000000002,1,1,1,8,2.691027262700776,0.7767174072043114,0.5822060108184814,0.13347387313842773
500,7.6000000000000005,5.350400000000001,1.5200000000000002,1,1,1,9,2.8205277383311067,1.6065648117605,0.5081980228424072,0.11296606063842773
500,7.6000000000000005,5.350400000000001,1.5200000000000002,1,1,1,10,0.8545249308098636,0.5639168239906761,0.5166213512420654,0.09978914260864258
500,7.6000000000000005,5.350400000000001,1.5200000000000002,1,1,1,11,2.8239426032286503,0.7500892035105685,0.49343347549438477,0.09042501449584961
500,7.6000000000000005,5.350400000000001,1.5200000000000002,1,1,1,12,1.0665580788834184,0.5752385177772706,0.5410263538360596,0.09356069564819336
500,7.6000000000000005,5.350400000000001,1.5200000000000002,1,1,1,13,1.0165723380370604,0.8553103588054622,0.6324348449707031,0.11661791801452637
500,7.6000000000000005,5.350400000000001,1.5200000000000002,1,1,1,14,0.7955978053907228,0.5707985351116271,0.6369748115539551,0.1062314510345459
500,7.6000000000000005,5.350400000000001,1.5200000000000002,1,1,1,15,0.9985867197264217,0.5374471115904131,0.555556058883667,0.09378814697265625
500,7.6000000000000005,5.350400000000001,1.5200000000000002,1,1,1,16,0.9203150785241039,0.5351862714044087,0.582613468170166,0.1223595142364502
500,7.6000000000000005,5.350400000000001,1.5200000000000002,1,1,1,17,1.0317161274150985,0.6473378577345426,0.6637141704559326,0.14565396308898926
500,7.6000000000000005,5.350400000000001,1.5200000000000002,1,1,1,18,0.8658983943142274,0.787743198609217,0.5824368000030518,0.10925698280334473
500,7.6000000000000005,5.350400000000001,1.5200000000000002,1,1,1,19,1.0499397358023164,0.5614323876739407,0.5722379684448242,0.11952495574951172
500,7.6000000000000005,5.350400000000001,1.5200000000000002,1,1,1,20,0.9090773109180719,0.6438463884502702,0.5443949699401855,0.11102962493896484
500,7.6000000000000005,5.350400000000001,1.5200000000000002,1,1,1,21,0.9403892089774681,0.6098270647553417,0.5587031841278076,0.10996198654174805
500,7.6000000000000005,5.350400000000001,1.5200000000000002,1,1,1,22,1.1155456319012202,0.6605516339100469,0.5472335815429688,0.11065554618835449
500,7.6000000000000005,5.350400000000001,1.5200000000000002,1,1,1,23,0.989276316069963,0.836639906783861,0.5863454341888428,0.0880744457244873
500,7.6000000000000005,5.350400000000001,1.5200000000000002,1,1,1,24,0.9038679729090187,0.6047715686165075,0.6264364719390869,0.13560819625854492
500,7.800000000000001,5.553600000000002,1.5600000000000003,1,1,1,0,1.930256379458094,0.6119057519968992,0.6567959785461426,0.09956741333007812
500,7.800000000000001,5.553600000000002,1.5600000000000003,1,1,1,1,1.1187893974900665,0.6294372909178887,0.5628175735473633,0.09752154350280762
500,7.800000000000001,5.553600000000002,1.5600000000000003,1,1,1,2,1.0492072275101911,0.6241389897600257,0.5676305294036865,0.08342576026916504
500,7.800000000000001,5.553600000000002,1.5600000000000003,1,1,1,3,0.8978189244124384,0.659964927172587,0.5018119812011719,0.11940574645996094
500,7.800000000000001,5.553600000000002,1.5600000000000003,1,1,1,4,0.8756913533391628,0.5956023862246752,0.503986120223999,0.11524081230163574
500,7.800000000000001,5.553600000000002,1.5600000000000003,1,1,1,5,0.8951090686399886,0.6627459026756751,0.5409057140350342,0.10704517364501953
500,7.800000000000001,5.553600000000002,1.5600000000000003,1,1,1,6,0.9746928496458342,0.7407250578221206,0.6097159385681152,0.1116182804107666
500,7.800000000000001,5.553600000000002,1.5600000000000003,1,1,1,7,0.9332265850354554,0.6651822067808075,0.4975152015686035,0.10469579696655273
500,7.800000000000001,5.553600000000002,1.5600000000000003,1,1,1,8,2.009166955299367,1.038693724535478,0.49305200576782227,0.10842013359069824
500,7.800000000000001,5.553600000000002,1.5600000000000003,1,1,1,9,1.010891096476049,0.5567717165600637,0.49975061416625977,0.10812234878540039
500,7.800000000000001,5.553600000000002,1.5600000000000003,1,1,1,10,0.9241035798628746,0.6052861837839018,0.5438814163208008,0.08728790283203125
500,7.800000000000001,5.553600000000002,1.5600000000000003,1,1,1,11,1.1005790475438728,0.7987217870739798,0.6821413040161133,0.11155939102172852
500,7.800000000000001,5.553600000000002,1.5600000000000003,1,1,1,12,1.0758003295065781,0.5731355170042374,0.589900016784668,0.1408989429473877
500,7.800000000000001,5.553600000000002,1.5600000000000003,1,1,1,13,0.9287108795044569,0.7265045702170961,0.6630535125732422,0.10864472389221191
500,7.800000000000001,5.553600000000002,1.5600000000000003,1,1,1,14,1.045756489749038,0.8658033318225039,0.5487916469573975,0.1051015853881836
500,7.800000000000001,5.553600000000002,1.5600000000000003,1,1,1,15,1.2816403056981147,0.6180989259486778,0.4947366714477539,0.11086916923522949
500,7.800000000000001,5.553600000000002,1.5600000000000003,1,1,1,16,0.9198115329165272,0.6486235590348033,0.5962779521942139,0.13956809043884277
500,7.800000000000001,5.553600000000002,1.5600000000000003,1,1,1,17,0.9548881689331778,0.5799971107805905,0.5422639846801758,0.116485595703125
500,7.800000000000001,5.553600000000002,1.5600000000000003,1,1,1,18,1.09195212459537,0.6011929978045131,0.5756959915161133,0.08655619621276855
500,7.800000000000001,5.553600000000002,1.5600000000000003,1,1,1,19,0.9272611795829695,0.5006857261772103,0.5204052925109863,0.10510802268981934
500,7.800000000000001,5.553600000000002,1.5600000000000003,1,1,1,20,0.9960487115483154,0.8098169470597822,0.5469937324523926,0.09862446784973145
500,7.800000000000001,5.553600000000002,1.5600000000000003,1,1,1,21,0.9141314018128689,0.8291525665834237,0.5730898380279541,0.1081092357635498
500,7.800000000000001,5.553600000000002,1.5600000000000003,1,1,1,22,1.074108565137728,0.7345669939670968,0.7227776050567627,0.09780406951904297
500,7.800000000000001,5.553600000000002,1.5600000000000003,1,1,1,23,0.9669246879661159,0.7297045281813106,0.5602853298187256,0.12256741523742676
500,7.800000000000001,5.553600000000002,1.5600000000000003,1,1,1,24,1.0506580796793905,0.6062517177045041,0.5074710845947266,0.09369444847106934
500,8.0,5.760000000000001,1.6,1,1,1,0,0.8170863238335662,0.5974397306238786,0.5353062152862549,0.10434174537658691
500,8.0,5.760000000000001,1.6,1,1,1,1,2.4745119403938705,0.8186145268066832,0.554384708404541,0.11150002479553223
500,8.0,5.760000000000001,1.6,1,1,1,2,1.078970998019038,0.5856455467237148,0.6144325733184814,0.14323806762695312
500,8.0,5.760000000000001,1.6,1,1,1,3,2.690933666256446,0.9052022817399421,0.6023101806640625,0.1261732578277588
500,8.0,5.760000000000001,1.6,1,1,1,4,1.0638660458340163,0.7385483479079767,0.5337555408477783,0.11575460433959961
500,8.0,5.760000000000001,1.6,1,1,1,5,1.1372774248125777,0.584366023567768,0.4763779640197754,0.10654449462890625
500,8.0,5.760000000000001,1.6,1,1,1,6,1.0122100204761337,0.6689636411069473,0.5795714855194092,0.10326647758483887
500,8.0,5.760000000000001,1.6,1,1,1,7,0.992009247612591,0.5717048755144365,0.49343061447143555,0.11253046989440918
500,8.0,5.760000000000001,1.6,1,1,1,8,2.1107449853245166,0.5646368349481076,0.6828742027282715,0.1302783489227295
500,8.0,5.760000000000001,1.6,1,1,1,9,0.9114021771705165,0.756909110166575,0.703660249710083,0.11454558372497559
500,8.0,5.760000000000001,1.6,1,1,1,10,1.0115570305613097,0.6117546324671079,0.5971059799194336,0.09733772277832031
500,8.0,5.760000000000001,1.6,1,1,1,11,2.5626986777576564,0.5710215414447704,0.5766322612762451,0.1135871410369873
500,8.0,5.760000000000001,1.6,1,1,1,12,1.2010718125891169,0.7902616306488494,0.5664768218994141,0.11157822608947754
500,8.0,5.760000000000001,1.6,1,1,1,13,0.9839760000534788,0.8277219073379475,0.718228816986084,0.14120197296142578
500,8.0,5.760000000000001,1.6,1,1,1,14,1.4049094753243263,1.0498089046893813,0.5559146404266357,0.11163830757141113
500,8.0,5.760000000000001,1.6,1,1,1,15,0.9333986853159405,0.6530815824112759,0.5256125926971436,0.12829971313476562
500,8.0,5.760000000000001,1.6,1,1,1,16,0.8765016169489515,0.6979320887303265,0.5473122596740723,0.10459780693054199
500,8.0,5.760000000000001,1.6,1,1,1,17,0.9785174008923424,0.6412109967304898,0.620013952255249,0.12561702728271484
500,8.0,5.760000000000001,1.6,1,1,1,18,0.9150179779614339,0.5993650473946386,0.6211516857147217,0.10955023765563965
500,8.0,5.760000000000001,1.6,1,1,1,19,0.9766949627201978,0.6159779562716823,0.6279771327972412,0.15945911407470703
500,8.0,5.760000000000001,1.6,1,1,1,20,0.9534312461079723,0.6599218634144284,0.5029373168945312,0.1221315860748291
500,8.0,5.760000000000001,1.6,1,1,1,21,1.1235465793403439,0.6057793532848403,0.5309662818908691,0.09944891929626465
500,8.0,5.760000000000001,1.6,1,1,1,22,1.1165561140183409,0.5992669577922338,0.5349526405334473,0.11646103858947754
500,8.0,5.760000000000001,1.6,1,1,1,23,1.0276680593738128,0.7980583127788154,0.5540688037872314,0.10549712181091309
500,8.0,5.760000000000001,1.6,1,1,1,24,0.9232660620319092,0.7886881255263729,0.6339602470397949,0.12160038948059082
500,8.200000000000001,5.9696000000000025,1.6400000000000003,1,1,1,0,2.4809956064787144,0.6882133625662025,0.619678258895874,0.11970090866088867
500,8.200000000000001,5.9696000000000025,1.6400000000000003,1,1,1,1,1.089539881224676,0.5924708113467876,0.5717513561248779,0.10164928436279297
500,8.200000000000001,5.9696000000000025,1.6400000000000003,1,1,1,2,2.0780003079365734,0.6682468504462429,0.5071065425872803,0.10831832885742188
500,8.200000000000001,5.9696000000000025,1.6400000000000003,1,1,1,3,2.825448860361077,1.0033274069401592,0.5459997653961182,0.12616586685180664
500,8.200000000000001,5.9696000000000025,1.6400000000000003,1,1,1,4,1.002078928550061,0.8100478808668653,0.6523153781890869,0.13478899002075195
500,8.200000000000001,5.9696000000000025,1.6400000000000003,1,1,1,5,1.0940821629986792,0.7306490612197477,0.8132987022399902,0.12292170524597168
500,8.200000000000001,5.9696000000000025,1.6400000000000003,1,1,1,6,1.2995229493408846,0.7189487696484799,0.5264816284179688,0.1064291000366211
500,8.200000000000001,5.9696000000000025,1.6400000000000003,1,1,1,7,0.9241430364634529,0.8601440431243339,0.5387036800384521,0.10013771057128906
500,8.200000000000001,5.9696000000000025,1.6400000000000003,1,1,1,8,0.9861101414380407,0.6638889813947815,0.5726141929626465,0.09122657775878906
500,8.200000000000001,5.9696000000000025,1.6400000000000003,1,1,1,9,0.948785084659941,0.723895493986253,0.5337314605712891,0.1121068000793457
500,8.200000000000001,5.9696000000000025,1.6400000000000003,1,1,1,10,1.3299083186163327,0.7386189753891903,0.6540296077728271,0.13193702697753906
500,8.200000000000001,5.9696000000000025,1.6400000000000003,1,1,1,11,1.030461053157024,0.6984431972702959,0.5419437885284424,0.09912729263305664
500,8.200000000000001,5.9696000000000025,1.6400000000000003,1,1,1,12,0.9435603280722793,0.7582780420159968,0.5531234741210938,0.10165572166442871
500,8.200000000000001,5.9696000000000025,1.6400000000000003,1,1,1,13,1.2143474001686771,0.7651335005101727,0.5775024890899658,0.09153366088867188
500,8.200000000000001,5.9696000000000025,1.6400000000000003,1,1,1,14,1.127000069880356,0.8423871690587741,0.5075750350952148,0.10246729850769043
500,8.200000000000001,5.9696000000000025,1.6400000000000003,1,1,1,15,1.1048683264705454,0.5753158016187047,0.614617109298706,0.11262154579162598
500,8.200000000000001,5.9696000000000025,1.6400000000000003,1,1,1,16,1.0685785581183325,0.7221268453199331,0.7038164138793945,0.12348723411560059
500,8.200000000000001,5.9696000000000025,1.6400000000000003,1,1,1,17,1.1106497037546006,0.5631141845514369,0.5396442413330078,0.10332918167114258
500,8.200000000000001,5.9696000000000025,1.6400000000000003,1,1,1,18,1.138159631704397,0.8107837171178721,0.5613200664520264,0.08615374565124512
500,8.200000000000001,5.9696000000000025,1.6400000000000003,1,1,1,19,0.9859819119433503,0.6736572849372606,0.5640673637390137,0.11356043815612793
500,8.200000000000001,5.9696000000000025,1.6400000000000003,1,1,1,20,2.8254111255654433,0.7642998822126195,0.550560712814331,0.10356402397155762
500,8.200000000000001,5.9696000000000025,1.6400000000000003,1,1,1,21,1.272993138265831,0.6953090667424946,0.6142170429229736,0.14132380485534668
500,8.200000000000001,5.9696000000000025,1.6400000000000003,1,1,1,22,0.9263817972550721,0.8994091219645788,0.5597937107086182,0.09760332107543945
500,8.200000000000001,5.9696000000000025,1.6400000000000003,1,1,1,23,2.8242049558735274,0.8554547019134343,0.5057237148284912,0.11310029029846191
500,8.200000000000001,5.9696000000000025,1.6400000000000003,1,1,1,24,2.287171665357375,0.6273984881307711,0.666923999786377,0.12768030166625977
500,8.4,6.182400000000001,1.6800000000000002,1,1,1,0,2.276754617208395,1.1406963845704319,0.7053170204162598,0.11008429527282715
500,8.4,6.182400000000001,1.6800000000000002,1,1,1,1,1.104723146823541,0.6946515776669935,0.7077579498291016,0.1256105899810791
500,8.4,6.182400000000001,1.6800000000000002,1,1,1,2,1.2493761908171428,0.8933206310589125,0.511277437210083,0.12726998329162598
500,8.4,6.182400000000001,1.6800000000000002,1,1,1,3,1.06025140475883,0.6668722777082482,0.5444796085357666,0.10185551643371582
500,8.4,6.182400000000001,1.6800000000000002,1,1,1,4,2.812944440640865,0.9224991540768701,0.5405786037445068,0.10731339454650879
500,8.4,6.182400000000001,1.6800000000000002,1,1,1,5,1.2594595666891142,0.595396325380076,0.5208961963653564,0.10042500495910645
500,8.4,6.182400000000001,1.6800000000000002,1,1,1,6,2.5268193708953754,1.143404569858066,0.6197471618652344,0.10878467559814453
500,8.4,6.182400000000001,1.6800000000000002,1,1,1,7,1.0265157270975052,0.6315803106298807,0.6742897033691406,0.1105804443359375
500,8.4,6.182400000000001,1.6800000000000002,1,1,1,8,2.6071454642374228,1.73367381158113,0.5314056873321533,0.09897017478942871
500,8.4,6.182400000000001,1.6800000000000002,1,1,1,9,1.2177951592795697,0.5821593272045069,0.5791597366333008,0.09145927429199219
500,8.4,6.182400000000001,1.6800000000000002,1,1,1,10,2.8242577523507455,0.84816229430674,0.5710959434509277,0.1116628646850586
500,8.4,6.182400000000001,1.6800000000000002,1,1,1,11,1.2724928606839596,0.7615945051398372,0.5408742427825928,0.08499383926391602
500,8.4,6.182400000000001,1.6800000000000002,1,1,1,12,2.795550239206297,0.8685209250235559,0.6132392883300781,0.1314241886138916
500,8.4,6.182400000000001,1.6800000000000002,1,1,1,13,1.2650663814581575,0.6752234298312755,0.7098896503448486,0.11021614074707031
500,8.4,6.182400000000001,1.6800000000000002,1,1,1,14,1.2779495659304614,0.7016784035591774,0.5384340286254883,0.10703444480895996
500,8.4,6.182400000000001,1.6800000000000002,1,1,1,15,1.0314731892575366,0.5836605658859492,0.5500566959381104,0.10055923461914062
500,8.4,6.182400000000001,1.6800000000000002,1,1,1,16,2.8269872987249407,1.3569343467146782,0.5279092788696289,0.11116480827331543
500,8.4,6.182400000000001,1.6800000000000002,1,1,1,17,1.0143426302534888,0.599671056035388,0.5430693626403809,0.08663558959960938
500,8.4,6.182400000000001,1.6800000000000002,1,1,1,18,1.1225679859652948,0.8764598195263938,0.7822370529174805,0.12092375755310059
500,8.4,6.182400000000001,1.6800000000000002,1,1,1,19,1.042392391959965,0.792559679280294,0.5638067722320557,0.10458111763000488
500,8.4,6.182400000000001,1.6800000000000002,1,1,1,20,2.78879232522853,0.823271780730558,0.5406124591827393,0.12302231788635254
500,8.4,6.182400000000001,1.6800000000000002,1,1,1,21,2.8281004547933604,1.0914157381827079,0.4742560386657715,0.11340665817260742
500,8.4,6.182400000000001,1.6800000000000002,1,1,1,22,1.8466048073250505,0.968100953296759,0.5185811519622803,0.09145355224609375
500,8.4,6.182400000000001,1.6800000000000002,1,1,1,23,1.2673074346194286,0.6131913832354646,0.6110045909881592,0.13710951805114746
500,8.4,6.182400000000001,1.6800000000000002,1,1,1,24,1.074130674267987,0.6604008057150291,0.5143346786499023,0.12021088600158691
500,8.6,6.3984,1.72,1,1,1,0,1.126889674240023,0.8599985949918868,0.500201940536499,0.1189417839050293
500,8.6,6.3984,1.72,1,1,1,1,2.576503505676628,1.579199788983579,0.5202114582061768,0.10123944282531738
500,8.6,6.3984,1.72,1,1,1,2,1.1368139800412322,0.7646321800176877,0.4617791175842285,0.10043835639953613
500,8.6,6.3984,1.72,1,1,1,3,1.1288549195166075,0.7784546038063551,0.5225207805633545,0.11598801612854004
500,8.6,6.3984,1.72,1,1,1,4,2.8162041422444317,0.6933446641588682,0.6887943744659424,0.12362384796142578
500,8.6,6.3984,1.72,1,1,1,5,2.8044594131369065,0.8633052888747613,0.6741559505462646,0.11417341232299805
500,8.6,6.3984,1.72,1,1,1,6,1.1696941976664723,0.7207029482955253,0.545905590057373,0.09509897232055664
500,8.6,6.3984,1.72,1,1,1,7,2.4908263515457856,0.7715648647123807,0.5152809619903564,0.1107947826385498
500,8.6,6.3984,1.72,1,1,1,8,1.1534256754790915,0.5711632525672371,0.5427384376525879,0.11057305335998535
500,8.6,6.3984,1.72,1,1,1,9,2.2220639704189664,0.6937762386698525,0.6320083141326904,0.12097311019897461
500,8.6,6.3984,1.72,1,1,1,10,2.8249580796386073,1.1684989334953415,0.6757121086120605,0.09389758110046387
500,8.6,6.3984,1.72,1,1,1,11,1.9474603425198929,0.655834209028379,0.48885345458984375,0.10260319709777832
500,8.6,6.3984,1.72,1,1,1,12,1.33826134859709,0.7766232257464595,0.5814201831817627,0.08338427543640137
500,8.6,6.3984,1.72,1,1,1,13,2.212344122948842,0.7659288344579867,0.49773526191711426,0.12297272682189941
500,8.6,6.3984,1.72,1,1,1,14,1.223132953545373,0.7438090703328956,0.5311679840087891,0.0916907787322998
500,8.6,6.3984,1.72,1,1,1,15,2.6430378916553354,0.9239540470332982,0.7129116058349609,0.15078330039978027
500,8.6,6.3984,1.72,1,1,1,16,1.1592167689310113,0.8234776507258741,0.7260346412658691,0.0982363224029541
500,8.6,6.3984,1.72,1,1,1,17,2.817122755982155,1.513792759478069,0.5097298622131348,0.10584807395935059
500,8.6,6.3984,1.72,1,1,1,18,2.7663907856293672,1.724929801540816,0.4901089668273926,0.10374975204467773
500,8.6,6.3984,1.72,1,1,1,19,1.0322684834030487,0.7081662015773651,0.5279901027679443,0.10870194435119629
500,8.6,6.3984,1.72,1,1,1,20,2.7978281688352067,2.6546859725610386,0.6293835639953613,0.14516448974609375
500,8.6,6.3984,1.72,1,1,1,21,1.7151470711372527,1.4199632758094254,0.5664145946502686,0.09102988243103027
500,8.6,6.3984,1.72,1,1,1,22,1.3415622285036293,0.7137375276883052,0.4832465648651123,0.0945279598236084
500,8.6,6.3984,1.72,1,1,1,23,1.1101389140251132,0.674950073257676,0.5406124591827393,0.10347175598144531
500,8.6,6.3984,1.72,1,1,1,24,1.1922249512370835,0.6506191250765218,0.5545024871826172,0.10759902000427246
500,8.8,6.617600000000001,1.7600000000000002,1,1,1,0,2.828162490649585,1.536811492443587,0.5742881298065186,0.0905158519744873
500,8.8,6.617600000000001,1.7600000000000002,1,1,1,1,2.81694256904012,1.8325412237475558,0.733917236328125,0.11382102966308594
500,8.8,6.617600000000001,1.7600000000000002,1,1,1,2,1.1431660067433596,0.7525289486728773,0.5384476184844971,0.1053166389465332
500,8.8,6.617600000000001,1.7600000000000002,1,1,1,3,2.801715994302893,0.8132481791484155,0.5401251316070557,0.12778019905090332
500,8.8,6.617600000000001,1.7600000000000002,1,1,1,4,2.672273230594152,1.3597784862540951,0.5098628997802734,0.09670376777648926
500,8.8,6.617600000000001,1.7600000000000002,1,1,1,5,2.6333273756717994,0.8021327535395973,0.5539488792419434,0.11163496971130371
500,8.8,6.617600000000001,1.7600000000000002,1,1,1,6,1.0158090625094174,0.6671995876348137,0.6707818508148193,0.11464095115661621
500,8.8,6.617600000000001,1.7600000000000002,1,1,1,7,1.2302945205741487,0.5893945004147688,0.6586534976959229,0.12734174728393555
500,8.8,6.617600000000001,1.7600000000000002,1,1,1,8,1.1250637133710304,0.9036908222679966,0.5454754829406738,0.09747648239135742
500,8.8,6.617600000000001,1.7600000000000002,1,1,1,9,1.2479416971103845,0.7617407856891215,0.5420215129852295,0.1205437183380127
500,8.8,6.617600000000001,1.7600000000000002,1,1,1,10,0.978369674685512,0.7322022306909372,0.5915687084197998,0.09854626655578613
500,8.8,6.617600000000001,1.7600000000000002,1,1,1,11,1.7197748347685944,0.8991212508289237,0.6460039615631104,0.1132659912109375
500,8.8,6.617600000000001,1.7600000000000002,1,1,1,12,1.0892192292038674,0.7104177421676293,0.7635831832885742,0.12333035469055176
500,8.8,6.617600000000001,1.7600000000000002,1,1,1,13,1.3200946705574335,0.9379102463712812,0.5467922687530518,0.10042977333068848
500,8.8,6.617600000000001,1.7600000000000002,1,1,1,14,1.0481309671356867,0.7180758836295033,0.6185822486877441,0.08891868591308594
500,8.8,6.617600000000001,1.7600000000000002,1,1,1,15,1.1328409236312547,0.6920576467212122,0.5891237258911133,0.09725356101989746
500,8.8,6.617600000000001,1.7600000000000002,1,1,1,16,1.0948802018256552,0.7939628274764375,0.6131837368011475,0.11482548713684082
500,8.8,6.617600000000001,1.7600000000000002,1,1,1,17,2.8237762976262677,0.7778702979852731,0.6702303886413574,0.11038684844970703
500,8.8,6.617600000000001,1.7600000000000002,1,1,1,18,2.7095815784085175,1.7951377571927707,0.7392358779907227,0.10467410087585449
500,8.8,6.617600000000001,1.7600000000000002,1,1,1,19,1.3709068367578219,0.9262482838526771,0.6153380870819092,0.08825039863586426
500,8.8,6.617600000000001,1.7600000000000002,1,1,1,20,2.644643166404114,1.3007450549836583,0.568023681640625,0.09463143348693848
500,8.8,6.617600000000001,1.7600000000000002,1,1,1,21,1.0545980486019064,0.8412975371323492,0.5745465755462646,0.09403395652770996
500,8.8,6.617600000000001,1.7600000000000002,1,1,1,22,1.2117719779295577,0.9653815523108924,0.6236193180084229,0.10163450241088867
500,8.8,6.617600000000001,1.7600000000000002,1,1,1,23,2.4062837660903766,0.856537746522168,0.6086394786834717,0.12442517280578613
500,8.8,6.617600000000001,1.7600000000000002,1,1,1,24,2.526521697815358,1.1667348872514962,0.5274035930633545,0.09816503524780273
500,9.0,6.84,1.8,1,1,1,0,2.7312594504219083,1.3323468856724991,0.5012085437774658,0.11461162567138672
500,9.0,6.84,1.8,1,1,1,1,2.012607422027368,0.7599819277414663,0.5035784244537354,0.11847448348999023
500,9.0,6.84,1.8,1,1,1,2,2.545671078062719,1.7239741943544205,0.5168375968933105,0.1265578269958496
500,9.0,6.84,1.8,1,1,1,3,1.2861298092630835,1.0977255158279582,0.6108274459838867,0.13653802871704102
500,9.0,6.84,1.8,1,1,1,4,2.165324595684048,0.8036103292408642,0.7050061225891113,0.12751054763793945
500,9.0,6.84,1.8,1,1,1,5,2.8262888083683757,2.401652366606109,0.48981475830078125,0.10838818550109863
500,9.0,6.84,1.8,1,1,1,6,2.451040057581434,1.7986177059896322,0.5370230674743652,0.12007522583007812
500,9.0,6.84,1.8,1,1,1,7,1.6105624761583495,0.7750954754579698,0.5928692817687988,0.12091660499572754
500,9.0,6.84,1.8,1,1,1,8,1.0251804334970311,0.7919411808511594,0.5579159259796143,0.12454390525817871
500,9.0,6.84,1.8,1,1,1,9,2.827173095836752,1.3128061533905095,0.6088650226593018,0.11325287818908691
500,9.0,6.84,1.8,1,1,1,10,2.7909808297678174,0.6451772184244726,0.4959273338317871,0.11584138870239258
500,9.0,6.84,1.8,1,1,1,11,2.559266146101363,0.9629971042735406,0.48887109756469727,0.11391019821166992
500,9.0,6.84,1.8,1,1,1,12,2.8021851607050716,1.6489394800514787,0.49466919898986816,0.11103177070617676
500,9.0,6.84,1.8,1,1,1,13,2.743142979937446,0.7092177402783146,0.5383267402648926,0.09630346298217773
500,9.0,6.84,1.8,1,1,1,14,2.566978893922976,1.2390767461521295,0.6884889602661133,0.1420886516571045
500,9.0,6.84,1.8,1,1,1,15,2.526799211577114,0.7152855758049375,0.503514289855957,0.1124732494354248
500,9.0,6.84,1.8,1,1,1,16,2.826676805752521,1.3333454472462598,0.5517938137054443,0.09451603889465332
500,9.0,6.84,1.8,1,1,1,17,2.716383614807701,0.7069344939569058,0.5610051155090332,0.09171557426452637
500,9.0,6.84,1.8,1,1,1,18,2.767704276303057,1.4983029970875856,0.5393147468566895,0.10249590873718262
500,9.0,6.84,1.8,1,1,1,19,1.2706055776141343,0.7759080506252921,0.5715184211730957,0.08966279029846191
500,9.0,6.84,1.8,1,1,1,20,2.008009775181153,1.6474203075046343,0.6456375122070312,0.1206824779510498
500,9.0,6.84,1.8,1,1,1,21,1.9251751059633837,0.7868937790622645,0.5083754062652588,0.09650373458862305
500,9.0,6.84,1.8,1,1,1,22,2.7753742358014897,1.0745862170362759,0.536048412322998,0.11159253120422363
500,9.0,6.84,1.8,1,1,1,23,2.4817895753042802,0.7891290610197009,0.5583498477935791,0.08901190757751465
500,9.0,6.84,1.8,1,1,1,24,2.786223459343452,2.0506539820590355,0.5508513450622559,0.10147714614868164
500,9.200000000000001,7.065600000000002,1.8400000000000003,1,1,1,0,1.2036666192745737,0.8402248584112209,0.6585872173309326,0.13287997245788574
500,9.200000000000001,7.065600000000002,1.8400000000000003,1,1,1,1,2.811559880640555,0.7480051506374452,0.5702016353607178,0.10449981689453125
500,9.200000000000001,7.065600000000002,1.8400000000000003,1,1,1,2,2.625012877989567,0.9041773462618804,0.6410677433013916,0.1255967617034912
500,9.200000000000001,7.065600000000002,1.8400000000000003,1,1,1,3,1.2264694005917136,0.8541658373575748,0.7024369239807129,0.11647748947143555
500,9.200000000000001,7.065600000000002,1.8400000000000003,1,1,1,4,2.7755948409262663,0.9751199524979939,0.5408518314361572,0.09704422950744629
500,9.200000000000001,7.065600000000002,1.8400000000000003,1,1,1,5,2.8228190395795982,0.8732600401159635,0.6385822296142578,0.12288570404052734
500,9.200000000000001,7.065600000000002,1.8400000000000003,1,1,1,6,2.7941898388101003,1.9128809380590903,0.666161060333252,0.09708333015441895
500,9.200000000000001,7.065600000000002,1.8400000000000003,1,1,1,7,2.5810788997080136,2.6858349426781625,0.5138101577758789,0.11207365989685059
500,9.200000000000001,7.065600000000002,1.8400000000000003,1,1,1,8,2.374906913418899,1.2099522768192676,0.501908540725708,0.1030266284942627
500,9.200000000000001,7.065600000000002,1.8400000000000003,1,1,1,9,1.2153263837317239,0.6543575640035054,0.4755876064300537,0.08800721168518066
500,9.200000000000001,7.065600000000002,1.8400000000000003,1,1,1,10,2.827568240055301,1.3442971090720395,0.4792673587799072,0.09955453872680664
500,9.200000000000001,7.065600000000002,1.8400000000000003,1,1,1,11,2.6742675146976698,0.9070610040147137,0.6752700805664062,0.11364603042602539
500,9.200000000000001,7.065600000000002,1.8400000000000003,1,1,1,12,2.826344607661179,1.8368169374775323,0.5154557228088379,0.10058236122131348
500,9.200000000000001,7.065600000000002,1.8400000000000003,1,1,1,13,2.7938919625768532,0.7926279540309558,0.5092828273773193,0.11164307594299316
500,9.200000000000001,7.065600000000002,1.8400000000000003,1,1,1,14,2.1813211092146965,0.8706048078280529,0.5039255619049072,0.11258482933044434
500,9.200000000000001,7.065600000000002,1.8400000000000003,1,1,1,15,2.7681971603667113,2.1426199895262785,0.4878411293029785,0.11660647392272949
500,9.200000000000001,7.065600000000002,1.8400000000000003,1,1,1,16,2.7752835365496074,1.1088224247959004,0.5443360805511475,0.10468816757202148
500,9.200000000000001,7.065600000000002,1.8400000000000003,1,1,1,17,2.82451339976623,0.7198508089076485,0.6807661056518555,0.1216585636138916
500,9.200000000000001,7.065600000000002,1.8400000000000003,1,1,1,18,2.827970187508409,0.9781736456252003,0.5581481456756592,0.10551166534423828
500,9.200000000000001,7.065600000000002,1.8400000000000003,1,1,1,19,1.9649097789212397,0.782919557135865,0.5710432529449463,0.09647655487060547
500,9.200000000000001,7.065600000000002,1.8400000000000003,1,1,1,20,2.7263283141693706,1.4488421482119742,0.5162744522094727,0.13160014152526855
500,9.200000000000001,7.065600000000002,1.8400000000000003,1,1,1,21,2.8245925056598793,2.5554510484843136,0.5362601280212402,0.08743095397949219
500,9.200000000000001,7.065600000000002,1.8400000000000003,1,1,1,22,2.6437561735531707,1.0608392680423657,0.5820424556732178,0.11865115165710449
500,9.200000000000001,7.065600000000002,1.8400000000000003,1,1,1,23,2.4337795155118904,1.441057367524073,0.7670004367828369,0.13245105743408203
500,9.200000000000001,7.065600000000002,1.8400000000000003,1,1,1,24,2.816035966149664,1.0962998639977926,0.4978022575378418,0.10847091674804688
500,9.4,7.2944,1.8800000000000001,1,1,1,0,2.6938000659770305,1.35474062079293,0.5822100639343262,0.09859704971313477
500,9.4,7.2944,1.8800000000000001,1,1,1,1,1.181614400939676,1.0926005624457984,0.5220389366149902,0.11965394020080566
500,9.4,7.2944,1.8800000000000001,1,1,1,2,2.8275209661836667,2.19001107583823,0.5055081844329834,0.1175839900970459
500,9.4,7.2944,1.8800000000000001,1,1,1,3,2.827833984850967,1.8170528865934008,0.6290922164916992,0.11864614486694336
500,9.4,7.2944,1.8800000000000001,1,1,1,4,2.7701361542494856,1.9977902152018452,0.5034463405609131,0.10054874420166016
500,9.4,7.2944,1.8800000000000001,1,1,1,5,2.3682049586538008,1.97388804422566,0.5381360054016113,0.10045981407165527
500,9.4,7.2944,1.8800000000000001,1,1,1,6,2.8230149135245353,1.8359133906530611,0.5042307376861572,0.10952472686767578
500,9.4,7.2944,1.8800000000000001,1,1,1,7,2.802194331092134,0.8997726575927084,0.5220415592193604,0.09842133522033691
500,9.4,7.2944,1.8800000000000001,1,1,1,8,2.7905447354464963,1.4056569085873811,0.5953505039215088,0.11170268058776855
500,9.4,7.2944,1.8800000000000001,1,1,1,9,2.818515107926571,2.142400374602978,0.5977060794830322,0.1259613037109375
500,9.4,7.2944,1.8800000000000001,1,1,1,10,2.8243389525045464,1.1629441391994275,0.5110929012298584,0.12140774726867676
500,9.4,7.2944,1.8800000000000001,1,1,1,11,2.8274455971796084,0.8760827093187191,0.5382843017578125,0.11612606048583984
500,9.4,7.2944,1.8800000000000001,1,1,1,12,1.0756218870614354,0.9945904775824431,0.5148653984069824,0.11098456382751465
500,9.4,7.2944,1.8800000000000001,1,1,1,13,2.7695578274844714,1.3622802039774962,0.5100550651550293,0.11467599868774414
500,9.4,7.2944,1.8800000000000001,1,1,1,14,2.774491823685493,1.7136331714963164,0.5728561878204346,0.10460829734802246
500,9.4,7.2944,1.8800000000000001,1,1,1,15,2.796540038119629,0.864784768837292,0.609656572341919,0.11559391021728516
500,9.4,7.2944,1.8800000000000001,1,1,1,16,2.8283610512027137,1.6270472061544208,0.5524876117706299,0.0851888656616211
500,9.4,7.2944,1.8800000000000001,1,1,1,17,2.6192815907134834,1.5449212801608527,0.5692200660705566,0.10153484344482422
500,9.4,7.2944,1.8800000000000001,1,1,1,18,2.3965471051808103,0.8010146272511415,0.5106463432312012,0.11594557762145996
500,9.4,7.2944,1.8800000000000001,1,1,1,19,2.626792122972761,0.7474336076986178,0.6155946254730225,0.1308903694152832
500,9.4,7.2944,1.8800000000000001,1,1,1,20,2.5046718467526095,0.7515303652849695,0.8664493560791016,0.13650870323181152
500,9.4,7.2944,1.8800000000000001,1,1,1,21,2.8254507150412986,1.7537054195151738,0.5615401268005371,0.09961175918579102
500,9.4,7.2944,1.8800000000000001,1,1,1,22,1.2335070317807697,1.0925242127351484,0.5809144973754883,0.10167598724365234
500,9.4,7.2944,1.8800000000000001,1,1,1,23,1.9933262767463646,0.8539936713528885,0.589777946472168,0.09664607048034668
500,9.4,7.2944,1.8800000000000001,1,1,1,24,2.412586845978292,0.9789638986654599,0.6147782802581787,0.10073971748352051
500,9.600000000000001,7.526400000000002,1.9200000000000004,1,1,1,0,2.8129608659778045,1.6212801293195522,0.6775171756744385,0.12076210975646973
500,9.600000000000001,7.526400000000002,1.9200000000000004,1,1,1,1,2.826218172848119,1.3269810509999618,0.6427037715911865,0.10123896598815918
500,9.600000000000001,7.526400000000002,1.9200000000000004,1,1,1,2,2.826877170708569,1.3695162892686834,0.5377440452575684,0.1044464111328125
500,9.600000000000001,7.526400000000002,1.9200000000000004,1,1,1,3,2.7895714670887903,1.394186321630927,0.4971754550933838,0.11353158950805664
500,9.600000000000001,7.526400000000002,1.9200000000000004,1,1,1,4,2.799277351809343,0.8217663302469209,0.5137138366699219,0.11563253402709961
500,9.600000000000001,7.526400000000002,1.9200000000000004,1,1,1,5,2.8280219131742417,1.7016590502074307,0.5925686359405518,0.13857698440551758
500,9.600000000000001,7.526400000000002,1.9200000000000004,1,1,1,6,2.56334554308733,2.430501304190077,0.6178665161132812,0.09706330299377441
500,9.600000000000001,7.526400000000002,1.9200000000000004,1,1,1,7,2.7978713573695395,1.3384889761528531,0.5271201133728027,0.0800180435180664
500,9.600000000000001,7.526400000000002,1.9200000000000004,1,1,1,8,2.8114922600384675,1.4718163382128102,0.49109959602355957,0.09686970710754395
500,9.600000000000001,7.526400000000002,1.9200000000000004,1,1,1,9,1.9351762826359116,0.9753181496569612,0.47486114501953125,0.08651471138000488
500,9.600000000000001,7.526400000000002,1.9200000000000004,1,1,1,10,2.203754059287251,0.8331894108826063,0.5331807136535645,0.09252810478210449
500,9.600000000000001,7.526400000000002,1.9200000000000004,1,1,1,11,2.8283242430827653,0.9494701046819776,0.581110954284668,0.12607932090759277
500,9.600000000000001,7.526400000000002,1.9200000000000004,1,1,1,12,2.6722951285326144,1.346225916835024,0.6182389259338379,0.10905003547668457
500,9.600000000000001,7.526400000000002,1.9200000000000004,1,1,1,13,2.8280372943315357,1.2576224707729668,0.49690914154052734,0.12046933174133301
500,9.600000000000001,7.526400000000002,1.9200000000000004,1,1,1,14,2.8278515781844717,1.4734195863114394,0.5852935314178467,0.12059402465820312
500,9.600000000000001,7.526400000000002,1.9200000000000004,1,1,1,15,2.2214676581772492,0.9816761269078014,0.6830778121948242,0.12250256538391113
500,9.600000000000001,7.526400000000002,1.9200000000000004,1,1,1,16,2.7420903028012065,1.5108054456675382,0.5190296173095703,0.09524393081665039
500,9.600000000000001,7.526400000000002,1.9200000000000004,1,1,1,17,2.6536782054931978,1.60788541043884,0.6202025413513184,0.13707256317138672
500,9.600000000000001,7.526400000000002,1.9200000000000004,1,1,1,18,1.230953679047042,0.7983729205721957,0.5739121437072754,0.11006593704223633
500,9.600000000000001,7.526400000000002,1.9200000000000004,1,1,1,19,2.5146492403571914,1.495035460155395,0.5452148914337158,0.09946012496948242
500,9.600000000000001,7.526400000000002,1.9200000000000004,1,1,1,20,2.6084708308538462,2.816674847007216,0.5151216983795166,0.08946895599365234
500,9.600000000000001,7.526400000000002,1.9200000000000004,1,1,1,21,2.8264741085922602,1.5790854043451563,0.5165300369262695,0.09154319763183594
500,9.600000000000001,7.526400000000002,1.9200000000000004,1,1,1,22,2.793222986456367,1.1567773269222872,0.6257498264312744,0.13032174110412598
500,9.600000000000001,7.526400000000002,1.9200000000000004,1,1,1,23,2.8102730550713684,1.2029081360348806,0.721714973449707,0.14798426628112793
500,9.600000000000001,7.526400000000002,1.9200000000000004,1,1,1,24,2.7640375475384173,1.138797745031653,0.561469554901123,0.10375046730041504
500,9.8,7.7616000000000005,1.9600000000000002,1,1,1,0,1.975537631164968,0.9551958227360247,0.6069016456604004,0.10381722450256348
500,9.8,7.7616000000000005,1.9600000000000002,1,1,1,1,2.7468492686930794,1.0375140136630896,0.4874248504638672,0.11759257316589355
500,9.8,7.7616000000000005,1.9600000000000002,1,1,1,2,2.8268220833371602,0.9065440134657666,0.5298793315887451,0.09782266616821289
500,9.8,7.7616000000000005,1.9600000000000002,1,1,1,3,2.8284252107717274,1.5075623571156163,0.6203553676605225,0.1264491081237793
500,9.8,7.7616000000000005,1.9600000000000002,1,1,1,4,2.7922072254667487,1.3477291781061096,0.5897068977355957,0.09302186965942383
500,9.8,7.7616000000000005,1.9600000000000002,1,1,1,5,2.6504577451154043,1.2459859853229411,0.5297949314117432,0.09471797943115234
500,9.8,7.7616000000000005,1.9600000000000002,1,1,1,6,2.827885283475553,1.7977312902175921,0.5289437770843506,0.1074674129486084
500,9.8,7.7616000000000005,1.9600000000000002,1,1,1,7,2.480204740151235,1.3935478994572448,0.501664400100708,0.09954380989074707
500,9.8,7.7616000000000005,1.9600000000000002,1,1,1,8,2.8230743593465637,1.1983621471207362,0.5231249332427979,0.10709309577941895
500,9.8,7.7616000000000005,1.9600000000000002,1,1,1,9,2.8284227792171492,2.1757203674707464,0.6810357570648193,0.13286399841308594
500,9.8,7.7616000000000005,1.9600000000000002,1,1,1,10,2.5496871267487933,0.8766250387943888,0.56429123878479,0.11354327201843262
500,9.8,7.7616000000000005,1.9600000000000002,1,1,1,11,2.827000002375874,0.9669274697787088,0.6876227855682373,0.1051480770111084
500,9.8,7.7616000000000005,1.9600000000000002,1,1,1,12,2.6642823046858206,0.9888600600864262,0.6979880332946777,0.09431004524230957
500,9.8,7.7616000000000005,1.9600000000000002,1,1,1,13,2.8225369516703847,1.0149508680354506,0.5051553249359131,0.1015770435333252
500,9.8,7.7616000000000005,1.9600000000000002,1,1,1,14,2.799191912184972,1.8502283932790746,0.6511895656585693,0.11854076385498047
500,9.8,7.7616000000000005,1.9600000000000002,1,1,1,15,2.541731034709465,1.1318225113440357,0.7021920680999756,0.11403846740722656
500,9.8,7.7616000000000005,1.9600000000000002,1,1,1,16,2.4766575923909846,1.1902002077454101,0.540520429611206,0.09801268577575684
500,9.8,7.7616000000000005,1.9600000000000002,1,1,1,17,2.8110815688272552,2.367448551806614,0.5596523284912109,0.09981465339660645
500,9.8,7.7616000000000005,1.9600000000000002,1,1,1,18,2.8068025360412214,1.7012169750974717,0.5466763973236084,0.09308815002441406
500,9.8,7.7616000000000005,1.9600000000000002,1,1,1,19,2.739188701833272,1.2792939270304347,0.615717887878418,0.11749076843261719
500,9.8,7.7616000000000005,1.9600000000000002,1,1,1,20,2.7571736867374588,1.3238490156992349,0.5954732894897461,0.09119606018066406
500,9.8,7.7616000000000005,1.9600000000000002,1,1,1,21,2.822147974990818,0.9307719228636144,0.5489957332611084,0.11261415481567383
500,9.8,7.7616000000000005,1.9600000000000002,1,1,1,22,2.825751008895671,1.9917556995214039,0.5289444923400879,0.0924844741821289
500,9.8,7.7616000000000005,1.9600000000000002,1,1,1,23,2.4385099021121586,0.9861099438641301,0.48711419105529785,0.08448076248168945
500,9.8,7.7616000000000005,1.9600000000000002,1,1,1,24,2.7640940558383136,1.3743481892514866,0.5265538692474365,0.0934758186340332
