n,s1,1_p_s2,s2,beta,q,sqrt_q,rep_no,eigen_mat_rerr,eigen_mat_terr,eigen_mat_ev_time,eigen_mat_cal_translation_time
500,0.0,2.2399999999999998,0.8,1,1,1,0,0.05163684721896039,0.11053956590507467,0.32996177673339844,0.06313920021057129
500,0.0,2.2399999999999998,0.8,1,1,1,1,0.046355003303649465,0.10008885208103005,0.3741295337677002,0.059258460998535156
500,0.0,2.2399999999999998,0.8,1,1,1,2,0.05229323722314111,0.10228758675007645,0.3146491050720215,0.056050777435302734
500,0.0,2.2399999999999998,0.8,1,1,1,3,0.047033686437139594,0.10250680370358976,0.3111872673034668,0.06227993965148926
500,0.0,2.2399999999999998,0.8,1,1,1,4,0.047255985172626754,0.11012504505516464,0.4171457290649414,0.11350560188293457
500,0.0,2.2399999999999998,0.8,1,1,1,5,0.05186282319687025,0.10316606000245489,0.5945746898651123,0.14661931991577148
500,0.0,2.2399999999999998,0.8,1,1,1,6,0.04545549587775684,0.1039578597980735,0.4784259796142578,0.10868477821350098
500,0.0,2.2399999999999998,0.8,1,1,1,7,0.04896240795834162,0.09924335690456441,0.4567725658416748,0.09937238693237305
500,0.0,2.2399999999999998,0.8,1,1,1,8,0.04888842014762971,0.094060334442615,0.446927547454834,0.09859871864318848
500,0.0,2.2399999999999998,0.8,1,1,1,9,0.042565649345620786,0.128816645717032,0.4772953987121582,0.09953022003173828
500,0.0,2.2399999999999998,0.8,1,1,1,10,0.05246838768584483,0.1016392086309995,0.5422976016998291,0.12470388412475586
500,0.0,2.2399999999999998,0.8,1,1,1,11,0.04421693328712412,0.10161865365988056,0.6992933750152588,0.14817285537719727
500,0.0,2.2399999999999998,0.8,1,1,1,12,0.0444183339689198,0.08754687135105749,0.48640894889831543,0.09859347343444824
500,0.0,2.2399999999999998,0.8,1,1,1,13,0.044924948164068924,0.10947041668487724,0.4913449287414551,0.09166383743286133
500,0.0,2.2399999999999998,0.8,1,1,1,14,0.04736831679780009,0.10523425802855907,0.5091745853424072,0.09764456748962402
500,0.0,2.2399999999999998,0.8,1,1,1,15,0.05070109152405548,0.11596084386289204,0.4953789710998535,0.11761951446533203
500,0.0,2.2399999999999998,0.8,1,1,1,16,0.051270308478228686,0.10926867221786335,0.5240049362182617,0.12967705726623535
500,0.0,2.2399999999999998,0.8,1,1,1,17,0.048944487851683184,0.10832605881391098,0.5573990345001221,0.12265634536743164
500,0.0,2.2399999999999998,0.8,1,1,1,18,0.04579400084798306,0.12307383191609715,0.49311041831970215,0.09365248680114746
500,0.0,2.2399999999999998,0.8,1,1,1,19,0.04627981397560045,0.10458413824468507,0.5036091804504395,0.10522246360778809
500,0.0,2.2399999999999998,0.8,1,1,1,20,0.04809059541820311,0.11149761063071498,0.4945642948150635,0.10710573196411133
500,0.0,2.2399999999999998,0.8,1,1,1,21,0.05084335907595792,0.09804695163400097,0.5257329940795898,0.1051332950592041
500,0.0,2.2399999999999998,0.8,1,1,1,22,0.0548974988970597,0.10394983055745358,0.5791833400726318,0.12230944633483887
500,0.0,2.2399999999999998,0.8,1,1,1,23,0.043565835317608534,0.12023475411955918,0.49025464057922363,0.09645915031433105
500,0.0,2.2399999999999998,0.8,1,1,1,24,0.047605961980327474,0.09592776656013557,0.4763813018798828,0.09567403793334961
500,0.2,2.2399999999999998,0.8,1,1,1,0,0.05604272277086557,0.11138809891384512,0.49512529373168945,0.0975494384765625
500,0.2,2.2399999999999998,0.8,1,1,1,1,0.047614741094469594,0.10564004363648846,0.44602417945861816,0.10171055793762207
500,0.2,2.2399999999999998,0.8,1,1,1,2,0.0555366925041937,0.11549742773920312,0.517488956451416,0.1074674129486084
500,0.2,2.2399999999999998,0.8,1,1,1,3,0.054356591089550516,0.11236163748761913,0.6115143299102783,0.12152600288391113
500,0.2,2.2399999999999998,0.8,1,1,1,4,0.049961897794636154,0.09714477368109029,0.47461652755737305,0.10973072052001953
500,0.2,2.2399999999999998,0.8,1,1,1,5,0.05377956602127795,0.08960550349973367,0.4695310592651367,0.09998273849487305
500,0.2,2.2399999999999998,0.8,1,1,1,6,0.05680846382705171,0.12400913510556526,0.46515727043151855,0.0990457534790039
500,0.2,2.2399999999999998,0.8,1,1,1,7,0.050042232309246766,0.10058566042899136,0.5436446666717529,0.12124514579772949
500,0.2,2.2399999999999998,0.8,1,1,1,8,0.05907230824096974,0.09769745779349284,0.7752954959869385,0.11663222312927246
500,0.2,2.2399999999999998,0.8,1,1,1,9,0.048411846620458394,0.09544143225354858,0.5074515342712402,0.10845661163330078
500,0.2,2.2399999999999998,0.8,1,1,1,10,0.05111090844953105,0.10030784759688555,0.5086829662322998,0.09683966636657715
500,0.2,2.2399999999999998,0.8,1,1,1,11,0.049340538972237356,0.09504059990515316,0.5254940986633301,0.09395837783813477
500,0.2,2.2399999999999998,0.8,1,1,1,12,0.0589560738192566,0.11479396343811392,0.5192151069641113,0.09194254875183105
500,0.2,2.2399999999999998,0.8,1,1,1,13,0.0495382598961308,0.10785256308429816,0.6593432426452637,0.11858916282653809
500,0.2,2.2399999999999998,0.8,1,1,1,14,0.05176594882930285,0.1158541976418574,0.47312283515930176,0.08761930465698242
500,0.2,2.2399999999999998,0.8,1,1,1,15,0.05213697944960896,0.10056539028386012,0.45139193534851074,0.0891716480255127
500,0.2,2.2399999999999998,0.8,1,1,1,16,0.04798982449087791,0.09781363089352592,0.47496891021728516,0.10443425178527832
500,0.2,2.2399999999999998,0.8,1,1,1,17,0.059754485353189585,0.11383495625679992,0.4891057014465332,0.10181903839111328
500,0.2,2.2399999999999998,0.8,1,1,1,18,0.05280408947496943,0.10075881977604986,0.4788985252380371,0.09893178939819336
500,0.2,2.2399999999999998,0.8,1,1,1,19,0.05922302482649484,0.10697012137032555,0.4910128116607666,0.10414505004882812
500,0.2,2.2399999999999998,0.8,1,1,1,20,0.04922196696652998,0.10042686530034144,0.561049222946167,0.12604618072509766
500,0.2,2.2399999999999998,0.8,1,1,1,21,0.046520313694416525,0.10530271647973949,0.455430269241333,0.09100723266601562
500,0.2,2.2399999999999998,0.8,1,1,1,22,0.04911669719933733,0.09631585629013696,0.48438572883605957,0.1018228530883789
500,0.2,2.2399999999999998,0.8,1,1,1,23,0.054182988579218966,0.10201514910594425,0.475818395614624,0.09066271781921387
500,0.2,2.2399999999999998,0.8,1,1,1,24,0.06105242280707799,0.10436072316049479,0.48771023750305176,0.11122608184814453
500,0.4,2.2399999999999998,0.8,1,1,1,0,0.06970488077809059,0.10217513309840248,0.5697813034057617,0.1376171112060547
500,0.4,2.2399999999999998,0.8,1,1,1,1,0.06641947504394358,0.08903571217905064,0.5192043781280518,0.10133194923400879
500,0.4,2.2399999999999998,0.8,1,1,1,2,0.07082354308091217,0.10387276149678204,0.5155963897705078,0.11363506317138672
500,0.4,2.2399999999999998,0.8,1,1,1,3,0.07169941178405038,0.11540125949761605,0.5388903617858887,0.13312220573425293
500,0.4,2.2399999999999998,0.8,1,1,1,4,0.06050066173595271,0.13772514800307417,0.6390035152435303,0.1266181468963623
500,0.4,2.2399999999999998,0.8,1,1,1,5,0.07251031337035124,0.12172420687588822,0.5656924247741699,0.12422347068786621
500,0.4,2.2399999999999998,0.8,1,1,1,6,0.06566936589772786,0.1144169266000036,0.5343549251556396,0.11332345008850098
500,0.4,2.2399999999999998,0.8,1,1,1,7,0.07081275426545734,0.1065157061651792,0.4384491443634033,0.09099674224853516
500,0.4,2.2399999999999998,0.8,1,1,1,8,0.06565459440028032,0.10156183585732703,0.4511380195617676,0.08182191848754883
500,0.4,2.2399999999999998,0.8,1,1,1,9,0.0639089433916876,0.09948679429972222,0.5080394744873047,0.09743404388427734
500,0.4,2.2399999999999998,0.8,1,1,1,10,0.06262909518663241,0.10185406667047811,0.5116312503814697,0.11028623580932617
500,0.4,2.2399999999999998,0.8,1,1,1,11,0.055790088382082,0.09230186285094294,0.6200323104858398,0.13398432731628418
500,0.4,2.2399999999999998,0.8,1,1,1,12,0.06518716705509708,0.1008183334276781,0.5223076343536377,0.10053753852844238
500,0.4,2.2399999999999998,0.8,1,1,1,13,0.060195977069435504,0.09954612749126185,0.48036956787109375,0.09431791305541992
500,0.4,2.2399999999999998,0.8,1,1,1,14,0.06698170126376003,0.10006642109507086,0.4952278137207031,0.09531331062316895
500,0.4,2.2399999999999998,0.8,1,1,1,15,0.06699136044849006,0.1039851335261136,0.4731624126434326,0.08443403244018555
500,0.4,2.2399999999999998,0.8,1,1,1,16,0.06522801446021029,0.11496068405692347,0.531099796295166,0.11013102531433105
500,0.4,2.2399999999999998,0.8,1,1,1,17,0.06558121038166571,0.09761220526596417,0.6144216060638428,0.13506793975830078
500,0.4,2.2399999999999998,0.8,1,1,1,18,0.069184637986548,0.0878089625249359,0.4851956367492676,0.09501147270202637
500,0.4,2.2399999999999998,0.8,1,1,1,19,0.06183706685182563,0.10052429468171963,0.4485046863555908,0.0968313217163086
500,0.4,2.2399999999999998,0.8,1,1,1,20,0.05847125719271486,0.10326156013210319,0.45926618576049805,0.09003448486328125
500,0.4,2.2399999999999998,0.8,1,1,1,21,0.05928764306979307,0.10624699351082453,0.4834752082824707,0.09751534461975098
500,0.4,2.2399999999999998,0.8,1,1,1,22,0.06712619808186086,0.11051691472411158,0.5625841617584229,0.11665534973144531
500,0.4,2.2399999999999998,0.8,1,1,1,23,0.06662022042139396,0.10912314663301254,0.5581550598144531,0.13001799583435059
500,0.4,2.2399999999999998,0.8,1,1,1,24,0.058613161927135345,0.11336196405219474,0.5402123928070068,0.11891913414001465
500,0.6000000000000001,2.2399999999999998,0.8,1,1,1,0,0.09333072983925947,0.12636304874820917,0.5437068939208984,0.10129475593566895
500,0.6000000000000001,2.2399999999999998,0.8,1,1,1,1,0.07677180609379287,0.1090919807502006,0.48282790184020996,0.09337425231933594
500,0.6000000000000001,2.2399999999999998,0.8,1,1,1,2,0.07807925839869116,0.1292214375639357,0.5313639640808105,0.11223292350769043
500,0.6000000000000001,2.2399999999999998,0.8,1,1,1,3,0.08203442274114074,0.10923782495931639,0.5204794406890869,0.115570068359375
500,0.6000000000000001,2.2399999999999998,0.8,1,1,1,4,0.07519623519786814,0.13697437252595576,0.4810807704925537,0.09406590461730957
500,0.6000000000000001,2.2399999999999998,0.8,1,1,1,5,0.07969155227806522,0.13802293479835576,0.5084917545318604,0.10528564453125
500,0.6000000000000001,2.2399999999999998,0.8,1,1,1,6,0.08541008600736434,0.10150402898844849,0.43738365173339844,0.0948798656463623
500,0.6000000000000001,2.2399999999999998,0.8,1,1,1,7,0.07781986070435969,0.09626160478387259,0.43880534172058105,0.0892174243927002
500,0.6000000000000001,2.2399999999999998,0.8,1,1,1,8,0.08917158630020405,0.15451663377474462,0.5599551200866699,0.13176822662353516
500,0.6000000000000001,2.2399999999999998,0.8,1,1,1,9,0.08058290688255704,0.10474799953448498,0.5974719524383545,0.11556720733642578
500,0.6000000000000001,2.2399999999999998,0.8,1,1,1,10,0.07379733455722019,0.11386124408484892,0.6480863094329834,0.10667610168457031
500,0.6000000000000001,2.2399999999999998,0.8,1,1,1,11,0.0693278388065904,0.10401751479948547,0.5876872539520264,0.08095788955688477
500,0.6000000000000001,2.2399999999999998,0.8,1,1,1,12,0.08416572677779938,0.100347880548005,0.6183731555938721,0.0935661792755127
500,0.6000000000000001,2.2399999999999998,0.8,1,1,1,13,0.08377979181877504,0.10078108762966799,0.615727424621582,0.10745096206665039
500,0.6000000000000001,2.2399999999999998,0.8,1,1,1,14,0.08690693951015786,0.10133737740211247,0.6789557933807373,0.11472940444946289
500,0.6000000000000001,2.2399999999999998,0.8,1,1,1,15,0.07285412791721572,0.1162162246173079,0.6065926551818848,0.09641122817993164
500,0.6000000000000001,2.2399999999999998,0.8,1,1,1,16,0.08007451461145262,0.11056364518556423,0.6123933792114258,0.09102106094360352
500,0.6000000000000001,2.2399999999999998,0.8,1,1,1,17,0.07814819502559765,0.10162728020502439,0.5491907596588135,0.09564089775085449
500,0.6000000000000001,2.2399999999999998,0.8,1,1,1,18,0.0871008627951447,0.10691691104431966,0.5342552661895752,0.10139870643615723
500,0.6000000000000001,2.2399999999999998,0.8,1,1,1,19,0.08360040849064969,0.10005573513216802,0.7695810794830322,0.1375741958618164
500,0.6000000000000001,2.2399999999999998,0.8,1,1,1,20,0.08985220227302755,0.11146098979422146,0.7119905948638916,0.1122732162475586
500,0.6000000000000001,2.2399999999999998,0.8,1,1,1,21,0.07244463395255331,0.11665312921067451,0.544682502746582,0.09965801239013672
500,0.6000000000000001,2.2399999999999998,0.8,1,1,1,22,0.07666996416892256,0.10248256682716557,0.5077662467956543,0.12760639190673828
500,0.6000000000000001,2.2399999999999998,0.8,1,1,1,23,0.07968496439186654,0.11061895676335992,0.5679371356964111,0.09963202476501465
500,0.6000000000000001,2.2399999999999998,0.8,1,1,1,24,0.0768830285811491,0.10276674376930373,0.6246674060821533,0.13992786407470703
500,0.8,2.2399999999999998,0.8,1,1,1,0,0.11109024179108343,0.11278366318821692,0.6539626121520996,0.12206482887268066
500,0.8,2.2399999999999998,0.8,1,1,1,1,0.10132309274979173,0.1081801481660188,0.5126190185546875,0.10151529312133789
500,0.8,2.2399999999999998,0.8,1,1,1,2,0.10754416644980508,0.12939928862763625,0.5446336269378662,0.10807633399963379
500,0.8,2.2399999999999998,0.8,1,1,1,3,0.09906227620543405,0.10484336788399351,0.5825850963592529,0.11864089965820312
500,0.8,2.2399999999999998,0.8,1,1,1,4,0.09934464339008453,0.13430082257086598,0.6008763313293457,0.09939455986022949
500,0.8,2.2399999999999998,0.8,1,1,1,5,0.1079456789033993,0.11809175108506442,0.7208163738250732,0.10754656791687012
500,0.8,2.2399999999999998,0.8,1,1,1,6,0.0968873574070733,0.11790702814091363,0.5887925624847412,0.1011207103729248
500,0.8,2.2399999999999998,0.8,1,1,1,7,0.10874065299517113,0.11450871911290712,0.548583984375,0.11747503280639648
500,0.8,2.2399999999999998,0.8,1,1,1,8,0.09227767978706379,0.10930842639087471,0.560279369354248,0.09967160224914551
500,0.8,2.2399999999999998,0.8,1,1,1,9,0.09875465869741859,0.10192936056999245,0.5182678699493408,0.1005547046661377
500,0.8,2.2399999999999998,0.8,1,1,1,10,0.1180558924280225,0.10112221243103334,0.6273810863494873,0.10435366630554199
500,0.8,2.2399999999999998,0.8,1,1,1,11,0.09777441968422171,0.12013202863460967,0.7999019622802734,0.12122321128845215
500,0.8,2.2399999999999998,0.8,1,1,1,12,0.10630397469182586,0.12195823713297874,0.589651346206665,0.08886528015136719
500,0.8,2.2399999999999998,0.8,1,1,1,13,0.10241031510638349,0.10663860696842485,0.6267726421356201,0.1078639030456543
500,0.8,2.2399999999999998,0.8,1,1,1,14,0.09696484500254135,0.12422510491553065,0.6537070274353027,0.10901808738708496
500,0.8,2.2399999999999998,0.8,1,1,1,15,0.10306458394291504,0.14334617421694773,0.8880622386932373,0.14177799224853516
500,0.8,2.2399999999999998,0.8,1,1,1,16,0.10800194491409289,0.12634216716295432,0.5555474758148193,0.0981450080871582
500,0.8,2.2399999999999998,0.8,1,1,1,17,0.08749450191087912,0.09923661069918427,0.5288469791412354,0.09662079811096191
500,0.8,2.2399999999999998,0.8,1,1,1,18,0.09430451176904688,0.12501561894085067,0.5196061134338379,0.12131285667419434
500,0.8,2.2399999999999998,0.8,1,1,1,19,0.09762025493205514,0.11694932612476386,0.5400032997131348,0.10015082359313965
500,0.8,2.2399999999999998,0.8,1,1,1,20,0.11843886640461938,0.1103370041136905,0.5709927082061768,0.12402009963989258
500,0.8,2.2399999999999998,0.8,1,1,1,21,0.09666554911968743,0.10746369589704603,0.6468586921691895,0.13900351524353027
500,0.8,2.2399999999999998,0.8,1,1,1,22,0.10688336722564884,0.12293483971952786,0.5968892574310303,0.0954432487487793
500,0.8,2.2399999999999998,0.8,1,1,1,23,0.10277003417796891,0.10767911249507543,0.6185572147369385,0.08740234375
500,0.8,2.2399999999999998,0.8,1,1,1,24,0.11903147271552109,0.12785187153513958,0.5982134342193604,0.09259319305419922
500,1.0,2.2399999999999998,0.8,1,1,1,0,0.12250633282314635,0.13772794148181455,0.6294558048248291,0.09533119201660156
500,1.0,2.2399999999999998,0.8,1,1,1,1,0.12492554566889884,0.13724724443187758,0.7287149429321289,0.12365531921386719
500,1.0,2.2399999999999998,0.8,1,1,1,2,0.12448316909483981,0.11490967778399291,0.6756725311279297,0.13627314567565918
500,1.0,2.2399999999999998,0.8,1,1,1,3,0.12688572224102476,0.12046681806672145,0.593358039855957,0.10404825210571289
500,1.0,2.2399999999999998,0.8,1,1,1,4,0.13073354500626283,0.1545804419512378,0.5708084106445312,0.10454106330871582
500,1.0,2.2399999999999998,0.8,1,1,1,5,0.11776959113696175,0.11897172040192543,0.5433862209320068,0.1170644760131836
500,1.0,2.2399999999999998,0.8,1,1,1,6,0.13055415549614133,0.1133648504928532,0.6464786529541016,0.12259745597839355
500,1.0,2.2399999999999998,0.8,1,1,1,7,0.1514172057091234,0.12035471352270274,0.6616771221160889,0.11351799964904785
500,1.0,2.2399999999999998,0.8,1,1,1,8,0.11108460567137177,0.1109468138789539,0.5295708179473877,0.10795116424560547
500,1.0,2.2399999999999998,0.8,1,1,1,9,0.1251311898669948,0.1040648161781902,0.6626317501068115,0.11951279640197754
500,1.0,2.2399999999999998,0.8,1,1,1,10,0.12801264323064784,0.11724468822092117,0.7062671184539795,0.13832449913024902
500,1.0,2.2399999999999998,0.8,1,1,1,11,0.11956078652049967,0.10431242083600963,0.6506707668304443,0.12480592727661133
500,1.0,2.2399999999999998,0.8,1,1,1,12,0.1362451329061502,0.12972786843296558,0.6360397338867188,0.11462521553039551
500,1.0,2.2399999999999998,0.8,1,1,1,13,0.121131454723762,0.13453948889737197,0.4910414218902588,0.1091773509979248
500,1.0,2.2399999999999998,0.8,1,1,1,14,0.11008732749725625,0.11087553505267363,0.5638599395751953,0.09198355674743652
500,1.0,2.2399999999999998,0.8,1,1,1,15,0.1252268683768069,0.11885469086582601,0.6238632202148438,0.11442303657531738
500,1.0,2.2399999999999998,0.8,1,1,1,16,0.14549907701984113,0.11892823455523864,0.5864226818084717,0.08590841293334961
500,1.0,2.2399999999999998,0.8,1,1,1,17,0.13708067431828705,0.11321088415206632,0.6201834678649902,0.10754919052124023
500,1.0,2.2399999999999998,0.8,1,1,1,18,0.12904716262374652,0.10386133640052055,0.7016074657440186,0.12641358375549316
500,1.0,2.2399999999999998,0.8,1,1,1,19,0.11450439312659662,0.12278333709144942,0.5955185890197754,0.11656832695007324
500,1.0,2.2399999999999998,0.8,1,1,1,20,0.12850490860007677,0.12779825099777345,0.6034708023071289,0.10542869567871094
500,1.0,2.2399999999999998,0.8,1,1,1,21,0.11833992248895521,0.13014742395385054,0.6309206485748291,0.10712361335754395
500,1.0,2.2399999999999998,0.8,1,1,1,22,0.1172357873075764,0.12191288886857923,0.5890257358551025,0.12664413452148438
500,1.0,2.2399999999999998,0.8,1,1,1,23,0.120226092473061,0.10656938375223281,0.7350330352783203,0.1256580352783203
500,1.0,2.2399999999999998,0.8,1,1,1,24,0.12539608578104217,0.14685433858726157,0.565636157989502,0.1086282730102539
500,1.2000000000000002,2.2399999999999998,0.8,1,1,1,0,0.12071352984783307,0.12581441363380835,0.5387425422668457,0.10860252380371094
500,1.2000000000000002,2.2399999999999998,0.8,1,1,1,1,0.1572181588162806,0.15556284923576372,0.596688985824585,0.10543251037597656
500,1.2000000000000002,2.2399999999999998,0.8,1,1,1,2,0.12950343073860068,0.11746401900893517,0.4860355854034424,0.10804247856140137
500,1.2000000000000002,2.2399999999999998,0.8,1,1,1,3,0.15067411946121537,0.14025455425788316,0.6518001556396484,0.11762452125549316
500,1.2000000000000002,2.2399999999999998,0.8,1,1,1,4,0.13871078468818437,0.12906402609310735,0.6485252380371094,0.10414266586303711
500,1.2000000000000002,2.2399999999999998,0.8,1,1,1,5,0.15050918598716,0.11929024526182348,0.716698169708252,0.10566353797912598
500,1.2000000000000002,2.2399999999999998,0.8,1,1,1,6,0.1487264520589754,0.11463669154425526,0.5889391899108887,0.09112286567687988
500,1.2000000000000002,2.2399999999999998,0.8,1,1,1,7,0.15413427912455627,0.13376456863073496,0.6229846477508545,0.0845482349395752
500,1.2000000000000002,2.2399999999999998,0.8,1,1,1,8,0.14232855873210634,0.1239872961333792,0.7464630603790283,0.13858795166015625
500,1.2000000000000002,2.2399999999999998,0.8,1,1,1,9,0.15914380620284518,0.14515007339541386,0.605893611907959,0.08360433578491211
500,1.2000000000000002,2.2399999999999998,0.8,1,1,1,10,0.15548984468454707,0.11163148803267572,0.5510447025299072,0.11961483955383301
500,1.2000000000000002,2.2399999999999998,0.8,1,1,1,11,0.13776221727969418,0.13435572881828084,0.6270654201507568,0.10663938522338867
500,1.2000000000000002,2.2399999999999998,0.8,1,1,1,12,0.14457943585494185,0.11326100431383689,0.5368390083312988,0.09244370460510254
500,1.2000000000000002,2.2399999999999998,0.8,1,1,1,13,0.1321180946136573,0.12258017452722574,0.5397331714630127,0.13648700714111328
500,1.2000000000000002,2.2399999999999998,0.8,1,1,1,14,0.12617265639814843,0.12433800851516867,0.5389320850372314,0.10960125923156738
500,1.2000000000000002,2.2399999999999998,0.8,1,1,1,15,0.15076198181892914,0.13474481118272283,0.5554189682006836,0.09313273429870605
500,1.2000000000000002,2.2399999999999998,0.8,1,1,1,16,0.13042281450276727,0.13805424939284927,0.5951993465423584,0.09742259979248047
500,1.2000000000000002,2.2399999999999998,0.8,1,1,1,17,0.13619379468816661,0.12824545409536156,0.596674919128418,0.09545445442199707
500,1.2000000000000002,2.2399999999999998,0.8,1,1,1,18,0.1542329915398045,0.13796691305747594,0.6189301013946533,0.08479928970336914
500,1.2000000000000002,2.2399999999999998,0.8,1,1,1,19,0.14714265377032404,0.16877003595686135,0.7514057159423828,0.12446236610412598
500,1.2000000000000002,2.2399999999999998,0.8,1,1,1,20,0.12341162445333294,0.1670310626226061,0.5495967864990234,0.09255576133728027
500,1.2000000000000002,2.2399999999999998,0.8,1,1,1,21,0.13316046643338397,0.1165180931446249,0.5015869140625,0.12192702293395996
500,1.2000000000000002,2.2399999999999998,0.8,1,1,1,22,0.13635786901874747,0.14940034111031691,0.5799839496612549,0.11069273948669434
500,1.2000000000000002,2.2399999999999998,0.8,1,1,1,23,0.1315028871201575,0.1277017132113084,0.5209050178527832,0.11182641983032227
500,1.2000000000000002,2.2399999999999998,0.8,1,1,1,24,0.1508345343647806,0.139467218581171,0.6667046546936035,0.10171985626220703
500,1.4000000000000001,2.2399999999999998,0.8,1,1,1,0,0.1536614367221345,0.1283830658242112,0.7469069957733154,0.13609862327575684
500,1.4000000000000001,2.2399999999999998,0.8,1,1,1,1,0.15440721853107936,0.13554186463921714,0.6075639724731445,0.11907339096069336
500,1.4000000000000001,2.2399999999999998,0.8,1,1,1,2,0.173113494913951,0.12973020490513285,0.580742597579956,0.08661532402038574
500,1.4000000000000001,2.2399999999999998,0.8,1,1,1,3,0.18867520874749868,0.14790146146279484,0.5791671276092529,0.09932398796081543
500,1.4000000000000001,2.2399999999999998,0.8,1,1,1,4,0.16755261635983765,0.12240458969731836,0.6393265724182129,0.13091444969177246
500,1.4000000000000001,2.2399999999999998,0.8,1,1,1,5,0.17944321130912663,0.16048461693991492,0.6833064556121826,0.14052104949951172
500,1.4000000000000001,2.2399999999999998,0.8,1,1,1,6,0.16435040882982846,0.12160562963200464,0.5178608894348145,0.10299205780029297
500,1.4000000000000001,2.2399999999999998,0.8,1,1,1,7,0.1580393699176302,0.15218424523138707,0.5571391582489014,0.14061522483825684
500,1.4000000000000001,2.2399999999999998,0.8,1,1,1,8,0.15356426846187704,0.13667803150170316,0.552868127822876,0.09647274017333984
500,1.4000000000000001,2.2399999999999998,0.8,1,1,1,9,0.17353739867966153,0.13084068587990905,0.586883544921875,0.09421539306640625
500,1.4000000000000001,2.2399999999999998,0.8,1,1,1,10,0.18504287581803375,0.13846275467372102,0.7106716632843018,0.11957263946533203
500,1.4000000000000001,2.2399999999999998,0.8,1,1,1,11,0.1727623398037887,0.15736898877379626,0.583824634552002,0.10646605491638184
500,1.4000000000000001,2.2399999999999998,0.8,1,1,1,12,0.16035670065974947,0.1511652892710126,0.5254242420196533,0.11108207702636719
500,1.4000000000000001,2.2399999999999998,0.8,1,1,1,13,0.1558959910569737,0.13496105693654006,0.5169813632965088,0.10250544548034668
500,1.4000000000000001,2.2399999999999998,0.8,1,1,1,14,0.1510054162972998,0.15041424534386405,0.556445837020874,0.10363411903381348
500,1.4000000000000001,2.2399999999999998,0.8,1,1,1,15,0.13813012386244392,0.1531102412082076,0.6299943923950195,0.12175655364990234
500,1.4000000000000001,2.2399999999999998,0.8,1,1,1,16,0.20170139624246428,0.12085561120567019,0.6757371425628662,0.11865568161010742
500,1.4000000000000001,2.2399999999999998,0.8,1,1,1,17,0.16276299237154887,0.14755939025476006,0.5644798278808594,0.09044289588928223
500,1.4000000000000001,2.2399999999999998,0.8,1,1,1,18,0.17444444458076888,0.1315389953929051,0.574122428894043,0.0874335765838623
500,1.4000000000000001,2.2399999999999998,0.8,1,1,1,19,0.15002174036862378,0.12280364466423775,0.6222851276397705,0.10763001441955566
500,1.4000000000000001,2.2399999999999998,0.8,1,1,1,20,0.13371090448058792,0.12503212570378242,0.5933308601379395,0.09932684898376465
500,1.4000000000000001,2.2399999999999998,0.8,1,1,1,21,0.14702726363922564,0.1462395277552888,0.8727242946624756,0.13193273544311523
500,1.4000000000000001,2.2399999999999998,0.8,1,1,1,22,0.1536919473408304,0.17134301778501473,0.5591320991516113,0.10475778579711914
500,1.4000000000000001,2.2399999999999998,0.8,1,1,1,23,0.1779438301074939,0.11902608574262293,0.6392536163330078,0.09991812705993652
500,1.4000000000000001,2.2399999999999998,0.8,1,1,1,24,0.18267967334580787,0.12571351782937149,0.5267701148986816,0.09891223907470703
500,1.6,2.2399999999999998,0.8,1,1,1,0,0.19038651127308334,0.14864116674965222,0.5660829544067383,0.0974876880645752
500,1.6,2.2399999999999998,0.8,1,1,1,1,0.18698124274289726,0.15046294591799922,0.8167438507080078,0.10583901405334473
500,1.6,2.2399999999999998,0.8,1,1,1,2,0.16474726943639345,0.14254631666548506,0.5137898921966553,0.10207962989807129
500,1.6,2.2399999999999998,0.8,1,1,1,3,0.20039961118426775,0.1537523506723348,0.5802114009857178,0.10899877548217773
500,1.6,2.2399999999999998,0.8,1,1,1,4,0.1890498321676797,0.14605895857292217,0.5560343265533447,0.09753799438476562
500,1.6,2.2399999999999998,0.8,1,1,1,5,0.19743945448886394,0.13249565534095922,0.5457100868225098,0.11144757270812988
500,1.6,2.2399999999999998,0.8,1,1,1,6,0.18820666371672146,0.14291822820855368,0.6653327941894531,0.12043619155883789
500,1.6,2.2399999999999998,0.8,1,1,1,7,0.22784977087119718,0.1379150758078117,0.5630669593811035,0.13007664680480957
500,1.6,2.2399999999999998,0.8,1,1,1,8,0.21211722881851808,0.13511887621906216,0.5296952724456787,0.11852598190307617
500,1.6,2.2399999999999998,0.8,1,1,1,9,0.19038293561764397,0.16099696318956086,0.5006504058837891,0.1135716438293457
500,1.6,2.2399999999999998,0.8,1,1,1,10,0.17874170962837777,0.14892243383622594,0.5066132545471191,0.1075139045715332
500,1.6,2.2399999999999998,0.8,1,1,1,11,0.199163098071977,0.15098746213104539,0.5340554714202881,0.12201261520385742
500,1.6,2.2399999999999998,0.8,1,1,1,12,0.16469003477499486,0.17515689596827053,0.5591411590576172,0.13152456283569336
500,1.6,2.2399999999999998,0.8,1,1,1,13,0.19616590864460387,0.14451104187840608,0.5205495357513428,0.10343337059020996
500,1.6,2.2399999999999998,0.8,1,1,1,14,0.17577572821612772,0.13537536236709966,0.6127867698669434,0.12202906608581543
500,1.6,2.2399999999999998,0.8,1,1,1,15,0.17420594278655935,0.17286700595237436,0.6083576679229736,0.11342191696166992
500,1.6,2.2399999999999998,0.8,1,1,1,16,0.15661824543232591,0.17171424388987389,0.5912494659423828,0.11178851127624512
500,1.6,2.2399999999999998,0.8,1,1,1,17,0.18915540584474402,0.15802134560732664,0.7643222808837891,0.121978759765625
500,1.6,2.2399999999999998,0.8,1,1,1,18,0.2064556979283136,0.15608448814540968,0.702965259552002,0.08810782432556152
500,1.6,2.2399999999999998,0.8,1,1,1,19,0.16601159431770546,0.14363186735455208,0.5087563991546631,0.10254859924316406
500,1.6,2.2399999999999998,0.8,1,1,1,20,0.19844553105442794,0.1416505835052134,0.5506401062011719,0.11555051803588867
500,1.6,2.2399999999999998,0.8,1,1,1,21,0.15965542480515685,0.1511181817313907,0.5096235275268555,0.10141420364379883
500,1.6,2.2399999999999998,0.8,1,1,1,22,0.1835062456080515,0.14727006542340643,0.6282076835632324,0.1083226203918457
500,1.6,2.2399999999999998,0.8,1,1,1,23,0.1542075533435785,0.15183600048706264,0.6597156524658203,0.11142468452453613
500,1.6,2.2399999999999998,0.8,1,1,1,24,0.19081484443868585,0.15079900640809016,0.5202054977416992,0.11498785018920898
500,1.8,2.2399999999999998,0.8,1,1,1,0,0.22222884193713024,0.18064863992831567,0.5503079891204834,0.08626580238342285
500,1.8,2.2399999999999998,0.8,1,1,1,1,0.1981104339791793,0.1504975185807926,0.5545864105224609,0.1013944149017334
500,1.8,2.2399999999999998,0.8,1,1,1,2,0.20190626888310467,0.17061359544497862,0.5697259902954102,0.0929555892944336
500,1.8,2.2399999999999998,0.8,1,1,1,3,0.24650409484147284,0.16030090571509298,0.6208384037017822,0.09315776824951172
500,1.8,2.2399999999999998,0.8,1,1,1,4,0.19704126960484625,0.16672115808540908,0.709951639175415,0.10968708992004395
500,1.8,2.2399999999999998,0.8,1,1,1,5,0.18767206788276852,0.15991415544963974,0.5259270668029785,0.11422061920166016
500,1.8,2.2399999999999998,0.8,1,1,1,6,0.17761866635160287,0.1865321991370606,0.5281829833984375,0.10833907127380371
500,1.8,2.2399999999999998,0.8,1,1,1,7,0.20364584032442848,0.18171249855807872,0.54937744140625,0.09754157066345215
500,1.8,2.2399999999999998,0.8,1,1,1,8,0.18963446500462636,0.16034859019518408,0.6822376251220703,0.12461376190185547
500,1.8,2.2399999999999998,0.8,1,1,1,9,0.1946551347231242,0.15965631636743485,0.6815991401672363,0.11287689208984375
500,1.8,2.2399999999999998,0.8,1,1,1,10,0.26262722097368985,0.16283345816574524,0.7072856426239014,0.12611961364746094
500,1.8,2.2399999999999998,0.8,1,1,1,11,0.2344466982391602,0.15013645248045548,0.5407321453094482,0.07836627960205078
500,1.8,2.2399999999999998,0.8,1,1,1,12,0.19192903949269424,0.15706566264990812,0.5740265846252441,0.0907907485961914
500,1.8,2.2399999999999998,0.8,1,1,1,13,0.2549739543607676,0.1780784104542695,0.6836545467376709,0.11621999740600586
500,1.8,2.2399999999999998,0.8,1,1,1,14,0.18846161725846414,0.13429114708432,0.7052867412567139,0.11825442314147949
500,1.8,2.2399999999999998,0.8,1,1,1,15,0.225040938241901,0.1453205348577819,0.539088249206543,0.08990001678466797
500,1.8,2.2399999999999998,0.8,1,1,1,16,0.19670687605758577,0.1395755398758579,0.5627198219299316,0.10619258880615234
500,1.8,2.2399999999999998,0.8,1,1,1,17,0.21541829434789975,0.1573380903704524,0.5647821426391602,0.10455083847045898
500,1.8,2.2399999999999998,0.8,1,1,1,18,0.21367333905070146,0.1659036648970346,0.603672981262207,0.11943602561950684
500,1.8,2.2399999999999998,0.8,1,1,1,19,0.21396491666710035,0.15020807768479152,0.8102118968963623,0.136444091796875
500,1.8,2.2399999999999998,0.8,1,1,1,20,0.2124506898614522,0.1525826444034213,0.5766656398773193,0.12104415893554688
500,1.8,2.2399999999999998,0.8,1,1,1,21,0.21801632010382208,0.14866186779122603,0.5208432674407959,0.1177978515625
500,1.8,2.2399999999999998,0.8,1,1,1,22,0.16607372560329922,0.15950102148819942,0.5374419689178467,0.10094070434570312
500,1.8,2.2399999999999998,0.8,1,1,1,23,0.20159540600403922,0.15362857194679133,0.5490603446960449,0.0850667953491211
500,1.8,2.2399999999999998,0.8,1,1,1,24,0.20733163341220953,0.1522963028357623,0.622962474822998,0.11811566352844238
500,2.0,2.2399999999999998,0.8,1,1,1,0,0.2182663916076885,0.16078862947121522,0.6700832843780518,0.13206958770751953
500,2.0,2.2399999999999998,0.8,1,1,1,1,0.211867717641772,0.20812789928394343,0.6214635372161865,0.09101080894470215
500,2.0,2.2399999999999998,0.8,1,1,1,2,0.2504989750374888,0.17562791267305755,0.5790297985076904,0.08340096473693848
500,2.0,2.2399999999999998,0.8,1,1,1,3,0.2576599811053919,0.1940479305866227,0.5267174243927002,0.10922503471374512
500,2.0,2.2399999999999998,0.8,1,1,1,4,0.23955285103471968,0.16459021012734137,0.5183382034301758,0.14903736114501953
500,2.0,2.2399999999999998,0.8,1,1,1,5,0.22690017697276843,0.1881879618659014,0.8139832019805908,0.15151643753051758
500,2.0,2.2399999999999998,0.8,1,1,1,6,0.23968056584552797,0.1475902148329816,0.5935604572296143,0.10655498504638672
500,2.0,2.2399999999999998,0.8,1,1,1,7,0.24038125622039047,0.15675443175280285,0.6285765171051025,0.08693838119506836
500,2.0,2.2399999999999998,0.8,1,1,1,8,0.23433973110792786,0.19437332349921652,0.5438351631164551,0.13098526000976562
500,2.0,2.2399999999999998,0.8,1,1,1,9,0.27566378815813447,0.2172856104884957,0.5043692588806152,0.11953878402709961
500,2.0,2.2399999999999998,0.8,1,1,1,10,0.27171603495593544,0.17108359154161346,0.7419924736022949,0.120513916015625
500,2.0,2.2399999999999998,0.8,1,1,1,11,0.29592060047933094,0.176168844655268,0.5972375869750977,0.09426069259643555
500,2.0,2.2399999999999998,0.8,1,1,1,12,0.23680269408377438,0.18631608983734546,0.6218976974487305,0.07915830612182617
500,2.0,2.2399999999999998,0.8,1,1,1,13,0.22949940647129158,0.14463044633203903,0.5928544998168945,0.09192991256713867
500,2.0,2.2399999999999998,0.8,1,1,1,14,0.21445855980410988,0.17942851677160052,0.6610476970672607,0.09320878982543945
500,2.0,2.2399999999999998,0.8,1,1,1,15,0.24365034218256446,0.16063034355595024,0.7761874198913574,0.12357711791992188
500,2.0,2.2399999999999998,0.8,1,1,1,16,0.22846173747401763,0.17103232476367397,0.5433688163757324,0.08842730522155762
500,2.0,2.2399999999999998,0.8,1,1,1,17,0.22883859642761717,0.24256932198476822,0.5812206268310547,0.08400678634643555
500,2.0,2.2399999999999998,0.8,1,1,1,18,0.25114984274056895,0.20807188067239715,0.5850365161895752,0.08336305618286133
500,2.0,2.2399999999999998,0.8,1,1,1,19,0.24024207329006314,0.1481875664978509,0.6191048622131348,0.09351229667663574
500,2.0,2.2399999999999998,0.8,1,1,1,20,0.2685628495619272,0.2139175867615669,0.6812403202056885,0.1135709285736084
500,2.0,2.2399999999999998,0.8,1,1,1,21,0.23778815287644908,0.1765625749851599,0.663224458694458,0.12515497207641602
500,2.0,2.2399999999999998,0.8,1,1,1,22,0.22219279966950692,0.15651856948923246,0.5477578639984131,0.12141704559326172
500,2.0,2.2399999999999998,0.8,1,1,1,23,0.24436059156783801,0.15030353015791956,0.6127543449401855,0.08392691612243652
500,2.0,2.2399999999999998,0.8,1,1,1,24,0.2201124171422701,0.1784583184127004,0.6128871440887451,0.08199501037597656
500,2.2,2.2399999999999998,0.8,1,1,1,0,0.24369113372653026,0.19869455281704831,0.6518664360046387,0.10251927375793457
500,2.2,2.2399999999999998,0.8,1,1,1,1,0.26513604976260935,0.14872056911751685,0.8175594806671143,0.15628361701965332
500,2.2,2.2399999999999998,0.8,1,1,1,2,0.2224087547114717,0.21586387031363224,0.518122673034668,0.1098332405090332
500,2.2,2.2399999999999998,0.8,1,1,1,3,0.2526509675501192,0.1827179545905102,0.5154623985290527,0.09735488891601562
500,2.2,2.2399999999999998,0.8,1,1,1,4,0.29822771658824376,0.1936759004277991,0.48598361015319824,0.09703350067138672
500,2.2,2.2399999999999998,0.8,1,1,1,5,0.2208907558067712,0.1918644032370341,0.559711217880249,0.10442399978637695
500,2.2,2.2399999999999998,0.8,1,1,1,6,0.2529596990729427,0.16894865065448036,0.8168120384216309,0.12032175064086914
500,2.2,2.2399999999999998,0.8,1,1,1,7,0.2785036438504358,0.2560987398247706,0.5664961338043213,0.08621788024902344
500,2.2,2.2399999999999998,0.8,1,1,1,8,0.27752934465511264,0.15955478793943315,0.5498676300048828,0.10763692855834961
500,2.2,2.2399999999999998,0.8,1,1,1,9,0.22813921543343926,0.20963475743050086,0.544105052947998,0.11149740219116211
500,2.2,2.2399999999999998,0.8,1,1,1,10,0.2888442170547757,0.18016244447112723,0.536536693572998,0.11459946632385254
500,2.2,2.2399999999999998,0.8,1,1,1,11,0.24875144787532472,0.19588274515528942,0.6061666011810303,0.1095733642578125
500,2.2,2.2399999999999998,0.8,1,1,1,12,0.24536127016572565,0.18090660435340916,0.6130728721618652,0.11887240409851074
500,2.2,2.2399999999999998,0.8,1,1,1,13,0.29704155382735326,0.18685001137972138,0.5319995880126953,0.09441709518432617
500,2.2,2.2399999999999998,0.8,1,1,1,14,0.2648038804241426,0.1622428747799347,0.5102477073669434,0.12154006958007812
500,2.2,2.2399999999999998,0.8,1,1,1,15,0.2518688714916549,0.18281675291398236,0.5231521129608154,0.11247730255126953
500,2.2,2.2399999999999998,0.8,1,1,1,16,0.22940459563059132,0.23494339331282893,0.6014044284820557,0.09952545166015625
500,2.2,2.2399999999999998,0.8,1,1,1,17,0.2223669648532812,0.15085831027048946,0.7701010704040527,0.11768269538879395
500,2.2,2.2399999999999998,0.8,1,1,1,18,0.23989847360467076,0.15667241838774598,0.5477168560028076,0.12310671806335449
500,2.2,2.2399999999999998,0.8,1,1,1,19,0.26773004094494374,0.1946287114304718,0.5311615467071533,0.09044313430786133
500,2.2,2.2399999999999998,0.8,1,1,1,20,0.26016232761896935,0.18012385481601886,0.5483074188232422,0.1481490135192871
500,2.2,2.2399999999999998,0.8,1,1,1,21,0.27736538147266304,0.1638233567933768,0.6802999973297119,0.1318044662475586
500,2.2,2.2399999999999998,0.8,1,1,1,22,0.2642147276635221,0.22934710417430348,0.716965913772583,0.13856983184814453
500,2.2,2.2399999999999998,0.8,1,1,1,23,0.2306546697712675,0.2291052700685396,0.5957605838775635,0.09100604057312012
500,2.2,2.2399999999999998,0.8,1,1,1,24,0.24585980561727824,0.1880558800538765,0.5438690185546875,0.11306905746459961
500,2.4000000000000004,2.2399999999999998,0.8,1,1,1,0,0.27613078220029746,0.17614616971509292,0.523740291595459,0.09544849395751953
500,2.4000000000000004,2.2399999999999998,0.8,1,1,1,1,0.29674737929752604,0.18573463034150584,0.515885591506958,0.09504842758178711
500,2.4000000000000004,2.2399999999999998,0.8,1,1,1,2,0.26737439985033506,0.16056994226045035,0.5854232311248779,0.10212421417236328
500,2.4000000000000004,2.2399999999999998,0.8,1,1,1,3,0.29095140795139224,0.2167950773794695,0.6540079116821289,0.12350916862487793
500,2.4000000000000004,2.2399999999999998,0.8,1,1,1,4,0.2843749772194452,0.2164297627062156,0.5148270130157471,0.12542343139648438
500,2.4000000000000004,2.2399999999999998,0.8,1,1,1,5,0.2946293026571771,0.2012788024220795,0.5345437526702881,0.09840559959411621
500,2.4000000000000004,2.2399999999999998,0.8,1,1,1,6,0.265383693250286,0.16226350243581064,0.5663032531738281,0.10251355171203613
500,2.4000000000000004,2.2399999999999998,0.8,1,1,1,7,0.2658678378433711,0.19175828163195102,0.5594370365142822,0.09723091125488281
500,2.4000000000000004,2.2399999999999998,0.8,1,1,1,8,0.30702009078389814,0.18873155007599426,0.6340267658233643,0.12044525146484375
500,2.4000000000000004,2.2399999999999998,0.8,1,1,1,9,0.30336090897821494,0.17894730478666976,0.6843743324279785,0.11541628837585449
500,2.4000000000000004,2.2399999999999998,0.8,1,1,1,10,0.25324722785552267,0.2007806343906601,0.5233447551727295,0.12553143501281738
500,2.4000000000000004,2.2399999999999998,0.8,1,1,1,11,0.26909474889872365,0.17162176766739207,0.5346546173095703,0.10643410682678223
500,2.4000000000000004,2.2399999999999998,0.8,1,1,1,12,0.2971533535841967,0.2571059314892132,0.5195653438568115,0.12204456329345703
500,2.4000000000000004,2.2399999999999998,0.8,1,1,1,13,0.26480304298886,0.2129851229735714,0.7184715270996094,0.11704564094543457
500,2.4000000000000004,2.2399999999999998,0.8,1,1,1,14,0.266701650271258,0.2113350915626574,0.6352825164794922,0.12593626976013184
500,2.4000000000000004,2.2399999999999998,0.8,1,1,1,15,0.24308609086788058,0.18264886940170208,0.5492658615112305,0.1103818416595459
500,2.4000000000000004,2.2399999999999998,0.8,1,1,1,16,0.28936116295446795,0.21566564216915315,0.5849282741546631,0.1483004093170166
500,2.4000000000000004,2.2399999999999998,0.8,1,1,1,17,0.2775770842609912,0.22277343683727005,0.49779820442199707,0.10906863212585449
500,2.4000000000000004,2.2399999999999998,0.8,1,1,1,18,0.2589844914296203,0.1877500377614909,0.5015020370483398,0.10656332969665527
500,2.4000000000000004,2.2399999999999998,0.8,1,1,1,19,0.26301867534489753,0.1916421847983063,0.7888038158416748,0.13362765312194824
500,2.4000000000000004,2.2399999999999998,0.8,1,1,1,20,0.2494814210306187,0.24711741974561846,0.5041711330413818,0.10451364517211914
500,2.4000000000000004,2.2399999999999998,0.8,1,1,1,21,0.24013198614649844,0.19938419854101658,0.5854408740997314,0.09656262397766113
500,2.4000000000000004,2.2399999999999998,0.8,1,1,1,22,0.31978109856965425,0.19209631624531193,0.5705549716949463,0.11283683776855469
500,2.4000000000000004,2.2399999999999998,0.8,1,1,1,23,0.27056955023121765,0.29000778374518094,0.5834550857543945,0.0866689682006836
500,2.4000000000000004,2.2399999999999998,0.8,1,1,1,24,0.2691026018945884,0.20748866833277463,0.7657675743103027,0.11164164543151855
500,2.6,2.2399999999999998,0.8,1,1,1,0,0.28164827359316746,0.2259071267454796,0.521216869354248,0.11747956275939941
500,2.6,2.2399999999999998,0.8,1,1,1,1,0.2585614879281325,0.21066651807346398,0.5082616806030273,0.12347102165222168
500,2.6,2.2399999999999998,0.8,1,1,1,2,0.3118231902133679,0.18653318613143757,0.5214076042175293,0.10401368141174316
500,2.6,2.2399999999999998,0.8,1,1,1,3,0.27800150631052506,0.1973851111791553,0.5214402675628662,0.1025545597076416
500,2.6,2.2399999999999998,0.8,1,1,1,4,0.32664180141650295,0.23529280341537903,0.5252141952514648,0.12775182723999023
500,2.6,2.2399999999999998,0.8,1,1,1,5,0.3199029901421753,0.25013055171685794,0.7208395004272461,0.1232149600982666
500,2.6,2.2399999999999998,0.8,1,1,1,6,0.27452365100501946,0.2570028403950202,0.5074679851531982,0.11290812492370605
500,2.6,2.2399999999999998,0.8,1,1,1,7,0.29437309486247953,0.1877570682538697,0.5466415882110596,0.08953332901000977
500,2.6,2.2399999999999998,0.8,1,1,1,8,0.306378581731172,0.21340068476731341,0.6136775016784668,0.09321188926696777
500,2.6,2.2399999999999998,0.8,1,1,1,9,0.2809643067683924,0.21825836351728573,0.5312879085540771,0.11635661125183105
500,2.6,2.2399999999999998,0.8,1,1,1,10,0.2760754276592299,0.2207571305086376,0.6414518356323242,0.1295945644378662
500,2.6,2.2399999999999998,0.8,1,1,1,11,0.29317232332245347,0.21645049885998977,0.7127482891082764,0.1117410659790039
500,2.6,2.2399999999999998,0.8,1,1,1,12,0.30812181300033753,0.26782488262441523,0.5763838291168213,0.07769417762756348
500,2.6,2.2399999999999998,0.8,1,1,1,13,0.3589360514556378,0.23913334681700812,0.5586047172546387,0.10176706314086914
500,2.6,2.2399999999999998,0.8,1,1,1,14,0.29580815737852584,0.20887550216902406,0.5922112464904785,0.10958051681518555
500,2.6,2.2399999999999998,0.8,1,1,1,15,0.3018319302805192,0.2145399054861711,0.6302642822265625,0.10369157791137695
500,2.6,2.2399999999999998,0.8,1,1,1,16,0.30992176596360216,0.22965936326952227,0.6919600963592529,0.11880898475646973
500,2.6,2.2399999999999998,0.8,1,1,1,17,0.2711335482555046,0.22005087896019515,0.5985879898071289,0.09426355361938477
500,2.6,2.2399999999999998,0.8,1,1,1,18,0.268495378098248,0.18922905882011343,0.5734591484069824,0.07291650772094727
500,2.6,2.2399999999999998,0.8,1,1,1,19,0.28665968887827414,0.17751585326379035,0.5829122066497803,0.11126136779785156
500,2.6,2.2399999999999998,0.8,1,1,1,20,0.2681409629054606,0.26443784879664606,0.5243847370147705,0.11170434951782227
500,2.6,2.2399999999999998,0.8,1,1,1,21,0.304887626382318,0.2067829933522852,0.7206511497497559,0.13153672218322754
500,2.6,2.2399999999999998,0.8,1,1,1,22,0.33503501519503914,0.2216472458249317,0.58762526512146,0.07896137237548828
500,2.6,2.2399999999999998,0.8,1,1,1,23,0.29166468389702577,0.204619165249449,0.6302816867828369,0.08516430854797363
500,2.6,2.2399999999999998,0.8,1,1,1,24,0.3207095764943345,0.20026813371856525,0.6076250076293945,0.09756970405578613
500,2.8000000000000003,2.2399999999999998,0.8,1,1,1,0,0.3121657558439525,0.22095490872796353,0.5966951847076416,0.08469033241271973
500,2.8000000000000003,2.2399999999999998,0.8,1,1,1,1,0.3180135655145452,0.18431146104336835,0.6826093196868896,0.11754941940307617
500,2.8000000000000003,2.2399999999999998,0.8,1,1,1,2,0.3096081622581136,0.22036239441819952,0.6334121227264404,0.11463141441345215
500,2.8000000000000003,2.2399999999999998,0.8,1,1,1,3,0.28616664348088683,0.24581379336631934,0.5422685146331787,0.12111616134643555
500,2.8000000000000003,2.2399999999999998,0.8,1,1,1,4,0.29591071361171417,0.22430556515096126,0.5228800773620605,0.11024141311645508
500,2.8000000000000003,2.2399999999999998,0.8,1,1,1,5,0.417245342942122,0.2098312515925985,0.52414870262146,0.1273326873779297
500,2.8000000000000003,2.2399999999999998,0.8,1,1,1,6,0.2989605230404307,0.2217005642141487,0.6796050071716309,0.15442705154418945
500,2.8000000000000003,2.2399999999999998,0.8,1,1,1,7,0.2820504950961725,0.20122719783100212,0.6884212493896484,0.1106100082397461
500,2.8000000000000003,2.2399999999999998,0.8,1,1,1,8,0.3350046732259909,0.18612227835420814,0.602872371673584,0.09264540672302246
500,2.8000000000000003,2.2399999999999998,0.8,1,1,1,9,0.29817750920178676,0.2548865325375929,0.6161437034606934,0.11760926246643066
500,2.8000000000000003,2.2399999999999998,0.8,1,1,1,10,0.34072891795947363,0.20823099380876472,0.5206198692321777,0.10964250564575195
500,2.8000000000000003,2.2399999999999998,0.8,1,1,1,11,0.31181489909599885,0.23766139180570298,0.5032999515533447,0.11271548271179199
500,2.8000000000000003,2.2399999999999998,0.8,1,1,1,12,0.30544944631135823,0.2133390821976099,0.6483776569366455,0.14632797241210938
500,2.8000000000000003,2.2399999999999998,0.8,1,1,1,13,0.3175559203597277,0.20454068919750507,0.5961756706237793,0.08845710754394531
500,2.8000000000000003,2.2399999999999998,0.8,1,1,1,14,0.32118949865915253,0.252820246307607,0.542125940322876,0.11269640922546387
500,2.8000000000000003,2.2399999999999998,0.8,1,1,1,15,0.3266867875797853,0.21597750284018224,0.5509724617004395,0.10150337219238281
500,2.8000000000000003,2.2399999999999998,0.8,1,1,1,16,0.359920297830752,0.20501317788039827,0.5807874202728271,0.1033470630645752
500,2.8000000000000003,2.2399999999999998,0.8,1,1,1,17,0.3047492488269239,0.24898750630997799,0.5738964080810547,0.13147211074829102
500,2.8000000000000003,2.2399999999999998,0.8,1,1,1,18,0.32816767850115847,0.2604844922437542,0.5827784538269043,0.12362337112426758
500,2.8000000000000003,2.2399999999999998,0.8,1,1,1,19,0.2979596443108422,0.20934107086395526,0.5674922466278076,0.10765528678894043
500,2.8000000000000003,2.2399999999999998,0.8,1,1,1,20,0.33280928267300236,0.19461143218633725,0.574190616607666,0.10314536094665527
500,2.8000000000000003,2.2399999999999998,0.8,1,1,1,21,0.3382208683121817,0.19632165064316973,0.5358963012695312,0.11600804328918457
500,2.8000000000000003,2.2399999999999998,0.8,1,1,1,22,0.338193192450497,0.21915344577927975,0.5418131351470947,0.10106778144836426
500,2.8000000000000003,2.2399999999999998,0.8,1,1,1,23,0.3383416497717944,0.19542957435131852,0.6884870529174805,0.12816190719604492
500,2.8000000000000003,2.2399999999999998,0.8,1,1,1,24,0.32657038486420814,0.2442846920045304,0.6098823547363281,0.10343337059020996
500,3.0,2.2399999999999998,0.8,1,1,1,0,0.38022417114810014,0.21687162354975884,0.5980205535888672,0.12169456481933594
500,3.0,2.2399999999999998,0.8,1,1,1,1,0.3069787067030596,0.21274735903246098,0.7562763690948486,0.12260246276855469
500,3.0,2.2399999999999998,0.8,1,1,1,2,0.2880272056206603,0.21774038940965362,0.7487857341766357,0.11005640029907227
500,3.0,2.2399999999999998,0.8,1,1,1,3,0.32556138951853303,0.21016223014443924,0.7107322216033936,0.12157440185546875
500,3.0,2.2399999999999998,0.8,1,1,1,4,0.36570684855989877,0.20749288325984888,0.5663816928863525,0.11266636848449707
500,3.0,2.2399999999999998,0.8,1,1,1,5,0.30898940453844265,0.27269167452160853,0.5164546966552734,0.11968636512756348
500,3.0,2.2399999999999998,0.8,1,1,1,6,0.32495482202743187,0.24485415149336348,0.5052509307861328,0.0974428653717041
500,3.0,2.2399999999999998,0.8,1,1,1,7,0.337260601857543,0.21325293689856048,0.5613079071044922,0.10023212432861328
500,3.0,2.2399999999999998,0.8,1,1,1,8,0.3701292217830677,0.24797125819237073,0.661069393157959,0.11733460426330566
500,3.0,2.2399999999999998,0.8,1,1,1,9,0.36081351560653824,0.255433325854994,0.6707894802093506,0.12423014640808105
500,3.0,2.2399999999999998,0.8,1,1,1,10,0.34674897451394054,0.23707027296018807,0.5483782291412354,0.10351443290710449
500,3.0,2.2399999999999998,0.8,1,1,1,11,0.3311434198512808,0.21207600576351776,0.5522348880767822,0.11661291122436523
500,3.0,2.2399999999999998,0.8,1,1,1,12,0.35104016116042064,0.24389053939933936,0.6623139381408691,0.11330199241638184
500,3.0,2.2399999999999998,0.8,1,1,1,13,0.3575428495100568,0.32099289714614193,0.5505995750427246,0.12680649757385254
500,3.0,2.2399999999999998,0.8,1,1,1,14,0.3321341259601257,0.2232141479006348,0.6679205894470215,0.11657905578613281
500,3.0,2.2399999999999998,0.8,1,1,1,15,0.32458441885352723,0.25831433791023234,0.554589033126831,0.11661171913146973
500,3.0,2.2399999999999998,0.8,1,1,1,16,0.3491268990116582,0.25308500794849426,0.5691525936126709,0.10725235939025879
500,3.0,2.2399999999999998,0.8,1,1,1,17,0.3147042345948451,0.2623603086550765,0.571521520614624,0.09048318862915039
500,3.0,2.2399999999999998,0.8,1,1,1,18,0.31341513529746867,0.24799019874879996,0.5958740711212158,0.09092259407043457
500,3.0,2.2399999999999998,0.8,1,1,1,19,0.32293005654124796,0.1970427168738387,0.6806221008300781,0.13166499137878418
500,3.0,2.2399999999999998,0.8,1,1,1,20,0.3392408974157506,0.24311749355415418,0.6026265621185303,0.10264992713928223
500,3.0,2.2399999999999998,0.8,1,1,1,21,0.34756496020966066,0.2622810621422869,0.6790456771850586,0.11458706855773926
500,3.0,2.2399999999999998,0.8,1,1,1,22,0.3267099751210911,0.21311178986777166,0.5816934108734131,0.08167123794555664
500,3.0,2.2399999999999998,0.8,1,1,1,23,0.36754915214909023,0.2307692990201021,0.5738999843597412,0.07700848579406738
500,3.0,2.2399999999999998,0.8,1,1,1,24,0.32397259811385964,0.2885433561433756,0.6203656196594238,0.10919404029846191
500,3.2,2.2399999999999998,0.8,1,1,1,0,0.3425774486619443,0.304765826290361,0.6458828449249268,0.12346339225769043
500,3.2,2.2399999999999998,0.8,1,1,1,1,0.3297579628197129,0.2545494126485857,0.5982835292816162,0.08669447898864746
500,3.2,2.2399999999999998,0.8,1,1,1,2,0.4124365131527458,0.3216989884756368,0.5777773857116699,0.08962011337280273
500,3.2,2.2399999999999998,0.8,1,1,1,3,0.3863594899114791,0.2514442208453777,0.5666229724884033,0.08954000473022461
500,3.2,2.2399999999999998,0.8,1,1,1,4,0.3755785445159927,0.24366514458329244,0.5703244209289551,0.11356210708618164
500,3.2,2.2399999999999998,0.8,1,1,1,5,0.3577603883776329,0.23879741517379635,0.6429688930511475,0.11763858795166016
500,3.2,2.2399999999999998,0.8,1,1,1,6,0.36142368770742006,0.22377852887279664,0.5611002445220947,0.0837709903717041
500,3.2,2.2399999999999998,0.8,1,1,1,7,0.3990825590727555,0.2831710923229667,0.5255823135375977,0.09017419815063477
500,3.2,2.2399999999999998,0.8,1,1,1,8,0.3784156657564146,0.22301271273757822,0.49399757385253906,0.10143256187438965
500,3.2,2.2399999999999998,0.8,1,1,1,9,0.4174764141322136,0.2849988024987465,0.6626265048980713,0.10693717002868652
500,3.2,2.2399999999999998,0.8,1,1,1,10,0.3328102042660931,0.2434878495113057,0.6818525791168213,0.12136697769165039
500,3.2,2.2399999999999998,0.8,1,1,1,11,0.3528080137393783,0.32774168702316325,0.6730563640594482,0.13089537620544434
500,3.2,2.2399999999999998,0.8,1,1,1,12,0.40112131857586053,0.24667524386084888,0.5302226543426514,0.10854625701904297
500,3.2,2.2399999999999998,0.8,1,1,1,13,0.4333510016534149,0.23432297909969171,0.6671888828277588,0.09500885009765625
500,3.2,2.2399999999999998,0.8,1,1,1,14,0.36484199228832004,0.22658786332423952,0.5159952640533447,0.10615706443786621
500,3.2,2.2399999999999998,0.8,1,1,1,15,0.358284891602102,0.2637854328799697,0.6098439693450928,0.13694286346435547
500,3.2,2.2399999999999998,0.8,1,1,1,16,0.32933731852266396,0.25182243914586955,0.7239413261413574,0.1302657127380371
500,3.2,2.2399999999999998,0.8,1,1,1,17,0.3548777452076723,0.25509064778687274,0.5518712997436523,0.09454607963562012
500,3.2,2.2399999999999998,0.8,1,1,1,18,0.36460663749855854,0.272552815653882,0.530165433883667,0.09243488311767578
500,3.2,2.2399999999999998,0.8,1,1,1,19,0.39758991673187816,0.22056708350791174,0.5166518688201904,0.1154935359954834
500,3.2,2.2399999999999998,0.8,1,1,1,20,0.36880850223035627,0.2250372196622939,0.547515869140625,0.12399482727050781
500,3.2,2.2399999999999998,0.8,1,1,1,21,0.3633749265266893,0.2966871886641221,0.6556844711303711,0.12532615661621094
500,3.2,2.2399999999999998,0.8,1,1,1,22,0.31645342103004076,0.2678880153996186,0.5412998199462891,0.10283589363098145
500,3.2,2.2399999999999998,0.8,1,1,1,23,0.3663033261616401,0.33681547670959033,0.5064010620117188,0.10576033592224121
500,3.2,2.2399999999999998,0.8,1,1,1,24,0.3723970017078991,0.2562700031446188,0.5737388134002686,0.12562775611877441
500,3.4000000000000004,2.2399999999999998,0.8,1,1,1,0,0.404085903284823,0.27474345785166476,0.5583462715148926,0.13863611221313477
500,3.4000000000000004,2.2399999999999998,0.8,1,1,1,1,0.3575613750628734,0.22037310022684953,0.6090004444122314,0.11962008476257324
500,3.4000000000000004,2.2399999999999998,0.8,1,1,1,2,0.36550266037503165,0.25674725876594884,0.6905415058135986,0.13666319847106934
500,3.4000000000000004,2.2399999999999998,0.8,1,1,1,3,0.36264739121922734,0.28375975252085606,0.5406064987182617,0.10645198822021484
500,3.4000000000000004,2.2399999999999998,0.8,1,1,1,4,0.35973314032647347,0.24858660081226056,0.6170587539672852,0.08276557922363281
500,3.4000000000000004,2.2399999999999998,0.8,1,1,1,5,0.44225967602746935,0.2550024099481545,0.5199944972991943,0.09764623641967773
500,3.4000000000000004,2.2399999999999998,0.8,1,1,1,6,0.39394937827663096,0.3114227096421164,0.645432710647583,0.09262728691101074
500,3.4000000000000004,2.2399999999999998,0.8,1,1,1,7,0.4046762662909074,0.26231953834779936,0.730532169342041,0.12127685546875
500,3.4000000000000004,2.2399999999999998,0.8,1,1,1,8,0.4107307929708028,0.2044404436257274,0.5420448780059814,0.09217643737792969
500,3.4000000000000004,2.2399999999999998,0.8,1,1,1,9,0.409133306967618,0.26516955835853884,0.576068639755249,0.09262704849243164
500,3.4000000000000004,2.2399999999999998,0.8,1,1,1,10,0.40076817221309535,0.26208828606856643,0.5891282558441162,0.11489272117614746
500,3.4000000000000004,2.2399999999999998,0.8,1,1,1,11,0.49430131781668524,0.27120039250990874,0.570683479309082,0.14522552490234375
500,3.4000000000000004,2.2399999999999998,0.8,1,1,1,12,0.34836774388092956,0.23783367865289057,0.7910377979278564,0.17208480834960938
500,3.4000000000000004,2.2399999999999998,0.8,1,1,1,13,0.3943082344107389,0.21461706093068203,0.5810720920562744,0.11268377304077148
500,3.4000000000000004,2.2399999999999998,0.8,1,1,1,14,0.40004234030454383,0.2770444900304685,0.5997345447540283,0.09544515609741211
500,3.4000000000000004,2.2399999999999998,0.8,1,1,1,15,0.39391690327944945,0.2617911522376074,0.6137752532958984,0.09373807907104492
500,3.4000000000000004,2.2399999999999998,0.8,1,1,1,16,0.4168530342955333,0.2594274097704931,0.5434112548828125,0.11872172355651855
500,3.4000000000000004,2.2399999999999998,0.8,1,1,1,17,0.34113038981773997,0.24460675640050347,0.6485600471496582,0.11262130737304688
500,3.4000000000000004,2.2399999999999998,0.8,1,1,1,18,0.4069179693211843,0.23955719478698606,0.647165060043335,0.12328171730041504
500,3.4000000000000004,2.2399999999999998,0.8,1,1,1,19,0.35675132766285333,0.2896557839860027,0.4970555305480957,0.12586712837219238
500,3.4000000000000004,2.2399999999999998,0.8,1,1,1,20,0.39912189212101723,0.24552731143102324,0.520775556564331,0.12063407897949219
500,3.4000000000000004,2.2399999999999998,0.8,1,1,1,21,0.4007757145821907,0.2625139933956895,0.5190258026123047,0.11583280563354492
500,3.4000000000000004,2.2399999999999998,0.8,1,1,1,22,0.38700780519539585,0.2886445856376137,0.5533530712127686,0.13997197151184082
500,3.4000000000000004,2.2399999999999998,0.8,1,1,1,23,0.41844046632703125,0.2780754010481225,0.695927619934082,0.11682844161987305
500,3.4000000000000004,2.2399999999999998,0.8,1,1,1,24,0.3632014414911624,0.26291751839332944,0.5896856784820557,0.09112739562988281
500,3.6,2.2399999999999998,0.8,1,1,1,0,0.36038872816161177,0.3227644840084412,0.6112353801727295,0.08361029624938965
500,3.6,2.2399999999999998,0.8,1,1,1,1,0.39815537373601945,0.28060062565706745,0.5618281364440918,0.0955498218536377
500,3.6,2.2399999999999998,0.8,1,1,1,2,0.45852578505330444,0.2830102358156232,0.5313091278076172,0.11086010932922363
500,3.6,2.2399999999999998,0.8,1,1,1,3,0.4049615630169764,0.23619283999235632,0.6593222618103027,0.13285470008850098
500,3.6,2.2399999999999998,0.8,1,1,1,4,0.408028614226278,0.30371613562261995,0.7184431552886963,0.11164975166320801
500,3.6,2.2399999999999998,0.8,1,1,1,5,0.3951801150609769,0.37645216791056235,0.5776875019073486,0.10827016830444336
500,3.6,2.2399999999999998,0.8,1,1,1,6,0.4208321428955355,0.3183141776455526,0.584205150604248,0.13469433784484863
500,3.6,2.2399999999999998,0.8,1,1,1,7,0.4171669609237712,0.3024711822463827,0.7815980911254883,0.11365628242492676
500,3.6,2.2399999999999998,0.8,1,1,1,8,0.4961558759314416,0.2629616885610915,0.6220858097076416,0.12035727500915527
500,3.6,2.2399999999999998,0.8,1,1,1,9,0.44658077352013686,0.3360159761788937,0.6843523979187012,0.11855840682983398
500,3.6,2.2399999999999998,0.8,1,1,1,10,0.35024330185332636,0.27090926297186824,0.5644540786743164,0.10548686981201172
500,3.6,2.2399999999999998,0.8,1,1,1,11,0.405943085341255,0.24390537710312676,0.533076286315918,0.11067438125610352
500,3.6,2.2399999999999998,0.8,1,1,1,12,0.38593852398680495,0.3357997023898437,0.5132765769958496,0.09953761100769043
500,3.6,2.2399999999999998,0.8,1,1,1,13,0.39385560092362804,0.2959686261585349,0.6701691150665283,0.10661935806274414
500,3.6,2.2399999999999998,0.8,1,1,1,14,0.3889716559884769,0.3202705898526612,0.6037302017211914,0.14180970191955566
500,3.6,2.2399999999999998,0.8,1,1,1,15,0.47278870095356557,0.22792238312939067,0.5058534145355225,0.11075925827026367
500,3.6,2.2399999999999998,0.8,1,1,1,16,0.38593873730357536,0.3012331549028794,0.5258631706237793,0.12483954429626465
500,3.6,2.2399999999999998,0.8,1,1,1,17,0.3533798055264862,0.27243205988692376,0.5020444393157959,0.11999964714050293
500,3.6,2.2399999999999998,0.8,1,1,1,18,0.4332272252950906,0.28128401844478335,0.49114441871643066,0.09696197509765625
500,3.6,2.2399999999999998,0.8,1,1,1,19,0.3655077296349112,0.2501707339480967,0.6586687564849854,0.12821269035339355
500,3.6,2.2399999999999998,0.8,1,1,1,20,0.4010281008035298,0.30049643472708076,0.5511267185211182,0.11606144905090332
500,3.6,2.2399999999999998,0.8,1,1,1,21,0.37846462336911074,0.24883841085662203,0.5593059062957764,0.09489917755126953
500,3.6,2.2399999999999998,0.8,1,1,1,22,0.42970461244268343,0.23191885238920715,0.5267434120178223,0.11564874649047852
500,3.6,2.2399999999999998,0.8,1,1,1,23,0.401104985151857,0.34191386819390146,0.498199462890625,0.10523653030395508
500,3.6,2.2399999999999998,0.8,1,1,1,24,0.49814679955710695,0.3112155949608394,0.5645642280578613,0.1264188289642334
500,3.8000000000000003,2.2399999999999998,0.8,1,1,1,0,0.4545899358966894,0.26752129836628363,0.7227773666381836,0.12291860580444336
500,3.8000000000000003,2.2399999999999998,0.8,1,1,1,1,0.42580808664100883,0.24084064197759986,0.6243915557861328,0.12118721008300781
500,3.8000000000000003,2.2399999999999998,0.8,1,1,1,2,0.4032381664933501,0.3141550621468794,0.6452362537384033,0.11442852020263672
500,3.8000000000000003,2.2399999999999998,0.8,1,1,1,3,0.4770178078485034,0.3400051754861433,0.5061085224151611,0.11299490928649902
500,3.8000000000000003,2.2399999999999998,0.8,1,1,1,4,0.3906784726167917,0.4248764214692,0.5730276107788086,0.08844876289367676
500,3.8000000000000003,2.2399999999999998,0.8,1,1,1,5,0.4112254140618226,0.2500795394497857,0.712557315826416,0.11969757080078125
500,3.8000000000000003,2.2399999999999998,0.8,1,1,1,6,0.44290606124571597,0.3158886428043402,0.5261142253875732,0.0935359001159668
500,3.8000000000000003,2.2399999999999998,0.8,1,1,1,7,0.42490990938841033,0.2645030368001128,0.5313253402709961,0.10551595687866211
500,3.8000000000000003,2.2399999999999998,0.8,1,1,1,8,0.3982645019166595,0.3195010775660601,0.567223310470581,0.13650178909301758
500,3.8000000000000003,2.2399999999999998,0.8,1,1,1,9,0.39293877040380365,0.27234009024177486,0.6119985580444336,0.11070060729980469
500,3.8000000000000003,2.2399999999999998,0.8,1,1,1,10,0.4274936548519612,0.28614994986576014,0.6267564296722412,0.11838626861572266
500,3.8000000000000003,2.2399999999999998,0.8,1,1,1,11,0.43120910663628015,0.3294310981273676,0.693711519241333,0.13647007942199707
500,3.8000000000000003,2.2399999999999998,0.8,1,1,1,12,0.4471003785191228,0.3228118429857416,0.5586917400360107,0.10614371299743652
500,3.8000000000000003,2.2399999999999998,0.8,1,1,1,13,0.4034096750809395,0.27779305749283956,0.571721076965332,0.08912158012390137
500,3.8000000000000003,2.2399999999999998,0.8,1,1,1,14,0.4411244920869058,0.3571104213895361,0.5246803760528564,0.11161923408508301
500,3.8000000000000003,2.2399999999999998,0.8,1,1,1,15,0.44185347882525255,0.2800057483578138,0.532846212387085,0.12266683578491211
500,3.8000000000000003,2.2399999999999998,0.8,1,1,1,16,0.40600181866150065,0.2686816617589769,0.7495527267456055,0.15141057968139648
500,3.8000000000000003,2.2399999999999998,0.8,1,1,1,17,0.5246255775749548,0.24727829862371206,0.7012510299682617,0.10340452194213867
500,3.8000000000000003,2.2399999999999998,0.8,1,1,1,18,0.4091071337987966,0.26796127133218084,0.5914249420166016,0.08752822875976562
500,3.8000000000000003,2.2399999999999998,0.8,1,1,1,19,0.4582739473234418,0.34877223596179985,0.6042497158050537,0.1006920337677002
500,3.8000000000000003,2.2399999999999998,0.8,1,1,1,20,0.4034699321888364,0.2617520269621612,0.5312240123748779,0.11706113815307617
500,3.8000000000000003,2.2399999999999998,0.8,1,1,1,21,0.3798945970881071,0.33253401703915675,0.6829164028167725,0.13240289688110352
500,3.8000000000000003,2.2399999999999998,0.8,1,1,1,22,0.44495628110848867,0.2896634835931428,0.7385828495025635,0.11517739295959473
500,3.8000000000000003,2.2399999999999998,0.8,1,1,1,23,0.4313300660979729,0.32359106932839016,0.547482967376709,0.10757613182067871
500,3.8000000000000003,2.2399999999999998,0.8,1,1,1,24,0.49804566655610066,0.304772705170711,0.6107227802276611,0.08965086936950684
500,4.0,2.2399999999999998,0.8,1,1,1,0,0.485054824103272,0.3089268698454388,0.5164461135864258,0.09748983383178711
500,4.0,2.2399999999999998,0.8,1,1,1,1,0.49202885845632544,0.2963151103013592,0.6060009002685547,0.11765718460083008
500,4.0,2.2399999999999998,0.8,1,1,1,2,0.5131538690956401,0.300148896195578,0.6573121547698975,0.12535858154296875
500,4.0,2.2399999999999998,0.8,1,1,1,3,0.440749206809637,0.3044642817886559,0.626741886138916,0.07948493957519531
500,4.0,2.2399999999999998,0.8,1,1,1,4,0.4770866721246189,0.30515528200835135,0.5824306011199951,0.11403632164001465
500,4.0,2.2399999999999998,0.8,1,1,1,5,0.4419201286511957,0.2571063693472421,0.5584537982940674,0.11965250968933105
500,4.0,2.2399999999999998,0.8,1,1,1,6,0.5656024320714361,0.2548326430335191,0.6268758773803711,0.08561849594116211
500,4.0,2.2399999999999998,0.8,1,1,1,7,0.5301677737595522,0.3336744763812392,0.7402660846710205,0.11554217338562012
500,4.0,2.2399999999999998,0.8,1,1,1,8,0.49818393368214187,0.3800063635644985,0.5111355781555176,0.10358548164367676
500,4.0,2.2399999999999998,0.8,1,1,1,9,0.4807778851599041,0.3344093607718226,0.5496892929077148,0.09452366828918457
500,4.0,2.2399999999999998,0.8,1,1,1,10,0.47554902226726997,0.3011263895570053,0.5603666305541992,0.12961220741271973
500,4.0,2.2399999999999998,0.8,1,1,1,11,0.4535885074473793,0.33798158845912596,0.5222508907318115,0.10147857666015625
500,4.0,2.2399999999999998,0.8,1,1,1,12,0.4429027330383801,0.294430239380562,0.7726871967315674,0.12158560752868652
500,4.0,2.2399999999999998,0.8,1,1,1,13,0.5198691478933473,0.3004580571962505,0.5747950077056885,0.12616968154907227
500,4.0,2.2399999999999998,0.8,1,1,1,14,0.4251563977657329,0.3655624433677982,0.586998462677002,0.1151278018951416
500,4.0,2.2399999999999998,0.8,1,1,1,15,0.43858727760919625,0.26468755248723486,0.5194535255432129,0.10588932037353516
500,4.0,2.2399999999999998,0.8,1,1,1,16,0.5465292425969799,0.28380795624755467,0.575706958770752,0.14056873321533203
500,4.0,2.2399999999999998,0.8,1,1,1,17,0.5534708631426346,0.3285387168859019,0.7477142810821533,0.13830232620239258
500,4.0,2.2399999999999998,0.8,1,1,1,18,0.47037729117038996,0.24913316689164125,0.5878231525421143,0.108642578125
500,4.0,2.2399999999999998,0.8,1,1,1,19,0.4852569339712034,0.31465181157912564,0.5204939842224121,0.10740876197814941
500,4.0,2.2399999999999998,0.8,1,1,1,20,0.48631359766940496,0.3369645267456703,0.644287109375,0.0940399169921875
500,4.0,2.2399999999999998,0.8,1,1,1,21,0.48698491973161195,0.3678196270472078,0.5162413120269775,0.13367271423339844
500,4.0,2.2399999999999998,0.8,1,1,1,22,0.47274788171301935,0.3472746658124255,0.5746808052062988,0.10162544250488281
500,4.0,2.2399999999999998,0.8,1,1,1,23,0.4226164063972105,0.30231421919696105,0.6608736515045166,0.14331340789794922
500,4.0,2.2399999999999998,0.8,1,1,1,24,0.4477412458672989,0.3675593280159381,0.6955125331878662,0.11073565483093262
500,4.2,2.2399999999999998,0.8,1,1,1,0,0.46680144533376916,0.3271602682111546,0.627554178237915,0.09092497825622559
500,4.2,2.2399999999999998,0.8,1,1,1,1,0.551809216963198,0.29066280545174916,0.6502501964569092,0.09405136108398438
500,4.2,2.2399999999999998,0.8,1,1,1,2,0.5054069075630978,0.3550201239031668,0.6360139846801758,0.09349370002746582
500,4.2,2.2399999999999998,0.8,1,1,1,3,0.45143544788585843,0.2834993949188453,0.7681097984313965,0.1323244571685791
500,4.2,2.2399999999999998,0.8,1,1,1,4,0.4980085312564704,0.4516474846946469,0.6211409568786621,0.08800053596496582
500,4.2,2.2399999999999998,0.8,1,1,1,5,0.4854034783605862,0.2911210684319155,0.5565829277038574,0.10149598121643066
500,4.2,2.2399999999999998,0.8,1,1,1,6,0.4521141739241668,0.3378632379078473,0.6237802505493164,0.10308122634887695
500,4.2,2.2399999999999998,0.8,1,1,1,7,0.44537992795763043,0.3865795505228755,0.6202414035797119,0.09769940376281738
500,4.2,2.2399999999999998,0.8,1,1,1,8,0.49937814142331965,0.365984676777391,0.681145191192627,0.12052035331726074
500,4.2,2.2399999999999998,0.8,1,1,1,9,0.47945128649263924,0.35972036967939797,0.6407914161682129,0.10834693908691406
500,4.2,2.2399999999999998,0.8,1,1,1,10,0.463772109289326,0.32000313059066443,0.5400710105895996,0.1064291000366211
500,4.2,2.2399999999999998,0.8,1,1,1,11,0.4826893547100209,0.2994215287987696,0.5658996105194092,0.14084887504577637
500,4.2,2.2399999999999998,0.8,1,1,1,12,0.4832351527827698,0.3481164205303906,0.653592586517334,0.13673043251037598
500,4.2,2.2399999999999998,0.8,1,1,1,13,0.48784249584401923,0.38286940590066654,0.5989091396331787,0.14024090766906738
500,4.2,2.2399999999999998,0.8,1,1,1,14,0.4675461621490017,0.27612825392895035,0.7601141929626465,0.12020325660705566
500,4.2,2.2399999999999998,0.8,1,1,1,15,0.45430068308377397,0.32207527943830017,0.575387716293335,0.0966806411743164
500,4.2,2.2399999999999998,0.8,1,1,1,16,0.4819678491705999,0.3230569036134688,0.5735363960266113,0.09443879127502441
500,4.2,2.2399999999999998,0.8,1,1,1,17,0.44673293642649053,0.3285445334164507,0.5321323871612549,0.11968278884887695
500,4.2,2.2399999999999998,0.8,1,1,1,18,0.5492241697253463,0.3206972851556064,0.5802798271179199,0.08989071846008301
500,4.2,2.2399999999999998,0.8,1,1,1,19,0.4259690908507632,0.2704227314631537,0.6517848968505859,0.1260824203491211
500,4.2,2.2399999999999998,0.8,1,1,1,20,0.4390391224676226,0.4687393008764812,0.5708260536193848,0.08706092834472656
500,4.2,2.2399999999999998,0.8,1,1,1,21,0.5514219313735491,0.30192953070521633,0.5848920345306396,0.09644556045532227
500,4.2,2.2399999999999998,0.8,1,1,1,22,0.4974075285678565,0.3045737027929264,0.6480882167816162,0.11132359504699707
500,4.2,2.2399999999999998,0.8,1,1,1,23,0.493270265566059,0.3807368235797433,0.5541064739227295,0.11538171768188477
500,4.2,2.2399999999999998,0.8,1,1,1,24,0.48163958349848635,0.3620617887736497,0.6605744361877441,0.12059402465820312
500,4.4,2.2399999999999998,0.8,1,1,1,0,0.5077894226922485,0.40361536586865804,0.6894533634185791,0.11558389663696289
500,4.4,2.2399999999999998,0.8,1,1,1,1,0.5275851946893789,0.34858211919980464,0.5601670742034912,0.08305549621582031
500,4.4,2.2399999999999998,0.8,1,1,1,2,0.4501820332930465,0.33542323632089793,0.5108222961425781,0.10394692420959473
500,4.4,2.2399999999999998,0.8,1,1,1,3,0.4579854008969395,0.28015352038311964,0.5078220367431641,0.09551525115966797
500,4.4,2.2399999999999998,0.8,1,1,1,4,0.5895650611704916,0.38828788091542066,0.6004014015197754,0.1179811954498291
500,4.4,2.2399999999999998,0.8,1,1,1,5,0.48359240910564166,0.38579036170217695,0.6689774990081787,0.12059831619262695
500,4.4,2.2399999999999998,0.8,1,1,1,6,0.4771199281309902,0.3263799504812735,0.5387663841247559,0.1334977149963379
500,4.4,2.2399999999999998,0.8,1,1,1,7,0.488350166377894,0.32322753244137287,0.6643550395965576,0.11474466323852539
500,4.4,2.2399999999999998,0.8,1,1,1,8,0.48932533214183105,0.31938994199162635,0.5608830451965332,0.08292174339294434
500,4.4,2.2399999999999998,0.8,1,1,1,9,0.47442346711598854,0.4062740715821885,0.5831120014190674,0.10746383666992188
500,4.4,2.2399999999999998,0.8,1,1,1,10,0.47955969620399463,0.42242467343712503,0.606835126876831,0.1589665412902832
500,4.4,2.2399999999999998,0.8,1,1,1,11,0.46333759200612284,0.3055878919194058,0.7355039119720459,0.09653115272521973
500,4.4,2.2399999999999998,0.8,1,1,1,12,0.4714348387403788,0.3399087336659385,0.5931077003479004,0.0818626880645752
500,4.4,2.2399999999999998,0.8,1,1,1,13,0.46432052493150217,0.2854064685045679,0.519629955291748,0.10792970657348633
500,4.4,2.2399999999999998,0.8,1,1,1,14,0.5692729266825401,0.3224298950260225,0.539118766784668,0.11022663116455078
500,4.4,2.2399999999999998,0.8,1,1,1,15,0.5503168764601556,0.2686955847757274,0.5867965221405029,0.14010858535766602
500,4.4,2.2399999999999998,0.8,1,1,1,16,0.48955648539076746,0.3155037055644572,0.7270033359527588,0.12020587921142578
500,4.4,2.2399999999999998,0.8,1,1,1,17,0.5346511709192389,0.32516535644247674,0.5338170528411865,0.10460400581359863
500,4.4,2.2399999999999998,0.8,1,1,1,18,0.459433852366002,0.28072765941168176,0.5113086700439453,0.09666180610656738
500,4.4,2.2399999999999998,0.8,1,1,1,19,0.4393279861361512,0.287789449932226,0.6143233776092529,0.08561992645263672
500,4.4,2.2399999999999998,0.8,1,1,1,20,0.50184817548819,0.37564608872555105,0.5583641529083252,0.1002359390258789
500,4.4,2.2399999999999998,0.8,1,1,1,21,0.46956967985732095,0.33938425387071386,0.75016188621521,0.11466503143310547
500,4.4,2.2399999999999998,0.8,1,1,1,22,0.46732499666560806,0.33111055018738805,0.5021641254425049,0.12106752395629883
500,4.4,2.2399999999999998,0.8,1,1,1,23,0.5436347091246342,0.37380524408623694,0.5261690616607666,0.11729025840759277
500,4.4,2.2399999999999998,0.8,1,1,1,24,0.4449394792013595,0.43620545983807124,0.5103838443756104,0.1146094799041748
500,4.6000000000000005,2.2399999999999998,0.8,1,1,1,0,0.5130933636851424,0.26740707671592,0.5739951133728027,0.0981450080871582
500,4.6000000000000005,2.2399999999999998,0.8,1,1,1,1,0.5099515269238634,0.3604926019495907,0.7146282196044922,0.14974236488342285
500,4.6000000000000005,2.2399999999999998,0.8,1,1,1,2,0.4894905667662818,0.3271483270749775,0.7284486293792725,0.1026315689086914
500,4.6000000000000005,2.2399999999999998,0.8,1,1,1,3,0.5479289065244423,0.42890591809489464,0.5265653133392334,0.11350631713867188
500,4.6000000000000005,2.2399999999999998,0.8,1,1,1,4,0.46194884040999645,0.4047983638191086,0.5049605369567871,0.10034918785095215
500,4.6000000000000005,2.2399999999999998,0.8,1,1,1,5,0.4985817629522637,0.3514455889035622,0.5484528541564941,0.09596085548400879
500,4.6000000000000005,2.2399999999999998,0.8,1,1,1,6,0.5586277866594609,0.354093005121592,0.6728429794311523,0.11662411689758301
500,4.6000000000000005,2.2399999999999998,0.8,1,1,1,7,0.556971410636301,0.3142892090902509,0.6503643989562988,0.13530325889587402
500,4.6000000000000005,2.2399999999999998,0.8,1,1,1,8,0.48201678262497427,0.3876518867659877,0.5280427932739258,0.11356472969055176
500,4.6000000000000005,2.2399999999999998,0.8,1,1,1,9,0.5218480887511786,0.38397383383282846,0.5566427707672119,0.1023252010345459
500,4.6000000000000005,2.2399999999999998,0.8,1,1,1,10,0.5514028214387878,0.3114162419164036,0.5438246726989746,0.0914926528930664
500,4.6000000000000005,2.2399999999999998,0.8,1,1,1,11,0.5033305498156359,0.44129028697659056,0.5047171115875244,0.09876036643981934
500,4.6000000000000005,2.2399999999999998,0.8,1,1,1,12,0.5036125465610021,0.31969167396967996,0.6094903945922852,0.11235189437866211
500,4.6000000000000005,2.2399999999999998,0.8,1,1,1,13,0.5096820556521985,0.33431906172907594,0.7019431591033936,0.11537766456604004
500,4.6000000000000005,2.2399999999999998,0.8,1,1,1,14,0.4644887969384682,0.3775299712142007,0.5352432727813721,0.10809636116027832
500,4.6000000000000005,2.2399999999999998,0.8,1,1,1,15,0.5643477146277357,0.37513212655610667,0.5555093288421631,0.10354971885681152
500,4.6000000000000005,2.2399999999999998,0.8,1,1,1,16,0.48511373493921994,0.42402986803630016,0.5800588130950928,0.11123251914978027
500,4.6000000000000005,2.2399999999999998,0.8,1,1,1,17,0.5274929300434141,0.3490039114310943,0.6852612495422363,0.12552428245544434
500,4.6000000000000005,2.2399999999999998,0.8,1,1,1,18,0.4867438817673106,0.38209923184725764,0.6068899631500244,0.0959315299987793
500,4.6000000000000005,2.2399999999999998,0.8,1,1,1,19,0.5243654975416081,0.3214194971636379,0.5382184982299805,0.10531854629516602
500,4.6000000000000005,2.2399999999999998,0.8,1,1,1,20,0.48555985225739573,0.29991097027950797,0.5389463901519775,0.12564945220947266
500,4.6000000000000005,2.2399999999999998,0.8,1,1,1,21,0.5678128130577936,0.40805415365129627,0.5500485897064209,0.10067296028137207
500,4.6000000000000005,2.2399999999999998,0.8,1,1,1,22,0.5016304519859665,0.29093787628603845,0.6415274143218994,0.12522435188293457
500,4.6000000000000005,2.2399999999999998,0.8,1,1,1,23,0.46898681636146367,0.2889864642334066,0.812371015548706,0.12872648239135742
500,4.6000000000000005,2.2399999999999998,0.8,1,1,1,24,0.5494462187656466,0.3282962970670027,0.5133957862854004,0.1305990219116211
500,4.800000000000001,2.2399999999999998,0.8,1,1,1,0,0.570547421481287,0.3204460662844597,0.5415647029876709,0.1096498966217041
500,4.800000000000001,2.2399999999999998,0.8,1,1,1,1,0.7074141444378754,0.39195235165916453,0.567253589630127,0.09856081008911133
500,4.800000000000001,2.2399999999999998,0.8,1,1,1,2,0.52062576702855,0.39246482092073953,0.5512344837188721,0.10789299011230469
500,4.800000000000001,2.2399999999999998,0.8,1,1,1,3,0.5911419252958111,0.33674360269950626,0.7262458801269531,0.12757539749145508
500,4.800000000000001,2.2399999999999998,0.8,1,1,1,4,0.5744385045950003,0.42598626721424393,0.5426592826843262,0.11666560173034668
500,4.800000000000001,2.2399999999999998,0.8,1,1,1,5,0.5556476760168106,0.3588075900518441,0.5238668918609619,0.09453368186950684
500,4.800000000000001,2.2399999999999998,0.8,1,1,1,6,0.5955676852933259,0.45353074519183184,0.5448689460754395,0.09862613677978516
500,4.800000000000001,2.2399999999999998,0.8,1,1,1,7,0.5178185858998209,0.4536883871341946,0.5611310005187988,0.09992551803588867
500,4.800000000000001,2.2399999999999998,0.8,1,1,1,8,0.5231490855493557,0.4044274807766404,0.6358194351196289,0.11954593658447266
500,4.800000000000001,2.2399999999999998,0.8,1,1,1,9,0.5633211616982187,0.3619568889813189,0.7047603130340576,0.10165810585021973
500,4.800000000000001,2.2399999999999998,0.8,1,1,1,10,0.5266858774763421,0.45666135116548545,0.5526580810546875,0.140794038772583
500,4.800000000000001,2.2399999999999998,0.8,1,1,1,11,0.5253309045645775,0.384150051713127,0.4955732822418213,0.11042475700378418
500,4.800000000000001,2.2399999999999998,0.8,1,1,1,12,0.5283723874518768,0.34820188714413713,0.5047428607940674,0.08948016166687012
500,4.800000000000001,2.2399999999999998,0.8,1,1,1,13,0.46499490657013626,0.4282601490964278,0.5437307357788086,0.10645627975463867
500,4.800000000000001,2.2399999999999998,0.8,1,1,1,14,0.5745226786262687,0.3424594629445217,0.8315768241882324,0.11904048919677734
500,4.800000000000001,2.2399999999999998,0.8,1,1,1,15,0.6267421215445015,0.47087288923698406,0.6151044368743896,0.0974433422088623
500,4.800000000000001,2.2399999999999998,0.8,1,1,1,16,0.5327894961578853,0.445659997586083,0.589080810546875,0.10812115669250488
500,4.800000000000001,2.2399999999999998,0.8,1,1,1,17,0.6536520259933624,0.3896023705825011,0.6199831962585449,0.10208702087402344
500,4.800000000000001,2.2399999999999998,0.8,1,1,1,18,0.5358688097401071,0.310909324664786,0.7979936599731445,0.1424119472503662
500,4.800000000000001,2.2399999999999998,0.8,1,1,1,19,0.5530452079012341,0.4213848875224903,0.6482272148132324,0.10526227951049805
500,4.800000000000001,2.2399999999999998,0.8,1,1,1,20,0.6440573051298221,0.35443767998721254,0.5725910663604736,0.09755086898803711
500,4.800000000000001,2.2399999999999998,0.8,1,1,1,21,0.5265190201253785,0.3697293734945628,0.5162765979766846,0.10304737091064453
500,4.800000000000001,2.2399999999999998,0.8,1,1,1,22,0.5287417900412767,0.3625719376735198,0.554436445236206,0.09933352470397949
500,4.800000000000001,2.2399999999999998,0.8,1,1,1,23,0.5677460706371332,0.5210219593525537,0.5284843444824219,0.119384765625
500,4.800000000000001,2.2399999999999998,0.8,1,1,1,24,0.5008725958303334,0.3855920377707848,0.571462869644165,0.12816476821899414
500,5.0,2.2399999999999998,0.8,1,1,1,0,0.5634011315344469,0.4132529487443747,0.6457860469818115,0.12084174156188965
500,5.0,2.2399999999999998,0.8,1,1,1,1,0.6132312495076313,0.5034040252809676,0.5057194232940674,0.09502387046813965
500,5.0,2.2399999999999998,0.8,1,1,1,2,0.5824203719047528,0.4390833098675355,0.5618810653686523,0.10755062103271484
500,5.0,2.2399999999999998,0.8,1,1,1,3,0.5416597893355041,0.3031419379562951,0.5886139869689941,0.09063148498535156
500,5.0,2.2399999999999998,0.8,1,1,1,4,0.63219756834502,0.4067459322031456,0.5927999019622803,0.10705065727233887
500,5.0,2.2399999999999998,0.8,1,1,1,5,0.5796762460177137,0.3262679395619338,0.7880957126617432,0.12103009223937988
500,5.0,2.2399999999999998,0.8,1,1,1,6,0.5573551326383834,0.33521658284461636,0.5422441959381104,0.1203606128692627
500,5.0,2.2399999999999998,0.8,1,1,1,7,0.6237100193395158,0.41193140871014944,0.5344257354736328,0.11943435668945312
500,5.0,2.2399999999999998,0.8,1,1,1,8,0.595850033326067,0.4655344284469982,0.57110595703125,0.08485531806945801
500,5.0,2.2399999999999998,0.8,1,1,1,9,0.5414084969800466,0.38708873661001353,0.5686039924621582,0.10999345779418945
500,5.0,2.2399999999999998,0.8,1,1,1,10,0.5978912996864143,0.41867748797038784,0.6707885265350342,0.11559414863586426
500,5.0,2.2399999999999998,0.8,1,1,1,11,0.5809370929609804,0.41793813009722525,0.6912136077880859,0.08843469619750977
500,5.0,2.2399999999999998,0.8,1,1,1,12,0.5580022458395576,0.36659506990371493,0.5780301094055176,0.11166024208068848
500,5.0,2.2399999999999998,0.8,1,1,1,13,0.6858422522508933,0.3903515940852394,0.6561546325683594,0.1217203140258789
500,5.0,2.2399999999999998,0.8,1,1,1,14,0.5679336406650413,0.45003074027889167,0.5132386684417725,0.10746431350708008
500,5.0,2.2399999999999998,0.8,1,1,1,15,0.5074545779197213,0.2997439089786542,0.570253849029541,0.1331956386566162
500,5.0,2.2399999999999998,0.8,1,1,1,16,0.5248324958798616,0.40239664105650197,0.7208240032196045,0.10348749160766602
500,5.0,2.2399999999999998,0.8,1,1,1,17,0.5951363666368471,0.33190535638893753,0.5815179347991943,0.11438441276550293
500,5.0,2.2399999999999998,0.8,1,1,1,18,0.5559802306584364,0.3992010305379518,0.5826687812805176,0.0964500904083252
500,5.0,2.2399999999999998,0.8,1,1,1,19,0.5330009747865727,0.4079180362918535,0.5858697891235352,0.09052371978759766
500,5.0,2.2399999999999998,0.8,1,1,1,20,0.5680255153030445,0.4755467740986458,0.5154428482055664,0.1016244888305664
500,5.0,2.2399999999999998,0.8,1,1,1,21,0.579108507972562,0.3378723293504915,0.6837232112884521,0.1332235336303711
500,5.0,2.2399999999999998,0.8,1,1,1,22,0.5299339085836106,0.38623482207404275,0.5754926204681396,0.08844208717346191
500,5.0,2.2399999999999998,0.8,1,1,1,23,0.5889620026164696,0.4228241104953136,0.5636930465698242,0.10356926918029785
500,5.0,2.2399999999999998,0.8,1,1,1,24,0.5316031046929695,0.5001818235439053,0.5679836273193359,0.07937788963317871
500,5.2,2.2399999999999998,0.8,1,1,1,0,0.6523249281462413,0.33032049606084807,0.6128566265106201,0.08484029769897461
500,5.2,2.2399999999999998,0.8,1,1,1,1,0.5546568733200736,0.42799982058238156,0.681696891784668,0.11995196342468262
500,5.2,2.2399999999999998,0.8,1,1,1,2,0.6287721336588249,0.34384211704373563,0.7197539806365967,0.1116478443145752
500,5.2,2.2399999999999998,0.8,1,1,1,3,0.7055496382122384,0.40874415957418736,0.5756328105926514,0.08104872703552246
500,5.2,2.2399999999999998,0.8,1,1,1,4,0.6429764814382857,0.3495449170423601,0.5794532299041748,0.0870814323425293
500,5.2,2.2399999999999998,0.8,1,1,1,5,0.5472128019631596,0.36679837162274664,0.592099666595459,0.08443617820739746
500,5.2,2.2399999999999998,0.8,1,1,1,6,0.6463365765562478,0.42408457632569524,0.5849158763885498,0.09003281593322754
500,5.2,2.2399999999999998,0.8,1,1,1,7,0.5941023379364841,0.41043498932751327,0.6013891696929932,0.126939058303833
500,5.2,2.2399999999999998,0.8,1,1,1,8,0.6958585514103618,0.40727362288539226,0.6525173187255859,0.13586187362670898
500,5.2,2.2399999999999998,0.8,1,1,1,9,0.5813570981469708,0.34925745068823255,0.650672435760498,0.09797477722167969
500,5.2,2.2399999999999998,0.8,1,1,1,10,0.5421039956040836,0.38631282529569777,0.5865321159362793,0.09445071220397949
500,5.2,2.2399999999999998,0.8,1,1,1,11,0.5851963874485795,0.35750971739535387,0.6018054485321045,0.09409713745117188
500,5.2,2.2399999999999998,0.8,1,1,1,12,0.6975393130585215,0.3566055116542685,0.6582882404327393,0.13656234741210938
500,5.2,2.2399999999999998,0.8,1,1,1,13,0.5873254324313965,0.33357888844905653,0.6811075210571289,0.11418366432189941
500,5.2,2.2399999999999998,0.8,1,1,1,14,0.6482467219788611,0.386712353144241,0.5313112735748291,0.09949398040771484
500,5.2,2.2399999999999998,0.8,1,1,1,15,0.768505026505003,0.3679075604695094,0.6284768581390381,0.08515644073486328
500,5.2,2.2399999999999998,0.8,1,1,1,16,0.5826700381011082,0.38752492106128017,0.5810461044311523,0.10464072227478027
500,5.2,2.2399999999999998,0.8,1,1,1,17,0.5132599744775024,0.38583178565886916,0.6558012962341309,0.11059284210205078
500,5.2,2.2399999999999998,0.8,1,1,1,18,0.5293509466545985,0.37470767296805535,0.7501389980316162,0.12258291244506836
500,5.2,2.2399999999999998,0.8,1,1,1,19,0.5449336801952266,0.3585793705458987,0.5682125091552734,0.0884857177734375
500,5.2,2.2399999999999998,0.8,1,1,1,20,0.569142482750108,0.43426205728290684,0.5558567047119141,0.10459494590759277
500,5.2,2.2399999999999998,0.8,1,1,1,21,0.556946469920105,0.47593744443861363,0.5835366249084473,0.08651185035705566
500,5.2,2.2399999999999998,0.8,1,1,1,22,0.6093380978532883,0.35653456433396435,0.5994856357574463,0.09681105613708496
500,5.2,2.2399999999999998,0.8,1,1,1,23,0.5490822031125969,0.36220409995174496,0.7478108406066895,0.12061142921447754
500,5.2,2.2399999999999998,0.8,1,1,1,24,0.5927600478359417,0.5927623971502024,0.5533123016357422,0.10967469215393066
500,5.4,2.2399999999999998,0.8,1,1,1,0,0.5900568458951174,0.3429663581849733,0.5723481178283691,0.0915369987487793
500,5.4,2.2399999999999998,0.8,1,1,1,1,0.6724615803361609,0.3713499198547754,0.5856728553771973,0.10471916198730469
500,5.4,2.2399999999999998,0.8,1,1,1,2,0.5638764739015427,0.39505132116019026,0.6193728446960449,0.12948918342590332
500,5.4,2.2399999999999998,0.8,1,1,1,3,0.6423271119037111,0.4499518268023828,0.7460141181945801,0.13760709762573242
500,5.4,2.2399999999999998,0.8,1,1,1,4,0.6970608613125489,0.4622115384019313,0.6147534847259521,0.12784171104431152
500,5.4,2.2399999999999998,0.8,1,1,1,5,0.5839056229537821,0.5414742807238787,0.5337793827056885,0.10825228691101074
500,5.4,2.2399999999999998,0.8,1,1,1,6,0.635279556333779,0.37997711945373924,0.6043558120727539,0.09435200691223145
500,5.4,2.2399999999999998,0.8,1,1,1,7,0.6303091780745971,0.4106952286187173,0.5591051578521729,0.1135857105255127
500,5.4,2.2399999999999998,0.8,1,1,1,8,0.6154257188785676,0.4363434125439476,0.6259658336639404,0.13066959381103516
500,5.4,2.2399999999999998,0.8,1,1,1,9,0.6340703842136027,0.48342634872093465,0.6555900573730469,0.10667133331298828
500,5.4,2.2399999999999998,0.8,1,1,1,10,0.6111894735627407,0.40600538008131715,0.5499403476715088,0.10611271858215332
500,5.4,2.2399999999999998,0.8,1,1,1,11,0.6954419844773878,0.4444658729313711,0.5736246109008789,0.08837485313415527
500,5.4,2.2399999999999998,0.8,1,1,1,12,0.6111515776619667,0.39086620420512086,0.5447659492492676,0.11488127708435059
500,5.4,2.2399999999999998,0.8,1,1,1,13,0.631993679970504,0.34856048240474136,0.5852117538452148,0.11873030662536621
500,5.4,2.2399999999999998,0.8,1,1,1,14,0.552463148068993,0.41273825033832306,0.7013943195343018,0.11690068244934082
500,5.4,2.2399999999999998,0.8,1,1,1,15,0.6795653671015689,0.48580252679231,0.5299606323242188,0.09551000595092773
500,5.4,2.2399999999999998,0.8,1,1,1,16,0.5881975688585422,0.3797539066262506,0.5991621017456055,0.08560824394226074
500,5.4,2.2399999999999998,0.8,1,1,1,17,0.6296743376740813,0.3996877576801461,0.5858752727508545,0.0864419937133789
500,5.4,2.2399999999999998,0.8,1,1,1,18,0.6265244029058893,0.40966480503393765,0.6073555946350098,0.09326386451721191
500,5.4,2.2399999999999998,0.8,1,1,1,19,0.6107721762428185,0.48168148263930877,0.7670352458953857,0.12016463279724121
500,5.4,2.2399999999999998,0.8,1,1,1,20,0.6315517029391609,0.4454117615044995,0.5603084564208984,0.12623310089111328
500,5.4,2.2399999999999998,0.8,1,1,1,21,0.5954310192604663,0.42173852681148155,0.5593910217285156,0.1025693416595459
500,5.4,2.2399999999999998,0.8,1,1,1,22,0.6668081561408065,0.4403516602640266,0.6295430660247803,0.13704943656921387
500,5.4,2.2399999999999998,0.8,1,1,1,23,0.5846180650427244,0.45325299565668,0.711719274520874,0.08662986755371094
500,5.4,2.2399999999999998,0.8,1,1,1,24,0.6640372808192135,0.37602564516984355,0.7048437595367432,0.11965513229370117
500,5.6000000000000005,2.2399999999999998,0.8,1,1,1,0,0.6977112191451127,0.45172689041024955,0.5792696475982666,0.10644721984863281
500,5.6000000000000005,2.2399999999999998,0.8,1,1,1,1,0.6910982990447184,0.5406217022511877,0.523082971572876,0.09962320327758789
500,5.6000000000000005,2.2399999999999998,0.8,1,1,1,2,0.582558972493737,0.6263977525201349,0.5878551006317139,0.09247827529907227
500,5.6000000000000005,2.2399999999999998,0.8,1,1,1,3,0.6874809980381117,0.40218351618958104,0.5367672443389893,0.11964964866638184
500,5.6000000000000005,2.2399999999999998,0.8,1,1,1,4,0.6374852719114624,0.45901648184509886,0.6240696907043457,0.10262370109558105
500,5.6000000000000005,2.2399999999999998,0.8,1,1,1,5,0.633850351133785,0.4417065069628569,0.7541735172271729,0.12860918045043945
500,5.6000000000000005,2.2399999999999998,0.8,1,1,1,6,0.6434129890317415,0.3629409041063675,0.723677396774292,0.14560818672180176
500,5.6000000000000005,2.2399999999999998,0.8,1,1,1,7,0.6387658164508082,0.6303047440756812,0.5874359607696533,0.13221192359924316
500,5.6000000000000005,2.2399999999999998,0.8,1,1,1,8,0.6459341058210127,0.42067245581191753,0.5139541625976562,0.11867427825927734
500,5.6000000000000005,2.2399999999999998,0.8,1,1,1,9,0.7051171230245517,0.41041217823852116,0.5089566707611084,0.1186056137084961
500,5.6000000000000005,2.2399999999999998,0.8,1,1,1,10,0.6293885832707758,0.4378317841028727,0.6656229496002197,0.11061954498291016
500,5.6000000000000005,2.2399999999999998,0.8,1,1,1,11,0.6200414303460915,0.4121398080546746,0.6249387264251709,0.12179255485534668
500,5.6000000000000005,2.2399999999999998,0.8,1,1,1,12,0.56957922250655,0.5746197547793709,0.5347039699554443,0.0914309024810791
500,5.6000000000000005,2.2399999999999998,0.8,1,1,1,13,0.8440550394589071,0.356987284304391,0.536691427230835,0.12169528007507324
500,5.6000000000000005,2.2399999999999998,0.8,1,1,1,14,0.7600533808649372,0.43317877457008314,0.5403649806976318,0.11462521553039551
500,5.6000000000000005,2.2399999999999998,0.8,1,1,1,15,0.7924638634498329,0.47742511527555603,0.6296486854553223,0.09662175178527832
500,5.6000000000000005,2.2399999999999998,0.8,1,1,1,16,0.6788642797365031,0.3430550379459701,0.694760799407959,0.16322088241577148
500,5.6000000000000005,2.2399999999999998,0.8,1,1,1,17,0.6175455719565295,0.4480718217881509,0.6431066989898682,0.1245718002319336
500,5.6000000000000005,2.2399999999999998,0.8,1,1,1,18,0.620437058732332,0.42168908220950385,0.6384701728820801,0.1206512451171875
500,5.6000000000000005,2.2399999999999998,0.8,1,1,1,19,0.5126547738172698,0.4570662582546657,0.4993135929107666,0.10255861282348633
500,5.6000000000000005,2.2399999999999998,0.8,1,1,1,20,0.8238196185012314,0.4279423184788701,0.5760312080383301,0.09863781929016113
500,5.6000000000000005,2.2399999999999998,0.8,1,1,1,21,0.7396344620104729,0.498608948536792,0.6396639347076416,0.12807774543762207
500,5.6000000000000005,2.2399999999999998,0.8,1,1,1,22,0.6424664468385649,0.41108797482019566,0.5588963031768799,0.09511756896972656
500,5.6000000000000005,2.2399999999999998,0.8,1,1,1,23,0.6568111193706934,0.43004305450988534,0.5226657390594482,0.1120293140411377
500,5.6000000000000005,2.2399999999999998,0.8,1,1,1,24,0.6747968417012101,0.4182050313006951,0.5551645755767822,0.10924720764160156
500,5.800000000000001,2.2399999999999998,0.8,1,1,1,0,0.6228616048800721,0.40162261019632023,0.5577349662780762,0.10703325271606445
500,5.800000000000001,2.2399999999999998,0.8,1,1,1,1,0.7175462128555605,0.5142496733215721,0.6284401416778564,0.10658025741577148
500,5.800000000000001,2.2399999999999998,0.8,1,1,1,2,0.6674207657093252,0.45188108596475474,0.6576354503631592,0.12439680099487305
500,5.800000000000001,2.2399999999999998,0.8,1,1,1,3,0.6176505023316652,0.4385967924172268,0.537553071975708,0.09352874755859375
500,5.800000000000001,2.2399999999999998,0.8,1,1,1,4,0.755563911291784,0.44590066537992107,0.6106052398681641,0.11855554580688477
500,5.800000000000001,2.2399999999999998,0.8,1,1,1,5,0.6447861094226448,0.4169143243045259,0.5394952297210693,0.09844183921813965
500,5.800000000000001,2.2399999999999998,0.8,1,1,1,6,0.7328614882456156,0.47534288792174734,0.628922700881958,0.14206409454345703
500,5.800000000000001,2.2399999999999998,0.8,1,1,1,7,0.6068726993239922,0.4394862155854959,0.6858088970184326,0.12468218803405762
500,5.800000000000001,2.2399999999999998,0.8,1,1,1,8,0.577412504697563,0.3886012212736335,0.5157952308654785,0.10431504249572754
500,5.800000000000001,2.2399999999999998,0.8,1,1,1,9,0.662000298585262,0.39763110956151365,0.5353784561157227,0.11867737770080566
500,5.800000000000001,2.2399999999999998,0.8,1,1,1,10,0.6880678332830732,0.44009206140242735,0.5212516784667969,0.12047052383422852
500,5.800000000000001,2.2399999999999998,0.8,1,1,1,11,0.8297441318105574,0.3790436264356549,0.5523116588592529,0.09175252914428711
500,5.800000000000001,2.2399999999999998,0.8,1,1,1,12,0.6954927392632002,0.38885082522673936,0.6757590770721436,0.13366317749023438
500,5.800000000000001,2.2399999999999998,0.8,1,1,1,13,0.7143548562998617,0.4671831346510737,0.6673612594604492,0.10943961143493652
500,5.800000000000001,2.2399999999999998,0.8,1,1,1,14,0.6962569314359912,0.5197269713364392,0.5714154243469238,0.08445405960083008
500,5.800000000000001,2.2399999999999998,0.8,1,1,1,15,0.6605260218833247,0.3891126526543471,0.5687141418457031,0.10860633850097656
500,5.800000000000001,2.2399999999999998,0.8,1,1,1,16,0.8504406445570543,0.4636532894142977,0.5379908084869385,0.10209846496582031
500,5.800000000000001,2.2399999999999998,0.8,1,1,1,17,0.7061007235987298,0.4584852177862983,0.678253173828125,0.10822415351867676
500,5.800000000000001,2.2399999999999998,0.8,1,1,1,18,0.8048404314611229,0.5569613063442638,0.7190215587615967,0.15500640869140625
500,5.800000000000001,2.2399999999999998,0.8,1,1,1,19,0.7124724682361137,0.5228967922616761,0.5914134979248047,0.07666349411010742
500,5.800000000000001,2.2399999999999998,0.8,1,1,1,20,0.607063478735666,0.38400746761720905,0.5619385242462158,0.11357879638671875
500,5.800000000000001,2.2399999999999998,0.8,1,1,1,21,0.6579901018322446,0.4649010722481965,0.5726349353790283,0.07613348960876465
500,5.800000000000001,2.2399999999999998,0.8,1,1,1,22,0.8484895906810862,0.47029272299774816,0.5771262645721436,0.11964082717895508
500,5.800000000000001,2.2399999999999998,0.8,1,1,1,23,0.6546614207527657,0.4593155274876544,0.7748804092407227,0.12360191345214844
500,5.800000000000001,2.2399999999999998,0.8,1,1,1,24,0.6508895599255778,0.4501438512700825,0.6159539222717285,0.09164834022521973
500,6.0,2.2399999999999998,0.8,1,1,1,0,0.6523957118671176,0.42872923086148024,0.6251654624938965,0.09647846221923828
500,6.0,2.2399999999999998,0.8,1,1,1,1,0.5615805561403564,0.5295945303642394,0.571589469909668,0.09863972663879395
500,6.0,2.2399999999999998,0.8,1,1,1,2,0.7427374024009311,0.46756940079695264,0.5446686744689941,0.10880541801452637
500,6.0,2.2399999999999998,0.8,1,1,1,3,0.6384467724063942,0.4469038650700221,0.6828296184539795,0.12774300575256348
500,6.0,2.2399999999999998,0.8,1,1,1,4,0.6846688797276688,0.6658369544010969,0.6065173149108887,0.08742284774780273
500,6.0,2.2399999999999998,0.8,1,1,1,5,0.7390647404131985,0.5627679585149559,0.6151154041290283,0.09519147872924805
500,6.0,2.2399999999999998,0.8,1,1,1,6,0.6357863389328299,0.479373624320769,0.5820775032043457,0.0932157039642334
500,6.0,2.2399999999999998,0.8,1,1,1,7,0.7396418263772827,0.49718504782900647,0.6616935729980469,0.10866284370422363
500,6.0,2.2399999999999998,0.8,1,1,1,8,0.6761936882562939,0.5401859114750096,0.7260241508483887,0.16896462440490723
500,6.0,2.2399999999999998,0.8,1,1,1,9,0.7691434417635772,0.41602657802351406,0.7077929973602295,0.13268589973449707
500,6.0,2.2399999999999998,0.8,1,1,1,10,0.7662292510744251,0.49738631780596637,0.561213493347168,0.08472776412963867
500,6.0,2.2399999999999998,0.8,1,1,1,11,0.6944681274810286,0.5113243996456512,0.5587441921234131,0.08511567115783691
500,6.0,2.2399999999999998,0.8,1,1,1,12,0.6845719475938955,0.4311828852546861,0.5742194652557373,0.09056758880615234
500,6.0,2.2399999999999998,0.8,1,1,1,13,0.6359255548050318,0.5098329566232503,0.6622564792633057,0.10265016555786133
500,6.0,2.2399999999999998,0.8,1,1,1,14,0.7754513916976189,0.37327840892803504,0.6508965492248535,0.10968494415283203
500,6.0,2.2399999999999998,0.8,1,1,1,15,0.781835191275257,0.46631665371850717,0.5433039665222168,0.11231374740600586
500,6.0,2.2399999999999998,0.8,1,1,1,16,0.7792427380504686,0.3952963406584972,0.5719406604766846,0.1322331428527832
500,6.0,2.2399999999999998,0.8,1,1,1,17,0.7302350949630673,0.5763768715048376,0.5742630958557129,0.11267852783203125
500,6.0,2.2399999999999998,0.8,1,1,1,18,0.7398793705079274,0.37519969815396464,0.6031301021575928,0.10151481628417969
500,6.0,2.2399999999999998,0.8,1,1,1,19,0.7247396124075954,0.4519703153010906,0.7011508941650391,0.10751748085021973
500,6.0,2.2399999999999998,0.8,1,1,1,20,0.747161192900529,0.4940612221402803,0.5420536994934082,0.11406707763671875
500,6.0,2.2399999999999998,0.8,1,1,1,21,0.6468448706708012,0.43226780157003164,0.5621650218963623,0.1092073917388916
500,6.0,2.2399999999999998,0.8,1,1,1,22,0.6803211068919086,0.5952539208467903,0.5661983489990234,0.08081555366516113
500,6.0,2.2399999999999998,0.8,1,1,1,23,0.6343766040983982,0.42302124496453036,0.5705664157867432,0.07927632331848145
500,6.0,2.2399999999999998,0.8,1,1,1,24,0.6047798183023649,0.3736815305254244,0.6832633018493652,0.11968851089477539
500,6.2,2.2399999999999998,0.8,1,1,1,0,0.7322768484397024,0.5104391103421945,0.5862042903900146,0.09963154792785645
500,6.2,2.2399999999999998,0.8,1,1,1,1,0.8229026567730623,0.44807857503147486,0.5305054187774658,0.1317462921142578
500,6.2,2.2399999999999998,0.8,1,1,1,2,0.7290228330073715,0.49304609338179123,0.6178162097930908,0.11162185668945312
500,6.2,2.2399999999999998,0.8,1,1,1,3,0.7144559278319106,0.5064711345570665,0.6607513427734375,0.1486515998840332
500,6.2,2.2399999999999998,0.8,1,1,1,4,0.6744738567362442,0.47720264084948644,0.6060714721679688,0.09865880012512207
500,6.2,2.2399999999999998,0.8,1,1,1,5,0.8476923868058679,0.4291512124964675,0.6918909549713135,0.13175129890441895
500,6.2,2.2399999999999998,0.8,1,1,1,6,0.6760476765964845,0.4097996118857408,0.5779910087585449,0.09545254707336426
500,6.2,2.2399999999999998,0.8,1,1,1,7,0.6721310403774032,0.4945046230370116,0.5944368839263916,0.10558509826660156
500,6.2,2.2399999999999998,0.8,1,1,1,8,0.8309676976888426,0.5563494351072853,0.5243172645568848,0.10061383247375488
500,6.2,2.2399999999999998,0.8,1,1,1,9,0.8061629010203758,0.5189218653052504,0.5832734107971191,0.09764981269836426
500,6.2,2.2399999999999998,0.8,1,1,1,10,0.7096136640350268,0.6750474034693951,0.6955108642578125,0.13174009323120117
500,6.2,2.2399999999999998,0.8,1,1,1,11,0.7309048543870332,0.48191964946354976,0.5907690525054932,0.09731912612915039
500,6.2,2.2399999999999998,0.8,1,1,1,12,0.8053802356739952,0.5412785839007174,0.6247637271881104,0.08829903602600098
500,6.2,2.2399999999999998,0.8,1,1,1,13,0.6788923908070165,0.4890805642935113,0.6271915435791016,0.11070823669433594
500,6.2,2.2399999999999998,0.8,1,1,1,14,0.7875743185578647,0.4942981339441699,0.610926628112793,0.1116631031036377
500,6.2,2.2399999999999998,0.8,1,1,1,15,0.7524098751340853,0.4247521362189959,0.6368227005004883,0.13446354866027832
500,6.2,2.2399999999999998,0.8,1,1,1,16,0.6798082348329173,0.48043888563155496,0.7168877124786377,0.12221407890319824
500,6.2,2.2399999999999998,0.8,1,1,1,17,0.7547766465167904,0.5638146624048278,0.5887539386749268,0.08957052230834961
500,6.2,2.2399999999999998,0.8,1,1,1,18,0.8272366166964135,0.40197974787895197,0.5529963970184326,0.12967181205749512
500,6.2,2.2399999999999998,0.8,1,1,1,19,0.8219951432885518,0.4227152602439671,0.5870163440704346,0.08364319801330566
500,6.2,2.2399999999999998,0.8,1,1,1,20,0.7363409225021987,0.6810522399423455,0.6063516139984131,0.12871551513671875
500,6.2,2.2399999999999998,0.8,1,1,1,21,0.7095614874050857,0.49360292763329916,0.7134952545166016,0.13767790794372559
500,6.2,2.2399999999999998,0.8,1,1,1,22,0.7973949985707728,0.4196987842886847,0.6883680820465088,0.12877917289733887
500,6.2,2.2399999999999998,0.8,1,1,1,23,0.7143398946232687,0.5866628102113386,0.7913675308227539,0.13135743141174316
500,6.2,2.2399999999999998,0.8,1,1,1,24,0.7669822516881826,0.4063412351442746,0.5532031059265137,0.09154725074768066
500,6.4,2.2399999999999998,0.8,1,1,1,0,0.7622310264617853,0.5829159865897792,0.6890578269958496,0.10628461837768555
500,6.4,2.2399999999999998,0.8,1,1,1,1,0.7364407032451065,0.527050185154077,0.6577072143554688,0.1146392822265625
500,6.4,2.2399999999999998,0.8,1,1,1,2,0.680086683869126,0.6307098415065251,0.5739846229553223,0.09344959259033203
500,6.4,2.2399999999999998,0.8,1,1,1,3,0.7682572048792561,0.6694522290417619,0.5679440498352051,0.09014010429382324
500,6.4,2.2399999999999998,0.8,1,1,1,4,0.9257350766589788,0.5199442577145225,0.5755288600921631,0.12155771255493164
500,6.4,2.2399999999999998,0.8,1,1,1,5,0.7409060228262043,0.5857176518178662,0.609506368637085,0.09604167938232422
500,6.4,2.2399999999999998,0.8,1,1,1,6,0.8948373270510634,0.4459294765214283,0.7386147975921631,0.12167048454284668
500,6.4,2.2399999999999998,0.8,1,1,1,7,0.7222708627342673,0.44313949113633594,0.5037503242492676,0.13180303573608398
500,6.4,2.2399999999999998,0.8,1,1,1,8,0.7293852053568052,0.5132644598717766,0.5234718322753906,0.10315585136413574
500,6.4,2.2399999999999998,0.8,1,1,1,9,0.8170135714473326,0.44181147483276406,0.5227100849151611,0.1180877685546875
500,6.4,2.2399999999999998,0.8,1,1,1,10,0.9642286974893028,0.5525373956690538,0.5212140083312988,0.11108922958374023
500,6.4,2.2399999999999998,0.8,1,1,1,11,0.7184935569470458,0.4488604495802078,0.6623556613922119,0.12972569465637207
500,6.4,2.2399999999999998,0.8,1,1,1,12,0.7737354591138801,0.4499540748115407,0.7198505401611328,0.09451413154602051
500,6.4,2.2399999999999998,0.8,1,1,1,13,0.6639454809943406,0.4727475973378799,0.6174368858337402,0.08404278755187988
500,6.4,2.2399999999999998,0.8,1,1,1,14,0.763392493578147,0.5853288624895899,0.6007449626922607,0.09106731414794922
500,6.4,2.2399999999999998,0.8,1,1,1,15,0.6785910954960879,0.5265551036590337,0.544583797454834,0.10152554512023926
500,6.4,2.2399999999999998,0.8,1,1,1,16,0.8392413612089619,0.4672461828630682,0.5476469993591309,0.12255239486694336
500,6.4,2.2399999999999998,0.8,1,1,1,17,0.7265986808524424,0.42227986259204603,0.8750393390655518,0.1410515308380127
500,6.4,2.2399999999999998,0.8,1,1,1,18,0.7302203652691602,0.47541032263146377,0.6017954349517822,0.09207820892333984
500,6.4,2.2399999999999998,0.8,1,1,1,19,0.7443398264681026,0.5740391674412854,0.5289144515991211,0.13352036476135254
500,6.4,2.2399999999999998,0.8,1,1,1,20,0.9050906974837882,0.42867602223107387,0.5378408432006836,0.12651753425598145
500,6.4,2.2399999999999998,0.8,1,1,1,21,0.7807356984031697,0.5478999023814685,0.5528478622436523,0.11497044563293457
500,6.4,2.2399999999999998,0.8,1,1,1,22,0.9256550133258633,0.43597966269214133,0.7073755264282227,0.1174309253692627
500,6.4,2.2399999999999998,0.8,1,1,1,23,0.8601524356556693,0.3971365006352192,0.5638635158538818,0.0968174934387207
500,6.4,2.2399999999999998,0.8,1,1,1,24,0.7454136717164543,0.5323000935043044,0.5777151584625244,0.10924696922302246
500,6.6000000000000005,2.2399999999999998,0.8,1,1,1,0,0.8428914590958756,0.41384669107828287,0.5714740753173828,0.10571575164794922
500,6.6000000000000005,2.2399999999999998,0.8,1,1,1,1,0.7368454871393647,0.45258303346893314,0.5379517078399658,0.09850955009460449
500,6.6000000000000005,2.2399999999999998,0.8,1,1,1,2,0.7477663175404943,0.816800380262141,0.6578192710876465,0.11962485313415527
500,6.6000000000000005,2.2399999999999998,0.8,1,1,1,3,0.7267008389987862,0.4599499280473797,0.6202208995819092,0.10551905632019043
500,6.6000000000000005,2.2399999999999998,0.8,1,1,1,4,0.7918796566267678,0.4792093793335649,0.5163776874542236,0.1256704330444336
500,6.6000000000000005,2.2399999999999998,0.8,1,1,1,5,0.8914970418570551,0.6131370996472809,0.5009901523590088,0.08835053443908691
500,6.6000000000000005,2.2399999999999998,0.8,1,1,1,6,0.6786300581010138,0.42909754413867657,0.5669729709625244,0.08422493934631348
500,6.6000000000000005,2.2399999999999998,0.8,1,1,1,7,0.8563510509689714,0.6575312286383193,0.6164073944091797,0.10767722129821777
500,6.6000000000000005,2.2399999999999998,0.8,1,1,1,8,0.7611875432801434,0.4881927962478663,0.6809158325195312,0.12913012504577637
500,6.6000000000000005,2.2399999999999998,0.8,1,1,1,9,0.7620751109265796,0.5223942081057745,0.6166815757751465,0.08744454383850098
500,6.6000000000000005,2.2399999999999998,0.8,1,1,1,10,0.7883027254794102,0.580139859916307,0.6347317695617676,0.09386849403381348
500,6.6000000000000005,2.2399999999999998,0.8,1,1,1,11,0.7645883606252748,0.48618745080597037,0.6391172409057617,0.11127066612243652
500,6.6000000000000005,2.2399999999999998,0.8,1,1,1,12,0.8245213491011137,0.4982324676445966,0.6470961570739746,0.12070512771606445
500,6.6000000000000005,2.2399999999999998,0.8,1,1,1,13,0.783060045482423,0.6328282065640951,0.8329176902770996,0.13534164428710938
500,6.6000000000000005,2.2399999999999998,0.8,1,1,1,14,0.7814198508517723,0.5009640737048088,0.6089749336242676,0.10160446166992188
500,6.6000000000000005,2.2399999999999998,0.8,1,1,1,15,0.8266619910977123,0.47187390491001674,0.5670552253723145,0.08643150329589844
500,6.6000000000000005,2.2399999999999998,0.8,1,1,1,16,0.7998794946084277,0.473175923607838,0.5901196002960205,0.09020209312438965
500,6.6000000000000005,2.2399999999999998,0.8,1,1,1,17,0.8252700347417317,0.4639166323400738,0.6091923713684082,0.08740782737731934
500,6.6000000000000005,2.2399999999999998,0.8,1,1,1,18,0.7889419499274468,0.6871942873342087,0.6141870021820068,0.09172940254211426
500,6.6000000000000005,2.2399999999999998,0.8,1,1,1,19,0.8221572804451195,0.5452630234012789,0.7421033382415771,0.09877896308898926
500,6.6000000000000005,2.2399999999999998,0.8,1,1,1,20,0.7751319797088273,0.4539295616873119,0.6186327934265137,0.09469437599182129
500,6.6000000000000005,2.2399999999999998,0.8,1,1,1,21,0.7652468577850927,0.6004952411828353,0.5395011901855469,0.13335561752319336
500,6.6000000000000005,2.2399999999999998,0.8,1,1,1,22,0.7610699102838391,0.4605162182325121,0.5402214527130127,0.10561585426330566
500,6.6000000000000005,2.2399999999999998,0.8,1,1,1,23,0.8395979409491864,0.5692464358259121,0.5793154239654541,0.12467432022094727
500,6.6000000000000005,2.2399999999999998,0.8,1,1,1,24,0.9311885816478863,0.5386678677427749,0.69852614402771,0.11265921592712402
500,6.800000000000001,2.2399999999999998,0.8,1,1,1,0,1.0487726303941685,0.5765859160831667,0.5137407779693604,0.10229372978210449
500,6.800000000000001,2.2399999999999998,0.8,1,1,1,1,0.8271209627047844,0.5468066675302481,0.653956413269043,0.10975480079650879
500,6.800000000000001,2.2399999999999998,0.8,1,1,1,2,0.7683340690677619,0.5017698165474574,0.5870351791381836,0.11661887168884277
500,6.800000000000001,2.2399999999999998,0.8,1,1,1,3,0.8900957171735523,0.9896472090627948,0.5810773372650146,0.09865617752075195
500,6.800000000000001,2.2399999999999998,0.8,1,1,1,4,0.835574303877355,0.4931035810735548,0.8185868263244629,0.13303756713867188
500,6.800000000000001,2.2399999999999998,0.8,1,1,1,5,0.9045935477396851,0.5356190130159397,0.6027679443359375,0.10161828994750977
500,6.800000000000001,2.2399999999999998,0.8,1,1,1,6,0.7704960046589513,0.6156114584488116,0.5538697242736816,0.12941622734069824
500,6.800000000000001,2.2399999999999998,0.8,1,1,1,7,0.7772965942121739,0.513427082496717,0.6069574356079102,0.12126731872558594
500,6.800000000000001,2.2399999999999998,0.8,1,1,1,8,0.8388517008477928,0.45753197950706076,0.5890905857086182,0.12833023071289062
500,6.800000000000001,2.2399999999999998,0.8,1,1,1,9,0.8936633810120533,0.5687389396401643,0.7554709911346436,0.12562060356140137
500,6.800000000000001,2.2399999999999998,0.8,1,1,1,10,0.8260366565089984,0.4559916383364365,0.5667843818664551,0.10770606994628906
500,6.800000000000001,2.2399999999999998,0.8,1,1,1,11,0.836666671109058,0.5708063070861501,0.5207064151763916,0.1250934600830078
500,6.800000000000001,2.2399999999999998,0.8,1,1,1,12,0.7269269748104412,0.4507951479828602,0.5253036022186279,0.09852123260498047
500,6.800000000000001,2.2399999999999998,0.8,1,1,1,13,0.9798290707536235,0.5590472970429712,0.5197751522064209,0.09044456481933594
500,6.800000000000001,2.2399999999999998,0.8,1,1,1,14,0.8195322170239593,0.5637104720629985,0.6602671146392822,0.10571932792663574
500,6.800000000000001,2.2399999999999998,0.8,1,1,1,15,0.9067583187884377,0.538996507892208,0.6821179389953613,0.13840126991271973
500,6.800000000000001,2.2399999999999998,0.8,1,1,1,16,0.8033187052111144,0.3950706468030159,0.6055834293365479,0.08420920372009277
500,6.800000000000001,2.2399999999999998,0.8,1,1,1,17,0.9310017974974295,0.5633026028017742,0.6065189838409424,0.0841970443725586
500,6.800000000000001,2.2399999999999998,0.8,1,1,1,18,0.8369947727934699,0.6699166974278631,0.6234393119812012,0.10145711898803711
500,6.800000000000001,2.2399999999999998,0.8,1,1,1,19,0.7293326100428313,0.5326988531572208,0.6284923553466797,0.09678769111633301
500,6.800000000000001,2.2399999999999998,0.8,1,1,1,20,0.8425405356998338,0.4957020464406652,0.6582841873168945,0.1182711124420166
500,6.800000000000001,2.2399999999999998,0.8,1,1,1,21,0.8929284610220648,0.5898510070187437,0.7118241786956787,0.13167047500610352
500,6.800000000000001,2.2399999999999998,0.8,1,1,1,22,0.7338235780674854,0.4348647548073155,0.5925552845001221,0.08497190475463867
500,6.800000000000001,2.2399999999999998,0.8,1,1,1,23,0.7375203325861982,0.46155126453108897,0.6188740730285645,0.09118247032165527
500,6.800000000000001,2.2399999999999998,0.8,1,1,1,24,0.8309924924563239,0.4965745687669897,0.5501883029937744,0.1359548568725586
500,7.0,2.2399999999999998,0.8,1,1,1,0,0.8902355268017998,0.584372620429177,0.5713207721710205,0.140580415725708
500,7.0,2.2399999999999998,0.8,1,1,1,1,0.876053341929641,0.5428781153644606,0.6061158180236816,0.09147167205810547
500,7.0,2.2399999999999998,0.8,1,1,1,2,0.7908528505756309,0.6364867732966629,0.6749145984649658,0.12371993064880371
500,7.0,2.2399999999999998,0.8,1,1,1,3,0.7355334959218305,0.4808855588322724,0.6951017379760742,0.10311532020568848
500,7.0,2.2399999999999998,0.8,1,1,1,4,0.7518663847739138,0.7341673537128145,0.5515139102935791,0.1109476089477539
500,7.0,2.2399999999999998,0.8,1,1,1,5,0.9123372628181566,0.7522518319491459,0.6180200576782227,0.11566662788391113
500,7.0,2.2399999999999998,0.8,1,1,1,6,0.7924446125201421,0.5545207480743626,0.6677241325378418,0.11994266510009766
500,7.0,2.2399999999999998,0.8,1,1,1,7,1.0433843728674292,0.5705327035080054,0.5209188461303711,0.10895872116088867
500,7.0,2.2399999999999998,0.8,1,1,1,8,0.84941965053875,0.5938914057781214,0.6137008666992188,0.09114599227905273
500,7.0,2.2399999999999998,0.8,1,1,1,9,0.8620252021781432,0.5259562547887853,0.5785684585571289,0.1024770736694336
500,7.0,2.2399999999999998,0.8,1,1,1,10,0.938322057749525,0.6525427342237924,0.5555679798126221,0.11654353141784668
500,7.0,2.2399999999999998,0.8,1,1,1,11,0.8641036683890122,0.604959775713997,0.7481918334960938,0.13083195686340332
500,7.0,2.2399999999999998,0.8,1,1,1,12,0.8423815531531699,0.591560274351082,0.5842478275299072,0.10780453681945801
500,7.0,2.2399999999999998,0.8,1,1,1,13,0.6854849617109496,0.595117075515614,0.49831676483154297,0.09996819496154785
500,7.0,2.2399999999999998,0.8,1,1,1,14,0.9132626878291661,0.6204963305827365,0.5807020664215088,0.0897672176361084
500,7.0,2.2399999999999998,0.8,1,1,1,15,0.9341635905811757,0.5003139067020139,0.5727372169494629,0.10061407089233398
500,7.0,2.2399999999999998,0.8,1,1,1,16,0.895703600829204,0.48374199956662794,0.637052059173584,0.12392330169677734
500,7.0,2.2399999999999998,0.8,1,1,1,17,0.8144592245683447,0.5402417980196459,0.664525032043457,0.12005090713500977
500,7.0,2.2399999999999998,0.8,1,1,1,18,0.8798426469712802,0.4622220487673701,0.5102620124816895,0.10768985748291016
500,7.0,2.2399999999999998,0.8,1,1,1,19,0.8118410848898702,0.5748078550831868,0.48496556282043457,0.11432814598083496
500,7.0,2.2399999999999998,0.8,1,1,1,20,0.8557395134045884,0.5688776204609569,0.4817960262298584,0.1110527515411377
500,7.0,2.2399999999999998,0.8,1,1,1,21,0.8516565147949059,0.559928162827629,0.5753598213195801,0.08498597145080566
500,7.0,2.2399999999999998,0.8,1,1,1,22,0.8115401951148209,0.5400749207595794,0.7990386486053467,0.1427299976348877
500,7.0,2.2399999999999998,0.8,1,1,1,23,0.9329459910014946,0.5261083974926614,0.5846810340881348,0.08905625343322754
500,7.0,2.2399999999999998,0.8,1,1,1,24,0.8379776910402406,0.5359608726510371,0.5190026760101318,0.1115407943725586
500,7.2,2.2399999999999998,0.8,1,1,1,0,0.840540760873021,0.5355413669637219,0.555138349533081,0.09758996963500977
500,7.2,2.2399999999999998,0.8,1,1,1,1,0.8185251574019112,0.5375507038243308,0.5533237457275391,0.0998234748840332
500,7.2,2.2399999999999998,0.8,1,1,1,2,0.8479596788643197,0.6244952136850034,0.5820562839508057,0.1284642219543457
500,7.2,2.2399999999999998,0.8,1,1,1,3,0.8861470959642817,0.5123515345562726,0.5171873569488525,0.1060943603515625
500,7.2,2.2399999999999998,0.8,1,1,1,4,0.9449616810320626,0.5388939120736821,0.5603001117706299,0.08751273155212402
500,7.2,2.2399999999999998,0.8,1,1,1,5,0.918213093735581,0.5625406091516333,0.531182050704956,0.11973834037780762
500,7.2,2.2399999999999998,0.8,1,1,1,6,0.9768523568806522,0.5427072640993418,0.49772167205810547,0.12863636016845703
500,7.2,2.2399999999999998,0.8,1,1,1,7,1.0053350429984451,0.6070134120368971,0.5317227840423584,0.09465694427490234
500,7.2,2.2399999999999998,0.8,1,1,1,8,0.9273194873326218,0.5325935252165741,0.5860030651092529,0.15029287338256836
500,7.2,2.2399999999999998,0.8,1,1,1,9,0.864309580846551,0.5449246713229132,0.5661611557006836,0.1125800609588623
500,7.2,2.2399999999999998,0.8,1,1,1,10,0.8054502345086906,0.5888998174402067,0.5977880954742432,0.09830212593078613
500,7.2,2.2399999999999998,0.8,1,1,1,11,0.8569567592919031,0.6388494695714799,0.5922319889068604,0.11868858337402344
500,7.2,2.2399999999999998,0.8,1,1,1,12,0.8601363370924849,0.5487381617357665,0.5360636711120605,0.1186363697052002
500,7.2,2.2399999999999998,0.8,1,1,1,13,0.9565856474711524,0.5670341831464726,0.6489026546478271,0.1056981086730957
500,7.2,2.2399999999999998,0.8,1,1,1,14,0.9538945843596223,0.5056161992321961,0.6523787975311279,0.11327028274536133
500,7.2,2.2399999999999998,0.8,1,1,1,15,1.0593248205612582,0.8186870258977088,0.5243017673492432,0.1065971851348877
500,7.2,2.2399999999999998,0.8,1,1,1,16,0.8664129061635034,0.521665068751388,0.561784029006958,0.11508727073669434
500,7.2,2.2399999999999998,0.8,1,1,1,17,0.9031309431432628,0.6654710650926974,0.6848039627075195,0.10961008071899414
500,7.2,2.2399999999999998,0.8,1,1,1,18,0.949431237527452,0.519067256593597,0.7960638999938965,0.14673423767089844
500,7.2,2.2399999999999998,0.8,1,1,1,19,0.9151519081298091,0.9609484123406399,0.515934944152832,0.1126549243927002
500,7.2,2.2399999999999998,0.8,1,1,1,20,0.7960554808704993,0.510291761141911,0.5219597816467285,0.11359024047851562
500,7.2,2.2399999999999998,0.8,1,1,1,21,0.9121357042320097,0.5949339615648911,0.5881671905517578,0.11696624755859375
500,7.2,2.2399999999999998,0.8,1,1,1,22,2.4040132790174606,0.5167110594437782,0.5077669620513916,0.1266765594482422
500,7.2,2.2399999999999998,0.8,1,1,1,23,0.8807851887844522,0.6250192489406675,0.5321938991546631,0.12536859512329102
500,7.2,2.2399999999999998,0.8,1,1,1,24,0.8538159166645372,0.5343983250911277,0.6078431606292725,0.13470125198364258
500,7.4,2.2399999999999998,0.8,1,1,1,0,0.8641549093074274,0.5767895970914275,0.6092703342437744,0.08549880981445312
500,7.4,2.2399999999999998,0.8,1,1,1,1,0.9379748941295784,0.6158345633648059,0.6022977828979492,0.0974879264831543
500,7.4,2.2399999999999998,0.8,1,1,1,2,1.0225883814254595,0.5938256965456079,0.618088960647583,0.09400820732116699
500,7.4,2.2399999999999998,0.8,1,1,1,3,0.8077134208050663,0.5250686453585043,0.5402443408966064,0.10848331451416016
500,7.4,2.2399999999999998,0.8,1,1,1,4,0.9310572947532639,0.6845748874503759,0.6326825618743896,0.12151312828063965
500,7.4,2.2399999999999998,0.8,1,1,1,5,0.9308462511973807,0.8170599450069626,0.7011721134185791,0.1080787181854248
500,7.4,2.2399999999999998,0.8,1,1,1,6,1.0068629578728558,0.6429979029830787,0.5452075004577637,0.11804914474487305
500,7.4,2.2399999999999998,0.8,1,1,1,7,0.8251535776080853,0.5725506903262559,0.5666165351867676,0.10505938529968262
500,7.4,2.2399999999999998,0.8,1,1,1,8,1.092350458229718,0.5655797705946402,0.5524494647979736,0.12778687477111816
500,7.4,2.2399999999999998,0.8,1,1,1,9,0.9579704542635094,0.5126704082270892,0.5724599361419678,0.1521589756011963
500,7.4,2.2399999999999998,0.8,1,1,1,10,0.8766965369404809,0.5106734963741248,0.6613681316375732,0.10794353485107422
500,7.4,2.2399999999999998,0.8,1,1,1,11,0.8780949709225023,0.5225718795801252,0.523564338684082,0.08603882789611816
500,7.4,2.2399999999999998,0.8,1,1,1,12,0.9493872219297166,0.5256702042090075,0.6651737689971924,0.11022162437438965
500,7.4,2.2399999999999998,0.8,1,1,1,13,0.9978943665719561,0.6028962826652519,0.6960561275482178,0.11861228942871094
500,7.4,2.2399999999999998,0.8,1,1,1,14,0.8366808459236378,0.6967838986349592,0.6372404098510742,0.10991978645324707
500,7.4,2.2399999999999998,0.8,1,1,1,15,2.4456813222690816,0.5348434613649266,0.6936259269714355,0.13845610618591309
500,7.4,2.2399999999999998,0.8,1,1,1,16,0.9502398791807517,0.624819394264058,0.49427366256713867,0.09858465194702148
500,7.4,2.2399999999999998,0.8,1,1,1,17,1.0015417570794647,0.550660077952652,0.5907790660858154,0.08953642845153809
500,7.4,2.2399999999999998,0.8,1,1,1,18,0.9632775970858782,0.8034525098575065,0.5826435089111328,0.09935712814331055
500,7.4,2.2399999999999998,0.8,1,1,1,19,1.0001429430631696,0.5492290720966458,0.5578961372375488,0.10643839836120605
500,7.4,2.2399999999999998,0.8,1,1,1,20,0.8436460671191651,0.540878324069979,0.6058006286621094,0.09996557235717773
500,7.4,2.2399999999999998,0.8,1,1,1,21,1.138629313791434,0.5682556632338712,0.7286291122436523,0.10794663429260254
500,7.4,2.2399999999999998,0.8,1,1,1,22,0.8440346944358684,0.7852820268708807,0.5293264389038086,0.11754512786865234
500,7.4,2.2399999999999998,0.8,1,1,1,23,0.9605774640712463,0.6037383750570409,0.5447812080383301,0.08310413360595703
500,7.4,2.2399999999999998,0.8,1,1,1,24,0.9552684832886469,0.6072894927393417,0.5788617134094238,0.09824228286743164
500,7.6000000000000005,2.2399999999999998,0.8,1,1,1,0,0.8335209001219946,0.707403482473546,0.5423922538757324,0.11233925819396973
500,7.6000000000000005,2.2399999999999998,0.8,1,1,1,1,0.831218449140608,0.6471199538718089,0.6622409820556641,0.11468315124511719
500,7.6000000000000005,2.2399999999999998,0.8,1,1,1,2,0.9147225919445507,0.5844303953602197,0.49542927742004395,0.11161398887634277
500,7.6000000000000005,2.2399999999999998,0.8,1,1,1,3,1.020490344124889,0.5329125125092572,0.5380814075469971,0.10756111145019531
500,7.6000000000000005,2.2399999999999998,0.8,1,1,1,4,0.8294267851372267,0.5539022802092849,0.5374925136566162,0.11930727958679199
500,7.6000000000000005,2.2399999999999998,0.8,1,1,1,5,1.017948633246064,0.6597671419511283,0.5094606876373291,0.1132192611694336
500,7.6000000000000005,2.2399999999999998,0.8,1,1,1,6,1.236808980075508,0.6357013482619002,0.6145875453948975,0.10260653495788574
500,7.6000000000000005,2.2399999999999998,0.8,1,1,1,7,0.9923584813208653,0.6301998047541864,0.6382191181182861,0.12289547920227051
500,7.6000000000000005,2.2399999999999998,0.8,1,1,1,8,0.9525622917419326,0.6501050138391267,0.5968577861785889,0.1164712905883789
500,7.6000000000000005,2.2399999999999998,0.8,1,1,1,9,0.8654927718321086,0.5295897479425564,0.5764100551605225,0.09297299385070801
500,7.6000000000000005,2.2399999999999998,0.8,1,1,1,10,0.8852543554576304,0.5225097637478402,0.5330874919891357,0.13627338409423828
500,7.6000000000000005,2.2399999999999998,0.8,1,1,1,11,1.0932277046201857,0.6442697596661684,0.5737104415893555,0.12676787376403809
500,7.6000000000000005,2.2399999999999998,0.8,1,1,1,12,2.8282238103865143,0.7026504305049408,0.7128236293792725,0.12446403503417969
500,7.6000000000000005,2.2399999999999998,0.8,1,1,1,13,1.0940350813690676,0.7185814722327079,0.5941970348358154,0.08299994468688965
500,7.6000000000000005,2.2399999999999998,0.8,1,1,1,14,1.0250412282016852,0.5055898860051407,0.5737636089324951,0.09245038032531738
500,7.6000000000000005,2.2399999999999998,0.8,1,1,1,15,1.055085005176993,0.5803300842569624,0.5617339611053467,0.10406827926635742
500,7.6000000000000005,2.2399999999999998,0.8,1,1,1,16,1.0149658989358474,0.537136182760802,0.5780904293060303,0.09040284156799316
500,7.6000000000000005,2.2399999999999998,0.8,1,1,1,17,0.9275121496681669,0.6750141549494967,0.743969202041626,0.11848139762878418
500,7.6000000000000005,2.2399999999999998,0.8,1,1,1,18,0.884675497976398,0.6430472214252909,0.596451997756958,0.08283710479736328
500,7.6000000000000005,2.2399999999999998,0.8,1,1,1,19,0.8790599595022683,0.5396644526626334,0.5346207618713379,0.12599515914916992
500,7.6000000000000005,2.2399999999999998,0.8,1,1,1,20,0.8785489749902715,0.6959339742886951,0.5291259288787842,0.12126517295837402
500,7.6000000000000005,2.2399999999999998,0.8,1,1,1,21,0.8753236147459338,0.7259510320991744,0.5848109722137451,0.08389925956726074
500,7.6000000000000005,2.2399999999999998,0.8,1,1,1,22,0.8292735181946133,0.643844464951436,0.6640949249267578,0.1312105655670166
500,7.6000000000000005,2.2399999999999998,0.8,1,1,1,23,1.005794066261547,0.5237342233087596,0.6900980472564697,0.13280320167541504
500,7.6000000000000005,2.2399999999999998,0.8,1,1,1,24,1.0852422134378223,0.5775210043429966,0.5106139183044434,0.12363266944885254
500,7.800000000000001,2.2399999999999998,0.8,1,1,1,0,2.141192480651246,1.125891589483361,0.5442845821380615,0.0864877700805664
500,7.800000000000001,2.2399999999999998,0.8,1,1,1,1,1.0596914595229898,0.8621193413302799,0.5663495063781738,0.09066319465637207
500,7.800000000000001,2.2399999999999998,0.8,1,1,1,2,0.9043239748984696,0.5632900441147116,0.5658299922943115,0.11915755271911621
500,7.800000000000001,2.2399999999999998,0.8,1,1,1,3,0.9980289276674262,0.6011513408347646,0.8554821014404297,0.15687084197998047
500,7.800000000000001,2.2399999999999998,0.8,1,1,1,4,0.8617337853249293,0.5653766470772468,0.575197696685791,0.09555768966674805
500,7.800000000000001,2.2399999999999998,0.8,1,1,1,5,0.9361953663617043,0.7103633114401219,0.6107873916625977,0.09038567543029785
500,7.800000000000001,2.2399999999999998,0.8,1,1,1,6,0.986240638475204,0.7264160820684507,0.5892910957336426,0.09819269180297852
500,7.800000000000001,2.2399999999999998,0.8,1,1,1,7,1.699193329701745,0.7189992442867639,0.5635628700256348,0.10148954391479492
500,7.800000000000001,2.2399999999999998,0.8,1,1,1,8,0.9856194577178181,0.6255061915407236,0.6782729625701904,0.13243508338928223
500,7.800000000000001,2.2399999999999998,0.8,1,1,1,9,0.8075816012368889,0.6308674897751564,0.6748359203338623,0.10438871383666992
500,7.800000000000001,2.2399999999999998,0.8,1,1,1,10,0.9509723263424595,0.7021224337080108,0.5390341281890869,0.09892678260803223
500,7.800000000000001,2.2399999999999998,0.8,1,1,1,11,2.766305965117117,0.5631992645297655,0.546703577041626,0.08327317237854004
500,7.800000000000001,2.2399999999999998,0.8,1,1,1,12,2.80358223389744,1.1909700188115173,0.5181934833526611,0.11838006973266602
500,7.800000000000001,2.2399999999999998,0.8,1,1,1,13,0.9913232266183893,0.6770291228657019,0.6431097984313965,0.10727977752685547
500,7.800000000000001,2.2399999999999998,0.8,1,1,1,14,1.1569233168822166,0.6424929916145167,0.7252931594848633,0.09932255744934082
500,7.800000000000001,2.2399999999999998,0.8,1,1,1,15,1.0252024435603448,0.5769539775971421,0.5558691024780273,0.08545422554016113
500,7.800000000000001,2.2399999999999998,0.8,1,1,1,16,0.9640789754874874,0.6081279832151104,0.5172741413116455,0.09575319290161133
500,7.800000000000001,2.2399999999999998,0.8,1,1,1,17,1.0587555074138106,0.6292678845632425,0.5809588432312012,0.12179851531982422
500,7.800000000000001,2.2399999999999998,0.8,1,1,1,18,2.8282868499198264,0.8614148798965996,0.653773307800293,0.10112690925598145
500,7.800000000000001,2.2399999999999998,0.8,1,1,1,19,0.8588438982880053,0.5904597663750832,0.7572526931762695,0.1161191463470459
500,7.800000000000001,2.2399999999999998,0.8,1,1,1,20,0.9190890524665725,0.5365102893718335,0.5586462020874023,0.10098457336425781
500,7.800000000000001,2.2399999999999998,0.8,1,1,1,21,1.113544518281908,0.7398850754376471,0.5550715923309326,0.10555648803710938
500,7.800000000000001,2.2399999999999998,0.8,1,1,1,22,0.8915435043778235,0.6463958244914311,0.6026411056518555,0.10268712043762207
500,7.800000000000001,2.2399999999999998,0.8,1,1,1,23,1.1088188724938826,0.751202800564795,0.6765382289886475,0.1116182804107666
500,7.800000000000001,2.2399999999999998,0.8,1,1,1,24,1.0538905108219592,0.720430138901297,0.8841090202331543,0.1566617488861084
500,8.0,2.2399999999999998,0.8,1,1,1,0,0.9405401128550452,0.5860664783248876,0.5900752544403076,0.1044626235961914
500,8.0,2.2399999999999998,0.8,1,1,1,1,0.9205076865943106,0.6036263107035663,0.5428571701049805,0.10407352447509766
500,8.0,2.2399999999999998,0.8,1,1,1,2,1.0195348464482568,0.624740716415653,0.5248594284057617,0.11562585830688477
500,8.0,2.2399999999999998,0.8,1,1,1,3,2.7236964330524,0.627514311267454,0.526766300201416,0.1069943904876709
500,8.0,2.2399999999999998,0.8,1,1,1,4,1.0923872468899478,0.6129804680605678,0.669257640838623,0.1336655616760254
500,8.0,2.2399999999999998,0.8,1,1,1,5,0.8819886319801504,0.5746319570176589,0.7331082820892334,0.11465620994567871
500,8.0,2.2399999999999998,0.8,1,1,1,6,0.9596630558067507,0.5948785812505982,0.5788884162902832,0.10647940635681152
500,8.0,2.2399999999999998,0.8,1,1,1,7,0.9931106777030714,0.7252566393916547,0.6062648296356201,0.0963904857635498
500,8.0,2.2399999999999998,0.8,1,1,1,8,0.9535264261815658,0.5840641496281405,0.5881705284118652,0.10461139678955078
500,8.0,2.2399999999999998,0.8,1,1,1,9,1.0657538189491609,0.5956466196552639,0.6602554321289062,0.11861062049865723
500,8.0,2.2399999999999998,0.8,1,1,1,10,0.8774723000970369,0.5531249209866472,0.58760666847229,0.13056349754333496
500,8.0,2.2399999999999998,0.8,1,1,1,11,1.041820657742719,0.8142177821130144,0.5661509037017822,0.1433553695678711
500,8.0,2.2399999999999998,0.8,1,1,1,12,1.0121058498801598,0.6614206339106963,0.5611865520477295,0.1147463321685791
500,8.0,2.2399999999999998,0.8,1,1,1,13,0.9439279532136216,0.6699392082587247,0.5234031677246094,0.14235687255859375
500,8.0,2.2399999999999998,0.8,1,1,1,14,1.0310058232752284,0.6550956282515303,0.5218911170959473,0.11163806915283203
500,8.0,2.2399999999999998,0.8,1,1,1,15,2.565491323620592,0.8306639427712638,0.6856896877288818,0.13861083984375
500,8.0,2.2399999999999998,0.8,1,1,1,16,1.1385082134405893,0.57370272726032,0.5688843727111816,0.10358190536499023
500,8.0,2.2399999999999998,0.8,1,1,1,17,1.125965209537059,0.541200887045606,0.5468873977661133,0.13141226768493652
500,8.0,2.2399999999999998,0.8,1,1,1,18,1.0406876897090311,0.5988632083947183,0.6029553413391113,0.1056828498840332
500,8.0,2.2399999999999998,0.8,1,1,1,19,1.1864485912649427,0.6991666314589158,0.6318454742431641,0.10456109046936035
500,8.0,2.2399999999999998,0.8,1,1,1,20,0.94791160668575,0.6343228309598958,0.6967673301696777,0.11056709289550781
500,8.0,2.2399999999999998,0.8,1,1,1,21,1.192677498878519,0.670846352219466,0.6336569786071777,0.09124422073364258
500,8.0,2.2399999999999998,0.8,1,1,1,22,1.9703694410038275,0.641116194550454,0.5830175876617432,0.11307334899902344
500,8.0,2.2399999999999998,0.8,1,1,1,23,0.9666990185844402,0.734499809802846,0.5322673320770264,0.11168861389160156
500,8.0,2.2399999999999998,0.8,1,1,1,24,0.9884444538534596,0.6135948153267974,0.4960649013519287,0.1103370189666748
500,8.200000000000001,2.2399999999999998,0.8,1,1,1,0,0.9628664083209844,0.6873927088855374,0.6451847553253174,0.12833309173583984
500,8.200000000000001,2.2399999999999998,0.8,1,1,1,1,1.0323579640797207,0.6748431456030225,0.6557736396789551,0.15178656578063965
500,8.200000000000001,2.2399999999999998,0.8,1,1,1,2,0.9445488046911423,0.5478559637876289,0.591785192489624,0.10452747344970703
500,8.200000000000001,2.2399999999999998,0.8,1,1,1,3,1.0586432274281596,0.889230974967072,0.5675289630889893,0.09069252014160156
500,8.200000000000001,2.2399999999999998,0.8,1,1,1,4,0.9288257967958526,0.5317703258360864,0.5497164726257324,0.10584902763366699
500,8.200000000000001,2.2399999999999998,0.8,1,1,1,5,0.9517255496344745,0.6801236808560208,0.600775957107544,0.09008121490478516
500,8.200000000000001,2.2399999999999998,0.8,1,1,1,6,1.0142009964804355,0.646433977587068,0.7869057655334473,0.12769341468811035
500,8.200000000000001,2.2399999999999998,0.8,1,1,1,7,1.1305718026438254,0.6269058578955625,0.5818822383880615,0.10455083847045898
500,8.200000000000001,2.2399999999999998,0.8,1,1,1,8,1.1550976121983088,0.7624256966452312,0.5610949993133545,0.09747481346130371
500,8.200000000000001,2.2399999999999998,0.8,1,1,1,9,0.9879385587235052,0.8963028780561982,0.5715746879577637,0.09743809700012207
500,8.200000000000001,2.2399999999999998,0.8,1,1,1,10,0.9519807888550179,0.7503869974408645,0.5522220134735107,0.09712028503417969
500,8.200000000000001,2.2399999999999998,0.8,1,1,1,11,2.811530070315167,0.8508939854859894,0.6141855716705322,0.1327831745147705
500,8.200000000000001,2.2399999999999998,0.8,1,1,1,12,1.0795060920974402,0.577187969720776,0.6701664924621582,0.12099814414978027
500,8.200000000000001,2.2399999999999998,0.8,1,1,1,13,1.3111068716063607,0.8675789962856747,0.6276354789733887,0.12073063850402832
500,8.200000000000001,2.2399999999999998,0.8,1,1,1,14,1.04663166701901,0.7312009539496745,0.6489038467407227,0.14801502227783203
500,8.200000000000001,2.2399999999999998,0.8,1,1,1,15,1.142830354193302,0.7377903704139485,0.5902872085571289,0.1147148609161377
500,8.200000000000001,2.2399999999999998,0.8,1,1,1,16,0.9740186155774821,0.6026387661379342,0.6277084350585938,0.10262537002563477
500,8.200000000000001,2.2399999999999998,0.8,1,1,1,17,0.9841500300603566,0.7692394572322283,0.6946685314178467,0.12029695510864258
500,8.200000000000001,2.2399999999999998,0.8,1,1,1,18,1.0536708166406794,0.7536318597192727,0.5123276710510254,0.11824345588684082
500,8.200000000000001,2.2399999999999998,0.8,1,1,1,19,1.0694885233719047,0.5925924402796299,0.5233125686645508,0.13248491287231445
500,8.200000000000001,2.2399999999999998,0.8,1,1,1,20,0.9613965949992522,0.7802350160428936,0.5097482204437256,0.11533951759338379
500,8.200000000000001,2.2399999999999998,0.8,1,1,1,21,1.1352550944417763,0.6547740426693939,0.5321521759033203,0.10298657417297363
500,8.200000000000001,2.2399999999999998,0.8,1,1,1,22,2.825808994134203,1.8369222317165572,0.5918092727661133,0.14692234992980957
500,8.200000000000001,2.2399999999999998,0.8,1,1,1,23,1.100609681653769,0.6417898119489486,0.6862845420837402,0.1331026554107666
500,8.200000000000001,2.2399999999999998,0.8,1,1,1,24,1.1139473588800082,0.6327494095647993,0.5711460113525391,0.09092521667480469
500,8.4,2.2399999999999998,0.8,1,1,1,0,1.6155147954210778,0.7780281537159649,0.5735518932342529,0.10906267166137695
500,8.4,2.2399999999999998,0.8,1,1,1,1,1.1727093353251044,0.5662769766837239,0.5871140956878662,0.08703970909118652
500,8.4,2.2399999999999998,0.8,1,1,1,2,1.0841164172289781,0.6475586786101308,0.6555070877075195,0.12665057182312012
500,8.4,2.2399999999999998,0.8,1,1,1,3,2.7018572723547685,1.536461800781987,0.72772216796875,0.10009217262268066
500,8.4,2.2399999999999998,0.8,1,1,1,4,1.0118716187258407,0.7358290291361848,0.5844211578369141,0.0790262222290039
500,8.4,2.2399999999999998,0.8,1,1,1,5,1.4318505638370886,0.8125088229830136,0.6152210235595703,0.0844111442565918
500,8.4,2.2399999999999998,0.8,1,1,1,6,1.119340629414314,0.6779045270709495,0.6226654052734375,0.09749913215637207
500,8.4,2.2399999999999998,0.8,1,1,1,7,1.0646812299271817,0.6467798554827752,0.5722024440765381,0.1105489730834961
500,8.4,2.2399999999999998,0.8,1,1,1,8,1.1441800226390086,0.7419636990609305,0.7759573459625244,0.1540684700012207
500,8.4,2.2399999999999998,0.8,1,1,1,9,1.043138717331985,0.8382890295320589,0.6723232269287109,0.11441421508789062
500,8.4,2.2399999999999998,0.8,1,1,1,10,2.76618531643734,1.6786541215496955,0.5105562210083008,0.10851883888244629
500,8.4,2.2399999999999998,0.8,1,1,1,11,1.0239865333183036,0.6553526547971491,0.504061222076416,0.1055147647857666
500,8.4,2.2399999999999998,0.8,1,1,1,12,1.064506498778835,0.683803679876819,0.5701661109924316,0.11553454399108887
500,8.4,2.2399999999999998,0.8,1,1,1,13,1.1694164387166668,0.7892201435381063,0.6646397113800049,0.1295301914215088
500,8.4,2.2399999999999998,0.8,1,1,1,14,2.8230874301291147,1.7180424999849828,0.6356661319732666,0.10683798789978027
500,8.4,2.2399999999999998,0.8,1,1,1,15,1.1932975850359304,0.6519941828765472,0.5069327354431152,0.10204792022705078
500,8.4,2.2399999999999998,0.8,1,1,1,16,0.9209305918494947,0.6734885046008627,0.6356608867645264,0.08831906318664551
500,8.4,2.2399999999999998,0.8,1,1,1,17,2.7963262985966053,1.799541239211478,0.6005063056945801,0.10058712959289551
500,8.4,2.2399999999999998,0.8,1,1,1,18,1.0870843779298347,0.8707270276556328,0.6929035186767578,0.11954450607299805
500,8.4,2.2399999999999998,0.8,1,1,1,19,0.9610378612460128,0.8256051442956224,0.6412179470062256,0.11951613426208496
500,8.4,2.2399999999999998,0.8,1,1,1,20,1.0655410118794881,0.9748895789232173,0.6194496154785156,0.08278656005859375
500,8.4,2.2399999999999998,0.8,1,1,1,21,1.7653507705419087,1.3058419759533149,0.5606913566589355,0.10617613792419434
500,8.4,2.2399999999999998,0.8,1,1,1,22,2.8280532931166773,1.8124384299870089,0.527787446975708,0.11278676986694336
500,8.4,2.2399999999999998,0.8,1,1,1,23,1.4322295185474445,0.7730081375264067,0.4998953342437744,0.10349440574645996
500,8.4,2.2399999999999998,0.8,1,1,1,24,1.095225972394924,0.7822246896409484,0.7251322269439697,0.10851335525512695
500,8.6,2.2399999999999998,0.8,1,1,1,0,1.4204249997554563,0.5954144774961211,0.6551427841186523,0.13253569602966309
500,8.6,2.2399999999999998,0.8,1,1,1,1,2.7771702371811964,0.9307979819035374,0.6580190658569336,0.14049577713012695
500,8.6,2.2399999999999998,0.8,1,1,1,2,2.8111747858601617,0.8900643125059321,0.5791647434234619,0.09792375564575195
500,8.6,2.2399999999999998,0.8,1,1,1,3,1.1491893116292258,0.7388349123537991,0.5828287601470947,0.161696195602417
500,8.6,2.2399999999999998,0.8,1,1,1,4,1.092106205671844,0.8500251446551745,0.7768704891204834,0.14952802658081055
500,8.6,2.2399999999999998,0.8,1,1,1,5,2.1707694373250273,1.3217327901731097,0.5732326507568359,0.1141672134399414
500,8.6,2.2399999999999998,0.8,1,1,1,6,1.1790213073329623,0.6861172428992562,0.5765316486358643,0.09242987632751465
500,8.6,2.2399999999999998,0.8,1,1,1,7,1.2734606271016198,0.7805330508052493,0.5727863311767578,0.10059905052185059
500,8.6,2.2399999999999998,0.8,1,1,1,8,2.097873657843589,0.8706943255195937,0.5696549415588379,0.09851598739624023
500,8.6,2.2399999999999998,0.8,1,1,1,9,2.256036000806106,0.7869691338297625,0.6152384281158447,0.12306857109069824
500,8.6,2.2399999999999998,0.8,1,1,1,10,1.6710455407154683,0.8007184731312315,0.5275189876556396,0.12311005592346191
500,8.6,2.2399999999999998,0.8,1,1,1,11,1.0988873857250674,0.8816940270428252,0.5170907974243164,0.08170175552368164
500,8.6,2.2399999999999998,0.8,1,1,1,12,1.2888085461230465,0.7562909246182319,0.5321142673492432,0.11122322082519531
500,8.6,2.2399999999999998,0.8,1,1,1,13,1.0512849313614065,0.6743591359206391,0.5173039436340332,0.12148499488830566
500,8.6,2.2399999999999998,0.8,1,1,1,14,1.1863999384789932,0.7419949633488249,0.5922236442565918,0.11371374130249023
500,8.6,2.2399999999999998,0.8,1,1,1,15,2.82306039295437,0.9718251786493017,0.7011411190032959,0.12911725044250488
500,8.6,2.2399999999999998,0.8,1,1,1,16,1.109991764285648,0.7094811415177111,0.5347833633422852,0.09543442726135254
500,8.6,2.2399999999999998,0.8,1,1,1,17,0.9728053569910003,0.7905171726902344,0.5257401466369629,0.1190652847290039
500,8.6,2.2399999999999998,0.8,1,1,1,18,1.1389980260470245,0.6783255819012421,0.5125143527984619,0.10426521301269531
500,8.6,2.2399999999999998,0.8,1,1,1,19,2.416821126681025,0.8013703676859535,0.502772331237793,0.12123274803161621
500,8.6,2.2399999999999998,0.8,1,1,1,20,2.7850877056230074,0.8056846919644717,0.5803298950195312,0.10004591941833496
500,8.6,2.2399999999999998,0.8,1,1,1,21,1.099651131109976,0.8104247467829689,0.7311010360717773,0.12332701683044434
500,8.6,2.2399999999999998,0.8,1,1,1,22,1.061477306357064,0.6235445677102553,0.5699679851531982,0.0889127254486084
500,8.6,2.2399999999999998,0.8,1,1,1,23,2.6219077811791776,1.2367574959715792,0.6973047256469727,0.1205284595489502
500,8.6,2.2399999999999998,0.8,1,1,1,24,2.8196848656584375,1.074047885115455,0.5948469638824463,0.1380443572998047
500,8.8,2.2399999999999998,0.8,1,1,1,0,2.759445186635572,0.8006102272059767,0.7609000205993652,0.12307190895080566
500,8.8,2.2399999999999998,0.8,1,1,1,1,1.2671156469320053,0.8872778778431653,0.5352885723114014,0.13051962852478027
500,8.8,2.2399999999999998,0.8,1,1,1,2,2.7739901330561785,0.7645864987670017,0.5469033718109131,0.10351753234863281
500,8.8,2.2399999999999998,0.8,1,1,1,3,2.3617922577345984,0.7217833341290912,0.5027966499328613,0.1035614013671875
500,8.8,2.2399999999999998,0.8,1,1,1,4,2.8155757545076177,1.3772482280610547,0.5585341453552246,0.08502411842346191
500,8.8,2.2399999999999998,0.8,1,1,1,5,2.68030906933273,0.6649359791830033,0.5990872383117676,0.13329839706420898
500,8.8,2.2399999999999998,0.8,1,1,1,6,2.196228809498218,0.6939267204674706,0.718087911605835,0.11851835250854492
500,8.8,2.2399999999999998,0.8,1,1,1,7,2.8258169742263575,3.0393928390331326,0.568232536315918,0.10051798820495605
500,8.8,2.2399999999999998,0.8,1,1,1,8,2.7764831995931973,1.4764378841156347,0.5443110466003418,0.12153363227844238
500,8.8,2.2399999999999998,0.8,1,1,1,9,2.7881805130490673,1.267033500113873,0.5546987056732178,0.1124722957611084
500,8.8,2.2399999999999998,0.8,1,1,1,10,1.2982675773726033,0.665451335053519,0.5015163421630859,0.12950658798217773
500,8.8,2.2399999999999998,0.8,1,1,1,11,2.0761943937562135,0.9313361103681447,0.6502337455749512,0.10852169990539551
500,8.8,2.2399999999999998,0.8,1,1,1,12,2.6601297053496453,1.2943129875294819,0.7444140911102295,0.11351823806762695
500,8.8,2.2399999999999998,0.8,1,1,1,13,2.564205205790975,0.7389852156410485,0.5114467144012451,0.12449908256530762
500,8.8,2.2399999999999998,0.8,1,1,1,14,1.5942365152770268,0.6302657938854473,0.535513162612915,0.09746241569519043
500,8.8,2.2399999999999998,0.8,1,1,1,15,2.573502753348574,1.0916967181162305,0.5201079845428467,0.10064101219177246
500,8.8,2.2399999999999998,0.8,1,1,1,16,1.133087215987329,0.6733997816709623,0.6048583984375,0.12653446197509766
500,8.8,2.2399999999999998,0.8,1,1,1,17,1.1859367588496748,0.5803300349739453,0.6308887004852295,0.14007067680358887
500,8.8,2.2399999999999998,0.8,1,1,1,18,2.7495284173373493,0.6190228586718306,0.5504515171051025,0.14353084564208984
500,8.8,2.2399999999999998,0.8,1,1,1,19,2.6174297925272416,0.8830544235690931,0.7657678127288818,0.12351012229919434
500,8.8,2.2399999999999998,0.8,1,1,1,20,0.9901912132003416,1.0201503709123356,0.516465425491333,0.1069948673248291
500,8.8,2.2399999999999998,0.8,1,1,1,21,1.1604757212887526,0.5992391732401646,0.5499908924102783,0.09624052047729492
500,8.8,2.2399999999999998,0.8,1,1,1,22,1.1681488727923555,0.8201744148997817,0.719120979309082,0.12483072280883789
500,8.8,2.2399999999999998,0.8,1,1,1,23,2.0735167330610134,0.6954172052897077,0.49750494956970215,0.10127925872802734
500,8.8,2.2399999999999998,0.8,1,1,1,24,1.0531254566340384,0.7791593718185548,0.5270290374755859,0.10047030448913574
500,9.0,2.2399999999999998,0.8,1,1,1,0,2.5064271688549526,1.6531743259685798,0.5556516647338867,0.12070322036743164
500,9.0,2.2399999999999998,0.8,1,1,1,1,2.7844436514794086,1.0007896341837452,0.5029075145721436,0.12762188911437988
500,9.0,2.2399999999999998,0.8,1,1,1,2,2.828427006613115,1.19096555624858,0.5752875804901123,0.14241981506347656
500,9.0,2.2399999999999998,0.8,1,1,1,3,2.7358435549955535,1.9497054995189185,0.6496655941009521,0.10962247848510742
500,9.0,2.2399999999999998,0.8,1,1,1,4,2.740792623531837,1.2732307142933748,0.5238628387451172,0.11658906936645508
500,9.0,2.2399999999999998,0.8,1,1,1,5,2.7683962863663676,1.9708312224949567,0.5462207794189453,0.11263871192932129
500,9.0,2.2399999999999998,0.8,1,1,1,6,1.9277262058742322,0.9031337614877057,0.5979330539703369,0.10425066947937012
500,9.0,2.2399999999999998,0.8,1,1,1,7,1.1338121459960688,0.7178802414940016,0.6058330535888672,0.10962677001953125
500,9.0,2.2399999999999998,0.8,1,1,1,8,2.3228482652971807,0.8002183322542986,0.7006533145904541,0.11927509307861328
500,9.0,2.2399999999999998,0.8,1,1,1,9,1.2712187795284133,0.6453887595891002,0.6870307922363281,0.1176145076751709
500,9.0,2.2399999999999998,0.8,1,1,1,10,1.2327682349387468,0.7648027310244053,0.5531675815582275,0.10747385025024414
500,9.0,2.2399999999999998,0.8,1,1,1,11,2.7278197228890573,1.1233041579419851,0.5190918445587158,0.14079904556274414
500,9.0,2.2399999999999998,0.8,1,1,1,12,2.7961806379155494,0.8949771829670926,0.5968329906463623,0.08768963813781738
500,9.0,2.2399999999999998,0.8,1,1,1,13,2.451218410310797,0.9544987232666086,0.6275584697723389,0.11725592613220215
500,9.0,2.2399999999999998,0.8,1,1,1,14,2.7695893970610457,2.22672284359875,0.7251138687133789,0.13855934143066406
500,9.0,2.2399999999999998,0.8,1,1,1,15,2.581278503687366,1.1806784553265437,0.515498161315918,0.12166547775268555
500,9.0,2.2399999999999998,0.8,1,1,1,16,2.817045071497027,1.122945854151995,0.5179688930511475,0.10915637016296387
500,9.0,2.2399999999999998,0.8,1,1,1,17,1.305604193247351,0.691355868612299,0.513838529586792,0.0912320613861084
500,9.0,2.2399999999999998,0.8,1,1,1,18,2.7238175926489525,0.7756535369826079,0.6600816249847412,0.11241388320922852
500,9.0,2.2399999999999998,0.8,1,1,1,19,1.5265067880602436,0.7794668643220137,0.588763952255249,0.09274792671203613
500,9.0,2.2399999999999998,0.8,1,1,1,20,2.3626944280270914,1.078053823364182,0.6181416511535645,0.09791707992553711
500,9.0,2.2399999999999998,0.8,1,1,1,21,2.7512492996689253,0.8362606027698924,0.548037052154541,0.0915975570678711
500,9.0,2.2399999999999998,0.8,1,1,1,22,1.2821692773616333,0.7350740482854101,0.5780272483825684,0.10855484008789062
500,9.0,2.2399999999999998,0.8,1,1,1,23,2.8218406434347525,2.4383331754703215,0.5207619667053223,0.10830950736999512
500,9.0,2.2399999999999998,0.8,1,1,1,24,2.4458246090331004,1.2365087894509863,0.6438682079315186,0.13792037963867188
500,9.200000000000001,2.2399999999999998,0.8,1,1,1,0,1.5313534437002367,0.6987046974903421,0.5524022579193115,0.11065411567687988
500,9.200000000000001,2.2399999999999998,0.8,1,1,1,1,2.827929012174774,2.1203352644295195,0.5728535652160645,0.12060141563415527
500,9.200000000000001,2.2399999999999998,0.8,1,1,1,2,1.1151039562320362,0.6973404945977794,0.5423300266265869,0.10959744453430176
500,9.200000000000001,2.2399999999999998,0.8,1,1,1,3,2.1584391192904064,0.6869806724548797,0.5325815677642822,0.13259196281433105
500,9.200000000000001,2.2399999999999998,0.8,1,1,1,4,2.0564514706357944,0.9940477599779479,0.6011009216308594,0.12166023254394531
500,9.200000000000001,2.2399999999999998,0.8,1,1,1,5,1.1590425126450041,0.752820400229646,0.7138254642486572,0.11985278129577637
500,9.200000000000001,2.2399999999999998,0.8,1,1,1,6,2.8252278650753584,1.1077525491894726,0.5923373699188232,0.11563873291015625
500,9.200000000000001,2.2399999999999998,0.8,1,1,1,7,2.475356311564027,0.5680354999605575,0.5969390869140625,0.1006462574005127
500,9.200000000000001,2.2399999999999998,0.8,1,1,1,8,2.6028054076298295,0.7969949390577521,0.6963953971862793,0.1056816577911377
500,9.200000000000001,2.2399999999999998,0.8,1,1,1,9,2.6255077277725904,1.0180820423602022,0.6673345565795898,0.13063454627990723
500,9.200000000000001,2.2399999999999998,0.8,1,1,1,10,2.681944769315985,0.9051431889153332,0.5854732990264893,0.11964011192321777
500,9.200000000000001,2.2399999999999998,0.8,1,1,1,11,1.394213839805918,0.7394365403934154,0.5282528400421143,0.12469053268432617
500,9.200000000000001,2.2399999999999998,0.8,1,1,1,12,1.349885374847131,0.6509563336228028,0.5603086948394775,0.12157797813415527
500,9.200000000000001,2.2399999999999998,0.8,1,1,1,13,1.2387307903919118,0.8301078425609765,0.5171084403991699,0.10731148719787598
500,9.200000000000001,2.2399999999999998,0.8,1,1,1,14,1.4166651515130737,0.7677515806756894,0.5567011833190918,0.13013648986816406
500,9.200000000000001,2.2399999999999998,0.8,1,1,1,15,1.0944510610322429,0.7926500830117049,0.6728026866912842,0.13059663772583008
500,9.200000000000001,2.2399999999999998,0.8,1,1,1,16,2.1473002239992414,0.763246538819732,0.5482676029205322,0.10949444770812988
500,9.200000000000001,2.2399999999999998,0.8,1,1,1,17,2.4445260478334965,0.6904164015965455,0.6101701259613037,0.09264159202575684
500,9.200000000000001,2.2399999999999998,0.8,1,1,1,18,2.7944211886875308,1.1184571125482687,0.5952632427215576,0.10960030555725098
500,9.200000000000001,2.2399999999999998,0.8,1,1,1,19,2.819502659772464,1.5092786408415222,0.5668520927429199,0.10240697860717773
500,9.200000000000001,2.2399999999999998,0.8,1,1,1,20,1.6585888996811464,0.747695562609862,0.7340092658996582,0.12293481826782227
500,9.200000000000001,2.2399999999999998,0.8,1,1,1,21,2.641708169898052,0.8344980556683651,0.5181715488433838,0.1194617748260498
500,9.200000000000001,2.2399999999999998,0.8,1,1,1,22,2.8189831019499234,0.7427937306252589,0.5213761329650879,0.12561941146850586
500,9.200000000000001,2.2399999999999998,0.8,1,1,1,23,2.652897331910681,0.8124420240617723,0.49549293518066406,0.11758565902709961
500,9.200000000000001,2.2399999999999998,0.8,1,1,1,24,1.3203081169487199,0.7420664672425402,0.5080134868621826,0.11130380630493164
500,9.4,2.2399999999999998,0.8,1,1,1,0,1.1732773324566137,0.9303628560433637,0.5639286041259766,0.14443564414978027
500,9.4,2.2399999999999998,0.8,1,1,1,1,2.7991767845562627,1.6660450135548117,0.7332072257995605,0.11167407035827637
500,9.4,2.2399999999999998,0.8,1,1,1,2,2.814584755100019,1.1539149023300395,0.5586774349212646,0.10957479476928711
500,9.4,2.2399999999999998,0.8,1,1,1,3,1.5498997596710422,0.636364099439572,0.6920056343078613,0.08879351615905762
500,9.4,2.2399999999999998,0.8,1,1,1,4,2.8284097428550274,1.3803954608683437,0.6328165531158447,0.11069178581237793
500,9.4,2.2399999999999998,0.8,1,1,1,5,2.694701157028752,0.9734105980390061,0.503481388092041,0.12806487083435059
500,9.4,2.2399999999999998,0.8,1,1,1,6,2.739415562913705,1.641292513184709,0.7240195274353027,0.13300251960754395
500,9.4,2.2399999999999998,0.8,1,1,1,7,2.661830504806607,1.5263017611378948,0.5419747829437256,0.11179304122924805
500,9.4,2.2399999999999998,0.8,1,1,1,8,2.4253085019811644,1.5965719149727982,0.5354015827178955,0.08625602722167969
500,9.4,2.2399999999999998,0.8,1,1,1,9,2.811307829494552,1.8291440776629997,0.5313191413879395,0.09699201583862305
500,9.4,2.2399999999999998,0.8,1,1,1,10,2.753155011657602,1.3214363964698836,0.5795714855194092,0.09725356101989746
500,9.4,2.2399999999999998,0.8,1,1,1,11,2.82660317345443,1.5717941536240334,0.6868877410888672,0.11627936363220215
500,9.4,2.2399999999999998,0.8,1,1,1,12,2.4720642438400664,1.6802074421283617,0.6465585231781006,0.10056114196777344
500,9.4,2.2399999999999998,0.8,1,1,1,13,2.1546391969475045,1.613588627959619,0.6132004261016846,0.08793330192565918
500,9.4,2.2399999999999998,0.8,1,1,1,14,2.8258368202534556,1.4941190493472496,0.5533311367034912,0.12317466735839844
500,9.4,2.2399999999999998,0.8,1,1,1,15,2.650406938464723,1.0054796093275253,0.5682685375213623,0.1006777286529541
500,9.4,2.2399999999999998,0.8,1,1,1,16,2.8086286809325527,1.2510336313448251,0.5568420886993408,0.11324334144592285
500,9.4,2.2399999999999998,0.8,1,1,1,17,1.246424712451375,1.0033498195510648,0.7365529537200928,0.12402033805847168
500,9.4,2.2399999999999998,0.8,1,1,1,18,2.8077098331085484,2.2912255016140697,0.5711572170257568,0.07795953750610352
500,9.4,2.2399999999999998,0.8,1,1,1,19,2.7988541883414273,1.452015696474756,0.5977942943572998,0.09916973114013672
500,9.4,2.2399999999999998,0.8,1,1,1,20,2.74368102716357,0.8976183555016695,0.6243178844451904,0.09242749214172363
500,9.4,2.2399999999999998,0.8,1,1,1,21,2.6619106055327317,1.0607966495712258,0.5972888469696045,0.08197879791259766
500,9.4,2.2399999999999998,0.8,1,1,1,22,1.4201222817787529,0.7543997933888703,0.6925275325775146,0.13172173500061035
500,9.4,2.2399999999999998,0.8,1,1,1,23,2.8277931395292524,2.2079406335838114,0.5571978092193604,0.13537049293518066
500,9.4,2.2399999999999998,0.8,1,1,1,24,2.4308007788857875,0.8915007407142919,0.6052753925323486,0.16856002807617188
500,9.600000000000001,2.2399999999999998,0.8,1,1,1,0,2.350282569632186,1.09627349686252,0.5856187343597412,0.10316038131713867
500,9.600000000000001,2.2399999999999998,0.8,1,1,1,1,2.8264409905715393,1.9742782209101422,0.584733247756958,0.10469603538513184
500,9.600000000000001,2.2399999999999998,0.8,1,1,1,2,1.3857987698004266,0.9044705058974601,0.7267053127288818,0.11965632438659668
500,9.600000000000001,2.2399999999999998,0.8,1,1,1,3,2.465322596264184,0.9958054803121801,0.5581529140472412,0.09545207023620605
500,9.600000000000001,2.2399999999999998,0.8,1,1,1,4,2.4828360965412863,1.8165731749710907,0.5069780349731445,0.11514043807983398
500,9.600000000000001,2.2399999999999998,0.8,1,1,1,5,2.768916522335222,1.0832414644574087,0.5380160808563232,0.11161375045776367
500,9.600000000000001,2.2399999999999998,0.8,1,1,1,6,2.702445712858238,0.9003832698882215,0.5413744449615479,0.1146237850189209
500,9.600000000000001,2.2399999999999998,0.8,1,1,1,7,2.8065689155514604,1.2432321770784507,0.6144464015960693,0.1117551326751709
500,9.600000000000001,2.2399999999999998,0.8,1,1,1,8,2.7856611057893113,1.1723293343350907,0.6158261299133301,0.13855695724487305
500,9.600000000000001,2.2399999999999998,0.8,1,1,1,9,2.7423352847757236,0.9018545666736922,0.5360965728759766,0.11337089538574219
500,9.600000000000001,2.2399999999999998,0.8,1,1,1,10,2.811577070318363,1.1962216912583314,0.563786506652832,0.08567404747009277
500,9.600000000000001,2.2399999999999998,0.8,1,1,1,11,2.8025825507956172,0.9822397423129554,0.5158085823059082,0.12523841857910156
500,9.600000000000001,2.2399999999999998,0.8,1,1,1,12,1.5594253387968033,0.8791285097957391,0.546771764755249,0.13823699951171875
500,9.600000000000001,2.2399999999999998,0.8,1,1,1,13,2.816028212626613,1.597245314865417,0.7055954933166504,0.12335467338562012
500,9.600000000000001,2.2399999999999998,0.8,1,1,1,14,2.7841935057753866,2.0683087294346336,0.6837422847747803,0.1464533805847168
500,9.600000000000001,2.2399999999999998,0.8,1,1,1,15,2.395620216262626,1.4526590845106306,0.5629284381866455,0.10244345664978027
500,9.600000000000001,2.2399999999999998,0.8,1,1,1,16,1.8261417798754997,0.875819849031969,0.5237939357757568,0.1118018627166748
500,9.600000000000001,2.2399999999999998,0.8,1,1,1,17,2.580488129476362,2.16721709280959,0.5661976337432861,0.11011147499084473
500,9.600000000000001,2.2399999999999998,0.8,1,1,1,18,2.828185908414155,0.9922792083770735,0.6750802993774414,0.16051006317138672
500,9.600000000000001,2.2399999999999998,0.8,1,1,1,19,2.7314510187663426,1.738820973912781,0.6594488620758057,0.1452014446258545
500,9.600000000000001,2.2399999999999998,0.8,1,1,1,20,2.7154623652721255,2.2462062683740394,0.5442721843719482,0.12106156349182129
500,9.600000000000001,2.2399999999999998,0.8,1,1,1,21,1.6818035055495073,0.9886615078889606,0.5807240009307861,0.08864116668701172
500,9.600000000000001,2.2399999999999998,0.8,1,1,1,22,2.8155903870672474,1.1175888777643805,0.5592000484466553,0.10565733909606934
500,9.600000000000001,2.2399999999999998,0.8,1,1,1,23,2.5949153259675923,1.0000549843571076,0.5656211376190186,0.12546372413635254
500,9.600000000000001,2.2399999999999998,0.8,1,1,1,24,2.7984967423541796,1.4211549981024714,0.7317020893096924,0.12022066116333008
500,9.8,2.2399999999999998,0.8,1,1,1,0,2.819500185629768,1.0717712908695527,0.5713620185852051,0.10146880149841309
500,9.8,2.2399999999999998,0.8,1,1,1,1,2.720965376591904,1.8916273304537006,0.593317985534668,0.09065842628479004
500,9.8,2.2399999999999998,0.8,1,1,1,2,2.828248380871124,0.8076088591202571,0.5720796585083008,0.0961158275604248
500,9.8,2.2399999999999998,0.8,1,1,1,3,2.7854696647451695,2.3724368596607617,0.53985595703125,0.11940503120422363
500,9.8,2.2399999999999998,0.8,1,1,1,4,2.679055434951662,0.8837070142680654,0.6211886405944824,0.1066584587097168
500,9.8,2.2399999999999998,0.8,1,1,1,5,2.648251153565141,1.5897048322538994,0.6503088474273682,0.11960482597351074
500,9.8,2.2399999999999998,0.8,1,1,1,6,2.792752894110769,1.7332759727750437,0.5288641452789307,0.12245988845825195
500,9.8,2.2399999999999998,0.8,1,1,1,7,2.8210921877764648,1.0116592668914999,0.5224475860595703,0.13111495971679688
500,9.8,2.2399999999999998,0.8,1,1,1,8,2.7895982885534525,0.841219676795635,0.5233092308044434,0.11919355392456055
500,9.8,2.2399999999999998,0.8,1,1,1,9,2.760234282853991,1.7119204767134772,0.5544300079345703,0.13232946395874023
500,9.8,2.2399999999999998,0.8,1,1,1,10,2.8118336004173945,1.6540494391829028,0.6821584701538086,0.10443830490112305
500,9.8,2.2399999999999998,0.8,1,1,1,11,2.639917439978416,1.4114418406951397,0.5302069187164307,0.10847806930541992
500,9.8,2.2399999999999998,0.8,1,1,1,12,2.8148505935604096,0.9590437129803102,0.5785465240478516,0.10712814331054688
500,9.8,2.2399999999999998,0.8,1,1,1,13,2.501575805930512,1.0388944117037713,0.5297236442565918,0.11716127395629883
500,9.8,2.2399999999999998,0.8,1,1,1,14,1.8310045424800974,0.9126768785405903,0.6231706142425537,0.08967995643615723
500,9.8,2.2399999999999998,0.8,1,1,1,15,2.8273253423486704,1.359464475500274,0.7534275054931641,0.16358137130737305
500,9.8,2.2399999999999998,0.8,1,1,1,16,2.6674107713344033,0.7507039865956072,0.5360164642333984,0.09338831901550293
500,9.8,2.2399999999999998,0.8,1,1,1,17,2.530824878692602,1.2410152604527764,0.5838842391967773,0.1083674430847168
500,9.8,2.2399999999999998,0.8,1,1,1,18,2.7762199466294923,1.920155171861078,0.5315711498260498,0.11167168617248535
500,9.8,2.2399999999999998,0.8,1,1,1,19,2.810518720977855,1.321973178241967,0.5903446674346924,0.08805394172668457
500,9.8,2.2399999999999998,0.8,1,1,1,20,2.7865663983742,0.9841436745995219,0.7880547046661377,0.10963821411132812
500,9.8,2.2399999999999998,0.8,1,1,1,21,2.6780614816065063,0.8554845589635448,0.5150027275085449,0.11805415153503418
500,9.8,2.2399999999999998,0.8,1,1,1,22,2.7894059598392507,1.7380967356318955,0.6112663745880127,0.09667301177978516
500,9.8,2.2399999999999998,0.8,1,1,1,23,2.605226761712917,2.286107194384572,0.6164834499359131,0.09859085083007812
500,9.8,2.2399999999999998,0.8,1,1,1,24,2.4218224971581366,0.9677172405614236,0.5522928237915039,0.1258997917175293
