n,s1,1_p_s2,s2,beta,q,sqrt_q,rep_no,eigen_mat_rerr,eigen_mat_terr,eigen_mat_ev_time,eigen_mat_cal_translation_time
500,0.0,0.0,0.0,1,1,1,0,1.0208094047923058e-14,1.9434928921432557e-14,0.39290285110473633,0.07651042938232422
500,0.0,0.0,0.0,1,1,1,1,9.907029919499705e-15,1.8181914725742728e-14,0.366046667098999,0.06604671478271484
500,0.0,0.0,0.0,1,1,1,2,1.418053416482209e-14,2.1062148066099273e-14,0.308086633682251,0.05649089813232422
500,0.0,0.0,0.0,1,1,1,3,1.3374415150982947e-14,1.434896150467636e-14,0.32645702362060547,0.06000041961669922
500,0.0,0.0,0.0,1,1,1,4,1.2069459976741759e-14,1.8327950446032472e-14,0.3302640914916992,0.06909918785095215
500,0.0,0.0,0.0,1,1,1,5,1.3384261648828317e-14,1.2363450032664543e-14,0.3057403564453125,0.07005977630615234
500,0.0,0.0,0.0,1,1,1,6,1.2239831213787899e-14,1.6538969704470283e-14,0.3136012554168701,0.058518409729003906
500,0.0,0.0,0.0,1,1,1,7,1.2203620728612667e-14,2.193301713775577e-14,0.30922627449035645,0.05948901176452637
500,0.0,0.0,0.0,1,1,1,8,1.0139167712674417e-14,1.9400651004633202e-14,0.3126070499420166,0.06251358985900879
500,0.0,0.0,0.0,1,1,1,9,1.239170668092149e-14,1.2676491296247906e-14,0.3257584571838379,0.06351375579833984
500,0.0,0.0,0.0,1,1,1,10,1.622751987507847e-14,2.6307146886959113e-14,0.3116872310638428,0.054982900619506836
500,0.0,0.0,0.0,1,1,1,11,1.3371450200534796e-14,1.951878170805792e-14,0.34748411178588867,0.07852005958557129
500,0.0,0.0,0.0,1,1,1,12,8.177986186268736e-15,1.1553256266253424e-14,0.38010573387145996,0.08352541923522949
500,0.0,0.0,0.0,1,1,1,13,1.7296089472798407e-14,1.832439834450183e-14,0.3196439743041992,0.06949591636657715
500,0.0,0.0,0.0,1,1,1,14,1.7721737037345703e-14,2.562337256805564e-14,0.33112096786499023,0.05599856376647949
500,0.0,0.0,0.0,1,1,1,15,9.59485198836646e-15,1.3153214712619998e-14,0.3137788772583008,0.06651973724365234
500,0.0,0.0,0.0,1,1,1,16,1.9294597375381404e-14,2.651922881617284e-14,0.31724047660827637,0.06051158905029297
500,0.0,0.0,0.0,1,1,1,17,1.6965293346061946e-14,1.977631021365221e-14,0.32022786140441895,0.06849145889282227
500,0.0,0.0,0.0,1,1,1,18,1.0064984603801867e-14,1.1785633164031472e-14,0.3186306953430176,0.06149458885192871
500,0.0,0.0,0.0,1,1,1,19,1.3756521229420242e-14,3.266094240962917e-14,0.3891415596008301,0.07301139831542969
500,0.0,0.0,0.0,1,1,1,20,1.3308568776950672e-14,1.4482347640339136e-14,0.327556848526001,0.06952166557312012
500,0.0,0.0,0.0,1,1,1,21,1.0161109850340644e-14,2.0940878244270798e-14,0.33655548095703125,0.05451464653015137
500,0.0,0.0,0.0,1,1,1,22,1.8387037146902698e-14,1.6964265943032738e-14,0.3188972473144531,0.06751394271850586
500,0.0,0.0,0.0,1,1,1,23,1.2904790643292465e-14,1.921551996304055e-14,0.32856202125549316,0.056528329849243164
500,0.0,0.0,0.0,1,1,1,24,1.1444590148095612e-14,1.8710552105243263e-14,0.337294340133667,0.06200051307678223
500,0.2,0.5376000000000001,0.24,1,1,1,0,0.02499920692508893,0.03582604833879041,0.3335914611816406,0.0555109977722168
500,0.2,0.5376000000000001,0.24,1,1,1,1,0.028566453563469985,0.030097518874570708,0.3240244388580322,0.07149267196655273
500,0.2,0.5376000000000001,0.24,1,1,1,2,0.024407980008330093,0.03888308759125327,0.3871331214904785,0.07303524017333984
500,0.2,0.5376000000000001,0.24,1,1,1,3,0.024951654694495614,0.03324007199963406,0.3121457099914551,0.05298352241516113
500,0.2,0.5376000000000001,0.24,1,1,1,4,0.027209972003969806,0.03239347879397769,0.3150038719177246,0.057985544204711914
500,0.2,0.5376000000000001,0.24,1,1,1,5,0.0299994801878546,0.03304861498664219,0.3266570568084717,0.0574948787689209
500,0.2,0.5376000000000001,0.24,1,1,1,6,0.028151341351421416,0.03565767652744125,0.3223142623901367,0.055028676986694336
500,0.2,0.5376000000000001,0.24,1,1,1,7,0.02730075195788401,0.031471190198306666,0.5106978416442871,0.09049844741821289
500,0.2,0.5376000000000001,0.24,1,1,1,8,0.02876895012104389,0.031997426549525976,0.5715303421020508,0.12105202674865723
500,0.2,0.5376000000000001,0.24,1,1,1,9,0.02118746100178177,0.03347595671696138,0.557274341583252,0.12709474563598633
500,0.2,0.5376000000000001,0.24,1,1,1,10,0.028973102637325027,0.02786458575403978,0.4461033344268799,0.10649657249450684
500,0.2,0.5376000000000001,0.24,1,1,1,11,0.027576993077703303,0.031008450634242422,0.4611809253692627,0.0880436897277832
500,0.2,0.5376000000000001,0.24,1,1,1,12,0.025723345075422954,0.03089859345939157,0.5117628574371338,0.1045224666595459
500,0.2,0.5376000000000001,0.24,1,1,1,13,0.02494766101650538,0.03420278393774888,0.4979240894317627,0.10954833030700684
500,0.2,0.5376000000000001,0.24,1,1,1,14,0.024626878515276156,0.03779199637307594,0.5721547603607178,0.14504694938659668
500,0.2,0.5376000000000001,0.24,1,1,1,15,0.02445056308972852,0.0329109292902223,0.7970011234283447,0.15604758262634277
500,0.2,0.5376000000000001,0.24,1,1,1,16,0.02592768654299525,0.03153061696958387,0.48320746421813965,0.10650110244750977
500,0.2,0.5376000000000001,0.24,1,1,1,17,0.030758967886274528,0.03158078524693014,0.5072405338287354,0.10152053833007812
500,0.2,0.5376000000000001,0.24,1,1,1,18,0.025316622185659807,0.03423855543104008,0.49806642532348633,0.10751461982727051
500,0.2,0.5376000000000001,0.24,1,1,1,19,0.023104598081808717,0.037817906913546355,0.5076987743377686,0.11022782325744629
500,0.2,0.5376000000000001,0.24,1,1,1,20,0.026960321626121407,0.032808480088827426,0.5673372745513916,0.12821364402770996
500,0.2,0.5376000000000001,0.24,1,1,1,21,0.026897810172080785,0.0381069489340132,0.46507883071899414,0.11223459243774414
500,0.2,0.5376000000000001,0.24,1,1,1,22,0.025449022080259343,0.03338881586863874,0.5215873718261719,0.09455990791320801
500,0.2,0.5376000000000001,0.24,1,1,1,23,0.023585660355934488,0.03897475460886162,0.4604148864746094,0.09167838096618652
500,0.2,0.5376000000000001,0.24,1,1,1,24,0.02526952819094851,0.030355648624865887,0.4693748950958252,0.09957194328308105
500,0.4,1.1904,0.48,1,1,1,0,0.04951859245681842,0.06854945398129227,0.5552988052368164,0.11805391311645508
500,0.4,1.1904,0.48,1,1,1,1,0.05215929477244733,0.06249224750365038,0.5046446323394775,0.11163616180419922
500,0.4,1.1904,0.48,1,1,1,2,0.05025697218314567,0.06227786798498074,0.4790670871734619,0.08848738670349121
500,0.4,1.1904,0.48,1,1,1,3,0.04787619336341719,0.07847785899083615,0.5662791728973389,0.11198735237121582
500,0.4,1.1904,0.48,1,1,1,4,0.04742849603410957,0.07394915625356407,0.46137380599975586,0.0946054458618164
500,0.4,1.1904,0.48,1,1,1,5,0.0559998453601092,0.0645688253543578,0.5020182132720947,0.09756159782409668
500,0.4,1.1904,0.48,1,1,1,6,0.05310198976783107,0.07134464726191382,0.5430030822753906,0.13565516471862793
500,0.4,1.1904,0.48,1,1,1,7,0.05457067456347107,0.06057390355963206,0.5801098346710205,0.10156488418579102
500,0.4,1.1904,0.48,1,1,1,8,0.05474506620281713,0.05934382188294609,0.4744069576263428,0.09468865394592285
500,0.4,1.1904,0.48,1,1,1,9,0.05285702039301536,0.06733494663559089,0.5073657035827637,0.10698628425598145
500,0.4,1.1904,0.48,1,1,1,10,0.04978069940453894,0.06287081498039622,0.5241928100585938,0.12284564971923828
500,0.4,1.1904,0.48,1,1,1,11,0.05565484376752075,0.06564503781158265,0.6193878650665283,0.14499616622924805
500,0.4,1.1904,0.48,1,1,1,12,0.05274581373497553,0.06292131846315333,0.639704704284668,0.09670019149780273
500,0.4,1.1904,0.48,1,1,1,13,0.05204169269938996,0.06933223166259989,0.5218369960784912,0.10052490234375
500,0.4,1.1904,0.48,1,1,1,14,0.05709498942823194,0.06088075500291635,0.4919450283050537,0.09644746780395508
500,0.4,1.1904,0.48,1,1,1,15,0.05340138431716917,0.06178436457211052,0.4615187644958496,0.0955808162689209
500,0.4,1.1904,0.48,1,1,1,16,0.051183854168232866,0.06265568013421542,0.45547986030578613,0.09760880470275879
500,0.4,1.1904,0.48,1,1,1,17,0.05958608170241566,0.06936278855798757,0.5832457542419434,0.14988136291503906
500,0.4,1.1904,0.48,1,1,1,18,0.05445519148505786,0.07498365032172251,0.6539840698242188,0.11020874977111816
500,0.4,1.1904,0.48,1,1,1,19,0.05433639510652905,0.06872311237713795,0.4691145420074463,0.10039901733398438
500,0.4,1.1904,0.48,1,1,1,20,0.05001184329390927,0.06614506414323962,0.46486353874206543,0.0915689468383789
500,0.4,1.1904,0.48,1,1,1,21,0.0582816390130981,0.08103469959544966,0.4641273021697998,0.10512804985046387
500,0.4,1.1904,0.48,1,1,1,22,0.06276469523612002,0.05930897428959669,0.47558021545410156,0.10262036323547363
500,0.4,1.1904,0.48,1,1,1,23,0.04603168569356801,0.06451865958536696,0.5957415103912354,0.1275789737701416
500,0.4,1.1904,0.48,1,1,1,24,0.049259331744652225,0.058897450341546455,0.4634084701538086,0.0896446704864502
500,0.6000000000000001,1.9584000000000004,0.7200000000000001,1,1,1,0,0.09268391049499065,0.09012973009734417,0.4592735767364502,0.08898615837097168
500,0.6000000000000001,1.9584000000000004,0.7200000000000001,1,1,1,1,0.07678812723531862,0.09421125429854361,0.4554710388183594,0.08756041526794434
500,0.6000000000000001,1.9584000000000004,0.7200000000000001,1,1,1,2,0.07341700090485725,0.09699852981406246,0.46312928199768066,0.08949804306030273
500,0.6000000000000001,1.9584000000000004,0.7200000000000001,1,1,1,3,0.08364891986182042,0.0928656191466986,0.5025947093963623,0.10852622985839844
500,0.6000000000000001,1.9584000000000004,0.7200000000000001,1,1,1,4,0.07120492054069258,0.0983681575868145,0.6745893955230713,0.10866475105285645
500,0.6000000000000001,1.9584000000000004,0.7200000000000001,1,1,1,5,0.07836691251507438,0.0979272361058913,0.5219485759735107,0.11180353164672852
500,0.6000000000000001,1.9584000000000004,0.7200000000000001,1,1,1,6,0.0757584109272869,0.09388233028857895,0.5622076988220215,0.14899635314941406
500,0.6000000000000001,1.9584000000000004,0.7200000000000001,1,1,1,7,0.07839999325226284,0.10854251893474672,0.6561212539672852,0.10704207420349121
500,0.6000000000000001,1.9584000000000004,0.7200000000000001,1,1,1,8,0.08687826796240941,0.09801465237668257,0.48044586181640625,0.08941817283630371
500,0.6000000000000001,1.9584000000000004,0.7200000000000001,1,1,1,9,0.08837241833472745,0.08409403967304517,0.6246569156646729,0.13727307319641113
500,0.6000000000000001,1.9584000000000004,0.7200000000000001,1,1,1,10,0.07401695063215878,0.10831424228264716,0.4802560806274414,0.10319685935974121
500,0.6000000000000001,1.9584000000000004,0.7200000000000001,1,1,1,11,0.08095620142593353,0.09342813305745848,0.5110509395599365,0.1018972396850586
500,0.6000000000000001,1.9584000000000004,0.7200000000000001,1,1,1,12,0.07930124663088488,0.09374687327007271,0.4819982051849365,0.10053467750549316
500,0.6000000000000001,1.9584000000000004,0.7200000000000001,1,1,1,13,0.07661544942244188,0.0967718740147222,0.5050129890441895,0.09446406364440918
500,0.6000000000000001,1.9584000000000004,0.7200000000000001,1,1,1,14,0.06863151586714865,0.10251346832081853,0.5118322372436523,0.12362504005432129
500,0.6000000000000001,1.9584000000000004,0.7200000000000001,1,1,1,15,0.08125636275941615,0.10425606463429811,0.6539211273193359,0.1389174461364746
500,0.6000000000000001,1.9584000000000004,0.7200000000000001,1,1,1,16,0.08339760028731984,0.09922944383420126,0.46262288093566895,0.10721707344055176
500,0.6000000000000001,1.9584000000000004,0.7200000000000001,1,1,1,17,0.0869843434810336,0.10863321829335154,0.4674677848815918,0.08942627906799316
500,0.6000000000000001,1.9584000000000004,0.7200000000000001,1,1,1,18,0.08400290554175988,0.09175455460138318,0.4743518829345703,0.10870170593261719
500,0.6000000000000001,1.9584000000000004,0.7200000000000001,1,1,1,19,0.0743027599707817,0.10018859696614255,0.4849205017089844,0.09572029113769531
500,0.6000000000000001,1.9584000000000004,0.7200000000000001,1,1,1,20,0.07527710042901731,0.09601701788054917,0.75616455078125,0.11709856986999512
500,0.6000000000000001,1.9584000000000004,0.7200000000000001,1,1,1,21,0.08295839235324953,0.09681870475455435,0.6218883991241455,0.08168530464172363
500,0.6000000000000001,1.9584000000000004,0.7200000000000001,1,1,1,22,0.07360192494898052,0.09266409967707927,0.5568664073944092,0.09655332565307617
500,0.6000000000000001,1.9584000000000004,0.7200000000000001,1,1,1,23,0.0699540303567499,0.10864143650074355,0.596513032913208,0.09429264068603516
500,0.6000000000000001,1.9584000000000004,0.7200000000000001,1,1,1,24,0.06985373730617478,0.09171125177525133,0.6187691688537598,0.09068012237548828
500,0.8,2.8415999999999997,0.96,1,1,1,0,0.09794890612601972,0.1266651916645549,0.5691821575164795,0.11595010757446289
500,0.8,2.8415999999999997,0.96,1,1,1,1,0.11299130016371796,0.13145688455620033,0.7859704494476318,0.13778924942016602
500,0.8,2.8415999999999997,0.96,1,1,1,2,0.10318816203497705,0.13576899652946975,0.68868088722229,0.11448264122009277
500,0.8,2.8415999999999997,0.96,1,1,1,3,0.09676220984732194,0.12996890956311716,0.5747561454772949,0.09498453140258789
500,0.8,2.8415999999999997,0.96,1,1,1,4,0.10213050415925425,0.12691712955142292,0.599482536315918,0.0865325927734375
500,0.8,2.8415999999999997,0.96,1,1,1,5,0.09976110718086693,0.12741578392121966,0.5661444664001465,0.08765172958374023
500,0.8,2.8415999999999997,0.96,1,1,1,6,0.11885871987065465,0.15047571662363662,0.6289196014404297,0.10120058059692383
500,0.8,2.8415999999999997,0.96,1,1,1,7,0.09323980508945472,0.14048141931308064,0.5500636100769043,0.09885859489440918
500,0.8,2.8415999999999997,0.96,1,1,1,8,0.11348034532819495,0.1333888611418845,0.5222065448760986,0.11152529716491699
500,0.8,2.8415999999999997,0.96,1,1,1,9,0.10446762913045798,0.12853545772400848,0.5528209209442139,0.09244918823242188
500,0.8,2.8415999999999997,0.96,1,1,1,10,0.1065320490895651,0.13212259094005005,0.6079776287078857,0.09352421760559082
500,0.8,2.8415999999999997,0.96,1,1,1,11,0.12295170373581339,0.13000828010927018,0.6431159973144531,0.12217473983764648
500,0.8,2.8415999999999997,0.96,1,1,1,12,0.0989559665709975,0.13073763328870072,0.6259772777557373,0.0933218002319336
500,0.8,2.8415999999999997,0.96,1,1,1,13,0.10439379873861707,0.11680187129569515,0.5378613471984863,0.0998079776763916
500,0.8,2.8415999999999997,0.96,1,1,1,14,0.10508558999122723,0.12206096086049287,0.5597269535064697,0.09210014343261719
500,0.8,2.8415999999999997,0.96,1,1,1,15,0.11274649956359938,0.13373389792678572,0.552332878112793,0.11250638961791992
500,0.8,2.8415999999999997,0.96,1,1,1,16,0.10785760060888956,0.12351743159216695,0.5536456108093262,0.09305644035339355
500,0.8,2.8415999999999997,0.96,1,1,1,17,0.09191807325248205,0.1277955891205583,0.7159039974212646,0.09412074089050293
500,0.8,2.8415999999999997,0.96,1,1,1,18,0.09898483916055655,0.12639762358845683,0.5363717079162598,0.11717104911804199
500,0.8,2.8415999999999997,0.96,1,1,1,19,0.09486455595314468,0.13987467288366123,0.5623869895935059,0.12279009819030762
500,0.8,2.8415999999999997,0.96,1,1,1,20,0.0927519260568768,0.13232793574570764,0.549583911895752,0.10213565826416016
500,0.8,2.8415999999999997,0.96,1,1,1,21,0.11622198906051268,0.12865884488995186,0.5395791530609131,0.09342789649963379
500,0.8,2.8415999999999997,0.96,1,1,1,22,0.10133151258858923,0.13514527635015575,0.6987552642822266,0.13871455192565918
500,0.8,2.8415999999999997,0.96,1,1,1,23,0.09327898287278415,0.152996286704011,0.6194784641265869,0.09674906730651855
500,0.8,2.8415999999999997,0.96,1,1,1,24,0.12287830158326278,0.12637988266565725,0.531233549118042,0.09026145935058594
500,1.0,3.84,1.2,1,1,1,0,0.13034974672809288,0.15693382658155275,0.5250585079193115,0.10490226745605469
500,1.0,3.84,1.2,1,1,1,1,0.12377088431867213,0.21117449509437708,0.5498130321502686,0.10647296905517578
500,1.0,3.84,1.2,1,1,1,2,0.12865171093734806,0.1588845170088402,0.6348061561584473,0.12509775161743164
500,1.0,3.84,1.2,1,1,1,3,0.11550165458397156,0.16892334044840632,0.6899361610412598,0.11171913146972656
500,1.0,3.84,1.2,1,1,1,4,0.12570670166964895,0.20570803067662927,0.5804462432861328,0.08284950256347656
500,1.0,3.84,1.2,1,1,1,5,0.1407728173466518,0.16298102704635017,0.5765602588653564,0.09407472610473633
500,1.0,3.84,1.2,1,1,1,6,0.1291196470684463,0.16938433380291842,0.5746824741363525,0.10550975799560547
500,1.0,3.84,1.2,1,1,1,7,0.12758338423346471,0.1589566667093076,0.5603146553039551,0.08946037292480469
500,1.0,3.84,1.2,1,1,1,8,0.14870405376890122,0.15973787504669384,0.7215995788574219,0.11860466003417969
500,1.0,3.84,1.2,1,1,1,9,0.15360564209457434,0.17463280074239668,0.5599029064178467,0.0975654125213623
500,1.0,3.84,1.2,1,1,1,10,0.14037952836489684,0.16292647410185768,0.547417402267456,0.10779428482055664
500,1.0,3.84,1.2,1,1,1,11,0.12542879425075387,0.1539482787956601,0.5834498405456543,0.09174966812133789
500,1.0,3.84,1.2,1,1,1,12,0.12001524734232902,0.181423412113344,0.504084587097168,0.1098639965057373
500,1.0,3.84,1.2,1,1,1,13,0.14085442865994638,0.15645650856825138,0.5270628929138184,0.09828567504882812
500,1.0,3.84,1.2,1,1,1,14,0.12135886953808832,0.20415977852049058,0.6774349212646484,0.12150311470031738
500,1.0,3.84,1.2,1,1,1,15,0.16482449624169443,0.16006922868263207,0.5290791988372803,0.1016230583190918
500,1.0,3.84,1.2,1,1,1,16,0.1184687039878821,0.1667903604976379,0.5549981594085693,0.09270000457763672
500,1.0,3.84,1.2,1,1,1,17,0.14212378899982442,0.14157477321858725,0.6053495407104492,0.1212911605834961
500,1.0,3.84,1.2,1,1,1,18,0.11898895117196806,0.15708664362802308,0.7435858249664307,0.11158370971679688
500,1.0,3.84,1.2,1,1,1,19,0.1271973451498913,0.17619333126071338,0.7577602863311768,0.11830830574035645
500,1.0,3.84,1.2,1,1,1,20,0.12944083852471588,0.17923951035668692,0.5730197429656982,0.10246539115905762
500,1.0,3.84,1.2,1,1,1,21,0.1188410326419227,0.19723682737256065,0.6233313083648682,0.10358071327209473
500,1.0,3.84,1.2,1,1,1,22,0.14191234745739134,0.17080209314822728,0.5149202346801758,0.1076514720916748
500,1.0,3.84,1.2,1,1,1,23,0.14179536341650112,0.16067274600343467,0.570336103439331,0.08395957946777344
500,1.0,3.84,1.2,1,1,1,24,0.1254750362439717,0.1556970548899016,0.6527993679046631,0.1299738883972168
500,1.2000000000000002,4.953600000000002,1.4400000000000002,1,1,1,0,0.15517137463477831,0.188850591856356,0.6167230606079102,0.11622023582458496
500,1.2000000000000002,4.953600000000002,1.4400000000000002,1,1,1,1,0.1815842139124924,0.21310672928953336,0.539996862411499,0.0994260311126709
500,1.2000000000000002,4.953600000000002,1.4400000000000002,1,1,1,2,0.18436853922816648,0.21148540455232026,0.5778806209564209,0.08858633041381836
500,1.2000000000000002,4.953600000000002,1.4400000000000002,1,1,1,3,0.1519683142537422,0.19248848201795796,0.5551154613494873,0.10154581069946289
500,1.2000000000000002,4.953600000000002,1.4400000000000002,1,1,1,4,0.16081136958110626,0.21529114602223745,0.5564265251159668,0.10370635986328125
500,1.2000000000000002,4.953600000000002,1.4400000000000002,1,1,1,5,0.14252166242191022,0.2184504019595279,0.7089877128601074,0.12549734115600586
500,1.2000000000000002,4.953600000000002,1.4400000000000002,1,1,1,6,0.15842132489684088,0.19231434995589208,0.5782260894775391,0.12630438804626465
500,1.2000000000000002,4.953600000000002,1.4400000000000002,1,1,1,7,0.14441576678176485,0.1844114608959761,0.5693163871765137,0.10350894927978516
500,1.2000000000000002,4.953600000000002,1.4400000000000002,1,1,1,8,0.1569325125252115,0.2105556678235145,0.6026921272277832,0.08729696273803711
500,1.2000000000000002,4.953600000000002,1.4400000000000002,1,1,1,9,0.18702906626885574,0.20453208792369085,0.5607800483703613,0.0976860523223877
500,1.2000000000000002,4.953600000000002,1.4400000000000002,1,1,1,10,0.1668965789999493,0.21193879204888205,0.622962236404419,0.1459662914276123
500,1.2000000000000002,4.953600000000002,1.4400000000000002,1,1,1,11,0.19873208200015996,0.19718865008390718,0.656118631362915,0.15538930892944336
500,1.2000000000000002,4.953600000000002,1.4400000000000002,1,1,1,12,0.1498918222202573,0.20443595788586028,0.6632015705108643,0.10543131828308105
500,1.2000000000000002,4.953600000000002,1.4400000000000002,1,1,1,13,0.16610997852144577,0.1999640809591261,0.623481273651123,0.11032533645629883
500,1.2000000000000002,4.953600000000002,1.4400000000000002,1,1,1,14,0.15974557731898348,0.21513940480589422,0.54911208152771,0.09195089340209961
500,1.2000000000000002,4.953600000000002,1.4400000000000002,1,1,1,15,0.17595112030153295,0.2045051244042078,0.6322968006134033,0.10635018348693848
500,1.2000000000000002,4.953600000000002,1.4400000000000002,1,1,1,16,0.15025427642530323,0.2168696094850306,0.6726794242858887,0.11405062675476074
500,1.2000000000000002,4.953600000000002,1.4400000000000002,1,1,1,17,0.14865616759062505,0.21207376467356875,0.4961092472076416,0.10617899894714355
500,1.2000000000000002,4.953600000000002,1.4400000000000002,1,1,1,18,0.15160478450780776,0.18024835701269165,0.5021142959594727,0.12036299705505371
500,1.2000000000000002,4.953600000000002,1.4400000000000002,1,1,1,19,0.1390137585391974,0.23761868360877356,0.4896087646484375,0.10515403747558594
500,1.2000000000000002,4.953600000000002,1.4400000000000002,1,1,1,20,0.15690914972349468,0.20021709737060983,0.5379085540771484,0.12137460708618164
500,1.2000000000000002,4.953600000000002,1.4400000000000002,1,1,1,21,0.16293599545502002,0.18377434022962522,0.6635217666625977,0.11734366416931152
500,1.2000000000000002,4.953600000000002,1.4400000000000002,1,1,1,22,0.17204368827894226,0.18143034359488255,0.7136111259460449,0.12268257141113281
500,1.2000000000000002,4.953600000000002,1.4400000000000002,1,1,1,23,0.14621527336460735,0.18021753801613927,0.5199148654937744,0.09982490539550781
500,1.2000000000000002,4.953600000000002,1.4400000000000002,1,1,1,24,0.15335186557631256,0.21296089296596502,0.4925410747528076,0.11585736274719238
500,1.4000000000000001,6.182400000000001,1.6800000000000002,1,1,1,0,0.18018116652454688,0.27790591853312624,0.5114438533782959,0.10323548316955566
500,1.4000000000000001,6.182400000000001,1.6800000000000002,1,1,1,1,0.17266384445593203,0.23890279385481972,0.5259690284729004,0.12037348747253418
500,1.4000000000000001,6.182400000000001,1.6800000000000002,1,1,1,2,0.20446680790591434,0.2437755867472434,0.7202177047729492,0.12664055824279785
500,1.4000000000000001,6.182400000000001,1.6800000000000002,1,1,1,3,0.1826169834370575,0.23587681168056424,0.5182244777679443,0.12061524391174316
500,1.4000000000000001,6.182400000000001,1.6800000000000002,1,1,1,4,0.22332712164926058,0.22203185593091138,0.5369372367858887,0.09859347343444824
500,1.4000000000000001,6.182400000000001,1.6800000000000002,1,1,1,5,0.18081905947261656,0.21073816663025344,0.5025413036346436,0.10903191566467285
500,1.4000000000000001,6.182400000000001,1.6800000000000002,1,1,1,6,0.1927873947164202,0.26579178979081636,0.4913361072540283,0.11791276931762695
500,1.4000000000000001,6.182400000000001,1.6800000000000002,1,1,1,7,0.16727540888869125,0.23373659822736184,0.5903081893920898,0.09631729125976562
500,1.4000000000000001,6.182400000000001,1.6800000000000002,1,1,1,8,0.19153169952235738,0.3336609991875816,0.848900556564331,0.158217191696167
500,1.4000000000000001,6.182400000000001,1.6800000000000002,1,1,1,9,0.16555802919430732,0.2142831385127841,0.5248329639434814,0.10240650177001953
500,1.4000000000000001,6.182400000000001,1.6800000000000002,1,1,1,10,0.17879151553037884,0.24607110832153462,0.4896352291107178,0.09585261344909668
500,1.4000000000000001,6.182400000000001,1.6800000000000002,1,1,1,11,0.18498296690390775,0.23455226198683302,0.5120162963867188,0.09904122352600098
500,1.4000000000000001,6.182400000000001,1.6800000000000002,1,1,1,12,0.18665062373112987,0.2943184073704696,0.6375961303710938,0.10402226448059082
500,1.4000000000000001,6.182400000000001,1.6800000000000002,1,1,1,13,0.16388113644058883,0.2365105201492802,0.6807925701141357,0.14484930038452148
500,1.4000000000000001,6.182400000000001,1.6800000000000002,1,1,1,14,0.17583675801451396,0.25631272475937705,0.5216569900512695,0.09596848487854004
500,1.4000000000000001,6.182400000000001,1.6800000000000002,1,1,1,15,0.19756420099945785,0.2113452302034194,0.49773502349853516,0.11909675598144531
500,1.4000000000000001,6.182400000000001,1.6800000000000002,1,1,1,16,0.19836650586424495,0.28616567949637667,0.5415480136871338,0.10477137565612793
500,1.4000000000000001,6.182400000000001,1.6800000000000002,1,1,1,17,0.19891511670964596,0.2174587983501968,0.5212178230285645,0.1072087287902832
500,1.4000000000000001,6.182400000000001,1.6800000000000002,1,1,1,18,0.1732706837027662,0.23861040896676033,0.6233639717102051,0.15182137489318848
500,1.4000000000000001,6.182400000000001,1.6800000000000002,1,1,1,19,0.1952666514978642,0.2651479514567289,0.5589199066162109,0.08972907066345215
500,1.4000000000000001,6.182400000000001,1.6800000000000002,1,1,1,20,0.17727160983061652,0.2087881294274513,0.5309171676635742,0.09232473373413086
500,1.4000000000000001,6.182400000000001,1.6800000000000002,1,1,1,21,0.17714372176285276,0.23914234845188925,0.5608980655670166,0.09845805168151855
500,1.4000000000000001,6.182400000000001,1.6800000000000002,1,1,1,22,0.1872578884652758,0.25339284981205334,0.5678730010986328,0.10288071632385254
500,1.4000000000000001,6.182400000000001,1.6800000000000002,1,1,1,23,0.1978553665432985,0.22425327586363258,0.6403210163116455,0.11127901077270508
500,1.4000000000000001,6.182400000000001,1.6800000000000002,1,1,1,24,0.1847381377540797,0.23372355347158735,0.6936912536621094,0.1337263584136963
500,1.6,7.5264,1.92,1,1,1,0,0.2220997853419828,0.30369392609804796,0.5626711845397949,0.09799337387084961
500,1.6,7.5264,1.92,1,1,1,1,0.20599213401944594,0.2488822438434896,0.5589861869812012,0.10168004035949707
500,1.6,7.5264,1.92,1,1,1,2,0.18583374549006598,0.2669206405064145,0.5814354419708252,0.0944063663482666
500,1.6,7.5264,1.92,1,1,1,3,0.21193705682028036,0.34172862842484525,0.6192550659179688,0.09441447257995605
500,1.6,7.5264,1.92,1,1,1,4,0.21956000232276998,0.30407213127449334,0.792029619216919,0.16658687591552734
500,1.6,7.5264,1.92,1,1,1,5,0.21648655995886723,0.27202558929102366,0.5478489398956299,0.10970878601074219
500,1.6,7.5264,1.92,1,1,1,6,0.25124135446809787,0.2638518291838897,0.5890016555786133,0.10019922256469727
500,1.6,7.5264,1.92,1,1,1,7,0.2026126688237621,0.26194820199877966,0.5713152885437012,0.1048731803894043
500,1.6,7.5264,1.92,1,1,1,8,0.18593329815784262,0.25489734659557994,0.5364775657653809,0.11193180084228516
500,1.6,7.5264,1.92,1,1,1,9,0.21650902147094228,0.26975489394821667,0.6533136367797852,0.12606406211853027
500,1.6,7.5264,1.92,1,1,1,10,0.1781746103942138,0.2826846216425015,0.6882479190826416,0.10600948333740234
500,1.6,7.5264,1.92,1,1,1,11,0.22060957274842138,0.2831125758581894,0.5813374519348145,0.10493803024291992
500,1.6,7.5264,1.92,1,1,1,12,0.1977538565371344,0.3031780225222454,0.5969622135162354,0.08908867835998535
500,1.6,7.5264,1.92,1,1,1,13,0.25915032386562564,0.29104991326314394,0.5833373069763184,0.08855438232421875
500,1.6,7.5264,1.92,1,1,1,14,0.19644999708164748,0.25583058085033367,0.5812592506408691,0.08670377731323242
500,1.6,7.5264,1.92,1,1,1,15,0.2067035287843515,0.2796365181783398,0.7044365406036377,0.11920762062072754
500,1.6,7.5264,1.92,1,1,1,16,0.21774319509899967,0.25841961668417635,0.56449294090271,0.11352896690368652
500,1.6,7.5264,1.92,1,1,1,17,0.21065906004254448,0.2667363021914259,0.5753655433654785,0.10607767105102539
500,1.6,7.5264,1.92,1,1,1,18,0.19371117820336947,0.2371960291062685,0.5509636402130127,0.11003971099853516
500,1.6,7.5264,1.92,1,1,1,19,0.20270140454914543,0.2812259281118805,0.5359148979187012,0.10617256164550781
500,1.6,7.5264,1.92,1,1,1,20,0.19970340790409183,0.2682547735149402,0.6829724311828613,0.12038564682006836
500,1.6,7.5264,1.92,1,1,1,21,0.23601641177544794,0.312078487975961,0.6643059253692627,0.09602880477905273
500,1.6,7.5264,1.92,1,1,1,22,0.18970991751546312,0.2556563938189036,0.5218007564544678,0.12399411201477051
500,1.6,7.5264,1.92,1,1,1,23,0.19078204565121254,0.25632495349524304,0.5183272361755371,0.10366106033325195
500,1.6,7.5264,1.92,1,1,1,24,0.20400079129933302,0.31198293937059113,0.6137948036193848,0.13313555717468262
500,1.8,8.985600000000002,2.16,1,1,1,0,0.27221115300915233,0.3446030200419998,0.6459572315216064,0.15990447998046875
500,1.8,8.985600000000002,2.16,1,1,1,1,0.22617612400891376,0.2748529242662871,0.7000317573547363,0.1506948471069336
500,1.8,8.985600000000002,2.16,1,1,1,2,0.2713868046314063,0.31599491425310133,0.5944538116455078,0.09867382049560547
500,1.8,8.985600000000002,2.16,1,1,1,3,0.23295271612102922,0.2841975402338158,0.602522611618042,0.09241580963134766
500,1.8,8.985600000000002,2.16,1,1,1,4,0.25894247174778134,0.36006513404598484,0.5737180709838867,0.09821963310241699
500,1.8,8.985600000000002,2.16,1,1,1,5,0.23675649690183698,0.29617653487508405,0.628028392791748,0.0900418758392334
500,1.8,8.985600000000002,2.16,1,1,1,6,0.2571472310952241,0.33705676865544715,0.6624355316162109,0.12759041786193848
500,1.8,8.985600000000002,2.16,1,1,1,7,0.22738443772535613,0.27851233929356084,0.7321467399597168,0.09445524215698242
500,1.8,8.985600000000002,2.16,1,1,1,8,0.2355789706400644,0.33455174567758006,0.6190876960754395,0.09050440788269043
500,1.8,8.985600000000002,2.16,1,1,1,9,0.2316408687149968,0.2992238076383415,0.5892577171325684,0.09716320037841797
500,1.8,8.985600000000002,2.16,1,1,1,10,0.23133593335976713,0.31448974028596277,0.5919764041900635,0.08745336532592773
500,1.8,8.985600000000002,2.16,1,1,1,11,0.25886982359576527,0.29287173300553493,0.6648468971252441,0.1275615692138672
500,1.8,8.985600000000002,2.16,1,1,1,12,0.2598830934075526,0.31287715908831093,0.6562063694000244,0.11865878105163574
500,1.8,8.985600000000002,2.16,1,1,1,13,0.21899961822756733,0.3090827428467279,0.5218427181243896,0.10274243354797363
500,1.8,8.985600000000002,2.16,1,1,1,14,0.26523690337767664,0.32479130559275743,0.6031816005706787,0.12842774391174316
500,1.8,8.985600000000002,2.16,1,1,1,15,0.2663814543888966,0.28453082348535286,0.6317057609558105,0.11478900909423828
500,1.8,8.985600000000002,2.16,1,1,1,16,0.21978409386803163,0.2934007706660912,0.6561076641082764,0.1335759162902832
500,1.8,8.985600000000002,2.16,1,1,1,17,0.2392755111686373,0.3260435260374428,0.7166590690612793,0.1216886043548584
500,1.8,8.985600000000002,2.16,1,1,1,18,0.24908304643364965,0.3086489728613107,0.594139575958252,0.09488224983215332
500,1.8,8.985600000000002,2.16,1,1,1,19,0.22739513602536018,0.3073280621793781,0.6414186954498291,0.1265254020690918
500,1.8,8.985600000000002,2.16,1,1,1,20,0.24931545214522166,0.3355121749642531,0.5357129573822021,0.11015200614929199
500,1.8,8.985600000000002,2.16,1,1,1,21,0.298174037436813,0.29657681374621375,0.5034134387969971,0.11973190307617188
500,1.8,8.985600000000002,2.16,1,1,1,22,0.23553425082741278,0.34102862781076154,0.7558155059814453,0.12420344352722168
500,1.8,8.985600000000002,2.16,1,1,1,23,0.24966672328108463,0.2921122449347125,0.5352060794830322,0.11603903770446777
500,1.8,8.985600000000002,2.16,1,1,1,24,0.23877252399279608,0.3057646073703818,0.5151247978210449,0.1205894947052002
500,2.0,10.56,2.4,1,1,1,0,0.2867308169035871,0.4440820434899657,0.5682454109191895,0.09581375122070312
500,2.0,10.56,2.4,1,1,1,1,0.2865745801846478,0.34267751479620634,0.5572681427001953,0.11808061599731445
500,2.0,10.56,2.4,1,1,1,2,0.305732283499723,0.39580973840324496,0.683842658996582,0.1207878589630127
500,2.0,10.56,2.4,1,1,1,3,0.25016310706996236,0.4196932346763244,0.5711383819580078,0.12199592590332031
500,2.0,10.56,2.4,1,1,1,4,0.2778468088215012,0.3248540739795853,0.49126362800598145,0.12946343421936035
500,2.0,10.56,2.4,1,1,1,5,0.242682868183151,0.3524823162675953,0.5056774616241455,0.12254762649536133
500,2.0,10.56,2.4,1,1,1,6,0.2402968878534648,0.38932165916425066,0.48959922790527344,0.11646461486816406
500,2.0,10.56,2.4,1,1,1,7,0.28096161145231563,0.30409095125838204,0.5014264583587646,0.10043692588806152
500,2.0,10.56,2.4,1,1,1,8,0.2911216827385395,0.35220901452513514,0.6730623245239258,0.1287689208984375
500,2.0,10.56,2.4,1,1,1,9,0.30577991514486463,0.36735237474606086,0.6778335571289062,0.10358071327209473
500,2.0,10.56,2.4,1,1,1,10,0.2550978446650157,0.326444969040602,0.5858561992645264,0.0924222469329834
500,2.0,10.56,2.4,1,1,1,11,0.24613246518855222,0.48933329674881343,0.5160672664642334,0.1151430606842041
500,2.0,10.56,2.4,1,1,1,12,0.2611232969409438,0.32901200655175605,0.5312788486480713,0.11453866958618164
500,2.0,10.56,2.4,1,1,1,13,0.2619902739094797,0.33123625756825464,0.6153767108917236,0.10947656631469727
500,2.0,10.56,2.4,1,1,1,14,0.2637972612392337,0.31611551633987334,0.8073024749755859,0.14524149894714355
500,2.0,10.56,2.4,1,1,1,15,0.24299231513476222,0.34901640125713584,0.5598964691162109,0.12675070762634277
500,2.0,10.56,2.4,1,1,1,16,0.24690663396636292,0.362793226871148,0.5289623737335205,0.09505367279052734
500,2.0,10.56,2.4,1,1,1,17,0.265276024251785,0.3420155737918759,0.5364649295806885,0.10462474822998047
500,2.0,10.56,2.4,1,1,1,18,0.23721453187976124,0.3921163494026176,0.5890252590179443,0.10448122024536133
500,2.0,10.56,2.4,1,1,1,19,0.26285432929435004,0.3808490405289796,0.6795041561126709,0.14325809478759766
500,2.0,10.56,2.4,1,1,1,20,0.2961839771030232,0.3658364575061932,0.5577399730682373,0.09906411170959473
500,2.0,10.56,2.4,1,1,1,21,0.3033293031694158,0.3365352883458706,0.5262386798858643,0.11354684829711914
500,2.0,10.56,2.4,1,1,1,22,0.2703754792133143,0.36606720064721027,0.5363664627075195,0.10393548011779785
500,2.0,10.56,2.4,1,1,1,23,0.3134082892167678,0.36870320989414274,0.5076310634613037,0.12575078010559082
500,2.0,10.56,2.4,1,1,1,24,0.27247440585428767,0.3385795785249192,0.6285755634307861,0.12579917907714844
500,2.2,12.249600000000003,2.64,1,1,1,0,0.31683458355102556,0.361434183364682,0.6852517127990723,0.11646580696105957
500,2.2,12.249600000000003,2.64,1,1,1,1,0.3076809039027329,0.39235512024767005,0.5315749645233154,0.10104084014892578
500,2.2,12.249600000000003,2.64,1,1,1,2,0.3120466118514767,0.4199275011604672,0.5147497653961182,0.10526061058044434
500,2.2,12.249600000000003,2.64,1,1,1,3,0.31260973335615644,0.40418745024691716,0.5121903419494629,0.10449719429016113
500,2.2,12.249600000000003,2.64,1,1,1,4,0.3181061352249029,0.3902495552280971,0.5373537540435791,0.1059575080871582
500,2.2,12.249600000000003,2.64,1,1,1,5,0.35029084034099955,0.3777003725938381,0.6752252578735352,0.12619876861572266
500,2.2,12.249600000000003,2.64,1,1,1,6,0.33436669830412263,0.34238749028269405,0.5555672645568848,0.12424039840698242
500,2.2,12.249600000000003,2.64,1,1,1,7,0.30935490709677715,0.3733815922044951,0.5566558837890625,0.09733247756958008
500,2.2,12.249600000000003,2.64,1,1,1,8,0.35814456084807117,0.45474125092646667,0.5166575908660889,0.13257408142089844
500,2.2,12.249600000000003,2.64,1,1,1,9,0.30803149921114614,0.3310000732234066,0.543992280960083,0.12071776390075684
500,2.2,12.249600000000003,2.64,1,1,1,10,0.3093574323546539,0.3883857106929431,0.6936359405517578,0.1419062614440918
500,2.2,12.249600000000003,2.64,1,1,1,11,0.3106363701393623,0.348376064959965,0.5235412120819092,0.12031722068786621
500,2.2,12.249600000000003,2.64,1,1,1,12,0.3031982720084454,0.32580398157548696,0.5093114376068115,0.09916806221008301
500,2.2,12.249600000000003,2.64,1,1,1,13,0.331751486779349,0.40295035114142524,0.5184657573699951,0.10141301155090332
500,2.2,12.249600000000003,2.64,1,1,1,14,0.3107619724455745,0.3554850600014875,0.5243439674377441,0.1178131103515625
500,2.2,12.249600000000003,2.64,1,1,1,15,0.3076162538396173,0.4518549385206939,0.5409672260284424,0.12832903861999512
500,2.2,12.249600000000003,2.64,1,1,1,16,0.30112884596559514,0.35269733428292177,0.5989174842834473,0.13114666938781738
500,2.2,12.249600000000003,2.64,1,1,1,17,0.2742875454292304,0.3649792284672169,0.5655267238616943,0.09016919136047363
500,2.2,12.249600000000003,2.64,1,1,1,18,0.31519538403827513,0.38204113574347276,0.5043301582336426,0.13069772720336914
500,2.2,12.249600000000003,2.64,1,1,1,19,0.3182096075124369,0.3426410403596959,0.5049123764038086,0.11350727081298828
500,2.2,12.249600000000003,2.64,1,1,1,20,0.3240272558518584,0.4059267386556975,0.5042154788970947,0.11434364318847656
500,2.2,12.249600000000003,2.64,1,1,1,21,0.2936869488728495,0.35073395235343796,0.5783729553222656,0.12875580787658691
500,2.2,12.249600000000003,2.64,1,1,1,22,0.2972988917290059,0.42851976356581994,0.7233281135559082,0.1174921989440918
500,2.2,12.249600000000003,2.64,1,1,1,23,0.296252660775585,0.4064184252395144,0.5582716464996338,0.10752749443054199
500,2.2,12.249600000000003,2.64,1,1,1,24,0.36511367154099966,0.396373363846299,0.5164022445678711,0.10781359672546387
500,2.4000000000000004,14.054400000000005,2.8800000000000003,1,1,1,0,0.32316021181672566,0.4321678661346976,0.5825700759887695,0.09324312210083008
500,2.4000000000000004,14.054400000000005,2.8800000000000003,1,1,1,1,0.34727971041894673,0.4613323576444681,0.5504181385040283,0.11513638496398926
500,2.4000000000000004,14.054400000000005,2.8800000000000003,1,1,1,2,0.3340344674576669,0.4125189337373219,0.6637709140777588,0.10951662063598633
500,2.4000000000000004,14.054400000000005,2.8800000000000003,1,1,1,3,0.3597030824747538,0.6170016146920565,0.5020129680633545,0.09902548789978027
500,2.4000000000000004,14.054400000000005,2.8800000000000003,1,1,1,4,0.36737708474400455,0.5324720400901616,0.5791046619415283,0.10760736465454102
500,2.4000000000000004,14.054400000000005,2.8800000000000003,1,1,1,5,0.3606596185937721,0.4351431855614441,0.6067759990692139,0.12962722778320312
500,2.4000000000000004,14.054400000000005,2.8800000000000003,1,1,1,6,0.32966439159208094,0.3983234319367038,0.6374006271362305,0.12364792823791504
500,2.4000000000000004,14.054400000000005,2.8800000000000003,1,1,1,7,0.34597384443622353,0.37196960602005485,0.5910568237304688,0.11873388290405273
500,2.4000000000000004,14.054400000000005,2.8800000000000003,1,1,1,8,0.3538280571140765,0.44750191286543967,0.7126193046569824,0.12064003944396973
500,2.4000000000000004,14.054400000000005,2.8800000000000003,1,1,1,9,0.3246578886208662,0.4349921984235726,0.5373950004577637,0.11269283294677734
500,2.4000000000000004,14.054400000000005,2.8800000000000003,1,1,1,10,0.39127614201443955,0.3641405811971415,0.5136730670928955,0.12633562088012695
500,2.4000000000000004,14.054400000000005,2.8800000000000003,1,1,1,11,0.39507829771406544,0.4124351939018226,0.5440623760223389,0.10328364372253418
500,2.4000000000000004,14.054400000000005,2.8800000000000003,1,1,1,12,0.4556872716469211,0.46952103599224854,0.62587571144104,0.12363195419311523
500,2.4000000000000004,14.054400000000005,2.8800000000000003,1,1,1,13,0.33748495861659555,0.5088968366765348,0.703801155090332,0.14169597625732422
500,2.4000000000000004,14.054400000000005,2.8800000000000003,1,1,1,14,0.32384007089342715,0.4338876133707414,0.5330345630645752,0.10152816772460938
500,2.4000000000000004,14.054400000000005,2.8800000000000003,1,1,1,15,0.399405770644984,0.44562514548797877,0.534346342086792,0.11486649513244629
500,2.4000000000000004,14.054400000000005,2.8800000000000003,1,1,1,16,0.3391809547262689,0.3988232318439299,0.5764741897583008,0.09643840789794922
500,2.4000000000000004,14.054400000000005,2.8800000000000003,1,1,1,17,0.29257762807707816,0.4148096569080367,0.5670373439788818,0.09757423400878906
500,2.4000000000000004,14.054400000000005,2.8800000000000003,1,1,1,18,0.3543013041374121,0.44896333032665187,0.6303861141204834,0.1276097297668457
500,2.4000000000000004,14.054400000000005,2.8800000000000003,1,1,1,19,0.3469835461633068,0.43795551462662263,0.6408565044403076,0.13420343399047852
500,2.4000000000000004,14.054400000000005,2.8800000000000003,1,1,1,20,0.36627277584183787,0.4071275437633057,0.5118050575256348,0.11307978630065918
500,2.4000000000000004,14.054400000000005,2.8800000000000003,1,1,1,21,0.34382557446139317,0.4123685528589869,0.5355136394500732,0.11168217658996582
500,2.4000000000000004,14.054400000000005,2.8800000000000003,1,1,1,22,0.34362512780735643,0.49049958101360364,0.5647397041320801,0.09979534149169922
500,2.4000000000000004,14.054400000000005,2.8800000000000003,1,1,1,23,0.32767640566375383,0.38720815807231723,0.6297633647918701,0.13515639305114746
500,2.4000000000000004,14.054400000000005,2.8800000000000003,1,1,1,24,0.31485267024326413,0.40714992295483365,0.6485733985900879,0.1196296215057373
500,2.6,15.974400000000001,3.12,1,1,1,0,0.3991526353556632,0.5169476360796484,0.5607912540435791,0.11630463600158691
500,2.6,15.974400000000001,3.12,1,1,1,1,0.37733551578609004,0.46407690435319154,0.662041425704956,0.14197587966918945
500,2.6,15.974400000000001,3.12,1,1,1,2,0.3735548879515238,0.4979258662813282,0.7731177806854248,0.12101602554321289
500,2.6,15.974400000000001,3.12,1,1,1,3,0.36947425898951386,0.3970940190296545,0.5731110572814941,0.07841038703918457
500,2.6,15.974400000000001,3.12,1,1,1,4,0.3868873584986933,0.4491867300354872,0.6940758228302002,0.12429428100585938
500,2.6,15.974400000000001,3.12,1,1,1,5,0.3853178828044259,0.450005308059054,0.5258996486663818,0.10598635673522949
500,2.6,15.974400000000001,3.12,1,1,1,6,0.3478881232925009,0.4445193402533567,0.5309948921203613,0.11026382446289062
500,2.6,15.974400000000001,3.12,1,1,1,7,0.3977635123384858,0.41505673498670353,0.5411052703857422,0.10148239135742188
500,2.6,15.974400000000001,3.12,1,1,1,8,0.3513715100266877,0.4462926933603627,0.5626451969146729,0.09298014640808105
500,2.6,15.974400000000001,3.12,1,1,1,9,0.355028139928823,0.3894111736860272,0.7300748825073242,0.11237168312072754
500,2.6,15.974400000000001,3.12,1,1,1,10,0.3678050596786538,0.5075210636748524,0.5755581855773926,0.10899806022644043
500,2.6,15.974400000000001,3.12,1,1,1,11,0.41663963716795904,0.6183298414245206,0.5427935123443604,0.11142659187316895
500,2.6,15.974400000000001,3.12,1,1,1,12,0.35938781619643734,0.5955225572023437,0.5653772354125977,0.0985713005065918
500,2.6,15.974400000000001,3.12,1,1,1,13,0.4047917042595264,0.4774723777303012,0.6095161437988281,0.09161257743835449
500,2.6,15.974400000000001,3.12,1,1,1,14,0.34455171869511086,0.5312188974542199,0.5252687931060791,0.12302684783935547
500,2.6,15.974400000000001,3.12,1,1,1,15,0.3679480358085714,0.43678744957171317,0.6065678596496582,0.12493658065795898
500,2.6,15.974400000000001,3.12,1,1,1,16,0.4298851381191065,0.5272729514628794,0.5747287273406982,0.08417224884033203
500,2.6,15.974400000000001,3.12,1,1,1,17,0.390727072444273,0.4141104914123143,0.5086562633514404,0.10981273651123047
500,2.6,15.974400000000001,3.12,1,1,1,18,0.4067725078049089,0.44003525150075185,0.5282533168792725,0.10296392440795898
500,2.6,15.974400000000001,3.12,1,1,1,19,0.3351849250064986,0.5764489822116006,0.549384355545044,0.11354708671569824
500,2.6,15.974400000000001,3.12,1,1,1,20,0.39843933280990523,0.43856225690958617,0.612931489944458,0.12815093994140625
500,2.6,15.974400000000001,3.12,1,1,1,21,0.4498491551865363,0.4583068908510129,0.7343482971191406,0.14960336685180664
500,2.6,15.974400000000001,3.12,1,1,1,22,0.3940176782111399,0.4529132438451243,0.8027596473693848,0.19591474533081055
500,2.6,15.974400000000001,3.12,1,1,1,23,0.3828201742354739,0.4694744519644475,0.4877481460571289,0.11656522750854492
500,2.6,15.974400000000001,3.12,1,1,1,24,0.42697218882456284,0.4616551336461739,0.5055217742919922,0.09459304809570312
500,2.8000000000000003,18.009600000000002,3.3600000000000003,1,1,1,0,0.42196473229246534,0.6163350464527909,0.57161545753479,0.12562346458435059
500,2.8000000000000003,18.009600000000002,3.3600000000000003,1,1,1,1,0.4555645444912469,0.44896819267678717,0.6985526084899902,0.12796688079833984
500,2.8000000000000003,18.009600000000002,3.3600000000000003,1,1,1,2,0.5309132319792284,0.6393204421361207,0.5822770595550537,0.10732007026672363
500,2.8000000000000003,18.009600000000002,3.3600000000000003,1,1,1,3,0.4228226897388115,0.4905370957934776,0.57204270362854,0.11178016662597656
500,2.8000000000000003,18.009600000000002,3.3600000000000003,1,1,1,4,0.45482258861729596,0.4311966341645144,0.5285952091217041,0.11624717712402344
500,2.8000000000000003,18.009600000000002,3.3600000000000003,1,1,1,5,0.4352557836437337,0.519102767515013,0.5286924839019775,0.12768292427062988
500,2.8000000000000003,18.009600000000002,3.3600000000000003,1,1,1,6,0.4435924633760869,0.4727999211099768,0.6349184513092041,0.11727213859558105
500,2.8000000000000003,18.009600000000002,3.3600000000000003,1,1,1,7,0.49424646530900973,0.46903061928801415,0.5127730369567871,0.10086703300476074
500,2.8000000000000003,18.009600000000002,3.3600000000000003,1,1,1,8,0.4453974982377484,0.5538389057190929,0.6284737586975098,0.09724235534667969
500,2.8000000000000003,18.009600000000002,3.3600000000000003,1,1,1,9,0.45023200561763865,0.4576302675627023,0.4998157024383545,0.09161972999572754
500,2.8000000000000003,18.009600000000002,3.3600000000000003,1,1,1,10,0.40365318857986215,0.8115587371000046,0.5758864879608154,0.09338951110839844
500,2.8000000000000003,18.009600000000002,3.3600000000000003,1,1,1,11,0.42289291272059487,0.5907387237332397,0.6003222465515137,0.1416769027709961
500,2.8000000000000003,18.009600000000002,3.3600000000000003,1,1,1,12,0.4050749212578088,0.5286631043778341,0.6395196914672852,0.12832069396972656
500,2.8000000000000003,18.009600000000002,3.3600000000000003,1,1,1,13,0.4455394792258195,0.6219583177456107,0.529273509979248,0.10044169425964355
500,2.8000000000000003,18.009600000000002,3.3600000000000003,1,1,1,14,0.5125718345505725,0.6283142061984608,0.5645096302032471,0.09146976470947266
500,2.8000000000000003,18.009600000000002,3.3600000000000003,1,1,1,15,0.442758923044656,0.4752367894422208,0.5433757305145264,0.09642982482910156
500,2.8000000000000003,18.009600000000002,3.3600000000000003,1,1,1,16,0.3971751056832892,0.5005781843591164,0.6422848701477051,0.11251211166381836
500,2.8000000000000003,18.009600000000002,3.3600000000000003,1,1,1,17,0.48151089711808526,0.4573679208567062,0.7959260940551758,0.13195228576660156
500,2.8000000000000003,18.009600000000002,3.3600000000000003,1,1,1,18,0.396766389524503,0.4550521207987963,0.5440523624420166,0.10796904563903809
500,2.8000000000000003,18.009600000000002,3.3600000000000003,1,1,1,19,0.49126974494176806,0.5345762631094658,0.5320842266082764,0.09755396842956543
500,2.8000000000000003,18.009600000000002,3.3600000000000003,1,1,1,20,0.4073615246050093,0.5954756302773612,0.5077154636383057,0.09880542755126953
500,2.8000000000000003,18.009600000000002,3.3600000000000003,1,1,1,21,0.4434017045423048,0.4541179916791159,0.5745954513549805,0.10448813438415527
500,2.8000000000000003,18.009600000000002,3.3600000000000003,1,1,1,22,0.41806534388087885,0.4575374734388639,0.7325830459594727,0.13777828216552734
500,2.8000000000000003,18.009600000000002,3.3600000000000003,1,1,1,23,0.3711116990181898,0.5268545554790854,0.557459831237793,0.10253262519836426
500,2.8000000000000003,18.009600000000002,3.3600000000000003,1,1,1,24,0.3994301459380888,0.5053018694605248,0.5817484855651855,0.10018587112426758
500,3.0,20.159999999999997,3.5999999999999996,1,1,1,0,0.5250814310026402,0.609214831292021,0.5344979763031006,0.10850739479064941
500,3.0,20.159999999999997,3.5999999999999996,1,1,1,1,0.42213979188585693,0.4918899272967068,0.5501916408538818,0.09580802917480469
500,3.0,20.159999999999997,3.5999999999999996,1,1,1,2,0.5546457004272863,0.5223671198533678,0.5217704772949219,0.12496495246887207
500,3.0,20.159999999999997,3.5999999999999996,1,1,1,3,0.48824642235465165,0.5557042284513737,0.7216722965240479,0.13456153869628906
500,3.0,20.159999999999997,3.5999999999999996,1,1,1,4,0.48794449467056555,0.6741770491249344,0.5360324382781982,0.09693479537963867
500,3.0,20.159999999999997,3.5999999999999996,1,1,1,5,0.48036413022949154,0.7551891831657033,0.5268895626068115,0.10650420188903809
500,3.0,20.159999999999997,3.5999999999999996,1,1,1,6,0.5061821717807442,0.5952388343300273,0.600407600402832,0.08727025985717773
500,3.0,20.159999999999997,3.5999999999999996,1,1,1,7,0.43983633571229935,0.495093817905261,0.5687735080718994,0.09713387489318848
500,3.0,20.159999999999997,3.5999999999999996,1,1,1,8,0.49696977029559775,0.6477874679146434,0.6313755512237549,0.13961052894592285
500,3.0,20.159999999999997,3.5999999999999996,1,1,1,9,0.5071427836906417,0.5060482140948772,0.6022763252258301,0.10454273223876953
500,3.0,20.159999999999997,3.5999999999999996,1,1,1,10,0.4513040547473199,0.532968480571143,0.5761017799377441,0.0679633617401123
500,3.0,20.159999999999997,3.5999999999999996,1,1,1,11,0.6190153287944393,0.5225363927407543,0.5996229648590088,0.09553360939025879
500,3.0,20.159999999999997,3.5999999999999996,1,1,1,12,0.42530358979573746,0.6000280390676888,0.5955133438110352,0.12772250175476074
500,3.0,20.159999999999997,3.5999999999999996,1,1,1,13,0.44988556933160406,0.5825042157331889,0.6793944835662842,0.13569045066833496
500,3.0,20.159999999999997,3.5999999999999996,1,1,1,14,0.4597151190266735,0.5869417867045156,0.7003867626190186,0.12066102027893066
500,3.0,20.159999999999997,3.5999999999999996,1,1,1,15,0.5054222512753735,0.5311468772308401,0.5386395454406738,0.10049962997436523
500,3.0,20.159999999999997,3.5999999999999996,1,1,1,16,0.510474458545086,0.6341808765906808,0.5833067893981934,0.11535263061523438
500,3.0,20.159999999999997,3.5999999999999996,1,1,1,17,0.6272657176775408,0.55910299807066,0.5337235927581787,0.09756350517272949
500,3.0,20.159999999999997,3.5999999999999996,1,1,1,18,0.7288641867382397,0.7162941924841669,0.5762932300567627,0.09702515602111816
500,3.0,20.159999999999997,3.5999999999999996,1,1,1,19,0.44222688201719296,0.5475757282203646,0.6417708396911621,0.1430971622467041
500,3.0,20.159999999999997,3.5999999999999996,1,1,1,20,0.49190436673420057,0.6614301801778567,0.5900092124938965,0.10564875602722168
500,3.0,20.159999999999997,3.5999999999999996,1,1,1,21,0.6400669293348624,0.5565326030546938,0.5412085056304932,0.12717413902282715
500,3.0,20.159999999999997,3.5999999999999996,1,1,1,22,0.4595979405477788,0.5160715782964934,0.5404071807861328,0.11553120613098145
500,3.0,20.159999999999997,3.5999999999999996,1,1,1,23,0.45277280527480906,0.5317866970164552,0.5376532077789307,0.11511445045471191
500,3.0,20.159999999999997,3.5999999999999996,1,1,1,24,0.4610775308065252,0.5251597320908487,0.6063029766082764,0.11559867858886719
500,3.2,22.4256,3.84,1,1,1,0,2.8264644646995585,3.0052812704937515,0.6664690971374512,0.13457584381103516
500,3.2,22.4256,3.84,1,1,1,1,0.5704046699311079,0.5795533736944181,0.5019776821136475,0.10456132888793945
500,3.2,22.4256,3.84,1,1,1,2,0.5451105974245565,0.5890476654796774,0.5831212997436523,0.1124429702758789
500,3.2,22.4256,3.84,1,1,1,3,2.3709694786540996,0.7305645258879178,0.5751581192016602,0.11303853988647461
500,3.2,22.4256,3.84,1,1,1,4,2.8284062404157946,2.6875627415438075,0.5594830513000488,0.09547638893127441
500,3.2,22.4256,3.84,1,1,1,5,0.61415939179136,0.6111463713130746,0.6924006938934326,0.14032268524169922
500,3.2,22.4256,3.84,1,1,1,6,0.7448816324031533,0.6671967186953998,0.6227869987487793,0.09196352958679199
500,3.2,22.4256,3.84,1,1,1,7,0.5219053425983334,0.7299072596130991,0.653764009475708,0.1370699405670166
500,3.2,22.4256,3.84,1,1,1,8,1.1352078796781293,1.2119051687775129,0.6378920078277588,0.09766674041748047
500,3.2,22.4256,3.84,1,1,1,9,0.754279217528579,0.6245676723180217,0.5636608600616455,0.09513306617736816
500,3.2,22.4256,3.84,1,1,1,10,0.455621706288367,0.6814043958546541,0.6480729579925537,0.12307071685791016
500,3.2,22.4256,3.84,1,1,1,11,0.5165192914299943,0.6723282487947672,0.669602632522583,0.11978363990783691
500,3.2,22.4256,3.84,1,1,1,12,2.827290514708622,2.826399647961617,0.5734155178070068,0.09069681167602539
500,3.2,22.4256,3.84,1,1,1,13,0.5322270485905957,0.5554231614312859,0.5632879734039307,0.0930321216583252
500,3.2,22.4256,3.84,1,1,1,14,2.8003927280117864,1.2140020040758845,0.5588638782501221,0.08485126495361328
500,3.2,22.4256,3.84,1,1,1,15,0.5513850388178546,0.591460093684055,0.5651693344116211,0.09757351875305176
500,3.2,22.4256,3.84,1,1,1,16,0.5880468319419538,0.6727626432433799,0.745507001876831,0.1199946403503418
500,3.2,22.4256,3.84,1,1,1,17,2.800439362862126,1.4018674951843764,0.5878133773803711,0.10048842430114746
500,3.2,22.4256,3.84,1,1,1,18,2.684181819282085,1.6943078320173437,0.543163537979126,0.09363555908203125
500,3.2,22.4256,3.84,1,1,1,19,0.5069579019540333,0.599146505920546,0.5377750396728516,0.12365198135375977
500,3.2,22.4256,3.84,1,1,1,20,0.6106502248895437,0.6083457109174725,0.5831036567687988,0.10045838356018066
500,3.2,22.4256,3.84,1,1,1,21,0.7942760710303618,0.7636164066617149,0.5974113941192627,0.13796162605285645
500,3.2,22.4256,3.84,1,1,1,22,0.6200235606519882,0.6411485198210399,0.6955039501190186,0.09653615951538086
500,3.2,22.4256,3.84,1,1,1,23,0.7723322788143067,0.7489420700443445,0.5058245658874512,0.11869645118713379
500,3.2,22.4256,3.84,1,1,1,24,2.8280573951494845,1.5623712051052607,0.5368673801422119,0.1123504638671875
500,3.4000000000000004,24.8064,4.08,1,1,1,0,2.82783750704838,2.2820289221259626,0.5401818752288818,0.10254573822021484
500,3.4000000000000004,24.8064,4.08,1,1,1,1,2.8243690272260817,2.958032547156566,0.5053651332855225,0.10168957710266113
500,3.4000000000000004,24.8064,4.08,1,1,1,2,2.825180338219297,3.1965318306830977,0.7319717407226562,0.14384841918945312
500,3.4000000000000004,24.8064,4.08,1,1,1,3,0.9995097927304185,0.7616141830969981,0.752781867980957,0.13567256927490234
500,3.4000000000000004,24.8064,4.08,1,1,1,4,0.6088400733714452,0.6898562112235688,0.5587220191955566,0.09948873519897461
500,3.4000000000000004,24.8064,4.08,1,1,1,5,2.821463187208005,2.8549230498955076,0.5600168704986572,0.10149669647216797
500,3.4000000000000004,24.8064,4.08,1,1,1,6,2.8281627160094915,3.515539708119243,0.5469048023223877,0.11173200607299805
500,3.4000000000000004,24.8064,4.08,1,1,1,7,0.9359116270255661,0.9046774848967207,0.579902172088623,0.13003873825073242
500,3.4000000000000004,24.8064,4.08,1,1,1,8,2.828212872713296,2.7436403414953823,0.6837778091430664,0.10246586799621582
500,3.4000000000000004,24.8064,4.08,1,1,1,9,2.8283301542830066,4.390612442192811,0.5146067142486572,0.12968850135803223
500,3.4000000000000004,24.8064,4.08,1,1,1,10,2.828360050805589,1.996024603486109,0.5250246524810791,0.11763930320739746
500,3.4000000000000004,24.8064,4.08,1,1,1,11,0.5996804531403129,0.828393351786762,0.5184462070465088,0.11461639404296875
500,3.4000000000000004,24.8064,4.08,1,1,1,12,2.828418319417469,4.941551578159191,0.5423202514648438,0.12624645233154297
500,3.4000000000000004,24.8064,4.08,1,1,1,13,2.170788265894018,1.0220838436778026,0.7213046550750732,0.1340339183807373
500,3.4000000000000004,24.8064,4.08,1,1,1,14,0.8074061542599751,0.8617954248096201,0.5609159469604492,0.09259867668151855
500,3.4000000000000004,24.8064,4.08,1,1,1,15,2.828306559485573,3.5963163550356314,0.5646965503692627,0.09657692909240723
500,3.4000000000000004,24.8064,4.08,1,1,1,16,0.6749258343223342,0.6128683846585847,0.5432813167572021,0.11651849746704102
500,3.4000000000000004,24.8064,4.08,1,1,1,17,2.828425808256785,4.504034549824586,0.5969271659851074,0.10154008865356445
500,3.4000000000000004,24.8064,4.08,1,1,1,18,0.926568930811688,0.6894168670267625,0.5895082950592041,0.1373741626739502
500,3.4000000000000004,24.8064,4.08,1,1,1,19,2.82839524162693,5.076661291212823,0.6090242862701416,0.13097572326660156
500,3.4000000000000004,24.8064,4.08,1,1,1,20,2.8267329945720467,2.236515667811695,0.5267353057861328,0.11942267417907715
500,3.4000000000000004,24.8064,4.08,1,1,1,21,2.8186106024711393,2.877377860128089,0.5280122756958008,0.09748554229736328
500,3.4000000000000004,24.8064,4.08,1,1,1,22,2.824082675149017,2.282656535745876,0.5138027667999268,0.10849332809448242
500,3.4000000000000004,24.8064,4.08,1,1,1,23,2.8284146238655854,4.06147953910381,0.608710527420044,0.13825345039367676
500,3.4000000000000004,24.8064,4.08,1,1,1,24,2.82778749848995,3.311735527871289,0.6666615009307861,0.0970468521118164
500,3.6,27.302400000000002,4.32,1,1,1,0,2.8283219203036607,1.8564087757712995,0.5089824199676514,0.1163938045501709
500,3.6,27.302400000000002,4.32,1,1,1,1,2.8284265122295316,4.082321685645775,0.5222232341766357,0.10949516296386719
500,3.6,27.302400000000002,4.32,1,1,1,2,2.8284204738640817,3.9487076107124115,0.5147905349731445,0.09471654891967773
500,3.6,27.302400000000002,4.32,1,1,1,3,2.828400899584148,3.2504455027535495,0.5359725952148438,0.10300564765930176
500,3.6,27.302400000000002,4.32,1,1,1,4,0.7942843562590679,0.6463081787142606,0.7355387210845947,0.13160967826843262
500,3.6,27.302400000000002,4.32,1,1,1,5,2.827348545107476,2.9875804243481547,0.5732095241546631,0.10023760795593262
500,3.6,27.302400000000002,4.32,1,1,1,6,1.0110714512535517,0.8671479102913272,0.5302248001098633,0.10765862464904785
500,3.6,27.302400000000002,4.32,1,1,1,7,2.828043242425447,4.873976775085905,0.5454065799713135,0.07345366477966309
500,3.6,27.302400000000002,4.32,1,1,1,8,2.8284080984125977,4.142715008811264,0.5443301200866699,0.11658191680908203
500,3.6,27.302400000000002,4.32,1,1,1,9,2.809568714313566,1.6011253169177642,0.612433910369873,0.12798571586608887
500,3.6,27.302400000000002,4.32,1,1,1,10,2.1687161363309646,1.9206713330655756,0.7110209465026855,0.1237187385559082
500,3.6,27.302400000000002,4.32,1,1,1,11,2.8253119602220442,1.8312170050834744,0.5447895526885986,0.11194825172424316
500,3.6,27.302400000000002,4.32,1,1,1,12,0.857071885955993,0.6266455540295635,0.5577504634857178,0.12177371978759766
500,3.6,27.302400000000002,4.32,1,1,1,13,2.7888269661622966,2.4269758624421174,0.5762124061584473,0.10519671440124512
500,3.6,27.302400000000002,4.32,1,1,1,14,2.8283170576356316,3.655174949535729,0.5713574886322021,0.12061047554016113
500,3.6,27.302400000000002,4.32,1,1,1,15,2.8282977151583135,2.86820277829413,0.6097760200500488,0.11825990676879883
500,3.6,27.302400000000002,4.32,1,1,1,16,2.828426332388559,4.134836024382685,0.6181001663208008,0.10880827903747559
500,3.6,27.302400000000002,4.32,1,1,1,17,2.826047920497664,1.6634897492861593,0.5438237190246582,0.10490655899047852
500,3.6,27.302400000000002,4.32,1,1,1,18,2.8284263549299413,3.603274615982597,0.5857069492340088,0.13229894638061523
500,3.6,27.302400000000002,4.32,1,1,1,19,2.8284014753245,3.2243822586694666,0.6509103775024414,0.12321186065673828
500,3.6,27.302400000000002,4.32,1,1,1,20,1.1586407774469931,0.7682987963390386,0.6891958713531494,0.12044048309326172
500,3.6,27.302400000000002,4.32,1,1,1,21,2.8284244732275954,4.513455626069996,0.5936446189880371,0.09152722358703613
500,3.6,27.302400000000002,4.32,1,1,1,22,2.8284213222458097,2.519055783393798,0.5560462474822998,0.1165308952331543
500,3.6,27.302400000000002,4.32,1,1,1,23,2.826915232720555,1.8780573114883778,0.5363686084747314,0.10129189491271973
500,3.6,27.302400000000002,4.32,1,1,1,24,2.8284032357827305,2.9897309195808477,0.5306899547576904,0.13312363624572754
500,3.8000000000000003,29.913600000000006,4.5600000000000005,1,1,1,0,2.8284165239691132,3.9685443453076847,0.5218765735626221,0.09939217567443848
500,3.8000000000000003,29.913600000000006,4.5600000000000005,1,1,1,1,2.828416323971485,4.567168990943265,0.6713535785675049,0.12453126907348633
500,3.8000000000000003,29.913600000000006,4.5600000000000005,1,1,1,2,2.8284257587771253,4.371964894562626,0.5122411251068115,0.11869430541992188
500,3.8000000000000003,29.913600000000006,4.5600000000000005,1,1,1,3,2.828426342644089,3.651663686109144,0.5186042785644531,0.10646820068359375
500,3.8000000000000003,29.913600000000006,4.5600000000000005,1,1,1,4,2.828333643341359,3.4019348495191375,0.5715663433074951,0.11151647567749023
500,3.8000000000000003,29.913600000000006,4.5600000000000005,1,1,1,5,2.828330204468843,3.7803504689065868,0.4875049591064453,0.1013495922088623
500,3.8000000000000003,29.913600000000006,4.5600000000000005,1,1,1,6,2.828395967317897,3.850106315730265,0.5522680282592773,0.12795710563659668
500,3.8000000000000003,29.913600000000006,4.5600000000000005,1,1,1,7,2.8283958290909355,3.6786392081720414,0.6679441928863525,0.1302802562713623
500,3.8000000000000003,29.913600000000006,4.5600000000000005,1,1,1,8,2.828411089289583,3.7835687859779377,0.5140573978424072,0.09944319725036621
500,3.8000000000000003,29.913600000000006,4.5600000000000005,1,1,1,9,2.8284246227176313,3.7488047738116634,0.5050101280212402,0.11422324180603027
500,3.8000000000000003,29.913600000000006,4.5600000000000005,1,1,1,10,2.8267719087364123,2.190799899042953,0.5377368927001953,0.11002874374389648
500,3.8000000000000003,29.913600000000006,4.5600000000000005,1,1,1,11,2.8284242249343756,3.7344525477310673,0.4897592067718506,0.1096646785736084
500,3.8000000000000003,29.913600000000006,4.5600000000000005,1,1,1,12,2.828161428395969,3.2900711975301187,0.6658542156219482,0.1487119197845459
500,3.8000000000000003,29.913600000000006,4.5600000000000005,1,1,1,13,2.8283710431903537,2.9124040051782307,0.5409657955169678,0.10245227813720703
500,3.8000000000000003,29.913600000000006,4.5600000000000005,1,1,1,14,2.828425739477334,4.197962091934809,0.6523573398590088,0.10658860206604004
500,3.8000000000000003,29.913600000000006,4.5600000000000005,1,1,1,15,2.813461270347457,1.5033856188684165,0.6893346309661865,0.12356448173522949
500,3.8000000000000003,29.913600000000006,4.5600000000000005,1,1,1,16,2.8284183144321333,3.3097989259746208,0.5588643550872803,0.09865975379943848
500,3.8000000000000003,29.913600000000006,4.5600000000000005,1,1,1,17,2.8283802784312364,4.042256407483323,0.6308062076568604,0.12766122817993164
500,3.8000000000000003,29.913600000000006,4.5600000000000005,1,1,1,18,2.8252220359353872,3.1069060323140327,0.5800793170928955,0.1145634651184082
500,3.8000000000000003,29.913600000000006,4.5600000000000005,1,1,1,19,2.82823688333605,4.91623230961606,0.5164680480957031,0.0996236801147461
500,3.8000000000000003,29.913600000000006,4.5600000000000005,1,1,1,20,2.8284189643256386,3.9822810342066615,0.5150656700134277,0.11163711547851562
500,3.8000000000000003,29.913600000000006,4.5600000000000005,1,1,1,21,2.828427123784793,4.024933372325156,0.5206794738769531,0.12597107887268066
500,3.8000000000000003,29.913600000000006,4.5600000000000005,1,1,1,22,2.828417116683436,4.565238200483522,0.5257315635681152,0.11866140365600586
500,3.8000000000000003,29.913600000000006,4.5600000000000005,1,1,1,23,2.8283852953822857,3.9378678821196322,0.617974042892456,0.1440582275390625
500,3.8000000000000003,29.913600000000006,4.5600000000000005,1,1,1,24,2.828039632959756,2.7284182711092853,0.5061254501342773,0.10065126419067383
500,4.0,32.64,4.8,1,1,1,0,2.828160762702007,3.905100184642146,0.5435090065002441,0.09561514854431152
500,4.0,32.64,4.8,1,1,1,1,2.8284235851526986,4.5083587776074845,0.5001177787780762,0.09958028793334961
500,4.0,32.64,4.8,1,1,1,2,2.8284271196158084,4.612242228561764,0.52614426612854,0.10750627517700195
500,4.0,32.64,4.8,1,1,1,3,2.8279965956478432,3.7520165304980067,0.6092677116394043,0.10277152061462402
500,4.0,32.64,4.8,1,1,1,4,2.828427089512359,3.1372667159028604,0.7501046657562256,0.11864972114562988
500,4.0,32.64,4.8,1,1,1,5,2.8284255717709645,5.071656624365313,0.5631279945373535,0.1125178337097168
500,4.0,32.64,4.8,1,1,1,6,2.828427123402127,4.213981932339335,0.5618741512298584,0.11805248260498047
500,4.0,32.64,4.8,1,1,1,7,2.82841115512974,3.477819968721869,0.5621998310089111,0.10059380531311035
500,4.0,32.64,4.8,1,1,1,8,2.8283421887778513,3.9946560305599683,0.5109226703643799,0.11773872375488281
500,4.0,32.64,4.8,1,1,1,9,2.8284247947050423,4.190666511388967,0.676849365234375,0.1592731475830078
500,4.0,32.64,4.8,1,1,1,10,2.8284233606715756,3.426472862953561,0.781761884689331,0.11363077163696289
500,4.0,32.64,4.8,1,1,1,11,2.8284152847066,5.587651525779705,0.5540904998779297,0.09444379806518555
500,4.0,32.64,4.8,1,1,1,12,2.8284269170611767,3.8802524221764916,0.5785510540008545,0.10343766212463379
500,4.0,32.64,4.8,1,1,1,13,2.82840926532686,4.55432212134546,0.5579707622528076,0.1119694709777832
500,4.0,32.64,4.8,1,1,1,14,2.8284169771911403,4.409756410144834,0.7262437343597412,0.12065553665161133
500,4.0,32.64,4.8,1,1,1,15,2.8284245157092087,4.032880038027641,0.5937521457672119,0.08952450752258301
500,4.0,32.64,4.8,1,1,1,16,2.828225788520878,4.5251591453092805,0.5061702728271484,0.10348200798034668
500,4.0,32.64,4.8,1,1,1,17,2.828405710904894,3.7500017128881473,0.5285830497741699,0.12375140190124512
500,4.0,32.64,4.8,1,1,1,18,2.8284228274291356,4.125342570331168,0.577669620513916,0.1001286506652832
500,4.0,32.64,4.8,1,1,1,19,2.8284172537233445,4.521424642848139,0.5499119758605957,0.1272876262664795
500,4.0,32.64,4.8,1,1,1,20,2.8284262835439162,4.545776399258809,0.6391777992248535,0.13353466987609863
500,4.0,32.64,4.8,1,1,1,21,2.8284256576701874,4.3366657357961325,0.5451650619506836,0.1100466251373291
500,4.0,32.64,4.8,1,1,1,22,2.828426059492814,3.694181264867354,0.5398564338684082,0.10219335556030273
500,4.0,32.64,4.8,1,1,1,23,2.8284255321461407,3.610451599550254,0.513502836227417,0.11840653419494629
500,4.0,32.64,4.8,1,1,1,24,2.8281321339768524,4.1307518202137254,0.5074071884155273,0.12917423248291016
500,4.2,35.4816,5.04,1,1,1,0,2.8284072087300673,3.881933221682306,0.7515006065368652,0.11455965042114258
500,4.2,35.4816,5.04,1,1,1,1,2.8283923815454326,5.169645844563095,0.5116524696350098,0.11422348022460938
500,4.2,35.4816,5.04,1,1,1,2,2.8284255812379966,5.260021835638449,0.5323529243469238,0.10282230377197266
500,4.2,35.4816,5.04,1,1,1,3,2.828412587509013,4.9456693556810185,0.5397827625274658,0.1015777587890625
500,4.2,35.4816,5.04,1,1,1,4,2.8279458914299607,3.4246282804385046,0.5369584560394287,0.10520315170288086
500,4.2,35.4816,5.04,1,1,1,5,2.82837290404574,3.9329527243051903,0.6230576038360596,0.1456317901611328
500,4.2,35.4816,5.04,1,1,1,6,2.8284141326693923,3.832018735165668,0.6922905445098877,0.12519478797912598
500,4.2,35.4816,5.04,1,1,1,7,2.828320832674236,2.805738544443688,0.5460295677185059,0.10293793678283691
500,4.2,35.4816,5.04,1,1,1,8,2.8284179842603354,4.38742596637311,0.5884232521057129,0.08954596519470215
500,4.2,35.4816,5.04,1,1,1,9,2.8283513518780046,3.580297588564586,0.569739818572998,0.1213991641998291
500,4.2,35.4816,5.04,1,1,1,10,2.828423796966159,4.655720736160346,0.5271346569061279,0.09466671943664551
500,4.2,35.4816,5.04,1,1,1,11,2.8284271240832415,4.177449706201042,0.6351485252380371,0.1241464614868164
500,4.2,35.4816,5.04,1,1,1,12,2.8284101157007147,4.683824809526923,0.6099672317504883,0.10623979568481445
500,4.2,35.4816,5.04,1,1,1,13,2.8284237402468633,4.318518417830361,0.5471422672271729,0.11361289024353027
500,4.2,35.4816,5.04,1,1,1,14,2.8284160358992163,4.1375181681000095,0.519686222076416,0.11907100677490234
500,4.2,35.4816,5.04,1,1,1,15,2.828352406454132,4.634250108336016,0.556835412979126,0.10112333297729492
500,4.2,35.4816,5.04,1,1,1,16,2.8283801528080974,4.665408612731985,0.6207997798919678,0.10903501510620117
500,4.2,35.4816,5.04,1,1,1,17,2.82821541481951,4.935102649542339,0.6494486331939697,0.15328335762023926
500,4.2,35.4816,5.04,1,1,1,18,2.828425599919281,3.672556418039117,0.5002841949462891,0.11453962326049805
500,4.2,35.4816,5.04,1,1,1,19,2.8284267623133506,4.139246256054926,0.5186424255371094,0.10761642456054688
500,4.2,35.4816,5.04,1,1,1,20,2.8283857165895725,5.595082826483566,0.49305176734924316,0.11201667785644531
500,4.2,35.4816,5.04,1,1,1,21,2.828423631080184,4.041845424996706,0.5029215812683105,0.12265563011169434
500,4.2,35.4816,5.04,1,1,1,22,2.828419299031426,4.02012593545557,0.6232988834381104,0.11954379081726074
500,4.2,35.4816,5.04,1,1,1,23,2.8282831753171664,3.288769968516393,0.6454391479492188,0.10552024841308594
500,4.2,35.4816,5.04,1,1,1,24,2.8284270029324388,5.305262331734867,0.5721442699432373,0.10094189643859863
500,4.4,38.4384,5.28,1,1,1,0,2.8284163360017107,4.551823084891377,0.5601775646209717,0.1393113136291504
500,4.4,38.4384,5.28,1,1,1,1,2.8284261314621486,4.974059822592933,0.6556766033172607,0.11865448951721191
500,4.4,38.4384,5.28,1,1,1,2,2.8284271208979304,4.01787982247231,0.7184338569641113,0.12364840507507324
500,4.4,38.4384,5.28,1,1,1,3,2.828427100628132,3.956286952511246,0.5843508243560791,0.10447382926940918
500,4.4,38.4384,5.28,1,1,1,4,2.828426842690649,4.004417050414246,0.5510694980621338,0.09716653823852539
500,4.4,38.4384,5.28,1,1,1,5,2.828420009393868,4.163734019654925,0.5489091873168945,0.11356186866760254
500,4.4,38.4384,5.28,1,1,1,6,2.8284269267379814,3.7130971530381496,0.5362675189971924,0.1276392936706543
500,4.4,38.4384,5.28,1,1,1,7,2.828423626597499,4.482242628704911,0.5489957332611084,0.10422420501708984
500,4.4,38.4384,5.28,1,1,1,8,2.8284267153273994,4.064443500459256,0.6960928440093994,0.1298973560333252
500,4.4,38.4384,5.28,1,1,1,9,2.8284137330543797,4.779051155230325,0.5294055938720703,0.10446572303771973
500,4.4,38.4384,5.28,1,1,1,10,2.828407585990892,3.7797866063513315,0.5640990734100342,0.10422325134277344
500,4.4,38.4384,5.28,1,1,1,11,2.8284153445399083,4.281474571046395,0.5322709083557129,0.11264681816101074
500,4.4,38.4384,5.28,1,1,1,12,2.828405007215257,5.026288891915268,0.5613040924072266,0.10659956932067871
500,4.4,38.4384,5.28,1,1,1,13,2.8284078908462438,3.839311673625322,0.6545548439025879,0.11263656616210938
500,4.4,38.4384,5.28,1,1,1,14,2.8283865470947824,4.438567118015559,0.709801197052002,0.12862801551818848
500,4.4,38.4384,5.28,1,1,1,15,2.82840271911545,4.2045861479467606,0.6151058673858643,0.09996891021728516
500,4.4,38.4384,5.28,1,1,1,16,2.8284269480774653,4.2400419784528465,0.5825631618499756,0.09012079238891602
500,4.4,38.4384,5.28,1,1,1,17,2.828427080407453,5.098922027519039,0.5838584899902344,0.10457277297973633
500,4.4,38.4384,5.28,1,1,1,18,2.8283876313646408,5.128286317355504,0.6016020774841309,0.1036233901977539
500,4.4,38.4384,5.28,1,1,1,19,2.8284271224121076,4.835382966227083,0.7128884792327881,0.11837983131408691
500,4.4,38.4384,5.28,1,1,1,20,2.8284237182701366,5.176069496043114,0.5522792339324951,0.10427546501159668
500,4.4,38.4384,5.28,1,1,1,21,2.8283799264692595,4.744144167666509,0.6071374416351318,0.1198110580444336
500,4.4,38.4384,5.28,1,1,1,22,2.8284222455671455,5.397528664343278,0.6642823219299316,0.12833166122436523
500,4.4,38.4384,5.28,1,1,1,23,2.82839605642265,4.121644474683285,0.5625820159912109,0.10309243202209473
500,4.4,38.4384,5.28,1,1,1,24,2.828426444377795,4.829945378378819,0.7609422206878662,0.1366729736328125
500,4.6000000000000005,41.510400000000004,5.5200000000000005,1,1,1,0,2.828424766435194,4.395426412915927,0.5122499465942383,0.09564995765686035
500,4.6000000000000005,41.510400000000004,5.5200000000000005,1,1,1,1,2.828411351832137,5.053370935130412,0.5217463970184326,0.11618685722351074
500,4.6000000000000005,41.510400000000004,5.5200000000000005,1,1,1,2,2.82841918090724,4.367318139097793,0.5375993251800537,0.09357237815856934
500,4.6000000000000005,41.510400000000004,5.5200000000000005,1,1,1,3,2.8284240957089173,4.320422530371776,0.5229067802429199,0.10158753395080566
500,4.6000000000000005,41.510400000000004,5.5200000000000005,1,1,1,4,2.82842145219789,4.688517565611937,0.5996890068054199,0.1251668930053711
500,4.6000000000000005,41.510400000000004,5.5200000000000005,1,1,1,5,2.828397726998376,4.211721891824299,0.7170083522796631,0.12319326400756836
500,4.6000000000000005,41.510400000000004,5.5200000000000005,1,1,1,6,2.8284128054833064,3.7809154818250668,0.5765986442565918,0.10008645057678223
500,4.6000000000000005,41.510400000000004,5.5200000000000005,1,1,1,7,2.82841057570327,4.363193195272478,0.5064780712127686,0.1113736629486084
500,4.6000000000000005,41.510400000000004,5.5200000000000005,1,1,1,8,2.8282516350743476,4.2590862073092906,0.5172626972198486,0.11776947975158691
500,4.6000000000000005,41.510400000000004,5.5200000000000005,1,1,1,9,2.828424843447919,5.7166515837738165,0.5043191909790039,0.10744547843933105
500,4.6000000000000005,41.510400000000004,5.5200000000000005,1,1,1,10,2.8284264008411446,5.04620666704179,0.6634860038757324,0.12812089920043945
500,4.6000000000000005,41.510400000000004,5.5200000000000005,1,1,1,11,2.8284174894558554,3.760018312633687,0.629828691482544,0.09878778457641602
500,4.6000000000000005,41.510400000000004,5.5200000000000005,1,1,1,12,2.8284170258950287,4.501537084802018,0.5283172130584717,0.09973907470703125
500,4.6000000000000005,41.510400000000004,5.5200000000000005,1,1,1,13,2.82840169760042,4.983984561701429,0.5299844741821289,0.10150456428527832
500,4.6000000000000005,41.510400000000004,5.5200000000000005,1,1,1,14,2.8284254112720464,4.4389501275576215,0.5914947986602783,0.10514402389526367
500,4.6000000000000005,41.510400000000004,5.5200000000000005,1,1,1,15,2.8284263391678612,4.759121325158213,0.5971901416778564,0.10738110542297363
500,4.6000000000000005,41.510400000000004,5.5200000000000005,1,1,1,16,2.8284115058420953,3.877305078764431,0.7380862236022949,0.1353747844696045
500,4.6000000000000005,41.510400000000004,5.5200000000000005,1,1,1,17,2.828341470307798,4.240458287871763,0.6121170520782471,0.1250755786895752
500,4.6000000000000005,41.510400000000004,5.5200000000000005,1,1,1,18,2.828421640840792,4.38775594352396,0.543184757232666,0.11577582359313965
500,4.6000000000000005,41.510400000000004,5.5200000000000005,1,1,1,19,2.828335692483512,4.592647074993065,0.5447349548339844,0.09030008316040039
500,4.6000000000000005,41.510400000000004,5.5200000000000005,1,1,1,20,2.82836981857942,5.329665219188306,0.5512282848358154,0.11758160591125488
500,4.6000000000000005,41.510400000000004,5.5200000000000005,1,1,1,21,2.8284050793940723,5.478946831595797,0.7095553874969482,0.11935758590698242
500,4.6000000000000005,41.510400000000004,5.5200000000000005,1,1,1,22,2.8283953891159297,4.136914617703335,0.5726723670959473,0.10010123252868652
500,4.6000000000000005,41.510400000000004,5.5200000000000005,1,1,1,23,2.828424994920544,3.720920017025912,0.5403497219085693,0.10147380828857422
500,4.6000000000000005,41.510400000000004,5.5200000000000005,1,1,1,24,2.8284259555377584,4.673129134226604,0.5728745460510254,0.09845781326293945
500,4.800000000000001,44.69760000000001,5.760000000000001,1,1,1,0,2.8284258520183707,4.535940195120545,0.5795657634735107,0.0875556468963623
500,4.800000000000001,44.69760000000001,5.760000000000001,1,1,1,1,2.82842060657949,5.343407612023325,0.7133958339691162,0.15557074546813965
500,4.800000000000001,44.69760000000001,5.760000000000001,1,1,1,2,2.8284124590893494,5.774437479939186,0.6529293060302734,0.11049413681030273
500,4.800000000000001,44.69760000000001,5.760000000000001,1,1,1,3,2.8284242909861406,5.596475448167748,0.5486092567443848,0.10623908042907715
500,4.800000000000001,44.69760000000001,5.760000000000001,1,1,1,4,2.828427122828673,3.900311500443312,0.4958031177520752,0.09736084938049316
500,4.800000000000001,44.69760000000001,5.760000000000001,1,1,1,5,2.8284270088401464,4.188075572875826,0.5671651363372803,0.08975601196289062
500,4.800000000000001,44.69760000000001,5.760000000000001,1,1,1,6,2.8283565830206725,5.502054490918505,0.5406801700592041,0.08569097518920898
500,4.800000000000001,44.69760000000001,5.760000000000001,1,1,1,7,2.8284162850834096,3.625847521034958,0.6081762313842773,0.11459136009216309
500,4.800000000000001,44.69760000000001,5.760000000000001,1,1,1,8,2.8284225513491386,4.8274023070701535,0.6367459297180176,0.13616561889648438
500,4.800000000000001,44.69760000000001,5.760000000000001,1,1,1,9,2.8283951501732574,4.792228112481183,0.5178568363189697,0.09539794921875
500,4.800000000000001,44.69760000000001,5.760000000000001,1,1,1,10,2.828423924029226,3.9185592321059084,0.5523726940155029,0.10751199722290039
500,4.800000000000001,44.69760000000001,5.760000000000001,1,1,1,11,2.828426846860885,4.755284139810758,0.5791854858398438,0.08776283264160156
500,4.800000000000001,44.69760000000001,5.760000000000001,1,1,1,12,2.828425957462273,4.993752704308881,0.6478104591369629,0.11230254173278809
500,4.800000000000001,44.69760000000001,5.760000000000001,1,1,1,13,2.8284122363802586,4.542992696126041,0.7197825908660889,0.16733503341674805
500,4.800000000000001,44.69760000000001,5.760000000000001,1,1,1,14,2.8284266490226986,4.057782377326006,0.5687782764434814,0.10014629364013672
500,4.800000000000001,44.69760000000001,5.760000000000001,1,1,1,15,2.82842692761636,5.005197722917173,0.6263320446014404,0.09392142295837402
500,4.800000000000001,44.69760000000001,5.760000000000001,1,1,1,16,2.828410361548317,4.880851940620101,0.6326375007629395,0.09615659713745117
500,4.800000000000001,44.69760000000001,5.760000000000001,1,1,1,17,2.8284270805049876,4.309069804235501,0.5525202751159668,0.09609317779541016
500,4.800000000000001,44.69760000000001,5.760000000000001,1,1,1,18,2.828427108502397,4.8305344191884245,0.7175657749176025,0.16165757179260254
500,4.800000000000001,44.69760000000001,5.760000000000001,1,1,1,19,2.828423807833084,4.619895592459974,0.5634710788726807,0.09755611419677734
500,4.800000000000001,44.69760000000001,5.760000000000001,1,1,1,20,2.8283948719965837,4.934455774347269,0.5471670627593994,0.10628676414489746
500,4.800000000000001,44.69760000000001,5.760000000000001,1,1,1,21,2.828409787222993,4.305965605688985,0.5566043853759766,0.09450292587280273
500,4.800000000000001,44.69760000000001,5.760000000000001,1,1,1,22,2.828426287181728,4.594158941706419,0.5592029094696045,0.11422991752624512
500,4.800000000000001,44.69760000000001,5.760000000000001,1,1,1,23,2.8284263118110613,4.839122012641047,0.6274745464324951,0.13823151588439941
500,4.800000000000001,44.69760000000001,5.760000000000001,1,1,1,24,2.828425437302583,4.21099936261154,0.6527659893035889,0.12964653968811035
500,5.0,48.0,6.0,1,1,1,0,2.8283374905165215,4.834704351581468,0.4947173595428467,0.11082768440246582
500,5.0,48.0,6.0,1,1,1,1,2.828424670909172,4.103039124867955,0.49141502380371094,0.10205364227294922
500,5.0,48.0,6.0,1,1,1,2,2.8284249898761558,4.4474505907280495,0.5089099407196045,0.11552715301513672
500,5.0,48.0,6.0,1,1,1,3,2.8284270006342545,4.3018645679659056,0.5056924819946289,0.10866665840148926
500,5.0,48.0,6.0,1,1,1,4,2.8284268294729427,5.394933249627739,0.7069487571716309,0.11467552185058594
500,5.0,48.0,6.0,1,1,1,5,2.8284238381385647,4.900691069560679,0.5840282440185547,0.10180473327636719
500,5.0,48.0,6.0,1,1,1,6,2.828420046521555,4.568759685338753,0.5011141300201416,0.11415553092956543
500,5.0,48.0,6.0,1,1,1,7,2.8284136866702947,4.3932370178477385,0.6100094318389893,0.12035131454467773
500,5.0,48.0,6.0,1,1,1,8,2.828405627740665,4.4218037442107025,0.6798207759857178,0.11859011650085449
500,5.0,48.0,6.0,1,1,1,9,2.828426971998937,4.36434367622478,0.5910766124725342,0.11752843856811523
500,5.0,48.0,6.0,1,1,1,10,2.828320197834222,4.621106615602316,0.7319760322570801,0.12323236465454102
500,5.0,48.0,6.0,1,1,1,11,2.828426745312782,4.645362109153161,0.5765833854675293,0.10564327239990234
500,5.0,48.0,6.0,1,1,1,12,2.828425536812459,4.503460032288858,0.5274701118469238,0.09164714813232422
500,5.0,48.0,6.0,1,1,1,13,2.828426900173314,4.467999827758392,0.5553715229034424,0.0914609432220459
500,5.0,48.0,6.0,1,1,1,14,2.8283959699400314,5.793324843576331,0.5877692699432373,0.10160970687866211
500,5.0,48.0,6.0,1,1,1,15,2.8284204821867065,4.5085030272909234,0.759753942489624,0.13231444358825684
500,5.0,48.0,6.0,1,1,1,16,2.8284073359729196,4.474923235206795,0.6629550457000732,0.10449051856994629
500,5.0,48.0,6.0,1,1,1,17,2.8284261658463663,5.085974769747069,0.5686466693878174,0.1195075511932373
500,5.0,48.0,6.0,1,1,1,18,2.8284261079635535,4.756023490628563,0.5626358985900879,0.10952639579772949
500,5.0,48.0,6.0,1,1,1,19,2.82832282726547,4.724123484412051,0.5259099006652832,0.11268758773803711
500,5.0,48.0,6.0,1,1,1,20,2.8284258511969496,4.255600458921021,0.6656994819641113,0.15700078010559082
500,5.0,48.0,6.0,1,1,1,21,2.8283884107467707,5.3440201491407375,0.5827035903930664,0.10248517990112305
500,5.0,48.0,6.0,1,1,1,22,2.8284245019631897,3.5746489455228225,0.5749108791351318,0.09495353698730469
500,5.0,48.0,6.0,1,1,1,23,2.8284153381600867,5.004570939352264,0.5726804733276367,0.09846043586730957
500,5.0,48.0,6.0,1,1,1,24,2.828408069879059,4.601850729281114,0.5781888961791992,0.10446333885192871
500,5.2,51.4176,6.24,1,1,1,0,2.8284266349787845,5.154981953627638,0.5972845554351807,0.1166222095489502
500,5.2,51.4176,6.24,1,1,1,1,2.8284177834172226,5.086056589755017,0.6920008659362793,0.14951348304748535
500,5.2,51.4176,6.24,1,1,1,2,2.82841219263378,4.19079969056017,0.6520571708679199,0.12254142761230469
500,5.2,51.4176,6.24,1,1,1,3,2.828418690244989,4.443890842124771,0.7415797710418701,0.11734628677368164
500,5.2,51.4176,6.24,1,1,1,4,2.828407976284974,4.87336346260793,0.4923245906829834,0.10699343681335449
500,5.2,51.4176,6.24,1,1,1,5,2.8284259552871913,4.272972699979829,0.5414338111877441,0.09885191917419434
500,5.2,51.4176,6.24,1,1,1,6,2.828425151006163,4.274698011107337,0.6350233554840088,0.12001538276672363
500,5.2,51.4176,6.24,1,1,1,7,2.828422015514148,4.661251158795623,0.5052981376647949,0.11515378952026367
500,5.2,51.4176,6.24,1,1,1,8,2.8284262205016946,4.534756007419843,0.516120195388794,0.09317731857299805
500,5.2,51.4176,6.24,1,1,1,9,2.8284270927760433,4.758732548247947,0.5081233978271484,0.11925935745239258
500,5.2,51.4176,6.24,1,1,1,10,2.8284236894760295,4.843473483895113,0.50187087059021,0.10411834716796875
500,5.2,51.4176,6.24,1,1,1,11,2.828418760697281,4.609321268196259,0.6161553859710693,0.1195216178894043
500,5.2,51.4176,6.24,1,1,1,12,2.8284241405335337,3.7905262070380794,0.6757364273071289,0.1065220832824707
500,5.2,51.4176,6.24,1,1,1,13,2.8284230827529164,5.5068188565972935,0.5876221656799316,0.10576963424682617
500,5.2,51.4176,6.24,1,1,1,14,2.8284087591454985,5.626700936999586,0.5733675956726074,0.13540101051330566
500,5.2,51.4176,6.24,1,1,1,15,2.8284258303635226,5.155495537441824,0.5715289115905762,0.12149953842163086
500,5.2,51.4176,6.24,1,1,1,16,2.8284270965132476,4.857467162043875,0.5204453468322754,0.13071179389953613
500,5.2,51.4176,6.24,1,1,1,17,2.828426380369763,4.650663134516749,0.6139378547668457,0.12170815467834473
500,5.2,51.4176,6.24,1,1,1,18,2.828426974579893,4.877514215219313,0.7566707134246826,0.11960268020629883
500,5.2,51.4176,6.24,1,1,1,19,2.828427123561035,5.513393115369903,0.5740602016448975,0.09846258163452148
500,5.2,51.4176,6.24,1,1,1,20,2.828427057660847,4.3325668470982945,0.5558207035064697,0.11366629600524902
500,5.2,51.4176,6.24,1,1,1,21,2.828424714862524,5.2680710930408665,0.5575883388519287,0.09842610359191895
500,5.2,51.4176,6.24,1,1,1,22,2.828426050458077,4.424469353494234,0.607032299041748,0.1390669345855713
500,5.2,51.4176,6.24,1,1,1,23,2.828427122372892,4.7698951420025395,0.8432490825653076,0.1413736343383789
500,5.2,51.4176,6.24,1,1,1,24,2.8283952617944097,4.999307009856075,0.604724645614624,0.09547948837280273
500,5.4,54.95040000000001,6.48,1,1,1,0,2.8284262704018333,5.303006572986519,0.5447046756744385,0.1217644214630127
500,5.4,54.95040000000001,6.48,1,1,1,1,2.828427121076016,4.594531267981302,0.5647397041320801,0.08848357200622559
500,5.4,54.95040000000001,6.48,1,1,1,2,2.828406607145597,5.108842236732147,0.5020601749420166,0.13918757438659668
500,5.4,54.95040000000001,6.48,1,1,1,3,2.828425399213197,4.656669076504861,0.6641192436218262,0.11928558349609375
500,5.4,54.95040000000001,6.48,1,1,1,4,2.8284237524623617,4.696487370460788,0.5648458003997803,0.08942627906799316
500,5.4,54.95040000000001,6.48,1,1,1,5,2.8284264542560518,4.981730652226806,0.5630264282226562,0.12154579162597656
500,5.4,54.95040000000001,6.48,1,1,1,6,2.828407761722542,4.994846422168059,0.5494964122772217,0.10249829292297363
500,5.4,54.95040000000001,6.48,1,1,1,7,2.8284235266269406,4.367320865350001,0.5575761795043945,0.10962128639221191
500,5.4,54.95040000000001,6.48,1,1,1,8,2.82842693367107,4.812491743535677,0.6191117763519287,0.10973715782165527
500,5.4,54.95040000000001,6.48,1,1,1,9,2.828424567786672,4.415412964486961,0.6578903198242188,0.11764264106750488
500,5.4,54.95040000000001,6.48,1,1,1,10,2.828393203304673,4.60848082883523,0.5041563510894775,0.10695552825927734
500,5.4,54.95040000000001,6.48,1,1,1,11,2.8284254748343662,5.681964978303521,0.5568764209747314,0.10216522216796875
500,5.4,54.95040000000001,6.48,1,1,1,12,2.8284161550531453,4.7318291326305095,0.5468640327453613,0.0978853702545166
500,5.4,54.95040000000001,6.48,1,1,1,13,2.828426859615956,4.053327280001854,0.615368127822876,0.10217785835266113
500,5.4,54.95040000000001,6.48,1,1,1,14,2.8280755102056414,5.462708956558027,0.6921982765197754,0.10764384269714355
500,5.4,54.95040000000001,6.48,1,1,1,15,2.828413824330569,4.221678829902109,0.580543041229248,0.08825206756591797
500,5.4,54.95040000000001,6.48,1,1,1,16,2.8284139598122118,4.233606238512705,0.5504543781280518,0.09882807731628418
500,5.4,54.95040000000001,6.48,1,1,1,17,2.8283660361597707,4.240357013680909,0.5757253170013428,0.09600400924682617
500,5.4,54.95040000000001,6.48,1,1,1,18,2.8284229348042444,4.904876013909951,0.6054611206054688,0.13054704666137695
500,5.4,54.95040000000001,6.48,1,1,1,19,2.828385292793209,4.4771755545336935,0.9046249389648438,0.1266613006591797
500,5.4,54.95040000000001,6.48,1,1,1,20,2.828427119344211,3.9866401438348342,0.5544230937957764,0.1004326343536377
500,5.4,54.95040000000001,6.48,1,1,1,21,2.8284196156149353,5.696432252768274,0.5801866054534912,0.09810662269592285
500,5.4,54.95040000000001,6.48,1,1,1,22,2.828422088855621,5.294488008500369,0.5621306896209717,0.10462713241577148
500,5.4,54.95040000000001,6.48,1,1,1,23,2.828417425155141,4.871782149104392,0.560189962387085,0.11168742179870605
500,5.4,54.95040000000001,6.48,1,1,1,24,2.8284267617282035,4.815183363605128,0.6358437538146973,0.11763572692871094
500,5.6000000000000005,58.59840000000001,6.720000000000001,1,1,1,0,2.8284250090386545,4.416311630916129,0.6570873260498047,0.13922953605651855
500,5.6000000000000005,58.59840000000001,6.720000000000001,1,1,1,1,2.82841227438369,4.5493140901310944,0.5416510105133057,0.10179352760314941
500,5.6000000000000005,58.59840000000001,6.720000000000001,1,1,1,2,2.8283493361803895,4.581301373779964,0.542961597442627,0.09788870811462402
500,5.6000000000000005,58.59840000000001,6.720000000000001,1,1,1,3,2.8284246094309147,4.648726379567242,0.5080893039703369,0.13144779205322266
500,5.6000000000000005,58.59840000000001,6.720000000000001,1,1,1,4,2.8284231450912163,5.165888998041363,0.5458598136901855,0.09481596946716309
500,5.6000000000000005,58.59840000000001,6.720000000000001,1,1,1,5,2.8284270327014887,4.5837039159504585,0.6863539218902588,0.12618160247802734
500,5.6000000000000005,58.59840000000001,6.720000000000001,1,1,1,6,2.828426557219987,4.7072726119767125,0.6528356075286865,0.10149550437927246
500,5.6000000000000005,58.59840000000001,6.720000000000001,1,1,1,7,2.8284271203212428,4.731638443606474,0.6170253753662109,0.09313583374023438
500,5.6000000000000005,58.59840000000001,6.720000000000001,1,1,1,8,2.828425186479504,4.859304278603961,0.5589170455932617,0.09431982040405273
500,5.6000000000000005,58.59840000000001,6.720000000000001,1,1,1,9,2.828427123024837,4.107460315599536,0.5618507862091064,0.09919142723083496
500,5.6000000000000005,58.59840000000001,6.720000000000001,1,1,1,10,2.8284241805858517,5.20150195233096,0.5171589851379395,0.1406872272491455
500,5.6000000000000005,58.59840000000001,6.720000000000001,1,1,1,11,2.828410284099377,4.576654639465979,0.5725460052490234,0.13418865203857422
500,5.6000000000000005,58.59840000000001,6.720000000000001,1,1,1,12,2.828406887536747,4.626173007800151,0.5146036148071289,0.11365723609924316
500,5.6000000000000005,58.59840000000001,6.720000000000001,1,1,1,13,2.828427048421809,5.421218010388244,0.5303158760070801,0.10116004943847656
500,5.6000000000000005,58.59840000000001,6.720000000000001,1,1,1,14,2.828426851434783,4.334277090224684,0.5757246017456055,0.13471388816833496
500,5.6000000000000005,58.59840000000001,6.720000000000001,1,1,1,15,2.8284270156371516,5.690982215780186,0.6416113376617432,0.148604154586792
500,5.6000000000000005,58.59840000000001,6.720000000000001,1,1,1,16,2.828426263317585,4.555084158672844,0.6068146228790283,0.13579535484313965
500,5.6000000000000005,58.59840000000001,6.720000000000001,1,1,1,17,2.8284110620181213,4.817900564824004,0.5847229957580566,0.10317254066467285
500,5.6000000000000005,58.59840000000001,6.720000000000001,1,1,1,18,2.8284192668254495,4.854636576136783,0.5579667091369629,0.1097571849822998
500,5.6000000000000005,58.59840000000001,6.720000000000001,1,1,1,19,2.828426658303565,4.543172828202706,0.5443880558013916,0.1129457950592041
500,5.6000000000000005,58.59840000000001,6.720000000000001,1,1,1,20,2.8284251614227087,4.385126663443151,0.5595483779907227,0.09747314453125
500,5.6000000000000005,58.59840000000001,6.720000000000001,1,1,1,21,2.828411393639372,4.804639507087485,0.6120204925537109,0.1102142333984375
500,5.6000000000000005,58.59840000000001,6.720000000000001,1,1,1,22,2.828417963440171,4.029250493132194,0.6787271499633789,0.1307077407836914
500,5.6000000000000005,58.59840000000001,6.720000000000001,1,1,1,23,2.8284271051055443,5.355941811770454,0.5052003860473633,0.12604570388793945
500,5.6000000000000005,58.59840000000001,6.720000000000001,1,1,1,24,2.8284223615756594,5.108393514706198,0.4947223663330078,0.11566472053527832
500,5.800000000000001,62.36160000000002,6.960000000000001,1,1,1,0,2.828427115750408,4.812411682111862,0.5037169456481934,0.11371231079101562
500,5.800000000000001,62.36160000000002,6.960000000000001,1,1,1,1,2.828426924303816,6.281996740400338,0.5091848373413086,0.10963821411132812
500,5.800000000000001,62.36160000000002,6.960000000000001,1,1,1,2,2.828426466402568,4.782257339325718,0.7512912750244141,0.12512493133544922
500,5.800000000000001,62.36160000000002,6.960000000000001,1,1,1,3,2.8284268392305876,4.354307127178677,0.5640485286712646,0.12182831764221191
500,5.800000000000001,62.36160000000002,6.960000000000001,1,1,1,4,2.8283708467399244,4.947385560020614,0.527350902557373,0.11153864860534668
500,5.800000000000001,62.36160000000002,6.960000000000001,1,1,1,5,2.828392396211324,4.992689308283201,0.5137934684753418,0.10564923286437988
500,5.800000000000001,62.36160000000002,6.960000000000001,1,1,1,6,2.828378996698245,5.930277064883391,0.5156171321868896,0.08767247200012207
500,5.800000000000001,62.36160000000002,6.960000000000001,1,1,1,7,2.8284010995414786,4.765171225214547,0.5409901142120361,0.12990617752075195
500,5.800000000000001,62.36160000000002,6.960000000000001,1,1,1,8,2.828417047309903,5.356728150984112,0.6725285053253174,0.12131285667419434
500,5.800000000000001,62.36160000000002,6.960000000000001,1,1,1,9,2.8284267861998558,4.783627291371757,0.6176550388336182,0.10519838333129883
500,5.800000000000001,62.36160000000002,6.960000000000001,1,1,1,10,2.82842670702157,4.547653657229932,0.7262284755706787,0.1324763298034668
500,5.800000000000001,62.36160000000002,6.960000000000001,1,1,1,11,2.828173142927862,5.556131948907259,0.533578634262085,0.11101269721984863
500,5.800000000000001,62.36160000000002,6.960000000000001,1,1,1,12,2.8284238279060636,4.581802924411973,0.5333797931671143,0.09743785858154297
500,5.800000000000001,62.36160000000002,6.960000000000001,1,1,1,13,2.8284270959070947,5.289054081261051,0.7446484565734863,0.1216583251953125
500,5.800000000000001,62.36160000000002,6.960000000000001,1,1,1,14,2.8284261818476306,4.721211630358127,0.5741064548492432,0.10343647003173828
500,5.800000000000001,62.36160000000002,6.960000000000001,1,1,1,15,2.828417850501578,5.362824324506289,0.5315334796905518,0.10422754287719727
500,5.800000000000001,62.36160000000002,6.960000000000001,1,1,1,16,2.8284247869867705,5.173686766704531,0.5453395843505859,0.0926370620727539
500,5.800000000000001,62.36160000000002,6.960000000000001,1,1,1,17,2.8284263157520333,4.46839284169343,0.5920553207397461,0.07758283615112305
500,5.800000000000001,62.36160000000002,6.960000000000001,1,1,1,18,2.8284260800609133,4.788380206988538,0.6991565227508545,0.12395453453063965
500,5.800000000000001,62.36160000000002,6.960000000000001,1,1,1,19,2.828421927918593,5.073030291197301,0.7353973388671875,0.13475608825683594
500,5.800000000000001,62.36160000000002,6.960000000000001,1,1,1,20,2.8284186257134825,4.5380085635321725,0.5166645050048828,0.10863161087036133
500,5.800000000000001,62.36160000000002,6.960000000000001,1,1,1,21,2.8284267011468605,5.313315089125591,0.5819089412689209,0.09345388412475586
500,5.800000000000001,62.36160000000002,6.960000000000001,1,1,1,22,2.828424046409525,4.506620924304011,0.5631170272827148,0.09759044647216797
500,5.800000000000001,62.36160000000002,6.960000000000001,1,1,1,23,2.828334311332043,4.36229352745494,0.5922558307647705,0.10758042335510254
500,5.800000000000001,62.36160000000002,6.960000000000001,1,1,1,24,2.828427122349777,5.0442574713897255,0.6784160137176514,0.13218235969543457
500,6.0,66.24,7.199999999999999,1,1,1,0,2.8284239475117348,4.619337557442355,0.5098865032196045,0.12170624732971191
500,6.0,66.24,7.199999999999999,1,1,1,1,2.8284133422636026,4.517204868086155,0.5324981212615967,0.09298968315124512
500,6.0,66.24,7.199999999999999,1,1,1,2,2.8284216312551074,4.791093890539674,0.5226008892059326,0.11600613594055176
500,6.0,66.24,7.199999999999999,1,1,1,3,2.828405547733661,5.1280903468668955,0.5154886245727539,0.09841704368591309
500,6.0,66.24,7.199999999999999,1,1,1,4,2.828419313130238,4.781903599820629,0.5646190643310547,0.12675929069519043
500,6.0,66.24,7.199999999999999,1,1,1,5,2.8284255769931903,4.776017054127745,0.9197432994842529,0.16551637649536133
500,6.0,66.24,7.199999999999999,1,1,1,6,2.8283679774416357,5.225019978636083,0.831305742263794,0.1470489501953125
500,6.0,66.24,7.199999999999999,1,1,1,7,2.8284227392668964,4.087573745001389,0.6868844032287598,0.12007474899291992
500,6.0,66.24,7.199999999999999,1,1,1,8,2.828420863497971,5.694349189794241,0.6142582893371582,0.08743095397949219
500,6.0,66.24,7.199999999999999,1,1,1,9,2.82841762735509,4.953656600785977,0.6868557929992676,0.11995387077331543
500,6.0,66.24,7.199999999999999,1,1,1,10,2.828426849957347,4.985192054912682,0.6172835826873779,0.09168195724487305
500,6.0,66.24,7.199999999999999,1,1,1,11,2.8284253886038146,4.8062982308880215,0.630713939666748,0.08751487731933594
500,6.0,66.24,7.199999999999999,1,1,1,12,2.828416771952386,4.544602130329482,0.5868239402770996,0.08509588241577148
500,6.0,66.24,7.199999999999999,1,1,1,13,2.8284270712025337,5.014982245121528,0.5984573364257812,0.09150385856628418
500,6.0,66.24,7.199999999999999,1,1,1,14,2.8284270772260656,4.457293067697398,0.6378879547119141,0.11906051635742188
500,6.0,66.24,7.199999999999999,1,1,1,15,2.8284108416017024,4.841101513628981,0.6041598320007324,0.12068772315979004
500,6.0,66.24,7.199999999999999,1,1,1,16,2.828415158847546,6.04049665689952,0.5461516380310059,0.09751605987548828
500,6.0,66.24,7.199999999999999,1,1,1,17,2.8284264387512446,4.949990174844884,0.5412724018096924,0.09648871421813965
500,6.0,66.24,7.199999999999999,1,1,1,18,2.8284011193421192,4.663149481425076,0.5746560096740723,0.07739663124084473
500,6.0,66.24,7.199999999999999,1,1,1,19,2.828417292472446,4.248055214152781,0.598468542098999,0.09814071655273438
500,6.0,66.24,7.199999999999999,1,1,1,20,2.8284241681341165,4.735340936111001,0.7439670562744141,0.12181782722473145
500,6.0,66.24,7.199999999999999,1,1,1,21,2.8284268392329235,4.3594203138080525,0.572498083114624,0.10507845878601074
500,6.0,66.24,7.199999999999999,1,1,1,22,2.8284270850728275,4.792261797115734,0.575110912322998,0.10103869438171387
500,6.0,66.24,7.199999999999999,1,1,1,23,2.828413667641147,4.266944922346555,0.5844526290893555,0.09653496742248535
500,6.0,66.24,7.199999999999999,1,1,1,24,2.828426982814744,4.708765991790823,0.5262150764465332,0.10351181030273438
500,6.2,70.2336,7.4399999999999995,1,1,1,0,2.8283507819583775,6.1135724766702815,0.7494289875030518,0.12628173828125
500,6.2,70.2336,7.4399999999999995,1,1,1,1,2.828426455354944,5.21972825347413,0.5661332607269287,0.12231135368347168
500,6.2,70.2336,7.4399999999999995,1,1,1,2,2.828427086180731,4.999632723472205,0.5543925762176514,0.09507966041564941
500,6.2,70.2336,7.4399999999999995,1,1,1,3,2.828317385857925,4.6210598500146585,0.5185191631317139,0.09002947807312012
500,6.2,70.2336,7.4399999999999995,1,1,1,4,2.828420577365419,4.95484874086905,0.5586066246032715,0.08304166793823242
500,6.2,70.2336,7.4399999999999995,1,1,1,5,2.828415204407454,5.145015756757095,0.540717601776123,0.12006926536560059
500,6.2,70.2336,7.4399999999999995,1,1,1,6,2.8284263129848726,4.28595896192389,0.7342565059661865,0.11803174018859863
500,6.2,70.2336,7.4399999999999995,1,1,1,7,2.8284271118346567,4.499318508229488,0.5329327583312988,0.12609577178955078
500,6.2,70.2336,7.4399999999999995,1,1,1,8,2.8284219371461936,5.07372245521082,0.5622124671936035,0.13068079948425293
500,6.2,70.2336,7.4399999999999995,1,1,1,9,2.8284139003666517,5.653845047699202,0.5877623558044434,0.08796262741088867
500,6.2,70.2336,7.4399999999999995,1,1,1,10,2.8284049999703513,5.346728289637155,0.5963881015777588,0.08651351928710938
500,6.2,70.2336,7.4399999999999995,1,1,1,11,2.828424948091701,5.406890174757153,0.6745858192443848,0.11900806427001953
500,6.2,70.2336,7.4399999999999995,1,1,1,12,2.8283937917467727,4.984056467911927,0.6260433197021484,0.08728384971618652
500,6.2,70.2336,7.4399999999999995,1,1,1,13,2.828420073280943,5.514658833445698,0.5555307865142822,0.09791684150695801
500,6.2,70.2336,7.4399999999999995,1,1,1,14,2.8284267621563397,5.195160041955989,0.5323264598846436,0.0771327018737793
500,6.2,70.2336,7.4399999999999995,1,1,1,15,2.8284231107633233,4.407682088373158,0.5508296489715576,0.0917210578918457
500,6.2,70.2336,7.4399999999999995,1,1,1,16,2.8284231521803807,4.577766169513212,0.5693619251251221,0.08251237869262695
500,6.2,70.2336,7.4399999999999995,1,1,1,17,2.8284270452675857,4.20902656219629,0.7447872161865234,0.1401381492614746
500,6.2,70.2336,7.4399999999999995,1,1,1,18,2.8284245598828885,4.875213995522292,0.5826354026794434,0.11193013191223145
500,6.2,70.2336,7.4399999999999995,1,1,1,19,2.828310379380702,4.901722647991018,0.6404016017913818,0.11051368713378906
500,6.2,70.2336,7.4399999999999995,1,1,1,20,2.8284269773912296,5.464662724859037,0.6485121250152588,0.1365187168121338
500,6.2,70.2336,7.4399999999999995,1,1,1,21,2.8284122021727636,4.803486151286728,0.6496272087097168,0.14152145385742188
500,6.2,70.2336,7.4399999999999995,1,1,1,22,2.82837578911274,4.940412273494763,0.6947782039642334,0.11727643013000488
500,6.2,70.2336,7.4399999999999995,1,1,1,23,2.8284023888667744,4.245041507613216,0.5942487716674805,0.08743166923522949
500,6.2,70.2336,7.4399999999999995,1,1,1,24,2.8284265199198746,4.7637221010043005,0.6243631839752197,0.1134641170501709
500,6.4,74.3424,7.68,1,1,1,0,2.828420095183374,4.97156818461002,0.5782394409179688,0.0974113941192627
500,6.4,74.3424,7.68,1,1,1,1,2.8284159424824744,5.291478757200865,0.5670256614685059,0.09750628471374512
500,6.4,74.3424,7.68,1,1,1,2,2.8284262725057827,4.3152567584914765,0.673349142074585,0.11658358573913574
500,6.4,74.3424,7.68,1,1,1,3,2.8284267733116395,4.506326346754685,0.6333661079406738,0.11635136604309082
500,6.4,74.3424,7.68,1,1,1,4,2.828422776334185,4.817168446605788,0.5506949424743652,0.11751198768615723
500,6.4,74.3424,7.68,1,1,1,5,2.82841328349986,4.606906550752155,0.5226068496704102,0.10857343673706055
500,6.4,74.3424,7.68,1,1,1,6,2.8284239564818834,4.615183977395185,0.5444426536560059,0.08240509033203125
500,6.4,74.3424,7.68,1,1,1,7,2.8284267712099957,5.594026314787396,0.532233715057373,0.10351419448852539
500,6.4,74.3424,7.68,1,1,1,8,2.828417186850666,4.049757315976354,0.7170460224151611,0.1255936622619629
500,6.4,74.3424,7.68,1,1,1,9,2.8284246687110977,4.539361262151181,0.5253341197967529,0.11051511764526367
500,6.4,74.3424,7.68,1,1,1,10,2.828398059840959,5.263426754624235,0.5013184547424316,0.09506011009216309
500,6.4,74.3424,7.68,1,1,1,11,2.8284243078169764,4.72278208079855,0.5552675724029541,0.11207342147827148
500,6.4,74.3424,7.68,1,1,1,12,2.828426546562155,4.30845998369956,0.5605466365814209,0.10251283645629883
500,6.4,74.3424,7.68,1,1,1,13,2.828422523119507,4.768451397197896,0.6699721813201904,0.1108560562133789
500,6.4,74.3424,7.68,1,1,1,14,2.828418465023622,5.291949788318824,0.6152803897857666,0.1391127109527588
500,6.4,74.3424,7.68,1,1,1,15,2.8284115912883294,5.64459897753753,0.5893020629882812,0.1225290298461914
500,6.4,74.3424,7.68,1,1,1,16,2.828410516394929,4.8820549663665505,0.7240645885467529,0.12710165977478027
500,6.4,74.3424,7.68,1,1,1,17,2.828368167011258,4.261419627718657,0.5219097137451172,0.12406539916992188
500,6.4,74.3424,7.68,1,1,1,18,2.82841816243083,5.082521800475927,0.5052111148834229,0.1216425895690918
500,6.4,74.3424,7.68,1,1,1,19,2.828426933095343,4.480614595356003,0.6535344123840332,0.12378501892089844
500,6.4,74.3424,7.68,1,1,1,20,2.828264771649777,5.074678629663948,0.5714676380157471,0.11153578758239746
500,6.4,74.3424,7.68,1,1,1,21,2.828426468215771,5.084729439155558,0.6261789798736572,0.1075131893157959
500,6.4,74.3424,7.68,1,1,1,22,2.828427049786667,4.246512794668544,0.6548213958740234,0.10954737663269043
500,6.4,74.3424,7.68,1,1,1,23,2.8284264457000767,5.642241700125328,0.5414061546325684,0.12772130966186523
500,6.4,74.3424,7.68,1,1,1,24,2.828425979219961,5.2445828247364075,0.5919137001037598,0.11906099319458008
500,6.6000000000000005,78.5664,7.92,1,1,1,0,2.8284171982253445,4.374094826451756,0.6534984111785889,0.10941600799560547
500,6.6000000000000005,78.5664,7.92,1,1,1,1,2.8284256158365735,4.49576079427823,0.4978663921356201,0.09655117988586426
500,6.6000000000000005,78.5664,7.92,1,1,1,2,2.828427084028182,4.881715639300791,0.5932459831237793,0.08615374565124512
500,6.6000000000000005,78.5664,7.92,1,1,1,3,2.828370830461998,4.722057222341295,0.5546009540557861,0.10451292991638184
500,6.6000000000000005,78.5664,7.92,1,1,1,4,2.828416579852958,5.013861700956868,0.625429630279541,0.10655689239501953
500,6.6000000000000005,78.5664,7.92,1,1,1,5,2.8284266959046875,4.559084661677144,0.6387522220611572,0.12352800369262695
500,6.6000000000000005,78.5664,7.92,1,1,1,6,2.828404586655732,5.545616465651387,0.5826165676116943,0.0900108814239502
500,6.6000000000000005,78.5664,7.92,1,1,1,7,2.8284187900645215,4.998153104114005,0.5736801624298096,0.10117030143737793
500,6.6000000000000005,78.5664,7.92,1,1,1,8,2.8284262729795913,4.974069102774843,0.5996804237365723,0.10153365135192871
500,6.6000000000000005,78.5664,7.92,1,1,1,9,2.8284270427625353,4.936535845221326,0.6071774959564209,0.08765339851379395
500,6.6000000000000005,78.5664,7.92,1,1,1,10,2.8284257477129464,5.3787197611705455,0.6591992378234863,0.11302828788757324
500,6.6000000000000005,78.5664,7.92,1,1,1,11,2.8284245323799646,4.7065268337251265,0.7993104457855225,0.13051390647888184
500,6.6000000000000005,78.5664,7.92,1,1,1,12,2.828427098699288,4.332887200220386,0.5416874885559082,0.0825490951538086
500,6.6000000000000005,78.5664,7.92,1,1,1,13,2.8284268361799003,5.392796093733697,0.5466103553771973,0.09052014350891113
500,6.6000000000000005,78.5664,7.92,1,1,1,14,2.8284270930016233,3.895106572248403,0.5686852931976318,0.08825016021728516
500,6.6000000000000005,78.5664,7.92,1,1,1,15,2.82842692396242,4.9058484718211295,0.6570227146148682,0.12023591995239258
500,6.6000000000000005,78.5664,7.92,1,1,1,16,2.8284221364476356,4.894431708682245,0.7056119441986084,0.15109729766845703
500,6.6000000000000005,78.5664,7.92,1,1,1,17,2.8283863571077594,4.976277778347442,0.5823991298675537,0.09447860717773438
500,6.6000000000000005,78.5664,7.92,1,1,1,18,2.8284200755055573,5.450924247727554,0.5456395149230957,0.10641837120056152
500,6.6000000000000005,78.5664,7.92,1,1,1,19,2.8284211447370424,4.665188146832537,0.5535697937011719,0.1174159049987793
500,6.6000000000000005,78.5664,7.92,1,1,1,20,2.8284263239679657,6.013932605056055,0.5743036270141602,0.09451127052307129
500,6.6000000000000005,78.5664,7.92,1,1,1,21,2.828414621128511,3.985386802074217,0.6758573055267334,0.131758451461792
500,6.6000000000000005,78.5664,7.92,1,1,1,22,2.828369627618707,4.669643787081641,0.6741597652435303,0.11551451683044434
500,6.6000000000000005,78.5664,7.92,1,1,1,23,2.8284244891494006,4.251875351978035,0.6506693363189697,0.10440826416015625
500,6.6000000000000005,78.5664,7.92,1,1,1,24,2.8284229294094096,4.827613154856082,0.6441967487335205,0.10853767395019531
500,6.800000000000001,82.9056,8.16,1,1,1,0,2.8284174177947112,4.512032018254545,0.6341381072998047,0.09441351890563965
500,6.800000000000001,82.9056,8.16,1,1,1,1,2.828427116268615,4.665599206671292,0.728898286819458,0.12850522994995117
500,6.800000000000001,82.9056,8.16,1,1,1,2,2.828385702829945,4.883227717108694,0.4962117671966553,0.09994673728942871
500,6.800000000000001,82.9056,8.16,1,1,1,3,2.8284161346249275,5.803666606205194,0.5107052326202393,0.11493754386901855
500,6.800000000000001,82.9056,8.16,1,1,1,4,2.8284129453551,4.593027211395279,0.4986846446990967,0.10993766784667969
500,6.800000000000001,82.9056,8.16,1,1,1,5,2.8284269998939315,4.216125890507266,0.5156023502349854,0.1155550479888916
500,6.800000000000001,82.9056,8.16,1,1,1,6,2.8284243921268404,4.904243471650476,0.6603579521179199,0.13521528244018555
500,6.800000000000001,82.9056,8.16,1,1,1,7,2.828414321471903,4.817787633286835,0.8052213191986084,0.15329384803771973
500,6.800000000000001,82.9056,8.16,1,1,1,8,2.8283575381153088,5.025450777707033,0.6026973724365234,0.10503792762756348
500,6.800000000000001,82.9056,8.16,1,1,1,9,2.8284180024946552,4.412430818672565,0.6161348819732666,0.09895014762878418
500,6.800000000000001,82.9056,8.16,1,1,1,10,2.828426678426723,5.507774425849211,0.5565202236175537,0.1073911190032959
500,6.800000000000001,82.9056,8.16,1,1,1,11,2.828414723640824,4.654922500110885,0.5715711116790771,0.10303497314453125
500,6.800000000000001,82.9056,8.16,1,1,1,12,2.8284261757316917,4.218594354289582,0.7396116256713867,0.13151812553405762
500,6.800000000000001,82.9056,8.16,1,1,1,13,2.828423086002821,6.411609326828747,0.5314397811889648,0.13356876373291016
500,6.800000000000001,82.9056,8.16,1,1,1,14,2.82841133169178,4.786564835788046,0.5500662326812744,0.11295628547668457
500,6.800000000000001,82.9056,8.16,1,1,1,15,2.828409494651863,4.378023980947072,0.5698745250701904,0.10151910781860352
500,6.800000000000001,82.9056,8.16,1,1,1,16,2.828426911602472,4.58837426369352,0.5753624439239502,0.10397076606750488
500,6.800000000000001,82.9056,8.16,1,1,1,17,2.828425478111056,4.2252673113886345,0.6956660747528076,0.14393186569213867
500,6.800000000000001,82.9056,8.16,1,1,1,18,2.828424622526258,4.72545349987412,0.7974114418029785,0.15002131462097168
500,6.800000000000001,82.9056,8.16,1,1,1,19,2.828426800930685,4.262871070809427,0.6225013732910156,0.11851024627685547
500,6.800000000000001,82.9056,8.16,1,1,1,20,2.828426305210244,4.756805644521448,0.5709166526794434,0.09545564651489258
500,6.800000000000001,82.9056,8.16,1,1,1,21,2.828391527202193,5.114509533472909,0.5855042934417725,0.08651399612426758
500,6.800000000000001,82.9056,8.16,1,1,1,22,2.828420111711689,4.361764846715533,0.638425350189209,0.11298346519470215
500,6.800000000000001,82.9056,8.16,1,1,1,23,2.8284216628501118,4.813623126445052,0.6483662128448486,0.12242531776428223
500,6.800000000000001,82.9056,8.16,1,1,1,24,2.828426736037505,5.028796484686554,0.5121555328369141,0.11566424369812012
500,7.0,87.36000000000001,8.4,1,1,1,0,2.828414352158265,4.698677915650942,0.5330145359039307,0.09442663192749023
500,7.0,87.36000000000001,8.4,1,1,1,1,2.8284246098936014,5.83607235269489,0.6012029647827148,0.125441312789917
500,7.0,87.36000000000001,8.4,1,1,1,2,2.828422892638312,4.667122424499243,0.6869649887084961,0.1236567497253418
500,7.0,87.36000000000001,8.4,1,1,1,3,2.828392395619141,5.1583571319355,0.6184649467468262,0.1261286735534668
500,7.0,87.36000000000001,8.4,1,1,1,4,2.8284024193151804,4.453320222941582,0.5480237007141113,0.0984034538269043
500,7.0,87.36000000000001,8.4,1,1,1,5,2.8284269365473262,4.925147555765494,0.5738213062286377,0.09755825996398926
500,7.0,87.36000000000001,8.4,1,1,1,6,2.828427116759317,4.797433394345613,0.5723600387573242,0.08267784118652344
500,7.0,87.36000000000001,8.4,1,1,1,7,2.8284233238634786,5.442526837402578,0.5707147121429443,0.0904073715209961
500,7.0,87.36000000000001,8.4,1,1,1,8,2.828426804197294,4.478691312111047,0.6318857669830322,0.11884546279907227
500,7.0,87.36000000000001,8.4,1,1,1,9,2.828385580896014,5.511436468220977,0.6966261863708496,0.12105917930603027
500,7.0,87.36000000000001,8.4,1,1,1,10,2.8284262219340044,4.722760138606369,0.5159106254577637,0.11707019805908203
500,7.0,87.36000000000001,8.4,1,1,1,11,2.828427019722088,5.200079228561536,0.538569450378418,0.12424135208129883
500,7.0,87.36000000000001,8.4,1,1,1,12,2.828401495021476,4.955067544913495,0.5608763694763184,0.14654016494750977
500,7.0,87.36000000000001,8.4,1,1,1,13,2.8284194279630444,4.710319964005347,0.6254613399505615,0.1321725845336914
500,7.0,87.36000000000001,8.4,1,1,1,14,2.8284245782758073,6.258689700040092,0.8169481754302979,0.14905738830566406
500,7.0,87.36000000000001,8.4,1,1,1,15,2.8284269314552692,4.298575966614169,0.5560462474822998,0.10951375961303711
500,7.0,87.36000000000001,8.4,1,1,1,16,2.828425439565555,5.375239903405311,0.5805425643920898,0.0821223258972168
500,7.0,87.36000000000001,8.4,1,1,1,17,2.8284151787728513,5.258422626171106,0.5585758686065674,0.11003828048706055
500,7.0,87.36000000000001,8.4,1,1,1,18,2.828426949433192,5.036658944080524,0.5339546203613281,0.10952162742614746
500,7.0,87.36000000000001,8.4,1,1,1,19,2.828424611025449,5.302364258810226,0.7227420806884766,0.12479186058044434
500,7.0,87.36000000000001,8.4,1,1,1,20,2.828425288731401,4.5797585900441105,0.5875427722930908,0.10441470146179199
500,7.0,87.36000000000001,8.4,1,1,1,21,2.828426871188763,6.785782361534701,0.6366615295410156,0.1295168399810791
500,7.0,87.36000000000001,8.4,1,1,1,22,2.8284261135166457,4.833135844036015,0.6916353702545166,0.11660289764404297
500,7.0,87.36000000000001,8.4,1,1,1,23,2.828426116935893,4.644770058707828,0.5483570098876953,0.1075282096862793
500,7.0,87.36000000000001,8.4,1,1,1,24,2.8284260813737037,4.6010743158545,0.6270051002502441,0.1415412425994873
500,7.2,91.92960000000001,8.64,1,1,1,0,2.8284266668748956,4.569386362125738,0.5622553825378418,0.09696364402770996
500,7.2,91.92960000000001,8.64,1,1,1,1,2.828400879428438,4.6805166124535935,0.596076250076294,0.09041833877563477
500,7.2,91.92960000000001,8.64,1,1,1,2,2.828424094191324,4.667097391595097,0.5601527690887451,0.09954094886779785
500,7.2,91.92960000000001,8.64,1,1,1,3,2.8284233822949076,5.093345837738149,0.5337305068969727,0.10951757431030273
500,7.2,91.92960000000001,8.64,1,1,1,4,2.828409428707159,5.608926642479172,0.5406184196472168,0.10453462600708008
500,7.2,91.92960000000001,8.64,1,1,1,5,2.8284271054051735,5.391792270143014,0.6546375751495361,0.1373124122619629
500,7.2,91.92960000000001,8.64,1,1,1,6,2.8284233459190533,5.171204926955207,0.5387082099914551,0.09851408004760742
500,7.2,91.92960000000001,8.64,1,1,1,7,2.8284270725160017,4.390967146097553,0.5401144027709961,0.09703183174133301
500,7.2,91.92960000000001,8.64,1,1,1,8,2.828423617301668,4.629670700796616,0.5423963069915771,0.11408638954162598
500,7.2,91.92960000000001,8.64,1,1,1,9,2.8284271246350556,5.2355204401271225,0.5838503837585449,0.11251235008239746
500,7.2,91.92960000000001,8.64,1,1,1,10,2.8284270590145577,4.712433977196314,0.6520035266876221,0.11450409889221191
500,7.2,91.92960000000001,8.64,1,1,1,11,2.8284252243281305,5.454683095828167,0.6592762470245361,0.12312507629394531
500,7.2,91.92960000000001,8.64,1,1,1,12,2.8284203796362424,4.852178928383424,0.5376408100128174,0.1252269744873047
500,7.2,91.92960000000001,8.64,1,1,1,13,2.828408963588679,4.611098265159757,0.5626726150512695,0.08592367172241211
500,7.2,91.92960000000001,8.64,1,1,1,14,2.828422256755653,4.729389223108489,0.5771305561065674,0.08109831809997559
500,7.2,91.92960000000001,8.64,1,1,1,15,2.82842320215049,4.196061513035324,0.5889015197753906,0.08251523971557617
500,7.2,91.92960000000001,8.64,1,1,1,16,2.8284269072286,4.920346073357278,0.6575503349304199,0.1519336700439453
500,7.2,91.92960000000001,8.64,1,1,1,17,2.8284265176543304,5.483838137807698,0.6865856647491455,0.10851144790649414
500,7.2,91.92960000000001,8.64,1,1,1,18,2.828427034956591,4.479229910956151,0.5274107456207275,0.10655498504638672
500,7.2,91.92960000000001,8.64,1,1,1,19,2.8284009855259202,4.595968117096077,0.5587062835693359,0.09141778945922852
500,7.2,91.92960000000001,8.64,1,1,1,20,2.8284260392673106,5.520229138752842,0.582467794418335,0.09410977363586426
500,7.2,91.92960000000001,8.64,1,1,1,21,2.828422934741376,4.670807432959452,0.7100968360900879,0.11350226402282715
500,7.2,91.92960000000001,8.64,1,1,1,22,2.8284233025378973,4.308373257867346,0.6649863719940186,0.09393668174743652
500,7.2,91.92960000000001,8.64,1,1,1,23,2.8284179846315345,4.332809716159345,0.5732510089874268,0.08593583106994629
500,7.2,91.92960000000001,8.64,1,1,1,24,2.828424675809313,4.766025934463623,0.5908801555633545,0.12879562377929688
500,7.4,96.61440000000002,8.88,1,1,1,0,2.8284144555085033,5.014691110946229,0.5939469337463379,0.11206912994384766
500,7.4,96.61440000000002,8.88,1,1,1,1,2.8284019264725204,4.840157143965429,0.6821012496948242,0.14582061767578125
500,7.4,96.61440000000002,8.88,1,1,1,2,2.8284271238725465,5.67274188581253,0.7150862216949463,0.09103059768676758
500,7.4,96.61440000000002,8.88,1,1,1,3,2.8283973609617976,5.235104147125433,0.5308473110198975,0.10553359985351562
500,7.4,96.61440000000002,8.88,1,1,1,4,2.8284262630817025,5.267966855210646,0.5499374866485596,0.09951329231262207
500,7.4,96.61440000000002,8.88,1,1,1,5,2.8284269515287166,5.877453231763311,0.5903964042663574,0.10695219039916992
500,7.4,96.61440000000002,8.88,1,1,1,6,2.8284054461017947,5.799833323004321,0.5917501449584961,0.08705329895019531
500,7.4,96.61440000000002,8.88,1,1,1,7,2.8284264692426375,5.427281008914266,0.7283806800842285,0.1240997314453125
500,7.4,96.61440000000002,8.88,1,1,1,8,2.828420399113637,4.6231270248309455,0.5692143440246582,0.10509371757507324
500,7.4,96.61440000000002,8.88,1,1,1,9,2.8284262560557654,5.161118453484848,0.5565943717956543,0.09631848335266113
500,7.4,96.61440000000002,8.88,1,1,1,10,2.828426894318506,4.6297217751351525,0.551720142364502,0.09467363357543945
500,7.4,96.61440000000002,8.88,1,1,1,11,2.828423708839055,5.739183474677718,0.589174747467041,0.14142131805419922
500,7.4,96.61440000000002,8.88,1,1,1,12,2.8284240931897626,5.909471830680155,0.8599152565002441,0.14951801300048828
500,7.4,96.61440000000002,8.88,1,1,1,13,2.828427120732722,4.929513672508661,0.581467866897583,0.11251544952392578
500,7.4,96.61440000000002,8.88,1,1,1,14,2.8284271246721073,4.971718378681694,0.5801382064819336,0.11452007293701172
500,7.4,96.61440000000002,8.88,1,1,1,15,2.8284248683899698,4.52436584737686,0.5926413536071777,0.10042834281921387
500,7.4,96.61440000000002,8.88,1,1,1,16,2.8284256601225626,5.302755350074711,0.598228931427002,0.1175239086151123
500,7.4,96.61440000000002,8.88,1,1,1,17,2.8283294866323794,4.433652087997558,0.6833751201629639,0.13324713706970215
500,7.4,96.61440000000002,8.88,1,1,1,18,2.8284270768819213,5.477505241300371,0.7909386157989502,0.13450384140014648
500,7.4,96.61440000000002,8.88,1,1,1,19,2.8284207130918073,4.921436847585248,0.5545840263366699,0.10451483726501465
500,7.4,96.61440000000002,8.88,1,1,1,20,2.8284266245629524,4.963079641466083,0.5607919692993164,0.1075143814086914
500,7.4,96.61440000000002,8.88,1,1,1,21,2.8284196754853155,6.975065794290114,0.5912492275238037,0.09442734718322754
500,7.4,96.61440000000002,8.88,1,1,1,22,2.828425605339369,4.999248835938722,0.5843698978424072,0.1032872200012207
500,7.4,96.61440000000002,8.88,1,1,1,23,2.8284174762060386,4.515255667121853,0.7247803211212158,0.09196186065673828
500,7.4,96.61440000000002,8.88,1,1,1,24,2.8284260534088843,5.550087664394649,0.6052498817443848,0.09851527214050293
500,7.6000000000000005,101.41440000000001,9.120000000000001,1,1,1,0,2.8283908682039294,4.534291324704683,0.5353920459747314,0.11108064651489258
500,7.6000000000000005,101.41440000000001,9.120000000000001,1,1,1,1,2.828424451115858,5.2577412473258125,0.5068392753601074,0.13205885887145996
500,7.6000000000000005,101.41440000000001,9.120000000000001,1,1,1,2,2.8284266214692146,5.287051500601585,0.5801510810852051,0.12805867195129395
500,7.6000000000000005,101.41440000000001,9.120000000000001,1,1,1,3,2.828427096924819,5.1323253748278335,0.6141228675842285,0.1495664119720459
500,7.6000000000000005,101.41440000000001,9.120000000000001,1,1,1,4,2.8284253429598296,4.378095207231566,0.690483808517456,0.12553954124450684
500,7.6000000000000005,101.41440000000001,9.120000000000001,1,1,1,5,2.82842712320534,4.767418873658656,0.5601799488067627,0.10212111473083496
500,7.6000000000000005,101.41440000000001,9.120000000000001,1,1,1,6,2.82842637123752,4.916629599204151,0.5820555686950684,0.10051393508911133
500,7.6000000000000005,101.41440000000001,9.120000000000001,1,1,1,7,2.8282818319330296,5.5807649816528135,0.6566190719604492,0.12315654754638672
500,7.6000000000000005,101.41440000000001,9.120000000000001,1,1,1,8,2.828426850036951,5.314937421078356,0.8086845874786377,0.19056296348571777
500,7.6000000000000005,101.41440000000001,9.120000000000001,1,1,1,9,2.8283766276825695,5.03399513603862,0.7262020111083984,0.13670063018798828
500,7.6000000000000005,101.41440000000001,9.120000000000001,1,1,1,10,2.8284142283103733,5.123612868878199,0.5544652938842773,0.10122251510620117
500,7.6000000000000005,101.41440000000001,9.120000000000001,1,1,1,11,2.828426149483073,6.660441578253058,0.5968575477600098,0.08954882621765137
500,7.6000000000000005,101.41440000000001,9.120000000000001,1,1,1,12,2.8284269720895194,5.031058868669842,0.587683916091919,0.09396147727966309
500,7.6000000000000005,101.41440000000001,9.120000000000001,1,1,1,13,2.828426175907405,4.7210977637878315,0.5595972537994385,0.11696863174438477
500,7.6000000000000005,101.41440000000001,9.120000000000001,1,1,1,14,2.8284206944165233,5.609201567136119,0.6025779247283936,0.13662290573120117
500,7.6000000000000005,101.41440000000001,9.120000000000001,1,1,1,15,2.8284240227694557,5.125614082342466,0.638563871383667,0.11107039451599121
500,7.6000000000000005,101.41440000000001,9.120000000000001,1,1,1,16,2.828426272090773,5.272508648496783,0.5161216259002686,0.1050560474395752
500,7.6000000000000005,101.41440000000001,9.120000000000001,1,1,1,17,2.8284089316899164,4.501913344215214,0.5126786231994629,0.11153316497802734
500,7.6000000000000005,101.41440000000001,9.120000000000001,1,1,1,18,2.8284242732607328,4.822212986800845,0.5278077125549316,0.09757804870605469
500,7.6000000000000005,101.41440000000001,9.120000000000001,1,1,1,19,2.828422629322065,5.802955094447902,0.590890645980835,0.13274884223937988
500,7.6000000000000005,101.41440000000001,9.120000000000001,1,1,1,20,2.828414907144773,5.277682122194885,0.6919267177581787,0.1365337371826172
500,7.6000000000000005,101.41440000000001,9.120000000000001,1,1,1,21,2.8284270940223215,4.771704673753578,0.5493605136871338,0.08909201622009277
500,7.6000000000000005,101.41440000000001,9.120000000000001,1,1,1,22,2.828427072755307,4.912840795270938,0.5732753276824951,0.09305953979492188
500,7.6000000000000005,101.41440000000001,9.120000000000001,1,1,1,23,2.828417340039753,5.738810084462136,0.5299992561340332,0.10042238235473633
500,7.6000000000000005,101.41440000000001,9.120000000000001,1,1,1,24,2.828425804238901,5.111097608304993,0.5455684661865234,0.12612462043762207
500,7.800000000000001,106.32960000000003,9.360000000000001,1,1,1,0,2.8284134935775396,6.102593460710474,0.7350246906280518,0.14807987213134766
500,7.800000000000001,106.32960000000003,9.360000000000001,1,1,1,1,2.8284168469792936,5.379296751904366,0.5373995304107666,0.10255050659179688
500,7.800000000000001,106.32960000000003,9.360000000000001,1,1,1,2,2.8284236433258205,5.187984320474733,0.5819532871246338,0.12651467323303223
500,7.800000000000001,106.32960000000003,9.360000000000001,1,1,1,3,2.8284266958559283,4.560111344835444,0.6877458095550537,0.11754250526428223
500,7.800000000000001,106.32960000000003,9.360000000000001,1,1,1,4,2.8284109301810094,4.845491302725373,0.5249741077423096,0.1118171215057373
500,7.800000000000001,106.32960000000003,9.360000000000001,1,1,1,5,2.8284086970709854,5.382708130809638,0.6246428489685059,0.11697125434875488
500,7.800000000000001,106.32960000000003,9.360000000000001,1,1,1,6,2.828426902371271,5.143993295382151,0.6468350887298584,0.10220694541931152
500,7.800000000000001,106.32960000000003,9.360000000000001,1,1,1,7,2.828417650240393,4.594570516282627,0.508204460144043,0.11603999137878418
500,7.800000000000001,106.32960000000003,9.360000000000001,1,1,1,8,2.828420983832587,5.31277349210011,0.5402119159698486,0.09603452682495117
500,7.800000000000001,106.32960000000003,9.360000000000001,1,1,1,9,2.828415897342033,4.653329429215123,0.5368192195892334,0.11236262321472168
500,7.800000000000001,106.32960000000003,9.360000000000001,1,1,1,10,2.8284245115921953,4.924087178670868,0.5580341815948486,0.09845161437988281
500,7.800000000000001,106.32960000000003,9.360000000000001,1,1,1,11,2.8284232383266157,5.649089988571729,0.7116446495056152,0.1201024055480957
500,7.800000000000001,106.32960000000003,9.360000000000001,1,1,1,12,2.8284270324543486,5.0358532309637685,0.6056218147277832,0.09826803207397461
500,7.800000000000001,106.32960000000003,9.360000000000001,1,1,1,13,2.828426162310463,5.450795477504489,0.5954079627990723,0.11991620063781738
500,7.800000000000001,106.32960000000003,9.360000000000001,1,1,1,14,2.8284266570485728,6.023728779718314,0.5923559665679932,0.08551716804504395
500,7.800000000000001,106.32960000000003,9.360000000000001,1,1,1,15,2.8284265134888598,4.855193006571746,0.6025357246398926,0.12353229522705078
500,7.800000000000001,106.32960000000003,9.360000000000001,1,1,1,16,2.828426763479353,4.273069744085679,0.6604001522064209,0.13630437850952148
500,7.800000000000001,106.32960000000003,9.360000000000001,1,1,1,17,2.8284252489960298,4.866463540485361,0.7126109600067139,0.1570723056793213
500,7.800000000000001,106.32960000000003,9.360000000000001,1,1,1,18,2.8284215815009217,4.545462900906641,0.6133954524993896,0.11502814292907715
500,7.800000000000001,106.32960000000003,9.360000000000001,1,1,1,19,2.828427119491738,4.580800675942398,0.614046573638916,0.12414121627807617
500,7.800000000000001,106.32960000000003,9.360000000000001,1,1,1,20,2.8284212726120277,4.575223866875984,0.5643668174743652,0.11053323745727539
500,7.800000000000001,106.32960000000003,9.360000000000001,1,1,1,21,2.8284270819997985,5.436507910368266,0.5459399223327637,0.12451505661010742
500,7.800000000000001,106.32960000000003,9.360000000000001,1,1,1,22,2.828423174798849,4.925652955189162,0.6112196445465088,0.1391603946685791
500,7.800000000000001,106.32960000000003,9.360000000000001,1,1,1,23,2.8283915905599,5.749405668632674,0.70977783203125,0.14252805709838867
500,7.800000000000001,106.32960000000003,9.360000000000001,1,1,1,24,2.828425923633169,4.75200207910071,0.5110306739807129,0.11207413673400879
500,8.0,111.36,9.6,1,1,1,0,2.82841833912302,4.779697748419415,0.579094648361206,0.08644747734069824
500,8.0,111.36,9.6,1,1,1,1,2.8284266816170516,5.210344528831291,0.5485384464263916,0.09014034271240234
500,8.0,111.36,9.6,1,1,1,2,2.828425961721675,4.869788095862877,0.7419538497924805,0.13205695152282715
500,8.0,111.36,9.6,1,1,1,3,2.828426489622548,4.709942838766672,0.5163617134094238,0.11641430854797363
500,8.0,111.36,9.6,1,1,1,4,2.8284260344622028,4.952426654824782,0.5710239410400391,0.11150288581848145
500,8.0,111.36,9.6,1,1,1,5,2.8284087565195524,5.1059086415758435,0.5116641521453857,0.12302637100219727
500,8.0,111.36,9.6,1,1,1,6,2.8284263390215623,5.9004254795976285,0.5448939800262451,0.10753321647644043
500,8.0,111.36,9.6,1,1,1,7,2.8284092393800835,6.684203463509987,0.5784170627593994,0.12405252456665039
500,8.0,111.36,9.6,1,1,1,8,2.828426097509827,6.512963433609963,0.6633048057556152,0.11542558670043945
500,8.0,111.36,9.6,1,1,1,9,2.828414220304131,5.383329072760896,0.5218725204467773,0.10093569755554199
500,8.0,111.36,9.6,1,1,1,10,2.828425176912591,4.563094308701222,0.5225555896759033,0.12358832359313965
500,8.0,111.36,9.6,1,1,1,11,2.8284258316658426,5.262475218239431,0.4979588985443115,0.11931014060974121
500,8.0,111.36,9.6,1,1,1,12,2.8284230072939347,4.958010608078044,0.5943112373352051,0.0898585319519043
500,8.0,111.36,9.6,1,1,1,13,2.828425526398409,4.294515277333871,0.6409103870391846,0.15251803398132324
500,8.0,111.36,9.6,1,1,1,14,2.828426718804319,4.504862077466309,0.7409684658050537,0.15566325187683105
500,8.0,111.36,9.6,1,1,1,15,2.8284271247334636,5.08316124335741,0.4908254146575928,0.12348079681396484
500,8.0,111.36,9.6,1,1,1,16,2.828380028141394,5.128622344031122,0.5004730224609375,0.09250879287719727
500,8.0,111.36,9.6,1,1,1,17,2.8284200617575346,4.86457103660793,0.5368824005126953,0.1361246109008789
500,8.0,111.36,9.6,1,1,1,18,2.828412225900631,4.788567484746237,0.7225065231323242,0.14407634735107422
500,8.0,111.36,9.6,1,1,1,19,2.8284247030575216,5.027394319314911,0.642117977142334,0.10002756118774414
500,8.0,111.36,9.6,1,1,1,20,2.8284208943796405,5.5436099918629544,0.5063908100128174,0.11624503135681152
500,8.0,111.36,9.6,1,1,1,21,2.8284269743260113,4.516789258007279,0.5272161960601807,0.12107396125793457
500,8.0,111.36,9.6,1,1,1,22,2.828414944341954,4.439958869950884,0.48822641372680664,0.1315162181854248
500,8.0,111.36,9.6,1,1,1,23,2.8284266847554873,4.797271506352208,0.5148155689239502,0.10803818702697754
500,8.0,111.36,9.6,1,1,1,24,2.8284198704738133,4.588136508620823,0.6686747074127197,0.11527156829833984
500,8.200000000000001,116.50560000000003,9.840000000000002,1,1,1,0,2.8284193112604235,4.939326887025612,0.5274965763092041,0.11302995681762695
500,8.200000000000001,116.50560000000003,9.840000000000002,1,1,1,1,2.828426765099147,5.607169729818165,0.5074923038482666,0.10119056701660156
500,8.200000000000001,116.50560000000003,9.840000000000002,1,1,1,2,2.8284240540810077,5.4623535028553905,0.5005021095275879,0.10741019248962402
500,8.200000000000001,116.50560000000003,9.840000000000002,1,1,1,3,2.8284067926115375,5.13249567839987,0.5554673671722412,0.10892343521118164
500,8.200000000000001,116.50560000000003,9.840000000000002,1,1,1,4,2.8284264887280375,4.519281235943917,0.6448574066162109,0.13751506805419922
500,8.200000000000001,116.50560000000003,9.840000000000002,1,1,1,5,2.8284262893944336,4.761037370079842,0.6786222457885742,0.09158682823181152
500,8.200000000000001,116.50560000000003,9.840000000000002,1,1,1,6,2.8284036946510422,4.759880836138999,0.5776941776275635,0.09302639961242676
500,8.200000000000001,116.50560000000003,9.840000000000002,1,1,1,7,2.828425531226399,5.021319181581692,0.5701746940612793,0.10306358337402344
500,8.200000000000001,116.50560000000003,9.840000000000002,1,1,1,8,2.8284259082657712,5.907753552208726,0.6001167297363281,0.07752060890197754
500,8.200000000000001,116.50560000000003,9.840000000000002,1,1,1,9,2.8284245161900237,5.132875916011421,0.5193827152252197,0.11836886405944824
500,8.200000000000001,116.50560000000003,9.840000000000002,1,1,1,10,2.828417299582002,4.966393893646016,0.6751708984375,0.13379240036010742
500,8.200000000000001,116.50560000000003,9.840000000000002,1,1,1,11,2.8284056786301788,5.312598570372034,0.5649971961975098,0.08990836143493652
500,8.200000000000001,116.50560000000003,9.840000000000002,1,1,1,12,2.8283022593215383,4.207481537040288,0.5314047336578369,0.10793805122375488
500,8.200000000000001,116.50560000000003,9.840000000000002,1,1,1,13,2.828426741915536,5.01920917101389,0.6417913436889648,0.11053729057312012
500,8.200000000000001,116.50560000000003,9.840000000000002,1,1,1,14,2.82839872716748,5.924612544686216,0.6687495708465576,0.15273809432983398
500,8.200000000000001,116.50560000000003,9.840000000000002,1,1,1,15,2.828424418058112,4.106031466280531,0.7866570949554443,0.15408992767333984
500,8.200000000000001,116.50560000000003,9.840000000000002,1,1,1,16,2.8284080487970775,4.9042609834310635,0.5683131217956543,0.10341644287109375
500,8.200000000000001,116.50560000000003,9.840000000000002,1,1,1,17,2.828426463712895,4.523896350904507,0.6169834136962891,0.13343596458435059
500,8.200000000000001,116.50560000000003,9.840000000000002,1,1,1,18,2.828393991634703,4.7424396259550194,0.5641725063323975,0.11251401901245117
500,8.200000000000001,116.50560000000003,9.840000000000002,1,1,1,19,2.8283906287034917,5.444418423604031,0.5494763851165771,0.10414934158325195
500,8.200000000000001,116.50560000000003,9.840000000000002,1,1,1,20,2.828373763379756,5.910634321698094,0.7687196731567383,0.15353775024414062
500,8.200000000000001,116.50560000000003,9.840000000000002,1,1,1,21,2.8284271247459922,5.244081592882743,0.5631198883056641,0.10196352005004883
500,8.200000000000001,116.50560000000003,9.840000000000002,1,1,1,22,2.828426137599424,4.581890642194397,0.5863831043243408,0.08815121650695801
500,8.200000000000001,116.50560000000003,9.840000000000002,1,1,1,23,2.8284271101395615,5.3781559524321745,0.521578311920166,0.10894203186035156
500,8.200000000000001,116.50560000000003,9.840000000000002,1,1,1,24,2.828417484647886,4.909815137569792,0.558053731918335,0.1085355281829834
500,8.4,121.7664,10.08,1,1,1,0,2.8284261274890725,5.406238129547422,0.5408990383148193,0.12253212928771973
500,8.4,121.7664,10.08,1,1,1,1,2.8284268562259385,4.85361537025468,0.7195672988891602,0.1150362491607666
500,8.4,121.7664,10.08,1,1,1,2,2.828425452674156,5.32732579409404,0.5944743156433105,0.12502646446228027
500,8.4,121.7664,10.08,1,1,1,3,2.8283767651721345,5.03491842338314,0.6213541030883789,0.11607551574707031
500,8.4,121.7664,10.08,1,1,1,4,2.828418820999895,4.842530826863193,0.6664414405822754,0.09852981567382812
500,8.4,121.7664,10.08,1,1,1,5,2.828427112307501,5.7165153456332956,0.6327357292175293,0.1160433292388916
500,8.4,121.7664,10.08,1,1,1,6,2.8284243482399685,4.867383532774571,0.6502785682678223,0.11681985855102539
500,8.4,121.7664,10.08,1,1,1,7,2.8284146220078537,5.1435743540972085,0.5872771739959717,0.10906744003295898
500,8.4,121.7664,10.08,1,1,1,8,2.8284268637470085,5.244703810551775,0.6524510383605957,0.11579370498657227
500,8.4,121.7664,10.08,1,1,1,9,2.8284206017873843,5.406548227492305,0.6848325729370117,0.11553430557250977
500,8.4,121.7664,10.08,1,1,1,10,2.828425680991523,5.004782340884555,0.5289328098297119,0.10964584350585938
500,8.4,121.7664,10.08,1,1,1,11,2.828427123921517,5.455364244385864,0.6731348037719727,0.13578438758850098
500,8.4,121.7664,10.08,1,1,1,12,2.828376405278715,5.750932579454701,0.6428847312927246,0.11786103248596191
500,8.4,121.7664,10.08,1,1,1,13,2.8284270913778093,5.107343034723569,0.5480716228485107,0.10331249237060547
500,8.4,121.7664,10.08,1,1,1,14,2.8284270287536204,5.20259518656322,0.529217004776001,0.09447598457336426
500,8.4,121.7664,10.08,1,1,1,15,2.8283653835624785,4.322891665242802,0.5701122283935547,0.10937905311584473
500,8.4,121.7664,10.08,1,1,1,16,2.8284263924536823,4.862901461994479,0.5660364627838135,0.11719059944152832
500,8.4,121.7664,10.08,1,1,1,17,2.8284262613850286,4.894127308104732,0.736854076385498,0.12725520133972168
500,8.4,121.7664,10.08,1,1,1,18,2.828426457475392,5.054769004254975,0.5856733322143555,0.08160257339477539
500,8.4,121.7664,10.08,1,1,1,19,2.8284099418382422,5.096038205242586,0.5592868328094482,0.09935832023620605
500,8.4,121.7664,10.08,1,1,1,20,2.828426842316382,4.503082377069509,0.542752742767334,0.11156511306762695
500,8.4,121.7664,10.08,1,1,1,21,2.8284262665915354,5.0704432961335355,0.5519552230834961,0.09630393981933594
500,8.4,121.7664,10.08,1,1,1,22,2.828426882652637,5.139110638847536,0.7030181884765625,0.13281655311584473
500,8.4,121.7664,10.08,1,1,1,23,2.8284259420694027,5.588160017516794,0.7162837982177734,0.100677490234375
500,8.4,121.7664,10.08,1,1,1,24,2.828424787881085,4.937641707674651,0.6619806289672852,0.12190866470336914
500,8.6,127.14239999999997,10.319999999999999,1,1,1,0,2.828427000309964,4.657464874613856,0.6100480556488037,0.11973714828491211
500,8.6,127.14239999999997,10.319999999999999,1,1,1,1,2.8284268839616273,5.0405163616915365,0.5374908447265625,0.10554742813110352
500,8.6,127.14239999999997,10.319999999999999,1,1,1,2,2.8284234825423655,5.322497615802473,0.6391656398773193,0.12755060195922852
500,8.6,127.14239999999997,10.319999999999999,1,1,1,3,2.8284268623516025,4.118845836550842,0.8394486904144287,0.15595698356628418
500,8.6,127.14239999999997,10.319999999999999,1,1,1,4,2.82842695492202,4.0990758191510865,0.62689208984375,0.12322664260864258
500,8.6,127.14239999999997,10.319999999999999,1,1,1,5,2.828427111434025,5.054107146010827,0.5224335193634033,0.11606383323669434
500,8.6,127.14239999999997,10.319999999999999,1,1,1,6,2.8284245762940508,4.761908120573825,0.5775771141052246,0.10089111328125
500,8.6,127.14239999999997,10.319999999999999,1,1,1,7,2.828424097294748,5.406412310362069,0.560396671295166,0.09669160842895508
500,8.6,127.14239999999997,10.319999999999999,1,1,1,8,2.8284263596148276,4.691832355842982,0.6940000057220459,0.15607786178588867
500,8.6,127.14239999999997,10.319999999999999,1,1,1,9,2.8284247851880453,4.755193585198643,0.6345705986022949,0.11843466758728027
500,8.6,127.14239999999997,10.319999999999999,1,1,1,10,2.8284270783361243,5.1219074360218935,0.6339054107666016,0.10219645500183105
500,8.6,127.14239999999997,10.319999999999999,1,1,1,11,2.8284256163126362,4.3612580197991875,0.6035768985748291,0.09053897857666016
500,8.6,127.14239999999997,10.319999999999999,1,1,1,12,2.8284226699299957,4.9876593505916755,0.550039529800415,0.10045194625854492
500,8.6,127.14239999999997,10.319999999999999,1,1,1,13,2.8284252001053427,4.950576434434921,0.7327237129211426,0.11965370178222656
500,8.6,127.14239999999997,10.319999999999999,1,1,1,14,2.8284217539625995,5.425121745061043,0.53212571144104,0.11292004585266113
500,8.6,127.14239999999997,10.319999999999999,1,1,1,15,2.8284201895401173,5.133529231673852,0.5202579498291016,0.12363982200622559
500,8.6,127.14239999999997,10.319999999999999,1,1,1,16,2.828426483857862,6.755026502816238,0.503485918045044,0.12163519859313965
500,8.6,127.14239999999997,10.319999999999999,1,1,1,17,2.828422398937707,4.896393260486025,0.5102505683898926,0.1176912784576416
500,8.6,127.14239999999997,10.319999999999999,1,1,1,18,2.8284271187613568,5.286900491453249,0.5542159080505371,0.1232903003692627
500,8.6,127.14239999999997,10.319999999999999,1,1,1,19,2.8284268475677807,5.22836903165667,0.6754281520843506,0.13642239570617676
500,8.6,127.14239999999997,10.319999999999999,1,1,1,20,2.8284237006205033,5.961584088097868,0.4920814037322998,0.11668062210083008
500,8.6,127.14239999999997,10.319999999999999,1,1,1,21,2.8284008714142463,4.871715098110978,0.552349328994751,0.10453939437866211
500,8.6,127.14239999999997,10.319999999999999,1,1,1,22,2.8284271103594665,4.636640615244263,0.5834150314331055,0.08766889572143555
500,8.6,127.14239999999997,10.319999999999999,1,1,1,23,2.8284231896119563,5.314484351136553,0.6330568790435791,0.11461806297302246
500,8.6,127.14239999999997,10.319999999999999,1,1,1,24,2.8284151369496064,6.437405545348919,0.9090497493743896,0.17025542259216309
500,8.8,132.6336,10.56,1,1,1,0,2.8284091793432324,6.219927225854268,0.6227152347564697,0.1356830596923828
500,8.8,132.6336,10.56,1,1,1,1,2.8284239100786137,5.055178792417763,0.6258001327514648,0.11572027206420898
500,8.8,132.6336,10.56,1,1,1,2,2.828425784504187,4.596926262406212,0.6191766262054443,0.11173510551452637
500,8.8,132.6336,10.56,1,1,1,3,2.828427121099696,5.968616905614934,0.5468599796295166,0.12360501289367676
500,8.8,132.6336,10.56,1,1,1,4,2.8284271216749555,5.925240326850882,0.6650345325469971,0.13341975212097168
500,8.8,132.6336,10.56,1,1,1,5,2.8284219890763307,5.0920802379903884,0.5966095924377441,0.1155707836151123
500,8.8,132.6336,10.56,1,1,1,6,2.828412404181207,4.813215256676969,0.5812966823577881,0.1054239273071289
500,8.8,132.6336,10.56,1,1,1,7,2.828426119668573,5.32932745624084,0.5788500308990479,0.10663795471191406
500,8.8,132.6336,10.56,1,1,1,8,2.828399647758737,4.955317593629894,0.5158040523529053,0.10050487518310547
500,8.8,132.6336,10.56,1,1,1,9,2.828421638263023,5.252742083372487,0.6036536693572998,0.10778951644897461
500,8.8,132.6336,10.56,1,1,1,10,2.828426126514236,4.17731055355841,0.7078471183776855,0.11866235733032227
500,8.8,132.6336,10.56,1,1,1,11,2.8284268433488013,5.364901742428038,0.5120086669921875,0.11736869812011719
500,8.8,132.6336,10.56,1,1,1,12,2.828419248904161,5.445774970975046,0.4984734058380127,0.11860299110412598
500,8.8,132.6336,10.56,1,1,1,13,2.8284166854053567,5.036426839143845,0.5121734142303467,0.11058712005615234
500,8.8,132.6336,10.56,1,1,1,14,2.828379342712774,4.7924355205656175,0.5379018783569336,0.10769248008728027
500,8.8,132.6336,10.56,1,1,1,15,2.8284170442410836,5.578436870141845,0.6898515224456787,0.12253808975219727
500,8.8,132.6336,10.56,1,1,1,16,2.828426825741902,5.318343362625571,0.6798858642578125,0.12855148315429688
500,8.8,132.6336,10.56,1,1,1,17,2.8284222108381973,4.4105790620742535,0.5249736309051514,0.11174607276916504
500,8.8,132.6336,10.56,1,1,1,18,2.828427120721862,4.7017221571070165,0.6475813388824463,0.12134933471679688
500,8.8,132.6336,10.56,1,1,1,19,2.8284227005038405,5.164665628061908,0.6836061477661133,0.13474059104919434
500,8.8,132.6336,10.56,1,1,1,20,2.828412138330962,5.775804633985299,0.5975549221038818,0.15012097358703613
500,8.8,132.6336,10.56,1,1,1,21,2.8284237383510447,5.703932743877338,0.6787359714508057,0.14232707023620605
500,8.8,132.6336,10.56,1,1,1,22,2.828426638104328,5.584818252050285,0.5216081142425537,0.10949397087097168
500,8.8,132.6336,10.56,1,1,1,23,2.8284175255733968,4.8524586939074315,0.4945838451385498,0.12827491760253906
500,8.8,132.6336,10.56,1,1,1,24,2.8284212230649426,4.683383155408875,0.5791637897491455,0.10757708549499512
500,9.0,138.23999999999998,10.799999999999999,1,1,1,0,2.828414058876916,4.530386613838354,0.5194518566131592,0.10137701034545898
500,9.0,138.23999999999998,10.799999999999999,1,1,1,1,2.8284266589432057,4.942374936282442,0.7591691017150879,0.11373066902160645
500,9.0,138.23999999999998,10.799999999999999,1,1,1,2,2.828407989564402,5.136362382605926,0.6600480079650879,0.12567901611328125
500,9.0,138.23999999999998,10.799999999999999,1,1,1,3,2.8284255488729015,4.8900232640142525,0.5214917659759521,0.1216590404510498
500,9.0,138.23999999999998,10.799999999999999,1,1,1,4,2.8284271037682815,5.673669349120355,0.5234198570251465,0.10340118408203125
500,9.0,138.23999999999998,10.799999999999999,1,1,1,5,2.828400767424735,4.659637770439622,0.526447057723999,0.09617877006530762
500,9.0,138.23999999999998,10.799999999999999,1,1,1,6,2.8284270470418087,5.8182708909460725,0.6573398113250732,0.11463403701782227
500,9.0,138.23999999999998,10.799999999999999,1,1,1,7,2.828426026477484,4.940996396289652,0.6933457851409912,0.1490767002105713
500,9.0,138.23999999999998,10.799999999999999,1,1,1,8,2.8283807702237893,4.745612574594167,0.5788888931274414,0.10389494895935059
500,9.0,138.23999999999998,10.799999999999999,1,1,1,9,2.828424939638249,5.005401484120653,0.5556559562683105,0.09516167640686035
500,9.0,138.23999999999998,10.799999999999999,1,1,1,10,2.8284254436178724,6.349508371303263,0.5268666744232178,0.1116950511932373
500,9.0,138.23999999999998,10.799999999999999,1,1,1,11,2.828421017163813,5.5217158823546875,0.5130660533905029,0.10855555534362793
500,9.0,138.23999999999998,10.799999999999999,1,1,1,12,2.8284231942273608,5.729465306390656,0.6167864799499512,0.11688041687011719
500,9.0,138.23999999999998,10.799999999999999,1,1,1,13,2.8284236537677145,4.774102716837248,0.6999754905700684,0.11869382858276367
500,9.0,138.23999999999998,10.799999999999999,1,1,1,14,2.828426874914228,4.696101317041863,0.646247148513794,0.12367081642150879
500,9.0,138.23999999999998,10.799999999999999,1,1,1,15,2.8284270626112527,4.807929542625942,0.708674430847168,0.12366104125976562
500,9.0,138.23999999999998,10.799999999999999,1,1,1,16,2.828420517004331,6.710352906838269,0.5553734302520752,0.1029348373413086
500,9.0,138.23999999999998,10.799999999999999,1,1,1,17,2.828417605987849,5.393160377643099,0.6616346836090088,0.1146690845489502
500,9.0,138.23999999999998,10.799999999999999,1,1,1,18,2.8284113173595427,6.77933268725812,0.6346356868743896,0.11427998542785645
500,9.0,138.23999999999998,10.799999999999999,1,1,1,19,2.8284266697296925,4.332525504242615,0.5872294902801514,0.08837318420410156
500,9.0,138.23999999999998,10.799999999999999,1,1,1,20,2.8284238326970534,5.00450829769065,0.6112673282623291,0.09426546096801758
500,9.0,138.23999999999998,10.799999999999999,1,1,1,21,2.828426571695916,6.092555498138771,0.6189465522766113,0.09642314910888672
500,9.0,138.23999999999998,10.799999999999999,1,1,1,22,2.82841895193168,5.972837754872071,0.5909690856933594,0.1017160415649414
500,9.0,138.23999999999998,10.799999999999999,1,1,1,23,2.8284138165459423,4.742258490827589,0.6579408645629883,0.14487576484680176
500,9.0,138.23999999999998,10.799999999999999,1,1,1,24,2.8284199967155956,5.5389553457150935,0.5975644588470459,0.1096653938293457
500,9.200000000000001,143.96160000000003,11.040000000000001,1,1,1,0,2.8283542546293243,5.133306658926859,0.5824687480926514,0.09358072280883789
500,9.200000000000001,143.96160000000003,11.040000000000001,1,1,1,1,2.8284172027429983,4.408695004379132,0.5934484004974365,0.09776473045349121
500,9.200000000000001,143.96160000000003,11.040000000000001,1,1,1,2,2.8284193428938154,5.115685373770812,0.5828657150268555,0.08974981307983398
500,9.200000000000001,143.96160000000003,11.040000000000001,1,1,1,3,2.828426860488965,5.52992124926749,0.6828057765960693,0.13265275955200195
500,9.200000000000001,143.96160000000003,11.040000000000001,1,1,1,4,2.8284271246249784,4.710132833151671,0.5434248447418213,0.11197590827941895
500,9.200000000000001,143.96160000000003,11.040000000000001,1,1,1,5,2.8284247105188833,4.9484318845761885,0.5208885669708252,0.1080923080444336
500,9.200000000000001,143.96160000000003,11.040000000000001,1,1,1,6,2.828426908553759,4.630495814080742,0.5038604736328125,0.10377311706542969
500,9.200000000000001,143.96160000000003,11.040000000000001,1,1,1,7,2.8284258453961155,4.218000757438153,0.5714027881622314,0.09417152404785156
500,9.200000000000001,143.96160000000003,11.040000000000001,1,1,1,8,2.8284269530514763,4.973618498949346,0.6361627578735352,0.1104729175567627
500,9.200000000000001,143.96160000000003,11.040000000000001,1,1,1,9,2.8284232643587193,6.201733355634617,0.7100646495819092,0.1679370403289795
500,9.200000000000001,143.96160000000003,11.040000000000001,1,1,1,10,2.828414856123939,5.247786804885717,0.7463781833648682,0.18013715744018555
500,9.200000000000001,143.96160000000003,11.040000000000001,1,1,1,11,2.8284167688466484,6.056698529636452,0.5362682342529297,0.09756755828857422
500,9.200000000000001,143.96160000000003,11.040000000000001,1,1,1,12,2.828401656637515,5.29881345579626,0.5688514709472656,0.08813691139221191
500,9.200000000000001,143.96160000000003,11.040000000000001,1,1,1,13,2.828426895483466,4.406835580656549,0.5734860897064209,0.1290271282196045
500,9.200000000000001,143.96160000000003,11.040000000000001,1,1,1,14,2.8284267814630524,4.545533203371386,0.6659016609191895,0.14855217933654785
500,9.200000000000001,143.96160000000003,11.040000000000001,1,1,1,15,2.82842408579276,5.127870910144017,0.5453248023986816,0.10617899894714355
500,9.200000000000001,143.96160000000003,11.040000000000001,1,1,1,16,2.828427096186841,5.831915667089659,0.5763988494873047,0.1055912971496582
500,9.200000000000001,143.96160000000003,11.040000000000001,1,1,1,17,2.8284271140249424,5.29943151138534,0.5160636901855469,0.1149299144744873
500,9.200000000000001,143.96160000000003,11.040000000000001,1,1,1,18,2.8284245150378466,4.734948948965611,0.5312643051147461,0.11748623847961426
500,9.200000000000001,143.96160000000003,11.040000000000001,1,1,1,19,2.8284251372442704,4.462994035580212,0.6426100730895996,0.13012361526489258
500,9.200000000000001,143.96160000000003,11.040000000000001,1,1,1,20,2.828427123166586,4.903949474894062,0.5371191501617432,0.11247372627258301
500,9.200000000000001,143.96160000000003,11.040000000000001,1,1,1,21,2.828427124402891,5.24983027681382,0.49039769172668457,0.1319437026977539
500,9.200000000000001,143.96160000000003,11.040000000000001,1,1,1,22,2.828405056892775,5.1794502703689,0.5081653594970703,0.1180880069732666
500,9.200000000000001,143.96160000000003,11.040000000000001,1,1,1,23,2.8284267686346487,5.64582590274195,0.5068109035491943,0.0974576473236084
500,9.200000000000001,143.96160000000003,11.040000000000001,1,1,1,24,2.828427061617592,4.869442046637886,0.5024144649505615,0.10065007209777832
500,9.4,149.7984,11.28,1,1,1,0,2.8284207745771917,4.465404285904087,0.7357146739959717,0.12125420570373535
500,9.4,149.7984,11.28,1,1,1,1,2.828336542770373,5.084612143950402,0.5212428569793701,0.11043763160705566
500,9.4,149.7984,11.28,1,1,1,2,2.8284266328613463,4.8311841658164,0.5966291427612305,0.10055208206176758
500,9.4,149.7984,11.28,1,1,1,3,2.8284271136390293,5.910177787098442,0.5281684398651123,0.10849881172180176
500,9.4,149.7984,11.28,1,1,1,4,2.828426522465537,5.301623328801744,0.5716512203216553,0.1416780948638916
500,9.4,149.7984,11.28,1,1,1,5,2.8284270910011022,4.641047572518606,0.7971346378326416,0.1497185230255127
500,9.4,149.7984,11.28,1,1,1,6,2.8283340212365062,4.564623661902523,0.6600165367126465,0.11499643325805664
500,9.4,149.7984,11.28,1,1,1,7,2.8284267583072555,5.596678687324201,0.6408786773681641,0.1124885082244873
500,9.4,149.7984,11.28,1,1,1,8,2.82841893223726,5.675401411632749,0.6433324813842773,0.1266019344329834
500,9.4,149.7984,11.28,1,1,1,9,2.828421001497707,4.557066184678174,0.5671756267547607,0.10249876976013184
500,9.4,149.7984,11.28,1,1,1,10,2.828390359457607,5.467538138666269,0.6117613315582275,0.11515235900878906
500,9.4,149.7984,11.28,1,1,1,11,2.8284215419594516,5.38335305066158,0.6779484748840332,0.1390373706817627
500,9.4,149.7984,11.28,1,1,1,12,2.8283896163665836,4.416354324001122,0.578301191329956,0.0884866714477539
500,9.4,149.7984,11.28,1,1,1,13,2.8284269163547573,5.4384394237139935,0.5476434230804443,0.10498714447021484
500,9.4,149.7984,11.28,1,1,1,14,2.8284271162206105,5.514671151372762,0.5442969799041748,0.1125180721282959
500,9.4,149.7984,11.28,1,1,1,15,2.828423216277423,4.759100530461996,0.5070509910583496,0.12362790107727051
500,9.4,149.7984,11.28,1,1,1,16,2.828427123947186,5.16103383852158,0.7756490707397461,0.1412644386291504
500,9.4,149.7984,11.28,1,1,1,17,2.8284266317341364,4.803248257316623,0.6632895469665527,0.10472273826599121
500,9.4,149.7984,11.28,1,1,1,18,2.8284262413070533,5.7301524919990605,0.5603697299957275,0.13238167762756348
500,9.4,149.7984,11.28,1,1,1,19,2.828408827607062,5.494764602846549,0.562044620513916,0.11556172370910645
500,9.4,149.7984,11.28,1,1,1,20,2.8284255361427575,4.935985143761179,0.5878241062164307,0.10254192352294922
500,9.4,149.7984,11.28,1,1,1,21,2.828421612135801,5.683986197086602,0.6043384075164795,0.13865995407104492
500,9.4,149.7984,11.28,1,1,1,22,2.828419637687406,4.916852444978176,0.6732780933380127,0.1376495361328125
500,9.4,149.7984,11.28,1,1,1,23,2.8284262863981278,5.209361556915288,0.5284276008605957,0.10746026039123535
500,9.4,149.7984,11.28,1,1,1,24,2.828422084825422,5.120428359245323,0.6935348510742188,0.11165165901184082
500,9.600000000000001,155.75040000000004,11.520000000000001,1,1,1,0,2.828426508974563,4.570380100043052,0.6111259460449219,0.13698506355285645
500,9.600000000000001,155.75040000000004,11.520000000000001,1,1,1,1,2.8284251656653723,4.901863219699678,0.6440742015838623,0.11658477783203125
500,9.600000000000001,155.75040000000004,11.520000000000001,1,1,1,2,2.8284148594807887,5.411244098455023,0.6015231609344482,0.0923464298248291
500,9.600000000000001,155.75040000000004,11.520000000000001,1,1,1,3,2.8284238569480413,5.44391260233441,0.5713987350463867,0.10533547401428223
500,9.600000000000001,155.75040000000004,11.520000000000001,1,1,1,4,2.8284266543281906,4.481906495543229,0.6259975433349609,0.0955204963684082
500,9.600000000000001,155.75040000000004,11.520000000000001,1,1,1,5,2.8284267876630733,4.74948039266288,0.5104935169219971,0.11623978614807129
500,9.600000000000001,155.75040000000004,11.520000000000001,1,1,1,6,2.8283964826230825,4.754788220058393,0.5804569721221924,0.09251689910888672
500,9.600000000000001,155.75040000000004,11.520000000000001,1,1,1,7,2.828371864561409,4.74013076260347,0.7139320373535156,0.12364864349365234
500,9.600000000000001,155.75040000000004,11.520000000000001,1,1,1,8,2.828425890347701,6.9006109026317795,0.7027075290679932,0.12674474716186523
500,9.600000000000001,155.75040000000004,11.520000000000001,1,1,1,9,2.8284239722531597,5.117667051231578,0.5860657691955566,0.09259915351867676
500,9.600000000000001,155.75040000000004,11.520000000000001,1,1,1,10,2.8284268993851525,5.440832119992549,0.5679845809936523,0.1025230884552002
500,9.600000000000001,155.75040000000004,11.520000000000001,1,1,1,11,2.8284265246523708,5.160529367661419,0.5524952411651611,0.1134636402130127
500,9.600000000000001,155.75040000000004,11.520000000000001,1,1,1,12,2.8284271161707375,5.347467480456119,0.6377718448638916,0.1404285430908203
500,9.600000000000001,155.75040000000004,11.520000000000001,1,1,1,13,2.8282838010539635,4.751090565445324,0.7052576541900635,0.1265871524810791
500,9.600000000000001,155.75040000000004,11.520000000000001,1,1,1,14,2.8283779819661117,5.1731365221915,0.584237813949585,0.12071371078491211
500,9.600000000000001,155.75040000000004,11.520000000000001,1,1,1,15,2.828426283421488,4.604967557427657,0.6043038368225098,0.10962700843811035
500,9.600000000000001,155.75040000000004,11.520000000000001,1,1,1,16,2.8284271247172144,5.448596844770615,0.6587083339691162,0.10563468933105469
500,9.600000000000001,155.75040000000004,11.520000000000001,1,1,1,17,2.8284269133700355,5.256097259743581,0.5880515575408936,0.1315903663635254
500,9.600000000000001,155.75040000000004,11.520000000000001,1,1,1,18,2.828414999008342,4.92179376585034,0.6301751136779785,0.12766790390014648
500,9.600000000000001,155.75040000000004,11.520000000000001,1,1,1,19,2.8284243280212436,4.997871831553799,0.6343245506286621,0.11330008506774902
500,9.600000000000001,155.75040000000004,11.520000000000001,1,1,1,20,2.828422715297161,4.770453621912199,0.6607856750488281,0.12274646759033203
500,9.600000000000001,155.75040000000004,11.520000000000001,1,1,1,21,2.8284270020151085,4.477590999046547,0.5915412902832031,0.08775138854980469
500,9.600000000000001,155.75040000000004,11.520000000000001,1,1,1,22,2.8284258913091453,5.000376480436529,0.6007187366485596,0.08815717697143555
500,9.600000000000001,155.75040000000004,11.520000000000001,1,1,1,23,2.8284262934782323,4.599438870565885,0.6086134910583496,0.12469148635864258
500,9.600000000000001,155.75040000000004,11.520000000000001,1,1,1,24,2.828414557339986,5.222684637919017,0.7094511985778809,0.12077569961547852
500,9.8,161.8176,11.76,1,1,1,0,2.828422105434222,5.360748554418465,0.521174430847168,0.09955859184265137
500,9.8,161.8176,11.76,1,1,1,1,2.8284063981051832,5.750494158135783,0.5727317333221436,0.09685993194580078
500,9.8,161.8176,11.76,1,1,1,2,2.8284017881759573,6.942874438729336,0.6010518074035645,0.08853721618652344
500,9.8,161.8176,11.76,1,1,1,3,2.828426323135036,4.647683997250887,0.6767764091491699,0.1276707649230957
500,9.8,161.8176,11.76,1,1,1,4,2.828426721667412,5.636770247871635,0.7187168598175049,0.09616875648498535
500,9.8,161.8176,11.76,1,1,1,5,2.82842707841116,4.528862959750661,0.5679559707641602,0.11207818984985352
500,9.8,161.8176,11.76,1,1,1,6,2.828427061119578,4.64250964272288,0.5485739707946777,0.10106015205383301
500,9.8,161.8176,11.76,1,1,1,7,2.828413143950887,4.697507138729476,0.5419008731842041,0.10207796096801758
500,9.8,161.8176,11.76,1,1,1,8,2.8284245798038756,5.290229020918088,0.5114288330078125,0.09715390205383301
500,9.8,161.8176,11.76,1,1,1,9,2.828381415958255,5.342706507308488,0.6920554637908936,0.1286630630493164
500,9.8,161.8176,11.76,1,1,1,10,2.828427121922415,4.450879746835243,0.7293627262115479,0.10166049003601074
500,9.8,161.8176,11.76,1,1,1,11,2.828427002328298,4.772704926955964,0.6715376377105713,0.11061382293701172
500,9.8,161.8176,11.76,1,1,1,12,2.8284270021753732,6.259748057158139,0.6597278118133545,0.10561108589172363
500,9.8,161.8176,11.76,1,1,1,13,2.828426364263063,4.879819490240531,0.5682790279388428,0.10246062278747559
500,9.8,161.8176,11.76,1,1,1,14,2.8284220361310757,5.552063459752606,0.7559630870819092,0.1263740062713623
500,9.8,161.8176,11.76,1,1,1,15,2.828427088610086,4.852386645477884,0.6785705089569092,0.12641072273254395
500,9.8,161.8176,11.76,1,1,1,16,2.8284271034652266,5.379873675947991,0.5177319049835205,0.12181520462036133
500,9.8,161.8176,11.76,1,1,1,17,2.8284267099625313,4.615255992194478,0.5422000885009766,0.10444951057434082
500,9.8,161.8176,11.76,1,1,1,18,2.8284178567975995,4.427113772215489,0.5114071369171143,0.11452031135559082
500,9.8,161.8176,11.76,1,1,1,19,2.828422994682553,5.130020179951118,0.6372215747833252,0.12926626205444336
500,9.8,161.8176,11.76,1,1,1,20,2.828424719814501,4.88522389280808,0.6774437427520752,0.13872289657592773
500,9.8,161.8176,11.76,1,1,1,21,2.8284251799937414,5.231937714780866,0.5204429626464844,0.10645675659179688
500,9.8,161.8176,11.76,1,1,1,22,2.828425455886741,5.361134822565212,0.5386199951171875,0.10346794128417969
500,9.8,161.8176,11.76,1,1,1,23,2.828423873300938,5.6283945019874295,0.5162012577056885,0.11118078231811523
500,9.8,161.8176,11.76,1,1,1,24,2.8284264609279575,5.108540930391632,0.5943126678466797,0.09021353721618652
