n,s1,1_p_s2,s2,beta,q,sqrt_q,rep_no,eigen_mat_rerr,eigen_mat_terr,eigen_mat_ev_time,eigen_mat_cal_translation_time
500,0.0,15,3,1,1,1,0,0.26135718880175907,0.39976094996893563,0.42650604248046875,0.07403230667114258
500,0.0,15,3,1,1,1,1,0.2084393391825732,0.4192948111010067,0.3897829055786133,0.0745699405670166
500,0.0,15,3,1,1,1,2,0.19824221695406974,0.3720606900004264,0.3706812858581543,0.06389856338500977
500,0.0,15,3,1,1,1,3,0.25961415053912307,0.44985979103310475,0.3687312602996826,0.06341147422790527
500,0.0,15,3,1,1,1,4,0.1981985574700649,0.39782494622430553,0.3269228935241699,0.071502685546875
500,0.0,15,3,1,1,1,5,0.22766018092444024,0.4068976125642465,0.3268399238586426,0.0658721923828125
500,0.0,15,3,1,1,1,6,0.2150618555527393,0.34992770212235125,0.36208248138427734,0.06598114967346191
500,0.0,15,3,1,1,1,7,0.28190459949738694,0.4571193035848832,0.40298032760620117,0.08746671676635742
500,0.0,15,3,1,1,1,8,0.2752218823402129,0.6470646864201458,0.33315253257751465,0.06599974632263184
500,0.0,15,3,1,1,1,9,0.20557442192892617,0.3972636373434682,0.3355824947357178,0.06697702407836914
500,0.0,15,3,1,1,1,10,0.23210856193193224,0.3522807664384414,0.3574950695037842,0.06398868560791016
500,0.0,15,3,1,1,1,11,0.2370191942100329,0.4559065022315287,0.34324097633361816,0.06667637825012207
500,0.0,15,3,1,1,1,12,0.19626917192603927,0.37868204443378534,0.3455061912536621,0.06768369674682617
500,0.0,15,3,1,1,1,13,0.2577957431462376,0.4081985198297385,0.35996055603027344,0.06401729583740234
500,0.0,15,3,1,1,1,14,0.21370026021410404,0.3849763112966367,0.3393514156341553,0.06503152847290039
500,0.0,15,3,1,1,1,15,0.2982272210156778,0.4144523081599466,0.4156527519226074,0.08386015892028809
500,0.0,15,3,1,1,1,16,0.18349981883640418,0.36420700165844816,0.3340632915496826,0.0644066333770752
500,0.0,15,3,1,1,1,17,0.21006338511695918,0.3764520432806582,0.31958627700805664,0.06351184844970703
500,0.0,15,3,1,1,1,18,0.2013637856153809,0.3688396951167904,0.33005452156066895,0.06350898742675781
500,0.0,15,3,1,1,1,19,0.26852344220317437,0.5068296803706847,0.3120591640472412,0.06710314750671387
500,0.0,15,3,1,1,1,20,0.21553659550393944,0.48640969992955674,0.368776798248291,0.06198287010192871
500,0.0,15,3,1,1,1,21,0.23478082207980713,0.36207435910494307,0.33304381370544434,0.07050561904907227
500,0.0,15,3,1,1,1,22,0.2568043971016284,0.3970904395954664,0.41614270210266113,0.07350707054138184
500,0.0,15,3,1,1,1,23,0.2123748597591256,0.38810482972658117,0.34462785720825195,0.06249499320983887
500,0.0,15,3,1,1,1,24,0.20719177929141694,0.4561499182752521,0.33013057708740234,0.06409215927124023
500,0.2,15,3,1,1,1,0,0.2558279222819932,0.4433985464250691,0.33956456184387207,0.06851744651794434
500,0.2,15,3,1,1,1,1,0.2211766766294812,0.4277634578220546,0.3372154235839844,0.06201767921447754
500,0.2,15,3,1,1,1,2,0.23243735308517394,0.386542505973962,0.344576358795166,0.06451058387756348
500,0.2,15,3,1,1,1,3,0.2288114530985848,0.3744304609540552,0.33928489685058594,0.07451462745666504
500,0.2,15,3,1,1,1,4,0.24039496545553873,0.43944824252494386,0.43569207191467285,0.08351349830627441
500,0.2,15,3,1,1,1,5,0.22763715662655398,0.4230854254477296,0.399472713470459,0.07451486587524414
500,0.2,15,3,1,1,1,6,0.23457857326353945,0.41904327101567745,0.34443092346191406,0.06802988052368164
500,0.2,15,3,1,1,1,7,0.24222938968405416,0.39789259556371137,0.4953887462615967,0.09518790245056152
500,0.2,15,3,1,1,1,8,0.2571310376886048,0.3974349809402427,0.5236928462982178,0.10385513305664062
500,0.2,15,3,1,1,1,9,0.20810320228244705,0.41496544689685605,0.5010030269622803,0.10803103446960449
500,0.2,15,3,1,1,1,10,0.2515864007363112,0.4253782111232668,0.5018181800842285,0.09151625633239746
500,0.2,15,3,1,1,1,11,0.21318227876847148,0.4045867972045836,0.63163161277771,0.12041807174682617
500,0.2,15,3,1,1,1,12,0.2147591139128398,0.43497783629588277,0.5253653526306152,0.10151386260986328
500,0.2,15,3,1,1,1,13,0.24416933864546841,0.39013829077917306,0.5201492309570312,0.10054993629455566
500,0.2,15,3,1,1,1,14,0.2629378864632287,0.41315632096142446,0.5086183547973633,0.09452962875366211
500,0.2,15,3,1,1,1,15,0.2016327696001805,0.373943169738566,0.5104789733886719,0.09845280647277832
500,0.2,15,3,1,1,1,16,0.2260642678166615,0.3961323474855509,0.57914137840271,0.12352657318115234
500,0.2,15,3,1,1,1,17,0.21608435742038967,0.3996153781514871,0.646355152130127,0.10450148582458496
500,0.2,15,3,1,1,1,18,0.23307800951986415,0.4287930267557745,0.531158447265625,0.08753442764282227
500,0.2,15,3,1,1,1,19,0.192314682217276,0.3764577388657678,0.6203827857971191,0.11452794075012207
500,0.2,15,3,1,1,1,20,0.23477909974445338,0.4264091834837187,0.49130892753601074,0.08889317512512207
500,0.2,15,3,1,1,1,21,0.20155050268188204,0.3502821805477103,0.514580488204956,0.10844302177429199
500,0.2,15,3,1,1,1,22,0.2115337162561761,0.4455311794111182,0.644418478012085,0.11429643630981445
500,0.2,15,3,1,1,1,23,0.22660937355869548,0.34618458577283123,0.506108283996582,0.09215235710144043
500,0.2,15,3,1,1,1,24,0.21581420780574626,0.4226628051498751,0.5058727264404297,0.09755802154541016
500,0.4,15,3,1,1,1,0,0.19989954255429154,0.37545921995306775,0.5021615028381348,0.10191082954406738
500,0.4,15,3,1,1,1,1,0.214002938408051,0.44628942307869685,0.6405727863311768,0.12545204162597656
500,0.4,15,3,1,1,1,2,0.19571746150798583,0.40485450313971233,0.6109898090362549,0.12103867530822754
500,0.4,15,3,1,1,1,3,0.22212856486765384,0.4373913101278036,0.5411159992218018,0.09916996955871582
500,0.4,15,3,1,1,1,4,0.2377690791003467,0.4013338062831044,0.4858567714691162,0.09607052803039551
500,0.4,15,3,1,1,1,5,0.2082071696955817,0.4593942475860509,0.4846053123474121,0.11718964576721191
500,0.4,15,3,1,1,1,6,0.23223186453198663,0.47287971543936586,0.4992849826812744,0.12007951736450195
500,0.4,15,3,1,1,1,7,0.24984994870648555,0.38568977525742926,0.505277156829834,0.10300898551940918
500,0.4,15,3,1,1,1,8,0.22042908180349266,0.4193528925817467,0.68100905418396,0.13527250289916992
500,0.4,15,3,1,1,1,9,0.2894374619730214,0.5593066585071986,0.47173142433166504,0.09859561920166016
500,0.4,15,3,1,1,1,10,0.20968047781855287,0.36537945724155024,0.4962625503540039,0.0944817066192627
500,0.4,15,3,1,1,1,11,0.25735850005979466,0.3988766778073887,0.5083439350128174,0.10051345825195312
500,0.4,15,3,1,1,1,12,0.21732759127908916,0.37297368256931546,0.49898457527160645,0.09815096855163574
500,0.4,15,3,1,1,1,13,0.2166915620872106,0.3997126157564757,0.5174839496612549,0.0956113338470459
500,0.4,15,3,1,1,1,14,0.22609605004902358,0.44083861578158035,0.6851022243499756,0.12259364128112793
500,0.4,15,3,1,1,1,15,0.19963609022740691,0.3658432365427173,0.5238795280456543,0.0996236801147461
500,0.4,15,3,1,1,1,16,0.20261153736889637,0.3889322858895995,0.4955415725708008,0.09562110900878906
500,0.4,15,3,1,1,1,17,0.24615001114300544,0.4402749441645263,0.49442481994628906,0.09562325477600098
500,0.4,15,3,1,1,1,18,0.2147305645210816,0.44019784754544133,0.4985373020172119,0.0985560417175293
500,0.4,15,3,1,1,1,19,0.20413300497440495,0.3953851993667344,0.6351871490478516,0.1320629119873047
500,0.4,15,3,1,1,1,20,0.2600934367102669,0.42262297108042607,0.5789294242858887,0.09467792510986328
500,0.4,15,3,1,1,1,21,0.1992684084238398,0.36060121268949463,0.5681173801422119,0.11379194259643555
500,0.4,15,3,1,1,1,22,0.1973414205241227,0.43455120332119623,0.6444592475891113,0.15334105491638184
500,0.4,15,3,1,1,1,23,0.21486256779140508,0.42170746403494214,0.5049395561218262,0.10566449165344238
500,0.4,15,3,1,1,1,24,0.23136314584725,0.42692185763434937,0.5602691173553467,0.11440110206604004
500,0.6000000000000001,15,3,1,1,1,0,0.22790145115028845,0.4539989238993726,0.6504538059234619,0.11769747734069824
500,0.6000000000000001,15,3,1,1,1,1,0.23345423582873537,0.3741053935458527,0.4928100109100342,0.09459805488586426
500,0.6000000000000001,15,3,1,1,1,2,0.2344825454460278,0.4957265549285864,0.486879825592041,0.10603022575378418
500,0.6000000000000001,15,3,1,1,1,3,0.3278533526589942,0.41108191726467874,0.491910457611084,0.10277676582336426
500,0.6000000000000001,15,3,1,1,1,4,0.22501684372895833,0.4281254254362373,0.4896681308746338,0.11832785606384277
500,0.6000000000000001,15,3,1,1,1,5,0.26226765595014084,0.4138318924968803,0.6627471446990967,0.1371631622314453
500,0.6000000000000001,15,3,1,1,1,6,0.20410951635244795,0.3991592531774664,0.5265789031982422,0.09847259521484375
500,0.6000000000000001,15,3,1,1,1,7,0.29045523117222816,0.3983847962632583,0.5058913230895996,0.09813404083251953
500,0.6000000000000001,15,3,1,1,1,8,0.23700225605959035,0.4658133886977356,0.49916505813598633,0.09621500968933105
500,0.6000000000000001,15,3,1,1,1,9,0.22076718726983888,0.41502350657660075,0.49054598808288574,0.10136175155639648
500,0.6000000000000001,15,3,1,1,1,10,0.2423939401138242,0.453563201201664,0.5907571315765381,0.11579132080078125
500,0.6000000000000001,15,3,1,1,1,11,0.24948869829323692,0.44989476494639513,0.6114723682403564,0.12959671020507812
500,0.6000000000000001,15,3,1,1,1,12,0.20738868827676404,0.3395071907658404,0.5207130908966064,0.09553003311157227
500,0.6000000000000001,15,3,1,1,1,13,0.23487530276709848,0.394143357482897,0.50384521484375,0.09261727333068848
500,0.6000000000000001,15,3,1,1,1,14,0.24503488644186772,0.44622623475283935,0.5797617435455322,0.12162232398986816
500,0.6000000000000001,15,3,1,1,1,15,0.21820406624842525,0.39195932131066163,0.4931657314300537,0.09543538093566895
500,0.6000000000000001,15,3,1,1,1,16,0.27560190317442956,0.3743475475731243,0.6078579425811768,0.1427452564239502
500,0.6000000000000001,15,3,1,1,1,17,0.2491046084812531,0.5230254212974462,0.6045458316802979,0.11922693252563477
500,0.6000000000000001,15,3,1,1,1,18,0.2521315226021308,0.39853323269651536,0.651231050491333,0.12962841987609863
500,0.6000000000000001,15,3,1,1,1,19,0.2428884648395524,0.41078368171227725,0.554760217666626,0.1035304069519043
500,0.6000000000000001,15,3,1,1,1,20,0.23339055518817195,0.40815352332318383,0.5287940502166748,0.0981607437133789
500,0.6000000000000001,15,3,1,1,1,21,0.22038004808310754,0.4451159809125145,0.5197420120239258,0.1193537712097168
500,0.6000000000000001,15,3,1,1,1,22,0.23123741425209254,0.44341244933628304,0.6467502117156982,0.12943720817565918
500,0.6000000000000001,15,3,1,1,1,23,0.22897084208479,0.47864704539365754,0.49788689613342285,0.11871457099914551
500,0.6000000000000001,15,3,1,1,1,24,0.2123399655826054,0.35377498972452887,0.4949476718902588,0.10793757438659668
500,0.8,15,3,1,1,1,0,0.22023576860452687,0.42337402719675676,0.5107040405273438,0.09961295127868652
500,0.8,15,3,1,1,1,1,0.23964478129847094,0.44458222494638944,0.5353500843048096,0.09847903251647949
500,0.8,15,3,1,1,1,2,0.21265559370486448,0.41436016309203766,0.685340166091919,0.1364002227783203
500,0.8,15,3,1,1,1,3,0.2499491991657025,0.43836179384213886,0.6478297710418701,0.08739471435546875
500,0.8,15,3,1,1,1,4,0.2267932342775586,0.3998990860151338,0.5772240161895752,0.09468746185302734
500,0.8,15,3,1,1,1,5,0.20828328749330247,0.44173234901155856,0.5718607902526855,0.11260151863098145
500,0.8,15,3,1,1,1,6,0.225956021524064,0.36860284982366465,0.6308009624481201,0.08716964721679688
500,0.8,15,3,1,1,1,7,0.22367303874930444,0.39033008498079197,0.7853891849517822,0.1503458023071289
500,0.8,15,3,1,1,1,8,0.20268449856598605,0.36990588548801867,0.5960609912872314,0.10623812675476074
500,0.8,15,3,1,1,1,9,0.23349700712024046,0.4171216080714105,0.559894323348999,0.1259903907775879
500,0.8,15,3,1,1,1,10,0.24028036652997617,0.4085434309475072,0.5863485336303711,0.12043476104736328
500,0.8,15,3,1,1,1,11,0.23085987673677946,0.4078559752322729,0.6006679534912109,0.11691164970397949
500,0.8,15,3,1,1,1,12,0.2500214096928418,0.4388298715815304,0.7547342777252197,0.14892196655273438
500,0.8,15,3,1,1,1,13,0.2443724813104412,0.39359204391051894,0.6195282936096191,0.12180066108703613
500,0.8,15,3,1,1,1,14,0.2256238865757106,0.4897233088016012,0.6014394760131836,0.11904573440551758
500,0.8,15,3,1,1,1,15,0.24475271242942012,0.4190359913379953,0.5849606990814209,0.09401059150695801
500,0.8,15,3,1,1,1,16,0.22675140527509335,0.389616366006197,0.5522072315216064,0.10599565505981445
500,0.8,15,3,1,1,1,17,0.25872953152655703,0.39954034068860333,0.583275556564331,0.12343263626098633
500,0.8,15,3,1,1,1,18,0.2936213589591012,0.43463615960939606,0.8335700035095215,0.12774229049682617
500,0.8,15,3,1,1,1,19,0.30435822439728694,0.3609417569111851,0.578026533126831,0.0784614086151123
500,0.8,15,3,1,1,1,20,0.21513946330573452,0.4118326755829637,0.539334774017334,0.12514972686767578
500,0.8,15,3,1,1,1,21,0.28784564726797984,0.3834178761589888,0.5938398838043213,0.09619736671447754
500,0.8,15,3,1,1,1,22,0.23997527091862586,0.4700999296752594,0.6027522087097168,0.10127615928649902
500,0.8,15,3,1,1,1,23,0.2297354188539744,0.3710381407301637,0.7212824821472168,0.1266334056854248
500,0.8,15,3,1,1,1,24,0.22777033190124016,0.4169416011317431,0.6460766792297363,0.10650920867919922
500,1.0,15,3,1,1,1,0,0.2606703761687559,0.38596369730532754,0.5664873123168945,0.11303305625915527
500,1.0,15,3,1,1,1,1,0.26770693853971517,0.4087079574773911,0.5541901588439941,0.1044614315032959
500,1.0,15,3,1,1,1,2,0.2873043003036261,0.4194080010077891,0.5488128662109375,0.11353063583374023
500,1.0,15,3,1,1,1,3,0.23866624056286734,0.4781568256477489,0.6335349082946777,0.1541130542755127
500,1.0,15,3,1,1,1,4,0.22423381919983662,0.3898458206348496,0.6482024192810059,0.10346174240112305
500,1.0,15,3,1,1,1,5,0.30490181786306725,0.3649382024032499,0.5782468318939209,0.08000779151916504
500,1.0,15,3,1,1,1,6,0.2592273225073667,0.4280100413845336,0.6122100353240967,0.09595680236816406
500,1.0,15,3,1,1,1,7,0.2363039153990515,0.39109600996001687,0.7520678043365479,0.1248936653137207
500,1.0,15,3,1,1,1,8,0.2116890857336483,0.4336172237485609,0.719785213470459,0.1273183822631836
500,1.0,15,3,1,1,1,9,0.23608707753691177,0.43849132263009505,0.7153949737548828,0.10910367965698242
500,1.0,15,3,1,1,1,10,0.2630083780828593,0.535651704302938,0.5958621501922607,0.0984194278717041
500,1.0,15,3,1,1,1,11,0.34522594597493705,0.44036162137631596,0.5663716793060303,0.11553359031677246
500,1.0,15,3,1,1,1,12,0.23273561725078976,0.3537267061373028,0.5603885650634766,0.09100508689880371
500,1.0,15,3,1,1,1,13,0.3658606048472613,0.46440409271548305,0.5853514671325684,0.09827923774719238
500,1.0,15,3,1,1,1,14,0.24399068612116098,0.4407389246135708,0.7345931529998779,0.12109112739562988
500,1.0,15,3,1,1,1,15,0.23777936485277398,0.3970911629100355,0.5764636993408203,0.09654927253723145
500,1.0,15,3,1,1,1,16,0.3242431869324605,0.4685795682790089,0.5609047412872314,0.11197733879089355
500,1.0,15,3,1,1,1,17,0.23214220011861753,0.47867222594308545,0.5566632747650146,0.1181635856628418
500,1.0,15,3,1,1,1,18,0.2274003527131764,0.40701622635193346,0.5867609977722168,0.11808538436889648
500,1.0,15,3,1,1,1,19,0.23423054047052244,0.3915850081087978,0.7097592353820801,0.1287062168121338
500,1.0,15,3,1,1,1,20,0.26468895027691325,0.43466303673606926,0.5909783840179443,0.1250932216644287
500,1.0,15,3,1,1,1,21,0.22355532800163563,0.4311063876637471,0.5883641242980957,0.10647964477539062
500,1.0,15,3,1,1,1,22,0.23567898464685275,0.5142113371692904,0.6143488883972168,0.09659051895141602
500,1.0,15,3,1,1,1,23,0.23544511874443427,0.3783009631102208,0.5723118782043457,0.11305809020996094
500,1.0,15,3,1,1,1,24,0.2627641336702342,0.3595261358403953,0.5544533729553223,0.12568402290344238
500,1.2000000000000002,15,3,1,1,1,0,0.24192105630986022,0.380127554512294,0.7475306987762451,0.13538479804992676
500,1.2000000000000002,15,3,1,1,1,1,0.23260109519755245,0.3672465677723797,0.561671257019043,0.11211633682250977
500,1.2000000000000002,15,3,1,1,1,2,0.2319413227443275,0.4067840633426352,0.7690355777740479,0.12604045867919922
500,1.2000000000000002,15,3,1,1,1,3,0.22818039550201888,0.44742939122485975,0.5570762157440186,0.11674141883850098
500,1.2000000000000002,15,3,1,1,1,4,0.2437458678794335,0.3852784489519472,0.5354557037353516,0.10321879386901855
500,1.2000000000000002,15,3,1,1,1,5,0.2809389883757469,0.41436198484755055,0.7529501914978027,0.12276315689086914
500,1.2000000000000002,15,3,1,1,1,6,0.3203176459690598,0.4399272926358176,0.5910108089447021,0.08819770812988281
500,1.2000000000000002,15,3,1,1,1,7,0.2605930538467977,0.4668617018860043,0.5585784912109375,0.11336970329284668
500,1.2000000000000002,15,3,1,1,1,8,0.26104552895421723,0.4470102331596139,0.6041021347045898,0.10274195671081543
500,1.2000000000000002,15,3,1,1,1,9,0.25693097975453494,0.4179413064197198,0.702970027923584,0.09406256675720215
500,1.2000000000000002,15,3,1,1,1,10,0.22463191578535213,0.4210849233384844,0.7183024883270264,0.15000104904174805
500,1.2000000000000002,15,3,1,1,1,11,0.2382183312936117,0.3727747806755925,0.5752034187316895,0.11450028419494629
500,1.2000000000000002,15,3,1,1,1,12,0.2545809014477774,0.3786969320964944,0.5558829307556152,0.08546876907348633
500,1.2000000000000002,15,3,1,1,1,13,0.21925544191087076,0.3907596663722725,0.5557546615600586,0.13976144790649414
500,1.2000000000000002,15,3,1,1,1,14,0.23344851534864036,0.38423740947829005,0.613563060760498,0.1135098934173584
500,1.2000000000000002,15,3,1,1,1,15,0.23156174639705907,0.38610657935542037,0.6741864681243896,0.12742257118225098
500,1.2000000000000002,15,3,1,1,1,16,0.25647394983315125,0.3896732343163249,0.6303558349609375,0.095703125
500,1.2000000000000002,15,3,1,1,1,17,0.2666667528818632,0.3580651057799912,0.6029329299926758,0.09034180641174316
500,1.2000000000000002,15,3,1,1,1,18,0.2632431976043166,0.4022685687845897,0.5692589282989502,0.09766411781311035
500,1.2000000000000002,15,3,1,1,1,19,0.2578406404317978,0.4950434735267147,0.5840253829956055,0.11790037155151367
500,1.2000000000000002,15,3,1,1,1,20,0.2929519235746229,0.39235794846120403,0.5836009979248047,0.09810972213745117
500,1.2000000000000002,15,3,1,1,1,21,0.25599828748057896,0.43077442114031866,0.7380216121673584,0.13496923446655273
500,1.2000000000000002,15,3,1,1,1,22,0.26109903826299424,0.4082834765056442,0.6949436664581299,0.11853623390197754
500,1.2000000000000002,15,3,1,1,1,23,0.27758597649976036,0.3906924092522828,0.5927634239196777,0.11051654815673828
500,1.2000000000000002,15,3,1,1,1,24,0.2699725434344662,0.5286113520058779,0.5881490707397461,0.13761329650878906
500,1.4000000000000001,15,3,1,1,1,0,0.2967723847694705,0.5356926171197833,0.624474287033081,0.08642148971557617
500,1.4000000000000001,15,3,1,1,1,1,0.2751017198989354,0.36708470513274316,0.7024366855621338,0.15015602111816406
500,1.4000000000000001,15,3,1,1,1,2,0.2898774884081566,0.39945939397432667,0.5822837352752686,0.11153507232666016
500,1.4000000000000001,15,3,1,1,1,3,0.2869669895746395,0.49865738839199525,0.5693938732147217,0.10195755958557129
500,1.4000000000000001,15,3,1,1,1,4,0.25419229121244785,0.5237473648919106,0.5997991561889648,0.08846688270568848
500,1.4000000000000001,15,3,1,1,1,5,0.28579434380880653,0.381409140297228,0.6124720573425293,0.11309671401977539
500,1.4000000000000001,15,3,1,1,1,6,0.23578666615820917,0.42844131906441535,0.7698731422424316,0.12151813507080078
500,1.4000000000000001,15,3,1,1,1,7,0.27726766132213915,0.40072953589275045,0.7325239181518555,0.09751009941101074
500,1.4000000000000001,15,3,1,1,1,8,0.2618219140539607,0.44343671170001336,0.6120059490203857,0.08393192291259766
500,1.4000000000000001,15,3,1,1,1,9,0.2534744535967358,0.44935119503871057,0.5858807563781738,0.10040616989135742
500,1.4000000000000001,15,3,1,1,1,10,0.2668118944032762,0.42577355823581486,0.5657308101654053,0.12396836280822754
500,1.4000000000000001,15,3,1,1,1,11,0.2955386820509466,0.4397357104511796,0.6711349487304688,0.12691926956176758
500,1.4000000000000001,15,3,1,1,1,12,0.27783957459031694,0.4560697677366423,0.6414389610290527,0.09763908386230469
500,1.4000000000000001,15,3,1,1,1,13,0.26726914871589963,0.40967366734561644,0.6122970581054688,0.0979921817779541
500,1.4000000000000001,15,3,1,1,1,14,0.29686547558353515,0.466212496581172,0.564939022064209,0.11544919013977051
500,1.4000000000000001,15,3,1,1,1,15,0.3243513871979999,0.4344398062285985,0.547072172164917,0.10743856430053711
500,1.4000000000000001,15,3,1,1,1,16,0.29669719685963897,0.3860223580954246,0.6435432434082031,0.14049911499023438
500,1.4000000000000001,15,3,1,1,1,17,0.27756830984315406,0.4267062373333143,0.8119146823883057,0.13160061836242676
500,1.4000000000000001,15,3,1,1,1,18,0.29159441574578204,0.42379356082002206,0.57769775390625,0.07585477828979492
500,1.4000000000000001,15,3,1,1,1,19,0.2713346585870346,0.400257859904209,0.6815383434295654,0.10408782958984375
500,1.4000000000000001,15,3,1,1,1,20,0.29316208555533924,0.4043722434369747,0.5864300727844238,0.10346174240112305
500,1.4000000000000001,15,3,1,1,1,21,0.2537967611574377,0.41946108591753883,0.5978820323944092,0.1150665283203125
500,1.4000000000000001,15,3,1,1,1,22,0.24870889711475053,0.4061455404290361,0.7931489944458008,0.1410677433013916
500,1.4000000000000001,15,3,1,1,1,23,0.2528602132817852,0.38968775644504816,0.5732781887054443,0.11309146881103516
500,1.4000000000000001,15,3,1,1,1,24,0.22641483979851193,0.38286172604596186,0.5769138336181641,0.09164905548095703
500,1.6,15,3,1,1,1,0,0.27864290515597473,0.416806683820877,0.5563039779663086,0.0920724868774414
500,1.6,15,3,1,1,1,1,0.2941485885852298,0.4039333414721392,0.5530269145965576,0.1121375560760498
500,1.6,15,3,1,1,1,2,0.2894787958166404,0.47161813720734236,0.7561361789703369,0.12451291084289551
500,1.6,15,3,1,1,1,3,0.31052629278024074,0.44648815566021055,0.6054413318634033,0.07339620590209961
500,1.6,15,3,1,1,1,4,0.24830488021450553,0.382580997317484,0.5630452632904053,0.12598824501037598
500,1.6,15,3,1,1,1,5,0.301626711869214,0.3988221375748113,0.5683753490447998,0.11676025390625
500,1.6,15,3,1,1,1,6,0.2522301121582539,0.39665377120667944,0.6297085285186768,0.07668042182922363
500,1.6,15,3,1,1,1,7,0.26542646883953425,0.3724830028198694,0.6064307689666748,0.12552428245544434
500,1.6,15,3,1,1,1,8,0.2949653497550495,0.5012284334644086,0.7480514049530029,0.12362051010131836
500,1.6,15,3,1,1,1,9,0.2721041037253296,0.41439900178205646,0.5844378471374512,0.09311938285827637
500,1.6,15,3,1,1,1,10,0.2767537380798674,0.4167997735591258,0.5914480686187744,0.11973953247070312
500,1.6,15,3,1,1,1,11,0.31330210968125893,0.47899153962001445,0.7334339618682861,0.1207284927368164
500,1.6,15,3,1,1,1,12,0.2846501370729543,0.36995776210887793,0.7474813461303711,0.08961939811706543
500,1.6,15,3,1,1,1,13,0.27446935349084783,0.5743272758558797,0.726614236831665,0.1153402328491211
500,1.6,15,3,1,1,1,14,0.3126679640744165,0.3755762415999051,0.5985615253448486,0.08551549911499023
500,1.6,15,3,1,1,1,15,0.2963289979058714,0.47190023265163145,0.6057693958282471,0.08500480651855469
500,1.6,15,3,1,1,1,16,0.29016680228279856,0.43595895546919594,0.5918030738830566,0.12054729461669922
500,1.6,15,3,1,1,1,17,0.28504109834877994,0.3474139595627966,0.5438103675842285,0.10763692855834961
500,1.6,15,3,1,1,1,18,0.27601311752137137,0.4362435438457813,0.7166948318481445,0.11891913414001465
500,1.6,15,3,1,1,1,19,0.28218695544641725,0.4356424224099925,0.5782978534698486,0.10225749015808105
500,1.6,15,3,1,1,1,20,0.28455495724373153,0.4248944173775014,0.5883240699768066,0.11014628410339355
500,1.6,15,3,1,1,1,21,0.27514339820381684,0.39489476339428686,0.5764501094818115,0.1134641170501709
500,1.6,15,3,1,1,1,22,0.24006352462949967,0.3658228067110945,0.5728623867034912,0.10040044784545898
500,1.6,15,3,1,1,1,23,0.29545551056211883,0.40874371008252486,0.7186145782470703,0.14702486991882324
500,1.6,15,3,1,1,1,24,0.2775914692739089,0.4291033386043454,0.605560302734375,0.09402918815612793
500,1.8,15,3,1,1,1,0,0.31747434014167136,0.43597216916251996,0.6089658737182617,0.10591292381286621
500,1.8,15,3,1,1,1,1,0.2603484288592243,0.44576264512365177,0.5930712223052979,0.10751628875732422
500,1.8,15,3,1,1,1,2,0.30476230758772177,0.38464167558542406,0.588153600692749,0.1010599136352539
500,1.8,15,3,1,1,1,3,0.2561882482126093,0.3814737973984011,0.6703317165374756,0.11311864852905273
500,1.8,15,3,1,1,1,4,0.2815992643106197,0.4198045114784163,0.7513852119445801,0.10830211639404297
500,1.8,15,3,1,1,1,5,0.28895065744910936,0.4105300132411266,0.6651597023010254,0.10096549987792969
500,1.8,15,3,1,1,1,6,0.29589983927997227,0.39066725002192637,0.7471024990081787,0.12711668014526367
500,1.8,15,3,1,1,1,7,0.29146743740939907,0.3966135540251847,0.6020636558532715,0.11377501487731934
500,1.8,15,3,1,1,1,8,0.3116740297306691,0.409439336079676,0.6376619338989258,0.12378191947937012
500,1.8,15,3,1,1,1,9,0.2872750163625638,0.46111514170525814,0.6449875831604004,0.09052538871765137
500,1.8,15,3,1,1,1,10,0.26135314319299824,0.48438688663605045,0.5712380409240723,0.11002111434936523
500,1.8,15,3,1,1,1,11,0.3110710484434496,0.4376092802638874,0.5411131381988525,0.11160564422607422
500,1.8,15,3,1,1,1,12,0.29814614880036067,0.39260032922165167,0.5903029441833496,0.1283876895904541
500,1.8,15,3,1,1,1,13,0.2786813204691106,0.3907602485234346,0.5848431587219238,0.11757087707519531
500,1.8,15,3,1,1,1,14,0.29070354264183573,0.39455364635077583,0.7094409465789795,0.13268017768859863
500,1.8,15,3,1,1,1,15,0.3341357795542458,0.3624880042931859,0.6067924499511719,0.09725427627563477
500,1.8,15,3,1,1,1,16,0.33233101507869645,0.4723836546540548,0.5715653896331787,0.09043765068054199
500,1.8,15,3,1,1,1,17,0.33448806097394435,0.4163049399752254,0.5637466907501221,0.09597039222717285
500,1.8,15,3,1,1,1,18,0.2962012381059341,0.4339210565779207,0.5685634613037109,0.13181066513061523
500,1.8,15,3,1,1,1,19,0.2976274263772541,0.5139278313528364,0.7647826671600342,0.12232065200805664
500,1.8,15,3,1,1,1,20,0.33415067344175253,0.44616628610894044,0.6260166168212891,0.09369277954101562
500,1.8,15,3,1,1,1,21,0.2842315297092317,0.40455611210032233,0.6144227981567383,0.08808541297912598
500,1.8,15,3,1,1,1,22,0.30525313451720076,0.45103742578481715,0.593620777130127,0.09356069564819336
500,1.8,15,3,1,1,1,23,0.300109956732194,0.40025885905761927,0.558377742767334,0.11040234565734863
500,1.8,15,3,1,1,1,24,0.3103527948035244,0.40549045216064444,0.6806790828704834,0.13591289520263672
500,2.0,15,3,1,1,1,0,0.32760934044129,0.48647410624067244,0.7890992164611816,0.15052103996276855
500,2.0,15,3,1,1,1,1,0.27272529285211805,0.39658436442810285,0.7096860408782959,0.12860417366027832
500,2.0,15,3,1,1,1,2,0.32388152982887575,0.39158147452971265,0.636282205581665,0.09551620483398438
500,2.0,15,3,1,1,1,3,0.35364097735460215,0.36268390671571515,0.5998387336730957,0.11768078804016113
500,2.0,15,3,1,1,1,4,0.29827211523671326,0.38978682826144206,0.5945968627929688,0.11648178100585938
500,2.0,15,3,1,1,1,5,0.2964850875496569,0.4340342184737989,0.7323379516601562,0.0983879566192627
500,2.0,15,3,1,1,1,6,0.292023070309105,0.4434539117212702,0.5869781970977783,0.08957624435424805
500,2.0,15,3,1,1,1,7,0.3348663891199696,0.43773205688827593,0.6192102432250977,0.11254549026489258
500,2.0,15,3,1,1,1,8,0.29902545815989806,0.3892081973254312,0.5876193046569824,0.10741758346557617
500,2.0,15,3,1,1,1,9,0.3085593323460478,0.46817507248132667,0.5703232288360596,0.11325240135192871
500,2.0,15,3,1,1,1,10,0.3259193120138208,0.42379341049447283,0.7150611877441406,0.1520674228668213
500,2.0,15,3,1,1,1,11,0.27923743691248226,0.44283967936101293,0.6017565727233887,0.0868995189666748
500,2.0,15,3,1,1,1,12,0.3868885873226352,0.4824491466952366,0.5735318660736084,0.09302115440368652
500,2.0,15,3,1,1,1,13,0.36775777092908274,0.7105921967278876,0.5926215648651123,0.08197855949401855
500,2.0,15,3,1,1,1,14,0.28995539427137695,0.5203143429685108,0.5424182415008545,0.10099506378173828
500,2.0,15,3,1,1,1,15,0.28306954654076805,0.4196750597562717,0.7844178676605225,0.12410259246826172
500,2.0,15,3,1,1,1,16,0.30650358962199453,0.46070292150992026,0.5588016510009766,0.09563660621643066
500,2.0,15,3,1,1,1,17,0.3202482756895944,0.4358988555151821,0.6472742557525635,0.11338543891906738
500,2.0,15,3,1,1,1,18,0.28844860256300436,0.3974427088386616,0.6065361499786377,0.08740568161010742
500,2.0,15,3,1,1,1,19,0.304400415504313,0.4451335345056798,0.6080563068389893,0.09309554100036621
500,2.0,15,3,1,1,1,20,0.3207550950276127,0.42245295136398514,0.8865015506744385,0.1450800895690918
500,2.0,15,3,1,1,1,21,0.28280076029378,0.4399129053519427,0.6204965114593506,0.12542295455932617
500,2.0,15,3,1,1,1,22,0.288087810856265,0.3931855064418012,0.572709321975708,0.09884762763977051
500,2.0,15,3,1,1,1,23,0.26636647331586344,0.4627846112801672,0.5482020378112793,0.10756230354309082
500,2.0,15,3,1,1,1,24,0.3026745295390391,0.4140391332100048,0.5924031734466553,0.10963892936706543
500,2.2,15,3,1,1,1,0,0.3220355913457284,0.4564519537500824,0.7019836902618408,0.12360715866088867
500,2.2,15,3,1,1,1,1,0.34134155474528427,0.4351833670540147,0.6923191547393799,0.09802818298339844
500,2.2,15,3,1,1,1,2,0.33905647920318466,0.4181987650280993,0.5599336624145508,0.09047365188598633
500,2.2,15,3,1,1,1,3,0.3139409544107306,0.4228366288205841,0.5917046070098877,0.09958386421203613
500,2.2,15,3,1,1,1,4,0.3530877971848347,0.4607038561020973,0.6077075004577637,0.11561036109924316
500,2.2,15,3,1,1,1,5,0.32250495081998604,0.4342066387702077,0.6344821453094482,0.1112203598022461
500,2.2,15,3,1,1,1,6,0.34515606839904495,0.42200060862045924,0.7211048603057861,0.1488797664642334
500,2.2,15,3,1,1,1,7,0.3808097647318905,0.4476749346365178,0.6271040439605713,0.10257744789123535
500,2.2,15,3,1,1,1,8,0.3117292728091834,0.4153903169237706,0.6003804206848145,0.08651018142700195
500,2.2,15,3,1,1,1,9,0.41120181198349903,0.6288556223397106,0.5935823917388916,0.09792757034301758
500,2.2,15,3,1,1,1,10,0.32130924372448444,0.4712930649575565,0.583850622177124,0.09198260307312012
500,2.2,15,3,1,1,1,11,0.3834070845253931,0.4058422198566787,0.7348382472991943,0.126068115234375
500,2.2,15,3,1,1,1,12,0.36409568920369045,0.4920800610025423,0.5537109375,0.11347603797912598
500,2.2,15,3,1,1,1,13,0.32516420331991674,0.4427111919260378,0.5857083797454834,0.1214137077331543
500,2.2,15,3,1,1,1,14,0.3674271762421291,0.41138561967190135,0.6543762683868408,0.12444090843200684
500,2.2,15,3,1,1,1,15,0.3110138998406118,0.4434077410269082,0.6807656288146973,0.149522066116333
500,2.2,15,3,1,1,1,16,0.3278106699667271,0.43976388771646846,0.7406604290008545,0.12352299690246582
500,2.2,15,3,1,1,1,17,0.3072725986709602,0.4722072179307358,0.6133363246917725,0.09657049179077148
500,2.2,15,3,1,1,1,18,0.3728435646279136,0.3989976552964034,0.6061162948608398,0.10543465614318848
500,2.2,15,3,1,1,1,19,0.37947152158684233,0.42495413488436673,0.5651085376739502,0.11951994895935059
500,2.2,15,3,1,1,1,20,0.36239431964674895,0.4022851411487739,0.5543155670166016,0.09244251251220703
500,2.2,15,3,1,1,1,21,0.37730184472236067,0.43821229058113925,0.6495921611785889,0.1495523452758789
500,2.2,15,3,1,1,1,22,0.3385828305239727,0.49074437280030625,0.6303541660308838,0.10852313041687012
500,2.2,15,3,1,1,1,23,0.35916900935509943,0.43028194128126396,0.5278170108795166,0.10949134826660156
500,2.2,15,3,1,1,1,24,0.3680726490500386,0.4011594925915897,0.5550787448883057,0.11240959167480469
500,2.4000000000000004,15,3,1,1,1,0,0.3900227461743531,0.4564435385700516,0.5661411285400391,0.13030052185058594
500,2.4000000000000004,15,3,1,1,1,1,0.404737182573576,0.5443760708049228,0.5893192291259766,0.10234713554382324
500,2.4000000000000004,15,3,1,1,1,2,0.333976993237461,0.41002603143103084,0.7422144412994385,0.1199338436126709
500,2.4000000000000004,15,3,1,1,1,3,0.3510507539410133,0.4392521152932778,0.5849194526672363,0.10617780685424805
500,2.4000000000000004,15,3,1,1,1,4,0.35230057025863615,0.40575286590730336,0.5891170501708984,0.09548544883728027
500,2.4000000000000004,15,3,1,1,1,5,0.32642623364882767,0.4099712010394251,0.5682752132415771,0.09704399108886719
500,2.4000000000000004,15,3,1,1,1,6,0.3353465112273311,0.39362258686604834,0.5685551166534424,0.10145998001098633
500,2.4000000000000004,15,3,1,1,1,7,0.3451968914771172,0.4728715830373741,0.7452738285064697,0.12086987495422363
500,2.4000000000000004,15,3,1,1,1,8,0.3660728330172617,0.409096014065696,0.5703127384185791,0.10105013847351074
500,2.4000000000000004,15,3,1,1,1,9,0.4120999577804049,0.46178579847948775,0.6770164966583252,0.13517141342163086
500,2.4000000000000004,15,3,1,1,1,10,0.31854792121571546,0.4499511355051286,0.6934988498687744,0.14218783378601074
500,2.4000000000000004,15,3,1,1,1,11,0.34516776810270106,0.4771077395703445,0.6052412986755371,0.09130311012268066
500,2.4000000000000004,15,3,1,1,1,12,0.38574061961680933,0.42337783892374553,0.7462403774261475,0.12018108367919922
500,2.4000000000000004,15,3,1,1,1,13,0.32329181128524226,0.4068411225074911,0.6844792366027832,0.09098148345947266
500,2.4000000000000004,15,3,1,1,1,14,0.3729591503472124,0.40521910178192255,0.5786585807800293,0.11571574211120605
500,2.4000000000000004,15,3,1,1,1,15,0.3073733890752975,0.6148744888088156,0.556532621383667,0.12250614166259766
500,2.4000000000000004,15,3,1,1,1,16,0.3273828925674274,0.4219973218570864,0.5426414012908936,0.09611248970031738
500,2.4000000000000004,15,3,1,1,1,17,0.33464683105296944,0.3980918183622808,0.5648198127746582,0.09097170829772949
500,2.4000000000000004,15,3,1,1,1,18,0.36600995958071264,0.5181243985387874,0.7507274150848389,0.1160895824432373
500,2.4000000000000004,15,3,1,1,1,19,0.3391153508606229,0.42645759980585163,0.5646109580993652,0.10675406455993652
500,2.4000000000000004,15,3,1,1,1,20,0.3450767268032557,0.39068870349226886,0.589658260345459,0.1259315013885498
500,2.4000000000000004,15,3,1,1,1,21,0.39090310293713226,0.41636675485105357,0.6206223964691162,0.10542440414428711
500,2.4000000000000004,15,3,1,1,1,22,0.4150462140955679,0.39374575178342985,0.6089644432067871,0.10191512107849121
500,2.4000000000000004,15,3,1,1,1,23,0.3003733254043372,0.4498768230349843,0.6960959434509277,0.12518095970153809
500,2.4000000000000004,15,3,1,1,1,24,0.34246621350327905,0.5020309168239157,0.5954411029815674,0.10300517082214355
500,2.6,15,3,1,1,1,0,0.3789486796334749,0.47770931960275764,0.5955719947814941,0.09807133674621582
500,2.6,15,3,1,1,1,1,0.3769221825372375,0.5722735258142637,0.5682837963104248,0.08451318740844727
500,2.6,15,3,1,1,1,2,0.3688549757165466,0.45267326551305415,0.6187329292297363,0.09354066848754883
500,2.6,15,3,1,1,1,3,0.4238676400500298,0.4164921202757019,0.6752870082855225,0.12836170196533203
500,2.6,15,3,1,1,1,4,0.3695904550502511,0.4639163452330596,0.7622230052947998,0.14195036888122559
500,2.6,15,3,1,1,1,5,0.3487028715322383,0.5136847282596823,0.6975727081298828,0.11919546127319336
500,2.6,15,3,1,1,1,6,0.40375388873177304,0.4407185629885518,0.5929477214813232,0.08283567428588867
500,2.6,15,3,1,1,1,7,0.33740584273674856,0.46495657612812163,0.571575403213501,0.09047675132751465
500,2.6,15,3,1,1,1,8,0.33675619160484044,0.45337397121398765,0.6089901924133301,0.10474586486816406
500,2.6,15,3,1,1,1,9,0.39375126628691454,0.5497939182006008,0.7128856182098389,0.11661410331726074
500,2.6,15,3,1,1,1,10,0.4221419811180266,0.4852930369271514,0.5982537269592285,0.0803074836730957
500,2.6,15,3,1,1,1,11,0.3559909075147267,0.4808049217190149,0.5648550987243652,0.11071944236755371
500,2.6,15,3,1,1,1,12,0.32784239727331227,0.3834002105338486,0.5765836238861084,0.09452605247497559
500,2.6,15,3,1,1,1,13,0.3618022759735713,0.44828122224987543,0.6941349506378174,0.11489510536193848
500,2.6,15,3,1,1,1,14,0.3603176063431041,0.4727416224881831,0.7380692958831787,0.12480926513671875
500,2.6,15,3,1,1,1,15,0.4080133038280422,0.4836075617327097,0.6169288158416748,0.0989522933959961
500,2.6,15,3,1,1,1,16,0.41744489222552084,0.4583472513520534,0.5396006107330322,0.09515547752380371
500,2.6,15,3,1,1,1,17,0.48625775062313725,0.4587456674062087,0.5916547775268555,0.09908628463745117
500,2.6,15,3,1,1,1,18,0.37155084178482045,0.4470767572756947,0.529350996017456,0.12839007377624512
500,2.6,15,3,1,1,1,19,0.4017321082801347,0.377141217569849,0.7379555702209473,0.1286928653717041
500,2.6,15,3,1,1,1,20,0.41086671906615807,0.49687686439217077,0.5828790664672852,0.1110696792602539
500,2.6,15,3,1,1,1,21,0.3361893188744565,0.42797255739185863,0.6041696071624756,0.11716532707214355
500,2.6,15,3,1,1,1,22,0.3137062880727854,0.4741518986913607,0.5861811637878418,0.10742855072021484
500,2.6,15,3,1,1,1,23,0.38623260299782475,0.46535903486378644,0.5590627193450928,0.09092164039611816
500,2.6,15,3,1,1,1,24,0.37381105699716355,0.47717443785885993,0.7776918411254883,0.16038131713867188
500,2.8000000000000003,15,3,1,1,1,0,0.39381597312722494,0.384946775787105,0.6144428253173828,0.09595561027526855
500,2.8000000000000003,15,3,1,1,1,1,0.38828701095815693,0.48240519803251314,0.5771410465240479,0.08705711364746094
500,2.8000000000000003,15,3,1,1,1,2,0.43386244789504763,0.4620554410972244,0.5480892658233643,0.09806084632873535
500,2.8000000000000003,15,3,1,1,1,3,0.36383269628843,0.47384515924857945,0.5725531578063965,0.12174606323242188
500,2.8000000000000003,15,3,1,1,1,4,0.3677710092923297,0.5375178829855692,0.6094999313354492,0.1453080177307129
500,2.8000000000000003,15,3,1,1,1,5,0.4131822382535256,0.43946392499353537,0.7091562747955322,0.12604236602783203
500,2.8000000000000003,15,3,1,1,1,6,0.3979200363567166,0.47478128002886255,0.5470414161682129,0.10829567909240723
500,2.8000000000000003,15,3,1,1,1,7,0.39398271514826005,0.5077246172590554,0.5258381366729736,0.10842466354370117
500,2.8000000000000003,15,3,1,1,1,8,0.4313631390438809,0.48315454344743736,0.501293420791626,0.1136026382446289
500,2.8000000000000003,15,3,1,1,1,9,0.34090524139374756,0.38890762011788765,0.5284342765808105,0.0905158519744873
500,2.8000000000000003,15,3,1,1,1,10,0.47451908435369206,0.5570361112305476,0.697516918182373,0.1196587085723877
500,2.8000000000000003,15,3,1,1,1,11,0.34994044816857656,0.4081824273753824,0.5217158794403076,0.10441946983337402
500,2.8000000000000003,15,3,1,1,1,12,0.39319504698372476,0.45848781492104124,0.5011436939239502,0.10288023948669434
500,2.8000000000000003,15,3,1,1,1,13,0.39991197335999146,0.4719387593806319,0.4773726463317871,0.10399436950683594
500,2.8000000000000003,15,3,1,1,1,14,0.4095451987837086,0.519873809130795,0.4912080764770508,0.11889410018920898
500,2.8000000000000003,15,3,1,1,1,15,0.4033117042737268,0.4449752310226029,0.49137234687805176,0.11220192909240723
500,2.8000000000000003,15,3,1,1,1,16,0.48657388453121986,0.3983780051480709,0.6141386032104492,0.1437828540802002
500,2.8000000000000003,15,3,1,1,1,17,0.37379040011197334,0.37453003940987384,0.5326821804046631,0.09354662895202637
500,2.8000000000000003,15,3,1,1,1,18,0.4355294937547825,0.49670761958042553,0.4807248115539551,0.09731721878051758
500,2.8000000000000003,15,3,1,1,1,19,0.3745347675106734,0.4082680965161879,0.5598950386047363,0.11832141876220703
500,2.8000000000000003,15,3,1,1,1,20,0.38706378593102236,0.46987189947509467,0.5893311500549316,0.12124252319335938
500,2.8000000000000003,15,3,1,1,1,21,0.3956840638515225,0.4899497548133463,0.6605160236358643,0.11991143226623535
500,2.8000000000000003,15,3,1,1,1,22,0.37181498219681597,0.524624659450986,0.5216588973999023,0.09344124794006348
500,2.8000000000000003,15,3,1,1,1,23,0.34050276061220464,0.3877650022876572,0.5572037696838379,0.10765933990478516
500,2.8000000000000003,15,3,1,1,1,24,0.4258203204798442,0.5012707940896752,0.5293393135070801,0.10161805152893066
500,3.0,15,3,1,1,1,0,0.42221951241361144,0.39731080768725796,0.5142545700073242,0.09864377975463867
500,3.0,15,3,1,1,1,1,0.44345531334727784,0.44015957659656857,0.5075018405914307,0.10009098052978516
500,3.0,15,3,1,1,1,2,0.43667778565548826,0.46502744576472094,0.5988883972167969,0.1346898078918457
500,3.0,15,3,1,1,1,3,0.393944598594649,0.3940451440678399,0.532886266708374,0.09652137756347656
500,3.0,15,3,1,1,1,4,0.4082623111930654,0.4664320073390344,0.5322911739349365,0.09657430648803711
500,3.0,15,3,1,1,1,5,0.40903901024035466,0.4518603888733206,0.5137174129486084,0.09623432159423828
500,3.0,15,3,1,1,1,6,0.4244890993367851,0.4891532500574172,0.496823787689209,0.09754347801208496
500,3.0,15,3,1,1,1,7,0.4044221775297638,0.501363797250567,0.5688896179199219,0.12525033950805664
500,3.0,15,3,1,1,1,8,0.4050960859670429,0.47100677309202854,0.6402182579040527,0.0895228385925293
500,3.0,15,3,1,1,1,9,0.3993480072824476,0.45893649071712567,0.5289323329925537,0.0980377197265625
500,3.0,15,3,1,1,1,10,0.38820704844230286,0.4107119208413207,0.5384764671325684,0.08981776237487793
500,3.0,15,3,1,1,1,11,0.431063535226214,0.5092195481655468,0.5133295059204102,0.09551167488098145
500,3.0,15,3,1,1,1,12,0.39089125299619587,0.4986072124818617,0.5069210529327393,0.10350465774536133
500,3.0,15,3,1,1,1,13,0.39763222738971377,0.425255754731107,0.6425189971923828,0.12389206886291504
500,3.0,15,3,1,1,1,14,0.36240924798811575,0.4599160571814785,0.5105388164520264,0.09004449844360352
500,3.0,15,3,1,1,1,15,0.4842189104158422,0.4177385946096668,0.5706567764282227,0.09936785697937012
500,3.0,15,3,1,1,1,16,0.46740135124028365,0.37888977297600107,0.6399476528167725,0.1190798282623291
500,3.0,15,3,1,1,1,17,0.42860216342593915,0.4110588295093347,0.49448299407958984,0.09345006942749023
500,3.0,15,3,1,1,1,18,0.3900112974168844,0.45686517193192,0.5475063323974609,0.1051182746887207
500,3.0,15,3,1,1,1,19,0.5195717939850928,0.45079015750470913,0.6689231395721436,0.11992025375366211
500,3.0,15,3,1,1,1,20,0.40900660768065245,0.45485465962706545,0.5369081497192383,0.09438514709472656
500,3.0,15,3,1,1,1,21,0.42979680476774246,0.43701446539751254,0.5199136734008789,0.09708786010742188
500,3.0,15,3,1,1,1,22,0.47762239935828316,0.5175402310435754,0.5049879550933838,0.09284496307373047
500,3.0,15,3,1,1,1,23,0.383052415063362,0.48164960186379324,0.5002107620239258,0.09645652770996094
500,3.0,15,3,1,1,1,24,0.45683701968231616,0.4982608452843963,0.6456112861633301,0.11539387702941895
500,3.2,15,3,1,1,1,0,0.42264743742535527,0.435419503393717,0.5445222854614258,0.09063005447387695
500,3.2,15,3,1,1,1,1,0.4701446580768688,0.5281865780309842,0.4993093013763428,0.08214902877807617
500,3.2,15,3,1,1,1,2,0.5006946869781485,0.48577512821244667,0.5091092586517334,0.09541678428649902
500,3.2,15,3,1,1,1,3,0.4542565560211938,0.4389604998997198,0.5004103183746338,0.0931541919708252
500,3.2,15,3,1,1,1,4,0.4855909539783526,0.5000088686727099,0.5131175518035889,0.08850598335266113
500,3.2,15,3,1,1,1,5,0.47858477689207624,0.5637738218137677,0.6516389846801758,0.11127948760986328
500,3.2,15,3,1,1,1,6,0.4337368817680707,0.4650272438045071,0.4778163433074951,0.0970602035522461
500,3.2,15,3,1,1,1,7,0.4945113600811414,0.4160771745749969,0.4698355197906494,0.08422684669494629
500,3.2,15,3,1,1,1,8,0.4251863565971258,0.5468507994389188,0.46942663192749023,0.091796875
500,3.2,15,3,1,1,1,9,0.4402287819654198,0.44765395841697936,0.4852635860443115,0.09411048889160156
500,3.2,15,3,1,1,1,10,0.40570517856566163,0.43108939183654865,0.4866211414337158,0.08734297752380371
500,3.2,15,3,1,1,1,11,0.42199639405594347,0.4320795470197251,0.610032320022583,0.1504669189453125
500,3.2,15,3,1,1,1,12,0.47088467806160295,0.48381731901175085,0.5732908248901367,0.11435985565185547
500,3.2,15,3,1,1,1,13,0.45783675582511174,0.42146726604869356,0.46683478355407715,0.08754920959472656
500,3.2,15,3,1,1,1,14,0.3893363414942349,0.4310643911984626,0.44483304023742676,0.08609771728515625
500,3.2,15,3,1,1,1,15,0.4133867781195008,0.5136851406835145,0.48506760597229004,0.0818631649017334
500,3.2,15,3,1,1,1,16,0.4179257153831626,0.5526586538114027,0.5446569919586182,0.12645816802978516
500,3.2,15,3,1,1,1,17,0.4603380752776273,0.5128809711675492,0.5308980941772461,0.10166215896606445
500,3.2,15,3,1,1,1,18,0.3937114292308177,0.5545403866219252,0.448047399520874,0.0885171890258789
500,3.2,15,3,1,1,1,19,0.398772106331703,0.40407000964512474,0.46527981758117676,0.0925145149230957
500,3.2,15,3,1,1,1,20,0.4651553923192419,0.4908873679844441,0.4843411445617676,0.08951330184936523
500,3.2,15,3,1,1,1,21,0.42501258250281987,0.6636522724805549,0.484020471572876,0.10149788856506348
500,3.2,15,3,1,1,1,22,0.4135085267996017,0.5118205828958112,0.5833468437194824,0.1405172348022461
500,3.2,15,3,1,1,1,23,0.42930107237360027,0.5059622708109546,0.5679807662963867,0.09350132942199707
500,3.2,15,3,1,1,1,24,0.5077419051006055,0.486537526133854,0.5067489147186279,0.12424969673156738
500,3.4000000000000004,15,3,1,1,1,0,0.5085692749760518,0.5831790944521285,0.5025613307952881,0.09351348876953125
500,3.4000000000000004,15,3,1,1,1,1,0.466965989576192,0.4951829681099741,0.48410820960998535,0.09305143356323242
500,3.4000000000000004,15,3,1,1,1,2,0.4328312474004989,0.4363989818331875,0.49933719635009766,0.10440421104431152
500,3.4000000000000004,15,3,1,1,1,3,0.52638736613179,0.4357144039100496,0.618788480758667,0.1458292007446289
500,3.4000000000000004,15,3,1,1,1,4,0.41685100529067876,0.4682978555369812,0.5227618217468262,0.10251617431640625
500,3.4000000000000004,15,3,1,1,1,5,0.5427305675563008,0.4717232994287079,0.5225517749786377,0.11614179611206055
500,3.4000000000000004,15,3,1,1,1,6,0.5070192248697479,0.4918809664541378,0.5042219161987305,0.09754824638366699
500,3.4000000000000004,15,3,1,1,1,7,0.47717562192383733,0.42141936673658387,0.5168225765228271,0.09986758232116699
500,3.4000000000000004,15,3,1,1,1,8,0.4042566710246052,0.46394613555322867,0.6223394870758057,0.15190887451171875
500,3.4000000000000004,15,3,1,1,1,9,0.4478970594265901,0.52744436767345,0.8454537391662598,0.1285696029663086
500,3.4000000000000004,15,3,1,1,1,10,0.45917120447407134,0.4811732877230562,0.5130119323730469,0.09799528121948242
500,3.4000000000000004,15,3,1,1,1,11,0.4459335730151697,0.5589656833723576,0.4958014488220215,0.10677909851074219
500,3.4000000000000004,15,3,1,1,1,12,0.4095806787735196,0.5826348813052583,0.4957764148712158,0.09801340103149414
500,3.4000000000000004,15,3,1,1,1,13,0.4712869269865187,0.48828749758492357,0.5141842365264893,0.09992384910583496
500,3.4000000000000004,15,3,1,1,1,14,0.4336727642452846,0.46637373946740657,0.669025182723999,0.12450981140136719
500,3.4000000000000004,15,3,1,1,1,15,0.446122561271312,0.48973294541520646,0.52960205078125,0.10868334770202637
500,3.4000000000000004,15,3,1,1,1,16,0.4734659904950418,0.4860295329277402,0.5210168361663818,0.08812379837036133
500,3.4000000000000004,15,3,1,1,1,17,0.45143489939998,0.5704241510383177,0.4955565929412842,0.09851622581481934
500,3.4000000000000004,15,3,1,1,1,18,0.44614428605839773,0.5736419041121794,0.5051653385162354,0.10702776908874512
500,3.4000000000000004,15,3,1,1,1,19,0.4292884394764625,0.4673002602999592,0.5177733898162842,0.1053614616394043
500,3.4000000000000004,15,3,1,1,1,20,0.46461172793990985,0.47080706059483435,0.657747745513916,0.14108490943908691
500,3.4000000000000004,15,3,1,1,1,21,0.48009920708315934,0.46760783592351746,0.5172903537750244,0.09259891510009766
500,3.4000000000000004,15,3,1,1,1,22,0.4219692062981416,0.6145261069832404,0.5159130096435547,0.09432697296142578
500,3.4000000000000004,15,3,1,1,1,23,0.4482537878401281,0.5098996445088514,0.5204916000366211,0.08549857139587402
500,3.4000000000000004,15,3,1,1,1,24,0.4625785842151843,0.4321555833709928,0.5158398151397705,0.0905148983001709
500,3.6,15,3,1,1,1,0,0.4624796368871324,0.4795678395068859,0.6256277561187744,0.12052154541015625
500,3.6,15,3,1,1,1,1,0.5508162518588908,0.4373429210592044,0.6131861209869385,0.0960550308227539
500,3.6,15,3,1,1,1,2,0.5222386228855292,0.44655635868889026,0.5271685123443604,0.09551739692687988
500,3.6,15,3,1,1,1,3,0.47619547416255037,0.49201713183085816,0.5246343612670898,0.11152315139770508
500,3.6,15,3,1,1,1,4,0.46557430574105474,0.49366456097774253,0.6677353382110596,0.11751794815063477
500,3.6,15,3,1,1,1,5,0.5134102839364318,0.4283138736051193,0.6219310760498047,0.12055683135986328
500,3.6,15,3,1,1,1,6,0.4774528042251435,0.5069247866097685,0.673771858215332,0.1195225715637207
500,3.6,15,3,1,1,1,7,0.4869184077489196,0.5493352085206726,0.49461793899536133,0.11353611946105957
500,3.6,15,3,1,1,1,8,0.44388876951566614,0.48092535818198673,0.4950239658355713,0.11002969741821289
500,3.6,15,3,1,1,1,9,0.49763620824893123,0.5134222733152491,0.5036218166351318,0.10951685905456543
500,3.6,15,3,1,1,1,10,0.5639412312043258,0.4570210619127107,0.5016777515411377,0.10651063919067383
500,3.6,15,3,1,1,1,11,0.42060646203206326,0.4300314087037052,0.6496057510375977,0.12404727935791016
500,3.6,15,3,1,1,1,12,0.4435698754796812,0.4642549310163479,0.5257747173309326,0.09957337379455566
500,3.6,15,3,1,1,1,13,0.496313526204979,0.5263621253404729,0.5000476837158203,0.09849953651428223
500,3.6,15,3,1,1,1,14,0.46525323402539315,0.46016378860040974,0.5153489112854004,0.09451913833618164
500,3.6,15,3,1,1,1,15,0.49925506704629746,0.47252303795465433,0.5200109481811523,0.09450936317443848
500,3.6,15,3,1,1,1,16,0.46649094048208656,0.4414354624429436,0.4944741725921631,0.09449553489685059
500,3.6,15,3,1,1,1,17,0.4857989922341191,0.5521962490053938,0.6181154251098633,0.12244915962219238
500,3.6,15,3,1,1,1,18,0.48223928114829806,0.4314270909397444,0.49653196334838867,0.10353875160217285
500,3.6,15,3,1,1,1,19,0.49674573779322556,0.548823254277103,0.5446791648864746,0.09649968147277832
500,3.6,15,3,1,1,1,20,0.45754654395288974,0.40838216755111817,0.5822288990020752,0.10764694213867188
500,3.6,15,3,1,1,1,21,0.43729165015678517,0.4869823152762298,0.4998500347137451,0.09751558303833008
500,3.6,15,3,1,1,1,22,0.5304724169304287,0.514806312475918,0.5810394287109375,0.11252045631408691
500,3.6,15,3,1,1,1,23,0.45704876981992193,0.41309703195643943,0.6423461437225342,0.1015021800994873
500,3.6,15,3,1,1,1,24,0.5587082564757299,0.4962123015814358,0.5565850734710693,0.11650204658508301
500,3.8000000000000003,15,3,1,1,1,0,0.5043864596144662,0.46757737491667484,0.6093313694000244,0.11751008033752441
500,3.8000000000000003,15,3,1,1,1,1,0.5199522472916934,0.5007185085921738,0.4964454174041748,0.10151791572570801
500,3.8000000000000003,15,3,1,1,1,2,0.4734656510543596,0.5219185634809065,0.47461462020874023,0.09152054786682129
500,3.8000000000000003,15,3,1,1,1,3,0.46569215628974175,0.5123253024493767,0.6428582668304443,0.11552715301513672
500,3.8000000000000003,15,3,1,1,1,4,0.4953925398805779,0.4934393336260093,0.5028650760650635,0.09349822998046875
500,3.8000000000000003,15,3,1,1,1,5,0.4374203626069198,0.5002278897813459,0.5164484977722168,0.08951687812805176
500,3.8000000000000003,15,3,1,1,1,6,0.5135347130797122,0.4524228639398251,0.5083532333374023,0.09850502014160156
500,3.8000000000000003,15,3,1,1,1,7,0.43748449443386334,0.5149471654445935,0.5081386566162109,0.0995175838470459
500,3.8000000000000003,15,3,1,1,1,8,0.4483476941869092,0.5927388624487703,0.5757977962493896,0.12106609344482422
500,3.8000000000000003,15,3,1,1,1,9,0.6108568211553113,0.5079049210257364,0.6776256561279297,0.10651969909667969
500,3.8000000000000003,15,3,1,1,1,10,0.46486824142965,0.5058845975704934,0.5088419914245605,0.10351753234863281
500,3.8000000000000003,15,3,1,1,1,11,0.46042469956487025,0.45020591342850313,0.5314667224884033,0.09651422500610352
500,3.8000000000000003,15,3,1,1,1,12,0.4778423047540614,0.47256678210113123,0.5217304229736328,0.09250164031982422
500,3.8000000000000003,15,3,1,1,1,13,0.5421501788939188,0.4768794479987763,0.49806761741638184,0.1059412956237793
500,3.8000000000000003,15,3,1,1,1,14,0.49537776807446726,0.5592568343156364,0.6432332992553711,0.1395280361175537
500,3.8000000000000003,15,3,1,1,1,15,0.46126888859972304,0.4844589541227472,0.570392370223999,0.11661458015441895
500,3.8000000000000003,15,3,1,1,1,16,0.5193314695678088,0.45360648289643896,0.4907400608062744,0.08552837371826172
500,3.8000000000000003,15,3,1,1,1,17,0.5079000227993578,0.5163292026060324,0.5147073268890381,0.08851194381713867
500,3.8000000000000003,15,3,1,1,1,18,0.5306679241591857,0.5044710918572728,0.5006723403930664,0.09142041206359863
500,3.8000000000000003,15,3,1,1,1,19,0.5232057571029501,0.42229796557643534,0.630347728729248,0.14206719398498535
500,3.8000000000000003,15,3,1,1,1,20,0.4640087572549869,0.4242262400514658,0.7692556381225586,0.1438593864440918
500,3.8000000000000003,15,3,1,1,1,21,0.47625764809974697,0.641801789857071,0.7382557392120361,0.1240086555480957
500,3.8000000000000003,15,3,1,1,1,22,0.5180896258186765,0.4295241060965029,0.6015326976776123,0.10640311241149902
500,3.8000000000000003,15,3,1,1,1,23,0.4679308699872539,0.4512404020622372,0.5384986400604248,0.11331629753112793
500,3.8000000000000003,15,3,1,1,1,24,0.45260777281609155,0.4591699179526175,0.5618302822113037,0.1276552677154541
500,4.0,15,3,1,1,1,0,0.5654534184667412,0.5224168708983559,0.6951510906219482,0.1200709342956543
500,4.0,15,3,1,1,1,1,0.5550734710870663,0.47383173009353236,0.5475671291351318,0.12476658821105957
500,4.0,15,3,1,1,1,2,0.5201554371044453,0.5193291757209377,0.5967533588409424,0.10661888122558594
500,4.0,15,3,1,1,1,3,0.47804312527667003,0.5710306938502805,0.6010701656341553,0.11565732955932617
500,4.0,15,3,1,1,1,4,0.6107319386859356,0.5763156539617276,0.59053635597229,0.11419963836669922
500,4.0,15,3,1,1,1,5,0.5154431509081676,0.47712551269316633,0.724799633026123,0.1302480697631836
500,4.0,15,3,1,1,1,6,0.5262212444641992,0.4417663850302744,0.6246330738067627,0.09554076194763184
500,4.0,15,3,1,1,1,7,0.4633844591730339,0.433362676270355,0.5899147987365723,0.10361170768737793
500,4.0,15,3,1,1,1,8,0.5127483795730159,0.4808880705679161,0.5683391094207764,0.11550068855285645
500,4.0,15,3,1,1,1,9,0.5530982343885176,0.49459855727247287,0.5608835220336914,0.0994560718536377
500,4.0,15,3,1,1,1,10,0.5258814154596123,0.49164440367881335,0.6099503040313721,0.13559222221374512
500,4.0,15,3,1,1,1,11,0.5378359650137136,0.4709694615182907,0.7176756858825684,0.13304448127746582
500,4.0,15,3,1,1,1,12,0.49889397060103957,0.5350033373843003,0.7087485790252686,0.134141206741333
500,4.0,15,3,1,1,1,13,0.58131958550115,0.45440646256522044,0.6131126880645752,0.10241532325744629
500,4.0,15,3,1,1,1,14,0.4851047911952647,0.48290194515038337,0.6415877342224121,0.10735630989074707
500,4.0,15,3,1,1,1,15,0.533988970694462,0.41381002225821034,0.6855497360229492,0.13911819458007812
500,4.0,15,3,1,1,1,16,0.5696120506867931,0.47798130834275054,0.7469067573547363,0.11346769332885742
500,4.0,15,3,1,1,1,17,0.4844826284125702,0.3775371238208914,0.5564017295837402,0.12638521194458008
500,4.0,15,3,1,1,1,18,0.6204614014340858,0.5517047541734589,0.5702643394470215,0.11402726173400879
500,4.0,15,3,1,1,1,19,0.5647768320986127,0.6126381435351642,0.6799590587615967,0.09281420707702637
500,4.0,15,3,1,1,1,20,0.569339717547148,0.5150537976313344,0.5818004608154297,0.11146330833435059
500,4.0,15,3,1,1,1,21,0.4543326198554377,0.5987828348126182,0.7047820091247559,0.14209485054016113
500,4.0,15,3,1,1,1,22,0.6053809406246293,0.5965098527389037,0.5938441753387451,0.10671520233154297
500,4.0,15,3,1,1,1,23,0.6059837875868636,0.5389723754499994,0.582587480545044,0.09494686126708984
500,4.0,15,3,1,1,1,24,0.5192668682078465,0.4626128581898322,0.5880188941955566,0.09955573081970215
500,4.2,15,3,1,1,1,0,0.519810539964252,0.5501356607077781,0.6531274318695068,0.11710572242736816
500,4.2,15,3,1,1,1,1,0.5162579716803529,0.4481664933867357,0.7399377822875977,0.12372541427612305
500,4.2,15,3,1,1,1,2,0.686931926231357,0.4551594871886033,0.5890889167785645,0.09277486801147461
500,4.2,15,3,1,1,1,3,0.5488838657275776,0.5167188729115175,0.6537632942199707,0.08268046379089355
500,4.2,15,3,1,1,1,4,0.5314369052204366,0.5398717632830298,0.588449239730835,0.09003114700317383
500,4.2,15,3,1,1,1,5,0.5102965492533875,0.5224013326323899,0.6208000183105469,0.1212317943572998
500,4.2,15,3,1,1,1,6,0.5868121795663429,0.4983006351950254,0.7191224098205566,0.13524651527404785
500,4.2,15,3,1,1,1,7,0.5477060138717684,0.47827227346111745,0.6423580646514893,0.08360695838928223
500,4.2,15,3,1,1,1,8,0.5820146796553326,0.555899788429397,0.6951520442962646,0.09327125549316406
500,4.2,15,3,1,1,1,9,0.5104677835134214,0.5215691261822176,0.5904710292816162,0.0861520767211914
500,4.2,15,3,1,1,1,10,0.6034017729075919,0.4957623178260334,0.739793062210083,0.12462949752807617
500,4.2,15,3,1,1,1,11,0.54631367144357,0.4645449212396674,0.740633487701416,0.12265777587890625
500,4.2,15,3,1,1,1,12,0.5087513511158857,0.47913384447800056,0.5964634418487549,0.1040029525756836
500,4.2,15,3,1,1,1,13,0.5018947443263916,0.48665343993393473,0.585355281829834,0.09952139854431152
500,4.2,15,3,1,1,1,14,0.5633499932008714,0.4819257193493406,0.6091189384460449,0.0964813232421875
500,4.2,15,3,1,1,1,15,0.535114593886138,0.4672158804506405,0.5841348171234131,0.11118769645690918
500,4.2,15,3,1,1,1,16,0.5530778255538725,0.5247998188975361,0.5878479480743408,0.11864233016967773
500,4.2,15,3,1,1,1,17,0.5062840735020153,0.5765729106072842,0.7279527187347412,0.10958576202392578
500,4.2,15,3,1,1,1,18,0.573809571098103,0.4553551687184472,0.6029946804046631,0.09419631958007812
500,4.2,15,3,1,1,1,19,0.5449182600542636,0.5699247477753254,0.5684542655944824,0.09952259063720703
500,4.2,15,3,1,1,1,20,0.5642219945750087,0.5920398084614937,0.5697922706604004,0.10211730003356934
500,4.2,15,3,1,1,1,21,0.584744056146265,0.5659562495268787,0.610945463180542,0.10609173774719238
500,4.2,15,3,1,1,1,22,0.5666043586698287,0.5454244928308899,0.7397332191467285,0.10035419464111328
500,4.2,15,3,1,1,1,23,0.5559015251414979,0.551181957261492,0.5770931243896484,0.10944700241088867
500,4.2,15,3,1,1,1,24,0.593325711209365,0.4334602751834423,0.6130285263061523,0.09552216529846191
500,4.4,15,3,1,1,1,0,0.6324812612081299,0.5261442083191692,0.5623111724853516,0.10219526290893555
500,4.4,15,3,1,1,1,1,0.6414524631401815,0.4805335208402535,0.5810379981994629,0.10067296028137207
500,4.4,15,3,1,1,1,2,0.5979042597437227,0.7870270621574819,0.6724472045898438,0.15631771087646484
500,4.4,15,3,1,1,1,3,0.6553320223559679,0.6217216778721091,0.6209099292755127,0.08057188987731934
500,4.4,15,3,1,1,1,4,0.5571760417786934,0.5547817607186598,0.7097392082214355,0.13161063194274902
500,4.4,15,3,1,1,1,5,0.6534290521804323,0.4941405853101809,0.6781246662139893,0.10049128532409668
500,4.4,15,3,1,1,1,6,0.5252343675730778,0.5137529921483756,0.5958964824676514,0.0859689712524414
500,4.4,15,3,1,1,1,7,0.5669466624308418,0.7993456391644608,0.7461450099945068,0.13896775245666504
500,4.4,15,3,1,1,1,8,0.6473387327385284,0.5370412271663537,0.5438776016235352,0.10144901275634766
500,4.4,15,3,1,1,1,9,0.5845786197921219,0.5634137005225098,0.5334360599517822,0.10867428779602051
500,4.4,15,3,1,1,1,10,0.5457960573458726,0.5107749582215858,0.5710508823394775,0.11704254150390625
500,4.4,15,3,1,1,1,11,0.6090768169984504,0.5190994946315425,0.5990688800811768,0.09291672706604004
500,4.4,15,3,1,1,1,12,0.6213232889923902,0.536350153994144,0.6291766166687012,0.12111783027648926
500,4.4,15,3,1,1,1,13,0.5530343642887704,0.5720379569017239,0.7271394729614258,0.13059759140014648
500,4.4,15,3,1,1,1,14,0.5787381166985514,0.5931094045169418,0.606914758682251,0.09829378128051758
500,4.4,15,3,1,1,1,15,0.6437618012579401,0.4248274868050134,0.6513326168060303,0.0972893238067627
500,4.4,15,3,1,1,1,16,0.5480072761558238,0.4838480627799107,0.5393083095550537,0.11142683029174805
500,4.4,15,3,1,1,1,17,0.6175454352443878,0.6162403138859973,0.6171085834503174,0.1067044734954834
500,4.4,15,3,1,1,1,18,0.5146020939363364,0.5430322828452707,0.7090151309967041,0.1196749210357666
500,4.4,15,3,1,1,1,19,0.6277559925079459,0.4677652116664415,0.5799858570098877,0.12402701377868652
500,4.4,15,3,1,1,1,20,0.5662334673172367,0.4384399418476152,0.5931265354156494,0.11514973640441895
500,4.4,15,3,1,1,1,21,0.7158600825511804,0.5049235711314841,0.6110355854034424,0.08840680122375488
500,4.4,15,3,1,1,1,22,0.5853146422415422,0.4504568715506327,0.5860137939453125,0.11961722373962402
500,4.4,15,3,1,1,1,23,0.5946670225393996,0.4332731497414704,0.743403434753418,0.1145470142364502
500,4.4,15,3,1,1,1,24,0.7163022338455802,0.5796754114692614,0.7270853519439697,0.1269514560699463
500,4.6000000000000005,15,3,1,1,1,0,0.6450948637030326,0.587552339683539,0.5810296535491943,0.09348464012145996
500,4.6000000000000005,15,3,1,1,1,1,0.5635155064886398,0.6312917577396038,0.5421457290649414,0.1236419677734375
500,4.6000000000000005,15,3,1,1,1,2,0.5732846671546398,0.5915063158767133,0.5671579837799072,0.10610485076904297
500,4.6000000000000005,15,3,1,1,1,3,0.6639099533438255,0.6392098515193388,0.7173469066619873,0.1429131031036377
500,4.6000000000000005,15,3,1,1,1,4,0.5433127056006996,0.48191989136679925,0.6793444156646729,0.08550834655761719
500,4.6000000000000005,15,3,1,1,1,5,0.587352729438569,0.4797984681231125,0.6086492538452148,0.0891275405883789
500,4.6000000000000005,15,3,1,1,1,6,0.622633478364482,0.5130343786045631,0.5900228023529053,0.08425688743591309
500,4.6000000000000005,15,3,1,1,1,7,0.6064369310889273,0.5137044812798301,0.6282539367675781,0.10741519927978516
500,4.6000000000000005,15,3,1,1,1,8,0.6988761223548946,0.4604352719117743,0.6877071857452393,0.11453127861022949
500,4.6000000000000005,15,3,1,1,1,9,0.5163194638982258,0.6456696117205879,0.7147383689880371,0.14309120178222656
500,4.6000000000000005,15,3,1,1,1,10,0.56415526721488,0.5265217114306836,0.6215415000915527,0.09856057167053223
500,4.6000000000000005,15,3,1,1,1,11,0.5653270393445331,0.6454274971529781,0.5507824420928955,0.11553144454956055
500,4.6000000000000005,15,3,1,1,1,12,0.5407156200594496,0.5490119213698619,0.5670256614685059,0.10353398323059082
500,4.6000000000000005,15,3,1,1,1,13,0.5548406076078313,0.5757262673481138,0.5656914710998535,0.09452319145202637
500,4.6000000000000005,15,3,1,1,1,14,0.5741343556278148,0.4796355723106311,0.7674086093902588,0.14302945137023926
500,4.6000000000000005,15,3,1,1,1,15,0.5956233711587524,0.46620764516145285,0.5885148048400879,0.10545182228088379
500,4.6000000000000005,15,3,1,1,1,16,0.5787676031155672,0.5248284558581376,0.5751843452453613,0.09503865242004395
500,4.6000000000000005,15,3,1,1,1,17,0.5973254091152842,0.4510484453970719,0.6036906242370605,0.10408306121826172
500,4.6000000000000005,15,3,1,1,1,18,0.567493625349784,0.6066207624963945,0.5872023105621338,0.11002016067504883
500,4.6000000000000005,15,3,1,1,1,19,0.6095774802606605,0.6811187031458327,0.8576273918151855,0.1532886028289795
500,4.6000000000000005,15,3,1,1,1,20,0.6425020394564415,0.48618614556863665,0.5894894599914551,0.10511636734008789
500,4.6000000000000005,15,3,1,1,1,21,0.6286970194516694,0.49202414799779975,0.6084351539611816,0.11643433570861816
500,4.6000000000000005,15,3,1,1,1,22,0.5881755467489599,0.5083683470329172,0.5959017276763916,0.10305571556091309
500,4.6000000000000005,15,3,1,1,1,23,0.5852099791953282,0.5579098907007964,0.5683491230010986,0.08992886543273926
500,4.6000000000000005,15,3,1,1,1,24,0.5500479421597342,0.4687795664044734,0.6772351264953613,0.14963555335998535
500,4.800000000000001,15,3,1,1,1,0,0.7231374865948875,0.6055177007679646,0.7228903770446777,0.10725164413452148
500,4.800000000000001,15,3,1,1,1,1,0.693318451037952,0.5001768833611209,0.6203498840332031,0.10425758361816406
500,4.800000000000001,15,3,1,1,1,2,0.5694901048259474,0.6396695276212133,0.6405062675476074,0.10085010528564453
500,4.800000000000001,15,3,1,1,1,3,0.739781733008548,0.5477212778834747,0.5967450141906738,0.08806395530700684
500,4.800000000000001,15,3,1,1,1,4,0.6797173653369618,0.675010104886247,0.5580146312713623,0.12360715866088867
500,4.800000000000001,15,3,1,1,1,5,0.677846109740095,0.7719767431101189,0.7658419609069824,0.12086367607116699
500,4.800000000000001,15,3,1,1,1,6,0.624521253082289,0.6402497297915005,0.5821752548217773,0.09259319305419922
500,4.800000000000001,15,3,1,1,1,7,0.5915938607931017,0.47024348936372234,0.5923173427581787,0.1102285385131836
500,4.800000000000001,15,3,1,1,1,8,0.542137377678058,0.4604579589755145,0.6188395023345947,0.08222293853759766
500,4.800000000000001,15,3,1,1,1,9,0.6089560265746745,0.6048399523644796,0.6107337474822998,0.09218978881835938
500,4.800000000000001,15,3,1,1,1,10,0.597689271054864,0.5566907975135528,0.7618453502655029,0.12326455116271973
500,4.800000000000001,15,3,1,1,1,11,0.5585552701417177,0.5643616857399872,0.5717449188232422,0.12297224998474121
500,4.800000000000001,15,3,1,1,1,12,0.5941101679988559,0.5204052626600516,0.6274502277374268,0.10092806816101074
500,4.800000000000001,15,3,1,1,1,13,0.7516183099930027,0.6088970938805133,0.7006645202636719,0.1277461051940918
500,4.800000000000001,15,3,1,1,1,14,0.6023789311475962,0.6021733543293366,0.734201192855835,0.102874755859375
500,4.800000000000001,15,3,1,1,1,15,0.5851812225177575,0.5797389360747814,0.7477309703826904,0.12354874610900879
500,4.800000000000001,15,3,1,1,1,16,0.6643396592858595,0.684992443734218,0.5811140537261963,0.11439752578735352
500,4.800000000000001,15,3,1,1,1,17,0.6349055723966973,0.5715372572671731,0.5623080730438232,0.11235547065734863
500,4.800000000000001,15,3,1,1,1,18,0.7322540126342024,0.5914257464514094,0.5316355228424072,0.10187983512878418
500,4.800000000000001,15,3,1,1,1,19,0.6620197999903055,0.5126472863375969,0.5591230392456055,0.10752153396606445
500,4.800000000000001,15,3,1,1,1,20,0.6437746536239315,0.59899083980493,0.7035887241363525,0.13936734199523926
500,4.800000000000001,15,3,1,1,1,21,0.5866775559254301,0.59520264175761,0.5814406871795654,0.09603619575500488
500,4.800000000000001,15,3,1,1,1,22,0.6776647572896402,0.4944161054521697,0.5594768524169922,0.11409592628479004
500,4.800000000000001,15,3,1,1,1,23,0.6155511391313587,0.49017262452342997,0.5658857822418213,0.13691139221191406
500,4.800000000000001,15,3,1,1,1,24,0.5661497531508931,0.49012753231435646,0.5799157619476318,0.1377720832824707
500,5.0,15,3,1,1,1,0,0.6445465876008565,0.5406212265204225,0.6182451248168945,0.11739563941955566
500,5.0,15,3,1,1,1,1,0.7095809477637496,0.5313719124248796,0.7145555019378662,0.14955401420593262
500,5.0,15,3,1,1,1,2,0.6030100562940786,0.5163579861248594,0.6266770362854004,0.12880825996398926
500,5.0,15,3,1,1,1,3,0.6665771358501245,0.5480434822217831,0.5784552097320557,0.1012120246887207
500,5.0,15,3,1,1,1,4,0.643762594393392,0.6785011338012898,0.5903890132904053,0.08612799644470215
500,5.0,15,3,1,1,1,5,0.6439986711187415,0.5674457224086146,0.5593619346618652,0.1046762466430664
500,5.0,15,3,1,1,1,6,0.7106740754841306,0.6604141466725235,0.6997644901275635,0.15313410758972168
500,5.0,15,3,1,1,1,7,0.6785189695211976,0.4992309736283205,0.580148458480835,0.10390520095825195
500,5.0,15,3,1,1,1,8,0.5978365108614803,0.6595931079205927,0.6851942539215088,0.12960338592529297
500,5.0,15,3,1,1,1,9,0.6419394798041477,0.5733058934909353,0.5585792064666748,0.11636734008789062
500,5.0,15,3,1,1,1,10,0.6908561722269053,0.5820443360382289,0.5720164775848389,0.11299777030944824
500,5.0,15,3,1,1,1,11,0.6746426527097187,0.5917423625790559,0.7175180912017822,0.1431276798248291
500,5.0,15,3,1,1,1,12,0.7666138860086924,0.5210054212876327,0.5820491313934326,0.11302924156188965
500,5.0,15,3,1,1,1,13,0.6022921530974096,0.5459744482842588,0.5389940738677979,0.11171698570251465
500,5.0,15,3,1,1,1,14,0.6373776867912625,0.47567576750080376,0.5737326145172119,0.0985269546508789
500,5.0,15,3,1,1,1,15,0.5848807530357478,0.6353580692402351,0.5617175102233887,0.10432553291320801
500,5.0,15,3,1,1,1,16,0.6226788129053873,0.45768055762137555,0.6457948684692383,0.12016701698303223
500,5.0,15,3,1,1,1,17,0.6278397593086732,0.60927333655955,0.7396805286407471,0.12752747535705566
500,5.0,15,3,1,1,1,18,0.6513513777694355,0.5919912785960758,0.6138701438903809,0.10281991958618164
500,5.0,15,3,1,1,1,19,0.6736169549975722,0.5475867370138654,0.5391921997070312,0.09009122848510742
500,5.0,15,3,1,1,1,20,0.7075817464345973,0.5793360461843302,0.5509729385375977,0.11551499366760254
500,5.0,15,3,1,1,1,21,0.5953392326951185,0.5683024617732615,0.5864417552947998,0.10415244102478027
500,5.0,15,3,1,1,1,22,0.6366344088416718,0.6688926472282037,0.7436387538909912,0.12082171440124512
500,5.0,15,3,1,1,1,23,0.6358467597545282,0.6501862198161474,0.5498898029327393,0.10724353790283203
500,5.0,15,3,1,1,1,24,0.6791039718194554,0.4859746519603951,0.5536551475524902,0.11768102645874023
500,5.2,15,3,1,1,1,0,0.7015129976904817,0.6466667397865438,0.5752077102661133,0.10206198692321777
500,5.2,15,3,1,1,1,1,0.7116595554627861,0.6478069744051138,0.6177647113800049,0.0952606201171875
500,5.2,15,3,1,1,1,2,0.634722836040413,0.6748520145715189,0.6774637699127197,0.12260723114013672
500,5.2,15,3,1,1,1,3,0.6997627025947325,0.5778223594558287,0.8530073165893555,0.11980867385864258
500,5.2,15,3,1,1,1,4,0.6953906757819422,0.6527486536296976,0.6855497360229492,0.10744118690490723
500,5.2,15,3,1,1,1,5,0.6785707265893328,0.6282922679632055,0.5795199871063232,0.10367226600646973
500,5.2,15,3,1,1,1,6,0.7395395703211182,0.6352942025261201,0.5533638000488281,0.11697125434875488
500,5.2,15,3,1,1,1,7,0.6981252100043243,0.5260742928296613,0.6323971748352051,0.11769723892211914
500,5.2,15,3,1,1,1,8,0.6721447529714919,0.5034637047969157,0.7068755626678467,0.14063739776611328
500,5.2,15,3,1,1,1,9,0.7328048542102527,0.5748510169233465,0.548525333404541,0.12019944190979004
500,5.2,15,3,1,1,1,10,0.7619953558594589,0.5584891029571432,0.6831810474395752,0.09629416465759277
500,5.2,15,3,1,1,1,11,0.5988233420392026,0.5957884136076388,0.6090729236602783,0.10725188255310059
500,5.2,15,3,1,1,1,12,0.5967636721891115,0.5083060373204773,0.5926885604858398,0.09117627143859863
500,5.2,15,3,1,1,1,13,0.6851605680331302,0.5062696729534146,0.6924307346343994,0.14429378509521484
500,5.2,15,3,1,1,1,14,0.6662281452249927,0.5532393087404653,0.5863385200500488,0.09679508209228516
500,5.2,15,3,1,1,1,15,0.6490783607441768,0.48690745262502655,0.5541963577270508,0.10344076156616211
500,5.2,15,3,1,1,1,16,0.6477105808297803,0.5429463382344467,0.5504014492034912,0.09752726554870605
500,5.2,15,3,1,1,1,17,0.6212815946726117,0.61454885134277,0.5472946166992188,0.10651755332946777
500,5.2,15,3,1,1,1,18,0.642363810748663,0.5896586265308649,0.7606618404388428,0.12215542793273926
500,5.2,15,3,1,1,1,19,0.6340755520967147,0.558751239641366,0.6178786754608154,0.10353827476501465
500,5.2,15,3,1,1,1,20,0.6969364047827914,0.561829895945071,0.6391487121582031,0.09558892250061035
500,5.2,15,3,1,1,1,21,0.7268081373341939,0.8021966615900272,0.5938193798065186,0.08055734634399414
500,5.2,15,3,1,1,1,22,0.7039156830849238,0.8381466782713392,0.5835123062133789,0.08997392654418945
500,5.2,15,3,1,1,1,23,0.6856629058238579,0.6691858837533594,0.8812751770019531,0.15264892578125
500,5.2,15,3,1,1,1,24,0.6406668369678564,0.5216580448627443,0.627913236618042,0.08542037010192871
500,5.4,15,3,1,1,1,0,0.7062837780845279,0.5405755788398838,0.5915236473083496,0.09029316902160645
500,5.4,15,3,1,1,1,1,0.6732906402188447,0.5818622824557229,0.672492265701294,0.11001229286193848
500,5.4,15,3,1,1,1,2,0.6838102907581834,0.7267791425961216,0.5963904857635498,0.09955048561096191
500,5.4,15,3,1,1,1,3,0.7743717018901788,0.524284203040907,0.6999695301055908,0.12135791778564453
500,5.4,15,3,1,1,1,4,0.858460650145172,0.6274350742358086,0.6307389736175537,0.08858585357666016
500,5.4,15,3,1,1,1,5,0.8362400674926163,0.576335220047583,0.5558285713195801,0.09860348701477051
500,5.4,15,3,1,1,1,6,0.7208443269368531,0.502754296872505,0.6131978034973145,0.11187267303466797
500,5.4,15,3,1,1,1,7,0.7221072950200579,0.5827197715909256,0.5749890804290771,0.10149979591369629
500,5.4,15,3,1,1,1,8,0.6978208418891402,0.5962078879756584,0.644733190536499,0.08802032470703125
500,5.4,15,3,1,1,1,9,0.9202039473616386,0.5398121774996734,0.7235310077667236,0.1356356143951416
500,5.4,15,3,1,1,1,10,0.7109582351452084,0.6046150362005864,0.5994536876678467,0.10657644271850586
500,5.4,15,3,1,1,1,11,0.8293116875015266,0.5415070813202008,0.5688378810882568,0.11000943183898926
500,5.4,15,3,1,1,1,12,0.7060496660604281,0.7784722761686086,0.5515487194061279,0.09849143028259277
500,5.4,15,3,1,1,1,13,0.6820339338881943,0.6480121696121579,0.5806996822357178,0.0955970287322998
500,5.4,15,3,1,1,1,14,0.724441829152591,0.5223233494202123,0.7306344509124756,0.12756967544555664
500,5.4,15,3,1,1,1,15,0.6960414961656277,0.6371552506482293,0.6215863227844238,0.12111616134643555
500,5.4,15,3,1,1,1,16,0.7338295335802714,0.5559769077938839,0.57623291015625,0.10422801971435547
500,5.4,15,3,1,1,1,17,0.7150650232821222,0.569896219153365,0.6722841262817383,0.11664700508117676
500,5.4,15,3,1,1,1,18,0.818042407641604,0.49006896267408717,0.6951773166656494,0.1502079963684082
500,5.4,15,3,1,1,1,19,0.7931980190172958,0.5417436506128197,0.7495701313018799,0.12031173706054688
500,5.4,15,3,1,1,1,20,0.626349779609588,0.6479808631955583,0.5921287536621094,0.10668563842773438
500,5.4,15,3,1,1,1,21,1.0623118501634274,0.6075076022684797,0.5622730255126953,0.11379885673522949
500,5.4,15,3,1,1,1,22,0.7641879118909759,0.573608642256345,0.5705006122589111,0.08649921417236328
500,5.4,15,3,1,1,1,23,0.8499860261711919,0.6416288077936312,0.5718417167663574,0.11120939254760742
500,5.4,15,3,1,1,1,24,0.7936803450818148,0.5930931787557301,0.6259503364562988,0.11782526969909668
500,5.6000000000000005,15,3,1,1,1,0,0.6812064109893762,0.5690220811910415,0.676854133605957,0.0993502140045166
500,5.6000000000000005,15,3,1,1,1,1,0.7459930151525964,0.5643743469950586,0.5604236125946045,0.1115272045135498
500,5.6000000000000005,15,3,1,1,1,2,0.8073764921348059,0.6674032912707972,0.5704188346862793,0.1045236587524414
500,5.6000000000000005,15,3,1,1,1,3,0.7529517182395542,0.5807249073892982,0.6153223514556885,0.10340523719787598
500,5.6000000000000005,15,3,1,1,1,4,0.8199852338268061,0.6202123312746136,0.5756409168243408,0.09202766418457031
500,5.6000000000000005,15,3,1,1,1,5,0.7494774824576383,0.6758493882129591,0.7401602268218994,0.1427474021911621
500,5.6000000000000005,15,3,1,1,1,6,0.709568799813315,0.47573239094867903,0.5834684371948242,0.1164393424987793
500,5.6000000000000005,15,3,1,1,1,7,0.8471601200323481,0.5583573405132796,0.5652616024017334,0.11153030395507812
500,5.6000000000000005,15,3,1,1,1,8,0.7520638134612534,0.5043480676416662,0.5637547969818115,0.10518789291381836
500,5.6000000000000005,15,3,1,1,1,9,0.7793676492655911,0.6146899311904229,0.5898447036743164,0.09216618537902832
500,5.6000000000000005,15,3,1,1,1,10,0.7794479022644305,0.7394960656337088,0.6806657314300537,0.14809775352478027
500,5.6000000000000005,15,3,1,1,1,11,0.6914188436726871,0.5341833218043188,0.602757453918457,0.11967921257019043
500,5.6000000000000005,15,3,1,1,1,12,0.7923047545191743,0.6153003304348704,0.6491081714630127,0.14631080627441406
500,5.6000000000000005,15,3,1,1,1,13,0.7402022046655083,0.8030405501557553,0.7173752784729004,0.11918067932128906
500,5.6000000000000005,15,3,1,1,1,14,0.7484503304453944,0.710190281564269,0.5900020599365234,0.11635279655456543
500,5.6000000000000005,15,3,1,1,1,15,0.7163451436755893,0.5448901421763829,0.6833584308624268,0.12462377548217773
500,5.6000000000000005,15,3,1,1,1,16,0.7689947254223874,0.6826947914140398,0.7218563556671143,0.14372754096984863
500,5.6000000000000005,15,3,1,1,1,17,0.7718908519582519,0.5694287826778355,0.5703980922698975,0.09717845916748047
500,5.6000000000000005,15,3,1,1,1,18,0.6638031959250104,0.5415958257017871,0.5954570770263672,0.11760425567626953
500,5.6000000000000005,15,3,1,1,1,19,0.8316813811953904,0.6877592262698723,0.6141681671142578,0.08310556411743164
500,5.6000000000000005,15,3,1,1,1,20,0.7672294931245858,0.5006349154589906,0.5710928440093994,0.12540555000305176
500,5.6000000000000005,15,3,1,1,1,21,0.7510408744763467,0.6284132423918127,0.695728063583374,0.12337255477905273
500,5.6000000000000005,15,3,1,1,1,22,0.6886104402655481,0.5188783238470365,0.5666682720184326,0.1237039566040039
500,5.6000000000000005,15,3,1,1,1,23,0.7991866217136205,0.7083214539897169,0.6348097324371338,0.08653831481933594
500,5.6000000000000005,15,3,1,1,1,24,0.6635717504890457,0.5555325629063083,0.5960721969604492,0.08797216415405273
500,5.800000000000001,15,3,1,1,1,0,0.6974564974902936,0.5640589837539957,0.583815336227417,0.08647537231445312
500,5.800000000000001,15,3,1,1,1,1,0.8735382180336106,0.5091687486323585,0.7270421981811523,0.13384795188903809
500,5.800000000000001,15,3,1,1,1,2,0.7357469705904528,0.581090536006266,0.5965607166290283,0.11674714088439941
500,5.800000000000001,15,3,1,1,1,3,0.8359807601052561,0.57073852580629,0.6519613265991211,0.08047127723693848
500,5.800000000000001,15,3,1,1,1,4,0.8204881826588085,0.5970468825509874,0.5899808406829834,0.09552121162414551
500,5.800000000000001,15,3,1,1,1,5,0.8135505154214034,0.5320574850485048,0.5724625587463379,0.08246397972106934
500,5.800000000000001,15,3,1,1,1,6,0.7231026125943154,0.6399771488372752,0.6924347877502441,0.1417100429534912
500,5.800000000000001,15,3,1,1,1,7,0.7445605675479244,0.5266550392649262,0.723731517791748,0.12741541862487793
500,5.800000000000001,15,3,1,1,1,8,0.9247799802750031,0.6252931057737731,0.59562087059021,0.09354448318481445
500,5.800000000000001,15,3,1,1,1,9,0.779904814754721,0.6514958471325234,0.5685606002807617,0.09310722351074219
500,5.800000000000001,15,3,1,1,1,10,0.8761515980295559,0.5104019457424136,0.5688791275024414,0.10839486122131348
500,5.800000000000001,15,3,1,1,1,11,0.8047072921370625,0.6963452846561585,0.593358039855957,0.10769772529602051
500,5.800000000000001,15,3,1,1,1,12,0.7374039221295157,0.6511248604558039,0.7157497406005859,0.11416816711425781
500,5.800000000000001,15,3,1,1,1,13,0.7955184360500688,0.6177205312648752,0.6656444072723389,0.12234234809875488
500,5.800000000000001,15,3,1,1,1,14,0.7967073644362014,0.5547398890879504,0.5801980495452881,0.11676025390625
500,5.800000000000001,15,3,1,1,1,15,0.62735001951192,0.6299812727896621,0.5955467224121094,0.10968136787414551
500,5.800000000000001,15,3,1,1,1,16,0.692715279852129,0.6230930746331088,0.6057581901550293,0.08450102806091309
500,5.800000000000001,15,3,1,1,1,17,0.7105389262255724,0.5997785523188184,0.7267615795135498,0.12366747856140137
500,5.800000000000001,15,3,1,1,1,18,0.9499009166832882,0.4883898975422161,0.5970702171325684,0.08648014068603516
500,5.800000000000001,15,3,1,1,1,19,0.7848745958579019,0.7332950396856441,0.5998501777648926,0.09131789207458496
500,5.800000000000001,15,3,1,1,1,20,0.7613212566860981,0.7633742961106063,0.5680303573608398,0.12213778495788574
500,5.800000000000001,15,3,1,1,1,21,0.6963746608810097,0.661347379412605,0.7153580188751221,0.1213843822479248
500,5.800000000000001,15,3,1,1,1,22,0.7779880590379346,0.5862002616616006,0.6921377182006836,0.11132454872131348
500,5.800000000000001,15,3,1,1,1,23,0.7287405804511601,0.5923367406574658,0.6165196895599365,0.08518052101135254
500,5.800000000000001,15,3,1,1,1,24,0.8564548989358374,0.5707022314059221,0.5734131336212158,0.08844614028930664
500,6.0,15,3,1,1,1,0,0.941776587761692,0.5549749967728477,0.5937273502349854,0.1070096492767334
500,6.0,15,3,1,1,1,1,0.7794655904117672,0.6048785360127019,0.5702457427978516,0.11870121955871582
500,6.0,15,3,1,1,1,2,0.8688408481932722,0.620741792751482,0.8252260684967041,0.16817331314086914
500,6.0,15,3,1,1,1,3,0.7663397797490265,0.5655557873261008,0.5755641460418701,0.10545992851257324
500,6.0,15,3,1,1,1,4,0.7217162596158564,0.6574567111289321,0.6222350597381592,0.07263922691345215
500,6.0,15,3,1,1,1,5,0.7033891193889156,0.6679715147901267,0.5929732322692871,0.08043432235717773
500,6.0,15,3,1,1,1,6,0.792540622326985,0.767763494715007,0.5858728885650635,0.0764627456665039
500,6.0,15,3,1,1,1,7,0.8561151660859476,0.7677992736760012,0.6304535865783691,0.1326160430908203
500,6.0,15,3,1,1,1,8,0.7220405782644378,0.5518470801607516,0.6443791389465332,0.07742691040039062
500,6.0,15,3,1,1,1,9,0.7155900521119375,0.5338314573958487,0.5885450839996338,0.11887097358703613
500,6.0,15,3,1,1,1,10,0.7897627052825168,0.6362200519821056,0.6039724349975586,0.09236431121826172
500,6.0,15,3,1,1,1,11,0.8047344805873474,0.5519954376017944,0.5760226249694824,0.08309078216552734
500,6.0,15,3,1,1,1,12,0.9113500936767616,0.5129620575129377,0.5975131988525391,0.08642148971557617
500,6.0,15,3,1,1,1,13,0.9190917431226725,0.6910279443068447,0.723163366317749,0.13106131553649902
500,6.0,15,3,1,1,1,14,0.7178089003747764,0.6801663129070765,0.5804224014282227,0.09828424453735352
500,6.0,15,3,1,1,1,15,0.7620125551743572,0.647176347249025,0.5670061111450195,0.10805749893188477
500,6.0,15,3,1,1,1,16,0.712187999127168,0.6789338514806813,0.7066476345062256,0.10233187675476074
500,6.0,15,3,1,1,1,17,0.7425603846647438,0.5168339873512631,0.6010253429412842,0.08542966842651367
500,6.0,15,3,1,1,1,18,0.7302625425410982,0.8735396399061253,0.7586026191711426,0.10757207870483398
500,6.0,15,3,1,1,1,19,0.821574156586749,0.6355382139573313,0.6012885570526123,0.11374568939208984
500,6.0,15,3,1,1,1,20,0.9482670701230017,0.7243977245318681,0.5756359100341797,0.09680032730102539
500,6.0,15,3,1,1,1,21,0.6952796732266406,0.5559802464368591,0.6209661960601807,0.1005401611328125
500,6.0,15,3,1,1,1,22,0.8569496443307952,0.6652029810288431,0.7084333896636963,0.13976693153381348
500,6.0,15,3,1,1,1,23,0.7434739913812899,0.6632304373591689,0.7490086555480957,0.10960865020751953
500,6.0,15,3,1,1,1,24,0.7868901938237433,0.6230773111175679,0.5015723705291748,0.12618780136108398
500,6.2,15,3,1,1,1,0,0.8133259259076112,0.6879297254574521,0.5841093063354492,0.10575103759765625
500,6.2,15,3,1,1,1,1,0.7542100187317766,0.5726836854311216,0.5802767276763916,0.11455488204956055
500,6.2,15,3,1,1,1,2,0.829977666730346,0.6509660089393114,0.606684684753418,0.09269857406616211
500,6.2,15,3,1,1,1,3,0.8951130717108929,0.5877787944925233,0.592078685760498,0.10376477241516113
500,6.2,15,3,1,1,1,4,0.92505259541393,0.6499321220365495,0.6931297779083252,0.13036727905273438
500,6.2,15,3,1,1,1,5,0.9430826118421787,0.7546800056744514,0.5599255561828613,0.09945940971374512
500,6.2,15,3,1,1,1,6,0.7702707687644107,0.7223764199519999,0.5176634788513184,0.10671019554138184
500,6.2,15,3,1,1,1,7,0.916083710916998,0.8125703246066046,0.4991769790649414,0.1009361743927002
500,6.2,15,3,1,1,1,8,0.813059470414652,0.6576944216892737,0.5476675033569336,0.09411859512329102
500,6.2,15,3,1,1,1,9,1.0728236587164437,0.6874674926970004,0.6269705295562744,0.10873103141784668
500,6.2,15,3,1,1,1,10,0.7819800744251558,0.5434874010897138,0.633582592010498,0.08780431747436523
500,6.2,15,3,1,1,1,11,0.9401319106487357,0.5272636484797387,0.5474441051483154,0.08318853378295898
500,6.2,15,3,1,1,1,12,0.8357076939335522,0.6897799084476415,0.5234911441802979,0.07903361320495605
500,6.2,15,3,1,1,1,13,0.7601235584988125,0.557759339375439,0.5459511280059814,0.08929777145385742
500,6.2,15,3,1,1,1,14,0.7721407599550868,0.662550764809925,0.545926570892334,0.07646870613098145
500,6.2,15,3,1,1,1,15,0.7678873823173424,0.6202499845308059,0.7157442569732666,0.11324071884155273
500,6.2,15,3,1,1,1,16,0.8129415035413685,0.5512899544754297,0.6091189384460449,0.0875859260559082
500,6.2,15,3,1,1,1,17,0.8589083986416832,0.6354068972335615,0.6423614025115967,0.10253453254699707
500,6.2,15,3,1,1,1,18,0.9023637382058791,0.6068418690945483,0.5503754615783691,0.08655357360839844
500,6.2,15,3,1,1,1,19,0.8979686622229031,0.6638810163764666,0.5344889163970947,0.09852719306945801
500,6.2,15,3,1,1,1,20,0.8633308167127003,0.5161094849883264,0.6615467071533203,0.11706304550170898
500,6.2,15,3,1,1,1,21,0.9094358488533709,0.5818575756726604,0.6718490123748779,0.10154461860656738
500,6.2,15,3,1,1,1,22,0.9993139430736935,0.6826953634734635,0.5721242427825928,0.11199402809143066
500,6.2,15,3,1,1,1,23,0.7708481801860443,0.5470594095850904,0.5572521686553955,0.08676695823669434
500,6.2,15,3,1,1,1,24,0.7217124833556596,0.6925363743021176,0.5410754680633545,0.10802459716796875
500,6.4,15,3,1,1,1,0,1.054368895408847,0.6149107728598823,0.5820283889770508,0.0864877700805664
500,6.4,15,3,1,1,1,1,0.8601777632696523,0.6491387602457936,0.7214608192443848,0.13724708557128906
500,6.4,15,3,1,1,1,2,0.7774919543733935,0.7242689189236874,0.5629591941833496,0.1146841049194336
500,6.4,15,3,1,1,1,3,0.8238923002152213,0.5434657807307591,0.545670747756958,0.10422253608703613
500,6.4,15,3,1,1,1,4,2.8099898130149246,0.6656991982048723,0.5543665885925293,0.12870383262634277
500,6.4,15,3,1,1,1,5,0.7982075882846636,0.6334424049116014,0.6134588718414307,0.08838033676147461
500,6.4,15,3,1,1,1,6,0.8702928014941067,0.7567224689373396,0.7492904663085938,0.11907196044921875
500,6.4,15,3,1,1,1,7,0.959041060605009,0.6052647434495092,0.5896396636962891,0.09099578857421875
500,6.4,15,3,1,1,1,8,0.8572835385635226,0.672835062898571,0.5974485874176025,0.08506369590759277
500,6.4,15,3,1,1,1,9,0.8063941965515374,0.6658461486117389,0.5674958229064941,0.11700654029846191
500,6.4,15,3,1,1,1,10,0.850114506461107,0.6480328244668926,0.5884168148040771,0.10148906707763672
500,6.4,15,3,1,1,1,11,0.784982500784692,0.8115260965452898,0.7553985118865967,0.13440299034118652
500,6.4,15,3,1,1,1,12,0.8497851146582048,0.5022397849932139,0.7801370620727539,0.14168930053710938
500,6.4,15,3,1,1,1,13,0.8887547719036482,0.751108731770337,0.6271190643310547,0.09193682670593262
500,6.4,15,3,1,1,1,14,0.969389761740108,0.596115983767575,0.5956270694732666,0.11059689521789551
500,6.4,15,3,1,1,1,15,0.7714068284360864,0.6518024968238122,0.6208178997039795,0.10045075416564941
500,6.4,15,3,1,1,1,16,0.9966828156817246,0.5625678217656307,0.7252349853515625,0.12462973594665527
500,6.4,15,3,1,1,1,17,0.8068096889927129,0.7382908416981157,0.6211974620819092,0.09854602813720703
500,6.4,15,3,1,1,1,18,0.9577414578189329,0.5980295951669736,0.5815253257751465,0.10351371765136719
500,6.4,15,3,1,1,1,19,0.984697046703887,0.7912287882122968,0.5813145637512207,0.11707592010498047
500,6.4,15,3,1,1,1,20,0.7544897265474734,0.5739139141674144,0.5573718547821045,0.129103422164917
500,6.4,15,3,1,1,1,21,0.8712989232355837,0.7078293480214873,0.5963399410247803,0.13641715049743652
500,6.4,15,3,1,1,1,22,0.9394941239739155,0.6551996360245002,0.7132000923156738,0.1473984718322754
500,6.4,15,3,1,1,1,23,0.8093585689455464,0.6887805738088589,0.5874478816986084,0.11154532432556152
500,6.4,15,3,1,1,1,24,0.8554803815854816,0.6593225618337438,0.5713849067687988,0.09188437461853027
500,6.6000000000000005,15,3,1,1,1,0,0.8453086326246224,0.6560838630621393,0.5957989692687988,0.09953188896179199
500,6.6000000000000005,15,3,1,1,1,1,0.8562180168180956,0.6196660720240125,0.5934538841247559,0.08649373054504395
500,6.6000000000000005,15,3,1,1,1,2,0.9441634775195793,0.6417739921811146,0.7620155811309814,0.11460447311401367
500,6.6000000000000005,15,3,1,1,1,3,1.023977374003841,0.7090977424470558,0.5959794521331787,0.08204460144042969
500,6.6000000000000005,15,3,1,1,1,4,0.9067058266837201,0.8461325479397391,0.5580008029937744,0.12852859497070312
500,6.6000000000000005,15,3,1,1,1,5,0.8443064371623514,0.6683906346252154,0.5343964099884033,0.09751200675964355
500,6.6000000000000005,15,3,1,1,1,6,0.9311170799829873,0.6595971714676848,0.5998268127441406,0.0964055061340332
500,6.6000000000000005,15,3,1,1,1,7,0.8840537634194848,0.592955387060874,0.8564162254333496,0.14725375175476074
500,6.6000000000000005,15,3,1,1,1,8,0.8077606478503006,0.6020784030249124,0.6351792812347412,0.10310673713684082
500,6.6000000000000005,15,3,1,1,1,9,0.8384324419685215,0.7229629815476066,0.6028809547424316,0.10002636909484863
500,6.6000000000000005,15,3,1,1,1,10,0.8761323559726024,0.5848694873080803,0.5727088451385498,0.1085968017578125
500,6.6000000000000005,15,3,1,1,1,11,1.01626060998873,0.7591401622934809,0.5721442699432373,0.09541511535644531
500,6.6000000000000005,15,3,1,1,1,12,0.8054000249754393,0.5387562523059799,0.5987732410430908,0.12012457847595215
500,6.6000000000000005,15,3,1,1,1,13,0.9297782701151909,0.6339018055038825,0.6879453659057617,0.08362674713134766
500,6.6000000000000005,15,3,1,1,1,14,0.793649919845683,0.6635525124809852,0.5334038734436035,0.08759713172912598
500,6.6000000000000005,15,3,1,1,1,15,0.856407257122399,0.7807093099598553,0.5389611721038818,0.10751223564147949
500,6.6000000000000005,15,3,1,1,1,16,0.8493447015721814,0.8056804441023016,0.526923656463623,0.09251666069030762
500,6.6000000000000005,15,3,1,1,1,17,0.7884880365229207,0.6641762911442194,0.5514819622039795,0.10508561134338379
500,6.6000000000000005,15,3,1,1,1,18,0.8895015322288412,0.816941711180189,0.7029004096984863,0.13741707801818848
500,6.6000000000000005,15,3,1,1,1,19,0.7950591785855564,0.679061886880237,0.6456496715545654,0.08803915977478027
500,6.6000000000000005,15,3,1,1,1,20,0.9174133669673084,0.7046798552774937,0.5803799629211426,0.09295392036437988
500,6.6000000000000005,15,3,1,1,1,21,0.9070317593356778,0.7790013105380783,0.5611555576324463,0.11116170883178711
500,6.6000000000000005,15,3,1,1,1,22,0.9033498820419028,0.7360532187656561,0.6679072380065918,0.0896294116973877
500,6.6000000000000005,15,3,1,1,1,23,0.7952726016011235,0.6376902695207254,0.6612787246704102,0.13006162643432617
500,6.6000000000000005,15,3,1,1,1,24,1.1029961910077999,0.6289392287496847,0.7057740688323975,0.1390976905822754
500,6.800000000000001,15,3,1,1,1,0,1.0341913944372088,0.7426103487168114,0.6981439590454102,0.09712529182434082
500,6.800000000000001,15,3,1,1,1,1,0.9156285352038119,0.6338809868410982,0.6112320423126221,0.08334064483642578
500,6.800000000000001,15,3,1,1,1,2,0.9589498058398914,0.8554939859707591,0.7843630313873291,0.12579894065856934
500,6.800000000000001,15,3,1,1,1,3,0.9750371603355277,0.6687813596749325,0.7692711353302002,0.1189107894897461
500,6.800000000000001,15,3,1,1,1,4,2.672612048363357,0.7368997857155383,0.5928208827972412,0.1155400276184082
500,6.800000000000001,15,3,1,1,1,5,0.9519566568930844,0.7578523868988212,0.5858635902404785,0.09463310241699219
500,6.800000000000001,15,3,1,1,1,6,0.9670479920841922,0.6137702897608365,0.6230404376983643,0.10753059387207031
500,6.800000000000001,15,3,1,1,1,7,1.0877800458106182,0.6295648116401831,0.5922062397003174,0.1264495849609375
500,6.800000000000001,15,3,1,1,1,8,0.8875741781299922,0.8177016165362126,0.5818288326263428,0.12452816963195801
500,6.800000000000001,15,3,1,1,1,9,0.8439004685297444,0.7354238227870257,0.7393457889556885,0.12707829475402832
500,6.800000000000001,15,3,1,1,1,10,0.9986507397412541,0.6330842263297471,0.585249662399292,0.09751439094543457
500,6.800000000000001,15,3,1,1,1,11,1.0703485503980776,0.5676089416271245,0.5455799102783203,0.10403156280517578
500,6.800000000000001,15,3,1,1,1,12,0.9348250158151088,0.600372858722638,0.5533668994903564,0.1157979965209961
500,6.800000000000001,15,3,1,1,1,13,0.896027799419168,0.9125993804842231,0.5896084308624268,0.09741926193237305
500,6.800000000000001,15,3,1,1,1,14,0.8296516404216829,0.6979375151588484,0.7683277130126953,0.1190652847290039
500,6.800000000000001,15,3,1,1,1,15,0.988610137887841,0.7200754559255775,0.5653879642486572,0.126511812210083
500,6.800000000000001,15,3,1,1,1,16,0.8574436557151149,0.6685775064615876,0.6105630397796631,0.09560489654541016
500,6.800000000000001,15,3,1,1,1,17,0.8671207031311021,0.5731038327516529,0.637317419052124,0.08819961547851562
500,6.800000000000001,15,3,1,1,1,18,0.9280908584357305,0.6828555765933999,0.5899643898010254,0.09740972518920898
500,6.800000000000001,15,3,1,1,1,19,0.9437015950719011,0.8671787393435711,0.7382404804229736,0.12485218048095703
500,6.800000000000001,15,3,1,1,1,20,0.8701959539964201,0.6351922197421411,0.5622916221618652,0.12177300453186035
500,6.800000000000001,15,3,1,1,1,21,0.9611195230484962,0.6135732308187302,0.7111475467681885,0.12353062629699707
500,6.800000000000001,15,3,1,1,1,22,0.9140464548517073,0.6917542929029737,0.6402206420898438,0.10544514656066895
500,6.800000000000001,15,3,1,1,1,23,0.9230826076162963,0.5432323525611503,0.6779444217681885,0.09556031227111816
500,6.800000000000001,15,3,1,1,1,24,0.8416358251926316,0.7331761907782514,0.7113668918609619,0.15433883666992188
500,7.0,15,3,1,1,1,0,0.8641264425133234,0.6901340492607184,0.5877020359039307,0.10442709922790527
500,7.0,15,3,1,1,1,1,1.3391448594260689,0.6498967436217907,0.5438563823699951,0.1106107234954834
500,7.0,15,3,1,1,1,2,0.9772351967511401,0.7053791866055164,0.6201653480529785,0.08041810989379883
500,7.0,15,3,1,1,1,3,1.0029992757075175,0.6534870760299692,0.5668702125549316,0.08998394012451172
500,7.0,15,3,1,1,1,4,1.1475710289526153,0.7399003972317283,0.5725970268249512,0.1462552547454834
500,7.0,15,3,1,1,1,5,1.0879525340403373,0.8198150227579624,0.7664229869842529,0.12454414367675781
500,7.0,15,3,1,1,1,6,0.8949921767712895,0.664079991061003,0.571580171585083,0.11317682266235352
500,7.0,15,3,1,1,1,7,0.9836371818567459,0.7038120862060735,0.558448076248169,0.12687110900878906
500,7.0,15,3,1,1,1,8,0.9035827635585801,0.5707215771164692,0.6179354190826416,0.09008049964904785
500,7.0,15,3,1,1,1,9,1.0811872158123812,0.6853931185471555,0.592444896697998,0.08706474304199219
500,7.0,15,3,1,1,1,10,0.9457409513073849,0.6473633690067734,0.7791996002197266,0.0893709659576416
500,7.0,15,3,1,1,1,11,0.9217585231997975,0.6555561197015951,0.5515437126159668,0.11156868934631348
500,7.0,15,3,1,1,1,12,1.0199610179860334,0.7790043097919661,0.5952661037445068,0.12298727035522461
500,7.0,15,3,1,1,1,13,1.0595147226713055,0.6786680029424648,0.6270668506622314,0.1071023941040039
500,7.0,15,3,1,1,1,14,0.9006819979271578,0.7071023287305526,0.600339412689209,0.09802794456481934
500,7.0,15,3,1,1,1,15,1.2070616899984254,0.6893361923004576,0.7610640525817871,0.12202572822570801
500,7.0,15,3,1,1,1,16,1.223142629968968,0.6530743735124952,0.749509334564209,0.1359560489654541
500,7.0,15,3,1,1,1,17,0.8094034094817804,0.8560335739758685,0.5854744911193848,0.09555935859680176
500,7.0,15,3,1,1,1,18,1.026569014567196,0.5998492058786117,0.6144626140594482,0.09878301620483398
500,7.0,15,3,1,1,1,19,0.9717078695038218,0.6321901904025108,0.5741393566131592,0.09489917755126953
500,7.0,15,3,1,1,1,20,0.9727540099097362,0.6620293921038671,0.7090885639190674,0.12917423248291016
500,7.0,15,3,1,1,1,21,0.9208732093973341,0.6573143945122759,0.6232602596282959,0.10343146324157715
500,7.0,15,3,1,1,1,22,0.8702740992046551,0.5904762314937904,0.6453959941864014,0.08797645568847656
500,7.0,15,3,1,1,1,23,1.1805050592779796,0.784756945315962,0.6052720546722412,0.08204364776611328
500,7.0,15,3,1,1,1,24,1.0460068650907808,0.6253752669784016,0.5992081165313721,0.10054731369018555
500,7.2,15,3,1,1,1,0,2.6116881752243257,0.7262987284070308,0.6401584148406982,0.14615702629089355
500,7.2,15,3,1,1,1,1,1.2322761892902196,0.6967850142146594,0.706587553024292,0.08387875556945801
500,7.2,15,3,1,1,1,2,0.947188794587959,0.6874128156200879,0.6310608386993408,0.10944938659667969
500,7.2,15,3,1,1,1,3,2.3663104672460618,1.2507688050701424,0.639911413192749,0.08451247215270996
500,7.2,15,3,1,1,1,4,1.2641522856561604,0.7718569559953141,0.5888485908508301,0.09107041358947754
500,7.2,15,3,1,1,1,5,0.9871298632546556,0.6925659752725868,0.5719459056854248,0.08823823928833008
500,7.2,15,3,1,1,1,6,1.176244070980592,0.7189552342676782,0.7128949165344238,0.11902379989624023
500,7.2,15,3,1,1,1,7,1.1034629888636953,0.7787121959801436,0.5703353881835938,0.08541274070739746
500,7.2,15,3,1,1,1,8,0.7849103505149179,0.731568507162356,0.5666732788085938,0.08895754814147949
500,7.2,15,3,1,1,1,9,1.4538836881399402,0.7087633875477048,0.5503647327423096,0.13951826095581055
500,7.2,15,3,1,1,1,10,2.5232858874749313,0.9954794704323559,0.6460590362548828,0.10254883766174316
500,7.2,15,3,1,1,1,11,1.0004903639425347,0.6886904116819268,0.7697775363922119,0.15817999839782715
500,7.2,15,3,1,1,1,12,1.0413314399502929,0.6930218231799795,0.5724277496337891,0.12853574752807617
500,7.2,15,3,1,1,1,13,2.196808415397264,0.7676483046209622,0.6972019672393799,0.13540434837341309
500,7.2,15,3,1,1,1,14,1.0038471219859197,0.7366749158711609,0.5747687816619873,0.10851716995239258
500,7.2,15,3,1,1,1,15,1.0288528130137635,0.7632304570330957,0.5641045570373535,0.11594486236572266
500,7.2,15,3,1,1,1,16,1.1410597957762543,0.7923462709043142,0.6644241809844971,0.1395397186279297
500,7.2,15,3,1,1,1,17,1.0734323004003274,0.6791809909298924,0.6329700946807861,0.09460091590881348
500,7.2,15,3,1,1,1,18,0.8052518265063529,0.8264453556303307,0.5729885101318359,0.09342193603515625
500,7.2,15,3,1,1,1,19,0.9894942580118377,0.6846365954761696,0.6078991889953613,0.08400583267211914
500,7.2,15,3,1,1,1,20,0.8978199793430375,0.6729395081200001,0.6104879379272461,0.10758113861083984
500,7.2,15,3,1,1,1,21,0.9199413329051295,1.2651827102526831,0.589214563369751,0.13074564933776855
500,7.2,15,3,1,1,1,22,0.954906598514555,0.7066556882059244,0.7318956851959229,0.13074111938476562
500,7.2,15,3,1,1,1,23,1.3194528173818385,0.7394903334463618,0.5839982032775879,0.09642839431762695
500,7.2,15,3,1,1,1,24,1.0937513217291208,0.8687904693765408,0.6016435623168945,0.09958744049072266
500,7.4,15,3,1,1,1,0,1.2062864478090998,0.7014795425792993,0.597822904586792,0.08898210525512695
500,7.4,15,3,1,1,1,1,1.1800206035400114,0.6794484741125216,0.5649018287658691,0.11392545700073242
500,7.4,15,3,1,1,1,2,1.0437143270798939,0.7144413849283123,0.7243008613586426,0.14401626586914062
500,7.4,15,3,1,1,1,3,1.1299521026152826,0.6947629987701421,0.5764255523681641,0.08906769752502441
500,7.4,15,3,1,1,1,4,0.9755631279875241,0.630700432572885,0.557265043258667,0.08630251884460449
500,7.4,15,3,1,1,1,5,1.095335580294132,0.6700752408419793,0.623906135559082,0.0998532772064209
500,7.4,15,3,1,1,1,6,0.9959096237435587,0.6957666291059946,0.7207932472229004,0.12321949005126953
500,7.4,15,3,1,1,1,7,0.9406785141222671,0.6478048461282729,0.6866106986999512,0.1472325325012207
500,7.4,15,3,1,1,1,8,1.1590577795398989,0.6461625784126119,0.5932891368865967,0.10954475402832031
500,7.4,15,3,1,1,1,9,2.7209958186258483,1.442138706661888,0.5636277198791504,0.09689664840698242
500,7.4,15,3,1,1,1,10,2.7928175632494963,0.921650374783001,0.5752255916595459,0.09399747848510742
500,7.4,15,3,1,1,1,11,1.072898685952994,0.8924650042655283,0.5594377517700195,0.0939168930053711
500,7.4,15,3,1,1,1,12,2.812471584904855,0.6347300632975884,0.5994033813476562,0.1446084976196289
500,7.4,15,3,1,1,1,13,0.9869888674994043,0.9061323843287821,0.7145447731018066,0.11477208137512207
500,7.4,15,3,1,1,1,14,0.9422065040848868,0.6741938798028992,0.6486670970916748,0.09660482406616211
500,7.4,15,3,1,1,1,15,2.3396616564129817,0.880733373588384,0.7100052833557129,0.11966538429260254
500,7.4,15,3,1,1,1,16,1.0293392840193494,0.5476935923335614,0.5837318897247314,0.09188079833984375
500,7.4,15,3,1,1,1,17,0.9394769841899852,0.7421390785234542,0.5803060531616211,0.11645340919494629
500,7.4,15,3,1,1,1,18,1.0230378211223516,0.7297263366757802,0.7320878505706787,0.12393021583557129
500,7.4,15,3,1,1,1,19,1.0392843551138495,0.7626248385926933,0.5768253803253174,0.1232447624206543
500,7.4,15,3,1,1,1,20,0.982836701813311,0.6005933490836279,0.5954575538635254,0.10144186019897461
500,7.4,15,3,1,1,1,21,1.8011095958237522,0.8729986718317496,0.6101939678192139,0.09139323234558105
500,7.4,15,3,1,1,1,22,1.2879443968885325,0.8038564085776497,0.5880630016326904,0.09722352027893066
500,7.4,15,3,1,1,1,23,0.9862337769226679,0.692121523709788,0.7326493263244629,0.1559920310974121
500,7.4,15,3,1,1,1,24,1.0352902987368247,0.6828323527349633,0.6325178146362305,0.11863827705383301
500,7.6000000000000005,15,3,1,1,1,0,0.996770359045588,0.716312115956991,0.6943824291229248,0.11061286926269531
500,7.6000000000000005,15,3,1,1,1,1,1.01589629351127,0.8642782441305723,0.660834550857544,0.09314751625061035
500,7.6000000000000005,15,3,1,1,1,2,2.82438947142822,1.1431124296037962,0.5659916400909424,0.1067962646484375
500,7.6000000000000005,15,3,1,1,1,3,2.769134751752453,0.6451967844516439,0.7179577350616455,0.146742582321167
500,7.6000000000000005,15,3,1,1,1,4,1.1206156644537963,0.7728573677355168,0.5574221611022949,0.10248064994812012
500,7.6000000000000005,15,3,1,1,1,5,1.0096855601558734,1.0647583131941347,0.5502119064331055,0.13266658782958984
500,7.6000000000000005,15,3,1,1,1,6,1.1042008136670531,0.8121703600778546,0.6906611919403076,0.10266876220703125
500,7.6000000000000005,15,3,1,1,1,7,1.0859652398586392,0.9507431749922982,0.5835299491882324,0.10906553268432617
500,7.6000000000000005,15,3,1,1,1,8,2.031339228970055,1.0560819459698625,0.66139817237854,0.11606264114379883
500,7.6000000000000005,15,3,1,1,1,9,2.521871177202296,2.0587613694325677,0.7839155197143555,0.09886932373046875
500,7.6000000000000005,15,3,1,1,1,10,2.8271579817047474,1.1927101710425376,0.592374324798584,0.12146449089050293
500,7.6000000000000005,15,3,1,1,1,11,0.8781265863154707,0.6608806920164957,0.6401233673095703,0.10380125045776367
500,7.6000000000000005,15,3,1,1,1,12,0.9274852782969105,0.850969959451356,0.6040518283843994,0.09178924560546875
500,7.6000000000000005,15,3,1,1,1,13,1.005845723767961,0.6974600498090541,0.5887246131896973,0.13037729263305664
500,7.6000000000000005,15,3,1,1,1,14,1.039428725413886,0.6381749332638351,0.7249655723571777,0.09746885299682617
500,7.6000000000000005,15,3,1,1,1,15,0.9163817900950654,0.759677599686992,0.5648086071014404,0.12508845329284668
500,7.6000000000000005,15,3,1,1,1,16,1.2442226109930552,0.8848616276649686,0.6037709712982178,0.10041522979736328
500,7.6000000000000005,15,3,1,1,1,17,1.062147902329357,0.6818435033816175,0.618973970413208,0.0888524055480957
500,7.6000000000000005,15,3,1,1,1,18,2.6964564533953492,0.7787217640770274,0.6180515289306641,0.10496664047241211
500,7.6000000000000005,15,3,1,1,1,19,2.31826022802064,1.6926917357211002,0.7512598037719727,0.12705779075622559
500,7.6000000000000005,15,3,1,1,1,20,1.0781794229270398,1.1165344498833805,0.7848110198974609,0.11510419845581055
500,7.6000000000000005,15,3,1,1,1,21,1.0447994676503964,0.651712935931743,0.5571455955505371,0.10363531112670898
500,7.6000000000000005,15,3,1,1,1,22,0.983451818364507,0.859815537391727,0.6253197193145752,0.09349417686462402
500,7.6000000000000005,15,3,1,1,1,23,2.5257326283324524,0.8449183373936926,0.6428749561309814,0.1001744270324707
500,7.6000000000000005,15,3,1,1,1,24,1.2277272602228246,0.689392404032205,0.7086803913116455,0.15442276000976562
500,7.800000000000001,15,3,1,1,1,0,1.3544427379014152,0.8020019924368791,0.601252555847168,0.08817338943481445
500,7.800000000000001,15,3,1,1,1,1,1.2800491666784723,0.6878751741960366,0.5669705867767334,0.10070943832397461
500,7.800000000000001,15,3,1,1,1,2,2.686183734571731,1.7071784480526522,0.5977897644042969,0.13478922843933105
500,7.800000000000001,15,3,1,1,1,3,1.1254264049227605,0.7975740290316754,0.7545239925384521,0.1224663257598877
500,7.800000000000001,15,3,1,1,1,4,1.1236807039261083,0.7976096552442078,0.7040750980377197,0.14214587211608887
500,7.800000000000001,15,3,1,1,1,5,1.4561458097626403,0.8112472854103153,0.6075446605682373,0.09169125556945801
500,7.800000000000001,15,3,1,1,1,6,1.2765259493175103,0.9121614389867503,0.5809075832366943,0.1100156307220459
500,7.800000000000001,15,3,1,1,1,7,1.1191605494137644,0.8323177639188303,0.5642814636230469,0.0993044376373291
500,7.800000000000001,15,3,1,1,1,8,1.0574204143282506,0.7984066481382402,0.5615530014038086,0.09570646286010742
500,7.800000000000001,15,3,1,1,1,9,1.2659223163196158,0.6800432024663499,0.5815427303314209,0.12586522102355957
500,7.800000000000001,15,3,1,1,1,10,1.050586182705839,0.7420439627192448,0.7486844062805176,0.1273939609527588
500,7.800000000000001,15,3,1,1,1,11,1.2145288882276322,0.7632338096968894,0.6014449596405029,0.10724949836730957
500,7.800000000000001,15,3,1,1,1,12,1.0024133574878995,0.7099763481709878,0.5415458679199219,0.09165263175964355
500,7.800000000000001,15,3,1,1,1,13,1.0426411501981803,0.8686369365726586,0.614760160446167,0.12307071685791016
500,7.800000000000001,15,3,1,1,1,14,2.7162204842348614,1.2944532959588964,0.7028141021728516,0.10428166389465332
500,7.800000000000001,15,3,1,1,1,15,1.0459073375103045,0.8353142037427461,0.8883321285247803,0.13105010986328125
500,7.800000000000001,15,3,1,1,1,16,1.1138114582630176,0.8698171894252656,0.6669299602508545,0.10503363609313965
500,7.800000000000001,15,3,1,1,1,17,2.8191612060592743,1.599347791522682,0.6056308746337891,0.11651873588562012
500,7.800000000000001,15,3,1,1,1,18,1.1413569069893357,1.249314508815556,0.5918633937835693,0.10618352890014648
500,7.800000000000001,15,3,1,1,1,19,1.3436150938350002,0.6638645289723512,0.6089470386505127,0.0861048698425293
500,7.800000000000001,15,3,1,1,1,20,1.1810393225243803,0.7046503376866252,0.7731797695159912,0.1554422378540039
500,7.800000000000001,15,3,1,1,1,21,1.2502681510133804,0.8468395735877293,0.582160234451294,0.1164696216583252
500,7.800000000000001,15,3,1,1,1,22,2.5098451295755386,1.0341106718087658,0.5782523155212402,0.10351872444152832
500,7.800000000000001,15,3,1,1,1,23,0.9926817892335106,0.8204215381730757,0.5664715766906738,0.12451481819152832
500,7.800000000000001,15,3,1,1,1,24,1.0580506026242167,1.0251297411291127,0.7170729637145996,0.1200871467590332
500,8.0,15,3,1,1,1,0,2.6995443491393245,3.344774448027081,0.7085425853729248,0.14753437042236328
500,8.0,15,3,1,1,1,1,1.2080406873250176,1.0301142419423697,0.6032476425170898,0.08894681930541992
500,8.0,15,3,1,1,1,2,1.026310224481246,0.8531712712207196,0.5578241348266602,0.09851193428039551
500,8.0,15,3,1,1,1,3,1.088987686363826,0.8366439695216125,0.5433809757232666,0.11251950263977051
500,8.0,15,3,1,1,1,4,1.0537113011178827,0.9507000363961153,0.5985474586486816,0.1104726791381836
500,8.0,15,3,1,1,1,5,1.0852988101261647,0.8168257825994443,0.7070095539093018,0.12404990196228027
500,8.0,15,3,1,1,1,6,1.3076932430599588,0.9560260687266791,0.749476432800293,0.09253931045532227
500,8.0,15,3,1,1,1,7,1.1291134692136455,0.8434572939653089,0.6182324886322021,0.0836637020111084
500,8.0,15,3,1,1,1,8,1.0461558206744332,0.7678401468311722,0.6004233360290527,0.0850670337677002
500,8.0,15,3,1,1,1,9,1.1713002635050953,0.7206643403790196,0.7439920902252197,0.1380312442779541
500,8.0,15,3,1,1,1,10,1.3762920636744362,0.9142091502147055,0.6715891361236572,0.1196136474609375
500,8.0,15,3,1,1,1,11,1.1320972984170745,0.7161023739738367,0.7314612865447998,0.08740758895874023
500,8.0,15,3,1,1,1,12,2.444043972841738,1.098210190247206,0.6027836799621582,0.08956336975097656
500,8.0,15,3,1,1,1,13,1.1681487912395319,0.722320332455219,0.6075077056884766,0.13960695266723633
500,8.0,15,3,1,1,1,14,1.1044240744319485,1.0560695898691266,0.6335535049438477,0.08540773391723633
500,8.0,15,3,1,1,1,15,1.075200732198323,0.8853111578811536,0.5870707035064697,0.11052322387695312
500,8.0,15,3,1,1,1,16,2.2441268149865987,0.8160781364791728,0.7562782764434814,0.13263297080993652
500,8.0,15,3,1,1,1,17,1.2438811359143431,0.8078827785785139,0.673424482345581,0.12342643737792969
500,8.0,15,3,1,1,1,18,2.3167578038155874,0.8330874757743825,0.5577020645141602,0.10445046424865723
500,8.0,15,3,1,1,1,19,2.0281086672802613,1.1201090197232964,0.6020810604095459,0.08801150321960449
500,8.0,15,3,1,1,1,20,2.0118170884584523,0.7319958835284991,0.643329381942749,0.0930633544921875
500,8.0,15,3,1,1,1,21,1.149902503288709,0.8959206453324104,0.7263572216033936,0.1377255916595459
500,8.0,15,3,1,1,1,22,2.6822676115327786,1.0950294444188482,0.6033852100372314,0.10358428955078125
500,8.0,15,3,1,1,1,23,1.1750310693598938,0.7160991151976035,0.5888087749481201,0.09216451644897461
500,8.0,15,3,1,1,1,24,1.110252129220996,0.8226865058862627,0.6009178161621094,0.1116642951965332
500,8.200000000000001,15,3,1,1,1,0,1.153852431510705,0.9356877585368084,0.7060635089874268,0.10416889190673828
500,8.200000000000001,15,3,1,1,1,1,1.2172138096866183,0.882240631435637,0.7239649295806885,0.1269083023071289
500,8.200000000000001,15,3,1,1,1,2,1.0883118777309908,0.9371773470697007,0.5774266719818115,0.11418747901916504
500,8.200000000000001,15,3,1,1,1,3,1.173478591056144,0.6557340026235585,0.6546285152435303,0.11961555480957031
500,8.200000000000001,15,3,1,1,1,4,1.0159057454571967,0.778762252206292,0.6896555423736572,0.09775686264038086
500,8.200000000000001,15,3,1,1,1,5,2.58313088394123,1.7031023615267127,0.545335054397583,0.11445498466491699
500,8.200000000000001,15,3,1,1,1,6,1.724998634834039,0.7327296663909744,0.7177934646606445,0.1255812644958496
500,8.200000000000001,15,3,1,1,1,7,2.803197081999745,1.0653774958232236,0.5736429691314697,0.11855506896972656
500,8.200000000000001,15,3,1,1,1,8,1.3197854166374632,1.0239926771481647,0.5509934425354004,0.11345219612121582
500,8.200000000000001,15,3,1,1,1,9,2.7845490833095465,1.5952875723480708,0.5660703182220459,0.1020653247833252
500,8.200000000000001,15,3,1,1,1,10,2.444779088576559,0.8330554692740826,0.5527677536010742,0.10600757598876953
500,8.200000000000001,15,3,1,1,1,11,2.5586397427201564,1.5041467004409164,0.5809640884399414,0.13628721237182617
500,8.200000000000001,15,3,1,1,1,12,1.0648965769729062,0.7897363754739424,0.6866300106048584,0.12758135795593262
500,8.200000000000001,15,3,1,1,1,13,1.2087547582108302,0.8687588216663522,0.5856523513793945,0.12458610534667969
500,8.200000000000001,15,3,1,1,1,14,1.0854045373786865,0.8573451301685726,0.5711679458618164,0.10428690910339355
500,8.200000000000001,15,3,1,1,1,15,2.4512089670022204,0.8638434786291649,0.6197881698608398,0.10117554664611816
500,8.200000000000001,15,3,1,1,1,16,2.828122593426223,0.7983676365724517,0.6118760108947754,0.0995481014251709
500,8.200000000000001,15,3,1,1,1,17,1.1035590334686796,0.7824214419577082,0.75115966796875,0.1244351863861084
500,8.200000000000001,15,3,1,1,1,18,2.378056685592441,0.8668677118783725,0.5735366344451904,0.0850362777709961
500,8.200000000000001,15,3,1,1,1,19,2.0057071341481825,1.0101942232983492,0.619614839553833,0.09708786010742188
500,8.200000000000001,15,3,1,1,1,20,1.8350453141436704,0.8817949497830656,0.6526927947998047,0.08533096313476562
500,8.200000000000001,15,3,1,1,1,21,1.2904605143123302,0.6618326618557359,0.5866105556488037,0.08087778091430664
500,8.200000000000001,15,3,1,1,1,22,1.199067051298036,0.9907465029402859,0.7705180644989014,0.126356840133667
500,8.200000000000001,15,3,1,1,1,23,2.802815354790033,3.1341285607264497,0.7450311183929443,0.12048172950744629
500,8.200000000000001,15,3,1,1,1,24,2.613638895825952,1.674152273661178,0.7190310955047607,0.0902705192565918
500,8.4,15,3,1,1,1,0,2.8170394398415635,0.7721119395970276,0.6277365684509277,0.09037995338439941
500,8.4,15,3,1,1,1,1,1.2118881660656775,0.7913808218666947,0.6043505668640137,0.083404541015625
500,8.4,15,3,1,1,1,2,1.2175926052205692,0.7746961955439231,0.6991350650787354,0.15552496910095215
500,8.4,15,3,1,1,1,3,1.301543418993181,0.8584951408403737,0.7080214023590088,0.1498410701751709
500,8.4,15,3,1,1,1,4,2.542209345139471,0.7698419357267824,0.6371574401855469,0.08375930786132812
500,8.4,15,3,1,1,1,5,2.6413593441977072,2.198115985185031,0.5819199085235596,0.10340452194213867
500,8.4,15,3,1,1,1,6,1.3960091708848072,0.9018914974419219,0.5750598907470703,0.11048293113708496
500,8.4,15,3,1,1,1,7,1.4198890260553345,0.6293926993855862,0.7663764953613281,0.1297290325164795
500,8.4,15,3,1,1,1,8,2.045706800488079,1.071780969322925,0.6332356929779053,0.1082906723022461
500,8.4,15,3,1,1,1,9,2.730626523520255,1.2887337543293693,0.5944864749908447,0.11206555366516113
500,8.4,15,3,1,1,1,10,1.1394463066748517,0.784949700916998,0.6170470714569092,0.11690688133239746
500,8.4,15,3,1,1,1,11,2.811155311032202,1.632813848836333,0.5664477348327637,0.11547470092773438
500,8.4,15,3,1,1,1,12,2.6988010147497543,2.385514768578337,0.6760320663452148,0.15599274635314941
500,8.4,15,3,1,1,1,13,2.8184649965251753,1.1761449989359436,0.6882860660552979,0.09593629837036133
500,8.4,15,3,1,1,1,14,2.464633120216204,0.970407115283802,0.6805880069732666,0.1082451343536377
500,8.4,15,3,1,1,1,15,2.791185019144523,1.2035220356346703,0.5612525939941406,0.11140060424804688
500,8.4,15,3,1,1,1,16,2.558247428298482,1.3883224407455803,0.5556056499481201,0.11350870132446289
500,8.4,15,3,1,1,1,17,2.7962454736602407,1.86053269863476,0.8279769420623779,0.1469554901123047
500,8.4,15,3,1,1,1,18,2.0189974209287884,1.2481590668861469,0.6362919807434082,0.11367988586425781
500,8.4,15,3,1,1,1,19,2.1313250762030695,1.0928148963409279,0.6289300918579102,0.09899282455444336
500,8.4,15,3,1,1,1,20,2.0592570854505348,0.8256716973279443,0.5723118782043457,0.1144866943359375
500,8.4,15,3,1,1,1,21,1.1061411686411935,0.7819261867622543,0.5539827346801758,0.09563708305358887
500,8.4,15,3,1,1,1,22,1.2261575087016234,0.7812142554326307,0.6317713260650635,0.12779784202575684
500,8.4,15,3,1,1,1,23,1.1521864012493084,0.7826928570682224,0.7034683227539062,0.11199164390563965
500,8.4,15,3,1,1,1,24,2.354684970655306,0.7909112512546991,0.5814783573150635,0.11948442459106445
500,8.6,15,3,1,1,1,0,2.8283381319574197,1.044436305276145,0.6091163158416748,0.11333942413330078
500,8.6,15,3,1,1,1,1,2.3832259200879595,1.7655389292740589,0.6077749729156494,0.10869050025939941
500,8.6,15,3,1,1,1,2,2.8170663429718648,1.1768487365670282,0.6075444221496582,0.11621356010437012
500,8.6,15,3,1,1,1,3,2.8151209066539558,0.9659232473323985,0.7471635341644287,0.1391153335571289
500,8.6,15,3,1,1,1,4,2.5568127165578143,0.9496804844016277,0.5593366622924805,0.09827232360839844
500,8.6,15,3,1,1,1,5,2.373991451245233,1.4543706399899827,0.5821774005889893,0.11592674255371094
500,8.6,15,3,1,1,1,6,2.720842335923156,0.8570032739884523,0.5830087661743164,0.10189056396484375
500,8.6,15,3,1,1,1,7,2.150360823986733,1.0880867380511066,0.5907993316650391,0.10547995567321777
500,8.6,15,3,1,1,1,8,2.7784999390221636,0.8389001935092462,0.69582200050354,0.12189245223999023
500,8.6,15,3,1,1,1,9,2.105868083356524,1.4591751971957074,0.7097859382629395,0.1200723648071289
500,8.6,15,3,1,1,1,10,0.9935006774968836,0.869255587806358,0.5908493995666504,0.10312318801879883
500,8.6,15,3,1,1,1,11,1.2724709471870348,0.8841840271194378,0.6012387275695801,0.08470010757446289
500,8.6,15,3,1,1,1,12,2.764849246998613,0.9865804777243117,0.7332024574279785,0.14613604545593262
500,8.6,15,3,1,1,1,13,1.0548797364593794,0.9724481136044401,0.6914598941802979,0.13947606086730957
500,8.6,15,3,1,1,1,14,1.297643997987294,0.8199463610257658,0.5945630073547363,0.11516046524047852
500,8.6,15,3,1,1,1,15,2.360266086655524,1.5820464775588863,0.5812649726867676,0.08770179748535156
500,8.6,15,3,1,1,1,16,2.68058385871538,1.5591004762023772,0.6067221164703369,0.1132345199584961
500,8.6,15,3,1,1,1,17,2.0615160358537112,0.9641198054347971,0.6098854541778564,0.09470510482788086
500,8.6,15,3,1,1,1,18,2.2513286842703195,1.0310827596887264,0.5920817852020264,0.09422826766967773
500,8.6,15,3,1,1,1,19,2.4664089665508535,0.9961363514331011,0.7913970947265625,0.12708330154418945
500,8.6,15,3,1,1,1,20,2.4325792300992637,0.8648386610048577,0.6115245819091797,0.09340071678161621
500,8.6,15,3,1,1,1,21,2.535197742461468,1.5762878070312556,0.6904768943786621,0.10326051712036133
500,8.6,15,3,1,1,1,22,2.780788376975857,1.0267895686347335,0.6346559524536133,0.08191800117492676
500,8.6,15,3,1,1,1,23,2.7787360216060866,1.2450717567269416,0.5954363346099854,0.09523463249206543
500,8.6,15,3,1,1,1,24,2.808628034512254,1.6598642485059278,0.7571852207183838,0.1270303726196289
500,8.8,15,3,1,1,1,0,2.7510383132836975,1.5872390857170982,0.5898914337158203,0.12065362930297852
500,8.8,15,3,1,1,1,1,2.8263810093408557,1.1918634355756659,0.6671619415283203,0.101318359375
500,8.8,15,3,1,1,1,2,2.77476976638125,1.3241505881122522,0.5914287567138672,0.0897681713104248
500,8.8,15,3,1,1,1,3,2.612473986246632,0.8898686882707783,0.6095592975616455,0.09313392639160156
500,8.8,15,3,1,1,1,4,2.783533089123312,1.4985430734929495,0.7162153720855713,0.12613391876220703
500,8.8,15,3,1,1,1,5,1.274021011807807,0.846824734204792,0.560711145401001,0.11619877815246582
500,8.8,15,3,1,1,1,6,1.7597914707570539,0.9653820813071985,0.7388114929199219,0.16713452339172363
500,8.8,15,3,1,1,1,7,2.8092087546233317,0.9635788521188469,0.6147105693817139,0.09351515769958496
500,8.8,15,3,1,1,1,8,2.8275553598858187,1.2949120262548737,0.6318345069885254,0.0856778621673584
500,8.8,15,3,1,1,1,9,2.818878171232945,0.8249168557127134,0.7131812572479248,0.1452023983001709
500,8.8,15,3,1,1,1,10,1.835546383202975,1.0759749081937873,0.5767514705657959,0.09531712532043457
500,8.8,15,3,1,1,1,11,1.2405632190997775,0.846708975823082,0.5529601573944092,0.10283446311950684
500,8.8,15,3,1,1,1,12,2.8284256501526017,1.6116474406213137,0.5533933639526367,0.10742592811584473
500,8.8,15,3,1,1,1,13,2.747801597864484,1.3901472142937639,0.6119952201843262,0.09409451484680176
500,8.8,15,3,1,1,1,14,1.31001959278679,0.9733062595665466,0.8017168045043945,0.13751673698425293
500,8.8,15,3,1,1,1,15,1.2703140124389827,0.9397751927798316,0.6346426010131836,0.10053467750549316
500,8.8,15,3,1,1,1,16,1.2453036191468017,0.882953482622664,0.6173841953277588,0.10303544998168945
500,8.8,15,3,1,1,1,17,2.6604969611188114,1.152255886122059,0.653451681137085,0.0864095687866211
500,8.8,15,3,1,1,1,18,2.4438156885765863,0.8542580764417499,0.6172847747802734,0.0913851261138916
500,8.8,15,3,1,1,1,19,2.666149175919188,1.1686965556189952,0.711712121963501,0.148054838180542
500,8.8,15,3,1,1,1,20,1.4003709608978165,0.8603892423608354,0.617255687713623,0.08851885795593262
500,8.8,15,3,1,1,1,21,1.9196884352331933,0.7427631597483044,0.6155800819396973,0.10454392433166504
500,8.8,15,3,1,1,1,22,1.2626113470947786,0.7368330300402814,0.6153461933135986,0.10546374320983887
500,8.8,15,3,1,1,1,23,2.825595866582165,1.6368395041466106,0.596153736114502,0.09742903709411621
500,8.8,15,3,1,1,1,24,2.734614185577891,0.8097352357638733,0.6380014419555664,0.12338900566101074
500,9.0,15,3,1,1,1,0,2.7919392101879765,1.1361320973852311,0.7846970558166504,0.12619924545288086
500,9.0,15,3,1,1,1,1,2.790642680964529,1.3710032395799632,0.6679329872131348,0.09765362739562988
500,9.0,15,3,1,1,1,2,2.2570190145159246,1.1684724011408907,0.5816314220428467,0.09123349189758301
500,9.0,15,3,1,1,1,3,2.4787376839288133,1.1334987323151253,0.581923246383667,0.08518385887145996
500,9.0,15,3,1,1,1,4,2.611350788058179,1.9550870674335277,0.6509208679199219,0.14337658882141113
500,9.0,15,3,1,1,1,5,2.7365015886620516,2.0214507286841275,0.659569501876831,0.10524106025695801
500,9.0,15,3,1,1,1,6,2.510688539448088,1.0563801731228413,0.5757925510406494,0.12358903884887695
500,9.0,15,3,1,1,1,7,2.816307610942359,1.0915016489732088,0.5927269458770752,0.10058856010437012
500,9.0,15,3,1,1,1,8,2.823292973573522,0.8883902557936969,0.5747292041778564,0.11067605018615723
500,9.0,15,3,1,1,1,9,2.7566735685506742,0.8891070338349019,0.5486888885498047,0.09747529029846191
500,9.0,15,3,1,1,1,10,2.8138739734853044,1.5659327106687322,0.7700438499450684,0.12163972854614258
500,9.0,15,3,1,1,1,11,1.9631699188171245,1.0518447610578028,0.5719454288482666,0.12802553176879883
500,9.0,15,3,1,1,1,12,2.271802791155041,1.0756259744664431,0.563021183013916,0.12744355201721191
500,9.0,15,3,1,1,1,13,2.3529393218043264,0.7880960845108598,0.6113231182098389,0.10451698303222656
500,9.0,15,3,1,1,1,14,2.8105203537366026,1.250227772823305,0.5916612148284912,0.10408258438110352
500,9.0,15,3,1,1,1,15,2.822953274735627,1.2760052399673165,0.7086641788482666,0.13864445686340332
500,9.0,15,3,1,1,1,16,2.7698363826396806,1.5183686734958692,0.5777568817138672,0.11362171173095703
500,9.0,15,3,1,1,1,17,2.8176592648193983,1.6931974329411392,0.5508224964141846,0.1035006046295166
500,9.0,15,3,1,1,1,18,2.7791582704960365,0.8315568598508924,0.567573070526123,0.09240102767944336
500,9.0,15,3,1,1,1,19,1.3959796739819093,0.8551523020440849,0.5822165012359619,0.11043477058410645
500,9.0,15,3,1,1,1,20,2.5270430724723405,1.4393891189998584,0.726503849029541,0.15603303909301758
500,9.0,15,3,1,1,1,21,2.8164906444961963,0.9214908825693103,0.7422680854797363,0.12237930297851562
500,9.0,15,3,1,1,1,22,2.636615799242927,2.097007567738054,0.5841937065124512,0.10543155670166016
500,9.0,15,3,1,1,1,23,2.297555966204305,1.2317309671385637,0.5793499946594238,0.10763168334960938
500,9.0,15,3,1,1,1,24,2.502619006671409,0.8309287986623622,0.5692980289459229,0.1082313060760498
500,9.200000000000001,15,3,1,1,1,0,2.487916492334169,1.2502987056714387,0.560666561126709,0.12875938415527344
500,9.200000000000001,15,3,1,1,1,1,2.8265821538271734,1.09355453390881,0.7668414115905762,0.1266651153564453
500,9.200000000000001,15,3,1,1,1,2,2.8011480174671473,1.144534350005919,0.6423025131225586,0.11123156547546387
500,9.200000000000001,15,3,1,1,1,3,2.8274761789943823,2.1772931099432955,0.6293652057647705,0.08046102523803711
500,9.200000000000001,15,3,1,1,1,4,1.8874750022178608,1.592857087435255,0.5940666198730469,0.1097104549407959
500,9.200000000000001,15,3,1,1,1,5,2.500392547712107,2.328694653144715,0.5646648406982422,0.09750080108642578
500,9.200000000000001,15,3,1,1,1,6,2.613281947243199,1.0730740024737766,0.7332220077514648,0.10058712959289551
500,9.200000000000001,15,3,1,1,1,7,2.817175365704556,2.1119684511459726,0.5474205017089844,0.1128079891204834
500,9.200000000000001,15,3,1,1,1,8,2.4004875480264736,0.9478836998591236,0.7360987663269043,0.08456158638000488
500,9.200000000000001,15,3,1,1,1,9,2.824258694599729,1.0244533436802248,0.604738712310791,0.07651114463806152
500,9.200000000000001,15,3,1,1,1,10,2.8073410195801163,1.185674922183637,0.7673132419586182,0.07151079177856445
500,9.200000000000001,15,3,1,1,1,11,2.8170001599692545,1.3652300507091748,0.6636087894439697,0.0926358699798584
500,9.200000000000001,15,3,1,1,1,12,1.3686670603774478,1.041868889496431,0.7033603191375732,0.11505889892578125
500,9.200000000000001,15,3,1,1,1,13,2.794324034222541,0.9772609258620814,0.6856706142425537,0.08822822570800781
500,9.200000000000001,15,3,1,1,1,14,2.8284257976775935,2.1680606379742864,0.5728225708007812,0.1185307502746582
500,9.200000000000001,15,3,1,1,1,15,2.801768194799837,0.95607737696692,0.9818437099456787,0.11651301383972168
500,9.200000000000001,15,3,1,1,1,16,1.6523209078781804,0.7717577769434532,0.6842973232269287,0.09253621101379395
500,9.200000000000001,15,3,1,1,1,17,2.691202358733761,1.0645761302435424,0.5764594078063965,0.10385656356811523
500,9.200000000000001,15,3,1,1,1,18,2.81030382088041,1.2050517473010962,0.5437521934509277,0.1335127353668213
500,9.200000000000001,15,3,1,1,1,19,2.7612061200039855,1.7248430868213316,0.5741453170776367,0.09251236915588379
500,9.200000000000001,15,3,1,1,1,20,2.8249526398679246,1.5805294102749752,0.6991775035858154,0.10252833366394043
500,9.200000000000001,15,3,1,1,1,21,2.7663980267536963,2.1842272463816492,0.541175365447998,0.12005853652954102
500,9.200000000000001,15,3,1,1,1,22,2.8267131043164055,1.9295308253821875,0.6938021183013916,0.12655210494995117
500,9.200000000000001,15,3,1,1,1,23,2.827372057192058,1.3930508649884203,0.5696136951446533,0.18714475631713867
500,9.200000000000001,15,3,1,1,1,24,2.8094014516911563,2.268382351734704,0.6774814128875732,0.10053205490112305
500,9.4,15,3,1,1,1,0,2.7898592942061162,1.3539256693548294,0.5740756988525391,0.10151433944702148
500,9.4,15,3,1,1,1,1,2.593173730546249,0.9047372113137455,0.6534378528594971,0.09399008750915527
500,9.4,15,3,1,1,1,2,2.245586454475886,1.0727644777013445,0.7320573329925537,0.15303301811218262
500,9.4,15,3,1,1,1,3,2.8281264005321636,1.9908605295622266,0.6318094730377197,0.10705375671386719
500,9.4,15,3,1,1,1,4,2.8234361817556413,1.4788235310772966,0.5342185497283936,0.18181657791137695
500,9.4,15,3,1,1,1,5,2.3324654223603294,0.8028352074716102,0.7164487838745117,0.10207772254943848
500,9.4,15,3,1,1,1,6,2.7655798278503108,2.150714503384241,0.6503055095672607,0.08222770690917969
500,9.4,15,3,1,1,1,7,2.7814025638327027,1.204053249179779,0.7480454444885254,0.11636686325073242
500,9.4,15,3,1,1,1,8,2.8261771491486156,1.0174357824942628,0.7019102573394775,0.09350180625915527
500,9.4,15,3,1,1,1,9,2.8261699804550475,2.642062687576017,0.6825699806213379,0.10734891891479492
500,9.4,15,3,1,1,1,10,2.8256156840492928,1.0834154548068542,0.6837575435638428,0.11050534248352051
500,9.4,15,3,1,1,1,11,1.3904450830372581,0.9235660797091982,0.5361621379852295,0.08842825889587402
500,9.4,15,3,1,1,1,12,2.75384408946688,0.9981411774724938,0.5689444541931152,0.12361669540405273
500,9.4,15,3,1,1,1,13,2.7967863201448777,2.3144780101112867,0.5870614051818848,0.09739279747009277
500,9.4,15,3,1,1,1,14,1.9780565868390088,1.0123439159783747,0.4627845287322998,0.08998417854309082
500,9.4,15,3,1,1,1,15,2.5706102493901546,1.5075992196185544,0.4833991527557373,0.09088730812072754
500,9.4,15,3,1,1,1,16,2.75894205602069,1.2430603525827286,0.4766843318939209,0.09230327606201172
500,9.4,15,3,1,1,1,17,2.7730855369433045,1.7828840148567089,0.47671937942504883,0.08793449401855469
500,9.4,15,3,1,1,1,18,2.7760984215272004,1.042888028537855,0.5730874538421631,0.12108206748962402
500,9.4,15,3,1,1,1,19,2.827787883682756,1.6022738036490982,0.5934009552001953,0.08846926689147949
500,9.4,15,3,1,1,1,20,2.7584853622719354,1.159776967128963,0.5638637542724609,0.1085810661315918
500,9.4,15,3,1,1,1,21,2.7591291935207933,1.3039930733985474,0.5273406505584717,0.09956812858581543
500,9.4,15,3,1,1,1,22,2.8203662026397405,1.1154641311299869,0.49961137771606445,0.1020820140838623
500,9.4,15,3,1,1,1,23,2.821935734147704,0.9675612981632116,0.5054681301116943,0.09517455101013184
500,9.4,15,3,1,1,1,24,2.79773731740659,1.422664316997025,0.6235489845275879,0.11560487747192383
500,9.600000000000001,15,3,1,1,1,0,2.8250638742471827,2.209212769764616,0.5170018672943115,0.10558414459228516
500,9.600000000000001,15,3,1,1,1,1,2.8221132744009676,2.280554455925795,0.5145831108093262,0.09841418266296387
500,9.600000000000001,15,3,1,1,1,2,2.8282359231916296,1.2787208974852895,0.5239367485046387,0.09763669967651367
500,9.600000000000001,15,3,1,1,1,3,2.8279557028245152,1.481121970067351,0.5242207050323486,0.09552693367004395
500,9.600000000000001,15,3,1,1,1,4,2.8111366875486734,1.182198971276806,0.47127652168273926,0.09055614471435547
500,9.600000000000001,15,3,1,1,1,5,2.8136837663143446,1.7782933675950943,0.5961861610412598,0.12200641632080078
500,9.600000000000001,15,3,1,1,1,6,2.6006020582061513,1.251192788313272,0.5847280025482178,0.10528802871704102
500,9.600000000000001,15,3,1,1,1,7,2.7997201461585934,1.3816569754366568,0.49495410919189453,0.0864717960357666
500,9.600000000000001,15,3,1,1,1,8,2.4288429143034205,1.129370625420805,0.46665048599243164,0.09146714210510254
500,9.600000000000001,15,3,1,1,1,9,2.45771133111717,1.194459547025568,0.45816564559936523,0.08643579483032227
500,9.600000000000001,15,3,1,1,1,10,2.827675876237028,1.276827941250679,0.4732508659362793,0.09761404991149902
500,9.600000000000001,15,3,1,1,1,11,2.828297037610959,2.050355605698438,0.5839235782623291,0.12588906288146973
500,9.600000000000001,15,3,1,1,1,12,2.8263803046550238,1.0849711970783709,0.4228966236114502,0.08491230010986328
500,9.600000000000001,15,3,1,1,1,13,2.828394863712624,2.6778178086289843,0.4508380889892578,0.08607125282287598
500,9.600000000000001,15,3,1,1,1,14,1.284776084564219,0.8513311606038555,0.4465954303741455,0.08759260177612305
500,9.600000000000001,15,3,1,1,1,15,2.8170002334068545,2.331653239822943,0.43531346321105957,0.08054399490356445
500,9.600000000000001,15,3,1,1,1,16,2.393989984063529,1.2726036125938642,0.4614248275756836,0.08548092842102051
500,9.600000000000001,15,3,1,1,1,17,2.8209514322765545,1.4874162639098936,0.5646510124206543,0.09865999221801758
500,9.600000000000001,15,3,1,1,1,18,2.8262867097379765,1.4121401089007113,0.4020853042602539,0.07749390602111816
500,9.600000000000001,15,3,1,1,1,19,2.7728261841082498,1.44978938273878,0.44223856925964355,0.07859373092651367
500,9.600000000000001,15,3,1,1,1,20,2.8279159994835363,2.653496274115174,0.4456601142883301,0.08092713356018066
500,9.600000000000001,15,3,1,1,1,21,2.733430873797765,1.0675572292174222,0.4272189140319824,0.08951354026794434
500,9.600000000000001,15,3,1,1,1,22,2.82485414579818,1.2874889336842372,0.4173009395599365,0.09251022338867188
500,9.600000000000001,15,3,1,1,1,23,2.827415063337182,1.8874871970613367,0.4138188362121582,0.09351634979248047
500,9.600000000000001,15,3,1,1,1,24,2.821766610656619,1.6826403341364597,0.5436248779296875,0.11651086807250977
500,9.8,15,3,1,1,1,0,2.8094168470671974,1.565182443828983,0.44232678413391113,0.0920257568359375
500,9.8,15,3,1,1,1,1,2.781457886018197,1.2412269504861448,0.4716470241546631,0.09649968147277832
500,9.8,15,3,1,1,1,2,2.7662973650026905,1.2380481847064002,0.4472239017486572,0.09403705596923828
500,9.8,15,3,1,1,1,3,2.8284107806557737,2.2660416981783125,0.4707911014556885,0.09651446342468262
500,9.8,15,3,1,1,1,4,2.812893600184835,0.9437832546808284,0.5449092388153076,0.10151386260986328
500,9.8,15,3,1,1,1,5,2.8280162015267534,1.4460285281965601,0.771477222442627,0.16653919219970703
500,9.8,15,3,1,1,1,6,2.5146251906658232,1.0399889581162212,0.5176911354064941,0.09402298927307129
500,9.8,15,3,1,1,1,7,2.8284245343678136,2.863594285821918,0.5120522975921631,0.09764933586120605
500,9.8,15,3,1,1,1,8,2.81371848525612,2.4243681721842356,0.5049581527709961,0.09879136085510254
500,9.8,15,3,1,1,1,9,2.82648934679598,1.7063441062065199,0.4813847541809082,0.09545278549194336
500,9.8,15,3,1,1,1,10,2.8281626721702926,1.2513204754488587,0.5675990581512451,0.12393331527709961
500,9.8,15,3,1,1,1,11,2.8252650128165406,2.878165241269255,0.6177256107330322,0.09803247451782227
500,9.8,15,3,1,1,1,12,2.8283070953441376,1.8677250286962566,0.5287363529205322,0.09094452857971191
500,9.8,15,3,1,1,1,13,2.7817116655418563,1.4651412561025434,0.5074665546417236,0.09149980545043945
500,9.8,15,3,1,1,1,14,2.828401536921312,2.882027488089762,0.4895904064178467,0.09049844741821289
500,9.8,15,3,1,1,1,15,2.5246649157049057,1.195815869061622,0.49448513984680176,0.09205079078674316
500,9.8,15,3,1,1,1,16,2.3496402747943907,1.441962453057581,0.6386446952819824,0.12658023834228516
500,9.8,15,3,1,1,1,17,2.8273153480691673,1.8620227221359087,0.520862340927124,0.09140658378601074
500,9.8,15,3,1,1,1,18,2.823416532912928,2.1555251189878724,0.5094842910766602,0.0980839729309082
500,9.8,15,3,1,1,1,19,2.819503233110647,1.3876389541604741,0.48625993728637695,0.08951735496520996
500,9.8,15,3,1,1,1,20,2.8247953860879744,1.6108824122250351,0.4962787628173828,0.08365249633789062
500,9.8,15,3,1,1,1,21,2.8282257817088983,2.603941016821404,0.4847702980041504,0.09749913215637207
500,9.8,15,3,1,1,1,22,2.827821832576726,1.0926571759635613,0.6529695987701416,0.13202667236328125
500,9.8,15,3,1,1,1,23,2.8284160415302577,2.1796102005376805,0.5125174522399902,0.09100723266601562
500,9.8,15,3,1,1,1,24,2.823087249545313,1.7400023667973987,0.5027265548706055,0.09807896614074707
