n,s1,1_p_s2,s2,beta,q,sqrt_q,rep_no,eigen_mat_rerr,eigen_mat_terr,eigen_mat_gerr,eigen_mat_ev_time,eigen_mat_cal_translation_time
500,1,0.0,0.0,1,1,1,0,0.171278321972103,0.1407662301023511,0.28972615825224923,0.3436911106109619,0.08614206314086914
500,1,0.0,0.0,1,1,1,1,0.18607985496949442,0.1601711459100423,0.3382803705475729,0.35421252250671387,0.07423257827758789
500,1,0.0,0.0,1,1,1,2,0.17395608283770156,0.13050639185835822,0.26919816424608695,0.39929842948913574,0.07507133483886719
500,1,0.0,0.0,1,1,1,3,0.18393260295654668,0.12597439125554566,0.255401694322873,0.35779333114624023,0.08356046676635742
500,1,0.0,0.0,1,1,1,4,0.16268774826057603,0.12287958687350897,0.273330857003541,0.33803868293762207,0.07480049133300781
500,1,0.0,0.0,1,1,1,5,0.1640353269855196,0.16386018729845558,0.28451491115434857,0.3743431568145752,0.07281851768493652
500,1,0.0,0.0,1,1,1,6,0.17934453076876197,0.15851953457608037,0.30040380435381564,0.34036922454833984,0.07375073432922363
500,1,0.0,0.0,1,1,1,7,0.19187755325038117,0.1210387806727949,0.3129163339231761,0.38995790481567383,0.07722258567810059
500,1,0.0,0.0,1,1,1,8,0.1866597396556608,0.18708116969575941,0.33672893190101194,0.44194936752319336,0.08276772499084473
500,1,0.0,0.0,1,1,1,9,0.18025730015432534,0.10940966155606371,0.266877023756404,0.34289979934692383,0.07252621650695801
500,1,0.0,0.0,1,1,1,10,0.1620949091993226,0.12724729614672645,0.2587757689226027,0.4555549621582031,0.08342432975769043
500,1,0.0,0.0,1,1,1,11,0.18010306113459687,0.13490827851312906,0.280031738375412,0.405303955078125,0.07323312759399414
500,1,0.0,0.0,1,1,1,12,0.182993352139248,0.1396321827072464,0.30084068197497194,0.3416743278503418,0.07702207565307617
500,1,0.0,0.0,1,1,1,13,0.16624075937026256,0.15706627488075217,0.30803117960898796,0.33344507217407227,0.07443976402282715
500,1,0.0,0.0,1,1,1,14,0.19286790801289044,0.15527900485060697,0.3116828931554258,0.37709760665893555,0.07482719421386719
500,1,0.0,0.0,1,1,1,15,0.16486660802367117,0.1480302952949452,0.2797409805526497,0.3421907424926758,0.07397961616516113
500,1,0.0,0.0,1,1,1,16,0.19465081447742755,0.13608289586309583,0.31408952118187683,0.3382747173309326,0.07500910758972168
500,1,0.0,0.0,1,1,1,17,0.18404461773297823,0.1617047398441692,0.3239009380493626,0.3673825263977051,0.07301664352416992
500,1,0.0,0.0,1,1,1,18,0.1897496009912918,0.12902995951220986,0.23559971263733603,0.35456275939941406,0.07593441009521484
500,1,0.0,0.0,1,1,1,19,0.17754483700189755,0.17120592511959568,0.2970328592603738,0.3439359664916992,0.07701563835144043
500,1,0.0,0.0,1,1,1,20,0.20108631518363396,0.14721727130080464,0.28247730510760055,0.38333821296691895,0.07645988464355469
500,1,0.0,0.0,1,1,1,21,0.17024907750145665,0.1519401800074069,0.2897833763498634,0.3444042205810547,0.07477450370788574
500,1,0.0,0.0,1,1,1,22,0.15752198144119503,0.12434999489328984,0.2545784711451276,0.3454549312591553,0.07491040229797363
500,1,0.0,0.0,1,1,1,23,0.17418552658547307,0.18405413724727215,0.3484574954747436,0.4782447814941406,0.12238860130310059
500,1,0.0,0.0,1,1,1,24,0.21470494881383917,0.12075890978565366,0.2961112498642336,0.5668234825134277,0.11387038230895996
500,1,0.44000000000000006,0.2,1,1,1,0,0.1655626781132522,0.1477280401569842,0.272017578290105,0.5698287487030029,0.10936689376831055
500,1,0.44000000000000006,0.2,1,1,1,1,0.1907305358449035,0.13284365925828776,0.3225970072084274,0.57920241355896,0.14125919342041016
500,1,0.44000000000000006,0.2,1,1,1,2,0.19508279327639216,0.12224942431808386,0.259037426364787,0.557206392288208,0.12937474250793457
500,1,0.44000000000000006,0.2,1,1,1,3,0.18267282961746428,0.16548093623597304,0.3255789622763635,0.6457901000976562,0.14888882637023926
500,1,0.44000000000000006,0.2,1,1,1,4,0.18051384770238924,0.12252339902914623,0.25954107835016665,0.5404806137084961,0.11847066879272461
500,1,0.44000000000000006,0.2,1,1,1,5,0.1814670130428336,0.1497064280702807,0.3311734411131143,0.6186482906341553,0.12548470497131348
500,1,0.44000000000000006,0.2,1,1,1,6,0.16285458850513115,0.133826229447734,0.26377559822972835,0.5576598644256592,0.12671494483947754
500,1,0.44000000000000006,0.2,1,1,1,7,0.1797073983840998,0.1076103006243548,0.25357433351915776,0.6119997501373291,0.1228325366973877
500,1,0.44000000000000006,0.2,1,1,1,8,0.18588004865288002,0.14954932164616414,0.3079619621897626,0.5755455493927002,0.11792731285095215
500,1,0.44000000000000006,0.2,1,1,1,9,0.17657713852871784,0.13532200904725944,0.27501309079558334,0.8546125888824463,0.15196514129638672
500,1,0.44000000000000006,0.2,1,1,1,10,0.19141238954754206,0.2472257794022801,0.42267707599538207,0.5132005214691162,0.12040925025939941
500,1,0.44000000000000006,0.2,1,1,1,11,0.20779181370037958,0.13690403995345682,0.34469585365383637,0.538729190826416,0.1235356330871582
500,1,0.44000000000000006,0.2,1,1,1,12,0.15536564536685626,0.15138534397222989,0.2819393570641815,0.5636019706726074,0.1244349479675293
500,1,0.44000000000000006,0.2,1,1,1,13,0.15800090146995383,0.14762827181532515,0.2827448051937689,0.6047806739807129,0.12334060668945312
500,1,0.44000000000000006,0.2,1,1,1,14,0.15788868116545218,0.1263390246718053,0.259415377679875,0.6042838096618652,0.12450003623962402
500,1,0.44000000000000006,0.2,1,1,1,15,0.1710865520409353,0.1457880390785062,0.30612602395601407,0.5795469284057617,0.11310601234436035
500,1,0.44000000000000006,0.2,1,1,1,16,0.19578221586727432,0.13183772605825228,0.28668572221127275,0.6044507026672363,0.11468672752380371
500,1,0.44000000000000006,0.2,1,1,1,17,0.1683859765783033,0.1546067288967334,0.27641547903947494,0.5479123592376709,0.11204648017883301
500,1,0.44000000000000006,0.2,1,1,1,18,0.1681920957199675,0.17606945402986787,0.30650438518043005,0.4992673397064209,0.11277103424072266
500,1,0.44000000000000006,0.2,1,1,1,19,0.17251751251995362,0.13542578406662376,0.2613123665740888,0.7519488334655762,0.15807271003723145
500,1,0.44000000000000006,0.2,1,1,1,20,0.17269039934647662,0.1302498214329541,0.29385876763026714,0.6067824363708496,0.1204078197479248
500,1,0.44000000000000006,0.2,1,1,1,21,0.17639205907501287,0.13956867497042053,0.3046966349681439,0.5222008228302002,0.12574028968811035
500,1,0.44000000000000006,0.2,1,1,1,22,0.1735126866038715,0.12455702969476716,0.24376487679998296,0.5474965572357178,0.12703871726989746
500,1,0.44000000000000006,0.2,1,1,1,23,0.15673949647387211,0.13489484573861463,0.25664283357761947,0.7216391563415527,0.13793420791625977
500,1,0.44000000000000006,0.2,1,1,1,24,0.1811765837786787,0.15336966349638684,0.3276027868885317,0.7573270797729492,0.1518268585205078
500,1,0.96,0.4,1,1,1,0,0.16143599342431936,0.16181274713485375,0.31685927629003063,0.5466594696044922,0.12346124649047852
500,1,0.96,0.4,1,1,1,1,0.17821221726327516,0.16772165569803194,0.34593387296130707,0.5556895732879639,0.1291060447692871
500,1,0.96,0.4,1,1,1,2,0.18575137937451947,0.15277432451411735,0.273771187997892,0.5950448513031006,0.1229410171508789
500,1,0.96,0.4,1,1,1,3,0.1678862448768795,0.11727592773653782,0.26987481361535254,0.7534325122833252,0.16013693809509277
500,1,0.96,0.4,1,1,1,4,0.2108432297169515,0.16468130473525824,0.35821086014565107,0.7833130359649658,0.1514301300048828
500,1,0.96,0.4,1,1,1,5,0.17911723489027995,0.16705156896466886,0.33431669122103613,0.5048329830169678,0.11111998558044434
500,1,0.96,0.4,1,1,1,6,0.15438759579122452,0.13960948759298444,0.2934389082162464,0.5051376819610596,0.12035250663757324
500,1,0.96,0.4,1,1,1,7,0.19447990322269523,0.1345506441782533,0.2917741710492873,0.5524065494537354,0.13001656532287598
500,1,0.96,0.4,1,1,1,8,0.22220841578074702,0.18177306303181823,0.34087186273397607,0.6055145263671875,0.11723589897155762
500,1,0.96,0.4,1,1,1,9,0.17114147352066061,0.14019476741351028,0.261777199008883,0.7747225761413574,0.1501178741455078
500,1,0.96,0.4,1,1,1,10,0.1687218452328139,0.14608676022790973,0.31299166277603996,0.6162960529327393,0.1275768280029297
500,1,0.96,0.4,1,1,1,11,0.22796937659841596,0.16926337907370886,0.3972327556721248,0.5838663578033447,0.11674308776855469
500,1,0.96,0.4,1,1,1,12,0.1828026173876862,0.1680800779759478,0.2741074579807885,0.5586318969726562,0.1175999641418457
500,1,0.96,0.4,1,1,1,13,0.19146980652670367,0.12976078837902305,0.3007713691947064,0.50600266456604,0.12284541130065918
500,1,0.96,0.4,1,1,1,14,0.1709974622261552,0.13483065918610965,0.27863059552195957,0.7243785858154297,0.1612393856048584
500,1,0.96,0.4,1,1,1,15,0.20354198260373224,0.16486450012470022,0.28876896773925387,0.5231740474700928,0.11900854110717773
500,1,0.96,0.4,1,1,1,16,0.17030200900847048,0.1776453319827239,0.3407589395556613,0.5822160243988037,0.11748957633972168
500,1,0.96,0.4,1,1,1,17,0.19270916098861013,0.12866077462391565,0.3085857132312042,0.594221830368042,0.12165427207946777
500,1,0.96,0.4,1,1,1,18,0.173384229045792,0.15201150348817702,0.3087821968426976,0.5813069343566895,0.12829995155334473
500,1,0.96,0.4,1,1,1,19,0.19177417967506227,0.16640793034425605,0.33801702837735603,0.7501711845397949,0.15736603736877441
500,1,0.96,0.4,1,1,1,20,0.18692329550302741,0.15370464655286453,0.30206933003719294,0.5980181694030762,0.11579155921936035
500,1,0.96,0.4,1,1,1,21,0.16882575968219102,0.12440148320741626,0.27061013145192025,0.602137565612793,0.12671589851379395
500,1,0.96,0.4,1,1,1,22,0.18434942700587945,0.16291512133108635,0.3063845846590352,0.7355306148529053,0.1729416847229004
500,1,0.96,0.4,1,1,1,23,0.1829120959559683,0.16776632066826677,0.2944509786178009,0.6244823932647705,0.1193234920501709
500,1,0.96,0.4,1,1,1,24,0.20205498074780176,0.14231245245427598,0.27331635253081116,0.746828556060791,0.1569056510925293
500,1,1.5600000000000003,0.6000000000000001,1,1,1,0,0.21072963293301203,0.1426459630221236,0.32336155972228336,0.610344409942627,0.10893774032592773
500,1,1.5600000000000003,0.6000000000000001,1,1,1,1,0.17100268400782506,0.20718849217918353,0.3658677407704505,0.5606667995452881,0.11795830726623535
500,1,1.5600000000000003,0.6000000000000001,1,1,1,2,0.18471388390851914,0.11866571251303906,0.28086427153848353,0.5262150764465332,0.11571669578552246
500,1,1.5600000000000003,0.6000000000000001,1,1,1,3,0.17360868675693905,0.1611526882914997,0.2939997662173465,0.5352389812469482,0.12685441970825195
500,1,1.5600000000000003,0.6000000000000001,1,1,1,4,0.20780094698810297,0.15802353425175697,0.36582448123985994,0.8693957328796387,0.15295767784118652
500,1,1.5600000000000003,0.6000000000000001,1,1,1,5,0.18187453608859983,0.16645413109416646,0.2944533814354193,0.5709750652313232,0.13152074813842773
500,1,1.5600000000000003,0.6000000000000001,1,1,1,6,0.1888198726046275,0.1742908601493549,0.3414336446490889,0.6148507595062256,0.12070441246032715
500,1,1.5600000000000003,0.6000000000000001,1,1,1,7,0.16288593989709474,0.12927423046257783,0.2559599569724477,0.5750653743743896,0.11597061157226562
500,1,1.5600000000000003,0.6000000000000001,1,1,1,8,0.18613033364231107,0.16483378170241084,0.33163844267566933,0.5305838584899902,0.11815690994262695
500,1,1.5600000000000003,0.6000000000000001,1,1,1,9,0.1647033632164622,0.12425998223689724,0.2885447400515471,0.9509100914001465,0.19367527961730957
500,1,1.5600000000000003,0.6000000000000001,1,1,1,10,0.18386194912155676,0.20208734450812513,0.33889598002081456,0.9634099006652832,0.17753005027770996
500,1,1.5600000000000003,0.6000000000000001,1,1,1,11,0.16138944147752257,0.13018172725679944,0.2629766554770534,0.7328441143035889,0.13269853591918945
500,1,1.5600000000000003,0.6000000000000001,1,1,1,12,0.16895826017461663,0.15383971049360523,0.2731539568605602,0.6209087371826172,0.1370537281036377
500,1,1.5600000000000003,0.6000000000000001,1,1,1,13,0.1709228910248549,0.16268697252278605,0.29457228250840284,0.8405590057373047,0.169325590133667
500,1,1.5600000000000003,0.6000000000000001,1,1,1,14,0.18248036455741207,0.15082048266816714,0.2876034276023357,0.8431730270385742,0.15515685081481934
500,1,1.5600000000000003,0.6000000000000001,1,1,1,15,0.1883517465520171,0.1562362432542826,0.3122496104902069,0.6448168754577637,0.1066584587097168
500,1,1.5600000000000003,0.6000000000000001,1,1,1,16,0.17460817876276527,0.15824152213853285,0.29609638153491136,0.7317764759063721,0.16208577156066895
500,1,1.5600000000000003,0.6000000000000001,1,1,1,17,0.16481108735508884,0.15729841596485888,0.31881944875858226,0.7919178009033203,0.1542069911956787
500,1,1.5600000000000003,0.6000000000000001,1,1,1,18,0.1825133016517769,0.1502603484708878,0.30382139028167293,0.7892873287200928,0.16351795196533203
500,1,1.5600000000000003,0.6000000000000001,1,1,1,19,0.18801765815326585,0.15850700173066995,0.3046723159088215,0.7367639541625977,0.15693259239196777
500,1,1.5600000000000003,0.6000000000000001,1,1,1,20,0.18699834418440683,0.14345383396538183,0.2870796406188782,0.5850245952606201,0.11897587776184082
500,1,1.5600000000000003,0.6000000000000001,1,1,1,21,0.17031470142829497,0.14444383463651833,0.27555068226679397,0.6129164695739746,0.14139699935913086
500,1,1.5600000000000003,0.6000000000000001,1,1,1,22,0.1899598687236614,0.14977048342369914,0.3233600319531529,0.8192131519317627,0.14754343032836914
500,1,1.5600000000000003,0.6000000000000001,1,1,1,23,0.17444871498684528,0.14246092108504962,0.28038791776522676,0.7285037040710449,0.12069153785705566
500,1,1.5600000000000003,0.6000000000000001,1,1,1,24,0.1741347654257782,0.12706494572488766,0.2733227130236465,0.62154221534729,0.14009904861450195
500,1,2.2399999999999998,0.8,1,1,1,0,0.18904164128154397,0.1890087003788281,0.3780503416603721,0.6992194652557373,0.15796399116516113
500,1,2.2399999999999998,0.8,1,1,1,1,0.1966600897596434,0.17535271637152325,0.37201280613116666,0.7207553386688232,0.11364603042602539
500,1,2.2399999999999998,0.8,1,1,1,2,0.21896303773969822,0.15380012030294046,0.34644749422288934,0.8733081817626953,0.16428899765014648
500,1,2.2399999999999998,0.8,1,1,1,3,0.18220349712221737,0.1833534218403095,0.36555691896252684,0.6449477672576904,0.14720678329467773
500,1,2.2399999999999998,0.8,1,1,1,4,0.18090632663965522,0.14283298626875282,0.3237393129084081,0.6846456527709961,0.1375734806060791
500,1,2.2399999999999998,0.8,1,1,1,5,0.1750493578294465,0.13136967480602196,0.2650615510187864,0.6726961135864258,0.1363999843597412
500,1,2.2399999999999998,0.8,1,1,1,6,0.15840633922629574,0.22440016108493108,0.34039627609470113,0.6305422782897949,0.17064452171325684
500,1,2.2399999999999998,0.8,1,1,1,7,0.1702912709257457,0.17271029962952794,0.332554858682487,0.718808650970459,0.12929463386535645
500,1,2.2399999999999998,0.8,1,1,1,8,0.1746397806563556,0.15206305312441354,0.2879829986488762,0.7313840389251709,0.13054299354553223
500,1,2.2399999999999998,0.8,1,1,1,9,0.17919484141084477,0.17978301359459867,0.31570758566869145,0.6555588245391846,0.14583158493041992
500,1,2.2399999999999998,0.8,1,1,1,10,0.18657220653827697,0.18022670262489834,0.30730339189326894,0.711477518081665,0.1286635398864746
500,1,2.2399999999999998,0.8,1,1,1,11,0.17214039640610423,0.16183862582827066,0.2827729150233386,0.8570022583007812,0.16784024238586426
500,1,2.2399999999999998,0.8,1,1,1,12,0.16345761424869015,0.15724452185223523,0.3070584272009582,0.6328120231628418,0.1454014778137207
500,1,2.2399999999999998,0.8,1,1,1,13,0.17443260717275755,0.17646335985953737,0.29340604677325544,0.5901100635528564,0.1557300090789795
500,1,2.2399999999999998,0.8,1,1,1,14,0.16796021946078787,0.19340008051790233,0.34998172334395283,0.6581017971038818,0.15632843971252441
500,1,2.2399999999999998,0.8,1,1,1,15,0.1671432940132696,0.15008201115636774,0.30284325343576673,0.738239049911499,0.1325368881225586
500,1,2.2399999999999998,0.8,1,1,1,16,0.17679165186515505,0.13362939443957947,0.2621730879068106,0.8841691017150879,0.1595170497894287
500,1,2.2399999999999998,0.8,1,1,1,17,0.17621304321824233,0.167670637470823,0.3027441133174118,0.5972900390625,0.1286768913269043
500,1,2.2399999999999998,0.8,1,1,1,18,0.16101411233809793,0.1462942880573453,0.3066653606479732,0.6116769313812256,0.13140177726745605
500,1,2.2399999999999998,0.8,1,1,1,19,0.16300042961798,0.17327211108033164,0.31957036877015854,0.6315507888793945,0.15289020538330078
500,1,2.2399999999999998,0.8,1,1,1,20,0.18757772873590195,0.1836701091791932,0.32022764675647164,0.8147635459899902,0.15380120277404785
500,1,2.2399999999999998,0.8,1,1,1,21,0.18493182173393904,0.1828714734416986,0.333674216439065,0.6241586208343506,0.13985013961791992
500,1,2.2399999999999998,0.8,1,1,1,22,0.20433805434451802,0.12853693622728862,0.3075715356726093,0.6254620552062988,0.14918088912963867
500,1,2.2399999999999998,0.8,1,1,1,23,0.1896598534572858,0.17647388690513507,0.34194196949645156,0.6499221324920654,0.13732528686523438
500,1,2.2399999999999998,0.8,1,1,1,24,0.20065138210676683,0.19868153554818674,0.3318027878321472,0.8233165740966797,0.18066906929016113
500,1,3.0,1.0,1,1,1,0,0.14629064612178558,0.19688794570150694,0.3305995960861468,0.8685629367828369,0.15992450714111328
500,1,3.0,1.0,1,1,1,1,0.16741402015579107,0.17395767965759037,0.28378358150690125,0.6375298500061035,0.11967253684997559
500,1,3.0,1.0,1,1,1,2,0.19783225600986487,0.18256538935474506,0.3244882623453183,0.6102664470672607,0.15708327293395996
500,1,3.0,1.0,1,1,1,3,0.17334937794283448,0.15890692800233414,0.2809622639246654,0.7070934772491455,0.12144112586975098
500,1,3.0,1.0,1,1,1,4,0.15825268091150727,0.19893769281816928,0.3394831708930711,0.6821820735931396,0.16349506378173828
500,1,3.0,1.0,1,1,1,5,0.16673088006890058,0.18619299753462393,0.2968900579066565,0.7328169345855713,0.1076500415802002
500,1,3.0,1.0,1,1,1,6,0.17946768240155064,0.18958838286322094,0.3143283776116169,0.7043535709381104,0.11253571510314941
500,1,3.0,1.0,1,1,1,7,0.19225645727772522,0.1950857960120967,0.32120912994955,0.621567964553833,0.10165095329284668
500,1,3.0,1.0,1,1,1,8,0.16356864990562897,0.15394719202922935,0.29578378056999566,0.6110851764678955,0.15968060493469238
500,1,3.0,1.0,1,1,1,9,0.17160126537846065,0.18882771537499818,0.3327733952071087,0.8457159996032715,0.16599273681640625
500,1,3.0,1.0,1,1,1,10,0.17566563126446366,0.14636608794920056,0.3099263815483173,0.6845710277557373,0.12949085235595703
500,1,3.0,1.0,1,1,1,11,0.16632988856137404,0.160476598986841,0.3133470291581433,0.5940895080566406,0.1196756362915039
500,1,3.0,1.0,1,1,1,12,0.1622272170663794,0.16273891150709097,0.30315981051599394,0.6554219722747803,0.1339247226715088
500,1,3.0,1.0,1,1,1,13,0.20207155784233477,0.17334860602590688,0.3407404140304189,0.7003304958343506,0.15160536766052246
500,1,3.0,1.0,1,1,1,14,0.16152171344461394,0.1805101444374232,0.3259742098714441,0.9114844799041748,0.1698615550994873
500,1,3.0,1.0,1,1,1,15,0.17287910441152007,0.21093093317593656,0.3538191313068908,0.7051560878753662,0.14880156517028809
500,1,3.0,1.0,1,1,1,16,0.1602407234533285,0.20921499904803093,0.34730237936380515,0.7151515483856201,0.15400075912475586
500,1,3.0,1.0,1,1,1,17,0.17159587078545097,0.1845056830308491,0.3469936044445237,0.6270153522491455,0.15642285346984863
500,1,3.0,1.0,1,1,1,18,0.1926569216720293,0.16824749305295042,0.2953864391954537,0.8387806415557861,0.1610250473022461
500,1,3.0,1.0,1,1,1,19,0.2034744844123769,0.13594498909209224,0.288772501780593,0.7278861999511719,0.11951541900634766
500,1,3.0,1.0,1,1,1,20,0.17759862858377862,0.15130819715131374,0.2877986881473783,0.6218440532684326,0.12250423431396484
500,1,3.0,1.0,1,1,1,21,0.1828145220489315,0.18861234571811494,0.3356040831882535,0.7371575832366943,0.13509345054626465
500,1,3.0,1.0,1,1,1,22,0.17772983265297349,0.20063869014782207,0.34242719746772005,0.6954421997070312,0.12431740760803223
500,1,3.0,1.0,1,1,1,23,0.17078191627218361,0.17988009854265533,0.3222637619483911,0.895695686340332,0.15403032302856445
500,1,3.0,1.0,1,1,1,24,0.16593205978622308,0.23295365690936615,0.36756260366643767,0.7196002006530762,0.1530897617340088
500,1,3.8400000000000007,1.2000000000000002,1,1,1,0,0.15951953203086414,0.177376885587493,0.3112622479539497,0.6372184753417969,0.13556551933288574
500,1,3.8400000000000007,1.2000000000000002,1,1,1,1,0.15227008360131744,0.19636973161908897,0.30338369752109007,0.6231653690338135,0.1509990692138672
500,1,3.8400000000000007,1.2000000000000002,1,1,1,2,0.16376119511598367,0.21291500412747572,0.3766761992434594,0.7556920051574707,0.1341397762298584
500,1,3.8400000000000007,1.2000000000000002,1,1,1,3,0.20359040211733923,0.17485366962297952,0.36541943999566784,0.7830674648284912,0.1405506134033203
500,1,3.8400000000000007,1.2000000000000002,1,1,1,4,0.19004465115222327,0.18496936434774142,0.2947514996806153,0.6691849231719971,0.13604164123535156
500,1,3.8400000000000007,1.2000000000000002,1,1,1,5,0.21276931689100292,0.18993129918761903,0.30842827434628495,0.73685622215271,0.11369109153747559
500,1,3.8400000000000007,1.2000000000000002,1,1,1,6,0.17395585304577663,0.18926371828386213,0.2952494314980437,0.6630914211273193,0.14867687225341797
500,1,3.8400000000000007,1.2000000000000002,1,1,1,7,0.19026071965648,0.18148227961279412,0.3272366934413891,0.8688673973083496,0.14708161354064941
500,1,3.8400000000000007,1.2000000000000002,1,1,1,8,0.2134575224846014,0.2264213425439482,0.3802004949161766,0.6990761756896973,0.15431451797485352
500,1,3.8400000000000007,1.2000000000000002,1,1,1,9,0.19591512269055758,0.18188354288948286,0.31397887133736313,0.6833827495574951,0.14508795738220215
500,1,3.8400000000000007,1.2000000000000002,1,1,1,10,0.18316377908601958,0.20835324868686875,0.3842241843598371,0.6731963157653809,0.1554124355316162
500,1,3.8400000000000007,1.2000000000000002,1,1,1,11,0.16711694094818788,0.16734479655785536,0.30056066570971474,0.6910521984100342,0.12659502029418945
500,1,3.8400000000000007,1.2000000000000002,1,1,1,12,0.20173686127490187,0.22210603335321316,0.3502055702568623,0.8465700149536133,0.1558537483215332
500,1,3.8400000000000007,1.2000000000000002,1,1,1,13,0.16974018000338614,0.19095279956920125,0.34038211789599043,0.6183080673217773,0.13216495513916016
500,1,3.8400000000000007,1.2000000000000002,1,1,1,14,0.17865031525767852,0.17538339874185013,0.33331208887257474,0.647925853729248,0.1496105194091797
500,1,3.8400000000000007,1.2000000000000002,1,1,1,15,0.19858147398526693,0.1992161035767779,0.3797847694691768,0.7028687000274658,0.13280463218688965
500,1,3.8400000000000007,1.2000000000000002,1,1,1,16,0.16198774955545955,0.26053361270017283,0.4009722076792764,0.5992348194122314,0.14896464347839355
500,1,3.8400000000000007,1.2000000000000002,1,1,1,17,0.18277290840723578,0.19862719806962875,0.31364467610006974,0.6314680576324463,0.15857410430908203
500,1,3.8400000000000007,1.2000000000000002,1,1,1,18,0.1804913984261295,0.16847944821645666,0.3104646146653256,0.6986391544342041,0.14018917083740234
500,1,3.8400000000000007,1.2000000000000002,1,1,1,19,0.2066236589445596,0.2070140979649762,0.3709870214885772,0.6130032539367676,0.10908627510070801
500,1,3.8400000000000007,1.2000000000000002,1,1,1,20,0.17121284934270734,0.1682790024259696,0.30035397311375034,0.6352965831756592,0.15365052223205566
500,1,3.8400000000000007,1.2000000000000002,1,1,1,21,0.1513241818846004,0.18933565674817146,0.3033481103233008,0.7350289821624756,0.16920113563537598
500,1,3.8400000000000007,1.2000000000000002,1,1,1,22,0.19255861394640683,0.18019473947213907,0.3324220575331599,0.69258713722229,0.1407318115234375
500,1,3.8400000000000007,1.2000000000000002,1,1,1,23,0.2014328196011792,0.200209819201719,0.34429628956382324,0.7046875953674316,0.12159204483032227
500,1,3.8400000000000007,1.2000000000000002,1,1,1,24,0.1665909244723062,0.16374429660010809,0.29383359079960325,0.618572473526001,0.16412949562072754
500,1,4.760000000000001,1.4000000000000001,1,1,1,0,0.18004667757939544,0.23458707297624048,0.4049352359837941,0.702172040939331,0.12715506553649902
500,1,4.760000000000001,1.4000000000000001,1,1,1,1,0.16681602196483364,0.19042063126832906,0.32147221007482196,0.827786922454834,0.17554640769958496
500,1,4.760000000000001,1.4000000000000001,1,1,1,2,0.19567901318676204,0.2009571842528342,0.3511022431779771,0.7434525489807129,0.11454534530639648
500,1,4.760000000000001,1.4000000000000001,1,1,1,3,0.1679050958123296,0.21593881661261025,0.35988320540205837,0.6113147735595703,0.13523459434509277
500,1,4.760000000000001,1.4000000000000001,1,1,1,4,0.19209772233171665,0.17346025070045334,0.2796390060497658,0.7110171318054199,0.14741945266723633
500,1,4.760000000000001,1.4000000000000001,1,1,1,5,0.17686030015938292,0.1882428960837621,0.3462353892510149,0.7314136028289795,0.13124871253967285
500,1,4.760000000000001,1.4000000000000001,1,1,1,6,0.17831559719724493,0.18822617025548485,0.31356596757000643,0.8005096912384033,0.12360787391662598
500,1,4.760000000000001,1.4000000000000001,1,1,1,7,0.1703569396536489,0.230212094742979,0.31559137368224144,0.6376986503601074,0.14662408828735352
500,1,4.760000000000001,1.4000000000000001,1,1,1,8,0.1835256281446534,0.21512699133890645,0.33263193330987906,0.6848366260528564,0.13312196731567383
500,1,4.760000000000001,1.4000000000000001,1,1,1,9,0.22123754296628828,0.18719095322981252,0.3412055743798983,0.6099545955657959,0.12905502319335938
500,1,4.760000000000001,1.4000000000000001,1,1,1,10,0.18604957190576474,0.1905907252157614,0.3669829242202316,0.6766622066497803,0.1764824390411377
500,1,4.760000000000001,1.4000000000000001,1,1,1,11,0.17437281259691192,0.1920735315287513,0.3030283152970932,0.6351594924926758,0.14977383613586426
500,1,4.760000000000001,1.4000000000000001,1,1,1,12,0.16270575216509317,0.24044751003747486,0.3331924651545265,0.7183141708374023,0.13680148124694824
500,1,4.760000000000001,1.4000000000000001,1,1,1,13,0.18086032833927693,0.21211658025058705,0.31775824380321066,0.6150846481323242,0.13474822044372559
500,1,4.760000000000001,1.4000000000000001,1,1,1,14,0.17269095739518867,0.27793417116808744,0.420667618184156,0.6406664848327637,0.14694452285766602
500,1,4.760000000000001,1.4000000000000001,1,1,1,15,0.16827893505658179,0.196425496941774,0.3211456835486473,0.869391679763794,0.15521621704101562
500,1,4.760000000000001,1.4000000000000001,1,1,1,16,0.1808701428526499,0.20785181095221678,0.3510878394612186,0.7568893432617188,0.11634159088134766
500,1,4.760000000000001,1.4000000000000001,1,1,1,17,0.1670084371748763,0.19816489981135726,0.3211384131732604,0.6433558464050293,0.14168596267700195
500,1,4.760000000000001,1.4000000000000001,1,1,1,18,0.18746200938015928,0.2109493999304874,0.3237781772144288,0.6402757167816162,0.1520552635192871
500,1,4.760000000000001,1.4000000000000001,1,1,1,19,0.18530988726356598,0.2167554494972253,0.31587379897080825,0.8255064487457275,0.17476463317871094
500,1,4.760000000000001,1.4000000000000001,1,1,1,20,0.1690302740023914,0.20142085402434115,0.3488436395495199,0.8318502902984619,0.17651772499084473
500,1,4.760000000000001,1.4000000000000001,1,1,1,21,0.17631702846644365,0.20004507756516815,0.3169674241481063,0.6903910636901855,0.13102984428405762
500,1,4.760000000000001,1.4000000000000001,1,1,1,22,0.18258631028589567,0.2191731584349397,0.35505543699175013,0.6236715316772461,0.14380645751953125
500,1,4.760000000000001,1.4000000000000001,1,1,1,23,0.19525986457057323,0.2129227850303992,0.37719032916881295,0.6151382923126221,0.1520705223083496
500,1,4.760000000000001,1.4000000000000001,1,1,1,24,0.19290502454042302,0.18155566247160496,0.2992304666461172,0.703707218170166,0.134721040725708
500,1,5.760000000000001,1.6,1,1,1,0,0.1510836899947534,0.2582144992027074,0.38159599152080736,0.8052794933319092,0.12925314903259277
500,1,5.760000000000001,1.6,1,1,1,1,0.1819231789051327,0.2500762428928724,0.36704427945924367,0.6157817840576172,0.15224933624267578
500,1,5.760000000000001,1.6,1,1,1,2,0.17142915337532347,0.2353307269138938,0.3464867896435377,0.7240567207336426,0.12003421783447266
500,1,5.760000000000001,1.6,1,1,1,3,0.17318402146614442,0.2903571627791361,0.4362453278520656,0.6976330280303955,0.13158345222473145
500,1,5.760000000000001,1.6,1,1,1,4,0.1697144877504069,0.1942438419156622,0.3629129351571586,0.7214181423187256,0.17731404304504395
500,1,5.760000000000001,1.6,1,1,1,5,0.16505061431029583,0.24385051047674375,0.3495177565831725,0.6424047946929932,0.15820670127868652
500,1,5.760000000000001,1.6,1,1,1,6,0.1751484912113721,0.2592411998500854,0.36829292360439897,0.8186275959014893,0.13559389114379883
500,1,5.760000000000001,1.6,1,1,1,7,0.15597486142650116,0.2394279240929021,0.33266982042444815,0.621896505355835,0.14364004135131836
500,1,5.760000000000001,1.6,1,1,1,8,0.1741105678065743,0.21799169519738365,0.32508948039985014,0.6591792106628418,0.15791082382202148
500,1,5.760000000000001,1.6,1,1,1,9,0.17547719071683981,0.21620513852067805,0.374465436694267,0.8416414260864258,0.16952991485595703
500,1,5.760000000000001,1.6,1,1,1,10,0.1651461002413499,0.20520536074047743,0.31971126617468726,0.7102069854736328,0.1302165985107422
500,1,5.760000000000001,1.6,1,1,1,11,0.19755496490831803,0.24764465755213227,0.40272249406461713,0.6330704689025879,0.14483356475830078
500,1,5.760000000000001,1.6,1,1,1,12,0.14836747257785302,0.2221956061007508,0.35934122570732163,0.7474594116210938,0.14783620834350586
500,1,5.760000000000001,1.6,1,1,1,13,0.1834316291492172,0.2352679974932934,0.3334841503352677,0.7508742809295654,0.14443516731262207
500,1,5.760000000000001,1.6,1,1,1,14,0.18935582708268478,0.27950450012304756,0.41840367975333137,0.712587833404541,0.1510148048400879
500,1,5.760000000000001,1.6,1,1,1,15,0.17134356979526985,0.2689436710330948,0.4244134843529012,0.5900418758392334,0.12539982795715332
500,1,5.760000000000001,1.6,1,1,1,16,0.17220273755153412,0.23672128535774972,0.36023985768165623,0.6577894687652588,0.1543903350830078
500,1,5.760000000000001,1.6,1,1,1,17,0.19179316895133997,0.23394514877480174,0.3590081829049724,0.681542158126831,0.13128256797790527
500,1,5.760000000000001,1.6,1,1,1,18,0.1866753954988545,0.22850203055820403,0.38270207566480713,0.8337523937225342,0.16854143142700195
500,1,5.760000000000001,1.6,1,1,1,19,0.23676318973197058,0.2430022045280737,0.4043068539211397,0.6861093044281006,0.14873027801513672
500,1,5.760000000000001,1.6,1,1,1,20,0.16560185509253478,0.22272610723104733,0.3750405136325603,0.7099099159240723,0.13124871253967285
500,1,5.760000000000001,1.6,1,1,1,21,0.17120758002848754,0.22895821025241794,0.376381460329389,0.6295654773712158,0.15388274192810059
500,1,5.760000000000001,1.6,1,1,1,22,0.17505401730345505,0.2941688463848338,0.4053597404555427,0.5837092399597168,0.1478133201599121
500,1,5.760000000000001,1.6,1,1,1,23,0.20314315291930618,0.22934773824800672,0.3080952398453364,0.8997898101806641,0.1643810272216797
500,1,5.760000000000001,1.6,1,1,1,24,0.22149828228243984,0.22716857902408472,0.3524937062835667,0.7134640216827393,0.14567899703979492
500,1,6.84,1.8,1,1,1,0,0.16773024800531394,0.26073931217385937,0.38564119783928963,0.6114881038665771,0.11610007286071777
500,1,6.84,1.8,1,1,1,1,0.21579390044949368,0.26368178856555813,0.38187242734309296,0.6422154903411865,0.13938379287719727
500,1,6.84,1.8,1,1,1,2,0.17004406844110084,0.2576700904688453,0.3461226144588339,0.680333137512207,0.10211443901062012
500,1,6.84,1.8,1,1,1,3,0.17444907701540374,0.25444619371899574,0.3761424416264584,0.8623642921447754,0.17502880096435547
500,1,6.84,1.8,1,1,1,4,0.18119584859027987,0.2718406149130023,0.4091528125295302,0.8900418281555176,0.16931819915771484
500,1,6.84,1.8,1,1,1,5,0.17829352255661232,0.2638250717004463,0.3509386066761542,0.6365482807159424,0.13662505149841309
500,1,6.84,1.8,1,1,1,6,0.16329830727887004,0.2822797558572222,0.3840530213814717,0.6932373046875,0.13780498504638672
500,1,6.84,1.8,1,1,1,7,0.18797228795622162,0.23568029851696687,0.37868805716012843,0.7937860488891602,0.15725493431091309
500,1,6.84,1.8,1,1,1,8,0.18265143881584237,0.22647565475901155,0.3680795266212701,0.6924211978912354,0.12563490867614746
500,1,6.84,1.8,1,1,1,9,0.15379635101599343,0.23608532290410184,0.32648051544527823,0.6489202976226807,0.15361571311950684
500,1,6.84,1.8,1,1,1,10,0.19203282964846452,0.2548712014781213,0.38712843328058755,0.6859703063964844,0.13432669639587402
500,1,6.84,1.8,1,1,1,11,0.1981068933669209,0.2653918940170216,0.38240169057963247,0.7099471092224121,0.13348817825317383
500,1,6.84,1.8,1,1,1,12,0.20941452886574993,0.21085689755247852,0.3323511348701581,0.8662521839141846,0.158400297164917
500,1,6.84,1.8,1,1,1,13,0.1777353982613143,0.2486600116889204,0.3975171810374493,0.6889045238494873,0.1263749599456787
500,1,6.84,1.8,1,1,1,14,0.16821270008386266,0.29652852321749434,0.41227392230270016,0.6918172836303711,0.1431722640991211
500,1,6.84,1.8,1,1,1,15,0.19328682277134263,0.2511816786578317,0.3769906338630672,0.634070873260498,0.09807729721069336
500,1,6.84,1.8,1,1,1,16,0.1855319836545138,0.24159221998884886,0.33376295109059156,0.6957194805145264,0.13831210136413574
500,1,6.84,1.8,1,1,1,17,0.17053476795743003,0.233181561445161,0.3576860689517692,0.8507246971130371,0.1644148826599121
500,1,6.84,1.8,1,1,1,18,0.19475078564569862,0.2595465776302385,0.4039472622746779,0.6643180847167969,0.1323995590209961
500,1,6.84,1.8,1,1,1,19,0.1591469529581777,0.23283725869920333,0.37298045688064185,0.6601173877716064,0.16321420669555664
500,1,6.84,1.8,1,1,1,20,0.18953609276559635,0.24251452217534267,0.34413125500088126,0.6943697929382324,0.13936471939086914
500,1,6.84,1.8,1,1,1,21,0.19417939866621817,0.2753674724729779,0.39107511103663634,0.7202894687652588,0.14265656471252441
500,1,6.84,1.8,1,1,1,22,0.1897844627236241,0.25116841603967627,0.371995829494025,0.8324611186981201,0.163191556930542
500,1,6.84,1.8,1,1,1,23,0.1603093260207767,0.22792533908041474,0.35199605802741424,0.6613919734954834,0.11519908905029297
500,1,6.84,1.8,1,1,1,24,0.16697822183260727,0.26546672934586263,0.3759889997244146,0.6254918575286865,0.1544182300567627
500,1,8.0,2.0,1,1,1,0,0.1764622918274774,0.32100729703641745,0.4360991473792212,0.7455258369445801,0.1357402801513672
500,1,8.0,2.0,1,1,1,1,0.22119259946298298,0.28621204635456216,0.402667462387621,0.867790937423706,0.15756464004516602
500,1,8.0,2.0,1,1,1,2,0.17666550951896887,0.26989392028123094,0.4465594298001998,0.6565897464752197,0.15398597717285156
500,1,8.0,2.0,1,1,1,3,0.1944898705781033,0.26174909491330683,0.3685372234792573,0.7159228324890137,0.13363122940063477
500,1,8.0,2.0,1,1,1,4,0.19070984388022735,0.27193848988889063,0.39314455943432725,0.6495187282562256,0.1468677520751953
500,1,8.0,2.0,1,1,1,5,0.1991636875026014,0.2571751338512708,0.4326610830603273,0.669543981552124,0.14069795608520508
500,1,8.0,2.0,1,1,1,6,0.2128756569827539,0.2570819869254766,0.3518573292758112,0.81288743019104,0.17557787895202637
500,1,8.0,2.0,1,1,1,7,0.20236675134739557,0.2679286028840774,0.35277154946318656,0.567068338394165,0.13854527473449707
500,1,8.0,2.0,1,1,1,8,0.19045500935731915,0.2702212915238597,0.33171850350553905,0.7335300445556641,0.15101838111877441
500,1,8.0,2.0,1,1,1,9,0.19182904930282813,0.25952117283882953,0.3768109065242574,0.7253251075744629,0.13345670700073242
500,1,8.0,2.0,1,1,1,10,0.16708916484685446,0.2559688884595119,0.3731352069562957,0.6267023086547852,0.16440105438232422
500,1,8.0,2.0,1,1,1,11,0.1656083067235141,0.27141267974980965,0.35236911806108323,0.6647896766662598,0.1509547233581543
500,1,8.0,2.0,1,1,1,12,0.1990827666977452,0.2736916419403968,0.39595234323210116,0.6708619594573975,0.13214397430419922
500,1,8.0,2.0,1,1,1,13,0.197936245926177,0.26149106581328846,0.3694314628031805,0.7036302089691162,0.1282649040222168
500,1,8.0,2.0,1,1,1,14,0.1701297381887515,0.36110966436788505,0.4976901834319269,0.7724320888519287,0.1761462688446045
500,1,8.0,2.0,1,1,1,15,0.2047479586782426,0.2878040619913738,0.38093911527741076,0.8799641132354736,0.16614222526550293
500,1,8.0,2.0,1,1,1,16,0.16823380497902632,0.23987030108825566,0.3624363700050838,0.5973412990570068,0.15007495880126953
500,1,8.0,2.0,1,1,1,17,0.17293504755483222,0.2682080544201722,0.38231960083355826,0.6547245979309082,0.11877632141113281
500,1,8.0,2.0,1,1,1,18,0.17795790913213275,0.29781419785853563,0.4566077189362681,0.6742174625396729,0.14643359184265137
500,1,8.0,2.0,1,1,1,19,0.1824973856122951,0.25729219669508113,0.36688538841244417,0.6348624229431152,0.11148309707641602
500,1,8.0,2.0,1,1,1,20,0.19039337818277852,0.28081971748820567,0.38241840029007756,0.8698694705963135,0.16305804252624512
500,1,8.0,2.0,1,1,1,21,0.18038192342852888,0.28397765841013217,0.38639901205311467,0.6522536277770996,0.1259307861328125
500,1,8.0,2.0,1,1,1,22,0.1686843445742433,0.2754590972565597,0.38346059990780784,0.6956539154052734,0.1387474536895752
500,1,8.0,2.0,1,1,1,23,0.20827419945488668,0.3007753508080138,0.3876313962983206,0.5934722423553467,0.14797592163085938
500,1,8.0,2.0,1,1,1,24,0.16687696399468502,0.28062657222450876,0.39691883702794545,0.6319143772125244,0.15253448486328125
500,1,9.240000000000002,2.2,1,1,1,0,0.1858274080905616,0.297275356428577,0.3804894912881762,0.8430588245391846,0.16269659996032715
500,1,9.240000000000002,2.2,1,1,1,1,0.19377017301401173,0.3081197107805008,0.44047928638547507,0.6551132202148438,0.12730979919433594
500,1,9.240000000000002,2.2,1,1,1,2,0.19342180124716526,0.2962191405861679,0.4307827344783808,0.6026394367218018,0.15761804580688477
500,1,9.240000000000002,2.2,1,1,1,3,0.17495791930266638,0.289500140915885,0.46070476642638114,0.5834615230560303,0.14463233947753906
500,1,9.240000000000002,2.2,1,1,1,4,0.19208178862458886,0.285359553109919,0.4159445471572365,0.662198543548584,0.1300802230834961
500,1,9.240000000000002,2.2,1,1,1,5,0.16809477681362417,0.2686304677260713,0.37295743507295304,0.6781337261199951,0.14529061317443848
500,1,9.240000000000002,2.2,1,1,1,6,0.16522055192165985,0.29659049199912446,0.42774481296519984,0.6573522090911865,0.1625821590423584
500,1,9.240000000000002,2.2,1,1,1,7,0.1878875708127172,0.28227604460179717,0.41023458921841827,0.8428671360015869,0.15352773666381836
500,1,9.240000000000002,2.2,1,1,1,8,0.1880014578817487,0.30049063958066397,0.41996368940608275,0.6859626770019531,0.13002347946166992
500,1,9.240000000000002,2.2,1,1,1,9,0.1816507549200785,0.3496691248469188,0.4524641970198093,0.833641767501831,0.17234086990356445
500,1,9.240000000000002,2.2,1,1,1,10,0.16681773414741521,0.25932176513149946,0.3358297211411678,0.5832078456878662,0.16132116317749023
500,1,9.240000000000002,2.2,1,1,1,11,0.19014696314825558,0.30120603704864135,0.417588341926199,0.6539275646209717,0.13164663314819336
500,1,9.240000000000002,2.2,1,1,1,12,0.1879595955768608,0.323283807104548,0.4292132612402861,0.7015626430511475,0.11510848999023438
500,1,9.240000000000002,2.2,1,1,1,13,0.16993361175814947,0.24647140475127094,0.35763596573316264,0.6081967353820801,0.14329314231872559
500,1,9.240000000000002,2.2,1,1,1,14,0.1980210236021948,0.26790801927762464,0.39772856817367114,0.8712139129638672,0.154158353805542
500,1,9.240000000000002,2.2,1,1,1,15,0.18577844307036107,0.2790548295463185,0.4263653087125727,0.6727175712585449,0.1275644302368164
500,1,9.240000000000002,2.2,1,1,1,16,0.1766922063053543,0.2780678049984481,0.4177477002162884,0.7178881168365479,0.12045097351074219
500,1,9.240000000000002,2.2,1,1,1,17,0.20727163036250024,0.2996542516363592,0.4018211164168311,0.5906529426574707,0.15370631217956543
500,1,9.240000000000002,2.2,1,1,1,18,0.19305489656436717,0.27319836485403165,0.3713478958443569,0.6566486358642578,0.15297913551330566
500,1,9.240000000000002,2.2,1,1,1,19,0.17195712681609326,0.2956837965868966,0.41033016119073273,0.8259282112121582,0.17612338066101074
500,1,9.240000000000002,2.2,1,1,1,20,0.16971657607518856,0.28052911757179977,0.39081193281124027,0.6976125240325928,0.1459493637084961
500,1,9.240000000000002,2.2,1,1,1,21,0.1815848790567933,0.26044480495916833,0.3718220555600944,0.6326112747192383,0.15592050552368164
500,1,9.240000000000002,2.2,1,1,1,22,0.1744940366898587,0.2802235822968724,0.4403454337694418,0.6823787689208984,0.1475684642791748
500,1,9.240000000000002,2.2,1,1,1,23,0.15736813301183758,0.27712868917851596,0.40642318601564137,0.6440339088439941,0.13158059120178223
500,1,9.240000000000002,2.2,1,1,1,24,0.17286148873825932,0.28213166974876897,0.39132969810934976,0.7392444610595703,0.15017437934875488
500,1,10.560000000000002,2.4000000000000004,1,1,1,0,0.18695737780913313,0.30512728927461835,0.41906547501709146,0.8359923362731934,0.164902925491333
500,1,10.560000000000002,2.4000000000000004,1,1,1,1,0.17765974438249343,0.3229861282535779,0.42188658877523183,0.6373376846313477,0.16774892807006836
500,1,10.560000000000002,2.4000000000000004,1,1,1,2,0.16351825047552185,0.31711705832473114,0.41242994398614974,0.6833250522613525,0.13263702392578125
500,1,10.560000000000002,2.4000000000000004,1,1,1,3,0.18734102765943542,0.2943100216682714,0.4068530096489659,0.8033351898193359,0.180924654006958
500,1,10.560000000000002,2.4000000000000004,1,1,1,4,0.16754796616225515,0.3200134328652616,0.40067800449827673,0.6200478076934814,0.14571261405944824
500,1,10.560000000000002,2.4000000000000004,1,1,1,5,0.1938833162079297,0.3161547872960652,0.4723757741019406,0.639944314956665,0.15545248985290527
500,1,10.560000000000002,2.4000000000000004,1,1,1,6,0.18329658035366084,0.3130198375753695,0.38273171089877167,0.7488791942596436,0.1356337070465088
500,1,10.560000000000002,2.4000000000000004,1,1,1,7,0.16768302506576124,0.3105160303896605,0.4199342541808063,0.6224286556243896,0.15385007858276367
500,1,10.560000000000002,2.4000000000000004,1,1,1,8,0.18629038746403942,0.3127960063151172,0.4141346945158977,0.8239514827728271,0.17602825164794922
500,1,10.560000000000002,2.4000000000000004,1,1,1,9,0.17401919034592148,0.30481072431339223,0.39858941870915277,0.7094593048095703,0.1324756145477295
500,1,10.560000000000002,2.4000000000000004,1,1,1,10,0.19172328200865255,0.33316237239989643,0.41814217236476714,0.6227211952209473,0.14243102073669434
500,1,10.560000000000002,2.4000000000000004,1,1,1,11,0.1950343055713405,0.32994469166819984,0.4188205589006241,0.6719615459442139,0.1600964069366455
500,1,10.560000000000002,2.4000000000000004,1,1,1,12,0.16558616336410714,0.3751758448549429,0.49427158466516974,0.6836032867431641,0.15076446533203125
500,1,10.560000000000002,2.4000000000000004,1,1,1,13,0.18849568440712397,0.28665320618048473,0.3998368879185008,0.8852634429931641,0.15430188179016113
500,1,10.560000000000002,2.4000000000000004,1,1,1,14,0.1999830183863326,0.3491786623825911,0.4344616718657519,0.6521427631378174,0.14625763893127441
500,1,10.560000000000002,2.4000000000000004,1,1,1,15,0.15837284677464028,0.29429564579122064,0.43659517777201584,0.7480762004852295,0.15400934219360352
500,1,10.560000000000002,2.4000000000000004,1,1,1,16,0.17627306978511476,0.29200208136718414,0.38071975426970417,0.7151954174041748,0.1356947422027588
500,1,10.560000000000002,2.4000000000000004,1,1,1,17,0.18390469399911372,0.2854923070473493,0.3890675258064713,0.8056192398071289,0.18374037742614746
500,1,10.560000000000002,2.4000000000000004,1,1,1,18,0.16591527673491951,0.2787680033660308,0.44257408413082167,0.6502552032470703,0.14128375053405762
500,1,10.560000000000002,2.4000000000000004,1,1,1,19,0.15890634939235573,0.3164488160048704,0.37395716092172426,0.7633180618286133,0.13680648803710938
500,1,10.560000000000002,2.4000000000000004,1,1,1,20,0.16460213821797295,0.3681521117086605,0.4803476991865162,0.6521892547607422,0.12031126022338867
500,1,10.560000000000002,2.4000000000000004,1,1,1,21,0.1937559048694664,0.3403663443254126,0.43183752774065165,0.6338343620300293,0.14452672004699707
500,1,10.560000000000002,2.4000000000000004,1,1,1,22,0.1882406989585337,0.35473030791389526,0.4162192012983745,0.8906340599060059,0.18853354454040527
500,1,10.560000000000002,2.4000000000000004,1,1,1,23,0.17575164432193519,0.2839916421461474,0.36452200174172383,0.7426586151123047,0.1312413215637207
500,1,10.560000000000002,2.4000000000000004,1,1,1,24,0.18157845523725577,0.34285453878998673,0.45957207602561645,0.6220839023590088,0.16105103492736816
500,1,11.959999999999999,2.6,1,1,1,0,0.1931041460527347,0.29860146746432215,0.41847574439809804,0.6602013111114502,0.12363195419311523
500,1,11.959999999999999,2.6,1,1,1,1,0.17620794270783724,0.3266619583978394,0.47771102232198903,0.7053053379058838,0.15933823585510254
500,1,11.959999999999999,2.6,1,1,1,2,0.16003023962275187,0.3265008561129237,0.42639736599943134,0.8035271167755127,0.1323692798614502
500,1,11.959999999999999,2.6,1,1,1,3,0.1980474932847814,0.2985004521296392,0.3993532745799082,0.5967462062835693,0.1548314094543457
500,1,11.959999999999999,2.6,1,1,1,4,0.1821507656098465,0.33459531698124134,0.40978923294110287,0.6680757999420166,0.1304764747619629
500,1,11.959999999999999,2.6,1,1,1,5,0.19281504449436337,0.30548311841944903,0.43060553585276906,0.6722042560577393,0.15412235260009766
500,1,11.959999999999999,2.6,1,1,1,6,0.20639147996603824,0.33411489656521337,0.4023923169165368,0.7367908954620361,0.20957636833190918
500,1,11.959999999999999,2.6,1,1,1,7,0.17943774018045106,0.3275790796851956,0.44387989525687505,0.6765007972717285,0.1372537612915039
500,1,11.959999999999999,2.6,1,1,1,8,0.15798064690467548,0.3705929574632496,0.4368040534965188,0.7141680717468262,0.12990880012512207
500,1,11.959999999999999,2.6,1,1,1,9,0.183951065928591,0.288652439473055,0.41574863369446974,0.6010828018188477,0.15201711654663086
500,1,11.959999999999999,2.6,1,1,1,10,0.16241494988499638,0.3792494008807637,0.48778589277833456,0.8627383708953857,0.1633741855621338
500,1,11.959999999999999,2.6,1,1,1,11,0.18252587464327924,0.310929589343704,0.4812212593239723,0.7782716751098633,0.16553831100463867
500,1,11.959999999999999,2.6,1,1,1,12,0.17515346203448545,0.34744066027381776,0.44288451788636074,0.6827013492584229,0.1273484230041504
500,1,11.959999999999999,2.6,1,1,1,13,0.16907557822701236,0.34938240165739903,0.4295117953485354,0.7321712970733643,0.11832261085510254
500,1,11.959999999999999,2.6,1,1,1,14,0.1849706563441147,0.3414882470609064,0.44945428399490045,0.5972738265991211,0.15558719635009766
500,1,11.959999999999999,2.6,1,1,1,15,0.17737465918967,0.33822308902557435,0.425827999316151,0.6929571628570557,0.13978290557861328
500,1,11.959999999999999,2.6,1,1,1,16,0.17589634678408606,0.37984692100079465,0.4716743041452912,0.7580122947692871,0.12787628173828125
500,1,11.959999999999999,2.6,1,1,1,17,0.1704562131244482,0.35781065255260136,0.49025525667527037,0.624683141708374,0.1495966911315918
500,1,11.959999999999999,2.6,1,1,1,18,0.17103335824158414,0.3205200938395326,0.4311775748669838,0.7035708427429199,0.12934160232543945
500,1,11.959999999999999,2.6,1,1,1,19,0.16828229315954193,0.3349723711163928,0.4406026469387413,0.6211142539978027,0.12731170654296875
500,1,11.959999999999999,2.6,1,1,1,20,0.17372547756411855,0.33085044741818165,0.41948530982241883,0.8404974937438965,0.16101360321044922
500,1,11.959999999999999,2.6,1,1,1,21,0.1933239625264697,0.3752619435725898,0.47298842050512563,0.6364083290100098,0.15812921524047852
500,1,11.959999999999999,2.6,1,1,1,22,0.17878856591915648,0.310838074226875,0.4580226846403475,0.764190673828125,0.13222932815551758
500,1,11.959999999999999,2.6,1,1,1,23,0.19968590722812876,0.3588167479887148,0.48973368302010045,0.6104416847229004,0.1589057445526123
500,1,11.959999999999999,2.6,1,1,1,24,0.19908707857845717,0.3808810707138237,0.45905548471895924,0.688610315322876,0.13623356819152832
500,1,13.440000000000003,2.8000000000000003,1,1,1,0,0.18542264641422215,0.30856372841629276,0.4480560082755438,0.8237020969390869,0.17186522483825684
500,1,13.440000000000003,2.8000000000000003,1,1,1,1,0.1756722436019664,0.4184487140771634,0.4672637550505092,0.6587338447570801,0.11733675003051758
500,1,13.440000000000003,2.8000000000000003,1,1,1,2,0.17168928298654887,0.3527279608009017,0.453742366332647,0.604170560836792,0.15563249588012695
500,1,13.440000000000003,2.8000000000000003,1,1,1,3,0.21383153650863673,0.3509060364201122,0.45841346438494024,0.625434398651123,0.15329408645629883
500,1,13.440000000000003,2.8000000000000003,1,1,1,4,0.17673988403311514,0.4381894318110237,0.5029038588944243,0.8557145595550537,0.1469879150390625
500,1,13.440000000000003,2.8000000000000003,1,1,1,5,0.1638828138111787,0.33053380124409343,0.41059696122209666,0.6536059379577637,0.13289999961853027
500,1,13.440000000000003,2.8000000000000003,1,1,1,6,0.15955469377865225,0.40826411146018454,0.5022466639647045,0.5703709125518799,0.14711880683898926
500,1,13.440000000000003,2.8000000000000003,1,1,1,7,0.17264447100842314,0.35557113091853515,0.4375621074410051,0.6527280807495117,0.14707612991333008
500,1,13.440000000000003,2.8000000000000003,1,1,1,8,0.18051897282445462,0.35988977353126705,0.4795319467037106,0.7727885246276855,0.1575925350189209
500,1,13.440000000000003,2.8000000000000003,1,1,1,9,0.16466742070518875,0.32379748596077446,0.41189502484973073,0.9306163787841797,0.164107084274292
500,1,13.440000000000003,2.8000000000000003,1,1,1,10,0.16713369287092747,0.3401649687018865,0.4419747109841946,0.7049295902252197,0.1269969940185547
500,1,13.440000000000003,2.8000000000000003,1,1,1,11,0.17070753406286415,0.3901725577050291,0.45052264646865203,0.6675527095794678,0.12246227264404297
500,1,13.440000000000003,2.8000000000000003,1,1,1,12,0.1804360793760515,0.3740557832297288,0.4193291194459342,0.5895786285400391,0.16043782234191895
500,1,13.440000000000003,2.8000000000000003,1,1,1,13,0.18757659102613686,0.33071491205102693,0.4445280660134913,0.6374657154083252,0.14990639686584473
500,1,13.440000000000003,2.8000000000000003,1,1,1,14,0.17333246004280867,0.36308586257016257,0.4861401266956594,0.8599870204925537,0.1699836254119873
500,1,13.440000000000003,2.8000000000000003,1,1,1,15,0.15860845626073866,0.3622165756579487,0.4266184705187542,0.6427767276763916,0.1203758716583252
500,1,13.440000000000003,2.8000000000000003,1,1,1,16,0.17624087902256969,0.36243595977879073,0.48101177159657593,0.6753568649291992,0.1337573528289795
500,1,13.440000000000003,2.8000000000000003,1,1,1,17,0.2016732258956573,0.4211678446232893,0.5090515023589284,0.7181496620178223,0.13091444969177246
500,1,13.440000000000003,2.8000000000000003,1,1,1,18,0.1695295275015715,0.36568738017132096,0.46799864261113305,0.6280369758605957,0.13407230377197266
500,1,13.440000000000003,2.8000000000000003,1,1,1,19,0.16896586430428523,0.34238222498841525,0.5062730501598102,0.7399542331695557,0.14334630966186523
500,1,13.440000000000003,2.8000000000000003,1,1,1,20,0.1592947699987993,0.346370714498733,0.4323854829139171,0.7955129146575928,0.15868234634399414
500,1,13.440000000000003,2.8000000000000003,1,1,1,21,0.19899313083386683,0.36623585609161613,0.45505101109046847,0.7081162929534912,0.13161730766296387
500,1,13.440000000000003,2.8000000000000003,1,1,1,22,0.16116426150447094,0.3492323553320091,0.43226373218214,0.6138265132904053,0.13181424140930176
500,1,13.440000000000003,2.8000000000000003,1,1,1,23,0.17773679822428154,0.3955631893010485,0.4760180065634934,0.8682494163513184,0.1561586856842041
500,1,13.440000000000003,2.8000000000000003,1,1,1,24,0.19245616443283173,0.361065037752586,0.5006629997671401,0.6628186702728271,0.12928485870361328
500,1,15.0,3.0,1,1,1,0,0.1586184765582646,0.3444183964351671,0.4146341878044655,0.6926825046539307,0.12163424491882324
500,1,15.0,3.0,1,1,1,1,0.14893947698187956,0.43041189453974693,0.4938084328006863,0.6405346393585205,0.15345120429992676
500,1,15.0,3.0,1,1,1,2,0.1785463979805324,0.39074149627066324,0.4554838832422046,0.694861888885498,0.1266465187072754
500,1,15.0,3.0,1,1,1,3,0.19028055129825053,0.4341071555562608,0.48345950810595917,0.8569779396057129,0.15322613716125488
500,1,15.0,3.0,1,1,1,4,0.17269625698245697,0.3840258680501705,0.5214787095868249,0.6264381408691406,0.10922646522521973
500,1,15.0,3.0,1,1,1,5,0.15608087635762374,0.3504508075029249,0.47615671544959237,0.692981481552124,0.12030673027038574
500,1,15.0,3.0,1,1,1,6,0.1931880927771137,0.40006535782641806,0.5585075666000215,0.7371242046356201,0.1404857635498047
500,1,15.0,3.0,1,1,1,7,0.16896235900135212,0.3395566269647083,0.45668881328509336,0.639488697052002,0.16364789009094238
500,1,15.0,3.0,1,1,1,8,0.16463618349418468,0.3956378559005805,0.5164335448817311,0.6904678344726562,0.14821219444274902
500,1,15.0,3.0,1,1,1,9,0.1978658589616722,0.36343417421313035,0.48272936826261026,0.7546677589416504,0.13065791130065918
500,1,15.0,3.0,1,1,1,10,0.18012390183330232,0.36161173244899364,0.4569402005034515,0.6396868228912354,0.1510779857635498
500,1,15.0,3.0,1,1,1,11,0.1561787061356336,0.37835063450447065,0.4373272933427931,0.7390615940093994,0.1356518268585205
500,1,15.0,3.0,1,1,1,12,0.17300374777961103,0.38775727898613427,0.522484457561976,0.8510422706604004,0.1923997402191162
500,1,15.0,3.0,1,1,1,13,0.17920600510206436,0.3736866125716103,0.472272825263664,0.6807961463928223,0.15961313247680664
500,1,15.0,3.0,1,1,1,14,0.1629874628002067,0.394364026305941,0.5007220068277087,0.7261962890625,0.1322481632232666
500,1,15.0,3.0,1,1,1,15,0.1772179440832051,0.4060189477996949,0.5225307017522203,0.6563146114349365,0.12869024276733398
500,1,15.0,3.0,1,1,1,16,0.17334679174228687,0.3804894159051184,0.5296462368413347,0.7169291973114014,0.15104889869689941
500,1,15.0,3.0,1,1,1,17,0.17992094200810624,0.4268871418237842,0.5232147481916123,0.71401047706604,0.14713430404663086
500,1,15.0,3.0,1,1,1,18,0.18519156963615957,0.4056623663131708,0.47437467688941554,0.6522879600524902,0.12060761451721191
500,1,15.0,3.0,1,1,1,19,0.23791947479914793,0.3486762693829662,0.4428530714724316,0.6343131065368652,0.1557159423828125
500,1,15.0,3.0,1,1,1,20,0.1816312134010948,0.3792741549221633,0.5095541134702521,0.7108755111694336,0.12884736061096191
500,1,15.0,3.0,1,1,1,21,0.1773109452511105,0.3892660617321868,0.4826385001596948,0.7896530628204346,0.16770076751708984
500,1,15.0,3.0,1,1,1,22,0.1793589182981015,0.3749001720974753,0.49569012151931263,0.6306166648864746,0.15410280227661133
500,1,15.0,3.0,1,1,1,23,0.16768862525588957,0.42557471889383397,0.49263963429503344,0.670403242111206,0.11863255500793457
500,1,15.0,3.0,1,1,1,24,0.1760985569751873,0.37766790398503086,0.4903499929104902,0.7180619239807129,0.12587761878967285
500,1,16.64,3.2,1,1,1,0,0.16226296079500702,0.4134677944045206,0.4861584937914646,0.6062021255493164,0.11808204650878906
500,1,16.64,3.2,1,1,1,1,0.17733599535253722,0.3694568187753489,0.512790086742482,0.8738682270050049,0.1596388816833496
500,1,16.64,3.2,1,1,1,2,0.191905610202875,0.43679313969923544,0.4765938992122912,0.676494836807251,0.15446972846984863
500,1,16.64,3.2,1,1,1,3,0.18889979938577464,0.40464137479917794,0.4836141306167804,0.7232356071472168,0.1334085464477539
500,1,16.64,3.2,1,1,1,4,0.16011294062096207,0.3720452054370407,0.49896682249639535,0.6174991130828857,0.14844369888305664
500,1,16.64,3.2,1,1,1,5,0.1865966284896436,0.40753656879765454,0.5001531243551837,0.8923745155334473,0.15682101249694824
500,1,16.64,3.2,1,1,1,6,0.1657055666836915,0.39266713749116855,0.4696447171268867,0.7751984596252441,0.1809685230255127
500,1,16.64,3.2,1,1,1,7,0.1643910949544765,0.4115618049776749,0.5204550703196971,0.7245547771453857,0.13080215454101562
500,1,16.64,3.2,1,1,1,8,0.17942792026336216,0.39666781339160606,0.48312984688175675,0.6060745716094971,0.13625335693359375
500,1,16.64,3.2,1,1,1,9,0.1901085658804812,0.43894054584347486,0.5103844012896601,0.6587207317352295,0.15344905853271484
500,1,16.64,3.2,1,1,1,10,0.18157411892515848,0.4545138594898126,0.527841713564303,0.8327181339263916,0.15601420402526855
500,1,16.64,3.2,1,1,1,11,0.1892207389776982,0.3574784359285387,0.48017205574352695,0.6862823963165283,0.11972904205322266
500,1,16.64,3.2,1,1,1,12,0.18922094654506688,0.43462132766091544,0.5368476035496486,0.6117475032806396,0.1275959014892578
500,1,16.64,3.2,1,1,1,13,0.195717424901667,0.4337872295197223,0.5310657262649147,0.6917529106140137,0.13657593727111816
500,1,16.64,3.2,1,1,1,14,0.17345340144725044,0.44028384141531485,0.5281447264542226,0.7536392211914062,0.12349319458007812
500,1,16.64,3.2,1,1,1,15,0.1631233479973316,0.4252929894519113,0.48018817141038844,0.8860774040222168,0.15428829193115234
500,1,16.64,3.2,1,1,1,16,0.1681449917870019,0.4047766505065646,0.5242288200594998,0.6841976642608643,0.12539434432983398
500,1,16.64,3.2,1,1,1,17,0.1735409165111124,0.413134228316952,0.49320625291924747,0.7677841186523438,0.12766075134277344
500,1,16.64,3.2,1,1,1,18,0.1586822019009353,0.408789096569336,0.5245139178606002,0.6117753982543945,0.15166425704956055
500,1,16.64,3.2,1,1,1,19,0.17999820002802996,0.4013668714169654,0.46053423189649145,0.6990313529968262,0.135817289352417
500,1,16.64,3.2,1,1,1,20,0.169125931514258,0.4099138833530753,0.5125965327414469,0.8460261821746826,0.1424412727355957
500,1,16.64,3.2,1,1,1,21,0.1551539586035859,0.41627158484096005,0.4710280348456276,0.6453874111175537,0.15557169914245605
500,1,16.64,3.2,1,1,1,22,0.16999370389530025,0.46312151550489894,0.5109434625555846,0.8541204929351807,0.14629435539245605
500,1,16.64,3.2,1,1,1,23,0.15730003250187538,0.5117123922772846,0.5974151100823485,0.7478013038635254,0.1277756690979004
500,1,16.64,3.2,1,1,1,24,0.19470870427910553,0.4008819890334606,0.4730896478862481,0.8239805698394775,0.17107725143432617
500,1,18.360000000000003,3.4000000000000004,1,1,1,0,0.19374022592894166,0.4260144021666996,0.5161366758250983,0.679877758026123,0.15279674530029297
500,1,18.360000000000003,3.4000000000000004,1,1,1,1,0.2052528165570335,0.4362579230054559,0.5359219738138417,0.7578349113464355,0.11748337745666504
500,1,18.360000000000003,3.4000000000000004,1,1,1,2,0.1715450111572451,0.4690333073357744,0.5578901749090137,0.6803972721099854,0.14455032348632812
500,1,18.360000000000003,3.4000000000000004,1,1,1,3,0.17043677402919952,0.41605948592694664,0.5026115440408037,0.6973788738250732,0.13098835945129395
500,1,18.360000000000003,3.4000000000000004,1,1,1,4,0.16245522190166317,0.43856952144150485,0.5177635815173253,0.8614993095397949,0.158203125
500,1,18.360000000000003,3.4000000000000004,1,1,1,5,0.18109087130608467,0.5072488118621955,0.6140827322145359,0.5601775646209717,0.14728665351867676
500,1,18.360000000000003,3.4000000000000004,1,1,1,6,0.16604401401537494,0.4663931723018139,0.5589957110729782,0.6386234760284424,0.15095186233520508
500,1,18.360000000000003,3.4000000000000004,1,1,1,7,0.15911610639853035,0.44049023702887835,0.49741865660609563,0.672713041305542,0.15012240409851074
500,1,18.360000000000003,3.4000000000000004,1,1,1,8,0.17038867748310657,0.5155307019993902,0.5915891137509299,0.5454010963439941,0.14228582382202148
500,1,18.360000000000003,3.4000000000000004,1,1,1,9,0.17767745102496663,0.4436499089844406,0.5639587023949263,0.7887537479400635,0.1402263641357422
500,1,18.360000000000003,3.4000000000000004,1,1,1,10,0.17088558274675367,0.43591728594408774,0.5270394519662214,0.6240344047546387,0.15708494186401367
500,1,18.360000000000003,3.4000000000000004,1,1,1,11,0.17862731819755803,0.43531813598009883,0.5269279209834452,0.6080710887908936,0.1401071548461914
500,1,18.360000000000003,3.4000000000000004,1,1,1,12,0.183491190965767,0.425742459629512,0.5239355743600366,0.7199406623840332,0.12448668479919434
500,1,18.360000000000003,3.4000000000000004,1,1,1,13,0.177455303865508,0.4376688857918832,0.5704586572422689,0.6098544597625732,0.16522765159606934
500,1,18.360000000000003,3.4000000000000004,1,1,1,14,0.1866405053615446,0.5462258883932203,0.6629109372106922,0.6715919971466064,0.14952635765075684
500,1,18.360000000000003,3.4000000000000004,1,1,1,15,0.15998471040617926,0.45386025131629415,0.5532483928283443,0.8080132007598877,0.16518425941467285
500,1,18.360000000000003,3.4000000000000004,1,1,1,16,0.18034104420345157,0.42859156379805685,0.5015546943515553,0.644822359085083,0.1522505283355713
500,1,18.360000000000003,3.4000000000000004,1,1,1,17,0.162886473380246,0.43458445760009284,0.5029949887121354,0.6945493221282959,0.13327383995056152
500,1,18.360000000000003,3.4000000000000004,1,1,1,18,0.17012391136080524,0.43993800301232455,0.5196657299440552,0.8550364971160889,0.156691312789917
500,1,18.360000000000003,3.4000000000000004,1,1,1,19,0.187569482650228,0.38946469115337085,0.4960481138132261,0.6728150844573975,0.12972092628479004
500,1,18.360000000000003,3.4000000000000004,1,1,1,20,0.17369684942829738,0.5060128980119352,0.6636905353479082,0.692732572555542,0.12325882911682129
500,1,18.360000000000003,3.4000000000000004,1,1,1,21,0.1702771146595039,0.4372286695699628,0.5082370044283337,0.7064676284790039,0.12660908699035645
500,1,18.360000000000003,3.4000000000000004,1,1,1,22,0.18541717299041277,0.40751477448310675,0.5389988863571624,0.5990030765533447,0.11504864692687988
500,1,18.360000000000003,3.4000000000000004,1,1,1,23,0.17252003142308026,0.4677657570904817,0.5064770761265567,0.8345286846160889,0.16179394721984863
500,1,18.360000000000003,3.4000000000000004,1,1,1,24,0.17792763235606282,0.3988296598277882,0.49435177854537765,0.6185717582702637,0.16129183769226074
500,1,20.16,3.6,1,1,1,0,0.18424356438302894,0.5113983551592174,0.5794251255717457,0.7013533115386963,0.13857293128967285
500,1,20.16,3.6,1,1,1,1,0.16155634920814438,0.4677823011117038,0.5850452995298906,0.6876299381256104,0.1202387809753418
500,1,20.16,3.6,1,1,1,2,0.18575962969080242,0.48711811592582216,0.564152202557956,0.6482968330383301,0.14832186698913574
500,1,20.16,3.6,1,1,1,3,0.169482588732784,0.4750771051264719,0.5292994881660565,0.8247373104095459,0.1614978313446045
500,1,20.16,3.6,1,1,1,4,0.17674720652854842,0.4431643497676772,0.571131312163182,0.6528139114379883,0.1374976634979248
500,1,20.16,3.6,1,1,1,5,0.15439629780313735,0.4792660361132611,0.5616521307494842,0.6982762813568115,0.12180256843566895
500,1,20.16,3.6,1,1,1,6,0.19739387924496116,0.4120049398217031,0.5061680191820553,0.6382060050964355,0.1488780975341797
500,1,20.16,3.6,1,1,1,7,0.1733585186569726,0.4784608407264911,0.5425305655707763,0.6671996116638184,0.15542197227478027
500,1,20.16,3.6,1,1,1,8,0.17094226789703,0.42864421071162384,0.5156713414206533,0.8222856521606445,0.17029094696044922
500,1,20.16,3.6,1,1,1,9,0.20667475731344762,0.4526555958596128,0.5842325070423715,0.7517077922821045,0.12767410278320312
500,1,20.16,3.6,1,1,1,10,0.16907202981604774,0.4496948146918826,0.5117952775573109,0.6433517932891846,0.14144659042358398
500,1,20.16,3.6,1,1,1,11,0.16426542610295894,0.43420243079903814,0.5287371164009638,0.6613903045654297,0.13872957229614258
500,1,20.16,3.6,1,1,1,12,0.17813842844321354,0.4290174386601854,0.5352341651077714,0.828967809677124,0.16714692115783691
500,1,20.16,3.6,1,1,1,13,0.18016452928831048,0.48341192487147044,0.6088444977190282,0.6202542781829834,0.13761353492736816
500,1,20.16,3.6,1,1,1,14,0.1698930776518326,0.438968526887464,0.5460970906234498,0.6324007511138916,0.1508181095123291
500,1,20.16,3.6,1,1,1,15,0.1795613252090192,0.5603950805087473,0.6611727860961861,0.7416207790374756,0.12560629844665527
500,1,20.16,3.6,1,1,1,16,0.21830652086004754,0.43678709787195275,0.527958063262927,0.5765929222106934,0.1275029182434082
500,1,20.16,3.6,1,1,1,17,0.1776800452530113,0.40961384065096584,0.5232052487225558,0.874392032623291,0.15807127952575684
500,1,20.16,3.6,1,1,1,18,0.15789275419885299,0.4465252792240061,0.5433416074414246,0.6138489246368408,0.14554095268249512
500,1,20.16,3.6,1,1,1,19,0.17870188653848526,0.4610573716239313,0.579645479523347,0.6557462215423584,0.14193034172058105
500,1,20.16,3.6,1,1,1,20,0.19389195165514606,0.4627852047434394,0.5555055494086433,0.6488344669342041,0.1520545482635498
500,1,20.16,3.6,1,1,1,21,0.16828233556804878,0.4239689792371632,0.495487787759464,0.6358263492584229,0.1580028533935547
500,1,20.16,3.6,1,1,1,22,0.17941900494622642,0.5372560386875611,0.6189945866772313,0.8213789463043213,0.16365981101989746
500,1,20.16,3.6,1,1,1,23,0.1621816866380915,0.4268399090141443,0.5040099692676733,0.6639273166656494,0.1341090202331543
500,1,20.16,3.6,1,1,1,24,0.1706126387811839,0.5086652570262278,0.554855164201172,0.6869668960571289,0.13484525680541992
500,1,22.040000000000003,3.8000000000000003,1,1,1,0,0.15223016678700588,0.48562935745300745,0.556283570704291,0.5943126678466797,0.1144716739654541
500,1,22.040000000000003,3.8000000000000003,1,1,1,1,0.20106214841163636,0.4735628458027073,0.5881775639572518,0.803192138671875,0.1665506362915039
500,1,22.040000000000003,3.8000000000000003,1,1,1,2,0.17280716928937154,0.45115162177890006,0.571140735529019,0.6705191135406494,0.1363201141357422
500,1,22.040000000000003,3.8000000000000003,1,1,1,3,0.18401804227663776,0.46780079732925534,0.567884770136716,0.6340968608856201,0.14904117584228516
500,1,22.040000000000003,3.8000000000000003,1,1,1,4,0.19938370556034005,0.503406012123866,0.5718508509282443,0.6834261417388916,0.14284873008728027
500,1,22.040000000000003,3.8000000000000003,1,1,1,5,0.15249027552692224,0.47391697551778633,0.5899034684392174,0.598717451095581,0.1561732292175293
500,1,22.040000000000003,3.8000000000000003,1,1,1,6,0.18751283457183912,0.4670339901783983,0.5749110272156794,0.8005678653717041,0.150604248046875
500,1,22.040000000000003,3.8000000000000003,1,1,1,7,0.16527353924726454,0.5239950477618557,0.6094551197195972,0.7429418563842773,0.11955833435058594
500,1,22.040000000000003,3.8000000000000003,1,1,1,8,0.1906910375970857,0.4598481559686491,0.5854742147324767,0.635714054107666,0.14331436157226562
500,1,22.040000000000003,3.8000000000000003,1,1,1,9,0.17016005509149842,0.4531527705950513,0.5289267752309956,0.6521744728088379,0.1301264762878418
500,1,22.040000000000003,3.8000000000000003,1,1,1,10,0.17168675918393547,0.46444903612349875,0.5370859352875295,0.6711940765380859,0.1208503246307373
500,1,22.040000000000003,3.8000000000000003,1,1,1,11,0.1770289683828089,0.43234201823246504,0.5688149835676486,0.862952709197998,0.15875792503356934
500,1,22.040000000000003,3.8000000000000003,1,1,1,12,0.22823568906361047,0.4640549340712288,0.6051623676138087,0.653892993927002,0.1542806625366211
500,1,22.040000000000003,3.8000000000000003,1,1,1,13,0.17143170236476524,0.5226427980195612,0.6190281614282178,0.7129654884338379,0.13942599296569824
500,1,22.040000000000003,3.8000000000000003,1,1,1,14,0.1753063286406288,0.48082396282062384,0.5601781314516168,0.6472129821777344,0.12128329277038574
500,1,22.040000000000003,3.8000000000000003,1,1,1,15,0.16523422299847942,0.5577534503707942,0.6485709552351525,0.671597957611084,0.16451072692871094
500,1,22.040000000000003,3.8000000000000003,1,1,1,16,0.18663239340333723,0.5068867910648369,0.5558817215952209,0.8146095275878906,0.1681840419769287
500,1,22.040000000000003,3.8000000000000003,1,1,1,17,0.14675163640606353,0.46716419491878114,0.5383145546742782,0.6175048351287842,0.1077122688293457
500,1,22.040000000000003,3.8000000000000003,1,1,1,18,0.18251798317221807,0.4693642670957165,0.5604755578749364,0.8350458145141602,0.1596851348876953
500,1,22.040000000000003,3.8000000000000003,1,1,1,19,0.16190509747562812,0.5239738294403239,0.5557066423957505,0.7130627632141113,0.14725446701049805
500,1,22.040000000000003,3.8000000000000003,1,1,1,20,0.1866878966325035,0.4463736788436448,0.5573463455278456,0.85135817527771,0.1668076515197754
500,1,22.040000000000003,3.8000000000000003,1,1,1,21,0.1610521772739196,0.4250587614898819,0.5004093684432299,0.6460175514221191,0.1520397663116455
500,1,22.040000000000003,3.8000000000000003,1,1,1,22,0.16749811088247007,0.47797733543914755,0.6310871994452621,0.729295015335083,0.12084436416625977
500,1,22.040000000000003,3.8000000000000003,1,1,1,23,0.17368472873106608,0.5832571223871118,0.715122512213759,0.6450397968292236,0.12749218940734863
500,1,22.040000000000003,3.8000000000000003,1,1,1,24,0.17819047024851314,0.47115589442790756,0.5424762880185108,0.6529989242553711,0.16124963760375977
500,1,24.0,4.0,1,1,1,0,0.1724600631770645,0.5232611143526027,0.6424636493796605,0.8560423851013184,0.15175557136535645
500,1,24.0,4.0,1,1,1,1,0.18052493784003948,0.5568207088528327,0.6334912621967226,0.6282978057861328,0.14652705192565918
500,1,24.0,4.0,1,1,1,2,0.18074881056748252,0.5647134397549657,0.647591405716122,0.6997807025909424,0.11589336395263672
500,1,24.0,4.0,1,1,1,3,0.1618601285962682,0.538932617476089,0.6078461010256249,0.6420352458953857,0.1282188892364502
500,1,24.0,4.0,1,1,1,4,0.15973804921289755,0.5043054338193921,0.6296612236268705,0.5923445224761963,0.14236974716186523
500,1,24.0,4.0,1,1,1,5,0.16263077476727195,0.5835014569513515,0.6351945979021444,0.6583209037780762,0.15757966041564941
500,1,24.0,4.0,1,1,1,6,0.17990144186463045,0.5048014189344286,0.5816839823556179,0.6556978225708008,0.14647817611694336
500,1,24.0,4.0,1,1,1,7,0.1682402517374838,0.547790860773261,0.6149174796604324,0.6078219413757324,0.1350388526916504
500,1,24.0,4.0,1,1,1,8,0.1872883324627226,0.522494327711501,0.6405520336006012,0.6367413997650146,0.11501669883728027
500,1,24.0,4.0,1,1,1,9,0.16657218011219546,0.4800522934241019,0.5710691325785461,0.6380038261413574,0.16275310516357422
500,1,24.0,4.0,1,1,1,10,0.16954979401604103,0.4625319254321468,0.5657559041599288,0.6776785850524902,0.12859559059143066
500,1,24.0,4.0,1,1,1,11,0.1883319406890864,0.5244814139318471,0.639115466099474,0.8092339038848877,0.15442776679992676
500,1,24.0,4.0,1,1,1,12,0.1927299769413962,0.44975698822534127,0.5889065289522196,0.6021301746368408,0.14249920845031738
500,1,24.0,4.0,1,1,1,13,0.15679254985735805,0.5285134821418369,0.6789692100503116,0.6028215885162354,0.16544151306152344
500,1,24.0,4.0,1,1,1,14,0.1761468876679296,0.49495774619213445,0.6083544113148995,0.8373372554779053,0.16866731643676758
500,1,24.0,4.0,1,1,1,15,0.17254425629254994,0.49948156623055995,0.5889724541987245,0.7222292423248291,0.13036298751831055
500,1,24.0,4.0,1,1,1,16,0.1666750378559381,0.5529069269394318,0.5786728788319913,0.6081862449645996,0.11797857284545898
500,1,24.0,4.0,1,1,1,17,0.1799181816815297,0.5239060277252506,0.6624199588020254,0.6977522373199463,0.12969541549682617
500,1,24.0,4.0,1,1,1,18,0.17894999253355565,0.4579784020527695,0.5836903392324466,0.7463593482971191,0.12677860260009766
500,1,24.0,4.0,1,1,1,19,0.17659032455764825,0.4939647022696092,0.5535613877859004,0.8148775100708008,0.17305397987365723
500,1,24.0,4.0,1,1,1,20,0.16852018532687218,0.5465372592141516,0.6275946709106304,0.6531374454498291,0.15408015251159668
500,1,24.0,4.0,1,1,1,21,0.1736220221607762,0.49359842282390415,0.5756873546370109,0.7604849338531494,0.13263916969299316
500,1,24.0,4.0,1,1,1,22,0.17928025747212306,0.5329847359459087,0.6072142991562691,0.6285431385040283,0.13784003257751465
500,1,24.0,4.0,1,1,1,23,0.1832062243312317,0.5265073039779372,0.5946755232962028,0.6977946758270264,0.15758037567138672
500,1,24.0,4.0,1,1,1,24,0.1785006176601439,0.49744201078428896,0.5491523513659476,0.7526254653930664,0.12417912483215332
500,1,26.040000000000003,4.2,1,1,1,0,0.19666900611060692,0.6180342773278856,0.7227887789730981,0.6092929840087891,0.12662768363952637
500,1,26.040000000000003,4.2,1,1,1,1,0.19789112713454562,0.5198942423564876,0.6488664489049019,0.6769468784332275,0.15383100509643555
500,1,26.040000000000003,4.2,1,1,1,2,0.17490641166833718,0.572715447382627,0.6633186198368166,0.7404146194458008,0.13496851921081543
500,1,26.040000000000003,4.2,1,1,1,3,0.16926449952742922,0.5572822658656749,0.6301939834096599,0.7988908290863037,0.18086743354797363
500,1,26.040000000000003,4.2,1,1,1,4,0.17828594950906082,0.46363705975109476,0.5671523631325782,0.6519005298614502,0.12698769569396973
500,1,26.040000000000003,4.2,1,1,1,5,0.17532123313080872,0.5009156275917452,0.6499848921493784,0.6250655651092529,0.14752507209777832
500,1,26.040000000000003,4.2,1,1,1,6,0.166248642976852,0.5836319548722446,0.6222007806854922,0.697180986404419,0.13100957870483398
500,1,26.040000000000003,4.2,1,1,1,7,0.17401269189068297,0.5152110054934516,0.6123824106451454,0.6256344318389893,0.13698482513427734
500,1,26.040000000000003,4.2,1,1,1,8,0.1610908632157086,0.502353437590025,0.6425620603084745,0.7903389930725098,0.15474724769592285
500,1,26.040000000000003,4.2,1,1,1,9,0.18775714198929244,0.469718126085918,0.5500944071516235,0.6616442203521729,0.13617849349975586
500,1,26.040000000000003,4.2,1,1,1,10,0.17014197340201462,0.5948481886202267,0.6509489595482456,0.6895713806152344,0.14255332946777344
500,1,26.040000000000003,4.2,1,1,1,11,0.17513398741106276,0.507408277843604,0.6013932612371486,0.6587893962860107,0.16235017776489258
500,1,26.040000000000003,4.2,1,1,1,12,0.19506007471835837,0.5190299817619719,0.6614240044029953,0.7031724452972412,0.15024161338806152
500,1,26.040000000000003,4.2,1,1,1,13,0.17629597262310687,0.5195529910141427,0.6028192422706444,0.715029239654541,0.1566486358642578
500,1,26.040000000000003,4.2,1,1,1,14,0.17908573621244261,0.49598457795292084,0.586465730082007,0.6273789405822754,0.13639187812805176
500,1,26.040000000000003,4.2,1,1,1,15,0.22868618457278717,0.4616435785593705,0.605726422677822,0.585777997970581,0.15617060661315918
500,1,26.040000000000003,4.2,1,1,1,16,0.1653546315629332,0.5467681925200621,0.6541498122421011,0.703942060470581,0.12276005744934082
500,1,26.040000000000003,4.2,1,1,1,17,0.22642654526681713,0.5847092315671184,0.7120408496129792,0.7729983329772949,0.15708684921264648
500,1,26.040000000000003,4.2,1,1,1,18,0.17176633152187404,0.529175388442885,0.638456870121315,0.6647143363952637,0.13454270362854004
500,1,26.040000000000003,4.2,1,1,1,19,0.1732219840267668,0.531123063474018,0.6503386728034299,0.6359829902648926,0.1443009376525879
500,1,26.040000000000003,4.2,1,1,1,20,0.17603848466169958,0.6605856674911109,0.808608816972759,0.6258151531219482,0.14918184280395508
500,1,26.040000000000003,4.2,1,1,1,21,0.18619220380972915,0.5690439613891671,0.6336305845409916,0.8152923583984375,0.1710958480834961
500,1,26.040000000000003,4.2,1,1,1,22,0.20203041940998337,0.5408423690412467,0.635187371153569,0.8449254035949707,0.16282367706298828
500,1,26.040000000000003,4.2,1,1,1,23,0.16374236303868792,0.5111791925778755,0.5780488765714721,0.6242458820343018,0.10716533660888672
500,1,26.040000000000003,4.2,1,1,1,24,0.215346054519262,0.534927684058432,0.6423011271302002,0.6597046852111816,0.1095585823059082
500,1,28.160000000000004,4.4,1,1,1,0,0.18882089553898132,0.6095574649868701,0.7106027079226911,0.7418041229248047,0.12090611457824707
500,1,28.160000000000004,4.4,1,1,1,1,0.1923064667872605,0.5423363873860976,0.6101417813014626,0.6389126777648926,0.14879059791564941
500,1,28.160000000000004,4.4,1,1,1,2,0.17534942948173649,0.6184285921652563,0.7140264933180567,0.8277864456176758,0.1530752182006836
500,1,28.160000000000004,4.4,1,1,1,3,0.18429955422091718,0.5133544926471617,0.6019756794065129,0.6536762714385986,0.12979435920715332
500,1,28.160000000000004,4.4,1,1,1,4,0.17158150560720659,0.5185248986705482,0.6163159196445254,0.612760066986084,0.15532279014587402
500,1,28.160000000000004,4.4,1,1,1,5,0.1819298549393382,0.5497516853775843,0.5850827711914265,0.7436304092407227,0.12332391738891602
500,1,28.160000000000004,4.4,1,1,1,6,0.22160411774730224,0.6078946430336936,0.6556552412809581,0.7230148315429688,0.14485764503479004
500,1,28.160000000000004,4.4,1,1,1,7,0.1616433097034022,0.5433710262124514,0.6217045567614632,0.7327983379364014,0.16895341873168945
500,1,28.160000000000004,4.4,1,1,1,8,0.22521280775538205,0.5592568944505069,0.6237773437444869,0.7550492286682129,0.15099358558654785
500,1,28.160000000000004,4.4,1,1,1,9,0.17479902951752482,0.5295679953029896,0.6249322590652272,0.8919322490692139,0.16614866256713867
500,1,28.160000000000004,4.4,1,1,1,10,0.18149178190723658,0.4903814104384806,0.569997713630539,0.7723438739776611,0.1696639060974121
500,1,28.160000000000004,4.4,1,1,1,11,0.19594165914543257,0.5312394477281124,0.6604038480407528,0.6373085975646973,0.15768861770629883
500,1,28.160000000000004,4.4,1,1,1,12,0.15991803245050715,0.5553743669586687,0.6163424402899279,0.7218012809753418,0.12634992599487305
500,1,28.160000000000004,4.4,1,1,1,13,0.17200073441194075,0.5894960686147362,0.671250234297293,0.6267263889312744,0.14986085891723633
500,1,28.160000000000004,4.4,1,1,1,14,0.18901640744507547,0.6034055160408756,0.7185996847195358,0.8167805671691895,0.17581605911254883
500,1,28.160000000000004,4.4,1,1,1,15,0.19991084573076762,0.5811739584664725,0.6683992062857654,0.6754271984100342,0.10402345657348633
500,1,28.160000000000004,4.4,1,1,1,16,0.17895039471491409,0.6094868355528519,0.7023532497960518,0.7215297222137451,0.11837315559387207
500,1,28.160000000000004,4.4,1,1,1,17,0.18132479107216815,0.5495357476873715,0.6542917635148827,0.7327578067779541,0.13520550727844238
500,1,28.160000000000004,4.4,1,1,1,18,0.1915749619956484,0.6319635035005488,0.6989606284145949,0.6553122997283936,0.14785432815551758
500,1,28.160000000000004,4.4,1,1,1,19,0.19924017103299915,0.6632029773830347,0.7499298422106254,0.8611447811126709,0.15494680404663086
500,1,28.160000000000004,4.4,1,1,1,20,0.1719115782419469,0.6291321549492587,0.7453254666570015,0.7462842464447021,0.12633299827575684
500,1,28.160000000000004,4.4,1,1,1,21,0.1719709392384843,0.6620324693806188,0.7338119866422144,0.6184988021850586,0.11254429817199707
500,1,28.160000000000004,4.4,1,1,1,22,0.18483319920226574,0.6012475029073125,0.7088474755762704,0.6580824851989746,0.14484477043151855
500,1,28.160000000000004,4.4,1,1,1,23,0.17855976111826516,0.5088028033726391,0.6451589673001434,0.7540650367736816,0.1233222484588623
500,1,28.160000000000004,4.4,1,1,1,24,0.1704635697371595,0.49866694439430137,0.6365222419786846,0.8907356262207031,0.14713215827941895
500,1,30.360000000000007,4.6000000000000005,1,1,1,0,0.15989972737900887,0.5372539609272651,0.6174662953518252,0.7142465114593506,0.12534856796264648
500,1,30.360000000000007,4.6000000000000005,1,1,1,1,0.19314170534507305,0.6129655762802837,0.678180528559472,0.7500808238983154,0.12172245979309082
500,1,30.360000000000007,4.6000000000000005,1,1,1,2,0.17099975273026805,0.5680179756355271,0.6334691413120885,0.6295356750488281,0.1453077793121338
500,1,30.360000000000007,4.6000000000000005,1,1,1,3,0.16721138555255358,0.6772962700267128,0.7809540735777031,0.7212727069854736,0.15051484107971191
500,1,30.360000000000007,4.6000000000000005,1,1,1,4,0.17881375179493317,0.5737208661861677,0.7525346179811009,0.671208381652832,0.1353614330291748
500,1,30.360000000000007,4.6000000000000005,1,1,1,5,0.17839455691282005,0.6070594278550806,0.7192090753914152,0.7603297233581543,0.15130162239074707
500,1,30.360000000000007,4.6000000000000005,1,1,1,6,0.21986608646478653,0.6089709212296901,0.7124797792677262,0.6309587955474854,0.15133404731750488
500,1,30.360000000000007,4.6000000000000005,1,1,1,7,0.18141235341060466,0.5573136527376387,0.6264038007790645,0.7197294235229492,0.1343848705291748
500,1,30.360000000000007,4.6000000000000005,1,1,1,8,0.16790639252362846,0.5810063364382939,0.6521401989200053,0.85304856300354,0.16578340530395508
500,1,30.360000000000007,4.6000000000000005,1,1,1,9,0.1645841024037818,0.6093213202795199,0.6909902778174042,0.5951218605041504,0.15018415451049805
500,1,30.360000000000007,4.6000000000000005,1,1,1,10,0.18064204285121166,0.52854290472233,0.6348346910165951,0.6628763675689697,0.1293492317199707
500,1,30.360000000000007,4.6000000000000005,1,1,1,11,0.16955025259883977,0.5895120598398765,0.7052952222455697,0.6334285736083984,0.1272284984588623
500,1,30.360000000000007,4.6000000000000005,1,1,1,12,0.1834112197821021,0.5471366450798854,0.6631910764285751,0.631781816482544,0.15569305419921875
500,1,30.360000000000007,4.6000000000000005,1,1,1,13,0.15993267161750394,0.5614983475002242,0.6393080120765321,0.7944495677947998,0.17626118659973145
500,1,30.360000000000007,4.6000000000000005,1,1,1,14,0.19291640634173357,0.5417434270489374,0.6592436017796651,0.7463829517364502,0.14139842987060547
500,1,30.360000000000007,4.6000000000000005,1,1,1,15,0.1874728201566826,0.589713800076673,0.7035766688926479,0.6671500205993652,0.16713809967041016
500,1,30.360000000000007,4.6000000000000005,1,1,1,16,0.19476995572222214,0.5350199310246111,0.6525833287680735,0.684838056564331,0.13283824920654297
500,1,30.360000000000007,4.6000000000000005,1,1,1,17,0.16739446502458596,0.5703184456046291,0.670166824634257,0.7322125434875488,0.13467669486999512
500,1,30.360000000000007,4.6000000000000005,1,1,1,18,0.17264809992590402,0.5622057097413456,0.689980203538036,0.8165547847747803,0.12634730339050293
500,1,30.360000000000007,4.6000000000000005,1,1,1,19,0.16275762351265335,0.5781212516165822,0.6629423053436374,0.6016731262207031,0.14505958557128906
500,1,30.360000000000007,4.6000000000000005,1,1,1,20,0.18687461126004473,0.5637194341092332,0.7414096494960394,0.6057322025299072,0.14462971687316895
500,1,30.360000000000007,4.6000000000000005,1,1,1,21,0.1784134122035522,0.535810126357221,0.6530603344502215,0.6984014511108398,0.15245747566223145
500,1,30.360000000000007,4.6000000000000005,1,1,1,22,0.1655670767362811,0.6647480328702766,0.7195507537798335,0.7062242031097412,0.17644429206848145
500,1,30.360000000000007,4.6000000000000005,1,1,1,23,0.16174477428919426,0.5586506948297524,0.6884455414502257,0.6288802623748779,0.16222548484802246
500,1,30.360000000000007,4.6000000000000005,1,1,1,24,0.18896409080409451,0.5836313674064909,0.6708615157751442,0.7035398483276367,0.14255070686340332
500,1,32.64000000000001,4.800000000000001,1,1,1,0,0.1945300326871167,0.575946677301794,0.6789819258623743,0.6959407329559326,0.1373884677886963
500,1,32.64000000000001,4.800000000000001,1,1,1,1,0.2177754068793525,0.6741064276584818,0.7655276326026325,0.638970136642456,0.15655779838562012
500,1,32.64000000000001,4.800000000000001,1,1,1,2,0.17609371966744217,0.6034549902846785,0.6881819593306032,0.8146367073059082,0.16936039924621582
500,1,32.64000000000001,4.800000000000001,1,1,1,3,0.16380470111082168,0.5436684909778743,0.6204005633402352,0.6782975196838379,0.13450312614440918
500,1,32.64000000000001,4.800000000000001,1,1,1,4,0.1653172066012878,0.6162220720863312,0.7017771774169367,0.6241912841796875,0.1530921459197998
500,1,32.64000000000001,4.800000000000001,1,1,1,5,0.1916090300507127,0.6120431835088896,0.6574340327230733,0.7261555194854736,0.11885738372802734
500,1,32.64000000000001,4.800000000000001,1,1,1,6,0.17945941352164535,0.5486076945893334,0.6409963219717071,0.674013614654541,0.1415235996246338
500,1,32.64000000000001,4.800000000000001,1,1,1,7,0.17349893619109383,0.6625773120001826,0.7050338500164081,0.7148547172546387,0.1306447982788086
500,1,32.64000000000001,4.800000000000001,1,1,1,8,0.17034351889757224,0.5682317268949494,0.6434834303782077,0.7102868556976318,0.1348130702972412
500,1,32.64000000000001,4.800000000000001,1,1,1,9,0.17597038228783676,0.6156721058946545,0.7008453819102074,0.703092098236084,0.12546467781066895
500,1,32.64000000000001,4.800000000000001,1,1,1,10,0.19210560230708965,0.6769580556700414,0.7740540765953853,0.601020336151123,0.12056684494018555
500,1,32.64000000000001,4.800000000000001,1,1,1,11,0.228998958383551,0.6695699288097705,0.7901701555311433,0.8812119960784912,0.15740418434143066
500,1,32.64000000000001,4.800000000000001,1,1,1,12,0.17851709995193812,0.5697697816614198,0.6809866416709859,0.680426836013794,0.11965274810791016
500,1,32.64000000000001,4.800000000000001,1,1,1,13,0.17233501910334242,0.6877157073440748,0.7684564571441029,0.6611635684967041,0.11665081977844238
500,1,32.64000000000001,4.800000000000001,1,1,1,14,0.1608619156822935,0.68624963379789,0.829596568722428,0.6229701042175293,0.14824914932250977
500,1,32.64000000000001,4.800000000000001,1,1,1,15,0.17280976968891043,0.605239651923207,0.6614238221090624,0.8352301120758057,0.16357803344726562
500,1,32.64000000000001,4.800000000000001,1,1,1,16,0.18480030057543628,0.5462027724889218,0.63496999247092,0.7974956035614014,0.17443418502807617
500,1,32.64000000000001,4.800000000000001,1,1,1,17,0.19095156483003842,0.6141939115890611,0.6890152660827193,0.697516679763794,0.13529229164123535
500,1,32.64000000000001,4.800000000000001,1,1,1,18,0.15709770962126632,0.6010730143623795,0.653486218166155,0.6453719139099121,0.13563060760498047
500,1,32.64000000000001,4.800000000000001,1,1,1,19,0.15631425715734862,0.5881885477750973,0.6932812355373692,0.6033415794372559,0.13410019874572754
500,1,32.64000000000001,4.800000000000001,1,1,1,20,0.18764657294817605,0.5944334714381686,0.6471262654031853,0.6413760185241699,0.13524293899536133
500,1,32.64000000000001,4.800000000000001,1,1,1,21,0.18431556134784308,0.6089188914087496,0.6777080976117408,0.7672383785247803,0.13187909126281738
500,1,32.64000000000001,4.800000000000001,1,1,1,22,0.19155574373404172,0.6543880822299667,0.7367872038972603,0.5904107093811035,0.14454936981201172
500,1,32.64000000000001,4.800000000000001,1,1,1,23,0.18322490091109306,0.6362830404147682,0.678788986244681,0.7374954223632812,0.1675395965576172
500,1,32.64000000000001,4.800000000000001,1,1,1,24,0.1679293893308166,0.6381555164275522,0.7293742789370734,0.6775879859924316,0.1448380947113037
500,1,35.0,5.0,1,1,1,0,0.16506484104907043,0.712151644862134,0.7884506599794306,0.8330237865447998,0.16281747817993164
500,1,35.0,5.0,1,1,1,1,0.18914768358855596,0.6303260880626981,0.6944139670537494,0.6326858997344971,0.14890480041503906
500,1,35.0,5.0,1,1,1,2,0.16942613966928277,0.6820037991702134,0.7077346872592705,0.6659996509552002,0.14316272735595703
500,1,35.0,5.0,1,1,1,3,0.17318192802584534,0.5397107385749775,0.6164629583230149,0.674250602722168,0.1312100887298584
500,1,35.0,5.0,1,1,1,4,0.16038933820116125,0.6084964831224049,0.6950868461033465,0.6256332397460938,0.13370299339294434
500,1,35.0,5.0,1,1,1,5,0.17794135260272856,0.6030205135759771,0.6805271989865433,0.8476517200469971,0.15910983085632324
500,1,35.0,5.0,1,1,1,6,0.1733922391909917,0.6460587737632439,0.7199117219114962,0.6707615852355957,0.1554851531982422
500,1,35.0,5.0,1,1,1,7,0.15520414854030498,0.6803102398714069,0.7586788792796172,0.6885511875152588,0.13788175582885742
500,1,35.0,5.0,1,1,1,8,0.16636888024298457,0.5927291800887248,0.6913662626966265,0.663184642791748,0.14415788650512695
500,1,35.0,5.0,1,1,1,9,0.19499975683485782,0.6091586600573176,0.7342799218583789,0.6040627956390381,0.15721487998962402
500,1,35.0,5.0,1,1,1,10,0.17311628134400647,0.5859027806347038,0.7041073245758873,0.6687281131744385,0.15517425537109375
500,1,35.0,5.0,1,1,1,11,0.18355827586631837,0.6394713361994102,0.6967224212947136,0.7134103775024414,0.11911249160766602
500,1,35.0,5.0,1,1,1,12,0.18737489781887828,0.7578225023493184,0.798177609245569,0.6392507553100586,0.11189484596252441
500,1,35.0,5.0,1,1,1,13,0.17216818328585948,0.5923579301896309,0.7232313383663275,0.6339471340179443,0.13652634620666504
500,1,35.0,5.0,1,1,1,14,0.17949224756827994,0.5998822428341136,0.6726220730079931,0.7763972282409668,0.1713428497314453
500,1,35.0,5.0,1,1,1,15,0.15867570672668316,0.5705914873761133,0.6595935007497726,0.6590919494628906,0.14435148239135742
500,1,35.0,5.0,1,1,1,16,0.2071193769549084,0.5818358876436683,0.703691647811269,0.6476716995239258,0.1338667869567871
500,1,35.0,5.0,1,1,1,17,0.18524999792669744,0.546998923796065,0.6790845945299138,0.6827900409698486,0.13370490074157715
500,1,35.0,5.0,1,1,1,18,0.16325676941721645,0.5795640750903589,0.6513416169681097,0.691859245300293,0.1484363079071045
500,1,35.0,5.0,1,1,1,19,0.1695992831282233,0.5854880328084386,0.7003543568394865,0.8091790676116943,0.1723005771636963
500,1,35.0,5.0,1,1,1,20,0.16703666411762502,0.588435409808052,0.748092673609602,0.6116864681243896,0.16070175170898438
500,1,35.0,5.0,1,1,1,21,0.2070095388627498,0.6074155857171201,0.6867858990475445,0.6762006282806396,0.11585140228271484
500,1,35.0,5.0,1,1,1,22,0.17174960081671756,0.6549194596827428,0.7361823588984597,0.657343864440918,0.1347360610961914
500,1,35.0,5.0,1,1,1,23,0.16957470240943526,0.6770268187065089,0.7256249080939272,0.6205348968505859,0.1576063632965088
500,1,35.0,5.0,1,1,1,24,0.1955911237972601,0.6049710309119213,0.676291588857493,0.8302836418151855,0.1640620231628418
500,1,37.440000000000005,5.2,1,1,1,0,0.1952749683387153,0.6390172048755545,0.701863405015338,0.8517427444458008,0.1413872241973877
500,1,37.440000000000005,5.2,1,1,1,1,0.1766858984121442,0.7246330958950262,0.7706293541230469,0.6655747890472412,0.12765884399414062
500,1,37.440000000000005,5.2,1,1,1,2,0.17861445918375102,0.7008777614321939,0.76603775194468,0.6224148273468018,0.15733671188354492
500,1,37.440000000000005,5.2,1,1,1,3,0.1602857669793686,0.6995056281081987,0.8460368848230955,0.7476897239685059,0.16674423217773438
500,1,37.440000000000005,5.2,1,1,1,4,0.17416116914081642,0.63408782164274,0.729750455813946,0.7305800914764404,0.13300108909606934
500,1,37.440000000000005,5.2,1,1,1,5,0.17589660169467602,0.6699168506837446,0.765381702362459,0.6647288799285889,0.146561861038208
500,1,37.440000000000005,5.2,1,1,1,6,0.16995802055151574,0.6498402540624968,0.7524194231426508,0.6859405040740967,0.12665557861328125
500,1,37.440000000000005,5.2,1,1,1,7,0.17720992877522934,0.7364761966466324,0.7723406372170839,0.7002236843109131,0.14767861366271973
500,1,37.440000000000005,5.2,1,1,1,8,0.1764530577588866,0.7530176796003992,0.8376315879083165,0.8114125728607178,0.1708841323852539
500,1,37.440000000000005,5.2,1,1,1,9,0.17544547973275382,0.6989765574358193,0.7394611368273303,0.7119731903076172,0.1382284164428711
500,1,37.440000000000005,5.2,1,1,1,10,0.1689622606161644,0.6295612189571093,0.6929337783070435,0.7080211639404297,0.12763237953186035
500,1,37.440000000000005,5.2,1,1,1,11,0.15330434719435085,0.6204625413780934,0.7271689825268175,0.6254837512969971,0.1321554183959961
500,1,37.440000000000005,5.2,1,1,1,12,0.18973574379796138,0.6663498924267212,0.7478742725732712,0.6320784091949463,0.15368342399597168
500,1,37.440000000000005,5.2,1,1,1,13,0.17242053812620514,0.6548938731735605,0.7917211951227348,0.953984260559082,0.17814850807189941
500,1,37.440000000000005,5.2,1,1,1,14,0.20173731855404736,0.6887179579395329,0.7849909861242421,0.7083003520965576,0.13802051544189453
500,1,37.440000000000005,5.2,1,1,1,15,0.17407354363329056,0.5843315384447202,0.6954921670674014,0.7125883102416992,0.1354074478149414
500,1,37.440000000000005,5.2,1,1,1,16,0.16445009309485079,0.6636240434715033,0.7369444611994239,0.6981363296508789,0.13358640670776367
500,1,37.440000000000005,5.2,1,1,1,17,0.1704364925760771,0.695235400254358,0.7748789147827876,0.6924130916595459,0.1648247241973877
500,1,37.440000000000005,5.2,1,1,1,18,0.21451781129513706,0.6560985716879397,0.70537048303584,0.8868348598480225,0.14454984664916992
500,1,37.440000000000005,5.2,1,1,1,19,0.18721295276314473,0.6787164797423151,0.7677369322952959,0.6566286087036133,0.1469876766204834
500,1,37.440000000000005,5.2,1,1,1,20,0.21433364321509055,0.6923250895528438,0.7471930214625813,0.6820211410522461,0.14290165901184082
500,1,37.440000000000005,5.2,1,1,1,21,0.167957523830064,0.5984511072719189,0.7365795745304072,0.6354804039001465,0.12181305885314941
500,1,37.440000000000005,5.2,1,1,1,22,0.16737663241928172,0.6226602556264751,0.6756318256055233,0.834561824798584,0.17365741729736328
500,1,37.440000000000005,5.2,1,1,1,23,0.163921473259566,0.6334233881784417,0.7355546310249843,0.5993404388427734,0.15924882888793945
500,1,37.440000000000005,5.2,1,1,1,24,0.16304269152750753,0.6695180977463322,0.7575506594165431,0.7589223384857178,0.13116884231567383
500,1,39.96000000000001,5.4,1,1,1,0,0.1882796168696582,0.6943181486507718,0.7317985200474358,0.7158794403076172,0.14672636985778809
500,1,39.96000000000001,5.4,1,1,1,1,0.17425859469011407,0.7100352025413831,0.790984001437167,0.7119176387786865,0.13123154640197754
500,1,39.96000000000001,5.4,1,1,1,2,0.15750929453921644,0.6793772788030384,0.7943096874066483,0.8576498031616211,0.16875243186950684
500,1,39.96000000000001,5.4,1,1,1,3,0.1623890382228458,0.6523999816567982,0.7277304911569453,0.6794662475585938,0.14183902740478516
500,1,39.96000000000001,5.4,1,1,1,4,0.18336103451161276,0.6702456176393973,0.7640696829428226,0.6127524375915527,0.15875601768493652
500,1,39.96000000000001,5.4,1,1,1,5,0.17626451259751688,0.655261172771795,0.7374626641638964,0.6498291492462158,0.13565492630004883
500,1,39.96000000000001,5.4,1,1,1,6,0.17603368607074668,0.6541301396602416,0.7493051610218304,0.7007513046264648,0.1342165470123291
500,1,39.96000000000001,5.4,1,1,1,7,0.18157331261064139,0.7075951993956505,0.7575188700461793,0.8397679328918457,0.16790461540222168
500,1,39.96000000000001,5.4,1,1,1,8,0.19129498179717133,0.6930632873913082,0.7958725127639606,0.6533224582672119,0.1524181365966797
500,1,39.96000000000001,5.4,1,1,1,9,0.17780393911428136,0.6818133676591381,0.7704178683316194,0.7084851264953613,0.1334366798400879
500,1,39.96000000000001,5.4,1,1,1,10,0.16401723824714712,0.5760176425980099,0.6867920636565098,0.708512544631958,0.16771340370178223
500,1,39.96000000000001,5.4,1,1,1,11,0.18002767606622547,0.6456704443680746,0.765224643457213,0.8133518695831299,0.15799283981323242
500,1,39.96000000000001,5.4,1,1,1,12,0.1620219362158236,0.731740012232952,0.7710853280309208,0.7470793724060059,0.12160825729370117
500,1,39.96000000000001,5.4,1,1,1,13,0.16614043859468108,0.670874769370466,0.7580702483574796,0.689812183380127,0.14359617233276367
500,1,39.96000000000001,5.4,1,1,1,14,0.20667027261158877,0.6797541980492194,0.7559797166442663,0.6345558166503906,0.14636969566345215
500,1,39.96000000000001,5.4,1,1,1,15,0.16630475170378065,0.7515598815645279,0.8247838813793842,0.7259371280670166,0.12586426734924316
500,1,39.96000000000001,5.4,1,1,1,16,0.16458232057587355,0.6601512761798706,0.7476460636538145,0.8420066833496094,0.1539764404296875
500,1,39.96000000000001,5.4,1,1,1,17,0.1860937271571762,0.6907500436140422,0.7977136285284651,0.625819206237793,0.1318068504333496
500,1,39.96000000000001,5.4,1,1,1,18,0.18294719191435438,0.7460781020617098,0.8507854763682416,0.660759449005127,0.1367342472076416
500,1,39.96000000000001,5.4,1,1,1,19,0.17710767368476535,0.6262635153992643,0.7008381404307827,0.6911623477935791,0.11990690231323242
500,1,39.96000000000001,5.4,1,1,1,20,0.20819867754371724,0.7228067148970961,0.7875971970969711,0.6604461669921875,0.12469792366027832
500,1,39.96000000000001,5.4,1,1,1,21,0.17215900956828922,0.7106055340234395,0.7802945546564078,0.6674144268035889,0.15555620193481445
500,1,39.96000000000001,5.4,1,1,1,22,0.1621710273748558,0.7191052653514856,0.8757172658668763,0.744880199432373,0.13405752182006836
500,1,39.96000000000001,5.4,1,1,1,23,0.18130951606057133,0.6905766636860903,0.7926248772781133,0.6328904628753662,0.155930757522583
500,1,39.96000000000001,5.4,1,1,1,24,0.1610720419832503,0.7043611633885146,0.7890252177893996,0.6259498596191406,0.14779424667358398
500,1,42.56000000000001,5.6000000000000005,1,1,1,0,0.17018312852530063,0.7197523640621182,0.7885415088921697,0.7566721439361572,0.1643967628479004
500,1,42.56000000000001,5.6000000000000005,1,1,1,1,0.16296069871595437,0.6830947995088702,0.8089325681418299,0.7090780735015869,0.15149593353271484
500,1,42.56000000000001,5.6000000000000005,1,1,1,2,0.1656181893455464,0.9319095149255303,1.043832468060903,0.635798454284668,0.1335313320159912
500,1,42.56000000000001,5.6000000000000005,1,1,1,3,0.1750708626364231,0.757025489318013,0.8571133592110531,0.8155574798583984,0.16147303581237793
500,1,42.56000000000001,5.6000000000000005,1,1,1,4,0.18463306478731117,0.7230475808609966,0.8040030149650931,0.6470057964324951,0.13222432136535645
500,1,42.56000000000001,5.6000000000000005,1,1,1,5,0.167630776836854,0.6542594665112965,0.7500550203055077,0.8925125598907471,0.14857053756713867
500,1,42.56000000000001,5.6000000000000005,1,1,1,6,0.17277340451984277,0.7709738825514335,0.8238526079668838,0.6037378311157227,0.1564624309539795
500,1,42.56000000000001,5.6000000000000005,1,1,1,7,0.19920038771718257,0.6402511253896077,0.7799315250133534,0.6971867084503174,0.13360047340393066
500,1,42.56000000000001,5.6000000000000005,1,1,1,8,0.19757254888116904,0.8719508656142845,0.992161888092391,0.6599462032318115,0.1073312759399414
500,1,42.56000000000001,5.6000000000000005,1,1,1,9,0.15721327835139257,0.6539232233126405,0.7365039024980232,0.6599984169006348,0.16193652153015137
500,1,42.56000000000001,5.6000000000000005,1,1,1,10,0.1806976227480958,0.7292833614729745,0.7979431949047688,0.69413161277771,0.1373128890991211
500,1,42.56000000000001,5.6000000000000005,1,1,1,11,0.1817178166938203,0.713176397477124,0.8090133435874848,0.7437243461608887,0.13083195686340332
500,1,42.56000000000001,5.6000000000000005,1,1,1,12,0.17744016080563416,0.6901275363131099,0.7797433576513063,0.6069743633270264,0.15108585357666016
500,1,42.56000000000001,5.6000000000000005,1,1,1,13,0.17354103384708483,0.6493617161425639,0.7132227830875141,0.6778216361999512,0.13237619400024414
500,1,42.56000000000001,5.6000000000000005,1,1,1,14,0.18039270980850589,0.6888527699280355,0.7683284752662355,0.8544111251831055,0.169450044631958
500,1,42.56000000000001,5.6000000000000005,1,1,1,15,0.17668935984008108,0.7091047642290709,0.7474437169324345,0.5877180099487305,0.11738276481628418
500,1,42.56000000000001,5.6000000000000005,1,1,1,16,0.15908441693587053,0.7976816711119297,0.8433140997115709,0.6454739570617676,0.15176701545715332
500,1,42.56000000000001,5.6000000000000005,1,1,1,17,0.16355811371539264,0.6657725344820337,0.7537029308480871,0.7143363952636719,0.14169931411743164
500,1,42.56000000000001,5.6000000000000005,1,1,1,18,0.21070098359044645,0.6815801584169185,0.748472986014618,0.6328606605529785,0.12961649894714355
500,1,42.56000000000001,5.6000000000000005,1,1,1,19,0.16443005455446127,0.7455717100322454,0.8023122577613706,0.8625595569610596,0.16870594024658203
500,1,42.56000000000001,5.6000000000000005,1,1,1,20,0.1578008985703839,0.7099907895855563,0.8019832162765681,0.837078332901001,0.16157937049865723
500,1,42.56000000000001,5.6000000000000005,1,1,1,21,0.1784119743659226,0.6513939957540129,0.7215023468301918,0.6401612758636475,0.1546933650970459
500,1,42.56000000000001,5.6000000000000005,1,1,1,22,0.17846974729588158,0.6369741647605619,0.7119446946577737,0.713456392288208,0.11371755599975586
500,1,42.56000000000001,5.6000000000000005,1,1,1,23,0.17752075712520182,0.7527894291756719,0.8623333309179962,0.6558985710144043,0.16252899169921875
500,1,42.56000000000001,5.6000000000000005,1,1,1,24,0.20874037942531648,0.8036886793377856,0.8901110675738666,0.6574397087097168,0.14587950706481934
500,1,45.24000000000001,5.800000000000001,1,1,1,0,0.18621347665185176,0.7351428916970908,0.8808679000478279,0.7117722034454346,0.13932585716247559
500,1,45.24000000000001,5.800000000000001,1,1,1,1,0.1840992195775448,0.7994974493329833,0.834786768390492,0.6180989742279053,0.13570594787597656
500,1,45.24000000000001,5.800000000000001,1,1,1,2,0.18863884336855907,0.7299902803374909,0.8341073480999827,0.5766704082489014,0.14970970153808594
500,1,45.24000000000001,5.800000000000001,1,1,1,3,0.19207104774915332,0.7420728825402386,0.7785155492148106,0.8970928192138672,0.18536806106567383
500,1,45.24000000000001,5.800000000000001,1,1,1,4,0.16090438468117862,0.7196218118672537,0.8179785953521335,0.9704294204711914,0.1733226776123047
500,1,45.24000000000001,5.800000000000001,1,1,1,5,0.16602078654211644,0.7016853151679542,0.7571042530100401,0.860943078994751,0.13280773162841797
500,1,45.24000000000001,5.800000000000001,1,1,1,6,0.17137479625664964,0.8631575071620364,0.9569385692613201,0.6192526817321777,0.15780305862426758
500,1,45.24000000000001,5.800000000000001,1,1,1,7,0.16875516613313177,0.7416740839163407,0.8051928114754173,0.8235576152801514,0.16959071159362793
500,1,45.24000000000001,5.800000000000001,1,1,1,8,0.18577372833648595,0.8198133556452366,0.8882124013262749,0.7413923740386963,0.1415262222290039
500,1,45.24000000000001,5.800000000000001,1,1,1,9,0.18681247368938653,0.7949596225820377,0.8948742341915292,0.6403181552886963,0.148024320602417
500,1,45.24000000000001,5.800000000000001,1,1,1,10,0.17842340561602146,0.6799934325441888,0.7893674443318637,0.6591405868530273,0.1514897346496582
500,1,45.24000000000001,5.800000000000001,1,1,1,11,0.17765886027536207,0.7447225838318103,0.8230105475271865,0.6885409355163574,0.14778614044189453
500,1,45.24000000000001,5.800000000000001,1,1,1,12,0.1792933610607917,0.7459379483403761,0.8157343988469862,0.8471276760101318,0.18962550163269043
500,1,45.24000000000001,5.800000000000001,1,1,1,13,0.19297212361111152,0.6785328460174331,0.8472554010100145,0.7588272094726562,0.12048935890197754
500,1,45.24000000000001,5.800000000000001,1,1,1,14,0.14791384693290965,0.6656884386288066,0.7353869036735017,0.5969417095184326,0.13370275497436523
500,1,45.24000000000001,5.800000000000001,1,1,1,15,0.16142568736223653,0.6637673111786757,0.7470060210884114,0.673722505569458,0.1465461254119873
500,1,45.24000000000001,5.800000000000001,1,1,1,16,0.1896027759402033,0.7279462992350376,0.832008460434316,0.6808404922485352,0.14214229583740234
500,1,45.24000000000001,5.800000000000001,1,1,1,17,0.17494779200779417,0.7379027475623147,0.7994055089866261,0.796278715133667,0.1388988494873047
500,1,45.24000000000001,5.800000000000001,1,1,1,18,0.17415418036399646,0.7244617417954828,0.7780020953149737,0.6227107048034668,0.14061808586120605
500,1,45.24000000000001,5.800000000000001,1,1,1,19,0.1630643356440302,0.6717353637812511,0.7516268228912406,0.6524019241333008,0.15800762176513672
500,1,45.24000000000001,5.800000000000001,1,1,1,20,0.1809260300996977,0.7959237794546146,0.8360516456978178,0.7146492004394531,0.13820624351501465
500,1,45.24000000000001,5.800000000000001,1,1,1,21,0.18948375499342862,0.685770912114227,0.839158590912621,0.6902472972869873,0.16919302940368652
500,1,45.24000000000001,5.800000000000001,1,1,1,22,0.1551150755628224,0.7460755620756648,0.8379032070414669,0.6528427600860596,0.14675307273864746
500,1,45.24000000000001,5.800000000000001,1,1,1,23,0.15944818307124134,0.7262473958577881,0.7999693227424589,0.5976176261901855,0.16025090217590332
500,1,45.24000000000001,5.800000000000001,1,1,1,24,0.17309648802061312,0.686419352312171,0.7864932039916377,0.7369513511657715,0.1533195972442627
500,1,48.0,6.0,1,1,1,0,0.17238570075216517,0.813027846935777,0.8425057607419661,0.620739221572876,0.13547229766845703
500,1,48.0,6.0,1,1,1,1,0.17546899758674156,0.687931462702828,0.7633238715872996,0.8250784873962402,0.14925599098205566
500,1,48.0,6.0,1,1,1,2,0.1783405900913211,0.7299567066184134,0.8040854982122142,0.6555032730102539,0.1401815414428711
500,1,48.0,6.0,1,1,1,3,0.17557658184762928,0.7284232742385887,0.8650051907539871,0.6469683647155762,0.13419675827026367
500,1,48.0,6.0,1,1,1,4,0.1713785193891553,0.7044619199722659,0.768940099625183,0.6395201683044434,0.1490335464477539
500,1,48.0,6.0,1,1,1,5,0.17806325363558007,0.6290293827588945,0.7780285063261256,0.8822879791259766,0.1587066650390625
500,1,48.0,6.0,1,1,1,6,0.18597956943859234,0.722045474963951,0.8137948499308681,0.7969381809234619,0.1731264591217041
500,1,48.0,6.0,1,1,1,7,0.17003679155806142,0.8059590489515897,0.9191655242170971,0.6579504013061523,0.12678742408752441
500,1,48.0,6.0,1,1,1,8,0.16317675477716176,0.7025842364809635,0.8622864412914298,0.6256515979766846,0.14753484725952148
500,1,48.0,6.0,1,1,1,9,0.22571081422432843,0.8184990573536726,0.9292038588774298,0.7151355743408203,0.13446331024169922
500,1,48.0,6.0,1,1,1,10,0.17323003084695465,0.7959282730027334,0.9013897332762992,0.6487762928009033,0.15708518028259277
500,1,48.0,6.0,1,1,1,11,0.1784964679382007,0.7911451034660588,0.838114081911865,0.6282312870025635,0.14524531364440918
500,1,48.0,6.0,1,1,1,12,0.17738553131035992,0.7070701658116527,0.7698450565607696,0.7272896766662598,0.12813401222229004
500,1,48.0,6.0,1,1,1,13,0.16968719242899516,0.7071091100603922,0.7756380213750121,0.6485230922698975,0.1519908905029297
500,1,48.0,6.0,1,1,1,14,0.19443221133171146,0.7464172684367971,0.838831865937606,0.6938199996948242,0.13247466087341309
500,1,48.0,6.0,1,1,1,15,0.18379409106081257,0.7583956071948845,0.8056929240808988,0.8115355968475342,0.15861749649047852
500,1,48.0,6.0,1,1,1,16,0.17049864870083853,0.8257004867771007,0.8801961888692225,0.6477007865905762,0.1356644630432129
500,1,48.0,6.0,1,1,1,17,0.1752052892364348,0.817376971449785,0.916308661972075,0.631117582321167,0.1577754020690918
500,1,48.0,6.0,1,1,1,18,0.1753473135919074,0.7233731180632594,0.7983584594547806,0.7286789417266846,0.11789894104003906
500,1,48.0,6.0,1,1,1,19,0.17459002686282019,0.8031082703890607,0.8919093294161751,0.6883914470672607,0.1437969207763672
500,1,48.0,6.0,1,1,1,20,0.18616163125022964,0.7287812386702677,0.7981771504428664,0.8775615692138672,0.167388916015625
500,1,48.0,6.0,1,1,1,21,0.16899486115141238,0.7619859860583682,0.8512115577861215,0.7119052410125732,0.14992809295654297
500,1,48.0,6.0,1,1,1,22,0.15625173632721165,0.6824956493829296,0.764641162938555,0.6912922859191895,0.1448061466217041
500,1,48.0,6.0,1,1,1,23,0.17309440634443415,0.8156119625323318,0.8857040346072166,0.6354691982269287,0.16025424003601074
500,1,48.0,6.0,1,1,1,24,0.18387497838180086,0.855615746831638,0.9025358396852018,0.6786825656890869,0.16709542274475098
500,1,50.839999999999996,6.2,1,1,1,0,0.19040867186718927,0.7481867088300068,0.8545217840222054,0.6378414630889893,0.15474557876586914
500,1,50.839999999999996,6.2,1,1,1,1,0.18861855337147695,0.6648401514119064,0.7714397249391582,0.7437047958374023,0.1131751537322998
500,1,50.839999999999996,6.2,1,1,1,2,0.16769804320513937,0.7589549193889714,0.8470889451423348,0.7112538814544678,0.1537034511566162
500,1,50.839999999999996,6.2,1,1,1,3,0.17506095255494325,0.8127028047281378,0.8840840911044332,0.6820013523101807,0.1449129581451416
500,1,50.839999999999996,6.2,1,1,1,4,0.2010433409783448,0.8871618704699004,0.9427571215927906,0.8074026107788086,0.16059088706970215
500,1,50.839999999999996,6.2,1,1,1,5,0.17576308761093315,0.761384095606652,0.8566387993027463,0.6912720203399658,0.12232589721679688
500,1,50.839999999999996,6.2,1,1,1,6,0.18646477037000667,0.7665751460015522,0.8465263949052675,0.636385440826416,0.15224790573120117
500,1,50.839999999999996,6.2,1,1,1,7,0.1724930814269808,0.7988954115983368,0.8605643472298123,0.7024376392364502,0.13337492942810059
500,1,50.839999999999996,6.2,1,1,1,8,0.18721847068289124,0.7995014106189997,0.8853440131986513,0.6221697330474854,0.15207767486572266
500,1,50.839999999999996,6.2,1,1,1,9,0.16809458992610213,0.8399816949617736,0.8927158609787482,0.8926758766174316,0.1429758071899414
500,1,50.839999999999996,6.2,1,1,1,10,0.18421678208039852,0.6977038971936151,0.7706156620072973,0.6475601196289062,0.16616511344909668
500,1,50.839999999999996,6.2,1,1,1,11,0.18614438800881133,0.9005166768862789,0.9945639078586379,0.7232956886291504,0.12868118286132812
500,1,50.839999999999996,6.2,1,1,1,12,0.1930843240355612,0.8111756263702146,0.8994040287606343,0.6976983547210693,0.13828134536743164
500,1,50.839999999999996,6.2,1,1,1,13,0.18175276401269366,0.668465937024811,0.7820934382016964,0.6184451580047607,0.14986395835876465
500,1,50.839999999999996,6.2,1,1,1,14,0.17489418661055794,0.7083589854416518,0.7818678112004381,0.8107964992523193,0.16271448135375977
500,1,50.839999999999996,6.2,1,1,1,15,0.1963627765841059,0.8210340881496381,0.8879258872102056,0.8763871192932129,0.1700122356414795
500,1,50.839999999999996,6.2,1,1,1,16,0.16528478592523616,0.964260584541201,1.0185994654291919,0.666496992111206,0.13582634925842285
500,1,50.839999999999996,6.2,1,1,1,17,0.17433580634205129,0.7293071878493376,0.8139580253257953,0.639348030090332,0.14681553840637207
500,1,50.839999999999996,6.2,1,1,1,18,0.191592593282252,0.7373000881018563,0.8220719115021929,0.7154219150543213,0.16576218605041504
500,1,50.839999999999996,6.2,1,1,1,19,0.15991104681715243,0.8647215632693467,0.9416726323445334,0.660494327545166,0.1497039794921875
500,1,50.839999999999996,6.2,1,1,1,20,0.16989102805856401,0.7712849303902126,0.9097346060266844,0.7384555339813232,0.11620926856994629
500,1,50.839999999999996,6.2,1,1,1,21,0.1759070155117428,0.7210738698458612,0.7750112880892117,0.5982916355133057,0.12838530540466309
500,1,50.839999999999996,6.2,1,1,1,22,0.19704011495390303,0.8090917859062757,0.8812786548078987,0.6014876365661621,0.15344929695129395
500,1,50.839999999999996,6.2,1,1,1,23,0.17982788381732848,0.8452322474924644,0.9352679090260225,0.8852176666259766,0.15515446662902832
500,1,50.839999999999996,6.2,1,1,1,24,0.1598689486421895,0.7168460899857143,0.8048350543357048,0.712756872177124,0.14589881896972656
500,1,53.760000000000005,6.4,1,1,1,0,0.15937330381865986,0.7886112136404947,0.8686655994112294,0.6292862892150879,0.14510488510131836
500,1,53.760000000000005,6.4,1,1,1,1,0.16599425184804983,0.812634674068133,0.9662926732165178,0.5900733470916748,0.1584024429321289
500,1,53.760000000000005,6.4,1,1,1,2,0.1584777888955051,0.8464760819032043,0.9139977087686679,0.6405792236328125,0.12635564804077148
500,1,53.760000000000005,6.4,1,1,1,3,0.1919483918821431,0.8698570167821529,0.913451261151345,0.887021541595459,0.1746053695678711
500,1,53.760000000000005,6.4,1,1,1,4,0.2038618412259673,0.9440365623005947,1.034015145441751,0.6640350818634033,0.10558605194091797
500,1,53.760000000000005,6.4,1,1,1,5,0.1729220864226123,0.7387533015645413,0.8215524254275478,0.6346039772033691,0.15686607360839844
500,1,53.760000000000005,6.4,1,1,1,6,0.17832543348243945,0.8095039485039229,0.9224700201144506,0.6464705467224121,0.14295315742492676
500,1,53.760000000000005,6.4,1,1,1,7,0.19678357959983597,0.7908479763198358,0.8933880516874944,0.7295217514038086,0.126725435256958
500,1,53.760000000000005,6.4,1,1,1,8,0.15748643016850844,0.9128381217006645,1.0003050697909541,0.9865221977233887,0.1768970489501953
500,1,53.760000000000005,6.4,1,1,1,9,0.15954699051442975,0.7609804724488912,0.817036401158163,0.6884002685546875,0.1385042667388916
500,1,53.760000000000005,6.4,1,1,1,10,0.1611562871991896,0.7454656455596859,0.8284580420723356,0.6434628963470459,0.12585973739624023
500,1,53.760000000000005,6.4,1,1,1,11,0.16684263837339397,0.8458408910540297,0.9281985853354441,0.650808572769165,0.1561899185180664
500,1,53.760000000000005,6.4,1,1,1,12,0.1676412375525489,0.748883579875624,0.8769591412184702,0.6984505653381348,0.13278627395629883
500,1,53.760000000000005,6.4,1,1,1,13,0.21645057199356002,0.8081581146490668,0.9032265720342187,0.8094527721405029,0.13827800750732422
500,1,53.760000000000005,6.4,1,1,1,14,0.16429992747512143,0.8556968966973292,0.9571223318026216,0.6244523525238037,0.15818309783935547
500,1,53.760000000000005,6.4,1,1,1,15,0.17768367458499815,0.7271455352687727,0.7879186847453482,0.6755602359771729,0.13363409042358398
500,1,53.760000000000005,6.4,1,1,1,16,0.1709966253046979,0.7867737957551907,0.9360816993129284,0.6986651420593262,0.13539767265319824
500,1,53.760000000000005,6.4,1,1,1,17,0.17877072259860086,0.9175604847370636,0.9694305920523751,0.8073875904083252,0.17699027061462402
500,1,53.760000000000005,6.4,1,1,1,18,0.20362702379931266,0.815860552235509,0.8716609141969733,0.6215689182281494,0.1582200527191162
500,1,53.760000000000005,6.4,1,1,1,19,0.18280149016521663,0.8199092683997926,0.9050186279364628,0.7237539291381836,0.11274528503417969
500,1,53.760000000000005,6.4,1,1,1,20,0.17287582528997525,0.7931063256994266,0.8800066417622545,0.6425685882568359,0.12206292152404785
500,1,53.760000000000005,6.4,1,1,1,21,0.23190926967695133,0.8368179111262531,0.9058723556636025,0.6923787593841553,0.13685870170593262
500,1,53.760000000000005,6.4,1,1,1,22,0.18143111358099617,0.726982380896713,0.820400211184652,0.8127593994140625,0.1676936149597168
500,1,53.760000000000005,6.4,1,1,1,23,0.17152025175520738,0.771393479366446,0.8265664527859362,0.6724021434783936,0.11907148361206055
500,1,53.760000000000005,6.4,1,1,1,24,0.16449441948982374,0.8825848153803287,1.0081848214258815,0.5795707702636719,0.12714695930480957
500,1,56.76000000000001,6.6000000000000005,1,1,1,0,0.1743309191471512,0.9126000365849049,0.9749148385216106,0.7836489677429199,0.15346765518188477
500,1,56.76000000000001,6.6000000000000005,1,1,1,1,0.17679642111918262,0.7862956382043516,0.8575437437162938,0.8451178073883057,0.16470980644226074
500,1,56.76000000000001,6.6000000000000005,1,1,1,2,0.1663400432103224,0.9123680940611448,1.0172097127924535,0.7842583656311035,0.1056675910949707
500,1,56.76000000000001,6.6000000000000005,1,1,1,3,0.18338577427766878,0.8211887952746958,0.8662795462690825,0.625603437423706,0.1414346694946289
500,1,56.76000000000001,6.6000000000000005,1,1,1,4,0.179127236350711,0.8523383772178253,0.9351167621581143,0.6347723007202148,0.12624526023864746
500,1,56.76000000000001,6.6000000000000005,1,1,1,5,0.1619413431245946,0.966629847854135,1.0746083137280693,0.7421972751617432,0.13834238052368164
500,1,56.76000000000001,6.6000000000000005,1,1,1,6,0.18641096625698186,0.7305416758092697,0.8454659939801104,0.6874306201934814,0.17328286170959473
500,1,56.76000000000001,6.6000000000000005,1,1,1,7,0.17349557729323284,0.8487972789285588,0.9400323350931918,0.6604156494140625,0.14992427825927734
500,1,56.76000000000001,6.6000000000000005,1,1,1,8,0.17613154079168536,0.825356190941409,0.9276327482452513,0.6668431758880615,0.13741731643676758
500,1,56.76000000000001,6.6000000000000005,1,1,1,9,0.17888020280017575,0.7977422144418926,0.8897067975830872,0.7211551666259766,0.15033888816833496
500,1,56.76000000000001,6.6000000000000005,1,1,1,10,0.19654042111118605,0.8315248067099891,0.9003919606669158,0.657210111618042,0.15077781677246094
500,1,56.76000000000001,6.6000000000000005,1,1,1,11,0.16919305089011147,0.8261463429664848,0.8993643828826591,0.8420376777648926,0.15593671798706055
500,1,56.76000000000001,6.6000000000000005,1,1,1,12,0.18213022224833725,0.863891870882747,0.9199030235719331,0.7318987846374512,0.12373757362365723
500,1,56.76000000000001,6.6000000000000005,1,1,1,13,0.19590585756719128,0.7990029472732094,0.9202237520319001,0.6200375556945801,0.14467573165893555
500,1,56.76000000000001,6.6000000000000005,1,1,1,14,0.17304552918548102,0.8668139742830085,0.9454190143766795,0.6494050025939941,0.15140438079833984
500,1,56.76000000000001,6.6000000000000005,1,1,1,15,0.16737571018614844,0.8283555199149382,0.9116857571727798,0.720468282699585,0.13263964653015137
500,1,56.76000000000001,6.6000000000000005,1,1,1,16,0.185500737891016,0.829836029724892,0.8823298941427633,0.8712100982666016,0.16341304779052734
500,1,56.76000000000001,6.6000000000000005,1,1,1,17,0.19564483629315763,0.745711556425832,0.8206873918746177,0.6693825721740723,0.16599559783935547
500,1,56.76000000000001,6.6000000000000005,1,1,1,18,0.18865707734439055,0.8133788087148107,0.9230743306040772,0.7956469058990479,0.13773560523986816
500,1,56.76000000000001,6.6000000000000005,1,1,1,19,0.17748108746290725,0.7776878076435098,0.8905847068255373,0.6164581775665283,0.12946367263793945
500,1,56.76000000000001,6.6000000000000005,1,1,1,20,0.19530406447559673,0.8701192040324489,0.9187820297836443,0.8773438930511475,0.16434073448181152
500,1,56.76000000000001,6.6000000000000005,1,1,1,21,0.16818662928488798,0.7964492259411767,0.8596206919470701,0.6522116661071777,0.14231252670288086
500,1,56.76000000000001,6.6000000000000005,1,1,1,22,0.18171886497681752,0.8508796115686563,0.8744576193741472,0.6862702369689941,0.14414620399475098
500,1,56.76000000000001,6.6000000000000005,1,1,1,23,0.1652044020418744,0.9085408171526952,1.0006657040196854,0.6367404460906982,0.1087186336517334
500,1,56.76000000000001,6.6000000000000005,1,1,1,24,0.17779394799685017,0.79964523400999,0.8589139142983535,0.6214098930358887,0.15432143211364746
500,1,59.84000000000001,6.800000000000001,1,1,1,0,0.16974631523488762,0.8777977121264428,1.017582147708868,0.8223586082458496,0.16638398170471191
500,1,59.84000000000001,6.800000000000001,1,1,1,1,0.1705694759738963,0.8352759103038043,0.8963204844126617,0.701608419418335,0.1412665843963623
500,1,59.84000000000001,6.800000000000001,1,1,1,2,0.1765960021950973,0.7856570240764311,0.8371560053295515,0.5786349773406982,0.14374804496765137
500,1,59.84000000000001,6.800000000000001,1,1,1,3,0.20247360571890297,0.758533802849822,0.8393827023392,0.6181845664978027,0.1370072364807129
500,1,59.84000000000001,6.800000000000001,1,1,1,4,0.20441719122802612,0.9315830557760506,0.9542874736109026,0.7248728275299072,0.1129448413848877
500,1,59.84000000000001,6.800000000000001,1,1,1,5,0.1996677935424787,0.8103771866760971,0.9485793641117726,0.8294949531555176,0.16438579559326172
500,1,59.84000000000001,6.800000000000001,1,1,1,6,0.17172591175092458,0.8518422676328232,1.0080757409751284,0.6503479480743408,0.11363863945007324
500,1,59.84000000000001,6.800000000000001,1,1,1,7,0.1772746002168375,0.877797467987891,0.9477219627640534,0.6497795581817627,0.15510869026184082
500,1,59.84000000000001,6.800000000000001,1,1,1,8,0.18116175603233106,0.8119473477464025,0.9343807290642496,0.7200477123260498,0.14634227752685547
500,1,59.84000000000001,6.800000000000001,1,1,1,9,0.1870623074011516,0.8252825357055771,0.9294668866376057,0.6409659385681152,0.14894986152648926
500,1,59.84000000000001,6.800000000000001,1,1,1,10,0.17015169067130206,0.8860072320011557,0.9650178364515484,0.8608310222625732,0.16390514373779297
500,1,59.84000000000001,6.800000000000001,1,1,1,11,0.17905797249583277,0.8430824276887912,0.9207882412330269,0.8324720859527588,0.15244340896606445
500,1,59.84000000000001,6.800000000000001,1,1,1,12,0.17982197117683066,0.9100167891127244,0.964643410815617,0.6897287368774414,0.1237645149230957
500,1,59.84000000000001,6.800000000000001,1,1,1,13,0.17076157049507734,0.845876039382882,0.9472811174348861,0.631706953048706,0.11061310768127441
500,1,59.84000000000001,6.800000000000001,1,1,1,14,0.17761313888882596,0.8431167876443215,0.9258006905792684,0.8411517143249512,0.1619119644165039
500,1,59.84000000000001,6.800000000000001,1,1,1,15,0.1734172384161672,0.9003208029004107,0.980946286284033,0.6753160953521729,0.15860986709594727
500,1,59.84000000000001,6.800000000000001,1,1,1,16,0.18198399423285555,0.9076393853070515,0.9637652707043339,0.7065997123718262,0.12832355499267578
500,1,59.84000000000001,6.800000000000001,1,1,1,17,0.21109241730446884,0.957172995120971,1.00493023006575,0.5900330543518066,0.14590167999267578
500,1,59.84000000000001,6.800000000000001,1,1,1,18,0.19391606204669817,0.876765641335883,0.9060275195460943,0.6236858367919922,0.15317487716674805
500,1,59.84000000000001,6.800000000000001,1,1,1,19,0.16722671475324644,0.947865802522782,1.0134047857601256,0.8372952938079834,0.16826987266540527
500,1,59.84000000000001,6.800000000000001,1,1,1,20,0.21297903702320717,0.7396857113441317,0.8459310996047846,0.6715691089630127,0.14368891716003418
500,1,59.84000000000001,6.800000000000001,1,1,1,21,0.2276618323046587,0.9743280529085074,1.0414197747896623,0.6880662441253662,0.14433908462524414
500,1,59.84000000000001,6.800000000000001,1,1,1,22,0.1813822670020975,0.8740465857916495,0.9861197502397686,0.6135623455047607,0.14705777168273926
500,1,59.84000000000001,6.800000000000001,1,1,1,23,0.16481136461939114,1.052182641213328,1.1687627274307926,0.6246194839477539,0.14413118362426758
500,1,59.84000000000001,6.800000000000001,1,1,1,24,0.1876376894018283,1.0032077458020259,1.0963768164014132,0.8176045417785645,0.16472244262695312
500,1,63.0,7.0,1,1,1,0,0.17152415951115343,0.8223999336261346,0.8978499830137525,0.671931266784668,0.1492156982421875
500,1,63.0,7.0,1,1,1,1,0.16715183298080047,0.8711572877351241,0.9479175918718197,0.6389992237091064,0.13257455825805664
500,1,63.0,7.0,1,1,1,2,0.16118133258149794,0.8820446904182689,0.9473152740250946,0.654109001159668,0.14878129959106445
500,1,63.0,7.0,1,1,1,3,0.17521293881022929,0.8883020573886173,1.046724275904109,0.7233026027679443,0.1366596221923828
500,1,63.0,7.0,1,1,1,4,0.18892301000066328,0.8463102868684655,0.8996510603378377,0.8311398029327393,0.1762704849243164
500,1,63.0,7.0,1,1,1,5,0.16350155729018057,0.7815753710862192,0.8427392726045451,0.6899185180664062,0.12817168235778809
500,1,63.0,7.0,1,1,1,6,0.15965704584102733,0.8732452140277579,0.9580968063363532,0.6201472282409668,0.12975430488586426
500,1,63.0,7.0,1,1,1,7,0.1735472557207708,0.9471350503457194,1.0480523151894667,0.7637248039245605,0.1547245979309082
500,1,63.0,7.0,1,1,1,8,0.19111064079045373,0.8798582611801964,0.9947557538815023,0.8291308879852295,0.1631603240966797
500,1,63.0,7.0,1,1,1,9,0.18017323376802655,0.8490369352821877,0.9095078162966337,0.7361903190612793,0.12126803398132324
500,1,63.0,7.0,1,1,1,10,0.1735479100548652,0.8548259545299154,0.9664114739782809,0.6211752891540527,0.15360713005065918
500,1,63.0,7.0,1,1,1,11,0.1797727035284477,0.9722461061591766,1.0439787834976473,0.6915833950042725,0.13571548461914062
500,1,63.0,7.0,1,1,1,12,0.1786444710374509,0.96657798348566,1.0025744918022828,0.7083749771118164,0.13230180740356445
500,1,63.0,7.0,1,1,1,13,0.1885888167864807,0.8986901851121436,0.9491443219355491,0.9146230220794678,0.1644151210784912
500,1,63.0,7.0,1,1,1,14,0.18229095113876598,0.9478406405004092,0.9953365348782396,0.7026305198669434,0.15869450569152832
500,1,63.0,7.0,1,1,1,15,0.17048228638117996,0.90738373148725,0.975217241054124,0.7131357192993164,0.1464066505432129
500,1,63.0,7.0,1,1,1,16,0.16408659182177454,0.7812142848113073,0.8572475933088317,0.5837817192077637,0.12987637519836426
500,1,63.0,7.0,1,1,1,17,0.18275029860310776,0.7775307405361912,0.8577486030722223,0.6370964050292969,0.15474200248718262
500,1,63.0,7.0,1,1,1,18,0.16409656063708775,1.011014920445243,1.1391103739978352,0.8253085613250732,0.1341080665588379
500,1,63.0,7.0,1,1,1,19,0.17339148413797284,0.9808909305904998,1.0630932691000963,0.6198301315307617,0.14706039428710938
500,1,63.0,7.0,1,1,1,20,0.18839508266069066,0.8893206493023871,0.9840350157874019,0.6421020030975342,0.15362262725830078
500,1,63.0,7.0,1,1,1,21,0.18321388257263513,0.9326148422327407,1.0230824264091691,0.6131048202514648,0.1630868911743164
500,1,63.0,7.0,1,1,1,22,0.1807478852426474,0.9158262253417623,0.9937488396771463,0.8277373313903809,0.19300103187561035
500,1,63.0,7.0,1,1,1,23,0.17350865286089215,0.9370931046236279,0.9660708993668324,0.7065470218658447,0.13732099533081055
500,1,63.0,7.0,1,1,1,24,0.1668066885024198,0.8180039363768686,0.9178084576730833,0.6039314270019531,0.14341306686401367
500,1,66.24,7.2,1,1,1,0,0.19660287849820707,1.00853437035261,1.0376693723691548,0.602790355682373,0.148895263671875
500,1,66.24,7.2,1,1,1,1,0.17171165389166365,0.8931608219306808,1.0289988007855126,0.6397883892059326,0.1244661808013916
500,1,66.24,7.2,1,1,1,2,0.16236306514278193,0.8937419887334648,0.9809482534386531,0.802654504776001,0.17724347114562988
500,1,66.24,7.2,1,1,1,3,0.16988283828530557,0.8494337805694507,0.9040651021839154,0.6363956928253174,0.12075328826904297
500,1,66.24,7.2,1,1,1,4,0.1619794751714598,0.8412618864943436,0.9161682106724301,0.6710524559020996,0.137526273727417
500,1,66.24,7.2,1,1,1,5,0.19427414630040823,0.8456408681777721,0.8881004076879715,0.6998758316040039,0.13840603828430176
500,1,66.24,7.2,1,1,1,6,0.19407155440925128,0.8648091192824031,0.9555872908205856,0.6688189506530762,0.13132762908935547
500,1,66.24,7.2,1,1,1,7,0.16885319203384475,0.8769313502615792,0.9650795571791184,0.8552844524383545,0.16060495376586914
500,1,66.24,7.2,1,1,1,8,0.16859235038088455,0.9040688123445222,0.9832931876716603,0.5691037178039551,0.1528472900390625
500,1,66.24,7.2,1,1,1,9,0.16046370879093935,0.8330943113642885,0.955603792727247,0.6960532665252686,0.13092422485351562
500,1,66.24,7.2,1,1,1,10,0.15039928586090326,0.816928689648907,0.8894855605435505,0.6191990375518799,0.13382482528686523
500,1,66.24,7.2,1,1,1,11,0.19004428656607497,0.9008726144026183,0.9744696627111614,0.6288836002349854,0.14271306991577148
500,1,66.24,7.2,1,1,1,12,0.18533821089289096,1.0688442636221966,1.1798557610906613,0.886894941329956,0.13232660293579102
500,1,66.24,7.2,1,1,1,13,0.20549596202927867,0.8721829160389087,0.9853547939311613,0.7353079319000244,0.10876321792602539
500,1,66.24,7.2,1,1,1,14,0.16997735699621988,0.8544525569110006,0.9668969048779354,0.8439016342163086,0.17248964309692383
500,1,66.24,7.2,1,1,1,15,0.18828776953185547,0.9519146972714362,1.0437599733689973,0.6113429069519043,0.139495849609375
500,1,66.24,7.2,1,1,1,16,0.19420966109805435,0.9296633841012144,0.961912443187319,0.7743613719940186,0.17135977745056152
500,1,66.24,7.2,1,1,1,17,0.1662350303548095,0.7879842454442553,0.8818712839952494,0.6307783126831055,0.15184593200683594
500,1,66.24,7.2,1,1,1,18,0.19995241403450262,0.8546607103992233,0.9211283182432549,0.7170560359954834,0.12968158721923828
500,1,66.24,7.2,1,1,1,19,0.19066427771160774,0.8844757780938053,0.9853363458210292,0.6369044780731201,0.12569046020507812
500,1,66.24,7.2,1,1,1,20,0.17461939053770856,0.8345911626702484,0.9466477806241111,0.664160966873169,0.15134739875793457
500,1,66.24,7.2,1,1,1,21,0.18488723185239075,0.8692126800814409,0.9774889739324717,0.8371424674987793,0.1716933250427246
500,1,66.24,7.2,1,1,1,22,0.17673927566658518,1.0392014605008,1.0871436609467593,0.7594964504241943,0.10812020301818848
500,1,66.24,7.2,1,1,1,23,0.17126414819406996,0.8959132228379512,0.9699327509639639,0.6735546588897705,0.11948585510253906
500,1,66.24,7.2,1,1,1,24,0.17445336764881336,0.9368959122565643,1.0155490030885612,0.630558967590332,0.13826417922973633
500,1,69.56,7.4,1,1,1,0,0.19192266088168838,0.9980738223333379,1.0433399616644325,0.6578729152679443,0.1493082046508789
500,1,69.56,7.4,1,1,1,1,0.17245748805341574,0.8624666363053171,0.9186593418066263,0.8693680763244629,0.1563262939453125
500,1,69.56,7.4,1,1,1,2,0.2025642803482429,0.8324715748459875,0.9156618938871064,0.6168742179870605,0.12990713119506836
500,1,69.56,7.4,1,1,1,3,0.1780773266951106,0.9744164005698528,1.0605784916641812,0.6095907688140869,0.14991235733032227
500,1,69.56,7.4,1,1,1,4,0.18459194184919187,1.0247883486721558,1.1107039411541548,0.6298267841339111,0.14766883850097656
500,1,69.56,7.4,1,1,1,5,0.17178283849400422,0.9755530212358692,1.0601290765295308,0.7251043319702148,0.12778115272521973
500,1,69.56,7.4,1,1,1,6,0.17497698408041454,0.7686868486172617,0.8691618698589592,0.8324360847473145,0.14105534553527832
500,1,69.56,7.4,1,1,1,7,0.16587142332451776,0.8531970953063716,0.9364946279500366,0.8843328952789307,0.1577913761138916
500,1,69.56,7.4,1,1,1,8,0.20552163336931842,0.8790862716360895,0.9846962707034801,0.6336479187011719,0.15444111824035645
500,1,69.56,7.4,1,1,1,9,0.17651001436286812,0.8842068493714512,1.001911818196499,0.7305428981781006,0.13459086418151855
500,1,69.56,7.4,1,1,1,10,0.1662568383061757,0.9085722091959505,0.9645944499452607,0.7979342937469482,0.16588664054870605
500,1,69.56,7.4,1,1,1,11,0.18249253511635308,0.8978121089530561,0.9912769497820455,0.5985612869262695,0.12323808670043945
500,1,69.56,7.4,1,1,1,12,0.16070706433151666,0.8407816617650115,0.9511998199020981,0.69289231300354,0.1591322422027588
500,1,69.56,7.4,1,1,1,13,0.17127514754957893,0.9153738168310052,0.9815980760116518,0.7619102001190186,0.13120317459106445
500,1,69.56,7.4,1,1,1,14,0.17658634017419003,1.22752382391025,1.2646519818663406,0.6687512397766113,0.15288448333740234
500,1,69.56,7.4,1,1,1,15,0.19061202500713723,0.8992679155323126,0.9902412745731083,0.806912899017334,0.16036748886108398
500,1,69.56,7.4,1,1,1,16,0.16982152276922205,0.857506567582557,0.9654077317520532,0.6594202518463135,0.1293485164642334
500,1,69.56,7.4,1,1,1,17,0.1688623525268856,0.9852918576385686,1.0996930568894276,0.7234845161437988,0.13381505012512207
500,1,69.56,7.4,1,1,1,18,0.19026386228872486,0.9136826361346253,1.0343004973652314,0.6538503170013428,0.15909910202026367
500,1,69.56,7.4,1,1,1,19,0.16681568017213902,0.9613718289050247,1.0399512471508614,0.677208662033081,0.15481972694396973
500,1,69.56,7.4,1,1,1,20,0.1984371159968257,0.8388783366639124,0.9003952393273712,0.8013124465942383,0.17879915237426758
500,1,69.56,7.4,1,1,1,21,0.16846806213758658,0.8876483163211318,1.0055653644350855,0.6946234703063965,0.15009355545043945
500,1,69.56,7.4,1,1,1,22,0.17284457478284118,0.9010335708158927,0.9635774080898643,0.6207389831542969,0.14637517929077148
500,1,69.56,7.4,1,1,1,23,0.18338789075288944,0.9600403832422835,1.0671888081776857,0.6839816570281982,0.15234684944152832
500,1,69.56,7.4,1,1,1,24,0.1809092788238521,0.9381537369518608,1.02386893851487,0.7240831851959229,0.14433646202087402
500,1,72.96000000000002,7.6000000000000005,1,1,1,0,0.1557176742332079,0.9240446826270351,0.9980182596082141,0.817091703414917,0.1650834083557129
500,1,72.96000000000002,7.6000000000000005,1,1,1,1,0.17605744078734376,0.9372614289453218,1.0340911915626303,0.649742841720581,0.12550711631774902
500,1,72.96000000000002,7.6000000000000005,1,1,1,2,0.16816837720988387,1.0163746995557486,1.0766935907636876,0.6977071762084961,0.12563657760620117
500,1,72.96000000000002,7.6000000000000005,1,1,1,3,0.1981513043751872,1.192857949420538,1.2431860991317105,0.7109136581420898,0.13669252395629883
500,1,72.96000000000002,7.6000000000000005,1,1,1,4,0.16646021702768937,1.0165743755369843,1.1516768250378313,0.8567726612091064,0.15255975723266602
500,1,72.96000000000002,7.6000000000000005,1,1,1,5,0.16484407750414581,0.8945365676757356,1.0002711280927439,0.6373164653778076,0.14989995956420898
500,1,72.96000000000002,7.6000000000000005,1,1,1,6,0.1746770089431953,1.004745665393971,1.081744846721484,0.7363684177398682,0.1260056495666504
500,1,72.96000000000002,7.6000000000000005,1,1,1,7,0.16466153702616657,0.8912827461241933,0.9684424492242525,0.6941375732421875,0.1256580352783203
500,1,72.96000000000002,7.6000000000000005,1,1,1,8,0.21092176129170184,0.9062702283964492,1.0054680358224652,0.6496932506561279,0.15365242958068848
500,1,72.96000000000002,7.6000000000000005,1,1,1,9,0.17603363855218873,1.0240341540133329,1.0981451081489253,0.8200111389160156,0.17275428771972656
500,1,72.96000000000002,7.6000000000000005,1,1,1,10,0.1963491250695082,0.8278438167309278,0.9187453093183148,0.6909139156341553,0.13753962516784668
500,1,72.96000000000002,7.6000000000000005,1,1,1,11,0.16847746368644856,0.9159085083025915,0.9934124670523362,0.5811135768890381,0.12505197525024414
500,1,72.96000000000002,7.6000000000000005,1,1,1,12,0.20162203471387993,0.9609700206945172,0.9988974857174646,0.5864310264587402,0.15656280517578125
500,1,72.96000000000002,7.6000000000000005,1,1,1,13,0.1758077520593368,1.1965678077790711,1.2735370364009793,0.6637201309204102,0.13493824005126953
500,1,72.96000000000002,7.6000000000000005,1,1,1,14,0.1920649928318468,0.9049764026803294,0.9654403525881865,0.8585381507873535,0.1607680320739746
500,1,72.96000000000002,7.6000000000000005,1,1,1,15,0.1909103443526397,0.9549507211860528,1.0337907198792173,0.6507863998413086,0.12344670295715332
500,1,72.96000000000002,7.6000000000000005,1,1,1,16,0.1696577807894454,0.9034298595550093,0.9954293881328723,0.614177942276001,0.15569257736206055
500,1,72.96000000000002,7.6000000000000005,1,1,1,17,0.17091547721713427,0.9959532614431998,1.0650185583036849,0.6342196464538574,0.1492612361907959
500,1,72.96000000000002,7.6000000000000005,1,1,1,18,0.15371562642260433,0.9156116822808228,1.0436187300893554,0.7864139080047607,0.1626420021057129
500,1,72.96000000000002,7.6000000000000005,1,1,1,19,0.21147625961554,0.9781314594017,1.0422650308157178,0.7305076122283936,0.10659980773925781
500,1,72.96000000000002,7.6000000000000005,1,1,1,20,0.175302694700326,0.8913068094239204,0.991597243280604,0.5849885940551758,0.14300799369812012
500,1,72.96000000000002,7.6000000000000005,1,1,1,21,0.16898648644946682,0.990018522317338,1.0866054173594284,0.6712632179260254,0.13568878173828125
500,1,72.96000000000002,7.6000000000000005,1,1,1,22,0.21987752051626294,0.9488020216968444,1.0460484902150395,0.6871705055236816,0.10361528396606445
500,1,72.96000000000002,7.6000000000000005,1,1,1,23,0.19193749206511224,0.9224394934879369,1.053092668437315,0.7651448249816895,0.16586995124816895
500,1,72.96000000000002,7.6000000000000005,1,1,1,24,0.17361824234212703,1.1101863361527822,1.158683531120405,0.5939087867736816,0.13062191009521484
500,1,76.44000000000001,7.800000000000001,1,1,1,0,0.18607426515175243,0.9530463469698207,1.0058867729977654,0.6002702713012695,0.15572404861450195
500,1,76.44000000000001,7.800000000000001,1,1,1,1,0.1746359144343105,0.9965044375429322,1.0858465400305088,0.6560447216033936,0.13227319717407227
500,1,76.44000000000001,7.800000000000001,1,1,1,2,0.21705505074813342,1.0098263108865626,1.0949975797233555,0.670290470123291,0.1558847427368164
500,1,76.44000000000001,7.800000000000001,1,1,1,3,0.18733123338139238,0.8691330312998632,0.9551122852552186,0.8394861221313477,0.16948986053466797
500,1,76.44000000000001,7.800000000000001,1,1,1,4,0.18062104624094802,1.023173418837146,1.1327700242714598,0.6600115299224854,0.1444852352142334
500,1,76.44000000000001,7.800000000000001,1,1,1,5,0.17422043326412426,0.9392189098271642,1.0266470867477238,0.7253432273864746,0.12515020370483398
500,1,76.44000000000001,7.800000000000001,1,1,1,6,0.18650922953556473,0.9510555373206617,1.0210725518226027,0.6323516368865967,0.12437677383422852
500,1,76.44000000000001,7.800000000000001,1,1,1,7,0.16214741422225065,1.0499065533686245,1.1021804797611845,0.711158037185669,0.11272549629211426
500,1,76.44000000000001,7.800000000000001,1,1,1,8,0.17596626377495134,1.216882494936654,1.2886341999279896,0.8461196422576904,0.1661059856414795
500,1,76.44000000000001,7.800000000000001,1,1,1,9,0.19325957268202973,1.077329469975505,1.1302249638669646,0.6069736480712891,0.14888477325439453
500,1,76.44000000000001,7.800000000000001,1,1,1,10,0.21347373661303373,0.9089070083003462,0.978444025235164,0.8363263607025146,0.15422987937927246
500,1,76.44000000000001,7.800000000000001,1,1,1,11,0.1842330673540982,0.9286309151811718,0.9910311196666426,0.7803211212158203,0.1605226993560791
500,1,76.44000000000001,7.800000000000001,1,1,1,12,0.15242460320504403,1.0688216270542035,1.1816152816652232,0.8661665916442871,0.15824294090270996
500,1,76.44000000000001,7.800000000000001,1,1,1,13,0.1801605531900074,0.884137655455164,0.958371461206764,0.7343730926513672,0.12525057792663574
500,1,76.44000000000001,7.800000000000001,1,1,1,14,0.1884836563139757,0.9020278613691205,1.0462557783529423,0.6470315456390381,0.11218476295471191
500,1,76.44000000000001,7.800000000000001,1,1,1,15,0.18148355929087662,0.9608054873648053,1.0670104671365044,0.6370201110839844,0.1456899642944336
500,1,76.44000000000001,7.800000000000001,1,1,1,16,0.1655832813385945,0.8682194492623955,0.979018685932075,0.6626663208007812,0.1280519962310791
500,1,76.44000000000001,7.800000000000001,1,1,1,17,0.1607879460581896,1.1353153894736918,1.1771159700777338,0.8016905784606934,0.13328766822814941
500,1,76.44000000000001,7.800000000000001,1,1,1,18,0.209816664923027,1.1513448155362147,1.303856273298655,0.6944236755371094,0.12802338600158691
500,1,76.44000000000001,7.800000000000001,1,1,1,19,0.17931566712212493,0.9200460958731959,0.993487750999495,0.6864755153656006,0.1328291893005371
500,1,76.44000000000001,7.800000000000001,1,1,1,20,0.2005067550048824,0.8798522397963817,0.9709813933816867,0.6299536228179932,0.15932798385620117
500,1,76.44000000000001,7.800000000000001,1,1,1,21,0.16435632204238096,1.0959343417617307,1.1553835957846081,0.6920924186706543,0.16388702392578125
500,1,76.44000000000001,7.800000000000001,1,1,1,22,0.19404171145333904,1.0066277852111702,1.1034870765092666,0.6659698486328125,0.14341449737548828
500,1,76.44000000000001,7.800000000000001,1,1,1,23,0.17367847138846187,0.9254311407890147,1.0161421332954497,0.7072577476501465,0.11815357208251953
500,1,76.44000000000001,7.800000000000001,1,1,1,24,0.1732066897254513,0.8667875163725347,0.9842218660597425,0.5975964069366455,0.14341330528259277
