n,s1,1_p_s2,s2,beta,q,sqrt_q,rep_no,eigen_mat_rerr,eigen_mat_terr,eigen_mat_gerr,eigen_mat_ev_time,eigen_mat_cal_translation_time
500,1,0.0,0.0,1,1,1,0,0.17056077240824125,0.1483722671840348,0.30763193240347947,0.35344552993774414,0.07999777793884277
500,1,0.0,0.0,1,1,1,1,0.17720920141087537,0.15583704440675186,0.3104224505782376,0.5332322120666504,0.11950421333312988
500,1,0.0,0.0,1,1,1,2,0.163409326382013,0.12063847001330966,0.2526902092557936,0.5452425479888916,0.12206649780273438
500,1,0.0,0.0,1,1,1,3,0.1713193424071492,0.16727755121923568,0.30378296498851776,0.6071927547454834,0.130537748336792
500,1,0.0,0.0,1,1,1,4,0.18400390016322105,0.14031529792971711,0.31072496696254975,0.7417740821838379,0.15348434448242188
500,1,0.0,0.0,1,1,1,5,0.16818504338449408,0.14540686975968825,0.2823378985616494,0.5812461376190186,0.1235201358795166
500,1,0.0,0.0,1,1,1,6,0.18409925882451095,0.16013830240600663,0.31771583659379277,0.5282516479492188,0.12720870971679688
500,1,0.0,0.0,1,1,1,7,0.20185167053586267,0.14915674968065062,0.2963180448130688,0.6474752426147461,0.1325078010559082
500,1,0.0,0.0,1,1,1,8,0.21228732410071663,0.12985406984843964,0.28318748977567915,0.5626881122589111,0.12251996994018555
500,1,0.0,0.0,1,1,1,9,0.16813020894056532,0.12152509620624154,0.26989200170051103,0.76491379737854,0.1565546989440918
500,1,0.0,0.0,1,1,1,10,0.15897513313715195,0.16438667011900193,0.30725613836484567,0.6047425270080566,0.1125328540802002
500,1,0.0,0.0,1,1,1,11,0.17212590436709588,0.13479310503308978,0.2958442939337805,0.523719310760498,0.12404966354370117
500,1,0.0,0.0,1,1,1,12,0.1888723479283642,0.21527855339239196,0.40370301093099187,0.5672621726989746,0.12554192543029785
500,1,0.0,0.0,1,1,1,13,0.19494071109868474,0.13410272132638001,0.27615396816370397,0.6002099514007568,0.11352396011352539
500,1,0.0,0.0,1,1,1,14,0.19971780991525087,0.1371472751760832,0.33686508509133406,0.777550458908081,0.16072845458984375
500,1,0.0,0.0,1,1,1,15,0.2007617453487588,0.13683703544748074,0.26977789841148175,0.5352537631988525,0.11505126953125
500,1,0.0,0.0,1,1,1,16,0.17848546481920208,0.15193070254133043,0.2888058791043179,0.5139412879943848,0.12505316734313965
500,1,0.0,0.0,1,1,1,17,0.1695509195070615,0.11252340069023276,0.2407991619466245,0.5161237716674805,0.12008309364318848
500,1,0.0,0.0,1,1,1,18,0.19053631664627865,0.11358509459875449,0.2563571662285464,0.561474084854126,0.12757372856140137
500,1,0.0,0.0,1,1,1,19,0.16127909793599518,0.1329689294839358,0.25771682665290646,0.7185306549072266,0.15552997589111328
500,1,0.0,0.0,1,1,1,20,0.17276921645852975,0.15055275528878756,0.28641111967125554,0.5607619285583496,0.12503838539123535
500,1,0.0,0.0,1,1,1,21,0.16759297221647523,0.1200763903653235,0.2645485474318246,0.5964381694793701,0.1235659122467041
500,1,0.0,0.0,1,1,1,22,0.19597919394305746,0.13675167061216204,0.33180531520284606,0.5203268527984619,0.10651874542236328
500,1,0.0,0.0,1,1,1,23,0.1670199373415875,0.1258983585460819,0.2569618910489466,0.5143165588378906,0.11151862144470215
500,1,0.0,0.0,1,1,1,24,0.1749117109768914,0.16752773438307098,0.32450713211287896,0.5695962905883789,0.14516639709472656
500,1,0.1236,0.06,1,1,1,0,0.20825539101592166,0.1296747159461185,0.31874135500668244,0.6296525001525879,0.1749880313873291
500,1,0.1236,0.06,1,1,1,1,0.17967334735438564,0.16555651142759129,0.295617989384411,0.5941586494445801,0.12312698364257812
500,1,0.1236,0.06,1,1,1,2,0.1669240274139417,0.16471397820544206,0.2948692111787,0.5143535137176514,0.11207747459411621
500,1,0.1236,0.06,1,1,1,3,0.2012689731696487,0.1295651788466423,0.2800849251244919,0.5288231372833252,0.12358903884887695
500,1,0.1236,0.06,1,1,1,4,0.16180400089823066,0.14924328951630783,0.29747713454595903,0.5561168193817139,0.14830565452575684
500,1,0.1236,0.06,1,1,1,5,0.22648416730557663,0.16275754313604185,0.37683481416382075,0.5479016304016113,0.11490511894226074
500,1,0.1236,0.06,1,1,1,6,0.17238942255528203,0.15944427910559256,0.3161510141937194,0.5270740985870361,0.12132430076599121
500,1,0.1236,0.06,1,1,1,7,0.16754729633758964,0.16331688587872403,0.3271127327545128,0.5499799251556396,0.12050247192382812
500,1,0.1236,0.06,1,1,1,8,0.16888009301948648,0.14829562849727276,0.30187197826744816,0.580223560333252,0.11010432243347168
500,1,0.1236,0.06,1,1,1,9,0.18199676148473368,0.12045942949514826,0.261299585990225,0.5224919319152832,0.1035451889038086
500,1,0.1236,0.06,1,1,1,10,0.1717908956993382,0.1239832044158446,0.29168214439453843,0.7551355361938477,0.13305449485778809
500,1,0.1236,0.06,1,1,1,11,0.1722672580385331,0.13555585886430271,0.29283484740030663,0.5116255283355713,0.1209712028503418
500,1,0.1236,0.06,1,1,1,12,0.17155846347000675,0.14939865115791937,0.3209571146279261,0.5042312145233154,0.11898207664489746
500,1,0.1236,0.06,1,1,1,13,0.1755127439156268,0.11228006595340999,0.28473583034146754,0.5019533634185791,0.11803317070007324
500,1,0.1236,0.06,1,1,1,14,0.19633619169696234,0.1406794996474675,0.31427818454980727,0.5681304931640625,0.12451958656311035
500,1,0.1236,0.06,1,1,1,15,0.1641111901917961,0.12520295112501795,0.26158908185295615,0.7639002799987793,0.15343499183654785
500,1,0.1236,0.06,1,1,1,16,0.165937916080379,0.15557211286898018,0.30303917324881313,0.5373501777648926,0.11436104774475098
500,1,0.1236,0.06,1,1,1,17,0.17328585952408604,0.114233741897034,0.2725313989797717,0.5947818756103516,0.11652445793151855
500,1,0.1236,0.06,1,1,1,18,0.18695059289068713,0.12022648101065203,0.30073066444220575,0.5576813220977783,0.11350202560424805
500,1,0.1236,0.06,1,1,1,19,0.17052165837705624,0.11768730928023065,0.25506909519458315,0.5760290622711182,0.12952566146850586
500,1,0.1236,0.06,1,1,1,20,0.1829673869454013,0.12031891020673408,0.26032512854079604,0.8865814208984375,0.1869819164276123
500,1,0.1236,0.06,1,1,1,21,0.18234399557312497,0.13223745530243197,0.2812447917708696,0.6002039909362793,0.11652994155883789
500,1,0.1236,0.06,1,1,1,22,0.14626285054945293,0.13427294782392443,0.24979994491392116,0.5623648166656494,0.12203693389892578
500,1,0.1236,0.06,1,1,1,23,0.18910485066629637,0.11156154823246545,0.26260338650883325,0.516930103302002,0.1225125789642334
500,1,0.1236,0.06,1,1,1,24,0.19001475531308956,0.1320497177585339,0.3018039889639683,0.5917634963989258,0.1300673484802246
500,1,0.2544,0.12,1,1,1,0,0.15829652891834864,0.1411845043539185,0.2681180091325992,0.7511889934539795,0.1556243896484375
500,1,0.2544,0.12,1,1,1,1,0.18285267210604403,0.12655501940433245,0.25549263880677087,0.5492639541625977,0.11917853355407715
500,1,0.2544,0.12,1,1,1,2,0.1983273086582345,0.15293642319872236,0.3348250003516372,0.6374709606170654,0.13471174240112305
500,1,0.2544,0.12,1,1,1,3,0.17656471192813128,0.1667073225776046,0.30413556227260363,0.5198183059692383,0.12697362899780273
500,1,0.2544,0.12,1,1,1,4,0.17426117496204116,0.14052131551363123,0.2834676140081303,0.5743839740753174,0.12204527854919434
500,1,0.2544,0.12,1,1,1,5,0.18853257585995517,0.14891207972552312,0.30138875252572017,0.7160100936889648,0.16282963752746582
500,1,0.2544,0.12,1,1,1,6,0.16550754619208455,0.13142004782630737,0.24972846926332218,0.5686709880828857,0.1280381679534912
500,1,0.2544,0.12,1,1,1,7,0.17267824956609382,0.13588940915123998,0.2850099159217344,0.57462477684021,0.11506414413452148
500,1,0.2544,0.12,1,1,1,8,0.2024367908684793,0.12710894326831818,0.30743399235570723,0.5191829204559326,0.11550021171569824
500,1,0.2544,0.12,1,1,1,9,0.17699649241233373,0.1537817124382491,0.3164080341524023,0.5189681053161621,0.10351681709289551
500,1,0.2544,0.12,1,1,1,10,0.16719029235301733,0.14433617219089467,0.283602777406069,0.7400357723236084,0.15853023529052734
500,1,0.2544,0.12,1,1,1,11,0.18394980364314475,0.1515572146550612,0.28045040570437574,0.5142273902893066,0.10951948165893555
500,1,0.2544,0.12,1,1,1,12,0.16390933983415992,0.1610379574819069,0.32454982592459186,0.5025944709777832,0.11974835395812988
500,1,0.2544,0.12,1,1,1,13,0.16555897124844599,0.10859802186217044,0.2366882326684308,0.5208909511566162,0.12256431579589844
500,1,0.2544,0.12,1,1,1,14,0.17285976515506585,0.12265257949586188,0.29037568256822155,0.7888839244842529,0.11812782287597656
500,1,0.2544,0.12,1,1,1,15,0.17764200585450196,0.1263997728161289,0.28114736784876326,0.7882993221282959,0.15453290939331055
500,1,0.2544,0.12,1,1,1,16,0.1804953650677183,0.1194984632945569,0.2886208819405193,0.5122370719909668,0.12348508834838867
500,1,0.2544,0.12,1,1,1,17,0.17086075310928456,0.11723877572584801,0.28809952883513257,0.5341503620147705,0.12651658058166504
500,1,0.2544,0.12,1,1,1,18,0.15669140478278842,0.14430460224146985,0.2850153083278423,0.5902540683746338,0.10953950881958008
500,1,0.2544,0.12,1,1,1,19,0.18665246716321265,0.1164318230201394,0.28172947139234855,0.5874114036560059,0.11249876022338867
500,1,0.2544,0.12,1,1,1,20,0.1875200474891353,0.1375932503185376,0.2883690393282884,0.7136611938476562,0.15723896026611328
500,1,0.2544,0.12,1,1,1,21,0.17813505089080245,0.12232725860501446,0.2798652040376678,0.5887939929962158,0.12012863159179688
500,1,0.2544,0.12,1,1,1,22,0.18830088043194143,0.1442163319379119,0.2637353731740245,0.5085039138793945,0.11552047729492188
500,1,0.2544,0.12,1,1,1,23,0.16901367281269916,0.1257994488246129,0.26695092512936297,0.5000483989715576,0.11851882934570312
500,1,0.2544,0.12,1,1,1,24,0.17806496572873606,0.16829923923519607,0.30789206058454976,0.5008571147918701,0.1195211410522461
500,1,0.3924,0.18,1,1,1,0,0.19617871295368672,0.14387299098419468,0.33761207445139807,0.5816757678985596,0.1440870761871338
500,1,0.3924,0.18,1,1,1,1,0.173654075372858,0.1422362651467441,0.27336757695459785,0.5220520496368408,0.1185295581817627
500,1,0.3924,0.18,1,1,1,2,0.16305441691879666,0.132201468066961,0.25962843036070204,0.5532741546630859,0.13052749633789062
500,1,0.3924,0.18,1,1,1,3,0.18640583453650786,0.14059362078914903,0.29275491653464125,0.6202182769775391,0.11902427673339844
500,1,0.3924,0.18,1,1,1,4,0.1625653768192887,0.13452935328314214,0.27546535490758484,0.501666784286499,0.11852097511291504
500,1,0.3924,0.18,1,1,1,5,0.18708874524656016,0.18544274633803215,0.3725314915845923,0.5282220840454102,0.11526060104370117
500,1,0.3924,0.18,1,1,1,6,0.1847270452218193,0.12413786804411177,0.2813885195333512,0.6992731094360352,0.12050819396972656
500,1,0.3924,0.18,1,1,1,7,0.19286490008452775,0.147884623985456,0.28347809092152976,0.5243427753448486,0.11651301383972168
500,1,0.3924,0.18,1,1,1,8,0.20082581617128348,0.13831986711695127,0.3088149917650198,0.770517110824585,0.1636795997619629
500,1,0.3924,0.18,1,1,1,9,0.17894446113372112,0.1949210539271802,0.3683974360532971,0.5285828113555908,0.11952352523803711
500,1,0.3924,0.18,1,1,1,10,0.1983314005202065,0.1698730834285504,0.3487267653555607,0.5751795768737793,0.12506628036499023
500,1,0.3924,0.18,1,1,1,11,0.17091813689585406,0.13023916423166432,0.2854755251833727,0.6067831516265869,0.10452795028686523
500,1,0.3924,0.18,1,1,1,12,0.196028814203474,0.12823953281063155,0.31643522920649747,0.7386002540588379,0.13803625106811523
500,1,0.3924,0.18,1,1,1,13,0.1635684286135428,0.2287086359559244,0.38239577574901984,0.64666748046875,0.12162351608276367
500,1,0.3924,0.18,1,1,1,14,0.16992173219129034,0.13890515660052646,0.2937156042339226,0.6896295547485352,0.14252829551696777
500,1,0.3924,0.18,1,1,1,15,0.18308732492736376,0.1466124841470308,0.3010199994537037,0.8146109580993652,0.17360305786132812
500,1,0.3924,0.18,1,1,1,16,0.18435463394947071,0.1551839025580621,0.3114229227713876,0.708876371383667,0.12604022026062012
500,1,0.3924,0.18,1,1,1,17,0.15948378662732474,0.16821468287083383,0.30718440683512027,0.6998245716094971,0.13125133514404297
500,1,0.3924,0.18,1,1,1,18,0.17033044955267637,0.1349253008576139,0.26188709700883045,0.7096891403198242,0.12366223335266113
500,1,0.3924,0.18,1,1,1,19,0.1684310293170802,0.1613426087463443,0.29486468311124414,0.681161642074585,0.15015578269958496
500,1,0.3924,0.18,1,1,1,20,0.18122379282653076,0.13384193790286156,0.2708165305598733,0.8209319114685059,0.16209101676940918
500,1,0.3924,0.18,1,1,1,21,0.16799684534041834,0.1383436048459225,0.27248334197852847,0.7664060592651367,0.1369771957397461
500,1,0.3924,0.18,1,1,1,22,0.17285666723547233,0.11939248671683403,0.25834401501705806,0.6720447540283203,0.09452128410339355
500,1,0.3924,0.18,1,1,1,23,0.19603396006798332,0.12634124226096516,0.29732016718013166,0.6661713123321533,0.13912367820739746
500,1,0.3924,0.18,1,1,1,24,0.1839717653394412,0.14793957373260552,0.264368705574533,0.8600544929504395,0.15697216987609863
500,1,0.5376000000000001,0.24,1,1,1,0,0.17480071455950072,0.13129830959316888,0.27173301057084626,0.8609905242919922,0.14410829544067383
500,1,0.5376000000000001,0.24,1,1,1,1,0.16473685076334446,0.14426126029395447,0.27994442353151466,0.6816205978393555,0.12632465362548828
500,1,0.5376000000000001,0.24,1,1,1,2,0.18898233867346165,0.14345019815692586,0.312643077673422,0.6684203147888184,0.14313960075378418
500,1,0.5376000000000001,0.24,1,1,1,3,0.1705908167156319,0.16250943958748706,0.2720321841636854,0.7318203449249268,0.16396737098693848
500,1,0.5376000000000001,0.24,1,1,1,4,0.19045663013096437,0.15824396324685996,0.2545101089223625,0.7070951461791992,0.11406397819519043
500,1,0.5376000000000001,0.24,1,1,1,5,0.2008257787733915,0.16446608626740766,0.36529186504079914,0.6316213607788086,0.16497254371643066
500,1,0.5376000000000001,0.24,1,1,1,6,0.17251160817301858,0.1425500886921808,0.3071700152717377,0.679387092590332,0.14909696578979492
500,1,0.5376000000000001,0.24,1,1,1,7,0.19362242946403452,0.2154272641570422,0.4090496936210767,0.7068257331848145,0.1630856990814209
500,1,0.5376000000000001,0.24,1,1,1,8,0.16886229938158495,0.14592438742015,0.31478668680173494,0.8334517478942871,0.1556997299194336
500,1,0.5376000000000001,0.24,1,1,1,9,0.19523226724220982,0.13935987365947033,0.31437396037540316,0.6302299499511719,0.15851807594299316
500,1,0.5376000000000001,0.24,1,1,1,10,0.184194012823099,0.21405608605352439,0.38866990859556627,0.699723482131958,0.11249423027038574
500,1,0.5376000000000001,0.24,1,1,1,11,0.19952917429215591,0.14189807376673683,0.33612750426099913,0.654109001159668,0.14896297454833984
500,1,0.5376000000000001,0.24,1,1,1,12,0.17040555906003854,0.15278167742554663,0.2689988449952379,0.7603569030761719,0.15306329727172852
500,1,0.5376000000000001,0.24,1,1,1,13,0.16284607785645297,0.13809541217914093,0.2678134994074818,0.6553304195404053,0.11573958396911621
500,1,0.5376000000000001,0.24,1,1,1,14,0.1800165772921156,0.15256378051167563,0.29089237862116807,0.6274635791778564,0.14753150939941406
500,1,0.5376000000000001,0.24,1,1,1,15,0.20375079673353896,0.15706034298900767,0.34824543186333706,0.6075935363769531,0.11577725410461426
500,1,0.5376000000000001,0.24,1,1,1,16,0.188604834148698,0.11683315012264799,0.2661249103207909,0.7238540649414062,0.14003872871398926
500,1,0.5376000000000001,0.24,1,1,1,17,0.18695238625874822,0.14025731916538225,0.2710821940203831,0.9264276027679443,0.16540741920471191
500,1,0.5376000000000001,0.24,1,1,1,18,0.17486818461002793,0.1473192772081266,0.3101733229185693,0.6608107089996338,0.14945220947265625
500,1,0.5376000000000001,0.24,1,1,1,19,0.2018776839269572,0.1371195085217574,0.274610268115572,0.7270054817199707,0.12815427780151367
500,1,0.5376000000000001,0.24,1,1,1,20,0.18984429556960988,0.2072447340930031,0.3575537660645336,0.6697745323181152,0.11953592300415039
500,1,0.5376000000000001,0.24,1,1,1,21,0.17441894007211034,0.18408539836574855,0.34623073844338725,0.7748782634735107,0.15254735946655273
500,1,0.5376000000000001,0.24,1,1,1,22,0.18755391673424415,0.19788885532697215,0.3854427720612163,0.6450331211090088,0.16650819778442383
500,1,0.5376000000000001,0.24,1,1,1,23,0.18862110682208777,0.14036787067450227,0.2933969205813385,0.7203330993652344,0.11452078819274902
500,1,0.5376000000000001,0.24,1,1,1,24,0.18016167788924858,0.1361301748111445,0.27456990562038147,0.6489160060882568,0.13097429275512695
500,1,0.69,0.3,1,1,1,0,0.17043195280359466,0.1264173506273362,0.2921765447975344,0.6807548999786377,0.13805770874023438
500,1,0.69,0.3,1,1,1,1,0.18075377454951283,0.1499287897275916,0.28927978862136045,0.8897190093994141,0.14252161979675293
500,1,0.69,0.3,1,1,1,2,0.19413424068625254,0.13098772586294982,0.2693344340705156,0.6405272483825684,0.14194798469543457
500,1,0.69,0.3,1,1,1,3,0.1747593552183414,0.13847868139341596,0.26728669683423045,0.6317660808563232,0.139434814453125
500,1,0.69,0.3,1,1,1,4,0.18701870092315845,0.2060792220020248,0.3313533291346388,0.6625576019287109,0.14451289176940918
500,1,0.69,0.3,1,1,1,5,0.16741009878507998,0.171795453677607,0.33666471427806843,0.6275980472564697,0.11680436134338379
500,1,0.69,0.3,1,1,1,6,0.17189657319293516,0.13916886699289846,0.27505966050396236,0.6421129703521729,0.1241142749786377
500,1,0.69,0.3,1,1,1,7,0.18471153833232848,0.14295430384483518,0.27700651357749373,0.6951079368591309,0.10109186172485352
500,1,0.69,0.3,1,1,1,8,0.18749785494516424,0.17553883436198933,0.3302261710952983,0.6259360313415527,0.1665513515472412
500,1,0.69,0.3,1,1,1,9,0.1574787461172869,0.11223016291300998,0.2660484472108437,0.794508695602417,0.15242862701416016
500,1,0.69,0.3,1,1,1,10,0.18078958248876745,0.19671019252693012,0.37279590549330033,0.8184421062469482,0.16563892364501953
500,1,0.69,0.3,1,1,1,11,0.17645961830407153,0.12409404510453627,0.2664408136219139,0.7116477489471436,0.12333035469055176
500,1,0.69,0.3,1,1,1,12,0.1819641824971791,0.14320613389302495,0.29330943835158035,0.6695201396942139,0.13421416282653809
500,1,0.69,0.3,1,1,1,13,0.19042222751480098,0.1501068136976279,0.32477681137872716,0.6785409450531006,0.12006950378417969
500,1,0.69,0.3,1,1,1,14,0.17367442396876584,0.15226369254794722,0.2916952901253519,0.8603775501251221,0.15442252159118652
500,1,0.69,0.3,1,1,1,15,0.1720361501510587,0.16721121100705544,0.31608011870519076,0.7039299011230469,0.13199734687805176
500,1,0.69,0.3,1,1,1,16,0.19273521302889507,0.13040247393436782,0.29348144641967877,0.6479487419128418,0.1319291591644287
500,1,0.69,0.3,1,1,1,17,0.17851080609393769,0.14439568217511906,0.26179492753346356,0.7265188694000244,0.15175342559814453
500,1,0.69,0.3,1,1,1,18,0.19782965831947597,0.15147223130657891,0.2931656391183338,0.7590246200561523,0.13451313972473145
500,1,0.69,0.3,1,1,1,19,0.1776211994438583,0.13051806081853512,0.26145767606287584,0.8049471378326416,0.15264582633972168
500,1,0.69,0.3,1,1,1,20,0.1930365212422968,0.13484836014386312,0.2923234990112934,0.720578670501709,0.1135404109954834
500,1,0.69,0.3,1,1,1,21,0.17632775048431756,0.13181680410323632,0.25871745143418506,0.6847286224365234,0.13906168937683105
500,1,0.69,0.3,1,1,1,22,0.19157258809798342,0.1405465631536115,0.32325935018785634,0.6173148155212402,0.11443567276000977
500,1,0.69,0.3,1,1,1,23,0.16862294193934932,0.1619995669563816,0.2983468235133523,0.882758378982544,0.14319324493408203
500,1,0.69,0.3,1,1,1,24,0.20814064064145807,0.13721586289615995,0.3287407031556485,0.6665093898773193,0.1408846378326416
500,1,0.8495999999999999,0.36,1,1,1,0,0.1805870543935595,0.13079494492421492,0.2484531263849838,0.7855126857757568,0.1630878448486328
500,1,0.8495999999999999,0.36,1,1,1,1,0.1583410572252841,0.13965694960852332,0.26968147340555837,0.6994776725769043,0.12957024574279785
500,1,0.8495999999999999,0.36,1,1,1,2,0.15669118941263563,0.15671213590358782,0.2894613519990096,0.6882131099700928,0.17305541038513184
500,1,0.8495999999999999,0.36,1,1,1,3,0.17907119550788075,0.14223000573233124,0.27427219903218203,0.7088048458099365,0.11749863624572754
500,1,0.8495999999999999,0.36,1,1,1,4,0.1643091798400811,0.16500111716376648,0.3055936943722019,0.6453580856323242,0.1503734588623047
500,1,0.8495999999999999,0.36,1,1,1,5,0.18949100741704863,0.17514728667020352,0.29530804687216045,0.7210321426391602,0.1255483627319336
500,1,0.8495999999999999,0.36,1,1,1,6,0.1713195082822882,0.1605459454665223,0.29861284012395906,0.632349967956543,0.1501331329345703
500,1,0.8495999999999999,0.36,1,1,1,7,0.18666597708956822,0.12240652474950367,0.259690903312563,0.8709959983825684,0.13855695724487305
500,1,0.8495999999999999,0.36,1,1,1,8,0.17853718723164844,0.19501719785525837,0.35476319622200514,0.7253177165985107,0.12351584434509277
500,1,0.8495999999999999,0.36,1,1,1,9,0.18419875770374944,0.15676647717964118,0.3192736351851449,0.6342487335205078,0.13327836990356445
500,1,0.8495999999999999,0.36,1,1,1,10,0.20173073634382535,0.11148264271855877,0.2902997723584353,0.7279210090637207,0.15066933631896973
500,1,0.8495999999999999,0.36,1,1,1,11,0.1611397505319006,0.13153691897859848,0.276126453487204,0.7290701866149902,0.17955875396728516
500,1,0.8495999999999999,0.36,1,1,1,12,0.18296238664341363,0.12293390670539474,0.2882007254302343,0.7041285037994385,0.11819267272949219
500,1,0.8495999999999999,0.36,1,1,1,13,0.19268629072768903,0.1442819342909805,0.3097313332591831,0.6360392570495605,0.12225937843322754
500,1,0.8495999999999999,0.36,1,1,1,14,0.16791892389830312,0.14751971569872283,0.24376805883292102,0.7214295864105225,0.1283891201019287
500,1,0.8495999999999999,0.36,1,1,1,15,0.18970161347633455,0.1250920587956435,0.2956569268965767,0.6235504150390625,0.10051417350769043
500,1,0.8495999999999999,0.36,1,1,1,16,0.2300611144589258,0.14645428241497113,0.31345394441706076,0.859799861907959,0.17101788520812988
500,1,0.8495999999999999,0.36,1,1,1,17,0.1769364353585371,0.1894076309403122,0.33148257505726364,0.7003419399261475,0.14185690879821777
500,1,0.8495999999999999,0.36,1,1,1,18,0.19042055678790779,0.13089872821264975,0.31227931748632404,0.6693074703216553,0.14313864707946777
500,1,0.8495999999999999,0.36,1,1,1,19,0.1999737963408584,0.13160845144391284,0.2905451248868443,0.6535208225250244,0.1263430118560791
500,1,0.8495999999999999,0.36,1,1,1,20,0.1650087613087737,0.12465209309710866,0.2590887144015324,0.8669402599334717,0.16423487663269043
500,1,0.8495999999999999,0.36,1,1,1,21,0.17185453888596008,0.1762190849253912,0.33003303914229076,0.6363451480865479,0.1342029571533203
500,1,0.8495999999999999,0.36,1,1,1,22,0.16187463124147783,0.1294280863389232,0.2551374975439814,0.7093136310577393,0.1236572265625
500,1,0.8495999999999999,0.36,1,1,1,23,0.19536105323834313,0.1273494801730212,0.28069333277815733,0.6228711605072021,0.13253355026245117
500,1,0.8495999999999999,0.36,1,1,1,24,0.1774421439657173,0.12175966801355755,0.26389835910835396,0.6582226753234863,0.11353850364685059
500,1,1.0164,0.42,1,1,1,0,0.17815346504819546,0.1326159873908647,0.26706891267688093,0.7817611694335938,0.12508010864257812
500,1,1.0164,0.42,1,1,1,1,0.16908850265049308,0.14306655275268781,0.28534332081489033,0.6470224857330322,0.1518254280090332
500,1,1.0164,0.42,1,1,1,2,0.1848803710010924,0.13781315874301794,0.3199775250041048,0.6715764999389648,0.12298369407653809
500,1,1.0164,0.42,1,1,1,3,0.1712712749122903,0.18128223347232197,0.3413643628502198,0.7115650177001953,0.1105196475982666
500,1,1.0164,0.42,1,1,1,4,0.16798672815389679,0.20786991093095747,0.333723869382746,0.8240005970001221,0.15896105766296387
500,1,1.0164,0.42,1,1,1,5,0.19604115418034093,0.15244903522104827,0.30049064273565457,0.6307427883148193,0.14405369758605957
500,1,1.0164,0.42,1,1,1,6,0.17464883274336182,0.13880108529049065,0.25991297588302215,0.608253002166748,0.12257647514343262
500,1,1.0164,0.42,1,1,1,7,0.18114622861923851,0.1696264210365272,0.3093518296481561,0.6707942485809326,0.13940739631652832
500,1,1.0164,0.42,1,1,1,8,0.1875417483672508,0.13398262167363154,0.3215243700408823,0.6497607231140137,0.13251924514770508
500,1,1.0164,0.42,1,1,1,9,0.18276697290162938,0.14085517527384292,0.31726822662360543,0.7366559505462646,0.1510324478149414
500,1,1.0164,0.42,1,1,1,10,0.16800781377028826,0.12126135863352644,0.26648697589984893,0.7037060260772705,0.12504172325134277
500,1,1.0164,0.42,1,1,1,11,0.16395809412222725,0.2173008692687445,0.363867413235646,0.6633896827697754,0.1545398235321045
500,1,1.0164,0.42,1,1,1,12,0.17837073269331463,0.16290033990537442,0.2696169674051287,0.7164852619171143,0.15300965309143066
500,1,1.0164,0.42,1,1,1,13,0.15526760509083098,0.12774087721354047,0.28252430434258136,0.8952231407165527,0.1501474380493164
500,1,1.0164,0.42,1,1,1,14,0.15887670157856812,0.15046007781809081,0.3028633547805958,0.6557612419128418,0.10152149200439453
500,1,1.0164,0.42,1,1,1,15,0.16712584661111604,0.18376248791481467,0.3263620416955991,0.7135803699493408,0.12617182731628418
500,1,1.0164,0.42,1,1,1,16,0.15521133012672308,0.15963938704840458,0.2963084933578681,0.6618661880493164,0.1105196475982666
500,1,1.0164,0.42,1,1,1,17,0.16735946898676377,0.1443485901660513,0.27349844395114714,0.8412539958953857,0.1530156135559082
500,1,1.0164,0.42,1,1,1,18,0.1593505810483251,0.13577553572823933,0.25388377577919014,0.7284204959869385,0.13954448699951172
500,1,1.0164,0.42,1,1,1,19,0.16558844882821366,0.173096665965734,0.3386851147939477,0.622352123260498,0.15831255912780762
500,1,1.0164,0.42,1,1,1,20,0.18662362132345056,0.15621558499819,0.31198876323877645,0.6678729057312012,0.14354681968688965
500,1,1.0164,0.42,1,1,1,21,0.19367944385048724,0.17112794895240965,0.316996340459753,0.674248456954956,0.1523749828338623
500,1,1.0164,0.42,1,1,1,22,0.17147752815433817,0.14751692829171897,0.284977188385104,0.8271381855010986,0.1600334644317627
500,1,1.0164,0.42,1,1,1,23,0.17091736255834095,0.16146767502518944,0.3170306741956821,0.6039872169494629,0.12035846710205078
500,1,1.0164,0.42,1,1,1,24,0.18043882436809416,0.13356602613469987,0.26549994528108334,0.6504981517791748,0.14296889305114746
500,1,1.1904,0.48,1,1,1,0,0.17877977065208098,0.12305811991239607,0.27288648383918535,0.8758547306060791,0.16193318367004395
500,1,1.1904,0.48,1,1,1,1,0.19441627390288646,0.14436678163668118,0.28194628919547515,0.8024210929870605,0.15506291389465332
500,1,1.1904,0.48,1,1,1,2,0.18710831038506137,0.12193722086624277,0.2663555945277818,0.7128722667694092,0.12954139709472656
500,1,1.1904,0.48,1,1,1,3,0.16439478088425305,0.14172209537260938,0.27873485819099697,0.6472711563110352,0.1527566909790039
500,1,1.1904,0.48,1,1,1,4,0.15574715205092743,0.11316166833257715,0.25586720634376053,0.7269144058227539,0.1550290584564209
500,1,1.1904,0.48,1,1,1,5,0.17540387062334067,0.14548210104006162,0.28306527222153327,0.6667468547821045,0.15519285202026367
500,1,1.1904,0.48,1,1,1,6,0.17566649983368918,0.1411380010138942,0.2711853378162332,0.6821558475494385,0.13956379890441895
500,1,1.1904,0.48,1,1,1,7,0.1738242841558398,0.24158302460570732,0.40929733381699335,0.7326304912567139,0.15653085708618164
500,1,1.1904,0.48,1,1,1,8,0.19622183774824148,0.16201465389763814,0.35592375777442964,0.6890435218811035,0.18108582496643066
500,1,1.1904,0.48,1,1,1,9,0.17988665666573575,0.13829215287290883,0.265328895974142,0.6809101104736328,0.12409806251525879
500,1,1.1904,0.48,1,1,1,10,0.180577872466881,0.16148933514033448,0.2873991936704786,0.8764522075653076,0.14952707290649414
500,1,1.1904,0.48,1,1,1,11,0.20177609700600346,0.13476985359709234,0.2822240290721032,0.7433414459228516,0.1114199161529541
500,1,1.1904,0.48,1,1,1,12,0.2059752461788605,0.14592300697547345,0.2950766059963973,0.6807928085327148,0.143418550491333
500,1,1.1904,0.48,1,1,1,13,0.16102258095560845,0.1320970986233946,0.25110188953307044,0.6325740814208984,0.1314384937286377
500,1,1.1904,0.48,1,1,1,14,0.15404382111748524,0.13590685089603027,0.26551360063107715,0.6292994022369385,0.15802788734436035
500,1,1.1904,0.48,1,1,1,15,0.18593794137745898,0.1164839957296457,0.2509363539951969,0.7663557529449463,0.11604022979736328
500,1,1.1904,0.48,1,1,1,16,0.1860017879857806,0.12518304222360785,0.27121091307883166,0.6575334072113037,0.15554094314575195
500,1,1.1904,0.48,1,1,1,17,0.1921916380772763,0.1748006526374731,0.32993346438239424,0.661747932434082,0.13251614570617676
500,1,1.1904,0.48,1,1,1,18,0.19611301611496865,0.11815817504129504,0.2917603641677937,0.6856749057769775,0.12865757942199707
500,1,1.1904,0.48,1,1,1,19,0.16873558856667953,0.15531779391071834,0.3227444658087397,0.7239997386932373,0.1590414047241211
500,1,1.1904,0.48,1,1,1,20,0.17796224369496483,0.120061209728741,0.26619604143260367,0.7214975357055664,0.13750624656677246
500,1,1.1904,0.48,1,1,1,21,0.16507939639938304,0.13941640285598395,0.28316134496718937,0.6756927967071533,0.14415454864501953
500,1,1.1904,0.48,1,1,1,22,0.17776493690052309,0.1722528183612648,0.30672766626700165,0.695826530456543,0.12155818939208984
500,1,1.1904,0.48,1,1,1,23,0.163556553199753,0.12447953727376924,0.2593656158505019,1.0603272914886475,0.1534874439239502
500,1,1.1904,0.48,1,1,1,24,0.18336167738247527,0.17645201414220169,0.32621188064756534,0.7123100757598877,0.11852216720581055
500,1,1.3716000000000002,0.54,1,1,1,0,0.16744589988812092,0.16995640379741508,0.327771300528823,0.7003276348114014,0.1335289478302002
500,1,1.3716000000000002,0.54,1,1,1,1,0.15928197602928712,0.17332282801767993,0.30799706458834186,0.6529557704925537,0.1346263885498047
500,1,1.3716000000000002,0.54,1,1,1,2,0.1514202905853108,0.15587762337738195,0.2815682832804637,0.8038110733032227,0.15490031242370605
500,1,1.3716000000000002,0.54,1,1,1,3,0.1944270630375745,0.12713791889819415,0.2997096766339289,0.6601166725158691,0.1465311050415039
500,1,1.3716000000000002,0.54,1,1,1,4,0.173977008710842,0.13400676174483606,0.273236039972378,0.5917825698852539,0.14112043380737305
500,1,1.3716000000000002,0.54,1,1,1,5,0.1932401699391899,0.25935637134487505,0.449835100108511,0.6350126266479492,0.15148234367370605
500,1,1.3716000000000002,0.54,1,1,1,6,0.17574660616510282,0.1438035414648213,0.26879086392218926,0.6888654232025146,0.14017224311828613
500,1,1.3716000000000002,0.54,1,1,1,7,0.2097856045013597,0.15273419247407582,0.3287618688467723,0.8631181716918945,0.1551830768585205
500,1,1.3716000000000002,0.54,1,1,1,8,0.1737669624674617,0.1503271953087446,0.3094208491167719,0.6998369693756104,0.14231228828430176
500,1,1.3716000000000002,0.54,1,1,1,9,0.20637668558690647,0.14402102533108183,0.33537853130386663,0.6179814338684082,0.11112451553344727
500,1,1.3716000000000002,0.54,1,1,1,10,0.19723391480393027,0.1304092392805034,0.2975048751800613,0.7148222923278809,0.13883018493652344
500,1,1.3716000000000002,0.54,1,1,1,11,0.17111363280514114,0.13739118518214105,0.29375081555742594,0.8823530673980713,0.14628958702087402
500,1,1.3716000000000002,0.54,1,1,1,12,0.1688647968923615,0.1569578418845145,0.2855975372467393,0.7260556221008301,0.10951447486877441
500,1,1.3716000000000002,0.54,1,1,1,13,0.15607817877591568,0.13029730494884115,0.2633523784783588,0.7079493999481201,0.1570448875427246
500,1,1.3716000000000002,0.54,1,1,1,14,0.18488125735178915,0.13318923811225683,0.2954657090594188,0.7287235260009766,0.1179192066192627
500,1,1.3716000000000002,0.54,1,1,1,15,0.18297233326957488,0.1549132450299754,0.28887288220448937,0.621375322341919,0.1539306640625
500,1,1.3716000000000002,0.54,1,1,1,16,0.1861770740507738,0.16953948141231157,0.35571655546308534,0.7431797981262207,0.11342597007751465
500,1,1.3716000000000002,0.54,1,1,1,17,0.20675368053728657,0.14358382442694512,0.32716908742703976,0.6277041435241699,0.13817811012268066
500,1,1.3716000000000002,0.54,1,1,1,18,0.18174805849722325,0.16367807255095496,0.2918810003652046,0.6969971656799316,0.13245105743408203
500,1,1.3716000000000002,0.54,1,1,1,19,0.20093136776570086,0.18698841637033045,0.3017294394226502,0.6939983367919922,0.1415402889251709
500,1,1.3716000000000002,0.54,1,1,1,20,0.20971267842283375,0.14516147095512957,0.3441893147759459,0.9062349796295166,0.1750507354736328
500,1,1.3716000000000002,0.54,1,1,1,21,0.16208214828381057,0.14551979666100825,0.25688476494910584,0.7251596450805664,0.09952878952026367
500,1,1.3716000000000002,0.54,1,1,1,22,0.18203663695519606,0.13747102742865056,0.25921364958534954,0.6507935523986816,0.14507150650024414
500,1,1.3716000000000002,0.54,1,1,1,23,0.17537176679453903,0.14866840736228612,0.2636597309733528,0.7116358280181885,0.12354016304016113
500,1,1.3716000000000002,0.54,1,1,1,24,0.17317609519592622,0.15687409561999086,0.3189248775901662,0.8406133651733398,0.17011070251464844
500,1,1.56,0.6,1,1,1,0,0.2451731945105354,0.13313388820890867,0.3783070827194441,0.6447479724884033,0.14650702476501465
500,1,1.56,0.6,1,1,1,1,0.16696135597197156,0.14345391120200895,0.29383100130864115,0.7212700843811035,0.11443924903869629
500,1,1.56,0.6,1,1,1,2,0.18224830480759788,0.1971391075470933,0.31380487148667247,0.6431195735931396,0.14153146743774414
500,1,1.56,0.6,1,1,1,3,0.18774884828268146,0.16599483227394304,0.3193478879969294,0.6697719097137451,0.12311601638793945
500,1,1.56,0.6,1,1,1,4,0.18761484071664603,0.1549793932905052,0.27439490762366014,0.8092401027679443,0.16484427452087402
500,1,1.56,0.6,1,1,1,5,0.17178814201105375,0.16666132818601018,0.3190455088756713,0.6503958702087402,0.1580507755279541
500,1,1.56,0.6,1,1,1,6,0.2126414300258225,0.18970661724662433,0.40234804727244683,0.6821165084838867,0.14461994171142578
500,1,1.56,0.6,1,1,1,7,0.20650304621991275,0.19453597782944881,0.40103902404936154,0.6284091472625732,0.1481473445892334
500,1,1.56,0.6,1,1,1,8,0.20780014674535238,0.14285081168357627,0.29037805627394986,0.7320611476898193,0.11751961708068848
500,1,1.56,0.6,1,1,1,9,0.20035819796756948,0.1608709968564529,0.3001975349183234,0.7028443813323975,0.13857197761535645
500,1,1.56,0.6,1,1,1,10,0.15969703749879238,0.15354191271292783,0.28448509193709415,0.7145090103149414,0.14553046226501465
500,1,1.56,0.6,1,1,1,11,0.20572475688702654,0.15135239319544844,0.32766881801189457,0.6633925437927246,0.13659048080444336
500,1,1.56,0.6,1,1,1,12,0.18378856522853457,0.16816305760384584,0.295412330987039,0.7056999206542969,0.1406264305114746
500,1,1.56,0.6,1,1,1,13,0.19164372021853052,0.14159079883018538,0.3332345190487159,0.8917942047119141,0.15921640396118164
500,1,1.56,0.6,1,1,1,14,0.16465921807205391,0.15981522553419863,0.27514198784470034,0.7024683952331543,0.13266777992248535
500,1,1.56,0.6,1,1,1,15,0.20448186320587977,0.16075307062036037,0.3396874406199303,0.7484571933746338,0.1360628604888916
500,1,1.56,0.6,1,1,1,16,0.18649255576439452,0.1615522251389711,0.31176360688115556,0.8644957542419434,0.15561223030090332
500,1,1.56,0.6,1,1,1,17,0.1781888821537932,0.15717815649046868,0.3286513490723376,0.8303513526916504,0.15360569953918457
500,1,1.56,0.6,1,1,1,18,0.17519700849478492,0.15008435080320398,0.2852972964612979,0.6416318416595459,0.09540534019470215
500,1,1.56,0.6,1,1,1,19,0.17351189462551356,0.1395848930459606,0.2810886428052419,0.7096920013427734,0.13202881813049316
500,1,1.56,0.6,1,1,1,20,0.16363251964000955,0.16156661120806567,0.3051873888258288,0.6607809066772461,0.14058184623718262
500,1,1.56,0.6,1,1,1,21,0.1672293887395727,0.1517318765644004,0.2894975204595217,0.62677001953125,0.1275196075439453
500,1,1.56,0.6,1,1,1,22,0.20179455222614426,0.16328663010258881,0.33074398065847477,0.7283744812011719,0.13552546501159668
500,1,1.56,0.6,1,1,1,23,0.19086339356262874,0.1318872424152301,0.296478077700569,0.6328303813934326,0.14306282997131348
500,1,1.56,0.6,1,1,1,24,0.20259849316566653,0.17403835987812585,0.339046378381494,0.693789005279541,0.11908721923828125
500,1,1.7555999999999998,0.6599999999999999,1,1,1,0,0.19634729109630955,0.16192735458169957,0.29025287206116307,0.6003963947296143,0.12999224662780762
500,1,1.7555999999999998,0.6599999999999999,1,1,1,1,0.19659964000538674,0.18035092262156652,0.33601792425058996,0.9152283668518066,0.13751578330993652
500,1,1.7555999999999998,0.6599999999999999,1,1,1,2,0.1744250213063313,0.1770718688276901,0.3037614105228145,0.6874127388000488,0.13350820541381836
500,1,1.7555999999999998,0.6599999999999999,1,1,1,3,0.18097123022243422,0.2177986912451849,0.39876992146761914,0.6313252449035645,0.13361454010009766
500,1,1.7555999999999998,0.6599999999999999,1,1,1,4,0.18517433263301641,0.1498167086908854,0.2896881835003522,0.6705937385559082,0.1409909725189209
500,1,1.7555999999999998,0.6599999999999999,1,1,1,5,0.18884803509353393,0.13929113951933797,0.30604734989310467,0.6864762306213379,0.15653443336486816
500,1,1.7555999999999998,0.6599999999999999,1,1,1,6,0.1797667388142578,0.133070523062232,0.2577352973411954,0.7782509326934814,0.14665603637695312
500,1,1.7555999999999998,0.6599999999999999,1,1,1,7,0.20599950845078824,0.152951640535865,0.29231513305770324,0.7006652355194092,0.12057113647460938
500,1,1.7555999999999998,0.6599999999999999,1,1,1,8,0.15940681304955964,0.16362648968950208,0.29386245369015107,0.7742102146148682,0.16624927520751953
500,1,1.7555999999999998,0.6599999999999999,1,1,1,9,0.20377894341236275,0.1271652769585675,0.3203145444857802,0.7239103317260742,0.12706780433654785
500,1,1.7555999999999998,0.6599999999999999,1,1,1,10,0.17094044485581852,0.152564367550617,0.294060380924008,0.8537213802337646,0.15912699699401855
500,1,1.7555999999999998,0.6599999999999999,1,1,1,11,0.16658855366959513,0.15429881421370117,0.3168376656496358,0.7640125751495361,0.12351250648498535
500,1,1.7555999999999998,0.6599999999999999,1,1,1,12,0.16291534332757998,0.14573908522950546,0.28848322936365706,0.6560378074645996,0.13226938247680664
500,1,1.7555999999999998,0.6599999999999999,1,1,1,13,0.19482523831520243,0.1643410782316512,0.30976047170695453,0.6665472984313965,0.11141514778137207
500,1,1.7555999999999998,0.6599999999999999,1,1,1,14,0.17878926347881927,0.14995096234114724,0.31473368426617215,0.7417945861816406,0.14305400848388672
500,1,1.7555999999999998,0.6599999999999999,1,1,1,15,0.17831075723531242,0.15241143671509405,0.2851713398697312,0.6115171909332275,0.127396821975708
500,1,1.7555999999999998,0.6599999999999999,1,1,1,16,0.18534705419085892,0.14079710586124186,0.2924527956464519,0.7481627464294434,0.13053107261657715
500,1,1.7555999999999998,0.6599999999999999,1,1,1,17,0.1944996968970372,0.19610931343599292,0.3731665967658788,0.6145946979522705,0.15764427185058594
500,1,1.7555999999999998,0.6599999999999999,1,1,1,18,0.16229097849374416,0.15088236849004946,0.26224017801303245,0.6602418422698975,0.12452292442321777
500,1,1.7555999999999998,0.6599999999999999,1,1,1,19,0.19510513585003778,0.13411896110920013,0.28638827839582476,0.8405857086181641,0.14251017570495605
500,1,1.7555999999999998,0.6599999999999999,1,1,1,20,0.17501385054504787,0.17009342230575555,0.34510727285080345,0.6451966762542725,0.1235349178314209
500,1,1.7555999999999998,0.6599999999999999,1,1,1,21,0.18344986057857737,0.1457522004410687,0.2851443905076173,0.6750154495239258,0.13817691802978516
500,1,1.7555999999999998,0.6599999999999999,1,1,1,22,0.17438135274145913,0.14960552183347411,0.3102781930284288,0.7047209739685059,0.13527154922485352
500,1,1.7555999999999998,0.6599999999999999,1,1,1,23,0.1793668615920433,0.19782634780321037,0.35363481948351727,0.8447821140289307,0.14815282821655273
500,1,1.7555999999999998,0.6599999999999999,1,1,1,24,0.1595422628673311,0.13427783953172645,0.2546484056961059,0.8717308044433594,0.1463148593902588
500,1,1.9583999999999997,0.72,1,1,1,0,0.1757256597052532,0.20396064352128598,0.32253857584923995,0.7314503192901611,0.13152647018432617
500,1,1.9583999999999997,0.72,1,1,1,1,0.16010825642465745,0.16889174799560697,0.3089120767909938,0.6524653434753418,0.10052609443664551
500,1,1.9583999999999997,0.72,1,1,1,2,0.19809087886657872,0.15022383025472927,0.2747023493988251,0.719977617263794,0.15283942222595215
500,1,1.9583999999999997,0.72,1,1,1,3,0.2057611447975728,0.18297635083637154,0.35524307920064657,0.6912450790405273,0.12118744850158691
500,1,1.9583999999999997,0.72,1,1,1,4,0.2323730012262402,0.1449007581245566,0.37265140341686065,0.9139668941497803,0.1730961799621582
500,1,1.9583999999999997,0.72,1,1,1,5,0.20275642933420882,0.17924818172931298,0.3212390556656011,0.67923903465271,0.10552310943603516
500,1,1.9583999999999997,0.72,1,1,1,6,0.16636927204318375,0.1753181672249942,0.2862391973432054,0.7461872100830078,0.12244415283203125
500,1,1.9583999999999997,0.72,1,1,1,7,0.19146336307530218,0.1650814045064331,0.3278365466165146,0.7138118743896484,0.14092183113098145
500,1,1.9583999999999997,0.72,1,1,1,8,0.1966236939505749,0.17322436422035586,0.32897016156942205,0.7482833862304688,0.12650227546691895
500,1,1.9583999999999997,0.72,1,1,1,9,0.1912080357142268,0.2140575892462446,0.39493319499461543,0.670316219329834,0.13357043266296387
500,1,1.9583999999999997,0.72,1,1,1,10,0.1920054712545065,0.15068206197710976,0.3077001218954119,0.638453483581543,0.11961627006530762
500,1,1.9583999999999997,0.72,1,1,1,11,0.18453922030916378,0.14065169076585152,0.29409086607567686,0.865912675857544,0.13952970504760742
500,1,1.9583999999999997,0.72,1,1,1,12,0.16281730372982012,0.20075548310895674,0.30662014539002647,0.6642606258392334,0.1295185089111328
500,1,1.9583999999999997,0.72,1,1,1,13,0.18213072599964739,0.16297007657232584,0.3178157913748574,0.6567230224609375,0.13878655433654785
500,1,1.9583999999999997,0.72,1,1,1,14,0.18519414428016304,0.16337587663847555,0.28208405793192726,0.6683146953582764,0.13054919242858887
500,1,1.9583999999999997,0.72,1,1,1,15,0.1799166075268969,0.16511422942792445,0.2887224119244012,0.6103289127349854,0.1535189151763916
500,1,1.9583999999999997,0.72,1,1,1,16,0.17003995617019696,0.16207684096141745,0.3103610871569622,0.7258419990539551,0.1133112907409668
500,1,1.9583999999999997,0.72,1,1,1,17,0.20739799826445604,0.19833682959304663,0.31693719787126273,0.6182761192321777,0.13640165328979492
500,1,1.9583999999999997,0.72,1,1,1,18,0.18812354969660408,0.14836544758351008,0.2912052390933807,0.6732223033905029,0.11442184448242188
500,1,1.9583999999999997,0.72,1,1,1,19,0.19020262676937608,0.15813890692002744,0.3086873776782968,0.6579129695892334,0.13452553749084473
500,1,1.9583999999999997,0.72,1,1,1,20,0.16076435373440212,0.15360059795228792,0.3097083011476326,0.8822956085205078,0.1540663242340088
500,1,1.9583999999999997,0.72,1,1,1,21,0.21903579757658967,0.15602558925007026,0.341883389525786,0.6423876285552979,0.1295311450958252
500,1,1.9583999999999997,0.72,1,1,1,22,0.198533606556532,0.13898428550099362,0.3159714508706554,0.676640510559082,0.15209054946899414
500,1,1.9583999999999997,0.72,1,1,1,23,0.17843223430908753,0.17183572138715913,0.3016096255147923,0.6557574272155762,0.12754106521606445
500,1,1.9583999999999997,0.72,1,1,1,24,0.18861222542695186,0.1405239456182017,0.2668954214881345,0.6252515316009521,0.1410963535308838
500,1,2.1684,0.78,1,1,1,0,0.18862184214491828,0.15450045858110112,0.29787436847747556,0.7720222473144531,0.14343762397766113
500,1,2.1684,0.78,1,1,1,1,0.19925247904697804,0.18589704084970118,0.3851495198966792,0.644392728805542,0.16394448280334473
500,1,2.1684,0.78,1,1,1,2,0.19620250474817172,0.1896657371173553,0.3623494928616322,0.723017692565918,0.12443304061889648
500,1,2.1684,0.78,1,1,1,3,0.16901847254281324,0.14695831943487983,0.3016750312344577,0.6076765060424805,0.15772104263305664
500,1,2.1684,0.78,1,1,1,4,0.19059877648205398,0.1546250882171006,0.3172426689647181,0.784168004989624,0.146071195602417
500,1,2.1684,0.78,1,1,1,5,0.20026697486810413,0.17057883791394476,0.34668071170991865,0.6329731941223145,0.11210823059082031
500,1,2.1684,0.78,1,1,1,6,0.18962585058367284,0.15299930848028379,0.3090155324509914,0.6739518642425537,0.15203404426574707
500,1,2.1684,0.78,1,1,1,7,0.15711771820004897,0.17238254907022418,0.2995431104678097,0.6848187446594238,0.16068053245544434
500,1,2.1684,0.78,1,1,1,8,0.17623098011900565,0.18186491249992373,0.30260052954705097,0.6580309867858887,0.1418895721435547
500,1,2.1684,0.78,1,1,1,9,0.16461843518509747,0.1622570036742971,0.29925661080591626,0.7842471599578857,0.13988447189331055
500,1,2.1684,0.78,1,1,1,10,0.17004367350678892,0.1432256490649604,0.2897188868437979,0.62532639503479,0.12109851837158203
500,1,2.1684,0.78,1,1,1,11,0.1752714735477529,0.15458748390648086,0.32985895745423377,0.7133536338806152,0.11613321304321289
500,1,2.1684,0.78,1,1,1,12,0.19491376287876408,0.15567164544568915,0.3034259171963364,0.7010416984558105,0.14854073524475098
500,1,2.1684,0.78,1,1,1,13,0.17112340899878886,0.17065267228834333,0.3256320698110622,0.8224468231201172,0.15303683280944824
500,1,2.1684,0.78,1,1,1,14,0.17804289057748288,0.16724478248937652,0.29330509543256145,0.6324112415313721,0.14975714683532715
500,1,2.1684,0.78,1,1,1,15,0.15458769330880737,0.18336842383882387,0.32566387218767967,0.7475664615631104,0.1234281063079834
500,1,2.1684,0.78,1,1,1,16,0.1769958726076876,0.15655816810565312,0.3335540407133407,0.6446058750152588,0.15352177619934082
500,1,2.1684,0.78,1,1,1,17,0.1740505693029934,0.15128387572129232,0.3221968295597779,0.6886870861053467,0.14158010482788086
500,1,2.1684,0.78,1,1,1,18,0.18588323904253912,0.1518052041383183,0.279100836911357,0.8718407154083252,0.1548776626586914
500,1,2.1684,0.78,1,1,1,19,0.18254153439085313,0.18293984272684607,0.36548137711769924,0.6866953372955322,0.1350266933441162
500,1,2.1684,0.78,1,1,1,20,0.17808857866589228,0.1901826162068685,0.3422735983638935,0.6664485931396484,0.1118783950805664
500,1,2.1684,0.78,1,1,1,21,0.16513050365603793,0.20618051388591943,0.35733422589119124,0.7524776458740234,0.12243461608886719
500,1,2.1684,0.78,1,1,1,22,0.18686603804210522,0.15688927492425508,0.3296295266014589,0.6522457599639893,0.16188311576843262
500,1,2.1684,0.78,1,1,1,23,0.17913640929105237,0.15593441593418844,0.3109594282053503,0.6808102130889893,0.13941621780395508
500,1,2.1684,0.78,1,1,1,24,0.1897929733089961,0.18772270753449605,0.33374475058612885,0.7292401790618896,0.16304945945739746
500,1,2.3855999999999997,0.84,1,1,1,0,0.17449718348186774,0.15132319499021962,0.2985113668463101,0.7422270774841309,0.11908960342407227
500,1,2.3855999999999997,0.84,1,1,1,1,0.18655316884263404,0.15634539172308895,0.2919009906153023,0.6992495059967041,0.11741995811462402
500,1,2.3855999999999997,0.84,1,1,1,2,0.18699611927336257,0.15601764576020416,0.28176479405161114,0.8075432777404785,0.12753677368164062
500,1,2.3855999999999997,0.84,1,1,1,3,0.17552948844941685,0.1477660139708813,0.3099154779592972,0.6485159397125244,0.1355140209197998
500,1,2.3855999999999997,0.84,1,1,1,4,0.19540023038663107,0.15439948216724603,0.3021341342112899,0.6422951221466064,0.14097380638122559
500,1,2.3855999999999997,0.84,1,1,1,5,0.18845213112804673,0.1868935701011911,0.3283869765681632,0.654782772064209,0.14798545837402344
500,1,2.3855999999999997,0.84,1,1,1,6,0.17288175554106514,0.14004671610153305,0.2638763596340764,0.7828819751739502,0.16410493850708008
500,1,2.3855999999999997,0.84,1,1,1,7,0.18091439078817403,0.17518052395140657,0.3306302771795664,0.6768379211425781,0.1508936882019043
500,1,2.3855999999999997,0.84,1,1,1,8,0.18312162390954653,0.18327401180541264,0.29728871807152857,0.691650390625,0.1410510540008545
500,1,2.3855999999999997,0.84,1,1,1,9,0.17365688257127543,0.21021920524036036,0.33776456980528763,0.700502872467041,0.1335294246673584
500,1,2.3855999999999997,0.84,1,1,1,10,0.18490959064826515,0.1493576757724364,0.27441695912263175,0.6673729419708252,0.1295304298400879
500,1,2.3855999999999997,0.84,1,1,1,11,0.17624758249857236,0.2202205328059953,0.3679565512096672,0.8309102058410645,0.16448974609375
500,1,2.3855999999999997,0.84,1,1,1,12,0.20459277076960913,0.17655839524478412,0.349551616288989,0.6946210861206055,0.11351966857910156
500,1,2.3855999999999997,0.84,1,1,1,13,0.16788965419627438,0.1820461248528383,0.3003548086973223,0.6626851558685303,0.12392091751098633
500,1,2.3855999999999997,0.84,1,1,1,14,0.1842392927316166,0.1677181323331046,0.28681489497063073,0.6928303241729736,0.12357807159423828
500,1,2.3855999999999997,0.84,1,1,1,15,0.1999954475836483,0.1761526504616612,0.3391263761226615,0.6315486431121826,0.15514516830444336
500,1,2.3855999999999997,0.84,1,1,1,16,0.15509620550312528,0.16765021392328272,0.2976136287287309,0.8580167293548584,0.1450347900390625
500,1,2.3855999999999997,0.84,1,1,1,17,0.17366508036599976,0.15314807293462626,0.31192160153232606,0.6153814792633057,0.13976764678955078
500,1,2.3855999999999997,0.84,1,1,1,18,0.17352080877619325,0.1765748134125106,0.3006288082640258,0.6984286308288574,0.1360459327697754
500,1,2.3855999999999997,0.84,1,1,1,19,0.17153638575325197,0.15158245335390133,0.29868322213809595,0.5830395221710205,0.15076375007629395
500,1,2.3855999999999997,0.84,1,1,1,20,0.1914037304120848,0.1649553703013544,0.3233491380348434,0.7820508480072021,0.1270732879638672
500,1,2.3855999999999997,0.84,1,1,1,21,0.20083423544212767,0.19310838771749667,0.3464978882919767,0.6490960121154785,0.15152239799499512
500,1,2.3855999999999997,0.84,1,1,1,22,0.1635103527943437,0.1674910801223453,0.31754790783458675,0.6879973411560059,0.14894437789916992
500,1,2.3855999999999997,0.84,1,1,1,23,0.1609267386981207,0.16703790521527884,0.28379484968449514,0.6207411289215088,0.12128281593322754
500,1,2.3855999999999997,0.84,1,1,1,24,0.15504066453872636,0.16136768171450971,0.2875988774847148,0.8139588832855225,0.1425011157989502
500,1,2.61,0.8999999999999999,1,1,1,0,0.18887553219207484,0.17687201105993616,0.31542933516811966,0.6659302711486816,0.13843488693237305
500,1,2.61,0.8999999999999999,1,1,1,1,0.17231247114272444,0.14986410014800106,0.30595388131677076,0.6492047309875488,0.1430652141571045
500,1,2.61,0.8999999999999999,1,1,1,2,0.1625722124799656,0.1716563095609656,0.28291687812496785,0.607128381729126,0.14453721046447754
500,1,2.61,0.8999999999999999,1,1,1,3,0.16688577484978045,0.14537846614418276,0.304703583026943,0.6780753135681152,0.14206671714782715
500,1,2.61,0.8999999999999999,1,1,1,4,0.17765108743743424,0.1761315363085615,0.3291486994471452,0.8683412075042725,0.1560835838317871
500,1,2.61,0.8999999999999999,1,1,1,5,0.18413021216600203,0.1794474441620529,0.3363345123464445,0.6414768695831299,0.16352009773254395
500,1,2.61,0.8999999999999999,1,1,1,6,0.17173710133231523,0.1534503573630819,0.32275184908620924,0.6384880542755127,0.14453434944152832
500,1,2.61,0.8999999999999999,1,1,1,7,0.1789523412650902,0.1778592356013592,0.3568115768664494,0.6885702610015869,0.12804436683654785
500,1,2.61,0.8999999999999999,1,1,1,8,0.1704636749749413,0.16375488899160615,0.27360335492844634,0.8454263210296631,0.1851034164428711
500,1,2.61,0.8999999999999999,1,1,1,9,0.1825064080692666,0.16989303857427776,0.31878859516533176,0.6166691780090332,0.15711092948913574
500,1,2.61,0.8999999999999999,1,1,1,10,0.22787365398864687,0.18256587970131213,0.36315859295688313,0.6363725662231445,0.12069225311279297
500,1,2.61,0.8999999999999999,1,1,1,11,0.189360907328684,0.16590629793885042,0.31326348762340417,0.7065780162811279,0.13196444511413574
500,1,2.61,0.8999999999999999,1,1,1,12,0.1830078845791682,0.15426305038757554,0.2763695741474283,0.6328568458557129,0.12627124786376953
500,1,2.61,0.8999999999999999,1,1,1,13,0.169395094377746,0.18594096463211868,0.3339209868388815,0.7970936298370361,0.14743876457214355
500,1,2.61,0.8999999999999999,1,1,1,14,0.18156610728035125,0.16721631138749554,0.3067420313693181,0.6615030765533447,0.12250876426696777
500,1,2.61,0.8999999999999999,1,1,1,15,0.1773448277795385,0.15806929938931477,0.2939445667317008,0.7318422794342041,0.1255483627319336
500,1,2.61,0.8999999999999999,1,1,1,16,0.17735924314145626,0.15387025315273614,0.2994685851391214,0.6644852161407471,0.14808154106140137
500,1,2.61,0.8999999999999999,1,1,1,17,0.19305761437322774,0.16349878261922993,0.28839063031883566,0.8839647769927979,0.155045747756958
500,1,2.61,0.8999999999999999,1,1,1,18,0.18270615514277447,0.1939946268848046,0.3428439172788636,0.7387707233428955,0.12006330490112305
500,1,2.61,0.8999999999999999,1,1,1,19,0.1549371741031101,0.20817700928838462,0.3443668052083838,0.6620044708251953,0.1560811996459961
500,1,2.61,0.8999999999999999,1,1,1,20,0.1781960223659038,0.18350796383338677,0.3378586922159058,0.6870644092559814,0.1330089569091797
500,1,2.61,0.8999999999999999,1,1,1,21,0.178859738965149,0.13672681230030911,0.29188260779270125,0.7357587814331055,0.1586463451385498
500,1,2.61,0.8999999999999999,1,1,1,22,0.1644621900540227,0.1561259672502983,0.2670680611557155,0.6797118186950684,0.15807819366455078
500,1,2.61,0.8999999999999999,1,1,1,23,0.17071624411100855,0.18772647280025903,0.34300271673603977,0.6855747699737549,0.10905122756958008
500,1,2.61,0.8999999999999999,1,1,1,24,0.1678681283587806,0.18014893470188217,0.3200236678613146,0.6926236152648926,0.16544294357299805
500,1,2.8415999999999997,0.96,1,1,1,0,0.17314965867154447,0.16346609210966098,0.30597291059698717,0.6595854759216309,0.1583099365234375
500,1,2.8415999999999997,0.96,1,1,1,1,0.1723997188101252,0.1911601291221454,0.3635598479322706,0.6872014999389648,0.11922073364257812
500,1,2.8415999999999997,0.96,1,1,1,2,0.1658991162906806,0.16166027889380755,0.2902974356306087,0.7041852474212646,0.12304973602294922
500,1,2.8415999999999997,0.96,1,1,1,3,0.1606926291164679,0.17681011754876386,0.28653347333554813,0.6248548030853271,0.14091253280639648
500,1,2.8415999999999997,0.96,1,1,1,4,0.16915491585812886,0.15310615770724817,0.28819588699465276,0.6569068431854248,0.13214588165283203
500,1,2.8415999999999997,0.96,1,1,1,5,0.17156668548927143,0.16577284679239002,0.29269122311993423,0.8001782894134521,0.17746281623840332
500,1,2.8415999999999997,0.96,1,1,1,6,0.17806173048478524,0.15756105778422286,0.2945649760200374,0.6977684497833252,0.12536883354187012
500,1,2.8415999999999997,0.96,1,1,1,7,0.1858911169742171,0.1662170021226899,0.2857403055627805,0.6806271076202393,0.14007353782653809
500,1,2.8415999999999997,0.96,1,1,1,8,0.2127930605929362,0.19737690596873614,0.3476300795743442,0.6564290523529053,0.11997222900390625
500,1,2.8415999999999997,0.96,1,1,1,9,0.16100269302122727,0.17577003925620893,0.26651312129082794,0.8320045471191406,0.14509129524230957
500,1,2.8415999999999997,0.96,1,1,1,10,0.1751601688494302,0.166620999676644,0.2854389051513574,0.673123836517334,0.1105189323425293
500,1,2.8415999999999997,0.96,1,1,1,11,0.18870232064023426,0.18715833721367628,0.34867320304096305,0.6699256896972656,0.13706207275390625
500,1,2.8415999999999997,0.96,1,1,1,12,0.17362984216975325,0.1794210589832458,0.35221983273312485,0.6465902328491211,0.13518548011779785
500,1,2.8415999999999997,0.96,1,1,1,13,0.16510748789878887,0.15238092991323113,0.2807798360469028,0.705045223236084,0.11452841758728027
500,1,2.8415999999999997,0.96,1,1,1,14,0.19730627109194898,0.17878393432168527,0.3458106359430505,0.8672692775726318,0.15651345252990723
500,1,2.8415999999999997,0.96,1,1,1,15,0.19292717243256644,0.17256162112813853,0.32957513590540033,0.698817253112793,0.13646149635314941
500,1,2.8415999999999997,0.96,1,1,1,16,0.1731797729762414,0.20439127957737674,0.3775710525536181,0.7889010906219482,0.15987944602966309
500,1,2.8415999999999997,0.96,1,1,1,17,0.17468424515915484,0.19244548098283293,0.3671297261419878,0.6524460315704346,0.10352516174316406
500,1,2.8415999999999997,0.96,1,1,1,18,0.19633028888433401,0.17278116318129483,0.338342586954256,0.8493564128875732,0.16298913955688477
500,1,2.8415999999999997,0.96,1,1,1,19,0.19414633717541047,0.14966069482783853,0.32094472291120535,0.6610345840454102,0.13951683044433594
500,1,2.8415999999999997,0.96,1,1,1,20,0.16745392312050253,0.21084957503139076,0.3477833865503947,0.727092981338501,0.12552142143249512
500,1,2.8415999999999997,0.96,1,1,1,21,0.16293813434658672,0.16263177618457542,0.3049705533238122,0.6494412422180176,0.14841508865356445
500,1,2.8415999999999997,0.96,1,1,1,22,0.16587798326130274,0.15579970352360167,0.2846461421713723,0.6552162170410156,0.13745856285095215
500,1,2.8415999999999997,0.96,1,1,1,23,0.17497029522532112,0.1938657806575999,0.30644073804604754,0.6675002574920654,0.15582656860351562
500,1,2.8415999999999997,0.96,1,1,1,24,0.18370858997368963,0.17477946025976934,0.3078543226327368,0.722407341003418,0.13541483879089355
500,1,3.0804,1.02,1,1,1,0,0.17382515707056387,0.1747626618200504,0.2748172316580224,0.6589083671569824,0.1371605396270752
500,1,3.0804,1.02,1,1,1,1,0.1902469210460758,0.16099759365877478,0.3512445147048506,0.7118213176727295,0.11435556411743164
500,1,3.0804,1.02,1,1,1,2,0.17476901230525585,0.19789908744392573,0.35002238009239617,0.8101339340209961,0.16504740715026855
500,1,3.0804,1.02,1,1,1,3,0.1763684809976833,0.18949893765420225,0.32762502337879595,0.7430112361907959,0.1259477138519287
500,1,3.0804,1.02,1,1,1,4,0.17069692462935881,0.15604338714901583,0.32674031177837465,0.6575756072998047,0.1515822410583496
500,1,3.0804,1.02,1,1,1,5,0.16080981443239065,0.20436426026844548,0.3496430083790541,0.7171034812927246,0.11231017112731934
500,1,3.0804,1.02,1,1,1,6,0.16621642243586995,0.20016563714536734,0.36000297052308866,0.6652963161468506,0.14823508262634277
500,1,3.0804,1.02,1,1,1,7,0.17122391611301838,0.15931629648722562,0.27255723086219363,0.9100451469421387,0.15383672714233398
500,1,3.0804,1.02,1,1,1,8,0.1940284856751109,0.15964914877957181,0.34493838096102736,0.6316053867340088,0.14484524726867676
500,1,3.0804,1.02,1,1,1,9,0.1782827048087822,0.1769335058498458,0.3157536139331303,0.6665127277374268,0.11932802200317383
500,1,3.0804,1.02,1,1,1,10,0.199362230538625,0.1646847891129293,0.3640470196515543,0.6710383892059326,0.1400315761566162
500,1,3.0804,1.02,1,1,1,11,0.19676468516372153,0.147644296921392,0.3011905033441726,0.8639950752258301,0.15173697471618652
500,1,3.0804,1.02,1,1,1,12,0.180171286524938,0.1693873159517346,0.3032524230731958,0.6898267269134521,0.13582158088684082
500,1,3.0804,1.02,1,1,1,13,0.19701507182854028,0.2177062438822829,0.3709348309431687,0.6131489276885986,0.14606809616088867
500,1,3.0804,1.02,1,1,1,14,0.18890093998600452,0.2084912238322521,0.3541124462958702,0.7284235954284668,0.13753294944763184
500,1,3.0804,1.02,1,1,1,15,0.18197682189401895,0.1621209221453443,0.3440977440393632,0.6890442371368408,0.17535853385925293
500,1,3.0804,1.02,1,1,1,16,0.17732876268971295,0.191820874998776,0.3280853372698453,0.7003824710845947,0.12151956558227539
500,1,3.0804,1.02,1,1,1,17,0.19291057852670773,0.2054369121743298,0.34668613898441836,0.5980091094970703,0.13233089447021484
500,1,3.0804,1.02,1,1,1,18,0.19128946016050252,0.22538739380386769,0.36216563049953576,0.6600625514984131,0.13155841827392578
500,1,3.0804,1.02,1,1,1,19,0.17752448383387742,0.17515693939633795,0.3505021886976313,0.6205778121948242,0.13207149505615234
500,1,3.0804,1.02,1,1,1,20,0.16986682231271172,0.19960496910378803,0.3066699067471841,0.9011998176574707,0.15720772743225098
500,1,3.0804,1.02,1,1,1,21,0.1759563297611698,0.16904794427111264,0.3187181693436213,0.7352807521820068,0.12551522254943848
500,1,3.0804,1.02,1,1,1,22,0.19727581753820217,0.1901382513402791,0.3264404514697845,0.6623153686523438,0.14452648162841797
500,1,3.0804,1.02,1,1,1,23,0.18226735299136207,0.17565871800035118,0.35792607099171325,0.6694819927215576,0.13840866088867188
500,1,3.0804,1.02,1,1,1,24,0.18686506141412726,0.16759163531203908,0.31818559778160715,0.6513431072235107,0.15704989433288574
500,1,3.3264000000000005,1.08,1,1,1,0,0.18125197404369953,0.19698336260277496,0.2957793616643955,0.7129971981048584,0.11997365951538086
500,1,3.3264000000000005,1.08,1,1,1,1,0.19248320991491236,0.2023379332021069,0.2931296981609171,0.6412603855133057,0.13359355926513672
500,1,3.3264000000000005,1.08,1,1,1,2,0.1706845412695218,0.1671862237778354,0.30618184876574406,0.659550666809082,0.11511778831481934
500,1,3.3264000000000005,1.08,1,1,1,3,0.18031885792837635,0.1921342762126394,0.3149540172002613,0.6780180931091309,0.14463376998901367
500,1,3.3264000000000005,1.08,1,1,1,4,0.16842234056952346,0.18916384451560805,0.34853042639192866,0.8043906688690186,0.17684459686279297
500,1,3.3264000000000005,1.08,1,1,1,5,0.17800059012919994,0.153050826923756,0.2987730039668247,0.7281854152679443,0.15251946449279785
500,1,3.3264000000000005,1.08,1,1,1,6,0.20811929551838435,0.14757978307021,0.3336474774421455,0.7051296234130859,0.12142086029052734
500,1,3.3264000000000005,1.08,1,1,1,7,0.17527741850008155,0.16792997159486817,0.3113413019174429,0.6748740673065186,0.1450181007385254
500,1,3.3264000000000005,1.08,1,1,1,8,0.1854157799822823,0.19198669030634008,0.32005203210182576,0.8371467590332031,0.17730164527893066
500,1,3.3264000000000005,1.08,1,1,1,9,0.15954664638749902,0.18738391741838664,0.29748279131332284,0.6521978378295898,0.16939330101013184
500,1,3.3264000000000005,1.08,1,1,1,10,0.1956762815529926,0.16017749605390105,0.3144560667457643,0.6966819763183594,0.12550091743469238
500,1,3.3264000000000005,1.08,1,1,1,11,0.16306963055537613,0.17145679742883568,0.28855174858217425,0.7099630832672119,0.14288592338562012
500,1,3.3264000000000005,1.08,1,1,1,12,0.1733618090380434,0.18673794782557687,0.3370177655066797,0.7057619094848633,0.12746763229370117
500,1,3.3264000000000005,1.08,1,1,1,13,0.16986999509063433,0.17337172955624167,0.29713506148077246,0.7918345928192139,0.14717721939086914
500,1,3.3264000000000005,1.08,1,1,1,14,0.16565708259079387,0.17656697412760455,0.2887406852036584,0.6525495052337646,0.11057162284851074
500,1,3.3264000000000005,1.08,1,1,1,15,0.18273107124649884,0.1916333881018121,0.3451237352905674,0.7181649208068848,0.1331031322479248
500,1,3.3264000000000005,1.08,1,1,1,16,0.17497551320199964,0.16588773167163537,0.2979910891661008,0.7425451278686523,0.12144637107849121
500,1,3.3264000000000005,1.08,1,1,1,17,0.1784620995567791,0.17865416536324946,0.3528164360942355,0.8593566417694092,0.1442561149597168
500,1,3.3264000000000005,1.08,1,1,1,18,0.1768315982574823,0.16677363148335317,0.3094412692147197,0.6429166793823242,0.14918994903564453
500,1,3.3264000000000005,1.08,1,1,1,19,0.1843764783296238,0.16050132604183381,0.2818704889514839,0.733590841293335,0.10504150390625
500,1,3.3264000000000005,1.08,1,1,1,20,0.2094700443169545,0.1991225546691194,0.37144013451744884,0.6415379047393799,0.15052318572998047
500,1,3.3264000000000005,1.08,1,1,1,21,0.17852250700706165,0.1878142377381091,0.3146482762308109,0.8042778968811035,0.15982699394226074
500,1,3.3264000000000005,1.08,1,1,1,22,0.2019063558851398,0.19073922843398805,0.3926455843191279,0.664395809173584,0.13760685920715332
500,1,3.3264000000000005,1.08,1,1,1,23,0.1592902061733609,0.18629889411747946,0.315247869029149,0.6564772129058838,0.12352252006530762
500,1,3.3264000000000005,1.08,1,1,1,24,0.18993210326841256,0.1759177448719184,0.341788549089079,0.654930830001831,0.13751649856567383
500,1,3.5795999999999992,1.14,1,1,1,0,0.17068917596525665,0.23329733738865188,0.39379335419561456,0.7391006946563721,0.13149356842041016
500,1,3.5795999999999992,1.14,1,1,1,1,0.18071173077234323,0.20187945549371553,0.3495599767754446,0.878551721572876,0.15509271621704102
500,1,3.5795999999999992,1.14,1,1,1,2,0.1707730232665182,0.20018018609193422,0.3407154175768275,0.6388378143310547,0.15068531036376953
500,1,3.5795999999999992,1.14,1,1,1,3,0.1700634622806064,0.17975260578463864,0.2995062319651768,0.6976668834686279,0.12342572212219238
500,1,3.5795999999999992,1.14,1,1,1,4,0.1681185909051991,0.23184296701231044,0.3624883949336721,0.6128644943237305,0.13912701606750488
500,1,3.5795999999999992,1.14,1,1,1,5,0.18133286096699214,0.20317250890407076,0.3789365492323936,0.7241237163543701,0.12143731117248535
500,1,3.5795999999999992,1.14,1,1,1,6,0.18469013168403753,0.21517059533158542,0.3723862478976755,0.860396146774292,0.1509230136871338
500,1,3.5795999999999992,1.14,1,1,1,7,0.21825750033751978,0.2097688004716341,0.3312631897525533,0.6290693283081055,0.12572216987609863
500,1,3.5795999999999992,1.14,1,1,1,8,0.18723012845763967,0.15324304370622516,0.3065751525260608,0.843902587890625,0.14910554885864258
500,1,3.5795999999999992,1.14,1,1,1,9,0.17292563026490793,0.1852655520965966,0.32271379511491494,0.6350142955780029,0.1325225830078125
500,1,3.5795999999999992,1.14,1,1,1,10,0.20497819616571522,0.1950666718367558,0.400044868002471,0.8523390293121338,0.17105484008789062
500,1,3.5795999999999992,1.14,1,1,1,11,0.21067567881324412,0.1846627070805939,0.31173307057607325,0.6305553913116455,0.15143346786499023
500,1,3.5795999999999992,1.14,1,1,1,12,0.1854285942115314,0.18506587130032984,0.3420170884342074,0.7164633274078369,0.10652494430541992
500,1,3.5795999999999992,1.14,1,1,1,13,0.17839233307587266,0.20890592101589084,0.34153259350574283,0.677178144454956,0.15314030647277832
500,1,3.5795999999999992,1.14,1,1,1,14,0.16215124250561272,0.1749950773294678,0.3002390854445125,0.616823673248291,0.1315150260925293
500,1,3.5795999999999992,1.14,1,1,1,15,0.17349290090150682,0.16645973497309735,0.3239731302550939,0.6790127754211426,0.15535497665405273
500,1,3.5795999999999992,1.14,1,1,1,16,0.1786912593380301,0.24149895431709115,0.38264794271649333,0.6343021392822266,0.1498563289642334
500,1,3.5795999999999992,1.14,1,1,1,17,0.175587227834378,0.18473887454063537,0.3083844752183731,0.6814277172088623,0.12551212310791016
500,1,3.5795999999999992,1.14,1,1,1,18,0.17695074010311138,0.1584428369820206,0.28636833817958357,0.6123194694519043,0.15903854370117188
500,1,3.5795999999999992,1.14,1,1,1,19,0.18710465446795657,0.15597460149364095,0.3007152052537084,0.8260674476623535,0.16151762008666992
500,1,3.5795999999999992,1.14,1,1,1,20,0.15435171784435373,0.1935691243465405,0.3452263045029907,0.6231789588928223,0.14654994010925293
500,1,3.5795999999999992,1.14,1,1,1,21,0.17538954046165336,0.16640148477078331,0.32974394333384405,0.6852419376373291,0.11228418350219727
500,1,3.5795999999999992,1.14,1,1,1,22,0.19775531642553112,0.16780407558319677,0.30556241656697936,0.6301603317260742,0.11152291297912598
500,1,3.5795999999999992,1.14,1,1,1,23,0.17967989436956863,0.176425841737217,0.31495258569728324,0.5954258441925049,0.15250372886657715
500,1,3.5795999999999992,1.14,1,1,1,24,0.17579753579976154,0.16993296914720035,0.33506553361577796,0.8553836345672607,0.1719815731048584
500,1,3.84,1.2,1,1,1,0,0.17923735793013462,0.17484820954889257,0.3201599939567305,0.6600246429443359,0.12160658836364746
500,1,3.84,1.2,1,1,1,1,0.18549052407463948,0.2330279902929571,0.4185185143675966,0.6824586391448975,0.12908625602722168
500,1,3.84,1.2,1,1,1,2,0.21834486165018535,0.19887844754141254,0.34688019676499604,0.6273834705352783,0.1339550018310547
500,1,3.84,1.2,1,1,1,3,0.16272932585135025,0.20319501492250686,0.3433397540023113,0.8172042369842529,0.16963911056518555
500,1,3.84,1.2,1,1,1,4,0.19842400742661948,0.18644385264503205,0.2938765710212566,0.6161007881164551,0.1363525390625
500,1,3.84,1.2,1,1,1,5,0.17872633237430752,0.17056004024017637,0.29131786739276133,0.655228853225708,0.13604235649108887
500,1,3.84,1.2,1,1,1,6,0.18869368131635864,0.14756669259063368,0.2956560775598449,0.6380643844604492,0.1454300880432129
500,1,3.84,1.2,1,1,1,7,0.16628686680028573,0.2160531959575286,0.3214127018130203,0.6036417484283447,0.14182496070861816
500,1,3.84,1.2,1,1,1,8,0.1765576159316975,0.22276018544171344,0.3422527537275357,0.8511326313018799,0.15156817436218262
500,1,3.84,1.2,1,1,1,9,0.1708387349714292,0.2362281634227083,0.4070668983941375,0.6354665756225586,0.12326860427856445
500,1,3.84,1.2,1,1,1,10,0.1941934491958274,0.2137081180267447,0.3614290296374132,0.6920623779296875,0.12493228912353516
500,1,3.84,1.2,1,1,1,11,0.19063487357194814,0.17966520239748304,0.35722733101797244,0.6505885124206543,0.1475234031677246
500,1,3.84,1.2,1,1,1,12,0.20810667865296648,0.1686276672986334,0.3380753120944783,0.7802410125732422,0.1595780849456787
500,1,3.84,1.2,1,1,1,13,0.15760515394551938,0.173846637945161,0.3107547290038319,0.6446726322174072,0.1310272216796875
500,1,3.84,1.2,1,1,1,14,0.1853942482229446,0.19415681522887002,0.3140325843798297,0.6046087741851807,0.1395127773284912
500,1,3.84,1.2,1,1,1,15,0.16570949766590537,0.21704681598616837,0.333236822616357,0.6668980121612549,0.14550566673278809
500,1,3.84,1.2,1,1,1,16,0.16009612996451306,0.21530449799745877,0.33900941206284047,0.598228931427002,0.16051745414733887
500,1,3.84,1.2,1,1,1,17,0.20065838978837108,0.19002218539702165,0.34164370715456605,0.9445173740386963,0.17311549186706543
500,1,3.84,1.2,1,1,1,18,0.19592021243124796,0.17903165544324573,0.3235342281207908,0.7243235111236572,0.11053466796875
500,1,3.84,1.2,1,1,1,19,0.1598938796239216,0.1754466762583688,0.2856078894475857,0.6525139808654785,0.14956092834472656
500,1,3.84,1.2,1,1,1,20,0.17240704235121054,0.20014997276701943,0.3291256964177642,0.649202823638916,0.1430981159210205
500,1,3.84,1.2,1,1,1,21,0.18524699026557387,0.2855319029695774,0.4583328607089352,0.773108720779419,0.15653491020202637
500,1,3.84,1.2,1,1,1,22,0.19248417997773798,0.20384443361738674,0.36371920899661536,0.6479625701904297,0.11870384216308594
500,1,3.84,1.2,1,1,1,23,0.1841407157630735,0.20638291410147572,0.33200638005631217,0.7116713523864746,0.13143038749694824
500,1,3.84,1.2,1,1,1,24,0.19477243631962154,0.2017993748176837,0.3174280447904567,0.5727822780609131,0.14026641845703125
500,1,4.1076,1.26,1,1,1,0,0.168105672950208,0.17872482244804305,0.30254999066482263,0.7200849056243896,0.10939717292785645
500,1,4.1076,1.26,1,1,1,1,0.19708425117481138,0.1862112662750093,0.35575563471459803,0.8793413639068604,0.1490483283996582
500,1,4.1076,1.26,1,1,1,2,0.18074137502949833,0.1973323769618753,0.32625995167694954,0.6453001499176025,0.12065815925598145
500,1,4.1076,1.26,1,1,1,3,0.16659396396475362,0.179316982380264,0.30421186978229886,0.6862831115722656,0.12952733039855957
500,1,4.1076,1.26,1,1,1,4,0.20424873952356873,0.1769495503317943,0.2994008756773857,0.688378095626831,0.15549302101135254
500,1,4.1076,1.26,1,1,1,5,0.17339407179368718,0.19763265526025592,0.32796738490972654,0.6041629314422607,0.162980318069458
500,1,4.1076,1.26,1,1,1,6,0.21032731593889187,0.18459886459979866,0.3214868936521986,0.7468535900115967,0.11608409881591797
500,1,4.1076,1.26,1,1,1,7,0.20308375224679132,0.2181860694326158,0.4212698216794071,0.5972857475280762,0.12915730476379395
500,1,4.1076,1.26,1,1,1,8,0.19352260966470444,0.26244363096725193,0.40996997069209046,0.6645102500915527,0.14167404174804688
500,1,4.1076,1.26,1,1,1,9,0.1807493563589341,0.18482704471457442,0.31450060199492,0.8607921600341797,0.1490480899810791
500,1,4.1076,1.26,1,1,1,10,0.16719196890870783,0.21807526787258363,0.370629111514239,0.8679916858673096,0.14832496643066406
500,1,4.1076,1.26,1,1,1,11,0.1705943954340243,0.17314473437758224,0.3299481110150981,0.7197597026824951,0.12665486335754395
500,1,4.1076,1.26,1,1,1,12,0.18490866007143875,0.1652312876219673,0.3243389557279046,0.7162747383117676,0.13107991218566895
500,1,4.1076,1.26,1,1,1,13,0.16838642254201439,0.18582323394439929,0.3019726193065,0.6517195701599121,0.1114797592163086
500,1,4.1076,1.26,1,1,1,14,0.1777318738594334,0.22943636895366878,0.37777222461377885,0.7726030349731445,0.1410384178161621
500,1,4.1076,1.26,1,1,1,15,0.16690978145385632,0.19375545647705283,0.31319859047598775,0.7717602252960205,0.1850419044494629
500,1,4.1076,1.26,1,1,1,16,0.1932997179209208,0.28598035573916514,0.42379849382728085,0.7223865985870361,0.12404394149780273
500,1,4.1076,1.26,1,1,1,17,0.18607756415142448,0.1755311808739448,0.30245537050368254,0.6058559417724609,0.1564178466796875
500,1,4.1076,1.26,1,1,1,18,0.1720546836090191,0.20116070050942192,0.33308491284037367,0.6597695350646973,0.15009641647338867
500,1,4.1076,1.26,1,1,1,19,0.19829068296811064,0.20033403034067138,0.35384766693988023,0.7919747829437256,0.16759443283081055
500,1,4.1076,1.26,1,1,1,20,0.16803196419760885,0.2004136411285708,0.35292686411146135,0.7055702209472656,0.15541362762451172
500,1,4.1076,1.26,1,1,1,21,0.17103120864791602,0.20640807041757972,0.31097581572816285,0.7200138568878174,0.12942147254943848
500,1,4.1076,1.26,1,1,1,22,0.20639260128626669,0.21826755054076613,0.3844832579497568,0.6259880065917969,0.15455389022827148
500,1,4.1076,1.26,1,1,1,23,0.16847244705573314,0.19343014835739542,0.3266710207236381,0.8038175106048584,0.15655779838562012
500,1,4.1076,1.26,1,1,1,24,0.1614612580815729,0.2083861563219,0.3499763109263485,0.7158629894256592,0.15159988403320312
500,1,4.3824,1.3199999999999998,1,1,1,0,0.16171153011728853,0.20209655675367075,0.3213244920429321,0.7678329944610596,0.15291929244995117
500,1,4.3824,1.3199999999999998,1,1,1,1,0.172777183975679,0.21807190229388182,0.33877764766082097,0.6610472202301025,0.1460554599761963
500,1,4.3824,1.3199999999999998,1,1,1,2,0.16296417365059027,0.20212680912951286,0.3378660825649632,0.7065484523773193,0.14121222496032715
500,1,4.3824,1.3199999999999998,1,1,1,3,0.17141468465870702,0.20893904292841853,0.36201353176709444,0.7032608985900879,0.15854239463806152
500,1,4.3824,1.3199999999999998,1,1,1,4,0.17687817312555776,0.18501048847822704,0.3312843955419867,0.6284863948822021,0.10689997673034668
500,1,4.3824,1.3199999999999998,1,1,1,5,0.1882522606939004,0.22980544531210934,0.3157060288859729,0.7126801013946533,0.12853765487670898
500,1,4.3824,1.3199999999999998,1,1,1,6,0.17624606016941854,0.2177295797666521,0.3619087718000119,0.6527729034423828,0.12482094764709473
500,1,4.3824,1.3199999999999998,1,1,1,7,0.17413789016869147,0.24145239431239182,0.3447890630046306,0.8406178951263428,0.173203706741333
500,1,4.3824,1.3199999999999998,1,1,1,8,0.1675716804326622,0.19414862293082238,0.300197870162135,0.6269001960754395,0.12253236770629883
500,1,4.3824,1.3199999999999998,1,1,1,9,0.19172021049138901,0.20247042828914455,0.32803248627445647,0.6784093379974365,0.1479945182800293
500,1,4.3824,1.3199999999999998,1,1,1,10,0.1861451595304238,0.15973490136388702,0.2951600563869048,0.6965007781982422,0.1315152645111084
500,1,4.3824,1.3199999999999998,1,1,1,11,0.20151000139889552,0.18790095472224524,0.3269031411637533,0.6588504314422607,0.11755180358886719
500,1,4.3824,1.3199999999999998,1,1,1,12,0.16692699150642476,0.21431146424123984,0.3636778398177174,0.6662614345550537,0.11843585968017578
500,1,4.3824,1.3199999999999998,1,1,1,13,0.1692112488923991,0.19509530187577068,0.30135015655629604,0.6918013095855713,0.13203644752502441
500,1,4.3824,1.3199999999999998,1,1,1,14,0.17441344380199247,0.18784123727012728,0.3111661184019876,0.6324820518493652,0.10041451454162598
500,1,4.3824,1.3199999999999998,1,1,1,15,0.23403657236053055,0.1875362679658049,0.36378525065009,0.6906790733337402,0.13759708404541016
500,1,4.3824,1.3199999999999998,1,1,1,16,0.17487883805889345,0.2166669021669191,0.3360355489035858,0.7727925777435303,0.1706695556640625
500,1,4.3824,1.3199999999999998,1,1,1,17,0.19804296297492893,0.2411446311160267,0.37670588903991253,0.8682458400726318,0.15752124786376953
500,1,4.3824,1.3199999999999998,1,1,1,18,0.16575044647684425,0.200184530315446,0.34461595890202423,0.653564453125,0.1166541576385498
500,1,4.3824,1.3199999999999998,1,1,1,19,0.18966513055875475,0.22605108006979793,0.35793895495821887,0.685084342956543,0.1304457187652588
500,1,4.3824,1.3199999999999998,1,1,1,20,0.16937711382264198,0.19480400301571124,0.33100969373967887,0.7901749610900879,0.14352035522460938
500,1,4.3824,1.3199999999999998,1,1,1,21,0.1622076144991862,0.20299814108659564,0.35826228028570184,0.6614284515380859,0.11712312698364258
500,1,4.3824,1.3199999999999998,1,1,1,22,0.17533175324092481,0.16737506157418158,0.29903612027306364,0.6358058452606201,0.12095379829406738
500,1,4.3824,1.3199999999999998,1,1,1,23,0.1842702413962532,0.20305398463299848,0.38732422602925165,0.7094988822937012,0.13946962356567383
500,1,4.3824,1.3199999999999998,1,1,1,24,0.17619923575712215,0.23096539037839098,0.349847490797352,0.5865495204925537,0.14141631126403809
500,1,4.6644,1.38,1,1,1,0,0.19322020843699927,0.20341014312072336,0.3231673492135916,0.8908991813659668,0.15153741836547852
500,1,4.6644,1.38,1,1,1,1,0.16317685102996243,0.21116195271675875,0.3104782191675176,0.7035694122314453,0.13851714134216309
500,1,4.6644,1.38,1,1,1,2,0.17857476227590122,0.23795879431652456,0.41653355659242575,0.5760800838470459,0.15855073928833008
500,1,4.6644,1.38,1,1,1,3,0.19813854362557404,0.21942397747728432,0.34421401361846693,0.6900050640106201,0.1164097785949707
500,1,4.6644,1.38,1,1,1,4,0.18867351004423277,0.2459033369457432,0.34339964971542314,0.6503844261169434,0.12512874603271484
500,1,4.6644,1.38,1,1,1,5,0.17138583935442117,0.21016329468133763,0.36393877327862034,0.7109811305999756,0.14801907539367676
500,1,4.6644,1.38,1,1,1,6,0.1709413054442594,0.18619270121198508,0.3027632134438098,0.6023609638214111,0.14501380920410156
500,1,4.6644,1.38,1,1,1,7,0.17619352959832457,0.18798748935569817,0.3198308773165447,0.6486659049987793,0.14050912857055664
500,1,4.6644,1.38,1,1,1,8,0.17256234172206217,0.21679768737132984,0.3628687533987831,0.6895396709442139,0.14246797561645508
500,1,4.6644,1.38,1,1,1,9,0.18438483737455957,0.2432496087881054,0.373362526878802,0.9132990837097168,0.1680598258972168
500,1,4.6644,1.38,1,1,1,10,0.17125002922392552,0.20538515578934297,0.31132808566273884,0.6369729042053223,0.1465160846710205
500,1,4.6644,1.38,1,1,1,11,0.2050873107273997,0.22477113688454364,0.3630813471606785,0.613537073135376,0.1559746265411377
500,1,4.6644,1.38,1,1,1,12,0.19181193098964402,0.19594826359496917,0.28872952484117215,0.6025857925415039,0.15447616577148438
500,1,4.6644,1.38,1,1,1,13,0.18051234742779235,0.20045147759174045,0.31865873771082726,0.716698169708252,0.09790539741516113
500,1,4.6644,1.38,1,1,1,14,0.20330951917692053,0.20017727792661696,0.3758121761558835,0.7771189212799072,0.14110875129699707
500,1,4.6644,1.38,1,1,1,15,0.1595864226609927,0.22521823154319429,0.355480969960968,0.7224304676055908,0.11743283271789551
500,1,4.6644,1.38,1,1,1,16,0.15718355632241274,0.20014684156103216,0.32836232826531586,0.6738705635070801,0.1399679183959961
500,1,4.6644,1.38,1,1,1,17,0.19872350326119015,0.2184938722754889,0.36095652478297635,0.6944339275360107,0.11593246459960938
500,1,4.6644,1.38,1,1,1,18,0.1797254672331053,0.2456971497605725,0.4254226169936778,0.857182502746582,0.13805890083312988
500,1,4.6644,1.38,1,1,1,19,0.16775569757545836,0.22200920397209978,0.37295919784356324,0.7157015800476074,0.1315300464630127
500,1,4.6644,1.38,1,1,1,20,0.16118690306801664,0.20429654735497765,0.30649027491431835,0.641822099685669,0.15662670135498047
500,1,4.6644,1.38,1,1,1,21,0.19254598109041796,0.21281120167864512,0.33746102559176866,0.7287185192108154,0.14449620246887207
500,1,4.6644,1.38,1,1,1,22,0.1658070719699632,0.21106181127172782,0.2994506597566582,0.6611816883087158,0.1535487174987793
500,1,4.6644,1.38,1,1,1,23,0.17460512916765078,0.20318163556145702,0.34653954221020633,0.849931001663208,0.15407109260559082
500,1,4.6644,1.38,1,1,1,24,0.1680723531347328,0.24018057720308128,0.33745551986750894,0.6917374134063721,0.134812593460083
500,1,4.9536,1.44,1,1,1,0,0.16927784192616283,0.21750985642668025,0.35642076152344143,0.5649781227111816,0.09402155876159668
500,1,4.9536,1.44,1,1,1,1,0.17941916565243812,0.2053872195691673,0.32388858566584655,0.8338737487792969,0.1663684844970703
500,1,4.9536,1.44,1,1,1,2,0.16304227784524805,0.18182906258554138,0.33339836919027693,0.8342874050140381,0.166398286819458
500,1,4.9536,1.44,1,1,1,3,0.18761369157835178,0.24021190968570494,0.38901275586410683,0.6350419521331787,0.15455937385559082
500,1,4.9536,1.44,1,1,1,4,0.19686864510866026,0.18928487542113576,0.33265027682006065,0.6671371459960938,0.11602544784545898
500,1,4.9536,1.44,1,1,1,5,0.1746745121780245,0.22305510959524522,0.3322587344663812,0.6579585075378418,0.1331467628479004
500,1,4.9536,1.44,1,1,1,6,0.18375517534018876,0.23760961797075839,0.3920393749861505,0.657200813293457,0.13355374336242676
500,1,4.9536,1.44,1,1,1,7,0.17314198014945012,0.20345995919518284,0.33586765815571085,0.8094010353088379,0.15523934364318848
500,1,4.9536,1.44,1,1,1,8,0.1719119977648775,0.1915553223599391,0.3327987703725749,0.6865320205688477,0.12642598152160645
500,1,4.9536,1.44,1,1,1,9,0.1937267136126178,0.2065907343888616,0.33369691400257706,0.6525137424468994,0.12650752067565918
500,1,4.9536,1.44,1,1,1,10,0.19045111434719406,0.2304363839099819,0.3400682683482793,0.6293179988861084,0.14251494407653809
500,1,4.9536,1.44,1,1,1,11,0.1957303992545201,0.21886331405947995,0.3473305324482886,0.7941074371337891,0.1690528392791748
500,1,4.9536,1.44,1,1,1,12,0.18363361694658625,0.21331572021330114,0.3395272492483611,0.7047312259674072,0.12903547286987305
500,1,4.9536,1.44,1,1,1,13,0.19021618074028732,0.21298143441372244,0.31866673012772795,0.5882627964019775,0.16126441955566406
500,1,4.9536,1.44,1,1,1,14,0.20617126935392202,0.20717093747342408,0.3373090116966025,0.7179934978485107,0.14305424690246582
500,1,4.9536,1.44,1,1,1,15,0.1731777012131639,0.21534346711347277,0.36089512270496266,0.639958381652832,0.1446692943572998
500,1,4.9536,1.44,1,1,1,16,0.17107142931859437,0.21364221027287586,0.3788057543916273,0.834068775177002,0.16604375839233398
500,1,4.9536,1.44,1,1,1,17,0.1664910764809825,0.2003990301279704,0.31651540261063893,0.6587347984313965,0.13826966285705566
500,1,4.9536,1.44,1,1,1,18,0.1661209359589502,0.20653981317569794,0.2998963665035703,0.8073792457580566,0.14693593978881836
500,1,4.9536,1.44,1,1,1,19,0.1515018171946602,0.17806251894055614,0.2886791221910822,0.6404662132263184,0.1495373249053955
500,1,4.9536,1.44,1,1,1,20,0.1750412633820699,0.21586341615992496,0.35078559269556103,0.7398085594177246,0.16585469245910645
500,1,4.9536,1.44,1,1,1,21,0.16443904128469747,0.24709436041143382,0.38211259413511894,0.625758171081543,0.11283421516418457
500,1,4.9536,1.44,1,1,1,22,0.17425272472496445,0.20436903710850757,0.3347561078504275,0.7329390048980713,0.10951757431030273
500,1,4.9536,1.44,1,1,1,23,0.17542667398834144,0.21258251632741315,0.3417212523583004,0.6065073013305664,0.13556456565856934
500,1,4.9536,1.44,1,1,1,24,0.17956415142251173,0.20728226585106863,0.34292466171480496,0.696941614151001,0.11352109909057617
500,1,5.25,1.5,1,1,1,0,0.18179533307106768,0.21472108546994698,0.32861433728695255,0.8716051578521729,0.1467742919921875
500,1,5.25,1.5,1,1,1,1,0.16444766537090147,0.3071194869716131,0.46182356125015256,0.7044923305511475,0.133042573928833
500,1,5.25,1.5,1,1,1,2,0.18986702484736873,0.19264548307573884,0.3349355645793064,0.6313669681549072,0.11646175384521484
500,1,5.25,1.5,1,1,1,3,0.19026326975479615,0.2060398023855697,0.34267514429179347,0.7260057926177979,0.13254427909851074
500,1,5.25,1.5,1,1,1,4,0.1805278584892952,0.20816494308589092,0.3679017807507872,0.7560091018676758,0.15954089164733887
500,1,5.25,1.5,1,1,1,5,0.23043945424846835,0.21978637021839334,0.4232411964771714,0.711719274520874,0.12946176528930664
500,1,5.25,1.5,1,1,1,6,0.1645771676878224,0.20997367274567127,0.3391564650469606,0.6866598129272461,0.14140963554382324
500,1,5.25,1.5,1,1,1,7,0.16858420322333087,0.2508349438975864,0.37861892482239135,0.6321811676025391,0.12555360794067383
500,1,5.25,1.5,1,1,1,8,0.17338841176267206,0.24236903219547534,0.40375523975602157,0.7065410614013672,0.11293816566467285
500,1,5.25,1.5,1,1,1,9,0.15356934039182565,0.24815945392725774,0.34815441363400024,0.8526248931884766,0.17455315589904785
500,1,5.25,1.5,1,1,1,10,0.20336950995404693,0.20170940865932196,0.3252145505819005,0.7102184295654297,0.11044430732727051
500,1,5.25,1.5,1,1,1,11,0.1719066309985418,0.21000511721471385,0.32707654968329797,0.7367713451385498,0.11615252494812012
500,1,5.25,1.5,1,1,1,12,0.17589139708937676,0.20638230069694158,0.31936933070187,0.6840856075286865,0.14266014099121094
500,1,5.25,1.5,1,1,1,13,0.17850216834564628,0.2219907251947595,0.3495552447279372,0.8619389533996582,0.1527419090270996
500,1,5.25,1.5,1,1,1,14,0.20349883762868826,0.19991462698722912,0.3392585812551489,0.6637008190155029,0.16754984855651855
500,1,5.25,1.5,1,1,1,15,0.2034046922378423,0.19335272950109286,0.3035515424734039,0.7032697200775146,0.10553216934204102
500,1,5.25,1.5,1,1,1,16,0.1627454021595025,0.18980221011481663,0.3492355330421216,0.6287796497344971,0.15451765060424805
500,1,5.25,1.5,1,1,1,17,0.16066840447649205,0.20822406937638868,0.32223100606969285,0.8196768760681152,0.1504216194152832
500,1,5.25,1.5,1,1,1,18,0.19815114602569617,0.18575949770383057,0.3336902444153452,0.6568710803985596,0.11251640319824219
500,1,5.25,1.5,1,1,1,19,0.1591334904673912,0.19115585390531092,0.31804859086774845,0.6989750862121582,0.12055540084838867
500,1,5.25,1.5,1,1,1,20,0.20432882467195407,0.23804998121558285,0.3640376967668989,0.6456959247589111,0.14051198959350586
500,1,5.25,1.5,1,1,1,21,0.17580016198649448,0.19693999275278798,0.3387767477869809,0.7089719772338867,0.15764665603637695
500,1,5.25,1.5,1,1,1,22,0.16523513560001385,0.2657951780596177,0.4075486061662563,0.8779008388519287,0.14908432960510254
500,1,5.25,1.5,1,1,1,23,0.17187453127304833,0.2505721950508795,0.3593385715167785,0.6495018005371094,0.14719486236572266
500,1,5.25,1.5,1,1,1,24,0.1637944915724538,0.19376313858387598,0.31422877461536114,0.7248473167419434,0.13305020332336426
500,1,5.5536,1.56,1,1,1,0,0.1834074657871026,0.23436216288832648,0.39109130854134355,0.6250448226928711,0.1549844741821289
500,1,5.5536,1.56,1,1,1,1,0.17515598209457356,0.22579106745389835,0.3651238017913445,0.6917681694030762,0.154069185256958
500,1,5.5536,1.56,1,1,1,2,0.1689233502857663,0.24635689833625513,0.34485662599533995,0.6695561408996582,0.16255569458007812
500,1,5.5536,1.56,1,1,1,3,0.1852149330231034,0.21503792870274802,0.34463171597703524,0.7328934669494629,0.1135401725769043
500,1,5.5536,1.56,1,1,1,4,0.1866070578704033,0.21502587062461223,0.2997302301842352,0.6837923526763916,0.09147024154663086
500,1,5.5536,1.56,1,1,1,5,0.19006788649041864,0.2099219656597674,0.3409503981212121,0.6326382160186768,0.1390223503112793
500,1,5.5536,1.56,1,1,1,6,0.1686436955077421,0.2297605334799853,0.29707545032017113,0.8486416339874268,0.16454243659973145
500,1,5.5536,1.56,1,1,1,7,0.1676490223103716,0.23071487061359644,0.33645121553638824,0.6673779487609863,0.13858461380004883
500,1,5.5536,1.56,1,1,1,8,0.17727154726252142,0.27374979577554853,0.40750994488700965,0.6800704002380371,0.15550899505615234
500,1,5.5536,1.56,1,1,1,9,0.1783897336723265,0.2035437221654914,0.3609328890953597,0.7532641887664795,0.12799644470214844
500,1,5.5536,1.56,1,1,1,10,0.17103819839561982,0.22845603220859437,0.36554717096062134,0.6866710186004639,0.15706253051757812
500,1,5.5536,1.56,1,1,1,11,0.1669696938001646,0.23989911643329706,0.3726028799792311,0.701549768447876,0.1446526050567627
500,1,5.5536,1.56,1,1,1,12,0.1791625613760718,0.23913108766515595,0.3538866212537298,0.6329309940338135,0.11600637435913086
500,1,5.5536,1.56,1,1,1,13,0.21057844366297096,0.2234440417969713,0.38691394472414364,0.7301843166351318,0.1339428424835205
500,1,5.5536,1.56,1,1,1,14,0.17573528006426317,0.24658315246666143,0.35425699806458855,0.68611741065979,0.1394946575164795
500,1,5.5536,1.56,1,1,1,15,0.17960273722623846,0.2301493702288512,0.36088816000485846,0.8317859172821045,0.16406774520874023
500,1,5.5536,1.56,1,1,1,16,0.17235210928630598,0.2699403267613558,0.4015859175060871,0.6250534057617188,0.14049887657165527
500,1,5.5536,1.56,1,1,1,17,0.16191661730976473,0.21574469890850467,0.3414428645466319,0.64369797706604,0.15102195739746094
500,1,5.5536,1.56,1,1,1,18,0.16053262369789087,0.2209838234985775,0.3200211821842671,0.8217732906341553,0.1654672622680664
500,1,5.5536,1.56,1,1,1,19,0.17561043649528518,0.22044414174613777,0.34156545586131826,0.8041212558746338,0.16233015060424805
500,1,5.5536,1.56,1,1,1,20,0.1782521645903743,0.25400594741920685,0.35326364122866405,0.6928465366363525,0.11783695220947266
500,1,5.5536,1.56,1,1,1,21,0.1699320630467873,0.2630261901706192,0.40404598642772827,0.5959765911102295,0.1730189323425293
500,1,5.5536,1.56,1,1,1,22,0.17164943333781713,0.22274433177626116,0.36977909864281994,0.6835927963256836,0.11914205551147461
500,1,5.5536,1.56,1,1,1,23,0.19307532430736454,0.2085077587527915,0.3251130378024987,0.6099984645843506,0.1160888671875
500,1,5.5536,1.56,1,1,1,24,0.17815816217814812,0.2314215956358393,0.33600815402598483,0.8273124694824219,0.16110563278198242
500,1,5.8644,1.6199999999999999,1,1,1,0,0.20472662798594624,0.21543986296568904,0.3529458508059451,0.6365563869476318,0.10244131088256836
500,1,5.8644,1.6199999999999999,1,1,1,1,0.16081144114411514,0.21382245821660484,0.3413708442073246,0.6706035137176514,0.1363999843597412
500,1,5.8644,1.6199999999999999,1,1,1,2,0.16331333111515986,0.22019221208968998,0.35162795340453473,0.6314072608947754,0.11643266677856445
500,1,5.8644,1.6199999999999999,1,1,1,3,0.1857192599855641,0.20177297273074343,0.37080831569424205,0.7029132843017578,0.12653851509094238
500,1,5.8644,1.6199999999999999,1,1,1,4,0.17128631818642526,0.20365382006589536,0.32553646800571223,0.6688642501831055,0.15843534469604492
500,1,5.8644,1.6199999999999999,1,1,1,5,0.16630402201781616,0.20009025174894826,0.3399975453588663,0.7238495349884033,0.12396717071533203
500,1,5.8644,1.6199999999999999,1,1,1,6,0.17028545448116691,0.28276357922360107,0.453049033704768,0.6364567279815674,0.15287446975708008
500,1,5.8644,1.6199999999999999,1,1,1,7,0.17121077246901922,0.18362750136906833,0.3189960513903063,0.6149828433990479,0.15298914909362793
500,1,5.8644,1.6199999999999999,1,1,1,8,0.18062730531389043,0.26363938313314433,0.40658005981911316,0.8475518226623535,0.1565873622894287
500,1,5.8644,1.6199999999999999,1,1,1,9,0.17800566660571585,0.24216886118156392,0.40515183518923487,0.6544477939605713,0.10953879356384277
500,1,5.8644,1.6199999999999999,1,1,1,10,0.18042049327784723,0.2114141510496666,0.38447592724495094,0.8661201000213623,0.13251805305480957
500,1,5.8644,1.6199999999999999,1,1,1,11,0.18092327114269513,0.2409252358819095,0.35687903786284225,0.6944999694824219,0.10052227973937988
500,1,5.8644,1.6199999999999999,1,1,1,12,0.16299069402453298,0.2531813350146404,0.4042986871825691,0.7009949684143066,0.1689434051513672
500,1,5.8644,1.6199999999999999,1,1,1,13,0.16487368279559458,0.2568393611227482,0.3983351579513257,0.6639211177825928,0.14351296424865723
500,1,5.8644,1.6199999999999999,1,1,1,14,0.17288571336200637,0.23730481140619536,0.37910681578544503,0.5903959274291992,0.14515948295593262
500,1,5.8644,1.6199999999999999,1,1,1,15,0.15746254712019425,0.25888333796843777,0.38030891937712835,0.6337487697601318,0.14207172393798828
500,1,5.8644,1.6199999999999999,1,1,1,16,0.1478449885139693,0.25147452335549136,0.31804311919210076,0.7163400650024414,0.13851237297058105
500,1,5.8644,1.6199999999999999,1,1,1,17,0.168993448377894,0.24250077467215553,0.40386621001612055,0.8862228393554688,0.16193819046020508
500,1,5.8644,1.6199999999999999,1,1,1,18,0.17062356393257225,0.23238666731075636,0.3130082289259178,0.6858570575714111,0.13607025146484375
500,1,5.8644,1.6199999999999999,1,1,1,19,0.18382330405514669,0.2077221923039962,0.3042949697462539,0.672961950302124,0.14053082466125488
500,1,5.8644,1.6199999999999999,1,1,1,20,0.16943357822054997,0.2576625960881406,0.38384951988921084,0.6980838775634766,0.1195213794708252
500,1,5.8644,1.6199999999999999,1,1,1,21,0.15984703948194437,0.20668754021948066,0.3555505383588954,0.6474671363830566,0.15296459197998047
500,1,5.8644,1.6199999999999999,1,1,1,22,0.1571628378222355,0.2446285576059795,0.3667192305966549,0.657264232635498,0.13753533363342285
500,1,5.8644,1.6199999999999999,1,1,1,23,0.16993911153675684,0.2205823485482865,0.3173154116185818,0.6585569381713867,0.13976073265075684
500,1,5.8644,1.6199999999999999,1,1,1,24,0.17488844084105437,0.20418302298591412,0.31767300096828976,0.6422889232635498,0.11118960380554199
500,1,6.1823999999999995,1.68,1,1,1,0,0.17179669867656824,0.24327824753297875,0.34081400893641706,0.6524450778961182,0.1447000503540039
500,1,6.1823999999999995,1.68,1,1,1,1,0.17799019946936842,0.2762692644416108,0.3632506371818601,0.7968127727508545,0.17027020454406738
500,1,6.1823999999999995,1.68,1,1,1,2,0.15856408724771798,0.23031700950238015,0.3459219595534988,0.8586564064025879,0.13872575759887695
500,1,6.1823999999999995,1.68,1,1,1,3,0.15283380165013324,0.22979501689340442,0.33266004280876416,0.6407206058502197,0.15104985237121582
500,1,6.1823999999999995,1.68,1,1,1,4,0.16985001609659678,0.2338619149082014,0.3223052050178651,0.6182780265808105,0.13253331184387207
500,1,6.1823999999999995,1.68,1,1,1,5,0.16490975319903226,0.21881784838712662,0.35660951898802473,0.7066986560821533,0.1529674530029297
500,1,6.1823999999999995,1.68,1,1,1,6,0.1990899685757578,0.22520450676596165,0.34912062208399774,0.5986595153808594,0.12514162063598633
500,1,6.1823999999999995,1.68,1,1,1,7,0.17813653752411757,0.2177392880055075,0.3536284050792183,0.6243197917938232,0.1583268642425537
500,1,6.1823999999999995,1.68,1,1,1,8,0.17774421299228094,0.23617623040588187,0.3356448732652204,0.7368886470794678,0.11406183242797852
500,1,6.1823999999999995,1.68,1,1,1,9,0.1923887140216779,0.24725619478221295,0.39453282781926574,0.7572786808013916,0.1634516716003418
500,1,6.1823999999999995,1.68,1,1,1,10,0.18460335301118574,0.23294996019330513,0.3811147870094368,0.911837100982666,0.14653778076171875
500,1,6.1823999999999995,1.68,1,1,1,11,0.19415871070858592,0.247090853599015,0.3782912991052454,0.740706205368042,0.11931562423706055
500,1,6.1823999999999995,1.68,1,1,1,12,0.16831355533739345,0.25967434838111153,0.38197586451077514,0.6413872241973877,0.14552617073059082
500,1,6.1823999999999995,1.68,1,1,1,13,0.16716720321846373,0.20909231730568217,0.34183713716860686,0.670825719833374,0.1255173683166504
500,1,6.1823999999999995,1.68,1,1,1,14,0.19613579449277646,0.20484606426223043,0.37694177640548326,0.6960010528564453,0.1538376808166504
500,1,6.1823999999999995,1.68,1,1,1,15,0.16463061278397073,0.21273196187003934,0.3292914057775657,0.6362214088439941,0.11613130569458008
500,1,6.1823999999999995,1.68,1,1,1,16,0.17663217286522034,0.2121729755386287,0.3227299583989024,0.6997551918029785,0.12441873550415039
500,1,6.1823999999999995,1.68,1,1,1,17,0.17453551096326547,0.22786149815739828,0.3242347037977613,0.6491880416870117,0.12850737571716309
500,1,6.1823999999999995,1.68,1,1,1,18,0.1642320136686599,0.2471252300166182,0.34395471183731574,0.7075121402740479,0.12442398071289062
500,1,6.1823999999999995,1.68,1,1,1,19,0.1948702966886201,0.2476204145828422,0.3862577186030314,0.918809175491333,0.15353894233703613
500,1,6.1823999999999995,1.68,1,1,1,20,0.1753693537669276,0.2356859390325998,0.36273116522748394,0.6292431354522705,0.12484550476074219
500,1,6.1823999999999995,1.68,1,1,1,21,0.17537841153071226,0.23952791448064725,0.3582892527224748,0.6076431274414062,0.1325535774230957
500,1,6.1823999999999995,1.68,1,1,1,22,0.1750828462106,0.21954156220147794,0.33443615595090553,0.6010332107543945,0.14644956588745117
500,1,6.1823999999999995,1.68,1,1,1,23,0.17973237427755911,0.23712830189075337,0.36611974836171446,0.6775903701782227,0.15653324127197266
500,1,6.1823999999999995,1.68,1,1,1,24,0.1903922090628823,0.22804049328814366,0.33221834700930813,0.6895544528961182,0.1345658302307129
500,1,6.5076,1.74,1,1,1,0,0.18387705232521034,0.27913227964789783,0.3420131909368234,0.6325721740722656,0.14904570579528809
500,1,6.5076,1.74,1,1,1,1,0.1947417709575588,0.264090237724148,0.4307304583272432,0.6364626884460449,0.1415243148803711
500,1,6.5076,1.74,1,1,1,2,0.17871887826554234,0.2685456403651002,0.35717654567917095,0.6728074550628662,0.13700294494628906
500,1,6.5076,1.74,1,1,1,3,0.17508488521468704,0.2662708008900735,0.41751378250260296,0.8273947238922119,0.16307497024536133
500,1,6.5076,1.74,1,1,1,4,0.18419987937344595,0.25565520031247524,0.3402191663017369,0.6326167583465576,0.12814784049987793
500,1,6.5076,1.74,1,1,1,5,0.17748166111403763,0.2424844568665843,0.33896619790737065,0.7223422527313232,0.13952207565307617
500,1,6.5076,1.74,1,1,1,6,0.17034097484872385,0.2031184776870592,0.3598484800336586,0.618659257888794,0.12261581420898438
500,1,6.5076,1.74,1,1,1,7,0.1902801491675276,0.23387863550694624,0.3438414536040632,0.6970977783203125,0.13052034378051758
500,1,6.5076,1.74,1,1,1,8,0.1663858236329822,0.2695015030636485,0.36521664146199573,0.6711609363555908,0.16866087913513184
500,1,6.5076,1.74,1,1,1,9,0.16077299169313097,0.2345948134796899,0.3466245772684627,0.7450973987579346,0.1300053596496582
500,1,6.5076,1.74,1,1,1,10,0.21145040211277147,0.27449926222115634,0.38898889286109517,0.6580729484558105,0.14647746086120605
500,1,6.5076,1.74,1,1,1,11,0.16009897830130673,0.2496219150853006,0.39919267258883984,0.829474925994873,0.1300218105316162
500,1,6.5076,1.74,1,1,1,12,0.1604169897568458,0.22764946092681154,0.3694597594804882,0.809016227722168,0.13409090042114258
500,1,6.5076,1.74,1,1,1,13,0.16461096495376185,0.24438611752356448,0.3629985045194362,0.6236488819122314,0.1320793628692627
500,1,6.5076,1.74,1,1,1,14,0.1864534853971724,0.2405782000080109,0.3528701386752155,0.7260129451751709,0.10536956787109375
500,1,6.5076,1.74,1,1,1,15,0.18208493939275383,0.2591184857118994,0.3550607616894184,0.6430389881134033,0.14023280143737793
500,1,6.5076,1.74,1,1,1,16,0.16531569605487562,0.24460739162594644,0.3747222750061544,0.8496878147125244,0.14393949508666992
500,1,6.5076,1.74,1,1,1,17,0.18438828149498515,0.24297699419052557,0.3838132227116049,0.6834762096405029,0.13503265380859375
500,1,6.5076,1.74,1,1,1,18,0.18185294081990877,0.2254678776556795,0.3669888346196397,0.6793422698974609,0.1401658058166504
500,1,6.5076,1.74,1,1,1,19,0.15982492515656566,0.2746893615235242,0.4048087935478662,0.6317310333251953,0.14051508903503418
500,1,6.5076,1.74,1,1,1,20,0.19717650511594567,0.23996735368745983,0.3642752132537853,0.6961066722869873,0.10452151298522949
500,1,6.5076,1.74,1,1,1,21,0.17052244240788997,0.23330589741664248,0.3699834833862774,0.8617908954620361,0.14473676681518555
500,1,6.5076,1.74,1,1,1,22,0.1794664750995148,0.25494949749621226,0.35482848758644253,0.6949701309204102,0.12463188171386719
500,1,6.5076,1.74,1,1,1,23,0.17317594603933656,0.23628115276684153,0.3507527932052634,0.6544265747070312,0.13066887855529785
500,1,6.5076,1.74,1,1,1,24,0.1818136274468125,0.2247509679947776,0.3312003404148903,0.6286823749542236,0.11452126502990723
500,1,6.839999999999999,1.7999999999999998,1,1,1,0,0.17523784457976305,0.22735760194309476,0.34914814907143954,0.6935510635375977,0.14638733863830566
500,1,6.839999999999999,1.7999999999999998,1,1,1,1,0.15904349368497436,0.2109793610802191,0.3399851257282797,0.6813435554504395,0.12252616882324219
500,1,6.839999999999999,1.7999999999999998,1,1,1,2,0.16067679688200434,0.23979436230451975,0.34682869120315796,0.7530715465545654,0.16726422309875488
500,1,6.839999999999999,1.7999999999999998,1,1,1,3,0.17779032145594784,0.32269359424259353,0.40711295962164273,0.7022557258605957,0.1300945281982422
500,1,6.839999999999999,1.7999999999999998,1,1,1,4,0.18136240551917288,0.27093082645587685,0.37816279592217616,0.6168725490570068,0.13125324249267578
500,1,6.839999999999999,1.7999999999999998,1,1,1,5,0.16637845163241002,0.22749289024500832,0.32380207238252695,0.7264540195465088,0.13207197189331055
500,1,6.839999999999999,1.7999999999999998,1,1,1,6,0.19054663255459864,0.22539049369603467,0.35185678566172657,0.6356096267700195,0.1551194190979004
500,1,6.839999999999999,1.7999999999999998,1,1,1,7,0.16137486630562548,0.24847940428009416,0.34042437246369345,0.748664379119873,0.12151503562927246
500,1,6.839999999999999,1.7999999999999998,1,1,1,8,0.17412606121699314,0.2172333306286314,0.35679231122358435,0.6449887752532959,0.1094961166381836
500,1,6.839999999999999,1.7999999999999998,1,1,1,9,0.1648667132830484,0.2517252293871341,0.36062077479809956,0.8484463691711426,0.1510937213897705
500,1,6.839999999999999,1.7999999999999998,1,1,1,10,0.17979669707181836,0.27055358464418794,0.37149275695507805,0.6727943420410156,0.15680789947509766
500,1,6.839999999999999,1.7999999999999998,1,1,1,11,0.17014806342748215,0.278421138326979,0.39867224253100764,0.7240769863128662,0.12051987648010254
500,1,6.839999999999999,1.7999999999999998,1,1,1,12,0.18382920659751767,0.25707936206583637,0.44090856866335404,0.7089104652404785,0.12595057487487793
500,1,6.839999999999999,1.7999999999999998,1,1,1,13,0.20753349279933941,0.23784357391126898,0.36379771427612867,0.6516668796539307,0.10851931571960449
500,1,6.839999999999999,1.7999999999999998,1,1,1,14,0.17224480018715996,0.25548271865212296,0.40755186084574213,0.7951691150665283,0.14242100715637207
500,1,6.839999999999999,1.7999999999999998,1,1,1,15,0.19978897176747898,0.23696739712746873,0.39426980633183745,0.6338534355163574,0.11755537986755371
500,1,6.839999999999999,1.7999999999999998,1,1,1,16,0.16620813883431992,0.22563625532189518,0.36860449061738887,0.7686758041381836,0.13759541511535645
500,1,6.839999999999999,1.7999999999999998,1,1,1,17,0.20469701608500682,0.24523208371316388,0.35260782560746345,0.6395962238311768,0.12078118324279785
500,1,6.839999999999999,1.7999999999999998,1,1,1,18,0.16559421740965644,0.2390771607733235,0.38105069615582,0.8406627178192139,0.15491080284118652
500,1,6.839999999999999,1.7999999999999998,1,1,1,19,0.2020868694907222,0.23992701915995462,0.40976622643515825,0.8590235710144043,0.15054082870483398
500,1,6.839999999999999,1.7999999999999998,1,1,1,20,0.17410212943155454,0.2571863530561092,0.3364949675361728,0.6607906818389893,0.14309477806091309
500,1,6.839999999999999,1.7999999999999998,1,1,1,21,0.16496662851952348,0.26702782648763074,0.3644237631485498,0.711348295211792,0.12706613540649414
500,1,6.839999999999999,1.7999999999999998,1,1,1,22,0.17931441474491153,0.24480628960399337,0.37445763543157595,0.7188799381256104,0.12254905700683594
500,1,6.839999999999999,1.7999999999999998,1,1,1,23,0.18879634297971268,0.2499410797807679,0.3829028769168674,0.6392099857330322,0.1454770565032959
500,1,6.839999999999999,1.7999999999999998,1,1,1,24,0.16811493006552414,0.24356475472357664,0.39394285022979525,0.7081661224365234,0.11463403701782227
500,1,7.179599999999999,1.8599999999999999,1,1,1,0,0.17192745966479267,0.25106396062934233,0.359085323959909,0.6126954555511475,0.1269693374633789
500,1,7.179599999999999,1.8599999999999999,1,1,1,1,0.18735095854273245,0.2540067382385716,0.32993358566867553,0.6738944053649902,0.13100075721740723
500,1,7.179599999999999,1.8599999999999999,1,1,1,2,0.19239567176140754,0.24707492553861163,0.3869628188624339,0.815082311630249,0.16386961936950684
500,1,7.179599999999999,1.8599999999999999,1,1,1,3,0.16238377241877044,0.25321530951224297,0.35245364602470597,0.7252914905548096,0.11604642868041992
500,1,7.179599999999999,1.8599999999999999,1,1,1,4,0.17671741862214557,0.250363462237326,0.3962444974081739,0.6528544425964355,0.12021827697753906
500,1,7.179599999999999,1.8599999999999999,1,1,1,5,0.1604243689133484,0.24000025353328525,0.321308764950066,0.6777284145355225,0.1370539665222168
500,1,7.179599999999999,1.8599999999999999,1,1,1,6,0.19172883063596804,0.23429785643321221,0.369654153640748,0.6455488204956055,0.13984036445617676
500,1,7.179599999999999,1.8599999999999999,1,1,1,7,0.17114195753159084,0.28628965925139027,0.4574316167829811,0.6813023090362549,0.11204028129577637
500,1,7.179599999999999,1.8599999999999999,1,1,1,8,0.17276731493761138,0.27595235825277975,0.3741555157836782,0.666201114654541,0.1115272045135498
500,1,7.179599999999999,1.8599999999999999,1,1,1,9,0.16247064442283213,0.252198541495879,0.38155626039003154,0.6663284301757812,0.12318134307861328
500,1,7.179599999999999,1.8599999999999999,1,1,1,10,0.16909626749638684,0.26800304332765923,0.33334104426436545,0.6351416110992432,0.13627266883850098
500,1,7.179599999999999,1.8599999999999999,1,1,1,11,0.18451916527878648,0.2599523428965137,0.4045538387168519,0.8982815742492676,0.16995477676391602
500,1,7.179599999999999,1.8599999999999999,1,1,1,12,0.1774349905166853,0.2700584563000674,0.3857422451510346,0.6027026176452637,0.14730429649353027
500,1,7.179599999999999,1.8599999999999999,1,1,1,13,0.15967868918603584,0.24208085150547035,0.3734241056960446,0.6887252330780029,0.1155238151550293
500,1,7.179599999999999,1.8599999999999999,1,1,1,14,0.17005696698347503,0.27512560094365024,0.38869817995252354,0.5784168243408203,0.14725923538208008
500,1,7.179599999999999,1.8599999999999999,1,1,1,15,0.16364483477212252,0.26399236627438594,0.34612235309471945,0.691119909286499,0.14617204666137695
500,1,7.179599999999999,1.8599999999999999,1,1,1,16,0.1830539539077736,0.26989729254743156,0.4055620608743329,0.6684165000915527,0.12103509902954102
500,1,7.179599999999999,1.8599999999999999,1,1,1,17,0.17500805768995287,0.27808239731555684,0.4353814555487037,0.7131681442260742,0.12656211853027344
500,1,7.179599999999999,1.8599999999999999,1,1,1,18,0.17076081295292492,0.2734212956180599,0.39865395219953703,0.646573543548584,0.1449441909790039
500,1,7.179599999999999,1.8599999999999999,1,1,1,19,0.21015102259276136,0.24412308405026548,0.3828150501310992,0.6988494396209717,0.11551523208618164
500,1,7.179599999999999,1.8599999999999999,1,1,1,20,0.16948244982813032,0.24452697442175864,0.3662461867981721,0.8447878360748291,0.15053510665893555
500,1,7.179599999999999,1.8599999999999999,1,1,1,21,0.18038385838494744,0.228741691139479,0.34864433926570193,0.7370960712432861,0.11641621589660645
500,1,7.179599999999999,1.8599999999999999,1,1,1,22,0.17991736581499612,0.294300528698263,0.4239456183777347,0.6715188026428223,0.1379246711730957
500,1,7.179599999999999,1.8599999999999999,1,1,1,23,0.17999900550783368,0.23332912035277134,0.35545516811770483,0.6206731796264648,0.14815473556518555
500,1,7.179599999999999,1.8599999999999999,1,1,1,24,0.19489870641985838,0.30940666316723253,0.4346701566856374,0.6650936603546143,0.12346029281616211
500,1,7.5264,1.92,1,1,1,0,0.20201873312883387,0.27316298329727207,0.3635766595673814,0.6500301361083984,0.14110088348388672
500,1,7.5264,1.92,1,1,1,1,0.17906235058944617,0.26751411821825943,0.44657646880770563,0.6238887310028076,0.13503623008728027
500,1,7.5264,1.92,1,1,1,2,0.1941558253432857,0.2599714766279745,0.396718932514769,0.7071447372436523,0.13774919509887695
500,1,7.5264,1.92,1,1,1,3,0.2286123773752645,0.24978042384181065,0.3404188559595176,0.8944029808044434,0.15810513496398926
500,1,7.5264,1.92,1,1,1,4,0.17474878995615173,0.24446978114300377,0.34455603386275685,0.8255267143249512,0.16306829452514648
500,1,7.5264,1.92,1,1,1,5,0.18302398075076975,0.3042009731340067,0.4429834074738008,0.632117509841919,0.1231231689453125
500,1,7.5264,1.92,1,1,1,6,0.1834019342003381,0.24473328848921128,0.35612218219399594,0.6821284294128418,0.11952900886535645
500,1,7.5264,1.92,1,1,1,7,0.17733776425377348,0.2402105721234823,0.35045665020141614,0.6657130718231201,0.14413857460021973
500,1,7.5264,1.92,1,1,1,8,0.15810294112353954,0.2597635858693709,0.3717685293906262,0.7920093536376953,0.14253878593444824
500,1,7.5264,1.92,1,1,1,9,0.18169456494609476,0.2355232723816084,0.34452879421050187,0.6794323921203613,0.11686587333679199
500,1,7.5264,1.92,1,1,1,10,0.18833899845758706,0.30220652881020854,0.42806783833773804,0.724266529083252,0.12610650062561035
500,1,7.5264,1.92,1,1,1,11,0.1694498788493483,0.27769827630495675,0.3691370528060889,0.5939576625823975,0.15669965744018555
500,1,7.5264,1.92,1,1,1,12,0.17158658980322564,0.24350063644732262,0.38558185439330717,0.6842548847198486,0.14092016220092773
500,1,7.5264,1.92,1,1,1,13,0.18020742474473977,0.2674787907304207,0.3884683698779571,0.8741672039031982,0.16309618949890137
500,1,7.5264,1.92,1,1,1,14,0.18694424118096478,0.30542454132759234,0.43612261021383414,0.7097547054290771,0.12707161903381348
500,1,7.5264,1.92,1,1,1,15,0.20082714160473497,0.29843646928454504,0.41304897421878817,0.6710245609283447,0.10931015014648438
500,1,7.5264,1.92,1,1,1,16,0.17574618344113208,0.28478583506993144,0.41298477822785007,0.6698799133300781,0.10954904556274414
500,1,7.5264,1.92,1,1,1,17,0.15747211829626734,0.2683434090134084,0.38215488039993983,0.5919840335845947,0.11381316184997559
500,1,7.5264,1.92,1,1,1,18,0.19541744955387844,0.26620067395740127,0.34852862875534346,0.7770893573760986,0.13350534439086914
500,1,7.5264,1.92,1,1,1,19,0.17199775805811832,0.2717770875910469,0.41674502722569196,0.6477596759796143,0.13342738151550293
500,1,7.5264,1.92,1,1,1,20,0.16616602475206393,0.27679063621375666,0.4204902212937641,0.7425365447998047,0.1354198455810547
500,1,7.5264,1.92,1,1,1,21,0.1917497279315401,0.27383608482234423,0.4107439682185894,0.6245930194854736,0.1435253620147705
500,1,7.5264,1.92,1,1,1,22,0.1882919837588903,0.30567037650919077,0.4133901812063814,0.8496739864349365,0.15558934211730957
500,1,7.5264,1.92,1,1,1,23,0.23669408350598228,0.2277358771518568,0.3481604314577236,0.6335301399230957,0.11352396011352539
500,1,7.5264,1.92,1,1,1,24,0.17473500262694266,0.26353755390815303,0.35160775458024607,0.6605143547058105,0.13553380966186523
500,1,7.8804,1.98,1,1,1,0,0.18136492275075541,0.30358416563948487,0.4540562655389175,0.6840951442718506,0.13506674766540527
500,1,7.8804,1.98,1,1,1,1,0.21838903444885147,0.2796667139018317,0.4040752302904234,0.6756401062011719,0.12953472137451172
500,1,7.8804,1.98,1,1,1,2,0.17692356220386868,0.255459171433052,0.36347416819187633,0.7252492904663086,0.1330873966217041
500,1,7.8804,1.98,1,1,1,3,0.17529436106500337,0.2959046229453338,0.3870161114344449,0.681236743927002,0.13915729522705078
500,1,7.8804,1.98,1,1,1,4,0.1595385593152439,0.2986244851725561,0.4293776748443449,0.6214258670806885,0.13611221313476562
500,1,7.8804,1.98,1,1,1,5,0.19067008521231765,0.24967744545743242,0.3893164651847123,0.6737909317016602,0.1175239086151123
500,1,7.8804,1.98,1,1,1,6,0.18609660510744158,0.2866167695770786,0.43128665128535454,0.8685991764068604,0.15216398239135742
500,1,7.8804,1.98,1,1,1,7,0.16293695697227475,0.27034055710450416,0.34538177857227415,0.7312395572662354,0.11252355575561523
500,1,7.8804,1.98,1,1,1,8,0.19081985931132817,0.25320711106082666,0.4064119971298872,0.6398999691009521,0.11978650093078613
500,1,7.8804,1.98,1,1,1,9,0.19016942257531955,0.24510674633939564,0.3602132009236211,0.7207648754119873,0.11353325843811035
500,1,7.8804,1.98,1,1,1,10,0.18950991518516466,0.276445297523778,0.41737433744688024,0.6666126251220703,0.15379714965820312
500,1,7.8804,1.98,1,1,1,11,0.1574327533956246,0.29822490173102534,0.3882231770391891,0.8444349765777588,0.16408181190490723
500,1,7.8804,1.98,1,1,1,12,0.155214976467411,0.2612703305743617,0.34643083602493396,0.6240224838256836,0.14742708206176758
500,1,7.8804,1.98,1,1,1,13,0.16762445295190592,0.27656144861360343,0.3468990698260319,0.6466035842895508,0.11905574798583984
500,1,7.8804,1.98,1,1,1,14,0.17372710712520853,0.257493702750224,0.3766561803122611,0.6757519245147705,0.12628173828125
500,1,7.8804,1.98,1,1,1,15,0.18507082192629976,0.2675120370689691,0.36978951019620987,0.7974998950958252,0.16811490058898926
500,1,7.8804,1.98,1,1,1,16,0.16509684517939344,0.27668414931474294,0.34766756704109836,0.6954548358917236,0.11223030090332031
500,1,7.8804,1.98,1,1,1,17,0.1692991093888105,0.3340749642725326,0.47077640128349163,0.660991907119751,0.1545109748840332
500,1,7.8804,1.98,1,1,1,18,0.18192610993648325,0.248378635990836,0.42109509032767967,0.6400580406188965,0.1187598705291748
500,1,7.8804,1.98,1,1,1,19,0.1815387049019968,0.26587105045753257,0.3904876295205373,0.6560444831848145,0.16365981101989746
500,1,7.8804,1.98,1,1,1,20,0.16473630453970195,0.25933240625221854,0.39882561892657054,0.7457642555236816,0.13112640380859375
500,1,7.8804,1.98,1,1,1,21,0.19470873557971655,0.26007936537220183,0.3988764321195235,0.6500217914581299,0.14213085174560547
500,1,7.8804,1.98,1,1,1,22,0.1754948848776587,0.2515255066353904,0.37005243329941484,0.6993162631988525,0.10455560684204102
500,1,7.8804,1.98,1,1,1,23,0.17874785337353893,0.27297841459437083,0.3925118092647434,0.6079349517822266,0.15605783462524414
500,1,7.8804,1.98,1,1,1,24,0.1967762188452993,0.22929960440342406,0.33227479861769127,0.8408639430999756,0.15154385566711426
500,1,8.2416,2.04,1,1,1,0,0.19386087853512707,0.29498126885154985,0.45135526438151224,0.6348490715026855,0.1304330825805664
500,1,8.2416,2.04,1,1,1,1,0.17983742823106838,0.26467305149368914,0.37744720414750244,0.7036712169647217,0.11603474617004395
500,1,8.2416,2.04,1,1,1,2,0.1665609314568269,0.2554963945222482,0.38526616990767903,0.6746780872344971,0.15596699714660645
500,1,8.2416,2.04,1,1,1,3,0.19388338827624021,0.2605937156460275,0.44954378875646794,0.7203166484832764,0.12515950202941895
500,1,8.2416,2.04,1,1,1,4,0.20730260875801576,0.266704944952579,0.42259073745877773,0.6465823650360107,0.1470646858215332
500,1,8.2416,2.04,1,1,1,5,0.17502344587907817,0.25934532771216057,0.39140368511645507,0.7556047439575195,0.12752604484558105
500,1,8.2416,2.04,1,1,1,6,0.18785454972041132,0.24823523895222147,0.35618593118003716,0.6685528755187988,0.14387130737304688
500,1,8.2416,2.04,1,1,1,7,0.18847902933630672,0.2571462351676363,0.39007188111396285,0.6605949401855469,0.12753534317016602
500,1,8.2416,2.04,1,1,1,8,0.18748923273752954,0.2823710335090145,0.402593860686133,0.8391478061676025,0.16854119300842285
500,1,8.2416,2.04,1,1,1,9,0.17942031149821275,0.28760922103098324,0.39659209949755964,0.6622579097747803,0.13793253898620605
500,1,8.2416,2.04,1,1,1,10,0.17876497714870646,0.23139841816480294,0.35467291342482565,0.7324535846710205,0.12805843353271484
500,1,8.2416,2.04,1,1,1,11,0.2090788912177532,0.31546182021110936,0.4395759977616045,0.6677205562591553,0.11852693557739258
500,1,8.2416,2.04,1,1,1,12,0.16920370848439595,0.24997561843154323,0.37138508424585903,0.6554434299468994,0.15514302253723145
500,1,8.2416,2.04,1,1,1,13,0.18083034948013763,0.2628578421997596,0.40640508461487446,0.6582739353179932,0.10453629493713379
500,1,8.2416,2.04,1,1,1,14,0.1961445407961115,0.2582082939159363,0.3705092069897595,0.6632888317108154,0.12452530860900879
500,1,8.2416,2.04,1,1,1,15,0.18467512495622415,0.30925261895596007,0.3611602474266904,0.6305937767028809,0.12707018852233887
500,1,8.2416,2.04,1,1,1,16,0.16366528155399754,0.27603740333321247,0.36143832366349304,0.7083456516265869,0.1225740909576416
500,1,8.2416,2.04,1,1,1,17,0.1763683470193484,0.3002765155012007,0.38448846679482335,0.9092750549316406,0.1531541347503662
500,1,8.2416,2.04,1,1,1,18,0.15280179148633047,0.2821540089017699,0.350477923946624,0.6672112941741943,0.12807631492614746
500,1,8.2416,2.04,1,1,1,19,0.17142029216939692,0.31486277329273626,0.36293968679585975,0.6765987873077393,0.12697696685791016
500,1,8.2416,2.04,1,1,1,20,0.2006349514470776,0.26045548791057543,0.37990582007463763,0.852564811706543,0.15004301071166992
500,1,8.2416,2.04,1,1,1,21,0.19573493638973047,0.2810631397964517,0.4243311238493863,0.8101239204406738,0.15420222282409668
500,1,8.2416,2.04,1,1,1,22,0.181651909529542,0.2566670488948857,0.4141919398008831,0.7346117496490479,0.11913633346557617
500,1,8.2416,2.04,1,1,1,23,0.1779998010619675,0.26158057357330067,0.358851311816654,0.6659801006317139,0.13100886344909668
500,1,8.2416,2.04,1,1,1,24,0.20167365368501874,0.25170591736331616,0.3904767522813962,0.6939539909362793,0.1183323860168457
500,1,8.61,2.1,1,1,1,0,0.15579613011956006,0.23759244099607357,0.35633444734723,0.6357176303863525,0.14762234687805176
500,1,8.61,2.1,1,1,1,1,0.19637605609144168,0.27850611456066104,0.4500659511477362,0.8756234645843506,0.15257024765014648
500,1,8.61,2.1,1,1,1,2,0.1617470039782167,0.2663572507049141,0.35872070297245706,0.6840419769287109,0.1516129970550537
500,1,8.61,2.1,1,1,1,3,0.18409601180361404,0.2682268359119193,0.38870786933276635,0.6678400039672852,0.12754011154174805
500,1,8.61,2.1,1,1,1,4,0.17377686389501915,0.26609944962481485,0.38305647543076204,0.6450803279876709,0.14552760124206543
500,1,8.61,2.1,1,1,1,5,0.1755416930066568,0.25565908882883925,0.4276545698508797,0.7388014793395996,0.15052056312561035
500,1,8.61,2.1,1,1,1,6,0.1753315097090419,0.2949828996796089,0.4032195746069468,0.6514487266540527,0.12428522109985352
500,1,8.61,2.1,1,1,1,7,0.1660671180302981,0.2952340005861469,0.37157897144153396,0.6939272880554199,0.13606977462768555
500,1,8.61,2.1,1,1,1,8,0.20342955491118228,0.2677195896353784,0.40149341383845427,0.6252171993255615,0.14700770378112793
500,1,8.61,2.1,1,1,1,9,0.1695627521880061,0.27628828091464736,0.38366353802004294,0.6789946556091309,0.12710022926330566
500,1,8.61,2.1,1,1,1,10,0.16767387087477328,0.29459167871318453,0.3852087615432837,0.8640954494476318,0.15653276443481445
500,1,8.61,2.1,1,1,1,11,0.17616391675078646,0.3776116383544407,0.5143871218472995,0.7426362037658691,0.09952402114868164
500,1,8.61,2.1,1,1,1,12,0.1796785219053197,0.30852795210095996,0.4010228115703932,0.8564534187316895,0.15207576751708984
500,1,8.61,2.1,1,1,1,13,0.1678642214147271,0.27254170773935815,0.3800387865510393,0.714026689529419,0.1381516456604004
500,1,8.61,2.1,1,1,1,14,0.14498958915324633,0.2659185174407938,0.3518921865916375,0.8425889015197754,0.1355292797088623
500,1,8.61,2.1,1,1,1,15,0.18299122235267185,0.28308509142058447,0.37661733693452054,0.645470380783081,0.10917973518371582
500,1,8.61,2.1,1,1,1,16,0.16616028174346478,0.27122478554000506,0.39063534744073847,0.6339833736419678,0.14304733276367188
500,1,8.61,2.1,1,1,1,17,0.1680513132681312,0.2589680217586291,0.39846114260399557,0.8248434066772461,0.1544950008392334
500,1,8.61,2.1,1,1,1,18,0.16070511813279564,0.28227001708813126,0.34712998045124194,0.6767292022705078,0.13052010536193848
500,1,8.61,2.1,1,1,1,19,0.19868952314814126,0.23444948731102347,0.3974564672457928,0.6839540004730225,0.11603832244873047
500,1,8.61,2.1,1,1,1,20,0.18467939658759344,0.2596568930951469,0.33477615168530694,0.8009521961212158,0.1540975570678711
500,1,8.61,2.1,1,1,1,21,0.15517026293905997,0.2779877995261615,0.37636191481036974,0.7047114372253418,0.14905023574829102
500,1,8.61,2.1,1,1,1,22,0.17372474414591543,0.2764829342098774,0.38024725459087827,0.63468337059021,0.16308856010437012
500,1,8.61,2.1,1,1,1,23,0.19311545198835572,0.3204479032144642,0.4684178484694729,0.8660058975219727,0.16885924339294434
500,1,8.61,2.1,1,1,1,24,0.18623850437044667,0.25550446004974775,0.3688438504215689,0.683150053024292,0.1374213695526123
500,1,8.985600000000002,2.16,1,1,1,0,0.17815203284698525,0.2661821915907516,0.39179738410757314,0.6884970664978027,0.13608407974243164
500,1,8.985600000000002,2.16,1,1,1,1,0.18051565679163595,0.3503371173979179,0.402396222632632,0.6395199298858643,0.10840034484863281
500,1,8.985600000000002,2.16,1,1,1,2,0.1754287731742392,0.37150841800541956,0.4985698614027544,0.6699607372283936,0.14324522018432617
500,1,8.985600000000002,2.16,1,1,1,3,0.16481154965264555,0.2704906319484149,0.38162982857472805,0.947648286819458,0.16522860527038574
500,1,8.985600000000002,2.16,1,1,1,4,0.23709512199696184,0.2991798333296769,0.5362749553266387,0.7507178783416748,0.13209128379821777
500,1,8.985600000000002,2.16,1,1,1,5,0.1830506196747802,0.31297305997356395,0.43453929619565795,0.6983487606048584,0.12500619888305664
500,1,8.985600000000002,2.16,1,1,1,6,0.17769166917491241,0.3463360630406308,0.4787797565881212,0.6622557640075684,0.14262104034423828
500,1,8.985600000000002,2.16,1,1,1,7,0.18151402635227817,0.26181521453449347,0.4040356806938312,0.8825881481170654,0.14377832412719727
500,1,8.985600000000002,2.16,1,1,1,8,0.15896880833343408,0.2609650398159741,0.38617873782103435,0.6542210578918457,0.15652012825012207
500,1,8.985600000000002,2.16,1,1,1,9,0.17866661167349476,0.31930448159890046,0.44421819621872105,0.6607909202575684,0.14152193069458008
500,1,8.985600000000002,2.16,1,1,1,10,0.17620762103232473,0.30302637017210843,0.4018513524333174,0.6731140613555908,0.14401483535766602
500,1,8.985600000000002,2.16,1,1,1,11,0.1631522856059979,0.3074411680440991,0.414758493887951,0.7311456203460693,0.13902926445007324
500,1,8.985600000000002,2.16,1,1,1,12,0.17921490608898652,0.29963552080197403,0.4059244382478235,0.6352832317352295,0.1354844570159912
500,1,8.985600000000002,2.16,1,1,1,13,0.19670519529064143,0.3535199177959856,0.4538511632810831,0.6700708866119385,0.1298375129699707
500,1,8.985600000000002,2.16,1,1,1,14,0.17350103155955246,0.2520838863414636,0.3750297202434471,0.7144773006439209,0.10886049270629883
500,1,8.985600000000002,2.16,1,1,1,15,0.16200987580055515,0.28731593293210417,0.40310399708121064,0.6665747165679932,0.1529548168182373
500,1,8.985600000000002,2.16,1,1,1,16,0.1692452887851067,0.33457748642972723,0.4138679268236208,0.7888369560241699,0.15392065048217773
500,1,8.985600000000002,2.16,1,1,1,17,0.15520315438295348,0.26957343198090694,0.3553158291317541,0.6433737277984619,0.15470623970031738
500,1,8.985600000000002,2.16,1,1,1,18,0.17540153437348996,0.2769892486136248,0.40045380219085613,0.6628210544586182,0.13512444496154785
500,1,8.985600000000002,2.16,1,1,1,19,0.1694269929820903,0.29626534100123203,0.41966018155664775,0.628939151763916,0.14922690391540527
500,1,8.985600000000002,2.16,1,1,1,20,0.18585791159787993,0.3715104548074649,0.5204207407353252,0.7268292903900146,0.17722272872924805
500,1,8.985600000000002,2.16,1,1,1,21,0.175542306111829,0.32333049363990607,0.49887279975173504,0.5999841690063477,0.13443946838378906
500,1,8.985600000000002,2.16,1,1,1,22,0.16476162675657124,0.295486149226706,0.4054403907174519,0.6422867774963379,0.14757657051086426
500,1,8.985600000000002,2.16,1,1,1,23,0.17795929864094084,0.28523003479986525,0.42642140579115007,0.6996004581451416,0.10859203338623047
500,1,8.985600000000002,2.16,1,1,1,24,0.18012079279772297,0.28531495453413286,0.37703732544709856,0.6686677932739258,0.13569307327270508
500,1,9.368399999999998,2.2199999999999998,1,1,1,0,0.1841563437406243,0.28135287009295973,0.3676022239461886,0.8709354400634766,0.15429282188415527
500,1,9.368399999999998,2.2199999999999998,1,1,1,1,0.17854450606288755,0.34289190156825894,0.4144958411720233,0.669886589050293,0.1519145965576172
500,1,9.368399999999998,2.2199999999999998,1,1,1,2,0.16255853772867354,0.28680172167274326,0.3852376893063897,0.6958253383636475,0.11774015426635742
500,1,9.368399999999998,2.2199999999999998,1,1,1,3,0.17098976133901228,0.3072198792843839,0.4248751477223009,0.6249065399169922,0.15175414085388184
500,1,9.368399999999998,2.2199999999999998,1,1,1,4,0.20930090518726308,0.32236328032955036,0.4334394470177193,0.7168354988098145,0.16038727760314941
500,1,9.368399999999998,2.2199999999999998,1,1,1,5,0.16717020814788236,0.2862995491903576,0.42191923587283886,0.705054759979248,0.1336498260498047
500,1,9.368399999999998,2.2199999999999998,1,1,1,6,0.17825134232205128,0.3154650756213598,0.4139726928897738,0.6325268745422363,0.14826679229736328
500,1,9.368399999999998,2.2199999999999998,1,1,1,7,0.17422406682903474,0.2762099341972967,0.41532022334717544,0.6863894462585449,0.1096184253692627
500,1,9.368399999999998,2.2199999999999998,1,1,1,8,0.1834635367411549,0.3164751316039028,0.48896410136273355,0.723867654800415,0.1234445571899414
500,1,9.368399999999998,2.2199999999999998,1,1,1,9,0.2092099717397356,0.2677008526543354,0.3961482395784962,0.7942609786987305,0.17371034622192383
500,1,9.368399999999998,2.2199999999999998,1,1,1,10,0.17219856631624955,0.2763275274400638,0.4007588609642482,0.6405789852142334,0.1582944393157959
500,1,9.368399999999998,2.2199999999999998,1,1,1,11,0.179025928246785,0.2681946013920696,0.4216749180674506,0.6662118434906006,0.1134943962097168
500,1,9.368399999999998,2.2199999999999998,1,1,1,12,0.17694929948509336,0.2791342939425888,0.39295075941033153,0.807276725769043,0.1712048053741455
500,1,9.368399999999998,2.2199999999999998,1,1,1,13,0.20836960348949066,0.28564047242123486,0.37628891834943484,0.8297920227050781,0.17678141593933105
500,1,9.368399999999998,2.2199999999999998,1,1,1,14,0.20743666085476328,0.2990549184307378,0.4095555380934823,0.6841027736663818,0.1435835361480713
500,1,9.368399999999998,2.2199999999999998,1,1,1,15,0.17865519005520608,0.32670987766562415,0.42979814689146323,0.6467809677124023,0.11260795593261719
500,1,9.368399999999998,2.2199999999999998,1,1,1,16,0.16430784789156785,0.29141683897694765,0.4476602575296794,0.6904702186584473,0.12263131141662598
500,1,9.368399999999998,2.2199999999999998,1,1,1,17,0.18817825114377063,0.3091283582409524,0.41349305517215074,0.7059576511383057,0.15577077865600586
500,1,9.368399999999998,2.2199999999999998,1,1,1,18,0.17563996386562664,0.34072999078484845,0.4161738131744795,0.6629073619842529,0.10161018371582031
500,1,9.368399999999998,2.2199999999999998,1,1,1,19,0.20487229159918846,0.33874719685907645,0.39997959258589827,0.6879348754882812,0.12347221374511719
500,1,9.368399999999998,2.2199999999999998,1,1,1,20,0.16807283050471108,0.2843832433189151,0.3977151646148891,0.6038870811462402,0.14400959014892578
500,1,9.368399999999998,2.2199999999999998,1,1,1,21,0.18050728081449635,0.2829112821170579,0.3903913642162247,0.7077333927154541,0.11372756958007812
500,1,9.368399999999998,2.2199999999999998,1,1,1,22,0.15256900343467614,0.3089567056963984,0.42409527171525313,0.823728084564209,0.1561143398284912
500,1,9.368399999999998,2.2199999999999998,1,1,1,23,0.1641648741714786,0.27201366511844566,0.3672646623221213,0.6364040374755859,0.1480095386505127
500,1,9.368399999999998,2.2199999999999998,1,1,1,24,0.1656717772381837,0.28761312102153885,0.4242305325130381,0.7305862903594971,0.12743139266967773
500,1,9.758399999999998,2.28,1,1,1,0,0.1926423145999695,0.36525850621249756,0.4271056345166898,0.6497831344604492,0.13805770874023438
500,1,9.758399999999998,2.28,1,1,1,1,0.1936988454323578,0.289461243435652,0.3528863904157613,0.8089935779571533,0.1360766887664795
500,1,9.758399999999998,2.28,1,1,1,2,0.16957943511486356,0.373878894016917,0.45060496910278847,0.6906681060791016,0.13339924812316895
500,1,9.758399999999998,2.28,1,1,1,3,0.17884567224739178,0.2882843523850361,0.4288746434073727,0.8322353363037109,0.1413125991821289
500,1,9.758399999999998,2.28,1,1,1,4,0.18088401766856899,0.31149854303593455,0.3952781748523342,0.6145048141479492,0.14034199714660645
500,1,9.758399999999998,2.28,1,1,1,5,0.16546629704530882,0.26010374044417006,0.3497126105190673,0.6863443851470947,0.13171076774597168
500,1,9.758399999999998,2.28,1,1,1,6,0.18275359212353534,0.2902547939398379,0.42945771041254327,0.6772968769073486,0.12262320518493652
500,1,9.758399999999998,2.28,1,1,1,7,0.1499689259710288,0.2895049598442987,0.42441043466476824,0.6225836277008057,0.13584136962890625
500,1,9.758399999999998,2.28,1,1,1,8,0.19893757166586273,0.28938573232749676,0.3941235974338446,0.6388208866119385,0.13080620765686035
500,1,9.758399999999998,2.28,1,1,1,9,0.1808344241681606,0.3167497654391985,0.42200611769728613,0.6024744510650635,0.16205120086669922
500,1,9.758399999999998,2.28,1,1,1,10,0.1702433659473544,0.3209890789038916,0.4246826315194497,0.7470865249633789,0.15675067901611328
500,1,9.758399999999998,2.28,1,1,1,11,0.17589476037947194,0.3109726044785085,0.3882174824677241,0.6483252048492432,0.14717793464660645
500,1,9.758399999999998,2.28,1,1,1,12,0.17436820817539717,0.3312145359815532,0.4365743685154252,0.7771458625793457,0.1515965461730957
500,1,9.758399999999998,2.28,1,1,1,13,0.17386208889375046,0.3261516104829631,0.3898910366565397,0.6493422985076904,0.15298891067504883
500,1,9.758399999999998,2.28,1,1,1,14,0.1821189350779692,0.30569920638728293,0.3700734102352283,0.7486469745635986,0.14717626571655273
500,1,9.758399999999998,2.28,1,1,1,15,0.18028753307009054,0.3243348457118703,0.43520934355163865,0.6543231010437012,0.14312148094177246
500,1,9.758399999999998,2.28,1,1,1,16,0.18966926337516649,0.2767755792093227,0.41008887837734004,0.6190423965454102,0.10163092613220215
500,1,9.758399999999998,2.28,1,1,1,17,0.19755725195903182,0.278834990675106,0.38233269993852526,0.5797319412231445,0.15524649620056152
500,1,9.758399999999998,2.28,1,1,1,18,0.16789696932160258,0.31086114930202285,0.4530884917383829,0.6872789859771729,0.14933085441589355
500,1,9.758399999999998,2.28,1,1,1,19,0.17211548206928115,0.2899990817224227,0.38628678531159144,0.8517348766326904,0.16005682945251465
500,1,9.758399999999998,2.28,1,1,1,20,0.19572401022590458,0.279991401116882,0.3762434016831306,0.8400928974151611,0.11028432846069336
500,1,9.758399999999998,2.28,1,1,1,21,0.18364167940165513,0.2995891821606482,0.4108198557431961,0.601729154586792,0.12498116493225098
500,1,9.758399999999998,2.28,1,1,1,22,0.1870769244857224,0.25180578370951007,0.36605999527052685,0.6785933971405029,0.11471867561340332
500,1,9.758399999999998,2.28,1,1,1,23,0.19915026905414496,0.2760244354571353,0.3981840621218624,0.858436107635498,0.15164613723754883
500,1,9.758399999999998,2.28,1,1,1,24,0.167203064639346,0.2998877962569788,0.37440054238334586,0.6530256271362305,0.11677002906799316
500,1,10.1556,2.34,1,1,1,0,0.15601419018577642,0.30666551452402363,0.4073435910169044,0.6343584060668945,0.1333003044128418
500,1,10.1556,2.34,1,1,1,1,0.17962542688053573,0.2898442725727983,0.41018499097893774,0.6544544696807861,0.12815308570861816
500,1,10.1556,2.34,1,1,1,2,0.20505271910277814,0.3242118607524417,0.39613838153012604,0.7152740955352783,0.12606477737426758
500,1,10.1556,2.34,1,1,1,3,0.17959698385462367,0.3449152536067759,0.4107506614722816,0.7204587459564209,0.1580367088317871
500,1,10.1556,2.34,1,1,1,4,0.1743685310300846,0.31709858714756384,0.4669894178583873,0.7040948867797852,0.12257099151611328
500,1,10.1556,2.34,1,1,1,5,0.18052126063289153,0.2804052500180887,0.45288599884324254,0.592137336730957,0.1392993927001953
500,1,10.1556,2.34,1,1,1,6,0.17247777637753312,0.3525817722520722,0.4012080466064031,0.736675500869751,0.1131279468536377
500,1,10.1556,2.34,1,1,1,7,0.1794110415102003,0.3183684070710394,0.3865861634516156,0.8342981338500977,0.16159939765930176
500,1,10.1556,2.34,1,1,1,8,0.16674514866380463,0.29138712789278964,0.38612398100810025,0.7426536083221436,0.12719178199768066
500,1,10.1556,2.34,1,1,1,9,0.1721634061184883,0.2908682188746934,0.4352027773753377,0.6487257480621338,0.14284563064575195
500,1,10.1556,2.34,1,1,1,10,0.18606940094236812,0.3109928194771288,0.44562659935605453,0.7028074264526367,0.12461185455322266
500,1,10.1556,2.34,1,1,1,11,0.16710514437145513,0.31002101326256315,0.4298951649543624,0.656343936920166,0.13124561309814453
500,1,10.1556,2.34,1,1,1,12,0.1667861992856437,0.30069730829098396,0.3932009740596806,0.6301512718200684,0.1366562843322754
500,1,10.1556,2.34,1,1,1,13,0.20635837519241873,0.31038451694662655,0.41738350371529176,0.6943671703338623,0.13568973541259766
500,1,10.1556,2.34,1,1,1,14,0.1705682088823505,0.3186915654508509,0.3746999092673641,0.6406095027923584,0.11557960510253906
500,1,10.1556,2.34,1,1,1,15,0.1724410523471548,0.31959175819092844,0.43274616065060184,0.7016201019287109,0.11798787117004395
500,1,10.1556,2.34,1,1,1,16,0.18591772654584562,0.2938849101252507,0.38671669592430735,0.7745966911315918,0.16028499603271484
500,1,10.1556,2.34,1,1,1,17,0.19968077913266546,0.336901336384827,0.4706721087067708,0.7345178127288818,0.12730956077575684
500,1,10.1556,2.34,1,1,1,18,0.1652330615710679,0.3729153034655921,0.4451752463213091,0.6479959487915039,0.1646559238433838
500,1,10.1556,2.34,1,1,1,19,0.164692113851506,0.32030648925527966,0.39362908971587435,0.6527578830718994,0.10058140754699707
500,1,10.1556,2.34,1,1,1,20,0.20370403680866264,0.3159805021959076,0.472471816397788,0.7928047180175781,0.15854096412658691
500,1,10.1556,2.34,1,1,1,21,0.15950150364715887,0.30460477178714757,0.41035243250977865,0.7233169078826904,0.13555240631103516
500,1,10.1556,2.34,1,1,1,22,0.164820492763355,0.29789229626639213,0.37526267076392666,0.6466166973114014,0.15034246444702148
500,1,10.1556,2.34,1,1,1,23,0.16479939012979877,0.30484713328152985,0.41630526642072485,0.7048709392547607,0.12062692642211914
500,1,10.1556,2.34,1,1,1,24,0.1993029645531967,0.34302962326858605,0.4818960263583109,0.6465284824371338,0.14644217491149902
500,1,10.56,2.4,1,1,1,0,0.20285550870989671,0.32630901658784334,0.4459071706634382,0.9055233001708984,0.15035176277160645
500,1,10.56,2.4,1,1,1,1,0.16595010633160867,0.29309040696607647,0.386061987643853,0.6878588199615479,0.11961531639099121
500,1,10.56,2.4,1,1,1,2,0.16460350894953327,0.2907375028869758,0.3927281492268581,0.6813676357269287,0.1614696979522705
500,1,10.56,2.4,1,1,1,3,0.17643737040527038,0.3374633812987933,0.48018646213976335,0.8624229431152344,0.1473979949951172
500,1,10.56,2.4,1,1,1,4,0.16692611929979867,0.3194862802651794,0.3845064987519785,0.8917803764343262,0.15744328498840332
500,1,10.56,2.4,1,1,1,5,0.1763377449435946,0.3211417899928976,0.43260640404280093,0.697730302810669,0.14580082893371582
500,1,10.56,2.4,1,1,1,6,0.21010344082742918,0.3946052044645403,0.5147482544258343,0.644641637802124,0.15570664405822754
500,1,10.56,2.4,1,1,1,7,0.17056508254865024,0.30093137720890606,0.39681767303068993,0.6946849822998047,0.13128447532653809
500,1,10.56,2.4,1,1,1,8,0.18192355390005163,0.27110473002866897,0.39417569328101987,0.6098918914794922,0.1554708480834961
500,1,10.56,2.4,1,1,1,9,0.16468310738660402,0.3121339385412608,0.4344135303611067,0.7341434955596924,0.12062191963195801
500,1,10.56,2.4,1,1,1,10,0.17351536316592325,0.33200107060850265,0.41088216623938106,0.6365327835083008,0.14701581001281738
500,1,10.56,2.4,1,1,1,11,0.16438695124044983,0.3441963923841273,0.45406809508707036,0.6245782375335693,0.13751792907714844
500,1,10.56,2.4,1,1,1,12,0.22623052305744482,0.3681742062788308,0.5944047293362756,0.6669394969940186,0.13804125785827637
500,1,10.56,2.4,1,1,1,13,0.17899004600368806,0.30934884482760344,0.43009712144695517,0.8436100482940674,0.15103483200073242
500,1,10.56,2.4,1,1,1,14,0.2107508645859428,0.3014965887510823,0.4104457266501121,0.6169965267181396,0.14753460884094238
500,1,10.56,2.4,1,1,1,15,0.1656637634335286,0.31529287235541364,0.43382996647001204,0.6906435489654541,0.12521648406982422
500,1,10.56,2.4,1,1,1,16,0.1695749133507564,0.3327792969201369,0.4920996556070298,0.6795964241027832,0.13240647315979004
500,1,10.56,2.4,1,1,1,17,0.21125763733859343,0.3377941876146629,0.44844977168609046,0.7009079456329346,0.11972999572753906
500,1,10.56,2.4,1,1,1,18,0.21591117078849395,0.3306440710148178,0.45348204138017034,0.822345495223999,0.1175985336303711
500,1,10.56,2.4,1,1,1,19,0.17364272505765532,0.3523966155921298,0.5260393406497852,0.6306924819946289,0.11887192726135254
500,1,10.56,2.4,1,1,1,20,0.17877039778601211,0.32881480449823847,0.41259271908071143,0.6938705444335938,0.1154322624206543
500,1,10.56,2.4,1,1,1,21,0.19663211658216576,0.2990798538994927,0.4322044390747208,0.6863265037536621,0.09958910942077637
500,1,10.56,2.4,1,1,1,22,0.1834670772425961,0.31945910637914393,0.4957477880360716,0.7900910377502441,0.15537500381469727
500,1,10.56,2.4,1,1,1,23,0.15960988551124736,0.27776098306768476,0.38038771297629603,0.6343610286712646,0.1374208927154541
500,1,10.56,2.4,1,1,1,24,0.17194291766111883,0.30309567126525017,0.46366882099350026,0.7085757255554199,0.12401556968688965
500,1,10.9716,2.46,1,1,1,0,0.14653491156368434,0.30633462819134855,0.38308534112221404,0.6736481189727783,0.15381407737731934
500,1,10.9716,2.46,1,1,1,1,0.17136044204952575,0.31505537689376734,0.4282540600377631,0.6834268569946289,0.14978814125061035
500,1,10.9716,2.46,1,1,1,2,0.17782511202024487,0.3165355185011755,0.45063071083066886,0.6873829364776611,0.13686037063598633
500,1,10.9716,2.46,1,1,1,3,0.16856314153639493,0.3088382455994151,0.39673697539297387,0.6083416938781738,0.1367650032043457
500,1,10.9716,2.46,1,1,1,4,0.18724632520198642,0.29522820522228677,0.38503788426932145,0.675713300704956,0.10416316986083984
500,1,10.9716,2.46,1,1,1,5,0.1810501456303406,0.30160317426392164,0.37826500621939496,0.6976053714752197,0.11463117599487305
500,1,10.9716,2.46,1,1,1,6,0.2032963524254486,0.30902816045152703,0.434500579296098,0.818842887878418,0.16635560989379883
500,1,10.9716,2.46,1,1,1,7,0.17079023885300015,0.3132358013721615,0.4250510434838282,0.7371237277984619,0.13041210174560547
500,1,10.9716,2.46,1,1,1,8,0.1735228069834027,0.29705775982247173,0.3974630840520137,0.6300525665283203,0.1680736541748047
500,1,10.9716,2.46,1,1,1,9,0.1827602229922468,0.3229570006175462,0.4279522777487107,0.6949632167816162,0.11574745178222656
500,1,10.9716,2.46,1,1,1,10,0.1914164580980473,0.33984428715091514,0.41597695711569865,0.8593595027923584,0.14924979209899902
500,1,10.9716,2.46,1,1,1,11,0.1649554638432662,0.34886078811819393,0.49035491793689434,0.8736212253570557,0.15115833282470703
500,1,10.9716,2.46,1,1,1,12,0.18361110238307268,0.30877382675976106,0.4433506915133325,0.6507511138916016,0.14931011199951172
500,1,10.9716,2.46,1,1,1,13,0.19040063468562152,0.29338486041178446,0.4371974831499562,0.667227029800415,0.1095890998840332
500,1,10.9716,2.46,1,1,1,14,0.18264847021951408,0.29233286882994025,0.43699226636396243,0.6854889392852783,0.15601754188537598
500,1,10.9716,2.46,1,1,1,15,0.17904609547222372,0.29155867941871655,0.4231074922679441,0.56699538230896,0.1420269012451172
500,1,10.9716,2.46,1,1,1,16,0.19348784866419286,0.3267784591589236,0.42303620599870084,0.6264545917510986,0.14005112648010254
500,1,10.9716,2.46,1,1,1,17,0.18772016673764885,0.31584202586733434,0.4278924148096762,0.7206168174743652,0.13403749465942383
500,1,10.9716,2.46,1,1,1,18,0.1582043309975857,0.3280165386532949,0.453687038009618,0.6880073547363281,0.12381553649902344
500,1,10.9716,2.46,1,1,1,19,0.17896905231176596,0.3047825668310234,0.4133708542285028,0.8629128932952881,0.15978646278381348
500,1,10.9716,2.46,1,1,1,20,0.19178559721392788,0.3262406152137203,0.4251318669039537,0.7878077030181885,0.1479814052581787
500,1,10.9716,2.46,1,1,1,21,0.165496819444337,0.32425369441797586,0.41089887483987575,0.7204136848449707,0.11573147773742676
500,1,10.9716,2.46,1,1,1,22,0.16997443524176667,0.3168997070317591,0.3848034823595368,0.619755744934082,0.10149765014648438
500,1,10.9716,2.46,1,1,1,23,0.17574629190567637,0.3791321897240015,0.48631388874307696,0.7649879455566406,0.1515040397644043
500,1,10.9716,2.46,1,1,1,24,0.16372215367463414,0.37774199922528456,0.5179066979265414,0.667625904083252,0.14091920852661133
500,1,11.3904,2.52,1,1,1,0,0.1633736739890475,0.33002063338272963,0.4223867619872302,0.7215681076049805,0.11979556083679199
500,1,11.3904,2.52,1,1,1,1,0.18321018251378993,0.30249767785889986,0.4222201592616242,0.6669602394104004,0.13237786293029785
500,1,11.3904,2.52,1,1,1,2,0.15833521755988528,0.36734358400799155,0.4676901192377722,0.6368367671966553,0.1067807674407959
500,1,11.3904,2.52,1,1,1,3,0.18860636650821574,0.3334666406338899,0.4320885832807998,0.8886475563049316,0.16359400749206543
500,1,11.3904,2.52,1,1,1,4,0.17695113080381045,0.35528856445486556,0.5097934040111702,0.6612205505371094,0.12067127227783203
500,1,11.3904,2.52,1,1,1,5,0.19437116976921184,0.349965075251107,0.44878394508632574,0.6579232215881348,0.1467609405517578
500,1,11.3904,2.52,1,1,1,6,0.17324830487658935,0.35514709785584864,0.45008584303419047,0.670259952545166,0.13066482543945312
500,1,11.3904,2.52,1,1,1,7,0.17092576091249176,0.3133964096769885,0.39134440877224985,0.7962098121643066,0.1498878002166748
500,1,11.3904,2.52,1,1,1,8,0.16493710631946096,0.3895500488060254,0.4962425030973015,0.6840872764587402,0.14495205879211426
500,1,11.3904,2.52,1,1,1,9,0.17313412122343644,0.32871516283912994,0.45626155402675594,0.7549388408660889,0.14955854415893555
500,1,11.3904,2.52,1,1,1,10,0.15783353568377603,0.33579569905910583,0.3967454666928497,0.6679816246032715,0.12766742706298828
500,1,11.3904,2.52,1,1,1,11,0.1642044228541207,0.3303612952365469,0.42399813549654874,0.61488938331604,0.13417649269104004
500,1,11.3904,2.52,1,1,1,12,0.18778228808954242,0.3243552677705515,0.41606388877957734,0.7002255916595459,0.12168741226196289
500,1,11.3904,2.52,1,1,1,13,0.18290568103590898,0.34800631913685226,0.42909593811610547,0.6241185665130615,0.14473724365234375
500,1,11.3904,2.52,1,1,1,14,0.18447750853247114,0.2955442896741513,0.37998965038089294,0.6877334117889404,0.1313643455505371
500,1,11.3904,2.52,1,1,1,15,0.16637197741858573,0.3278300360515023,0.4254575067274855,0.6011021137237549,0.1246330738067627
500,1,11.3904,2.52,1,1,1,16,0.19140396152713432,0.3175792219842968,0.43476731828188653,0.8205175399780273,0.15073752403259277
500,1,11.3904,2.52,1,1,1,17,0.18201195580059623,0.37333634922833536,0.4671540323960256,0.6100080013275146,0.1457078456878662
500,1,11.3904,2.52,1,1,1,18,0.17770262921738916,0.34678530483648157,0.48296015188638647,0.6838486194610596,0.10972118377685547
500,1,11.3904,2.52,1,1,1,19,0.17500130740051958,0.3309209057677265,0.40753029330153606,0.835728645324707,0.16674065589904785
500,1,11.3904,2.52,1,1,1,20,0.17513944765957143,0.2831490328437287,0.3812085896897458,0.7858514785766602,0.1421511173248291
500,1,11.3904,2.52,1,1,1,21,0.20587836196999418,0.3436803284049901,0.41417297246641943,0.6449470520019531,0.13057994842529297
500,1,11.3904,2.52,1,1,1,22,0.1720042840687853,0.30490253767603237,0.41358091889223436,0.6867673397064209,0.1306159496307373
500,1,11.3904,2.52,1,1,1,23,0.19340367863224842,0.3188610110604074,0.4490983104484224,0.6343080997467041,0.13636994361877441
500,1,11.3904,2.52,1,1,1,24,0.17478107689856634,0.3440939794294472,0.4342869874503248,0.7250993251800537,0.1137697696685791
500,1,11.8164,2.58,1,1,1,0,0.17030518443830256,0.34345101181855,0.42580872093268174,0.81455397605896,0.16781210899353027
500,1,11.8164,2.58,1,1,1,1,0.16707053152079557,0.34626826201632616,0.4687501521037113,0.7163548469543457,0.1299278736114502
500,1,11.8164,2.58,1,1,1,2,0.19257246126192765,0.32668958166220785,0.4380612556969874,0.6293356418609619,0.15296626091003418
500,1,11.8164,2.58,1,1,1,3,0.18970593831219418,0.3110293581804075,0.42983891811411246,0.677870512008667,0.14174795150756836
500,1,11.8164,2.58,1,1,1,4,0.16576218256203626,0.3197110145144525,0.4301966484753431,0.7503960132598877,0.14530444145202637
500,1,11.8164,2.58,1,1,1,5,0.1940661220744986,0.3925871894778789,0.4893061011753156,0.6630978584289551,0.14697766304016113
500,1,11.8164,2.58,1,1,1,6,0.1724775169068534,0.3391769612175958,0.45714571601519405,0.6676881313323975,0.14660954475402832
500,1,11.8164,2.58,1,1,1,7,0.19426791454619172,0.3664342637704998,0.4215162506007789,0.6561093330383301,0.12635326385498047
500,1,11.8164,2.58,1,1,1,8,0.18959705752698908,0.330983205402659,0.434098651632829,0.5992071628570557,0.15159034729003906
500,1,11.8164,2.58,1,1,1,9,0.16789028651692015,0.32328373808584887,0.4203159501239512,0.8008847236633301,0.17176318168640137
500,1,11.8164,2.58,1,1,1,10,0.1751967706872196,0.3493916178740736,0.4693840841605281,0.5955827236175537,0.12794923782348633
500,1,11.8164,2.58,1,1,1,11,0.17060879071114193,0.3521681345401367,0.4467173185738052,0.7887070178985596,0.1691293716430664
500,1,11.8164,2.58,1,1,1,12,0.1501960178353246,0.36935763093674706,0.4928340153804098,0.6124866008758545,0.11132383346557617
500,1,11.8164,2.58,1,1,1,13,0.187380738455658,0.35056471668125794,0.46929211197149645,0.8162660598754883,0.14865732192993164
500,1,11.8164,2.58,1,1,1,14,0.1769551874835014,0.3300866490426436,0.4415145221107777,0.6864047050476074,0.11101078987121582
500,1,11.8164,2.58,1,1,1,15,0.18274042030720267,0.35304895230949296,0.4376887815615062,0.6963505744934082,0.12439775466918945
500,1,11.8164,2.58,1,1,1,16,0.173103773741329,0.31441571962238085,0.3992901013994072,0.6070213317871094,0.15329384803771973
500,1,11.8164,2.58,1,1,1,17,0.1539037008507378,0.372081735632575,0.46701744872641804,0.6451351642608643,0.14227676391601562
500,1,11.8164,2.58,1,1,1,18,0.1806843490699068,0.3193000172792216,0.46972385834128316,0.7707998752593994,0.18265604972839355
500,1,11.8164,2.58,1,1,1,19,0.1947719678288076,0.3027038189984548,0.3934389660399971,0.6760156154632568,0.12058424949645996
500,1,11.8164,2.58,1,1,1,20,0.1904477890844313,0.33858406708475175,0.4328523686966138,0.6506543159484863,0.13825607299804688
500,1,11.8164,2.58,1,1,1,21,0.17792211716594525,0.3201422737101032,0.45973253982724444,0.6030991077423096,0.13032817840576172
500,1,11.8164,2.58,1,1,1,22,0.16908323206474796,0.32545585244488767,0.4347028843458499,0.7532265186309814,0.14398550987243652
500,1,11.8164,2.58,1,1,1,23,0.16407987445668173,0.37212467007654904,0.4957955868838542,0.6161317825317383,0.13936662673950195
500,1,11.8164,2.58,1,1,1,24,0.16287864915559605,0.35041605922177044,0.4740730300095314,0.659170389175415,0.11591649055480957
500,1,12.249599999999997,2.6399999999999997,1,1,1,0,0.18019194405906824,0.3136420486237769,0.4499713084726016,0.6176490783691406,0.13930463790893555
500,1,12.249599999999997,2.6399999999999997,1,1,1,1,0.1764271334974542,0.35299396856899007,0.471696546081556,0.6778197288513184,0.11369490623474121
500,1,12.249599999999997,2.6399999999999997,1,1,1,2,0.16893262558874267,0.3813172798243114,0.4797766857953283,0.8769783973693848,0.14383935928344727
500,1,12.249599999999997,2.6399999999999997,1,1,1,3,0.18519875087444343,0.31547344270845235,0.4378046514547766,0.7143564224243164,0.12053489685058594
500,1,12.249599999999997,2.6399999999999997,1,1,1,4,0.17162657395072184,0.33167277345405494,0.4376509070382334,0.6011149883270264,0.12057662010192871
500,1,12.249599999999997,2.6399999999999997,1,1,1,5,0.18028098514478205,0.3441979869142572,0.4855298055768862,0.68060302734375,0.13126015663146973
500,1,12.249599999999997,2.6399999999999997,1,1,1,6,0.15893483821187615,0.32816140170792474,0.43491387186564784,0.7974364757537842,0.17147159576416016
500,1,12.249599999999997,2.6399999999999997,1,1,1,7,0.19911590684118596,0.35132566112371044,0.4664385251108635,0.7161195278167725,0.11818861961364746
500,1,12.249599999999997,2.6399999999999997,1,1,1,8,0.16391859051218022,0.32820373696245414,0.4458038423403631,0.6426329612731934,0.11310410499572754
500,1,12.249599999999997,2.6399999999999997,1,1,1,9,0.1650615231617417,0.3563760697273052,0.4347514022182001,0.7114043235778809,0.11896896362304688
500,1,12.249599999999997,2.6399999999999997,1,1,1,10,0.17191504270231794,0.3171864285488059,0.43136224611647733,0.5866446495056152,0.15654683113098145
500,1,12.249599999999997,2.6399999999999997,1,1,1,11,0.17206629086753522,0.3605126238487304,0.44112918768282283,0.8154098987579346,0.11368227005004883
500,1,12.249599999999997,2.6399999999999997,1,1,1,12,0.18128779342659432,0.3758990095491034,0.4772461913394853,0.6628906726837158,0.1426103115081787
500,1,12.249599999999997,2.6399999999999997,1,1,1,13,0.17369062755924353,0.35276296522414924,0.46973318651150864,0.6866686344146729,0.13061785697937012
500,1,12.249599999999997,2.6399999999999997,1,1,1,14,0.17733352171751246,0.37025898105103,0.4515610878782519,0.627575159072876,0.15223908424377441
500,1,12.249599999999997,2.6399999999999997,1,1,1,15,0.1815113229800538,0.3608075303983216,0.472851009888675,0.7776741981506348,0.15507721900939941
500,1,12.249599999999997,2.6399999999999997,1,1,1,16,0.1826185676427265,0.32171753172366874,0.3969787806950894,0.6896421909332275,0.13829469680786133
500,1,12.249599999999997,2.6399999999999997,1,1,1,17,0.15780067342735693,0.3991353354269055,0.5080141934795381,0.6556515693664551,0.13735532760620117
500,1,12.249599999999997,2.6399999999999997,1,1,1,18,0.17732912373823057,0.3421379026804012,0.47065668531776417,0.6512744426727295,0.1482865810394287
500,1,12.249599999999997,2.6399999999999997,1,1,1,19,0.21631162602684828,0.39567156672022297,0.5195925725587459,0.6989436149597168,0.12261152267456055
500,1,12.249599999999997,2.6399999999999997,1,1,1,20,0.15295679740334708,0.3209012791130796,0.42919044912439974,0.7051801681518555,0.15356087684631348
500,1,12.249599999999997,2.6399999999999997,1,1,1,21,0.15433661887500777,0.3441117279167843,0.4244432433173362,0.6904945373535156,0.11731743812561035
500,1,12.249599999999997,2.6399999999999997,1,1,1,22,0.18138453541873178,0.32829033301017563,0.5096748684289074,0.6257963180541992,0.13438653945922852
500,1,12.249599999999997,2.6399999999999997,1,1,1,23,0.17279393216329664,0.35514882005530685,0.4274726889051663,0.7037689685821533,0.13365387916564941
500,1,12.249599999999997,2.6399999999999997,1,1,1,24,0.16298516416683131,0.37009036873313866,0.4725288047689378,0.8632609844207764,0.15503811836242676
500,1,12.689999999999996,2.6999999999999997,1,1,1,0,0.1573061058250171,0.332452527106113,0.45530606698565995,0.6459095478057861,0.1112523078918457
500,1,12.689999999999996,2.6999999999999997,1,1,1,1,0.1999124377189493,0.3692452325061555,0.5194607858328043,0.6769163608551025,0.13027119636535645
500,1,12.689999999999996,2.6999999999999997,1,1,1,2,0.1757405669605557,0.3886174959207111,0.5303639851354993,0.6547291278839111,0.13851094245910645
500,1,12.689999999999996,2.6999999999999997,1,1,1,3,0.1722408005198622,0.3815146595469573,0.5095127342484196,0.6733255386352539,0.1347792148590088
500,1,12.689999999999996,2.6999999999999997,1,1,1,4,0.2139048798735222,0.3469827370031639,0.46639273557399596,0.7487952709197998,0.11760878562927246
500,1,12.689999999999996,2.6999999999999997,1,1,1,5,0.19169144596751894,0.3788433193584393,0.5112469943353884,0.685124397277832,0.13923430442810059
500,1,12.689999999999996,2.6999999999999997,1,1,1,6,0.16417646487341886,0.34135390580389974,0.4628852019834405,0.6487240791320801,0.10964560508728027
500,1,12.689999999999996,2.6999999999999997,1,1,1,7,0.1810148328966084,0.3321087618281572,0.44919132585756744,0.6724178791046143,0.12763118743896484
500,1,12.689999999999996,2.6999999999999997,1,1,1,8,0.1813075102832489,0.3579283528847417,0.4507401198378242,0.8438551425933838,0.15485548973083496
500,1,12.689999999999996,2.6999999999999997,1,1,1,9,0.19118765809740557,0.3441844795335787,0.4185346077035044,0.6778213977813721,0.1377735137939453
500,1,12.689999999999996,2.6999999999999997,1,1,1,10,0.19189663822983646,0.3824050281720694,0.4780532589381216,0.6324613094329834,0.12961816787719727
500,1,12.689999999999996,2.6999999999999997,1,1,1,11,0.17872502885906055,0.3532196216448868,0.4425683927106904,0.8627619743347168,0.16878485679626465
500,1,12.689999999999996,2.6999999999999997,1,1,1,12,0.1844570850489484,0.3343599326690694,0.44069639093647783,0.8645997047424316,0.15269804000854492
500,1,12.689999999999996,2.6999999999999997,1,1,1,13,0.15684982462296598,0.3930668778426122,0.46661856302174953,0.6733648777008057,0.13582968711853027
500,1,12.689999999999996,2.6999999999999997,1,1,1,14,0.162207135902275,0.3559246673282419,0.4411351721223712,0.6649346351623535,0.1356198787689209
500,1,12.689999999999996,2.6999999999999997,1,1,1,15,0.18675168222315952,0.35745892854056854,0.4994914568053798,0.7037301063537598,0.11959695816040039
500,1,12.689999999999996,2.6999999999999997,1,1,1,16,0.16441132440768266,0.3186302243552325,0.41052218942881014,0.621802568435669,0.1391603946685791
500,1,12.689999999999996,2.6999999999999997,1,1,1,17,0.24775314425288314,0.33262035223400777,0.45615356063177137,0.7397513389587402,0.1195831298828125
500,1,12.689999999999996,2.6999999999999997,1,1,1,18,0.17837869571736567,0.3337963359050858,0.46339361459878387,0.6505515575408936,0.14192986488342285
500,1,12.689999999999996,2.6999999999999997,1,1,1,19,0.18184628547295667,0.3107426645155205,0.4163190641267937,0.6614997386932373,0.10667157173156738
500,1,12.689999999999996,2.6999999999999997,1,1,1,20,0.1745422056154934,0.3313130652406466,0.42045639138663493,0.7063310146331787,0.12413930892944336
500,1,12.689999999999996,2.6999999999999997,1,1,1,21,0.17167194236511,0.35926215832184166,0.4428874819113154,0.8321356773376465,0.15868782997131348
500,1,12.689999999999996,2.6999999999999997,1,1,1,22,0.1803522019772099,0.3188260094560386,0.45899191543983325,0.7316324710845947,0.15078520774841309
500,1,12.689999999999996,2.6999999999999997,1,1,1,23,0.22134647554470477,0.41613084546152485,0.47553269829208344,0.6351954936981201,0.16138768196105957
500,1,12.689999999999996,2.6999999999999997,1,1,1,24,0.15737404265693195,0.36321951726096263,0.4598686119360965,0.696444034576416,0.11368179321289062
500,1,13.137599999999999,2.76,1,1,1,0,0.18313606689864934,0.34385527892241025,0.45025417044902843,0.627251148223877,0.12071752548217773
500,1,13.137599999999999,2.76,1,1,1,1,0.17602608939242959,0.3733438626885283,0.45380335724909093,0.6198348999023438,0.14182424545288086
500,1,13.137599999999999,2.76,1,1,1,2,0.20143824489474327,0.33733882901598056,0.4528416998370771,0.7506527900695801,0.15076375007629395
500,1,13.137599999999999,2.76,1,1,1,3,0.15648100399501108,0.35025308288798385,0.4330171601380913,0.6513652801513672,0.11606979370117188
500,1,13.137599999999999,2.76,1,1,1,4,0.1712821489450477,0.34664457071488985,0.45479866240504085,0.6667230129241943,0.13267970085144043
500,1,13.137599999999999,2.76,1,1,1,5,0.15701438461554978,0.3697213568612594,0.4683961958704456,0.8366878032684326,0.15360260009765625
500,1,13.137599999999999,2.76,1,1,1,6,0.16427768153494113,0.36004685057539854,0.46967377026175183,0.7160274982452393,0.12755680084228516
500,1,13.137599999999999,2.76,1,1,1,7,0.19035551973477838,0.3447698811588261,0.4354312795659015,0.7170472145080566,0.1307060718536377
500,1,13.137599999999999,2.76,1,1,1,8,0.16249531363419117,0.31725848293560044,0.40587411204494755,0.6612875461578369,0.11584067344665527
500,1,13.137599999999999,2.76,1,1,1,9,0.16059428669241757,0.3483861305261313,0.4162118413110195,0.8552558422088623,0.1541459560394287
500,1,13.137599999999999,2.76,1,1,1,10,0.1674085772849562,0.31076455105517165,0.47628122602295253,0.6590366363525391,0.12661361694335938
500,1,13.137599999999999,2.76,1,1,1,11,0.16805232976848697,0.3486266520932856,0.4403848889903337,0.6345071792602539,0.12040257453918457
500,1,13.137599999999999,2.76,1,1,1,12,0.178196746574564,0.4421598551473648,0.554174763419692,0.6627471446990967,0.12859797477722168
500,1,13.137599999999999,2.76,1,1,1,13,0.22980757379896144,0.3272908484666318,0.45682994588771486,0.7081892490386963,0.12482500076293945
500,1,13.137599999999999,2.76,1,1,1,14,0.18492812058170374,0.3205691175291828,0.43357587155462723,0.8083794116973877,0.16116833686828613
500,1,13.137599999999999,2.76,1,1,1,15,0.16992483971970668,0.3857287712297677,0.4501922377309726,0.61006760597229,0.1310267448425293
500,1,13.137599999999999,2.76,1,1,1,16,0.1609477473955622,0.3881325257855656,0.47283188433830603,0.6530025005340576,0.12221360206604004
500,1,13.137599999999999,2.76,1,1,1,17,0.18058609953612795,0.4014953468697544,0.4811951234348534,0.6406872272491455,0.10982632637023926
500,1,13.137599999999999,2.76,1,1,1,18,0.16451297745611645,0.3905968546009722,0.4362303516560188,0.7551195621490479,0.15073680877685547
500,1,13.137599999999999,2.76,1,1,1,19,0.18488666464342365,0.35579753030309125,0.4673739283108002,0.8938124179840088,0.1521284580230713
500,1,13.137599999999999,2.76,1,1,1,20,0.17191433751540938,0.3685796649427532,0.4395905613257728,0.7160842418670654,0.12357091903686523
500,1,13.137599999999999,2.76,1,1,1,21,0.17426194885955726,0.38811938261006046,0.43863643500286414,0.5910699367523193,0.14620304107666016
500,1,13.137599999999999,2.76,1,1,1,22,0.18242262669651294,0.39060626210811883,0.4718931378845297,0.6871142387390137,0.13313698768615723
500,1,13.137599999999999,2.76,1,1,1,23,0.2059373858803514,0.4178227482530608,0.4860047068245976,0.7027535438537598,0.12459325790405273
500,1,13.137599999999999,2.76,1,1,1,24,0.1859064063040704,0.36113940342675777,0.4738049303944468,0.6168100833892822,0.11180639266967773
500,1,13.5924,2.82,1,1,1,0,0.1525136709364453,0.42474730263786814,0.4952161169610227,0.6577401161193848,0.13833355903625488
500,1,13.5924,2.82,1,1,1,1,0.17652028440237352,0.36045439328946843,0.4323833190994418,0.6210527420043945,0.14625930786132812
500,1,13.5924,2.82,1,1,1,2,0.17146058976120823,0.4109375939638887,0.4958154187283579,0.7982959747314453,0.16734528541564941
500,1,13.5924,2.82,1,1,1,3,0.17110264833642996,0.34349252403507574,0.4338131706252818,0.6656196117401123,0.14903044700622559
500,1,13.5924,2.82,1,1,1,4,0.1963803145962068,0.3620373418973277,0.4930012363118532,0.71976637840271,0.13776350021362305
500,1,13.5924,2.82,1,1,1,5,0.1675882074550193,0.3610882749222848,0.4710582264695237,0.6317863464355469,0.1590585708618164
500,1,13.5924,2.82,1,1,1,6,0.20807843686928754,0.33204233239195924,0.4837759806996046,0.7189967632293701,0.12121987342834473
500,1,13.5924,2.82,1,1,1,7,0.17005748839299595,0.3173767179660444,0.44341300858989824,0.619640588760376,0.15147757530212402
500,1,13.5924,2.82,1,1,1,8,0.18087366245479755,0.3311697265683809,0.44148534033791287,0.6141858100891113,0.11522769927978516
500,1,13.5924,2.82,1,1,1,9,0.2059005430889342,0.38360940157001044,0.5118492462123918,0.6300497055053711,0.14862322807312012
500,1,13.5924,2.82,1,1,1,10,0.17330739188631486,0.3617429459794198,0.45489048751988337,0.6441066265106201,0.12058854103088379
500,1,13.5924,2.82,1,1,1,11,0.17686979395653774,0.3613699215206427,0.5054787815907951,0.9330470561981201,0.16620850563049316
500,1,13.5924,2.82,1,1,1,12,0.16084450746799073,0.4122893017912461,0.5731338092592368,0.7359402179718018,0.11165976524353027
500,1,13.5924,2.82,1,1,1,13,0.18227003618447998,0.3383970874368035,0.4148504479714945,0.5956873893737793,0.10869169235229492
500,1,13.5924,2.82,1,1,1,14,0.1703812343188923,0.35767119603539216,0.4491550796897664,0.7252626419067383,0.10653185844421387
500,1,13.5924,2.82,1,1,1,15,0.176278189268642,0.46643344073712356,0.596658513729626,0.7798430919647217,0.15465950965881348
500,1,13.5924,2.82,1,1,1,16,0.16326466260918868,0.3885299024619044,0.44844812995412897,0.6961536407470703,0.13090968132019043
500,1,13.5924,2.82,1,1,1,17,0.16677302685412992,0.3993922038272544,0.48294450581650467,0.6426475048065186,0.15054869651794434
500,1,13.5924,2.82,1,1,1,18,0.16562646273362353,0.3633668104776578,0.4461386476447302,0.669762134552002,0.12062692642211914
500,1,13.5924,2.82,1,1,1,19,0.17660862144881276,0.38790676912222843,0.4462936015213448,0.6751129627227783,0.14223051071166992
500,1,13.5924,2.82,1,1,1,20,0.16908759686493544,0.37530722016475565,0.5070367440543304,0.810854434967041,0.1499621868133545
500,1,13.5924,2.82,1,1,1,21,0.1629492176093493,0.4025527135414563,0.5639457732785547,0.6666698455810547,0.14259839057922363
500,1,13.5924,2.82,1,1,1,22,0.20292528128431403,0.3457617902742548,0.4488779079390783,0.616809606552124,0.16059589385986328
500,1,13.5924,2.82,1,1,1,23,0.18743018151455737,0.4154074606327591,0.5375772860135408,0.6999149322509766,0.13764190673828125
500,1,13.5924,2.82,1,1,1,24,0.19130315268257453,0.33016340222568347,0.4550428302335556,0.7073192596435547,0.1587681770324707
500,1,14.0544,2.88,1,1,1,0,0.1838170623454802,0.46288764894561363,0.555606960633231,0.6840319633483887,0.11066102981567383
500,1,14.0544,2.88,1,1,1,1,0.22620632059251738,0.40925787402965796,0.5185545375390912,0.6290240287780762,0.15233588218688965
500,1,14.0544,2.88,1,1,1,2,0.17297493826182728,0.33367528368357857,0.44448564310664784,0.6749513149261475,0.15351009368896484
500,1,14.0544,2.88,1,1,1,3,0.17263370596838135,0.35603063062109175,0.4645251713803872,0.6792261600494385,0.15509676933288574
500,1,14.0544,2.88,1,1,1,4,0.16793079465566604,0.409756846708293,0.517216127763834,0.6561102867126465,0.11372780799865723
500,1,14.0544,2.88,1,1,1,5,0.168923882524344,0.3828308498900188,0.46682522264851023,0.7025141716003418,0.1075754165649414
500,1,14.0544,2.88,1,1,1,6,0.16024742845912054,0.3681327134559274,0.44972835164687686,0.6277854442596436,0.12088346481323242
500,1,14.0544,2.88,1,1,1,7,0.18244486700048396,0.37555053506225655,0.4772835583419118,0.6994922161102295,0.11183714866638184
500,1,14.0544,2.88,1,1,1,8,0.22389933224849612,0.3674272240964361,0.5041298903485383,0.8457517623901367,0.14995479583740234
500,1,14.0544,2.88,1,1,1,9,0.17235911635262022,0.34011080146053696,0.4425978046569693,0.7047269344329834,0.13429808616638184
500,1,14.0544,2.88,1,1,1,10,0.1698528365594124,0.34703968088548376,0.46997022743269434,0.5850269794464111,0.1506664752960205
500,1,14.0544,2.88,1,1,1,11,0.19306518828049407,0.3316885419367748,0.4755064576150825,0.7231190204620361,0.12123560905456543
500,1,14.0544,2.88,1,1,1,12,0.1652446596545922,0.37133664997699045,0.48219321074293375,0.5862574577331543,0.16391396522521973
500,1,14.0544,2.88,1,1,1,13,0.1751700121718395,0.38533885986039074,0.518743834198407,0.7661821842193604,0.14656424522399902
500,1,14.0544,2.88,1,1,1,14,0.18323192950569042,0.3690666549773886,0.4521764984285286,0.7072708606719971,0.13463330268859863
500,1,14.0544,2.88,1,1,1,15,0.1605246239803448,0.35415997234639596,0.4904712325335395,0.7011945247650146,0.11060953140258789
500,1,14.0544,2.88,1,1,1,16,0.17966382639734954,0.3398659716831231,0.4575339031464163,0.6353113651275635,0.1129603385925293
500,1,14.0544,2.88,1,1,1,17,0.1768666987304067,0.3396922882599635,0.4668865044981917,0.8201394081115723,0.1571369171142578
500,1,14.0544,2.88,1,1,1,18,0.18239805494343175,0.37525793714649214,0.4678894071045744,0.6430764198303223,0.1260213851928711
500,1,14.0544,2.88,1,1,1,19,0.1857534658035661,0.3852957264579132,0.49195979482878943,0.8049488067626953,0.14641690254211426
500,1,14.0544,2.88,1,1,1,20,0.1651669638934055,0.3341456010334601,0.4170786745796324,0.615466833114624,0.12827515602111816
500,1,14.0544,2.88,1,1,1,21,0.18331358680854698,0.3555023899530792,0.42897050617924093,0.8491072654724121,0.15898847579956055
500,1,14.0544,2.88,1,1,1,22,0.17818738238797682,0.38011505393457484,0.5029386460589645,0.6190941333770752,0.14559626579284668
500,1,14.0544,2.88,1,1,1,23,0.17401277822031988,0.4087883006460821,0.5357426685750165,0.6110031604766846,0.165024995803833
500,1,14.0544,2.88,1,1,1,24,0.1828037970425799,0.37571683633941755,0.4777739834638697,0.7449984550476074,0.1203916072845459
500,1,14.523599999999998,2.94,1,1,1,0,0.16848523592566111,0.35930738541926033,0.45690165288437823,0.6282892227172852,0.15691852569580078
500,1,14.523599999999998,2.94,1,1,1,1,0.19832841140442514,0.3635945790453861,0.45742545779886445,0.7398984432220459,0.11662006378173828
500,1,14.523599999999998,2.94,1,1,1,2,0.17651388590385933,0.3573953945442035,0.4993087501638468,0.7253992557525635,0.15297889709472656
500,1,14.523599999999998,2.94,1,1,1,3,0.17719257479207975,0.37395130015616995,0.4564987348743561,0.586500883102417,0.1321864128112793
500,1,14.523599999999998,2.94,1,1,1,4,0.1737275643870544,0.41002811881154894,0.5191339497481328,0.6490538120269775,0.13461971282958984
500,1,14.523599999999998,2.94,1,1,1,5,0.17079687436219076,0.3901056416601098,0.4724562789347723,0.7950735092163086,0.16504430770874023
500,1,14.523599999999998,2.94,1,1,1,6,0.1913824296531068,0.32412677409986573,0.40340374931833023,0.6603116989135742,0.12405085563659668
500,1,14.523599999999998,2.94,1,1,1,7,0.20447838177189281,0.5022302057588105,0.6202479721227827,0.603778600692749,0.15818047523498535
500,1,14.523599999999998,2.94,1,1,1,8,0.17835597368074294,0.36991252189902357,0.5200161694746332,0.6728501319885254,0.11670160293579102
500,1,14.523599999999998,2.94,1,1,1,9,0.17543053690226446,0.3698481377256088,0.4914441375960794,0.5970239639282227,0.13597440719604492
500,1,14.523599999999998,2.94,1,1,1,10,0.19016907948896788,0.438390383643694,0.492860206591957,0.8561058044433594,0.14850497245788574
500,1,14.523599999999998,2.94,1,1,1,11,0.1956047823764657,0.4177904564494713,0.5739081560236227,0.6624836921691895,0.1162867546081543
500,1,14.523599999999998,2.94,1,1,1,12,0.1773660877427751,0.3825629272906155,0.4997090040662274,0.6702280044555664,0.11664128303527832
500,1,14.523599999999998,2.94,1,1,1,13,0.1764568769933785,0.39264563016234433,0.48263107180145237,0.6217589378356934,0.15266060829162598
500,1,14.523599999999998,2.94,1,1,1,14,0.15436935663176468,0.3594022930618737,0.4387229148120324,0.883155345916748,0.1659107208251953
500,1,14.523599999999998,2.94,1,1,1,15,0.16722379443925495,0.49939148331491423,0.6014932039596701,0.6172075271606445,0.09810781478881836
500,1,14.523599999999998,2.94,1,1,1,16,0.17983815033000955,0.3345610192443959,0.45657268447883936,0.7170054912567139,0.12210845947265625
500,1,14.523599999999998,2.94,1,1,1,17,0.1849956521574747,0.3847696910059462,0.4772308978956258,0.6625218391418457,0.14890193939208984
500,1,14.523599999999998,2.94,1,1,1,18,0.20304782490072745,0.4040809082136774,0.5867581666974869,0.6358945369720459,0.1268322467803955
500,1,14.523599999999998,2.94,1,1,1,19,0.21482759109161198,0.36726503172989733,0.41049312304340035,0.6863303184509277,0.13292646408081055
500,1,14.523599999999998,2.94,1,1,1,20,0.17706181836460294,0.45700828249778197,0.6034042094183375,0.6504268646240234,0.11673545837402344
500,1,14.523599999999998,2.94,1,1,1,21,0.164485151462235,0.3831322180060182,0.48542410863329166,0.6299984455108643,0.14798736572265625
500,1,14.523599999999998,2.94,1,1,1,22,0.16953082004855305,0.4244091983962491,0.5479842038641016,0.6855638027191162,0.12073636054992676
500,1,14.523599999999998,2.94,1,1,1,23,0.18090150548625858,0.36999467267254615,0.4867138403717304,0.8390724658966064,0.15424871444702148
500,1,14.523599999999998,2.94,1,1,1,24,0.17332607125681532,0.43738833686325046,0.5054958959555333,0.6527714729309082,0.14066863059997559
500,1,15.0,3.0,1,1,1,0,0.17108421046522435,0.43148507200819275,0.5247398698514519,0.5979740619659424,0.13849329948425293
500,1,15.0,3.0,1,1,1,1,0.16925800285639747,0.47959532279057693,0.6225134005245273,0.6427617073059082,0.12340354919433594
500,1,15.0,3.0,1,1,1,2,0.17742490878148404,0.3760596440454927,0.4692445259874085,0.6401169300079346,0.10863828659057617
500,1,15.0,3.0,1,1,1,3,0.16582728529358245,0.3932216506637322,0.48948927844935125,0.6579360961914062,0.12531518936157227
500,1,15.0,3.0,1,1,1,4,0.1716848656340687,0.4046714131814366,0.4869547751782291,0.5786051750183105,0.1514880657196045
500,1,15.0,3.0,1,1,1,5,0.16962464774883781,0.3614190408006176,0.48127998633091773,0.6111910343170166,0.1500558853149414
500,1,15.0,3.0,1,1,1,6,0.17022866245658044,0.342435550971832,0.4833852634817596,0.6413941383361816,0.1226348876953125
500,1,15.0,3.0,1,1,1,7,0.1880361504690289,0.37792558609149474,0.48420915074927967,0.8720018863677979,0.13469672203063965
500,1,15.0,3.0,1,1,1,8,0.18933701515982532,0.36146476532998884,0.4915175948880614,0.7002489566802979,0.13164234161376953
500,1,15.0,3.0,1,1,1,9,0.17973486202481187,0.4010738885751101,0.564020267289089,0.7374508380889893,0.12173819541931152
500,1,15.0,3.0,1,1,1,10,0.1834833234672083,0.41913268287291383,0.5297951774680597,0.7680478096008301,0.15606904029846191
500,1,15.0,3.0,1,1,1,11,0.18105526622786716,0.3513937670126981,0.4433469008653129,0.6770856380462646,0.15629267692565918
500,1,15.0,3.0,1,1,1,12,0.16135047190926005,0.3670187355968746,0.4872352899605409,0.745373010635376,0.12825727462768555
500,1,15.0,3.0,1,1,1,13,0.16777500300852652,0.4086507931196751,0.5256867259925448,0.6592912673950195,0.146500825881958
500,1,15.0,3.0,1,1,1,14,0.15994584599023012,0.4217377640504471,0.5038067031125724,0.6333787441253662,0.13980388641357422
500,1,15.0,3.0,1,1,1,15,0.18134809096129711,0.4837445951718706,0.6333782517117893,0.709392786026001,0.11163783073425293
500,1,15.0,3.0,1,1,1,16,0.17422515543688766,0.4139094789280393,0.47905225381958483,0.8134148120880127,0.15962433815002441
500,1,15.0,3.0,1,1,1,17,0.16181311609559496,0.3679197099162255,0.470446195986519,0.6881246566772461,0.1377577781677246
500,1,15.0,3.0,1,1,1,18,0.17249617247277224,0.3202774109091654,0.44214628469066264,0.6361916065216064,0.14684462547302246
500,1,15.0,3.0,1,1,1,19,0.19357723050192469,0.42319026765905216,0.4796873918587178,0.8353042602539062,0.15006709098815918
500,1,15.0,3.0,1,1,1,20,0.17887772068015173,0.37835358000653563,0.43860187547353796,0.8307802677154541,0.16699957847595215
500,1,15.0,3.0,1,1,1,21,0.17637925378517091,0.4060916006523038,0.4944701631071855,0.6713712215423584,0.1392505168914795
500,1,15.0,3.0,1,1,1,22,0.1628049600445136,0.3723623239059733,0.5030549975755076,0.5899448394775391,0.13635945320129395
500,1,15.0,3.0,1,1,1,23,0.18694347544820114,0.4364092471634893,0.48254123938603555,0.6854226589202881,0.13476133346557617
500,1,15.0,3.0,1,1,1,24,0.1591465850138421,0.4064652691144487,0.48753670850071906,0.5690345764160156,0.14043068885803223
500,1,15.483600000000001,3.06,1,1,1,0,0.19226586135462176,0.39413727126319453,0.5028672704724856,0.7026522159576416,0.12561607360839844
500,1,15.483600000000001,3.06,1,1,1,1,0.2023408645168552,0.36642260840052626,0.471852230485191,0.5987706184387207,0.13455438613891602
500,1,15.483600000000001,3.06,1,1,1,2,0.16748784676573328,0.44221369309148273,0.5426390872759882,0.6741583347320557,0.12681245803833008
500,1,15.483600000000001,3.06,1,1,1,3,0.16224031370561773,0.4041873998402849,0.5453633081630809,0.6058878898620605,0.14816880226135254
500,1,15.483600000000001,3.06,1,1,1,4,0.18749519510108242,0.35871127727978575,0.47067095002916715,0.8208563327789307,0.14246368408203125
500,1,15.483600000000001,3.06,1,1,1,5,0.1725681609398277,0.3911048542512876,0.4813316248322531,0.6564104557037354,0.10978484153747559
500,1,15.483600000000001,3.06,1,1,1,6,0.16314200710579765,0.4272736932380452,0.491238999429508,0.7148802280426025,0.12376117706298828
500,1,15.483600000000001,3.06,1,1,1,7,0.15308252787635335,0.3402771236779008,0.4594405136991964,0.6376042366027832,0.10222411155700684
500,1,15.483600000000001,3.06,1,1,1,8,0.18644669146244996,0.3696962536776246,0.46899279130062166,0.6707553863525391,0.12039542198181152
500,1,15.483600000000001,3.06,1,1,1,9,0.1747947015544907,0.38995836400195144,0.5089574197207036,0.8069419860839844,0.16676735877990723
500,1,15.483600000000001,3.06,1,1,1,10,0.19437359454656655,0.3772868236187866,0.47565571053707617,0.6862404346466064,0.1290581226348877
500,1,15.483600000000001,3.06,1,1,1,11,0.19134964458859993,0.40240317467161224,0.4815125620588089,0.7639498710632324,0.12356042861938477
500,1,15.483600000000001,3.06,1,1,1,12,0.1860879973366603,0.39514032925738946,0.5010335208275069,0.6311712265014648,0.12372493743896484
500,1,15.483600000000001,3.06,1,1,1,13,0.2222678969939061,0.4145374825576981,0.4889536307042718,0.8427648544311523,0.15845370292663574
500,1,15.483600000000001,3.06,1,1,1,14,0.20022929576484577,0.397785601215612,0.47829661772917514,0.6279275417327881,0.12270593643188477
500,1,15.483600000000001,3.06,1,1,1,15,0.18163875184665482,0.3696894515487455,0.4603037692261393,0.6783158779144287,0.11813735961914062
500,1,15.483600000000001,3.06,1,1,1,16,0.16270658039062635,0.35825946590042945,0.42835746317225676,0.6219804286956787,0.10882687568664551
500,1,15.483600000000001,3.06,1,1,1,17,0.16422623890144608,0.3571938632602853,0.4822949861560762,0.758864164352417,0.1537647247314453
500,1,15.483600000000001,3.06,1,1,1,18,0.16772561688142115,0.4077683709551731,0.5476102050003645,0.6796214580535889,0.14777231216430664
500,1,15.483600000000001,3.06,1,1,1,19,0.16559834338810914,0.4019007533241415,0.47739900577354294,0.7107899188995361,0.13183355331420898
500,1,15.483600000000001,3.06,1,1,1,20,0.2012982814037968,0.3710882047145887,0.45910219461988033,0.6363170146942139,0.13976693153381348
500,1,15.483600000000001,3.06,1,1,1,21,0.1684114813526854,0.4203735896584095,0.5666045416343282,0.6728537082672119,0.11748933792114258
500,1,15.483600000000001,3.06,1,1,1,22,0.17751167043045776,0.3513050240285717,0.44349741657377595,0.8042500019073486,0.17586183547973633
500,1,15.483600000000001,3.06,1,1,1,23,0.15083611809165448,0.3638261296160544,0.4503048847653558,0.6084158420562744,0.11695361137390137
500,1,15.483600000000001,3.06,1,1,1,24,0.16599107452278825,0.3925162600807553,0.48766535845756376,0.7365140914916992,0.1292715072631836
500,1,15.974400000000001,3.12,1,1,1,0,0.18699683052890465,0.3640071723420232,0.4569143949242186,0.664222002029419,0.13677525520324707
500,1,15.974400000000001,3.12,1,1,1,1,0.18625880151471355,0.40011848481441326,0.4877899943653735,0.7646923065185547,0.14873909950256348
500,1,15.974400000000001,3.12,1,1,1,2,0.19167191561579752,0.47119953621908667,0.5375180341487727,0.8487162590026855,0.15639209747314453
500,1,15.974400000000001,3.12,1,1,1,3,0.1820560430803305,0.39455583313056786,0.48296014684988303,0.6279630661010742,0.10934114456176758
500,1,15.974400000000001,3.12,1,1,1,4,0.1746744979612947,0.44416367603390117,0.543237961646,0.7140166759490967,0.11714029312133789
500,1,15.974400000000001,3.12,1,1,1,5,0.17954703207768424,0.4069074873316602,0.5410633279619964,0.6342213153839111,0.12407588958740234
500,1,15.974400000000001,3.12,1,1,1,6,0.21462928649909985,0.4483721404439643,0.4994674195632491,0.681793212890625,0.15265202522277832
500,1,15.974400000000001,3.12,1,1,1,7,0.18616937911265727,0.36906534495425264,0.47649767233949847,0.6141185760498047,0.1545252799987793
500,1,15.974400000000001,3.12,1,1,1,8,0.19777840880564768,0.3976726524202832,0.46403126063102185,0.7058625221252441,0.10004210472106934
500,1,15.974400000000001,3.12,1,1,1,9,0.16903971525467673,0.3873747734695155,0.5231104501718181,0.5326316356658936,0.15620756149291992
500,1,15.974400000000001,3.12,1,1,1,10,0.16574833730081545,0.498612812775925,0.5428009903688689,0.8545932769775391,0.15732979774475098
500,1,15.974400000000001,3.12,1,1,1,11,0.18726280021402006,0.39390938653887925,0.48366371277807807,0.7175860404968262,0.10834622383117676
500,1,15.974400000000001,3.12,1,1,1,12,0.1662446797209822,0.4030097988751397,0.467768411183916,0.6737041473388672,0.13620948791503906
500,1,15.974400000000001,3.12,1,1,1,13,0.19844649241238596,0.4038635673138792,0.5008283502495103,0.671504020690918,0.11975646018981934
500,1,15.974400000000001,3.12,1,1,1,14,0.16503831876407882,0.3910460577017491,0.4472070115160719,0.6401968002319336,0.13937973976135254
500,1,15.974400000000001,3.12,1,1,1,15,0.16153316705424012,0.38375317835645223,0.5017664258667596,0.8721966743469238,0.15760207176208496
500,1,15.974400000000001,3.12,1,1,1,16,0.1858263595420112,0.38649841871019214,0.5282046014350179,0.6729652881622314,0.14181947708129883
500,1,15.974400000000001,3.12,1,1,1,17,0.16569674648298152,0.40419944016295806,0.46970485176544075,0.6496803760528564,0.11043167114257812
500,1,15.974400000000001,3.12,1,1,1,18,0.16900601815754648,0.3596058546144022,0.5027115853426304,0.6296253204345703,0.15196847915649414
500,1,15.974400000000001,3.12,1,1,1,19,0.18675428791339735,0.4003414227589121,0.5178407596388797,0.8959414958953857,0.17061495780944824
500,1,15.974400000000001,3.12,1,1,1,20,0.16374341873594536,0.39638010839806337,0.49339139523601805,0.6323544979095459,0.14551353454589844
500,1,15.974400000000001,3.12,1,1,1,21,0.15971757553677213,0.37998847948651027,0.44849413500909513,0.7245197296142578,0.10772466659545898
500,1,15.974400000000001,3.12,1,1,1,22,0.17901371430378096,0.3595743604040702,0.4718949036425267,0.6818873882293701,0.13066601753234863
500,1,15.974400000000001,3.12,1,1,1,23,0.1871567076285114,0.37588672132365436,0.504655828470356,0.6367220878601074,0.11264705657958984
500,1,15.974400000000001,3.12,1,1,1,24,0.17423399192829717,0.39918960110407764,0.4638257233452995,0.7365119457244873,0.1306610107421875
500,1,16.472399999999997,3.1799999999999997,1,1,1,0,0.16723146981910414,0.3688551938434076,0.4980585511605733,0.6515257358551025,0.14492106437683105
500,1,16.472399999999997,3.1799999999999997,1,1,1,1,0.18199739399657647,0.43628103888953795,0.5125995405382453,0.7200157642364502,0.13158798217773438
500,1,16.472399999999997,3.1799999999999997,1,1,1,2,0.17694468809745692,0.4711139607676199,0.5532998115117541,0.725994348526001,0.11471152305603027
500,1,16.472399999999997,3.1799999999999997,1,1,1,3,0.17234353742183536,0.38946536130536885,0.4996371160688809,0.7803378105163574,0.1705639362335205
500,1,16.472399999999997,3.1799999999999997,1,1,1,4,0.1984480695480248,0.41302373153470506,0.5165810368643573,0.6470828056335449,0.14129376411437988
500,1,16.472399999999997,3.1799999999999997,1,1,1,5,0.21407494586799697,0.4102462027675792,0.5258526684318169,0.6712312698364258,0.1385800838470459
500,1,16.472399999999997,3.1799999999999997,1,1,1,6,0.18869670440581848,0.4086431507250842,0.500494111085088,0.655393123626709,0.16889214515686035
500,1,16.472399999999997,3.1799999999999997,1,1,1,7,0.16653295343947902,0.48975705198069275,0.552335223920054,0.7530653476715088,0.1711559295654297
500,1,16.472399999999997,3.1799999999999997,1,1,1,8,0.20803842414580717,0.3965237776800014,0.5510706692389813,0.7402410507202148,0.10980367660522461
500,1,16.472399999999997,3.1799999999999997,1,1,1,9,0.1723410779896504,0.3676510996176706,0.5058688890459984,0.6686904430389404,0.10778331756591797
500,1,16.472399999999997,3.1799999999999997,1,1,1,10,0.17589065525884923,0.42854925967101326,0.49250631816698837,0.843109130859375,0.15797758102416992
500,1,16.472399999999997,3.1799999999999997,1,1,1,11,0.19278144229293037,0.3513713832773091,0.45420559238413377,0.7467796802520752,0.16326522827148438
500,1,16.472399999999997,3.1799999999999997,1,1,1,12,0.17659142951132545,0.4574627968751103,0.5501197849305784,0.6974668502807617,0.12050175666809082
500,1,16.472399999999997,3.1799999999999997,1,1,1,13,0.16492370360826078,0.4098993766075631,0.45677950116923693,0.6050088405609131,0.12144064903259277
500,1,16.472399999999997,3.1799999999999997,1,1,1,14,0.19498984250853826,0.3710807551178066,0.48842389916713197,0.7047550678253174,0.1186060905456543
500,1,16.472399999999997,3.1799999999999997,1,1,1,15,0.18638092037454818,0.4256375784650624,0.5313347489604823,0.6523394584655762,0.14441943168640137
500,1,16.472399999999997,3.1799999999999997,1,1,1,16,0.18885207883793645,0.41159163289341283,0.49384967586698564,0.8595926761627197,0.14706039428710938
500,1,16.472399999999997,3.1799999999999997,1,1,1,17,0.17904389893874742,0.3727100921010265,0.4857137994888044,0.6295967102050781,0.1482393741607666
500,1,16.472399999999997,3.1799999999999997,1,1,1,18,0.16676072741010425,0.3790756298509626,0.49094604097067784,0.6569151878356934,0.11974596977233887
500,1,16.472399999999997,3.1799999999999997,1,1,1,19,0.166351657099117,0.40245047016930574,0.5238612830432612,0.6931655406951904,0.1184382438659668
500,1,16.472399999999997,3.1799999999999997,1,1,1,20,0.16336595615627583,0.3907605796929689,0.49109896020472904,0.6026618480682373,0.15921759605407715
500,1,16.472399999999997,3.1799999999999997,1,1,1,21,0.1914559004724713,0.37004112200481926,0.4961529841580794,0.6438813209533691,0.1463770866394043
500,1,16.472399999999997,3.1799999999999997,1,1,1,22,0.1703253533627918,0.42024181515931974,0.520528952398215,0.580594539642334,0.12553668022155762
500,1,16.472399999999997,3.1799999999999997,1,1,1,23,0.18617425427001325,0.44236048288938384,0.5952074933640196,0.627748966217041,0.1490345001220703
500,1,16.472399999999997,3.1799999999999997,1,1,1,24,0.1646122761916583,0.4074457666470255,0.5202998139136197,0.6892399787902832,0.10705995559692383
500,1,16.9776,3.2399999999999998,1,1,1,0,0.17288920447090425,0.41594227560183317,0.5025284187665554,0.853374719619751,0.1408243179321289
500,1,16.9776,3.2399999999999998,1,1,1,1,0.19182715173261522,0.44496185836844776,0.4702698500740537,0.7336041927337646,0.12222003936767578
500,1,16.9776,3.2399999999999998,1,1,1,2,0.18951465723138208,0.3883789315101589,0.5074351676550056,0.8452792167663574,0.16310834884643555
500,1,16.9776,3.2399999999999998,1,1,1,3,0.1939639740549544,0.37974990981695267,0.44321315985783494,0.6820218563079834,0.12355756759643555
500,1,16.9776,3.2399999999999998,1,1,1,4,0.16009885070275198,0.44909626012968545,0.4833984406270895,0.683967113494873,0.17180633544921875
500,1,16.9776,3.2399999999999998,1,1,1,5,0.18057459317628843,0.4243568383025167,0.46988297644508475,0.7100605964660645,0.11919951438903809
500,1,16.9776,3.2399999999999998,1,1,1,6,0.15588814161145256,0.44590739170019045,0.5321884169647442,0.6318516731262207,0.12189579010009766
500,1,16.9776,3.2399999999999998,1,1,1,7,0.201208844774332,0.5262078152845021,0.6395398542068574,0.6885476112365723,0.1223750114440918
500,1,16.9776,3.2399999999999998,1,1,1,8,0.1701635877414421,0.407348354799777,0.4853164229492434,0.5791282653808594,0.14370059967041016
500,1,16.9776,3.2399999999999998,1,1,1,9,0.18344960709759672,0.38837150121059283,0.5249733716932583,0.8234543800354004,0.1667015552520752
500,1,16.9776,3.2399999999999998,1,1,1,10,0.1729633480316621,0.4034698532929806,0.492131834443266,0.6745707988739014,0.1406700611114502
500,1,16.9776,3.2399999999999998,1,1,1,11,0.18089504285307842,0.4642527729557279,0.5241023326508365,0.7449440956115723,0.11715984344482422
500,1,16.9776,3.2399999999999998,1,1,1,12,0.15726801996852002,0.42892399277198145,0.4960004420408478,0.6532907485961914,0.12473917007446289
500,1,16.9776,3.2399999999999998,1,1,1,13,0.1743845988005192,0.442002724836066,0.5235757201630397,0.6840381622314453,0.13045573234558105
500,1,16.9776,3.2399999999999998,1,1,1,14,0.17592558023883445,0.3790784632443623,0.48489873035955133,0.6404209136962891,0.10168600082397461
500,1,16.9776,3.2399999999999998,1,1,1,15,0.17141973182166556,0.40954193859229643,0.5290665493029708,0.7064135074615479,0.11300921440124512
500,1,16.9776,3.2399999999999998,1,1,1,16,0.1672932003532659,0.40021521637126883,0.4569898491390758,0.6598985195159912,0.1134641170501709
500,1,16.9776,3.2399999999999998,1,1,1,17,0.18669853231273725,0.4836258139824948,0.5567303813893956,0.705897331237793,0.1466357707977295
500,1,16.9776,3.2399999999999998,1,1,1,18,0.16323706890531026,0.42595548548403545,0.4760942669552704,0.8201730251312256,0.15079879760742188
500,1,16.9776,3.2399999999999998,1,1,1,19,0.16525870364984233,0.4341810505939496,0.5080644894175044,0.9011282920837402,0.13932347297668457
500,1,16.9776,3.2399999999999998,1,1,1,20,0.18289443687177825,0.43027338152615713,0.4954687214913492,0.7278952598571777,0.14251112937927246
500,1,16.9776,3.2399999999999998,1,1,1,21,0.1702525228518135,0.39145645864308626,0.4892404258407737,0.6736581325531006,0.13162851333618164
500,1,16.9776,3.2399999999999998,1,1,1,22,0.16350178989821582,0.4380945816739413,0.5349020654994219,0.8094584941864014,0.165449857711792
500,1,16.9776,3.2399999999999998,1,1,1,23,0.15601802136101794,0.3762019725471168,0.4849264552273519,0.6751644611358643,0.1403806209564209
500,1,16.9776,3.2399999999999998,1,1,1,24,0.1727755498133244,0.42081875663270296,0.5375214610255735,0.7498245239257812,0.11263322830200195
500,1,17.49,3.3,1,1,1,0,0.17588432945764587,0.3937128616659371,0.5044286190451658,0.6589853763580322,0.13759827613830566
500,1,17.49,3.3,1,1,1,1,0.19559713151447466,0.42498549459180296,0.5204902478209986,0.6760663986206055,0.13253235816955566
500,1,17.49,3.3,1,1,1,2,0.17171972208818864,0.4779744824392472,0.5854595694565742,0.8545899391174316,0.16532087326049805
500,1,17.49,3.3,1,1,1,3,0.16322668694555587,0.43705411938189864,0.5000842382364604,0.7253615856170654,0.11468744277954102
500,1,17.49,3.3,1,1,1,4,0.17868737285798317,0.406516621273176,0.5046795955122649,0.6837172508239746,0.15796446800231934
500,1,17.49,3.3,1,1,1,5,0.1766557938899924,0.4546156513046248,0.5318887319954008,0.71468186378479,0.1279008388519287
500,1,17.49,3.3,1,1,1,6,0.20963946252277668,0.46744946598593834,0.5425937348657596,0.777836799621582,0.16011691093444824
500,1,17.49,3.3,1,1,1,7,0.20571557383216604,0.4490073106702957,0.5335830884514235,0.6991522312164307,0.1432795524597168
500,1,17.49,3.3,1,1,1,8,0.15328225983122318,0.4278567498436485,0.484534942278784,0.6711513996124268,0.1442553997039795
500,1,17.49,3.3,1,1,1,9,0.17677958618848522,0.43305469618221115,0.5369249307667318,0.6120774745941162,0.13894271850585938
500,1,17.49,3.3,1,1,1,10,0.16689825323070534,0.475887581112198,0.552026663532199,0.6515438556671143,0.12671542167663574
500,1,17.49,3.3,1,1,1,11,0.19145758967404897,0.4465899509593667,0.48800719570028833,0.8695588111877441,0.1578378677368164
500,1,17.49,3.3,1,1,1,12,0.17255094627498546,0.4664144222218559,0.5291844080295196,0.6776115894317627,0.11611318588256836
500,1,17.49,3.3,1,1,1,13,0.1706673008382352,0.3667681583378462,0.48343256928533923,0.6276412010192871,0.15671467781066895
500,1,17.49,3.3,1,1,1,14,0.17730581718181537,0.39938846142045037,0.46201258191682637,0.7612519264221191,0.1115114688873291
500,1,17.49,3.3,1,1,1,15,0.21879712134412027,0.43459464262687053,0.5141616269368388,0.8896927833557129,0.15159821510314941
500,1,17.49,3.3,1,1,1,16,0.1853966756998863,0.4299065443223972,0.5108003120136838,0.6707565784454346,0.12274670600891113
500,1,17.49,3.3,1,1,1,17,0.1804225189441767,0.43928814209776373,0.5329196568232107,0.7379419803619385,0.16672110557556152
500,1,17.49,3.3,1,1,1,18,0.16390772840526915,0.4656102713075171,0.5819672620924932,0.642385721206665,0.14751911163330078
500,1,17.49,3.3,1,1,1,19,0.17103967866057726,0.4232175239685135,0.5630462282231055,0.7776486873626709,0.15845918655395508
500,1,17.49,3.3,1,1,1,20,0.1699459301372063,0.42661197932308664,0.5250639824162133,0.617356538772583,0.1539158821105957
500,1,17.49,3.3,1,1,1,21,0.18020434906878408,0.40470897155563224,0.4649771644878187,0.6496436595916748,0.13012456893920898
500,1,17.49,3.3,1,1,1,22,0.17646851005819236,0.4251832426142269,0.513196719066972,0.6729185581207275,0.14142656326293945
500,1,17.49,3.3,1,1,1,23,0.17155702356504227,0.43989489583809305,0.5311880820547341,0.6909682750701904,0.11654543876647949
500,1,17.49,3.3,1,1,1,24,0.1678021477935963,0.45502918163972195,0.5357093388899423,0.8394002914428711,0.161088228225708
500,1,18.0096,3.36,1,1,1,0,0.17210134618553943,0.4013006284356815,0.49134449117253487,0.6956427097320557,0.12584185600280762
500,1,18.0096,3.36,1,1,1,1,0.178518070998318,0.413988914532303,0.5140570391748698,0.6886343955993652,0.13568425178527832
500,1,18.0096,3.36,1,1,1,2,0.18457875214654268,0.4435684036199064,0.583305918860054,0.8447785377502441,0.16606450080871582
500,1,18.0096,3.36,1,1,1,3,0.16574645411433703,0.4844392866815562,0.609892810859818,0.8520705699920654,0.15970301628112793
500,1,18.0096,3.36,1,1,1,4,0.1680296216981271,0.4366914351417457,0.5555949181075293,0.6072461605072021,0.14445018768310547
500,1,18.0096,3.36,1,1,1,5,0.1608593864379196,0.4189780509204077,0.5127799051216075,0.7043821811676025,0.154646635055542
500,1,18.0096,3.36,1,1,1,6,0.17715467727600434,0.37518850929697456,0.4782936845858184,0.6532762050628662,0.11926841735839844
500,1,18.0096,3.36,1,1,1,7,0.18479935747912535,0.39505123201202236,0.4991087592954804,0.6842713356018066,0.1172943115234375
500,1,18.0096,3.36,1,1,1,8,0.17990141209073687,0.5410652180104155,0.6424817131866909,0.7061343193054199,0.13487505912780762
500,1,18.0096,3.36,1,1,1,9,0.16341031682164728,0.4775274834941856,0.5845085757543151,0.6612868309020996,0.12028288841247559
500,1,18.0096,3.36,1,1,1,10,0.1843336630213096,0.4748603357328213,0.5755267634614922,0.707287073135376,0.11746883392333984
500,1,18.0096,3.36,1,1,1,11,0.1662846885068923,0.3963518159466611,0.49163428880057164,0.6488628387451172,0.1137704849243164
500,1,18.0096,3.36,1,1,1,12,0.17392984328147448,0.44929610124715536,0.5255921048380521,0.8851113319396973,0.15519165992736816
500,1,18.0096,3.36,1,1,1,13,0.2000564325019617,0.44270642709865804,0.5221380180430338,0.661649227142334,0.11295342445373535
500,1,18.0096,3.36,1,1,1,14,0.17428529508084623,0.40249886448207256,0.5138881016425119,0.6733977794647217,0.14725255966186523
500,1,18.0096,3.36,1,1,1,15,0.18583005366008717,0.41456614399571245,0.5522228284493962,0.7010436058044434,0.12926864624023438
500,1,18.0096,3.36,1,1,1,16,0.163589897303127,0.40652883498492365,0.4942312416639861,0.6154935359954834,0.15545940399169922
500,1,18.0096,3.36,1,1,1,17,0.19914701058897283,0.38565564161329413,0.4968127947842776,0.8740675449371338,0.10628771781921387
500,1,18.0096,3.36,1,1,1,18,0.18152437503179253,0.5363510332877127,0.6063643694650429,0.6150414943695068,0.12194991111755371
500,1,18.0096,3.36,1,1,1,19,0.17112504615475088,0.41707104364049497,0.4862492522654195,0.8558332920074463,0.14093661308288574
500,1,18.0096,3.36,1,1,1,20,0.17431028734640638,0.4393266637443426,0.5421759972113618,0.60394287109375,0.12066817283630371
500,1,18.0096,3.36,1,1,1,21,0.18051774281254418,0.43163397277424015,0.5320900313366311,0.8335886001586914,0.1643974781036377
500,1,18.0096,3.36,1,1,1,22,0.15942303986657277,0.4050608860193892,0.5214872458137617,0.6144635677337646,0.13631176948547363
500,1,18.0096,3.36,1,1,1,23,0.1892001572934738,0.4503129368111673,0.5487748699212094,0.6541376113891602,0.11937499046325684
500,1,18.0096,3.36,1,1,1,24,0.1684555238634533,0.43304354448219956,0.5121193431173113,0.6660163402557373,0.13754034042358398
500,1,18.5364,3.42,1,1,1,0,0.17159923198530763,0.42066891173682075,0.5085760601726511,0.6845498085021973,0.13949036598205566
500,1,18.5364,3.42,1,1,1,1,0.18559368647220692,0.4242372900828048,0.5021611010516399,0.6843616962432861,0.12076044082641602
500,1,18.5364,3.42,1,1,1,2,0.2153753863658589,0.41382655775454136,0.508257305280689,0.6147935390472412,0.11725091934204102
500,1,18.5364,3.42,1,1,1,3,0.16442604744424355,0.42522489413188164,0.4805299228938386,0.6054558753967285,0.14484429359436035
500,1,18.5364,3.42,1,1,1,4,0.14813472095974956,0.39846012392642727,0.49531424359239573,0.7114765644073486,0.12508130073547363
500,1,18.5364,3.42,1,1,1,5,0.18876875152889205,0.41994905278353944,0.5168772029361652,0.8253569602966309,0.16066884994506836
500,1,18.5364,3.42,1,1,1,6,0.16483447700430912,0.4409876805732478,0.5268017140666909,0.6562609672546387,0.1374952793121338
500,1,18.5364,3.42,1,1,1,7,0.17329633586712687,0.4285265463231821,0.4948890652421439,0.5772495269775391,0.14058136940002441
500,1,18.5364,3.42,1,1,1,8,0.1615037912158784,0.4433336115230457,0.5667666815873644,0.7181456089019775,0.11464476585388184
500,1,18.5364,3.42,1,1,1,9,0.17222490021574718,0.4176774227975141,0.47819010306451704,0.7021183967590332,0.11660242080688477
500,1,18.5364,3.42,1,1,1,10,0.15784815650653017,0.41193612063222673,0.5331726663513701,0.9055440425872803,0.1561737060546875
500,1,18.5364,3.42,1,1,1,11,0.18094828292468212,0.46978908135474357,0.5138459277260953,0.6974289417266846,0.12572312355041504
500,1,18.5364,3.42,1,1,1,12,0.16346489265855726,0.39752685957679273,0.47576238389136216,0.707777738571167,0.11225628852844238
500,1,18.5364,3.42,1,1,1,13,0.19020523740843817,0.432577988715415,0.5383036666788855,0.6279604434967041,0.1595602035522461
500,1,18.5364,3.42,1,1,1,14,0.16229373583586754,0.466666340656416,0.5019255769308975,0.8438184261322021,0.15611863136291504
500,1,18.5364,3.42,1,1,1,15,0.16211532451786,0.4205705267008731,0.4839996467944248,0.6297836303710938,0.14473295211791992
500,1,18.5364,3.42,1,1,1,16,0.17791663186450773,0.4093013119005469,0.5046850841010104,0.6199953556060791,0.10332441329956055
500,1,18.5364,3.42,1,1,1,17,0.20699127618672436,0.3984586388035564,0.48649250027059077,0.6214141845703125,0.15089869499206543
500,1,18.5364,3.42,1,1,1,18,0.17032609355043962,0.42089424107047846,0.5292510912083516,0.685760498046875,0.14043283462524414
500,1,18.5364,3.42,1,1,1,19,0.1516882206557272,0.4335537878636854,0.5808928798014834,0.664823055267334,0.14484095573425293
500,1,18.5364,3.42,1,1,1,20,0.15954891464889845,0.472053062700649,0.5702108976322735,0.6744203567504883,0.13410091400146484
500,1,18.5364,3.42,1,1,1,21,0.16587169765862805,0.42377648122679373,0.4912664533031411,0.6019444465637207,0.12813019752502441
500,1,18.5364,3.42,1,1,1,22,0.1643860889076248,0.45195299988574816,0.5539633533443673,0.6963691711425781,0.13365960121154785
500,1,18.5364,3.42,1,1,1,23,0.1762866673429697,0.47777796566221975,0.5815180701388251,0.7808408737182617,0.16483020782470703
500,1,18.5364,3.42,1,1,1,24,0.17736055520417113,0.4513381092002575,0.5142914716929976,0.5475261211395264,0.14379286766052246
500,1,19.070400000000003,3.48,1,1,1,0,0.1922165647049852,0.4985852633834233,0.5823364540006651,0.6756591796875,0.10364460945129395
500,1,19.070400000000003,3.48,1,1,1,1,0.1838502315555071,0.41977492996247745,0.5415127482558514,0.635523796081543,0.1586165428161621
500,1,19.070400000000003,3.48,1,1,1,2,0.2082321655307967,0.44833243794809224,0.64117935528605,0.6611578464508057,0.09458470344543457
500,1,19.070400000000003,3.48,1,1,1,3,0.17072850012891536,0.5351689684290234,0.5742744354549764,0.7942368984222412,0.10776662826538086
500,1,19.070400000000003,3.48,1,1,1,4,0.15401572158755628,0.40128447914081106,0.4798748234654331,0.5840952396392822,0.1367959976196289
500,1,19.070400000000003,3.48,1,1,1,5,0.1847282612584569,0.41474841282350516,0.48205232190601127,0.6884527206420898,0.13442492485046387
500,1,19.070400000000003,3.48,1,1,1,6,0.18675870263738423,0.429215435638256,0.5249472955694823,0.6906130313873291,0.1031491756439209
500,1,19.070400000000003,3.48,1,1,1,7,0.20659480153504634,0.45277636063519616,0.5465332253183642,0.9052667617797852,0.15302324295043945
500,1,19.070400000000003,3.48,1,1,1,8,0.15801880870731022,0.4499911562158062,0.5730654780395115,0.7359364032745361,0.11968755722045898
500,1,19.070400000000003,3.48,1,1,1,9,0.18118767370139155,0.3906226864850244,0.5325345088271668,0.647301435470581,0.14677834510803223
500,1,19.070400000000003,3.48,1,1,1,10,0.16824935793257542,0.4537006959919758,0.5066456884624396,0.6667675971984863,0.12063169479370117
500,1,19.070400000000003,3.48,1,1,1,11,0.18400860737046268,0.4141092350867422,0.5413590414627627,0.7030839920043945,0.10839581489562988
500,1,19.070400000000003,3.48,1,1,1,12,0.17343154225805166,0.42342111177792674,0.5142014617884245,0.7316701412200928,0.1264963150024414
500,1,19.070400000000003,3.48,1,1,1,13,0.17087086659116776,0.48031492503414913,0.5870243944329958,0.6753580570220947,0.12908196449279785
500,1,19.070400000000003,3.48,1,1,1,14,0.17243738854957893,0.47586108744823985,0.5563531846153061,0.6954185962677002,0.15606379508972168
500,1,19.070400000000003,3.48,1,1,1,15,0.18723229463920438,0.4964890361072718,0.5720328274573959,0.794487476348877,0.13572072982788086
500,1,19.070400000000003,3.48,1,1,1,16,0.18329294251072553,0.4180060558991634,0.5156424999433737,0.8979201316833496,0.15865254402160645
500,1,19.070400000000003,3.48,1,1,1,17,0.17678783738851497,0.47185576165872467,0.543569497440747,0.6576306819915771,0.15892601013183594
500,1,19.070400000000003,3.48,1,1,1,18,0.20473944895293758,0.4434201108533886,0.5965413040692226,0.7091825008392334,0.13311362266540527
500,1,19.070400000000003,3.48,1,1,1,19,0.15993145000073444,0.47980148057972954,0.6080379332093171,0.7930762767791748,0.14932823181152344
500,1,19.070400000000003,3.48,1,1,1,20,0.17677401442582438,0.41949996257730443,0.5070362262938678,0.8776540756225586,0.1526336669921875
500,1,19.070400000000003,3.48,1,1,1,21,0.19446949097302632,0.4442022454134643,0.5477840328501866,0.69547438621521,0.1264204978942871
500,1,19.070400000000003,3.48,1,1,1,22,0.16181789550611575,0.46286081820458724,0.5383878732153482,0.6378707885742188,0.1409904956817627
500,1,19.070400000000003,3.48,1,1,1,23,0.1823657962180369,0.4101183500003251,0.5162395105561368,0.7347090244293213,0.11735796928405762
500,1,19.070400000000003,3.48,1,1,1,24,0.16847455296586744,0.5893877335339403,0.7018148126969973,0.6180539131164551,0.14701628684997559
