n,s1,1_p_s2,s2,beta,q,sqrt_q,rep_no,eigen_mat_rerr,eigen_mat_terr,eigen_mat_gerr,eigen_mat_ev_time,eigen_mat_cal_translation_time
500,1,0.0,0.0,1,1,1,0,0.09715307718434141,0.0810895725914427,0.16012311950912345,0.43813586235046387,0.0860748291015625
500,1,0.0,0.0,1,1,1,1,0.10101000109126457,0.06645421907216799,0.1458556225164362,0.3879399299621582,0.07402729988098145
500,1,0.0,0.0,1,1,1,2,0.12314530715075588,0.06765303267606083,0.15310792997830008,0.3865232467651367,0.0775148868560791
500,1,0.0,0.0,1,1,1,3,0.10246426585073903,0.0558915316707564,0.1449811334199378,0.3780686855316162,0.07551050186157227
500,1,0.0,0.0,1,1,1,4,0.12833942145598687,0.08212392715005272,0.16510935206112592,0.3855159282684326,0.07705974578857422
500,1,0.0,0.0,1,1,1,5,0.11817551975201115,0.07397763231763166,0.17058936763391058,0.3770487308502197,0.0720679759979248
500,1,0.0,0.0,1,1,1,6,0.12894957784127728,0.07171561476896149,0.1662334759487437,0.3489804267883301,0.07902812957763672
500,1,0.0,0.0,1,1,1,7,0.10369629915276761,0.07799275449712673,0.14543859995380182,0.436922550201416,0.08452439308166504
500,1,0.0,0.0,1,1,1,8,0.10665559010835969,0.07904828941664524,0.16594406911210458,0.38015222549438477,0.07600164413452148
500,1,0.0,0.0,1,1,1,9,0.11344190350032247,0.0673144527150932,0.1555708797085737,0.4784972667694092,0.08579444885253906
500,1,0.0,0.0,1,1,1,10,0.11824691358439503,0.06409551508266856,0.1529788434250017,0.39028358459472656,0.07200384140014648
500,1,0.0,0.0,1,1,1,11,0.12181456781620435,0.06362665380718778,0.17549510525809472,0.3910655975341797,0.07450008392333984
500,1,0.0,0.0,1,1,1,12,0.10977623817880207,0.07035738805277804,0.15422590452736548,0.3843111991882324,0.07500529289245605
500,1,0.0,0.0,1,1,1,13,0.1039656834655569,0.054691324596970035,0.15108155605661705,0.3827071189880371,0.07749223709106445
500,1,0.0,0.0,1,1,1,14,0.1174494067925708,0.06744180750906427,0.16063247719049795,0.4461836814880371,0.0836334228515625
500,1,0.0,0.0,1,1,1,15,0.0994935826111048,0.07492690502186439,0.15120051241156846,0.3971858024597168,0.0745089054107666
500,1,0.0,0.0,1,1,1,16,0.10784942832397738,0.07291042010851838,0.14623729477342834,0.40642666816711426,0.0747828483581543
500,1,0.0,0.0,1,1,1,17,0.1382308932599367,0.06734796695605828,0.16450344996182695,0.3764495849609375,0.07582592964172363
500,1,0.0,0.0,1,1,1,18,0.11091978662206106,0.07418394102363703,0.1838687902972513,0.38692593574523926,0.07451725006103516
500,1,0.0,0.0,1,1,1,19,0.12036778807610983,0.06415899816899356,0.14505731453540838,0.39534664154052734,0.07637500762939453
500,1,0.0,0.0,1,1,1,20,0.12275638780358408,0.06983991212327802,0.1558014203078405,0.6565678119659424,0.1520853042602539
500,1,0.0,0.0,1,1,1,21,0.09986207399175911,0.06077209094514266,0.1379558978794323,0.6111540794372559,0.10950112342834473
500,1,0.0,0.0,1,1,1,22,0.11792363897300992,0.07163439598410105,0.1696114420710461,0.5870685577392578,0.11192512512207031
500,1,0.0,0.0,1,1,1,23,0.12623026372073218,0.07068859357108441,0.16596942620473226,0.5825083255767822,0.12115621566772461
500,1,0.0,0.0,1,1,1,24,0.11681883845085757,0.08474614694487312,0.16322543589337787,0.6061718463897705,0.12104678153991699
500,1,0.44000000000000006,0.2,1,1,1,0,0.11072880687509284,0.07177174178534415,0.1755764326483658,0.7544722557067871,0.16104674339294434
500,1,0.44000000000000006,0.2,1,1,1,1,0.1192519107473445,0.07657153585414188,0.15263134890551838,0.6112415790557861,0.1203470230102539
500,1,0.44000000000000006,0.2,1,1,1,2,0.1226876886644635,0.0793651649338854,0.17866847475173125,0.5767958164215088,0.1185147762298584
500,1,0.44000000000000006,0.2,1,1,1,3,0.1070486702251471,0.09298869757845664,0.17221724934672789,0.6427552700042725,0.12679624557495117
500,1,0.44000000000000006,0.2,1,1,1,4,0.1233521205260571,0.07820736429889996,0.15811470999031793,0.6023333072662354,0.1078042984008789
500,1,0.44000000000000006,0.2,1,1,1,5,0.12392318089834413,0.06659796255051799,0.1605593380895346,0.807485818862915,0.1890852451324463
500,1,0.44000000000000006,0.2,1,1,1,6,0.1128058470330713,0.07300101858057852,0.1489881173874669,0.6451518535614014,0.1265099048614502
500,1,0.44000000000000006,0.2,1,1,1,7,0.11034066684054807,0.06235164776145759,0.16028579115808855,0.6318540573120117,0.11307287216186523
500,1,0.44000000000000006,0.2,1,1,1,8,0.123644772070783,0.07320694379060595,0.1503471532150151,0.6042098999023438,0.12454009056091309
500,1,0.44000000000000006,0.2,1,1,1,9,0.12637589550724074,0.08238533872070637,0.1871372614135281,0.620579719543457,0.12452340126037598
500,1,0.44000000000000006,0.2,1,1,1,10,0.11150670389617368,0.06919446183599066,0.14877819014741445,0.7603824138641357,0.16208314895629883
500,1,0.44000000000000006,0.2,1,1,1,11,0.0971661913383128,0.08153441538880354,0.15472270811951688,0.6154308319091797,0.11504650115966797
500,1,0.44000000000000006,0.2,1,1,1,12,0.11901143571998721,0.07009856209881381,0.1523818944999556,0.6031763553619385,0.11452317237854004
500,1,0.44000000000000006,0.2,1,1,1,13,0.1176059415938018,0.08641132625420757,0.19455495402856804,0.5904226303100586,0.1318826675415039
500,1,0.44000000000000006,0.2,1,1,1,14,0.10473384649952902,0.07482826762162036,0.1628430653954016,0.6160933971405029,0.12650394439697266
500,1,0.44000000000000006,0.2,1,1,1,15,0.11571638951364299,0.09587096608330023,0.17933465913325203,0.7751023769378662,0.1526024341583252
500,1,0.44000000000000006,0.2,1,1,1,16,0.13419715008569943,0.058143408770886744,0.14944948082081444,0.6224453449249268,0.12288761138916016
500,1,0.44000000000000006,0.2,1,1,1,17,0.10032916083489848,0.080926772312125,0.1424709641894302,0.5974876880645752,0.10650253295898438
500,1,0.44000000000000006,0.2,1,1,1,18,0.10217022526544087,0.0665887143913912,0.14543844703125636,0.5863547325134277,0.12471222877502441
500,1,0.44000000000000006,0.2,1,1,1,19,0.10255242410473404,0.07479344664242205,0.14449278314514472,0.6192739009857178,0.11553621292114258
500,1,0.44000000000000006,0.2,1,1,1,20,0.10028656937322976,0.07261903482460191,0.1673983148862412,0.6925954818725586,0.12904763221740723
500,1,0.44000000000000006,0.2,1,1,1,21,0.12335144887244166,0.10959323436772836,0.18586924097007665,0.6116282939910889,0.11204791069030762
500,1,0.44000000000000006,0.2,1,1,1,22,0.10834316462470638,0.07432812807595958,0.14645217792486864,0.591292142868042,0.10903716087341309
500,1,0.44000000000000006,0.2,1,1,1,23,0.09158094043931404,0.07698025240459085,0.16692977280054233,0.5790488719940186,0.1220858097076416
500,1,0.44000000000000006,0.2,1,1,1,24,0.10635263945740935,0.07163547454174031,0.1539057938027314,0.6946365833282471,0.15962839126586914
500,1,0.96,0.4,1,1,1,0,0.11268753286029295,0.08653671032180954,0.15242298951519773,0.6107909679412842,0.11250090599060059
500,1,0.96,0.4,1,1,1,1,0.15084474459710823,0.08944354607059332,0.21142708526323017,0.5839262008666992,0.12150287628173828
500,1,0.96,0.4,1,1,1,2,0.10544348890992715,0.08576889437504764,0.15358978245359167,0.6082510948181152,0.12451624870300293
500,1,0.96,0.4,1,1,1,3,0.11224215871145116,0.06870087228869343,0.16684579120385204,0.6184165477752686,0.10951709747314453
500,1,0.96,0.4,1,1,1,4,0.1163757781500141,0.09832965102365789,0.17402778975176297,0.7390081882476807,0.14808440208435059
500,1,0.96,0.4,1,1,1,5,0.10864643505689736,0.11247765236779322,0.1877796466409241,0.6127305030822754,0.11977171897888184
500,1,0.96,0.4,1,1,1,6,0.10248945701807324,0.07500659181512273,0.16739362417414913,0.5993902683258057,0.12252140045166016
500,1,0.96,0.4,1,1,1,7,0.11766746563359634,0.07713901281001796,0.1646348760527429,0.5973408222198486,0.10951638221740723
500,1,0.96,0.4,1,1,1,8,0.1299316135329944,0.07706553373625678,0.19292444983691182,0.6117029190063477,0.12051868438720703
500,1,0.96,0.4,1,1,1,9,0.13094390206455195,0.08141000588796006,0.19708196011768342,0.7771084308624268,0.14702939987182617
500,1,0.96,0.4,1,1,1,10,0.12553284403606974,0.08034256297792365,0.1816387070592595,0.5876760482788086,0.12203335762023926
500,1,0.96,0.4,1,1,1,11,0.129900847926732,0.07855535869443266,0.20221569610991091,0.615001916885376,0.1230628490447998
500,1,0.96,0.4,1,1,1,12,0.10691729799432853,0.08220368948563508,0.17023407220624948,0.617434024810791,0.11652541160583496
500,1,0.96,0.4,1,1,1,13,0.11864449187877614,0.07600683329596931,0.1550216362106276,0.6030631065368652,0.12330174446105957
500,1,0.96,0.4,1,1,1,14,0.11315599114401306,0.08712265097844309,0.16254709598453176,0.7600021362304688,0.1659846305847168
500,1,0.96,0.4,1,1,1,15,0.12613875497316832,0.08412345172173163,0.19090377231963535,0.6096177101135254,0.10907626152038574
500,1,0.96,0.4,1,1,1,16,0.11899868949851777,0.0984518753120448,0.1828896085823271,0.6100723743438721,0.1225287914276123
500,1,0.96,0.4,1,1,1,17,0.11135953213532854,0.10249478095629072,0.18344568172767542,0.7601664066314697,0.1628427505493164
500,1,0.96,0.4,1,1,1,18,0.12002968960342783,0.0747260123762703,0.16232220787935808,0.6145329475402832,0.12556862831115723
500,1,0.96,0.4,1,1,1,19,0.11196721294670375,0.09554965646354452,0.1960364199010744,0.7745046615600586,0.15208792686462402
500,1,0.96,0.4,1,1,1,20,0.10738635153384203,0.09516556545478634,0.15569643518662035,0.6274490356445312,0.1348555088043213
500,1,0.96,0.4,1,1,1,21,0.11821410847133507,0.08919051322290836,0.16264555658429192,0.6104824542999268,0.13551545143127441
500,1,0.96,0.4,1,1,1,22,0.10416611452817402,0.10140053477073686,0.1888053373853248,0.5937976837158203,0.1415562629699707
500,1,0.96,0.4,1,1,1,23,0.10605931407623444,0.07217145900278064,0.16593194479113638,0.6111147403717041,0.14113187789916992
500,1,0.96,0.4,1,1,1,24,0.10137838625769999,0.10224033682354988,0.175421285142973,0.7319841384887695,0.1305248737335205
500,1,1.5600000000000003,0.6000000000000001,1,1,1,0,0.11219637788194964,0.09308490152107542,0.16957173278417506,0.6135938167572021,0.11550641059875488
500,1,1.5600000000000003,0.6000000000000001,1,1,1,1,0.12105448634415368,0.09642271055754187,0.18954229787530835,0.5922167301177979,0.11997365951538086
500,1,1.5600000000000003,0.6000000000000001,1,1,1,2,0.11300756083793478,0.09322180406673401,0.18538724588985567,0.584071159362793,0.12624597549438477
500,1,1.5600000000000003,0.6000000000000001,1,1,1,3,0.11960648373325528,0.11406771945777627,0.17683638805839935,0.6036181449890137,0.11903667449951172
500,1,1.5600000000000003,0.6000000000000001,1,1,1,4,0.12101686208377621,0.11043049032747598,0.20765831008347868,0.7933881282806396,0.17558789253234863
500,1,1.5600000000000003,0.6000000000000001,1,1,1,5,0.10544877984379458,0.09105812801611554,0.17403544459102965,0.7750670909881592,0.13547754287719727
500,1,1.5600000000000003,0.6000000000000001,1,1,1,6,0.11710223817780362,0.10687897572807223,0.20528727125139595,0.7060620784759521,0.1466202735900879
500,1,1.5600000000000003,0.6000000000000001,1,1,1,7,0.12147548375586022,0.08696860408451976,0.1905068187782844,0.8593540191650391,0.15524077415466309
500,1,1.5600000000000003,0.6000000000000001,1,1,1,8,0.1401492652641518,0.11127438524166029,0.2079918229593966,0.7905430793762207,0.15253233909606934
500,1,1.5600000000000003,0.6000000000000001,1,1,1,9,0.11204061961763394,0.0981212567777058,0.185653430243637,0.7287206649780273,0.1334390640258789
500,1,1.5600000000000003,0.6000000000000001,1,1,1,10,0.11531164099785371,0.09759130069913631,0.18786868881620483,0.7357847690582275,0.17165136337280273
500,1,1.5600000000000003,0.6000000000000001,1,1,1,11,0.1193611651941309,0.11654662737168738,0.20349912212929455,0.7234992980957031,0.15816998481750488
500,1,1.5600000000000003,0.6000000000000001,1,1,1,12,0.1121408834140316,0.08555601057643258,0.18094690738271818,0.7113626003265381,0.15185236930847168
500,1,1.5600000000000003,0.6000000000000001,1,1,1,13,0.11011150608641553,0.11988811799775537,0.18284772351894946,0.7451822757720947,0.12272286415100098
500,1,1.5600000000000003,0.6000000000000001,1,1,1,14,0.11859526062109237,0.09651996566106062,0.18245449260423494,0.7163193225860596,0.1554417610168457
500,1,1.5600000000000003,0.6000000000000001,1,1,1,15,0.10938664135009565,0.10566175516904525,0.1858397756271489,0.7508230209350586,0.12464165687561035
500,1,1.5600000000000003,0.6000000000000001,1,1,1,16,0.10850199438547911,0.10948501771183886,0.1823950735141721,0.8738093376159668,0.17310452461242676
500,1,1.5600000000000003,0.6000000000000001,1,1,1,17,0.10675962776636684,0.09989499949498287,0.18066713097187762,0.7267518043518066,0.15458130836486816
500,1,1.5600000000000003,0.6000000000000001,1,1,1,18,0.11720786428446611,0.09991979545548856,0.20591757999298704,0.7180006504058838,0.1525423526763916
500,1,1.5600000000000003,0.6000000000000001,1,1,1,19,0.12366275595136803,0.11978357875794071,0.20187922973746247,0.8112668991088867,0.16765093803405762
500,1,1.5600000000000003,0.6000000000000001,1,1,1,20,0.11628790594757643,0.11863177932077082,0.20645531984350335,0.7828512191772461,0.17920565605163574
500,1,1.5600000000000003,0.6000000000000001,1,1,1,21,0.11391460243550021,0.08941345402090664,0.1771887805620267,0.738922119140625,0.1394052505493164
500,1,1.5600000000000003,0.6000000000000001,1,1,1,22,0.1093301526387244,0.09360506448297373,0.16648161698222314,0.6750626564025879,0.14529824256896973
500,1,1.5600000000000003,0.6000000000000001,1,1,1,23,0.11682028095876862,0.09025948883979823,0.1832122139801346,0.735572338104248,0.14311742782592773
500,1,1.5600000000000003,0.6000000000000001,1,1,1,24,0.11538091281838884,0.08583978462450322,0.18225911306552534,0.7073838710784912,0.1441788673400879
500,1,2.2399999999999998,0.8,1,1,1,0,0.11392460889172644,0.11919607974516676,0.19681347994296491,0.9113032817840576,0.17949962615966797
500,1,2.2399999999999998,0.8,1,1,1,1,0.12351356170360349,0.10732032961760352,0.20087047343980863,0.7253444194793701,0.13508319854736328
500,1,2.2399999999999998,0.8,1,1,1,2,0.10849383334987303,0.11351538448684138,0.18823737122921824,0.6740972995758057,0.11587071418762207
500,1,2.2399999999999998,0.8,1,1,1,3,0.10855008370175705,0.11931707266101305,0.1944037830875244,0.7036221027374268,0.15688538551330566
500,1,2.2399999999999998,0.8,1,1,1,4,0.11543534902411672,0.1176384007077497,0.19407518266853072,0.8133399486541748,0.16605353355407715
500,1,2.2399999999999998,0.8,1,1,1,5,0.1127178275045132,0.11846168866308658,0.20248201654659193,0.7243542671203613,0.135512113571167
500,1,2.2399999999999998,0.8,1,1,1,6,0.12412272566201583,0.11419873130869132,0.18193550339846654,0.6990799903869629,0.13550925254821777
500,1,2.2399999999999998,0.8,1,1,1,7,0.11076416682436804,0.11308630438178371,0.1996200893033326,0.8278853893280029,0.1685621738433838
500,1,2.2399999999999998,0.8,1,1,1,8,0.14021928957670446,0.12885429531351375,0.18985204308709652,0.7489275932312012,0.16361236572265625
500,1,2.2399999999999998,0.8,1,1,1,9,0.10816731592643977,0.12376567001888092,0.20001930877321988,0.7721154689788818,0.1402585506439209
500,1,2.2399999999999998,0.8,1,1,1,10,0.15280796582011777,0.13999480466015585,0.21849391178364802,0.76210618019104,0.10953068733215332
500,1,2.2399999999999998,0.8,1,1,1,11,0.12553990704007137,0.11509937914523985,0.19964154969487236,0.7173013687133789,0.14673447608947754
500,1,2.2399999999999998,0.8,1,1,1,12,0.11158622181721507,0.1246629959501926,0.18607809516295176,0.6973836421966553,0.11940264701843262
500,1,2.2399999999999998,0.8,1,1,1,13,0.10918451233085294,0.11332068713836754,0.19050908090912802,0.9119532108306885,0.1500396728515625
500,1,2.2399999999999998,0.8,1,1,1,14,0.12470903946093156,0.10259027350529813,0.2031246267032718,0.7316529750823975,0.14907264709472656
500,1,2.2399999999999998,0.8,1,1,1,15,0.12209412444021245,0.10948711091387169,0.1918440864940658,0.7360286712646484,0.12769770622253418
500,1,2.2399999999999998,0.8,1,1,1,16,0.11663356668800469,0.11306232979977357,0.19239533993097577,0.7260622978210449,0.14712285995483398
500,1,2.2399999999999998,0.8,1,1,1,17,0.1293083440257529,0.15306042770956257,0.24142470980707437,0.85658860206604,0.16395187377929688
500,1,2.2399999999999998,0.8,1,1,1,18,0.12042767021719285,0.10872133930307949,0.2169211836060942,0.7289760112762451,0.12715768814086914
500,1,2.2399999999999998,0.8,1,1,1,19,0.12284184924733077,0.12802233148158926,0.1985347258560053,0.7321615219116211,0.1343672275543213
500,1,2.2399999999999998,0.8,1,1,1,20,0.10972981764596172,0.11907217007116545,0.19178086824641008,0.7126643657684326,0.14222002029418945
500,1,2.2399999999999998,0.8,1,1,1,21,0.11361525852031128,0.11878741926136858,0.2061351987807806,0.7076253890991211,0.14276647567749023
500,1,2.2399999999999998,0.8,1,1,1,22,0.1279693172544829,0.11886865680007813,0.21228269337276726,0.8360040187835693,0.16355299949645996
500,1,2.2399999999999998,0.8,1,1,1,23,0.1171644677867244,0.12517700912709293,0.2264713376370165,0.6947414875030518,0.16061043739318848
500,1,2.2399999999999998,0.8,1,1,1,24,0.11604909089147313,0.10542528101404162,0.20631908437458585,0.7465033531188965,0.12819480895996094
500,1,3.0,1.0,1,1,1,0,0.12008620419109783,0.15194916247095505,0.23493090828959595,0.6832196712493896,0.15504145622253418
500,1,3.0,1.0,1,1,1,1,0.12621153027692886,0.12890355670465348,0.22206275870097952,0.828387975692749,0.15451931953430176
500,1,3.0,1.0,1,1,1,2,0.11592991775641334,0.13131769062569346,0.2268352522447482,0.705899715423584,0.12904977798461914
500,1,3.0,1.0,1,1,1,3,0.11743702223456941,0.1550267340824344,0.2343380941506063,0.7272720336914062,0.1567392349243164
500,1,3.0,1.0,1,1,1,4,0.11832898001082431,0.17035760638127254,0.22012900505209648,0.6894891262054443,0.1370372772216797
500,1,3.0,1.0,1,1,1,5,0.10154077136851335,0.1599756032060083,0.21627460170498333,0.7132692337036133,0.1500248908996582
500,1,3.0,1.0,1,1,1,6,0.11492018693476808,0.13124092171247567,0.23370588939059006,0.839045524597168,0.16214942932128906
500,1,3.0,1.0,1,1,1,7,0.11975194173297812,0.1299955760563734,0.2283923135123426,0.7170917987823486,0.14504146575927734
500,1,3.0,1.0,1,1,1,8,0.11588094381701575,0.14699805167164945,0.23742102715582042,0.8118491172790527,0.16672539710998535
500,1,3.0,1.0,1,1,1,9,0.11930063505359687,0.16569670973551548,0.23310323545944625,0.733952522277832,0.1550607681274414
500,1,3.0,1.0,1,1,1,10,0.12788540627082712,0.13791360874462852,0.2107720488316226,0.8700652122497559,0.16094255447387695
500,1,3.0,1.0,1,1,1,11,0.12994293707529983,0.15271587083352692,0.22829770376711764,0.7215814590454102,0.1271836757659912
500,1,3.0,1.0,1,1,1,12,0.11155000615669583,0.1618854594867609,0.23698884519867486,0.7449707984924316,0.13210749626159668
500,1,3.0,1.0,1,1,1,13,0.11770700566933662,0.1192209465052229,0.20446386452293935,0.6924452781677246,0.16210556030273438
500,1,3.0,1.0,1,1,1,14,0.13917670326512102,0.14158737172406902,0.24193453804535614,0.8665332794189453,0.16112065315246582
500,1,3.0,1.0,1,1,1,15,0.12416478125341082,0.16023679354585973,0.2490840233061403,0.6916298866271973,0.1453864574432373
500,1,3.0,1.0,1,1,1,16,0.12202255201721238,0.13167809313408285,0.23034330725201693,0.7264542579650879,0.13309216499328613
500,1,3.0,1.0,1,1,1,17,0.13295730031715708,0.1509331544803968,0.256454581726057,0.7605078220367432,0.13379335403442383
500,1,3.0,1.0,1,1,1,18,0.14771059022199312,0.1333960860299935,0.2311075012597687,0.7288227081298828,0.14768362045288086
500,1,3.0,1.0,1,1,1,19,0.13318981391704252,0.14853496226205745,0.2550457505459661,0.8338472843170166,0.16631388664245605
500,1,3.0,1.0,1,1,1,20,0.13699350627261228,0.148256140253968,0.23151481109920696,0.6763794422149658,0.16086292266845703
500,1,3.0,1.0,1,1,1,21,0.11832316471885704,0.13230061323691195,0.21619898117681857,0.7490546703338623,0.12599468231201172
500,1,3.0,1.0,1,1,1,22,0.12830179112025739,0.14403101674179428,0.22530131768923395,0.7125430107116699,0.13492441177368164
500,1,3.0,1.0,1,1,1,23,0.1195635076023197,0.14480309009782838,0.22956880580081312,0.7754876613616943,0.15915250778198242
500,1,3.0,1.0,1,1,1,24,0.11763918176459703,0.1415832692917377,0.2429820203787389,0.7590086460113525,0.13193368911743164
500,1,3.8400000000000007,1.2000000000000002,1,1,1,0,0.12877080172610986,0.16102755679431124,0.24989612528240976,0.7139143943786621,0.13165712356567383
500,1,3.8400000000000007,1.2000000000000002,1,1,1,1,0.12124784861751282,0.19158461127464335,0.24649513543605606,0.7195873260498047,0.14811491966247559
500,1,3.8400000000000007,1.2000000000000002,1,1,1,2,0.138900419680839,0.17479167605395535,0.257744904628198,0.7153327465057373,0.1293799877166748
500,1,3.8400000000000007,1.2000000000000002,1,1,1,3,0.12689408353574508,0.16318855827168682,0.2473216918185991,0.8695414066314697,0.1611483097076416
500,1,3.8400000000000007,1.2000000000000002,1,1,1,4,0.13058362242632432,0.17216462270922994,0.23237136687418244,0.7739818096160889,0.13457083702087402
500,1,3.8400000000000007,1.2000000000000002,1,1,1,5,0.12096911166092604,0.20670892636566984,0.288259262312841,0.7069587707519531,0.11561846733093262
500,1,3.8400000000000007,1.2000000000000002,1,1,1,6,0.13631375397808151,0.1791432308876208,0.27115150137782684,0.7206692695617676,0.12407469749450684
500,1,3.8400000000000007,1.2000000000000002,1,1,1,7,0.14128912658818918,0.16426946999038947,0.24810326564932328,0.7971937656402588,0.16590666770935059
500,1,3.8400000000000007,1.2000000000000002,1,1,1,8,0.11203717404726325,0.15737292811757156,0.24460894431222802,0.7172131538391113,0.1281263828277588
500,1,3.8400000000000007,1.2000000000000002,1,1,1,9,0.14001658888144464,0.16536679812342203,0.22445557814101658,0.7294270992279053,0.13831591606140137
500,1,3.8400000000000007,1.2000000000000002,1,1,1,10,0.14772608759869033,0.15490571901443265,0.22448253670601792,0.7068593502044678,0.13869738578796387
500,1,3.8400000000000007,1.2000000000000002,1,1,1,11,0.15192551393918116,0.15527516325319163,0.24988649056423912,0.7207446098327637,0.13148212432861328
500,1,3.8400000000000007,1.2000000000000002,1,1,1,12,0.13954082506029025,0.1719160822796694,0.26865224609221117,0.8343241214752197,0.16660523414611816
500,1,3.8400000000000007,1.2000000000000002,1,1,1,13,0.14779122749668694,0.15242154674075464,0.239846143724038,0.7062575817108154,0.11556720733642578
500,1,3.8400000000000007,1.2000000000000002,1,1,1,14,0.12548892783509577,0.1569405796941637,0.2378489679781869,0.7214205265045166,0.15562748908996582
500,1,3.8400000000000007,1.2000000000000002,1,1,1,15,0.12164711695277904,0.16724402399376734,0.24956106635662076,0.7172753810882568,0.11827945709228516
500,1,3.8400000000000007,1.2000000000000002,1,1,1,16,0.1347323476545727,0.16560286966665658,0.24409064435771016,0.7971186637878418,0.14912629127502441
500,1,3.8400000000000007,1.2000000000000002,1,1,1,17,0.11429758792794986,0.17078164479589203,0.24551884205304536,0.7743339538574219,0.12245368957519531
500,1,3.8400000000000007,1.2000000000000002,1,1,1,18,0.14522017309989613,0.17287340622310673,0.26973515445821067,0.6957447528839111,0.1465318202972412
500,1,3.8400000000000007,1.2000000000000002,1,1,1,19,0.12364690335011176,0.16266770942138176,0.25891126414953064,0.7799725532531738,0.1344621181488037
500,1,3.8400000000000007,1.2000000000000002,1,1,1,20,0.12223646347533532,0.15211348838864513,0.23926057694842418,0.6952917575836182,0.150101900100708
500,1,3.8400000000000007,1.2000000000000002,1,1,1,21,0.12290914627708306,0.14807288805420799,0.23288063227048061,0.7722961902618408,0.14856457710266113
500,1,3.8400000000000007,1.2000000000000002,1,1,1,22,0.1452453866550701,0.1518298860184322,0.23463909024451035,0.7206721305847168,0.1314237117767334
500,1,3.8400000000000007,1.2000000000000002,1,1,1,23,0.1276857969852923,0.1922599896122564,0.23797908338196092,0.7388331890106201,0.13643836975097656
500,1,3.8400000000000007,1.2000000000000002,1,1,1,24,0.14656287042271637,0.1692945936045567,0.24140086114686027,0.7107734680175781,0.15342116355895996
500,1,4.760000000000001,1.4000000000000001,1,1,1,0,0.1496076357775533,0.2096465565681413,0.31021349114183894,0.9150888919830322,0.1276087760925293
500,1,4.760000000000001,1.4000000000000001,1,1,1,1,0.14864578460954092,0.18254254453717997,0.261761014195586,0.7684621810913086,0.13201189041137695
500,1,4.760000000000001,1.4000000000000001,1,1,1,2,0.13614167941174868,0.18927897623189197,0.28452208652651684,0.7067158222198486,0.15172791481018066
500,1,4.760000000000001,1.4000000000000001,1,1,1,3,0.13248866874334023,0.2090858856459991,0.3093409322079534,0.736732006072998,0.1320810317993164
500,1,4.760000000000001,1.4000000000000001,1,1,1,4,0.12848433194286105,0.16707047520911675,0.2652870031398075,0.6951427459716797,0.13944602012634277
500,1,4.760000000000001,1.4000000000000001,1,1,1,5,0.13682307209032424,0.17456222233813365,0.26321797728768653,0.7397425174713135,0.13345026969909668
500,1,4.760000000000001,1.4000000000000001,1,1,1,6,0.1854375593391688,0.1831913988088591,0.27291170969395045,0.7127916812896729,0.14061689376831055
500,1,4.760000000000001,1.4000000000000001,1,1,1,7,0.13820154014921907,0.18281233650048206,0.2807836954872988,0.708660364151001,0.13962364196777344
500,1,4.760000000000001,1.4000000000000001,1,1,1,8,0.14423536628286018,0.1833092192558378,0.30829234267371214,0.8180191516876221,0.17853379249572754
500,1,4.760000000000001,1.4000000000000001,1,1,1,9,0.15403736293870438,0.2039807196946015,0.26498153485443926,0.8037891387939453,0.16431355476379395
500,1,4.760000000000001,1.4000000000000001,1,1,1,10,0.14756877135370347,0.18888223052929518,0.303006306629124,0.7285025119781494,0.1444721221923828
500,1,4.760000000000001,1.4000000000000001,1,1,1,11,0.1608175260321235,0.19839741977408565,0.2724847808603932,0.6971435546875,0.12372899055480957
500,1,4.760000000000001,1.4000000000000001,1,1,1,12,0.16111894993132492,0.18620458283425165,0.27667803462289864,0.7621920108795166,0.11905145645141602
500,1,4.760000000000001,1.4000000000000001,1,1,1,13,0.13408467506666027,0.18340494421738093,0.2650981040645608,0.8184287548065186,0.16605782508850098
500,1,4.760000000000001,1.4000000000000001,1,1,1,14,0.1300087082551132,0.22448757359144406,0.33249117367038006,0.7057631015777588,0.15012693405151367
500,1,4.760000000000001,1.4000000000000001,1,1,1,15,0.14571775285062646,0.20085178109463714,0.28937634512454025,0.721529483795166,0.11572742462158203
500,1,4.760000000000001,1.4000000000000001,1,1,1,16,0.12987632258421694,0.17314294155226492,0.2675582579070612,0.7611422538757324,0.15724492073059082
500,1,4.760000000000001,1.4000000000000001,1,1,1,17,0.14767028320708397,0.18215307107656328,0.29434880201885477,0.6631553173065186,0.13507747650146484
500,1,4.760000000000001,1.4000000000000001,1,1,1,18,0.1625042327586316,0.17625571275742885,0.3208856647120295,0.8718874454498291,0.14202022552490234
500,1,4.760000000000001,1.4000000000000001,1,1,1,19,0.14967734517924133,0.1960783251455731,0.26711967795691355,0.7327578067779541,0.14104747772216797
500,1,4.760000000000001,1.4000000000000001,1,1,1,20,0.13126791562909004,0.17100509071679873,0.26420430172975307,0.7198584079742432,0.13901877403259277
500,1,4.760000000000001,1.4000000000000001,1,1,1,21,0.14242771654518044,0.19167044072757747,0.2955850864691142,0.7487940788269043,0.15067386627197266
500,1,4.760000000000001,1.4000000000000001,1,1,1,22,0.1378384421169224,0.17244808073008058,0.2658898145961606,0.7551019191741943,0.16025328636169434
500,1,4.760000000000001,1.4000000000000001,1,1,1,23,0.14192646402873657,0.20995780513398465,0.3371839391936936,0.6937572956085205,0.14295721054077148
500,1,4.760000000000001,1.4000000000000001,1,1,1,24,0.1366439194569057,0.1816587687561772,0.2864243882059972,0.7645263671875,0.1375565528869629
500,1,5.760000000000001,1.6,1,1,1,0,0.15766101195270374,0.24237119728715198,0.31028635301409396,0.8107650279998779,0.1731431484222412
500,1,5.760000000000001,1.6,1,1,1,1,0.14884446494188167,0.22865785389304968,0.296498565214128,0.7167682647705078,0.14209985733032227
500,1,5.760000000000001,1.6,1,1,1,2,0.13899546604446053,0.21568722906423263,0.3069017202987808,0.733818769454956,0.15273070335388184
500,1,5.760000000000001,1.6,1,1,1,3,0.1404089438047368,0.2136690824437551,0.3371534236634883,0.7170825004577637,0.15215039253234863
500,1,5.760000000000001,1.6,1,1,1,4,0.17302150855987436,0.21249412321600789,0.3164689120751806,0.7303211688995361,0.15542936325073242
500,1,5.760000000000001,1.6,1,1,1,5,0.16408351096488036,0.2086364722177455,0.3238917207162365,0.7251532077789307,0.1571493148803711
500,1,5.760000000000001,1.6,1,1,1,6,0.14343598999961865,0.1969211511439278,0.300078041249453,0.8696534633636475,0.17105889320373535
500,1,5.760000000000001,1.6,1,1,1,7,0.15210604924779708,0.21824389726957125,0.3315831428982237,0.6924009323120117,0.16309142112731934
500,1,5.760000000000001,1.6,1,1,1,8,0.14392717845862996,0.21594352176056386,0.3003656177441917,0.7744801044464111,0.12919902801513672
500,1,5.760000000000001,1.6,1,1,1,9,0.15825354751986498,0.24103788810645044,0.306139718278493,0.7008821964263916,0.1555309295654297
500,1,5.760000000000001,1.6,1,1,1,10,0.16671687745222352,0.2549753050978855,0.3422837804208449,0.7365162372589111,0.1443345546722412
500,1,5.760000000000001,1.6,1,1,1,11,0.1444273242759679,0.20722531095006785,0.3075782898480738,0.7284641265869141,0.12808656692504883
500,1,5.760000000000001,1.6,1,1,1,12,0.12998996036229757,0.21807349788042735,0.3029852057018201,0.7175421714782715,0.1506667137145996
500,1,5.760000000000001,1.6,1,1,1,13,0.16700274474449717,0.19338839540489697,0.25129888144479984,0.6841301918029785,0.15119075775146484
500,1,5.760000000000001,1.6,1,1,1,14,0.1404180370776754,0.21058495333124208,0.28336085194425814,0.7323834896087646,0.1210622787475586
500,1,5.760000000000001,1.6,1,1,1,15,0.14858402442701132,0.2373827280285374,0.30241891419986605,0.839630126953125,0.17139506340026855
500,1,5.760000000000001,1.6,1,1,1,16,0.15494047366362923,0.22849920306652324,0.32444442973381976,0.8220407962799072,0.17701482772827148
500,1,5.760000000000001,1.6,1,1,1,17,0.1424446266041901,0.18849817286333873,0.2967071811280222,0.7163658142089844,0.16751480102539062
500,1,5.760000000000001,1.6,1,1,1,18,0.14788020831972146,0.21134016441438322,0.3290324291183744,0.7182571887969971,0.1536698341369629
500,1,5.760000000000001,1.6,1,1,1,19,0.13850418870576672,0.2029483771857208,0.31076215696533604,0.7709739208221436,0.1738739013671875
500,1,5.760000000000001,1.6,1,1,1,20,0.15449031673659713,0.19937007254477748,0.2886126006518088,0.7215690612792969,0.15140914916992188
500,1,5.760000000000001,1.6,1,1,1,21,0.13849225990040437,0.23278228890447752,0.3445981919922893,0.7469067573547363,0.11109709739685059
500,1,5.760000000000001,1.6,1,1,1,22,0.15015564321104852,0.2025490860871843,0.30171968002259164,0.7196457386016846,0.15752696990966797
500,1,5.760000000000001,1.6,1,1,1,23,0.1642954333335569,0.23262218529090592,0.3866628830835517,0.728193998336792,0.1110382080078125
500,1,5.760000000000001,1.6,1,1,1,24,0.14708700112870676,0.21671454467811116,0.2882382990658772,0.8566045761108398,0.16170787811279297
500,1,6.84,1.8,1,1,1,0,0.18055996030748267,0.23114499126173602,0.32405327892891356,0.7506852149963379,0.11151123046875
500,1,6.84,1.8,1,1,1,1,0.17716995876146702,0.23308507424668068,0.40156698679059644,0.7029283046722412,0.14898991584777832
500,1,6.84,1.8,1,1,1,2,0.14457602512789422,0.22869365173133432,0.3459383967425589,0.7351276874542236,0.1406240463256836
500,1,6.84,1.8,1,1,1,3,0.16234543571254986,0.24191961801632203,0.35548531652028736,0.6835684776306152,0.1450796127319336
500,1,6.84,1.8,1,1,1,4,0.17774389428416182,0.27626140267149485,0.3853893494799594,0.726245641708374,0.16007089614868164
500,1,6.84,1.8,1,1,1,5,0.16101073556386755,0.23251080296748466,0.3593673184558473,0.7384076118469238,0.1521167755126953
500,1,6.84,1.8,1,1,1,6,0.15483506577970388,0.2779341974750477,0.3589911941978068,0.7255914211273193,0.15692782402038574
500,1,6.84,1.8,1,1,1,7,0.15317990027158282,0.29055323096005303,0.3717858764996689,0.7451658248901367,0.12953877449035645
500,1,6.84,1.8,1,1,1,8,0.15121699599298669,0.2450515536848577,0.35882696990222174,0.9402155876159668,0.17308473587036133
500,1,6.84,1.8,1,1,1,9,0.1517658377594113,0.2799134458555279,0.3699443842203395,0.6886458396911621,0.15540218353271484
500,1,6.84,1.8,1,1,1,10,0.1625456108990384,0.26631079251119355,0.31206194202583765,0.7529659271240234,0.14151835441589355
500,1,6.84,1.8,1,1,1,11,0.1634073921260014,0.2574922483183077,0.35633622287027933,0.7496960163116455,0.14907097816467285
500,1,6.84,1.8,1,1,1,12,0.14876642827003658,0.20121321362894082,0.30983600612253087,0.8206892013549805,0.16117525100708008
500,1,6.84,1.8,1,1,1,13,0.15457428199625353,0.22792050997618193,0.3281389517674969,0.7548494338989258,0.11824512481689453
500,1,6.84,1.8,1,1,1,14,0.15440843812963395,0.2329419779357023,0.35054698296066555,0.7331197261810303,0.13908052444458008
500,1,6.84,1.8,1,1,1,15,0.17886236631445446,0.28082787437182566,0.4366608222058671,0.677189826965332,0.12103533744812012
500,1,6.84,1.8,1,1,1,16,0.1586907278580126,0.2553886060644255,0.35499128220354903,0.7697556018829346,0.12653684616088867
500,1,6.84,1.8,1,1,1,17,0.18236512089907775,0.24804581224669386,0.3404636531783434,0.8737156391143799,0.1630237102508545
500,1,6.84,1.8,1,1,1,18,0.13759781218397524,0.2658266071130139,0.3658192528881927,0.7082178592681885,0.15704703330993652
500,1,6.84,1.8,1,1,1,19,0.15421107476207446,0.2351979114409049,0.36888391547836386,0.7198038101196289,0.13583040237426758
500,1,6.84,1.8,1,1,1,20,0.14874727616129316,0.24012895198820106,0.31056833668634287,0.6922228336334229,0.1456763744354248
500,1,6.84,1.8,1,1,1,21,0.15706488680723607,0.2633343816239924,0.37675663197368126,0.7495698928833008,0.17986536026000977
500,1,6.84,1.8,1,1,1,22,0.14837019313459768,0.2329140370619573,0.369772942330907,0.7902908325195312,0.12752652168273926
500,1,6.84,1.8,1,1,1,23,0.1498923948283675,0.24225038025885465,0.32560399139737883,0.715855598449707,0.1542961597442627
500,1,6.84,1.8,1,1,1,24,0.148004322898271,0.21737009647101654,0.35684031558097007,0.7221126556396484,0.13652920722961426
500,1,8.0,2.0,1,1,1,0,0.1687804761093504,0.26110722460290253,0.4154686494868609,0.9145662784576416,0.14760541915893555
500,1,8.0,2.0,1,1,1,1,0.19620455280235924,0.30266873197497113,0.4349983269892055,0.791229248046875,0.14517784118652344
500,1,8.0,2.0,1,1,1,2,0.20392132244961148,0.26427921849891356,0.41549089694703867,0.7019343376159668,0.14667129516601562
500,1,8.0,2.0,1,1,1,3,0.2194693504619596,0.24165255008564515,0.4553949608972061,0.7269313335418701,0.16214394569396973
500,1,8.0,2.0,1,1,1,4,0.16811961049448612,0.2719700136204618,0.3833754500706634,0.7260513305664062,0.13197541236877441
500,1,8.0,2.0,1,1,1,5,0.17214147423602796,0.25007095006284585,0.36328732661957064,0.8686330318450928,0.152512788772583
500,1,8.0,2.0,1,1,1,6,0.1580179633731471,0.2950991711105965,0.44152125983678925,0.737246036529541,0.14307641983032227
500,1,8.0,2.0,1,1,1,7,0.18994926942844947,0.32073268842111247,0.4184610024129033,0.6968739032745361,0.14606809616088867
500,1,8.0,2.0,1,1,1,8,0.1815938906724102,0.25443057003993247,0.37704480875960983,0.7327651977539062,0.1424546241760254
500,1,8.0,2.0,1,1,1,9,0.15541950807537785,0.25581831482459727,0.35083224596379126,0.7317521572113037,0.12150812149047852
500,1,8.0,2.0,1,1,1,10,0.20814010668303917,0.27313759330825554,0.3491082570401873,0.8316106796264648,0.15350794792175293
500,1,8.0,2.0,1,1,1,11,0.1764581969515215,0.23570880772324798,0.36790901287918765,0.7259209156036377,0.1478135585784912
500,1,8.0,2.0,1,1,1,12,0.15997824732635002,0.24699042507364632,0.35059886584954936,0.6646523475646973,0.1520705223083496
500,1,8.0,2.0,1,1,1,13,0.1630180445694883,0.2481133919578481,0.370668626361348,0.772066593170166,0.13251614570617676
500,1,8.0,2.0,1,1,1,14,0.16502993330689603,0.2741148103239481,0.3919572852697403,0.9155585765838623,0.17905426025390625
500,1,8.0,2.0,1,1,1,15,0.2167348019525115,0.26232447564192296,0.47905927759443445,0.7287375926971436,0.1516096591949463
500,1,8.0,2.0,1,1,1,16,0.1840762617189928,0.2666536772651036,0.3933194511861855,0.7280070781707764,0.14513158798217773
500,1,8.0,2.0,1,1,1,17,0.17167534762929773,0.30868605197262133,0.37314270846829245,0.7766861915588379,0.15761804580688477
500,1,8.0,2.0,1,1,1,18,0.17424414520990156,0.28962489917035206,0.38719912812001533,0.835991382598877,0.15611529350280762
500,1,8.0,2.0,1,1,1,19,0.15525671616972167,0.24730141763964164,0.3560014806420463,0.7737345695495605,0.13452577590942383
500,1,8.0,2.0,1,1,1,20,0.18122715575157972,0.25333779093194037,0.35191983127049714,0.7336456775665283,0.13854074478149414
500,1,8.0,2.0,1,1,1,21,0.16860626363735684,0.274232810527652,0.38569028086021806,0.7487478256225586,0.1275174617767334
500,1,8.0,2.0,1,1,1,22,0.1669426471993738,0.264143747824739,0.38172894741123853,0.7157726287841797,0.12580442428588867
500,1,8.0,2.0,1,1,1,23,0.15754269264648277,0.26779388389072795,0.42100006939739565,0.8430657386779785,0.15905237197875977
500,1,8.0,2.0,1,1,1,24,0.20415973898260642,0.2586272064821588,0.41575208834143557,0.7496199607849121,0.14185237884521484
500,1,9.240000000000002,2.2,1,1,1,0,0.22880503615567865,0.3468127085852418,0.44364721720414263,0.7740907669067383,0.1405038833618164
500,1,9.240000000000002,2.2,1,1,1,1,0.1836168417481381,0.32537485459431353,0.507572856482108,0.7318906784057617,0.12185406684875488
500,1,9.240000000000002,2.2,1,1,1,2,0.16377117880824107,0.3229126705239161,0.457307216469292,0.8698210716247559,0.16577863693237305
500,1,9.240000000000002,2.2,1,1,1,3,0.1791700087440711,0.3331700813607948,0.46772954529986405,0.7437305450439453,0.1371753215789795
500,1,9.240000000000002,2.2,1,1,1,4,0.18118506571241916,0.3046350128906508,0.4149269098965278,0.7156898975372314,0.10348367691040039
500,1,9.240000000000002,2.2,1,1,1,5,0.19965224582518365,0.3034820270960931,0.4013488156149235,0.7240912914276123,0.13762211799621582
500,1,9.240000000000002,2.2,1,1,1,6,0.18853182949690778,0.35210253173286904,0.4135406331676681,0.7117791175842285,0.13964509963989258
500,1,9.240000000000002,2.2,1,1,1,7,0.16868412663725296,0.29168180337372185,0.4223297685036822,0.8809351921081543,0.15776944160461426
500,1,9.240000000000002,2.2,1,1,1,8,0.19651971595308776,0.3208771324597609,0.4831512316910931,0.842369556427002,0.1772780418395996
500,1,9.240000000000002,2.2,1,1,1,9,0.18049495960964942,0.27739805061218475,0.40748595518668373,0.7086384296417236,0.14921951293945312
500,1,9.240000000000002,2.2,1,1,1,10,0.2103331187268558,0.30572117835888124,0.516054297085737,0.7059388160705566,0.16210079193115234
500,1,9.240000000000002,2.2,1,1,1,11,0.1703188373314082,0.3000161918090297,0.4020574169919955,0.8260974884033203,0.17650938034057617
500,1,9.240000000000002,2.2,1,1,1,12,0.21051667662377765,0.2785279982160009,0.43082072779916325,0.7122845649719238,0.12707829475402832
500,1,9.240000000000002,2.2,1,1,1,13,0.189929074677442,0.3010240268325048,0.43064372908255455,0.7407948970794678,0.1251363754272461
500,1,9.240000000000002,2.2,1,1,1,14,0.19190783806549835,0.32309222780312363,0.43858508999376866,0.7072830200195312,0.1351156234741211
500,1,9.240000000000002,2.2,1,1,1,15,0.2161720869863944,0.2927891930743733,0.37343550817799254,0.7250449657440186,0.13277959823608398
500,1,9.240000000000002,2.2,1,1,1,16,0.20489335021402952,0.26395943947053885,0.4334541606731937,0.754033088684082,0.14536213874816895
500,1,9.240000000000002,2.2,1,1,1,17,0.19393959145308567,0.29753972430407927,0.4093364455308513,0.73199462890625,0.14239072799682617
500,1,9.240000000000002,2.2,1,1,1,18,0.16496613670403462,0.2845951639939503,0.40744353554761636,0.751776933670044,0.14016175270080566
500,1,9.240000000000002,2.2,1,1,1,19,0.1744403964710954,0.29059373413308315,0.42389032192878184,0.7418396472930908,0.14794325828552246
500,1,9.240000000000002,2.2,1,1,1,20,0.19206786665412745,0.2958777793088402,0.41687772845560356,0.8484866619110107,0.1630566120147705
500,1,9.240000000000002,2.2,1,1,1,21,0.18714863812226612,0.2613062445014674,0.447630873318807,0.6572170257568359,0.14650440216064453
500,1,9.240000000000002,2.2,1,1,1,22,0.18866943800122102,0.29298917838213034,0.4816586163833514,0.7252919673919678,0.14960122108459473
500,1,9.240000000000002,2.2,1,1,1,23,0.19040516455856618,0.31289749511337644,0.45496824333312147,0.7091705799102783,0.1538238525390625
500,1,9.240000000000002,2.2,1,1,1,24,0.19445838549681216,0.3118345398311128,0.3978552798058164,0.7945759296417236,0.16524434089660645
500,1,10.560000000000002,2.4000000000000004,1,1,1,0,0.18941431202947878,0.2981256651276553,0.4407809766561688,0.820418119430542,0.1331777572631836
500,1,10.560000000000002,2.4000000000000004,1,1,1,1,0.20434477196282314,0.36007880655410596,0.5287755791159983,0.7320618629455566,0.15386056900024414
500,1,10.560000000000002,2.4000000000000004,1,1,1,2,0.19470155199546763,0.33853917283864476,0.48086521023462214,0.7540090084075928,0.12750506401062012
500,1,10.560000000000002,2.4000000000000004,1,1,1,3,0.20037005934071814,0.3535725600305828,0.553942619371301,0.7706193923950195,0.13442659378051758
500,1,10.560000000000002,2.4000000000000004,1,1,1,4,0.2826709903851332,0.3250759158897612,0.5626555941150793,0.8322291374206543,0.12130236625671387
500,1,10.560000000000002,2.4000000000000004,1,1,1,5,0.21957442170759328,0.318046637080227,0.419452341066014,0.7356181144714355,0.15050196647644043
500,1,10.560000000000002,2.4000000000000004,1,1,1,6,0.19445945508411333,0.3932395017635287,0.5099395291843367,0.7649078369140625,0.12951135635375977
500,1,10.560000000000002,2.4000000000000004,1,1,1,7,0.24461628701585297,0.30783082929380884,0.5138731515802575,0.7207076549530029,0.1534109115600586
500,1,10.560000000000002,2.4000000000000004,1,1,1,8,0.20885897698012265,0.28282453888469744,0.4544879103087386,0.8420186042785645,0.16737747192382812
500,1,10.560000000000002,2.4000000000000004,1,1,1,9,0.17292162134009417,0.327268626276715,0.5001902476168092,0.6880381107330322,0.1470043659210205
500,1,10.560000000000002,2.4000000000000004,1,1,1,10,0.21160626687029838,0.38904995420643035,0.492687296223992,0.7308459281921387,0.1440889835357666
500,1,10.560000000000002,2.4000000000000004,1,1,1,11,0.20017806580250563,0.29049619601936666,0.4297638744872065,0.6725289821624756,0.1445598602294922
500,1,10.560000000000002,2.4000000000000004,1,1,1,12,0.22104624289103633,0.3643782397317921,0.5436067805036126,0.7829985618591309,0.1315317153930664
500,1,10.560000000000002,2.4000000000000004,1,1,1,13,0.20900899707409884,0.32950205890321627,0.44120712227983583,0.8246593475341797,0.14912891387939453
500,1,10.560000000000002,2.4000000000000004,1,1,1,14,0.19428104628711207,0.31413935866062126,0.44544275527409116,0.6826121807098389,0.1245725154876709
500,1,10.560000000000002,2.4000000000000004,1,1,1,15,0.22043258460122775,0.3302996944420751,0.44604018919076893,0.7721412181854248,0.13102364540100098
500,1,10.560000000000002,2.4000000000000004,1,1,1,16,0.17461886747329244,0.29354323666513715,0.42221277754508374,0.822796106338501,0.1707477569580078
500,1,10.560000000000002,2.4000000000000004,1,1,1,17,0.2808311074399047,0.3524112677986798,0.6332423752385845,0.8734474182128906,0.16113066673278809
500,1,10.560000000000002,2.4000000000000004,1,1,1,18,0.2132636031556059,0.32034636988021586,0.44487303974589054,0.7278616428375244,0.14269161224365234
500,1,10.560000000000002,2.4000000000000004,1,1,1,19,0.2117247128207594,0.329486370384183,0.5056805376917939,0.7066750526428223,0.13030529022216797
500,1,10.560000000000002,2.4000000000000004,1,1,1,20,0.21676721812653962,0.3385896196250862,0.44524361530639456,0.7300724983215332,0.1650989055633545
500,1,10.560000000000002,2.4000000000000004,1,1,1,21,0.21783626594457717,0.3314891733419051,0.44850622583975097,0.7241921424865723,0.153564453125
500,1,10.560000000000002,2.4000000000000004,1,1,1,22,0.20811809295926806,0.4086740035417384,0.5953872583860875,0.7077353000640869,0.15819454193115234
500,1,10.560000000000002,2.4000000000000004,1,1,1,23,0.26446449117015186,0.3392092268333406,0.5322299989002718,0.7554748058319092,0.1346125602722168
500,1,10.560000000000002,2.4000000000000004,1,1,1,24,0.21981376851472112,0.3241724040866828,0.5439861726014039,0.7081336975097656,0.14551353454589844
500,1,11.959999999999999,2.6,1,1,1,0,0.23900819569211904,0.3356500000063631,0.5112674995349877,0.7225069999694824,0.14785122871398926
500,1,11.959999999999999,2.6,1,1,1,1,0.22533425180293357,0.40005354373549096,0.5790468488035231,0.8469219207763672,0.16593265533447266
500,1,11.959999999999999,2.6,1,1,1,2,0.22309482670531594,0.33477133632610223,0.4797318586392735,0.7163717746734619,0.14252257347106934
500,1,11.959999999999999,2.6,1,1,1,3,0.266218762801234,0.3795629766846511,0.5861149148915183,0.7178096771240234,0.12505054473876953
500,1,11.959999999999999,2.6,1,1,1,4,0.2446877292544452,0.4235211876558645,0.5496656720439013,0.7192277908325195,0.14758872985839844
500,1,11.959999999999999,2.6,1,1,1,5,0.25227530028913736,0.3281298058929616,0.5221883974414493,0.756878137588501,0.13913917541503906
500,1,11.959999999999999,2.6,1,1,1,6,0.21873971677415713,0.33218476607905534,0.48275293562368543,0.7434265613555908,0.16405463218688965
500,1,11.959999999999999,2.6,1,1,1,7,0.22931515927305976,0.3579639547892023,0.48657075072532274,0.7513337135314941,0.15707159042358398
500,1,11.959999999999999,2.6,1,1,1,8,0.25927632835634157,0.3917574877915857,0.6270051822972584,0.9335052967071533,0.14074945449829102
500,1,11.959999999999999,2.6,1,1,1,9,0.24360565565392078,0.3767862164727024,0.5942180266839021,0.7201299667358398,0.15178275108337402
500,1,11.959999999999999,2.6,1,1,1,10,0.22234647324627543,0.3930629207173588,0.5139877407779989,0.8434200286865234,0.17072153091430664
500,1,11.959999999999999,2.6,1,1,1,11,0.2227262816069976,0.36938496511758745,0.5519718971646853,0.7069664001464844,0.15053009986877441
500,1,11.959999999999999,2.6,1,1,1,12,0.23085861113742318,0.3114382395524517,0.5062590675817702,0.7449889183044434,0.13852643966674805
500,1,11.959999999999999,2.6,1,1,1,13,0.21193372264709923,0.3382027375924023,0.5123290391300535,0.728175163269043,0.15554499626159668
500,1,11.959999999999999,2.6,1,1,1,14,0.21144615167015854,0.34920984813690237,0.4739908712195355,0.8273444175720215,0.16923165321350098
500,1,11.959999999999999,2.6,1,1,1,15,0.2530274596282275,0.3632752278383512,0.5506490167417855,0.721764326095581,0.15651416778564453
500,1,11.959999999999999,2.6,1,1,1,16,0.23702161473385924,0.3800694933416999,0.6099940636774411,0.7390139102935791,0.12108278274536133
500,1,11.959999999999999,2.6,1,1,1,17,0.2500247700062074,0.35546662846525034,0.5052851584799748,0.7187321186065674,0.14658761024475098
500,1,11.959999999999999,2.6,1,1,1,18,0.21980562759736813,0.3405018473104348,0.48111098200258007,0.7315137386322021,0.1634995937347412
500,1,11.959999999999999,2.6,1,1,1,19,0.25657429145411675,0.3523088227699845,0.4474976267926534,0.8402326107025146,0.17445755004882812
500,1,11.959999999999999,2.6,1,1,1,20,0.2044988086139876,0.3551369395842424,0.47424074607766903,0.7288458347320557,0.1564798355102539
500,1,11.959999999999999,2.6,1,1,1,21,0.22196182071978823,0.32843582530355636,0.480514234420204,0.7539443969726562,0.1554875373840332
500,1,11.959999999999999,2.6,1,1,1,22,0.23155343734655495,0.3355445535871555,0.43616630962143477,0.7386705875396729,0.13852143287658691
500,1,11.959999999999999,2.6,1,1,1,23,0.2734448931828817,0.39556044849293803,0.47298300333263665,0.8247272968292236,0.17012977600097656
500,1,11.959999999999999,2.6,1,1,1,24,0.21204601998625647,0.4030350347653346,0.4964292823805061,0.8911640644073486,0.16730237007141113
500,1,13.440000000000003,2.8000000000000003,1,1,1,0,0.22072395797626618,0.4007528362087868,0.5342555698304186,0.7430374622344971,0.13783001899719238
500,1,13.440000000000003,2.8000000000000003,1,1,1,1,0.21985934509041724,0.424904350213594,0.5903871388249506,0.7062656879425049,0.1530766487121582
500,1,13.440000000000003,2.8000000000000003,1,1,1,2,0.2133599772423336,0.41000649131882216,0.5271420396777812,0.8186709880828857,0.15534377098083496
500,1,13.440000000000003,2.8000000000000003,1,1,1,3,0.3047919235591986,0.5282925567425185,0.782441983926909,0.7581355571746826,0.12895822525024414
500,1,13.440000000000003,2.8000000000000003,1,1,1,4,0.32368811163867156,0.37765690782113326,0.6053454201069177,0.7156975269317627,0.13998174667358398
500,1,13.440000000000003,2.8000000000000003,1,1,1,5,0.2661350755845299,0.36700542253212876,0.5735520733302252,0.7185516357421875,0.14133429527282715
500,1,13.440000000000003,2.8000000000000003,1,1,1,6,0.2163922422225735,0.39491460378876364,0.5734411150938878,0.7656443119049072,0.14017033576965332
500,1,13.440000000000003,2.8000000000000003,1,1,1,7,0.28068502678304674,0.3569161721659028,0.6302411631658902,0.8744306564331055,0.15909266471862793
500,1,13.440000000000003,2.8000000000000003,1,1,1,8,0.24443601630413256,0.35534850928857536,0.49995630004718816,0.7305235862731934,0.1591336727142334
500,1,13.440000000000003,2.8000000000000003,1,1,1,9,0.260529866812142,0.4039479664954859,0.5426567344346153,0.756033182144165,0.14780426025390625
500,1,13.440000000000003,2.8000000000000003,1,1,1,10,0.23151793292445078,0.35070078785145975,0.4719760473035036,0.747948408126831,0.13153338432312012
500,1,13.440000000000003,2.8000000000000003,1,1,1,11,0.3092034437705105,0.34601666275241355,0.5257250293827511,0.828589916229248,0.17656898498535156
500,1,13.440000000000003,2.8000000000000003,1,1,1,12,0.27381050042171917,0.34812964455250345,0.5807076994778926,0.7142164707183838,0.15817713737487793
500,1,13.440000000000003,2.8000000000000003,1,1,1,13,0.2533663235238404,0.4074986618387093,0.6390213244791467,0.7300305366516113,0.12353920936584473
500,1,13.440000000000003,2.8000000000000003,1,1,1,14,0.27814910770292445,0.3545358676280112,0.5298515753528596,0.699885368347168,0.14885187149047852
500,1,13.440000000000003,2.8000000000000003,1,1,1,15,0.24672201240849984,0.3568748980520677,0.4978650129377996,0.753148078918457,0.13005614280700684
500,1,13.440000000000003,2.8000000000000003,1,1,1,16,0.2553976647445194,0.39150239071985393,0.5606496621323473,0.9231979846954346,0.17971134185791016
500,1,13.440000000000003,2.8000000000000003,1,1,1,17,0.29718502655912366,0.42527567310106795,0.6214169827340639,0.6984584331512451,0.12963175773620605
500,1,13.440000000000003,2.8000000000000003,1,1,1,18,0.22502091548886416,0.35182024814016655,0.48333308533955627,0.7152729034423828,0.14904403686523438
500,1,13.440000000000003,2.8000000000000003,1,1,1,19,0.22118213969213107,0.3220335707009878,0.48270963493836827,0.7167398929595947,0.14811396598815918
500,1,13.440000000000003,2.8000000000000003,1,1,1,20,0.2897947195070507,0.47689803557931304,0.5974992888636368,0.8846747875213623,0.17248940467834473
500,1,13.440000000000003,2.8000000000000003,1,1,1,21,0.31696282042700136,0.46973756593098065,0.6555165948240059,0.758608341217041,0.12851619720458984
500,1,13.440000000000003,2.8000000000000003,1,1,1,22,0.24119228234669426,0.4402228042725818,0.6814150866192761,0.6921420097351074,0.161149263381958
500,1,13.440000000000003,2.8000000000000003,1,1,1,23,0.2506606354384943,0.3771015784717372,0.5082018445011041,0.7388932704925537,0.13608479499816895
500,1,13.440000000000003,2.8000000000000003,1,1,1,24,0.2628703079709855,0.42710640498745817,0.5639899411092046,0.7322287559509277,0.13718771934509277
500,1,15.0,3.0,1,1,1,0,0.28890959937648925,0.40820750620513385,0.6528833917243083,0.7641849517822266,0.15656328201293945
500,1,15.0,3.0,1,1,1,1,0.3207688355537264,0.38490472989697366,0.6427830004750905,0.7281527519226074,0.12871098518371582
500,1,15.0,3.0,1,1,1,2,0.41214369848741683,0.49092526846151113,0.6464198137935585,0.7581419944763184,0.14879846572875977
500,1,15.0,3.0,1,1,1,3,0.26492669729239915,0.3955743939740382,0.6166046047448883,0.7601490020751953,0.13594746589660645
500,1,15.0,3.0,1,1,1,4,0.28370452741469404,0.4642118379007172,0.5315522098748131,0.9022367000579834,0.15943360328674316
500,1,15.0,3.0,1,1,1,5,0.2585617078661214,0.3830028354761725,0.5809987658478369,0.7468807697296143,0.1079716682434082
500,1,15.0,3.0,1,1,1,6,0.2680886555954603,0.3789033808710779,0.5435862983504698,0.6972620487213135,0.1445317268371582
500,1,15.0,3.0,1,1,1,7,0.265580020785126,0.3836661507269766,0.5617304539559835,0.7124290466308594,0.15241026878356934
500,1,15.0,3.0,1,1,1,8,0.3075050884830858,0.36984786596647384,0.5446404041494053,0.8580119609832764,0.16037607192993164
500,1,15.0,3.0,1,1,1,9,0.25986094036884866,0.3960520322686296,0.6104894832492281,0.7952444553375244,0.11152219772338867
500,1,15.0,3.0,1,1,1,10,0.267710053758887,0.45483852159252725,0.6682834135639351,0.7257413864135742,0.16910910606384277
500,1,15.0,3.0,1,1,1,11,0.26286631414775524,0.4720345400869786,0.6451094552760516,0.7281687259674072,0.1418170928955078
500,1,15.0,3.0,1,1,1,12,0.3051222809700911,0.3908088923279055,0.6372442051427127,0.7031426429748535,0.14255237579345703
500,1,15.0,3.0,1,1,1,13,0.24771804960640711,0.386674927923757,0.5440017477554079,0.8491792678833008,0.15286898612976074
500,1,15.0,3.0,1,1,1,14,0.3019906946477715,0.3734238605003038,0.6439129750627766,0.7307817935943604,0.14403367042541504
500,1,15.0,3.0,1,1,1,15,0.28552216515098544,0.3654341284952814,0.5579615272056705,0.7015824317932129,0.14564871788024902
500,1,15.0,3.0,1,1,1,16,0.33139403531543277,0.3947623880335829,0.5959874543941082,0.7573873996734619,0.13861417770385742
500,1,15.0,3.0,1,1,1,17,0.2371145325942093,0.42129479357050503,0.6542369767231946,0.7160394191741943,0.12752723693847656
500,1,15.0,3.0,1,1,1,18,0.27041496677480636,0.4197312710361724,0.5744925939813416,0.757239818572998,0.15561127662658691
500,1,15.0,3.0,1,1,1,19,0.2748160252795926,0.38107660628440554,0.5232606585250754,0.7179343700408936,0.13951587677001953
500,1,15.0,3.0,1,1,1,20,0.3914036027594045,0.3803313548500204,0.6155143092533356,0.7034459114074707,0.15512776374816895
500,1,15.0,3.0,1,1,1,21,0.3030921863301033,0.3773519012211247,0.6531128101663822,0.7173089981079102,0.14325499534606934
500,1,15.0,3.0,1,1,1,22,0.2679282261176406,0.3662654197673531,0.5951894404161868,0.8977382183074951,0.15042328834533691
500,1,15.0,3.0,1,1,1,23,0.2324665202158155,0.4004186329013567,0.5876295642254552,0.7524430751800537,0.13202762603759766
500,1,15.0,3.0,1,1,1,24,0.27310911494877793,0.3758561835112531,0.6270512417884151,0.7430202960968018,0.16729044914245605
500,1,16.64,3.2,1,1,1,0,0.26050509636677377,0.5871307262147356,0.8471572964129501,0.7207024097442627,0.1370689868927002
500,1,16.64,3.2,1,1,1,1,0.42765545916343767,0.4741639705046129,0.9018194296680506,0.7833311557769775,0.17807698249816895
500,1,16.64,3.2,1,1,1,2,0.2951192048263814,0.4385929908735826,0.6687410027110379,0.7196018695831299,0.1649787425994873
500,1,16.64,3.2,1,1,1,3,0.3182003194917754,0.41273438855675215,0.6546834415569276,0.7432184219360352,0.1255331039428711
500,1,16.64,3.2,1,1,1,4,0.37529269698077655,0.5058563763855596,0.8387370193838513,0.7130270004272461,0.160919189453125
500,1,16.64,3.2,1,1,1,5,0.2819983938820547,0.45193726693391123,0.6320858604031324,0.7381141185760498,0.17011404037475586
500,1,16.64,3.2,1,1,1,6,0.2968881765440264,0.3890733272709869,0.6285711848665715,0.7718746662139893,0.15010714530944824
500,1,16.64,3.2,1,1,1,7,0.5595218073852216,0.46025526544088585,1.002884340001628,0.712007999420166,0.14770030975341797
500,1,16.64,3.2,1,1,1,8,0.3343043353434413,0.4311719586370546,0.6885466255328465,0.7326884269714355,0.1428546905517578
500,1,16.64,3.2,1,1,1,9,0.3838010230862478,0.43953465388573526,0.7059733996802195,0.678816556930542,0.1530439853668213
500,1,16.64,3.2,1,1,1,10,0.27256319830889264,0.4150436796878621,0.621314640368108,0.8609871864318848,0.15501785278320312
500,1,16.64,3.2,1,1,1,11,0.36165000446047785,0.47907087199970466,0.7200364820786775,0.7302737236022949,0.1315000057220459
500,1,16.64,3.2,1,1,1,12,0.4303723737745413,0.42844396157140807,0.7647983922478525,0.7210981845855713,0.1225132942199707
500,1,16.64,3.2,1,1,1,13,0.2733773747525581,0.4647854526802414,0.6477912531104171,0.7573680877685547,0.14904284477233887
500,1,16.64,3.2,1,1,1,14,0.3264184110182025,0.44409610375463526,0.7287699420920712,0.708606481552124,0.12218785285949707
500,1,16.64,3.2,1,1,1,15,0.27067047998542293,0.42247987504258805,0.6523092052967046,0.714195966720581,0.14616107940673828
500,1,16.64,3.2,1,1,1,16,0.32837151621258825,0.45511739594198564,0.6990216858183689,0.7252273559570312,0.14684581756591797
500,1,16.64,3.2,1,1,1,17,0.3529135419130672,0.4798992596866265,0.7584916794559123,0.6517496109008789,0.12850570678710938
500,1,16.64,3.2,1,1,1,18,0.3729454474716571,0.48369721440372443,0.8152090398607884,0.6628174781799316,0.1402280330657959
500,1,16.64,3.2,1,1,1,19,0.32121154515241734,0.5084292134480162,0.8296407586004335,0.836350679397583,0.17416596412658691
500,1,16.64,3.2,1,1,1,20,0.4334539213468147,0.5341877189551288,0.7913905342261672,0.7449159622192383,0.1300966739654541
500,1,16.64,3.2,1,1,1,21,0.30176629736352134,0.44679771285152614,0.646827985004123,0.7342638969421387,0.12596344947814941
500,1,16.64,3.2,1,1,1,22,0.29217548862845016,0.4877512279227483,0.6791198700531187,0.7147338390350342,0.14815616607666016
500,1,16.64,3.2,1,1,1,23,0.3027216920048194,0.46732431271040104,0.6615163055317205,0.7496697902679443,0.1327371597290039
500,1,16.64,3.2,1,1,1,24,0.29442562898598806,0.4842806917441785,0.6436190078138435,0.7787227630615234,0.15157270431518555
500,1,18.360000000000003,3.4000000000000004,1,1,1,0,0.48299017639951947,0.7132249828541836,1.0134556257380605,0.7323856353759766,0.14006805419921875
500,1,18.360000000000003,3.4000000000000004,1,1,1,1,0.3178796435934438,0.42587102605720784,0.640246684670646,0.6755108833312988,0.1360776424407959
500,1,18.360000000000003,3.4000000000000004,1,1,1,2,0.4570065024581519,0.4489572516510127,0.8679558712996953,0.6738970279693604,0.14238190650939941
500,1,18.360000000000003,3.4000000000000004,1,1,1,3,0.4843710067786472,0.542572099972148,0.7874316195542594,0.7491488456726074,0.14442920684814453
500,1,18.360000000000003,3.4000000000000004,1,1,1,4,0.6355453812107543,0.5035706271047409,0.9833923302899603,0.7938714027404785,0.15530800819396973
500,1,18.360000000000003,3.4000000000000004,1,1,1,5,0.2989856447814432,0.4300100133602044,0.6822445907368201,0.7296097278594971,0.12535738945007324
500,1,18.360000000000003,3.4000000000000004,1,1,1,6,0.43544863697778025,0.6867389595898769,1.0489154335155537,0.7365179061889648,0.12404155731201172
500,1,18.360000000000003,3.4000000000000004,1,1,1,7,0.3949783992587322,0.45794249271041193,0.8211420246343317,0.6688814163208008,0.12960028648376465
500,1,18.360000000000003,3.4000000000000004,1,1,1,8,0.3493078922533291,0.5915121711578585,0.8654600885832281,0.8057520389556885,0.16466951370239258
500,1,18.360000000000003,3.4000000000000004,1,1,1,9,0.2748307341267479,0.4709575000871137,0.6259561125432673,0.6681580543518066,0.1085205078125
500,1,18.360000000000003,3.4000000000000004,1,1,1,10,0.4221094681727528,0.4491419478994389,0.6566183348139113,0.6295969486236572,0.131516695022583
500,1,18.360000000000003,3.4000000000000004,1,1,1,11,0.3131728268016278,0.4681430424211495,0.6547405300265813,0.6933481693267822,0.1545555591583252
500,1,18.360000000000003,3.4000000000000004,1,1,1,12,0.2642359109359162,0.3989946166475592,0.6011682835523953,0.6920166015625,0.11479449272155762
500,1,18.360000000000003,3.4000000000000004,1,1,1,13,0.36355791755243394,0.5058326267165876,0.7755895615284294,0.8522367477416992,0.13860821723937988
500,1,18.360000000000003,3.4000000000000004,1,1,1,14,0.46034136470601794,0.6220795022097703,0.888623122184244,0.721552848815918,0.15273308753967285
500,1,18.360000000000003,3.4000000000000004,1,1,1,15,0.3907798375054072,0.5014285964769497,0.8922084339823568,0.7471730709075928,0.1255342960357666
500,1,18.360000000000003,3.4000000000000004,1,1,1,16,0.5666974968979149,0.6656176351661052,1.1145153652739113,0.6709167957305908,0.14702916145324707
500,1,18.360000000000003,3.4000000000000004,1,1,1,17,0.35880056043668285,0.4325169169501004,0.6974755512296555,0.68778395652771,0.13453102111816406
500,1,18.360000000000003,3.4000000000000004,1,1,1,18,0.491318129427672,0.5962630444317656,1.0875811738594376,0.6954777240753174,0.14255189895629883
500,1,18.360000000000003,3.4000000000000004,1,1,1,19,0.34946601900082497,0.4550419396219834,0.7402760127799586,0.6299095153808594,0.12266349792480469
500,1,18.360000000000003,3.4000000000000004,1,1,1,20,0.4193091515986216,0.5336661586150899,0.8569142158287223,0.5974981784820557,0.12951374053955078
500,1,18.360000000000003,3.4000000000000004,1,1,1,21,0.32583880855476566,0.40022831669990505,0.5933158948094146,0.6311218738555908,0.11699700355529785
500,1,18.360000000000003,3.4000000000000004,1,1,1,22,0.450037359391257,0.5014762395882085,0.7888707968075477,0.6326217651367188,0.13503003120422363
500,1,18.360000000000003,3.4000000000000004,1,1,1,23,0.49628096962730794,0.5300050496753049,1.0044939651454254,0.7602524757385254,0.14700031280517578
500,1,18.360000000000003,3.4000000000000004,1,1,1,24,0.3826064982743278,0.6779246783803163,1.0605311766546441,0.6763286590576172,0.08998823165893555
500,1,20.16,3.6,1,1,1,0,0.4719089820554387,0.6799545730268697,1.0515650243205976,0.6721715927124023,0.14115476608276367
500,1,20.16,3.6,1,1,1,1,0.5598348042562828,0.6370779282924619,0.9211590694003424,0.704350471496582,0.1492760181427002
500,1,20.16,3.6,1,1,1,2,0.5512850750552833,0.46505156734850156,0.9060596465163671,0.8752262592315674,0.17090415954589844
500,1,20.16,3.6,1,1,1,3,0.4953625880470894,0.5714120898321309,0.9132990636426539,0.7389638423919678,0.12695884704589844
500,1,20.16,3.6,1,1,1,4,0.6738967251752875,0.5074128563715095,0.8372040839207007,0.6632485389709473,0.12241554260253906
500,1,20.16,3.6,1,1,1,5,0.3680313225519401,0.47548867505968284,0.7235697021180836,0.6799449920654297,0.14823579788208008
500,1,20.16,3.6,1,1,1,6,0.5963126075709595,0.9915445456540238,1.5878571532249834,0.7521400451660156,0.11962318420410156
500,1,20.16,3.6,1,1,1,7,0.8909891389136675,0.5641191879077024,1.0014378448021075,0.8910572528839111,0.1694810390472412
500,1,20.16,3.6,1,1,1,8,0.4235654368736901,0.47096261238560555,0.7626312311982419,0.7263610363006592,0.13348650932312012
500,1,20.16,3.6,1,1,1,9,0.3017287999317656,0.46103264073740813,0.6820902607215837,0.695631742477417,0.14633822441101074
500,1,20.16,3.6,1,1,1,10,0.4680819267738975,0.5255463569706136,0.7765255098103135,0.7758204936981201,0.14000940322875977
500,1,20.16,3.6,1,1,1,11,0.4510831195208602,0.5961115323684624,0.9123698445428119,0.7152235507965088,0.1411271095275879
500,1,20.16,3.6,1,1,1,12,0.5653748571398525,0.541751738017465,0.9741032458576037,0.7341015338897705,0.15351033210754395
500,1,20.16,3.6,1,1,1,13,0.3752286639948311,0.47423776014863955,0.7998100182375624,0.7358517646789551,0.1196281909942627
500,1,20.16,3.6,1,1,1,14,0.9472777075321197,1.0719750378907404,1.7643650801242963,0.7281169891357422,0.12697744369506836
500,1,20.16,3.6,1,1,1,15,0.42679768605772944,0.49842834284991416,0.877780607516901,0.743217945098877,0.16255664825439453
500,1,20.16,3.6,1,1,1,16,0.444437193867224,0.5066431871317051,0.8274885324128877,0.9110734462738037,0.16950678825378418
500,1,20.16,3.6,1,1,1,17,0.48461226170710503,0.4725742158478018,0.8603590718194977,0.721646785736084,0.14452123641967773
500,1,20.16,3.6,1,1,1,18,0.45941633495989603,0.6481402637668429,1.0629045442329041,0.818615198135376,0.17166399955749512
500,1,20.16,3.6,1,1,1,19,0.45784453494341776,0.5406575903792957,0.9864639311079142,0.7200303077697754,0.16060376167297363
500,1,20.16,3.6,1,1,1,20,0.5355903701081458,0.5702273824470117,0.8648569425197881,0.7754919528961182,0.17765235900878906
500,1,20.16,3.6,1,1,1,21,0.4437496510046314,0.6742635454486257,1.1180131964532571,0.6889486312866211,0.1390683650970459
500,1,20.16,3.6,1,1,1,22,0.41807963507555673,0.47831485533116863,0.8681172427635413,0.7481644153594971,0.14609241485595703
500,1,20.16,3.6,1,1,1,23,0.6924876922556341,0.5706512342280441,1.2059772342805732,0.7448060512542725,0.14475464820861816
500,1,20.16,3.6,1,1,1,24,0.3894431752856929,0.5676728360200098,0.9090561570723045,0.7660079002380371,0.13951587677001953
500,1,22.040000000000003,3.8000000000000003,1,1,1,0,0.9439901555841448,0.6812512189281429,1.3640691778026213,0.7426941394805908,0.14804577827453613
500,1,22.040000000000003,3.8000000000000003,1,1,1,1,0.8851803199298389,0.6980324177885499,1.415536245662511,0.7550702095031738,0.12592315673828125
500,1,22.040000000000003,3.8000000000000003,1,1,1,2,0.5279219245213638,0.5662537800059081,0.9233410996367784,0.6908533573150635,0.15303707122802734
500,1,22.040000000000003,3.8000000000000003,1,1,1,3,0.7697646883364481,0.6478804829330199,1.1057737960109346,0.7340359687805176,0.13196372985839844
500,1,22.040000000000003,3.8000000000000003,1,1,1,4,0.3377231837359748,0.5568515394461087,0.74228170967319,0.880836009979248,0.16971611976623535
500,1,22.040000000000003,3.8000000000000003,1,1,1,5,0.4761896823599258,0.5841860689465143,0.9683709708996568,0.6866838932037354,0.1580371856689453
500,1,22.040000000000003,3.8000000000000003,1,1,1,6,0.4410046768730214,0.6135553105252537,0.9891724973012473,0.725226640701294,0.11503243446350098
500,1,22.040000000000003,3.8000000000000003,1,1,1,7,1.0219912498567219,0.8478723794332373,1.4937607229649719,0.6612780094146729,0.12490367889404297
500,1,22.040000000000003,3.8000000000000003,1,1,1,8,0.6739452097096909,0.5797813235232033,1.038876696662102,0.7250947952270508,0.14353537559509277
500,1,22.040000000000003,3.8000000000000003,1,1,1,9,0.5417304154610426,0.5818108841454858,1.014976870575608,0.8739984035491943,0.1751079559326172
500,1,22.040000000000003,3.8000000000000003,1,1,1,10,0.7358006641305558,0.5847816752500697,1.3205823393806255,0.8681387901306152,0.15607523918151855
500,1,22.040000000000003,3.8000000000000003,1,1,1,11,0.6419019916316616,0.7942384477730862,1.4137384531830868,0.6820821762084961,0.15252923965454102
500,1,22.040000000000003,3.8000000000000003,1,1,1,12,0.44513042629289634,0.5050594318928849,0.8980254892322387,0.7267100811004639,0.13205885887145996
500,1,22.040000000000003,3.8000000000000003,1,1,1,13,1.1020033359980144,0.8346259382932313,1.5258101371479467,0.8119006156921387,0.17212510108947754
500,1,22.040000000000003,3.8000000000000003,1,1,1,14,0.41017556827618407,0.511868602098565,0.8407407341528399,0.763009786605835,0.11163663864135742
500,1,22.040000000000003,3.8000000000000003,1,1,1,15,0.4521118396335824,0.5887167263300195,0.9577813847189036,0.7293791770935059,0.11757850646972656
500,1,22.040000000000003,3.8000000000000003,1,1,1,16,0.7619869345614589,0.747058494320025,1.3237695783418222,0.7543942928314209,0.12753748893737793
500,1,22.040000000000003,3.8000000000000003,1,1,1,17,0.35475403793971005,0.5294558770571736,0.7759066184326131,0.700493335723877,0.10973381996154785
500,1,22.040000000000003,3.8000000000000003,1,1,1,18,0.5269554901960689,0.532621820728101,0.9179406273995605,0.7363021373748779,0.16066789627075195
500,1,22.040000000000003,3.8000000000000003,1,1,1,19,0.5768473990298655,0.7668284366449409,1.242743904710672,0.6937711238861084,0.14409494400024414
500,1,22.040000000000003,3.8000000000000003,1,1,1,20,0.7877894674316209,0.6762399596842299,1.2777063579974965,0.7264349460601807,0.159865140914917
500,1,22.040000000000003,3.8000000000000003,1,1,1,21,0.5849318956269222,0.5073798742638858,0.9320978797058965,0.747697114944458,0.13231205940246582
500,1,22.040000000000003,3.8000000000000003,1,1,1,22,0.5484512304293725,0.8976906884626102,1.3647332700527497,0.8559234142303467,0.17060279846191406
500,1,22.040000000000003,3.8000000000000003,1,1,1,23,0.5492013819349851,0.5250357811833958,0.8887695143836802,0.7107079029083252,0.13100314140319824
500,1,22.040000000000003,3.8000000000000003,1,1,1,24,0.5058656409742629,0.5087884719278489,0.7972403305026932,0.6990029811859131,0.14023733139038086
500,1,24.0,4.0,1,1,1,0,0.7355242670226,0.5626422193851919,1.1271990685383577,0.7058277130126953,0.15664219856262207
500,1,24.0,4.0,1,1,1,1,0.40009852190125816,0.5177757033036766,0.7385128691485295,0.7255685329437256,0.14344334602355957
500,1,24.0,4.0,1,1,1,2,1.2590301361427738,0.8476559176909323,1.6798304803042905,0.93045973777771,0.17351841926574707
500,1,24.0,4.0,1,1,1,3,0.8176957375189771,0.6814249020345611,1.3662235045224993,0.7173020839691162,0.1276378631591797
500,1,24.0,4.0,1,1,1,4,1.5630974454616442,0.6461192059612872,1.7087377149420848,0.7232074737548828,0.1535935401916504
500,1,24.0,4.0,1,1,1,5,1.2184706424853178,0.8027081341435437,1.9890191342379113,0.6894207000732422,0.1461009979248047
500,1,24.0,4.0,1,1,1,6,1.264153218848369,0.8062304646663603,1.7044241844519892,0.8519840240478516,0.1587235927581787
500,1,24.0,4.0,1,1,1,7,0.8933870764928029,0.6272377870463515,1.2206673493242173,0.7660651206970215,0.1411597728729248
500,1,24.0,4.0,1,1,1,8,1.1406949230176537,0.8317278121040239,1.8706062334062223,0.692716121673584,0.15930843353271484
500,1,24.0,4.0,1,1,1,9,1.604730650133447,0.7875042239886547,2.0825548542814434,0.7464244365692139,0.12562847137451172
500,1,24.0,4.0,1,1,1,10,0.5153779603585842,0.6456600839323335,1.0487592652895386,0.7217104434967041,0.15538978576660156
500,1,24.0,4.0,1,1,1,11,0.5368360710891458,0.5968663939208695,0.9953820851557731,0.7169947624206543,0.11859822273254395
500,1,24.0,4.0,1,1,1,12,1.075326287347242,0.756920742524322,1.7404615743149816,0.6862094402313232,0.12891244888305664
500,1,24.0,4.0,1,1,1,13,1.1187380354069156,0.8416907044964757,1.9604287399033913,0.6905150413513184,0.1385509967803955
500,1,24.0,4.0,1,1,1,14,1.34263534110984,1.3711230137138404,2.71375835482368,0.7273046970367432,0.12672114372253418
500,1,24.0,4.0,1,1,1,15,1.5359718707478767,0.8327574033175278,1.6568963200194486,0.8793387413024902,0.1581437587738037
500,1,24.0,4.0,1,1,1,16,1.2448897414691742,0.8020535360233078,2.046943277492482,0.7174196243286133,0.1286916732788086
500,1,24.0,4.0,1,1,1,17,1.0350443566073884,0.7312480944072766,1.580291814955479,0.69317626953125,0.14243078231811523
500,1,24.0,4.0,1,1,1,18,0.507426775216903,0.5674840806233545,0.7928501726996907,0.7748241424560547,0.1327681541442871
500,1,24.0,4.0,1,1,1,19,1.1635075677977171,0.6886986592988268,1.7558728305888112,0.8598546981811523,0.18053698539733887
500,1,24.0,4.0,1,1,1,20,1.1824381034324518,0.9125504712713484,1.8435345046714058,0.682152509689331,0.1401073932647705
500,1,24.0,4.0,1,1,1,21,1.1740948215476488,0.6785793653160869,1.6509698506854762,0.6867392063140869,0.11153054237365723
500,1,24.0,4.0,1,1,1,22,1.0154676505764775,0.9157357400492875,1.7091286583499259,0.6330630779266357,0.11909890174865723
500,1,24.0,4.0,1,1,1,23,2.406251643487324,0.9904675862963663,2.9452396039819484,0.6726958751678467,0.0963287353515625
500,1,24.0,4.0,1,1,1,24,1.0296466731882588,0.9663609357520592,1.7475948277576363,0.7487399578094482,0.13183093070983887
500,1,26.040000000000003,4.2,1,1,1,0,0.6949054042836823,0.5772860719191513,1.0915742994987943,0.6825783252716064,0.11475610733032227
500,1,26.040000000000003,4.2,1,1,1,1,1.2793837697711334,1.3056357068291475,2.161292804568209,0.6414947509765625,0.1179194450378418
500,1,26.040000000000003,4.2,1,1,1,2,1.5185335244224818,1.6166495612993104,2.977151520371049,0.6387944221496582,0.15108299255371094
500,1,26.040000000000003,4.2,1,1,1,3,1.63447943653612,0.7488324947331653,1.9466286352643571,0.6826016902923584,0.11750006675720215
500,1,26.040000000000003,4.2,1,1,1,4,1.1415115429602216,1.2643693006058132,2.2683549772423595,0.7732279300689697,0.1623077392578125
500,1,26.040000000000003,4.2,1,1,1,5,1.196490827039678,0.9999576141215044,2.1829348902856456,0.6489474773406982,0.12042689323425293
500,1,26.040000000000003,4.2,1,1,1,6,1.2176788167818402,1.018626015925928,1.851087476276423,0.7271325588226318,0.12708091735839844
500,1,26.040000000000003,4.2,1,1,1,7,1.1771550298503428,0.9559790052883578,2.1331340351387005,0.6495025157928467,0.13089203834533691
500,1,26.040000000000003,4.2,1,1,1,8,0.9013835895632591,0.6399907667643169,1.214053779840129,0.6753439903259277,0.12395548820495605
500,1,26.040000000000003,4.2,1,1,1,9,0.776251777666939,0.699585719068373,1.3563544824626135,0.8835291862487793,0.15522384643554688
500,1,26.040000000000003,4.2,1,1,1,10,1.1810820626028808,0.9111986691446367,1.6393637553740041,0.6589655876159668,0.14055609703063965
500,1,26.040000000000003,4.2,1,1,1,11,1.2018171341033874,0.9673241223960232,2.0685649782841287,0.712052583694458,0.13594365119934082
500,1,26.040000000000003,4.2,1,1,1,12,0.9736797683837362,0.6384714044082873,1.428818430272473,0.7663848400115967,0.14850163459777832
500,1,26.040000000000003,4.2,1,1,1,13,0.9572070979703889,0.7647610705773422,1.7219681685477313,0.6989812850952148,0.1523435115814209
500,1,26.040000000000003,4.2,1,1,1,14,1.1179128093595792,0.8349657523889555,1.7032844903417688,0.7585234642028809,0.13760876655578613
500,1,26.040000000000003,4.2,1,1,1,15,1.198714076437601,0.8559431102827245,1.9579990993929415,0.7330143451690674,0.09809112548828125
500,1,26.040000000000003,4.2,1,1,1,16,1.4718130770060203,1.2866498619651268,2.6876839279195437,0.7148866653442383,0.12784552574157715
500,1,26.040000000000003,4.2,1,1,1,17,1.0922644698638195,0.9231138197292827,1.8127275434047405,0.6984958648681641,0.13135647773742676
500,1,26.040000000000003,4.2,1,1,1,18,0.9213260960913786,0.866183339614697,1.4170793946293032,0.8468358516693115,0.16762614250183105
500,1,26.040000000000003,4.2,1,1,1,19,1.2288840674772563,1.1629985439803048,2.182032786141411,0.7590301036834717,0.132338285446167
500,1,26.040000000000003,4.2,1,1,1,20,1.1369431292387113,1.2895480989601862,2.0185520452577173,0.8003213405609131,0.11471819877624512
500,1,26.040000000000003,4.2,1,1,1,21,1.231965000438403,0.9747546135836905,2.1505397738461953,0.7003164291381836,0.12299585342407227
500,1,26.040000000000003,4.2,1,1,1,22,0.7794861223992566,0.9036220599358704,1.5112613867079214,0.7700603008270264,0.1271531581878662
500,1,26.040000000000003,4.2,1,1,1,23,2.0028863868151174,1.4202965734728028,3.42318296028792,0.7360777854919434,0.1366569995880127
500,1,26.040000000000003,4.2,1,1,1,24,1.1662683078399403,0.8574348155075581,1.8776411887880045,0.7459361553192139,0.16022300720214844
500,1,28.160000000000004,4.4,1,1,1,0,1.5291903876909159,1.2872103996524586,2.326629117755453,0.7580268383026123,0.1266777515411377
500,1,28.160000000000004,4.4,1,1,1,1,1.623117897268441,1.233224270544763,2.305364023915054,0.7150979042053223,0.14806842803955078
500,1,28.160000000000004,4.4,1,1,1,2,1.1635877384838287,1.0193255353848063,2.0444362407138383,0.8341224193572998,0.17619729042053223
500,1,28.160000000000004,4.4,1,1,1,3,0.7619190580370616,0.734639431857577,1.278917932837948,0.7933211326599121,0.15716242790222168
500,1,28.160000000000004,4.4,1,1,1,4,1.2901727832631724,1.0237327117226522,2.1863319182979852,0.7235269546508789,0.15702080726623535
500,1,28.160000000000004,4.4,1,1,1,5,0.9853053740243161,1.0421613097346594,1.9314030910309223,0.7383317947387695,0.13557910919189453
500,1,28.160000000000004,4.4,1,1,1,6,1.4153649898508016,1.077483291101955,2.0533929406179423,0.7670028209686279,0.16520953178405762
500,1,28.160000000000004,4.4,1,1,1,7,1.350135228074344,1.278209676360228,2.416121461745283,0.7601144313812256,0.12203764915466309
500,1,28.160000000000004,4.4,1,1,1,8,1.18689283466957,1.3504308900900124,2.3876742475241786,0.7699031829833984,0.1636502742767334
500,1,28.160000000000004,4.4,1,1,1,9,1.2378601274309216,1.0572024924189152,2.010647430312221,0.7464790344238281,0.14843034744262695
500,1,28.160000000000004,4.4,1,1,1,10,1.3901561358069474,1.3156138947659752,2.7057700305729226,0.7017021179199219,0.1522359848022461
500,1,28.160000000000004,4.4,1,1,1,11,1.2520397917408532,0.9822887868178022,1.7723422526834838,0.8607847690582275,0.1699812412261963
500,1,28.160000000000004,4.4,1,1,1,12,1.6055551337682388,1.4198771643160772,2.6850023492429456,0.767693042755127,0.15484905242919922
500,1,28.160000000000004,4.4,1,1,1,13,1.3488982383865493,1.0195328467230291,2.156025698948011,0.7237396240234375,0.12912917137145996
500,1,28.160000000000004,4.4,1,1,1,14,1.5211506998867628,1.1262680991289322,2.48574059145954,0.7133388519287109,0.14683985710144043
500,1,28.160000000000004,4.4,1,1,1,15,0.9838203302709044,0.9584543852329219,1.8930377461959857,0.7723121643066406,0.16000604629516602
500,1,28.160000000000004,4.4,1,1,1,16,0.7476365128456045,0.7587449070202539,1.3956896183053518,0.7404282093048096,0.14003515243530273
500,1,28.160000000000004,4.4,1,1,1,17,1.351194317793601,0.9856795134135447,2.3368738312071455,0.7147431373596191,0.138214111328125
500,1,28.160000000000004,4.4,1,1,1,18,1.531895675600142,1.2455361398872862,2.550445883244521,0.733978271484375,0.11798214912414551
500,1,28.160000000000004,4.4,1,1,1,19,1.050444879522655,0.7469807087621382,1.7974255882847934,0.6971216201782227,0.1354541778564453
500,1,28.160000000000004,4.4,1,1,1,20,1.1961362951085672,0.9725658441108377,1.686085760445783,0.9216713905334473,0.1754467487335205
500,1,28.160000000000004,4.4,1,1,1,21,1.7168260493616703,1.9356830718109084,3.652509121172579,0.7103683948516846,0.14702224731445312
500,1,28.160000000000004,4.4,1,1,1,22,1.3657050743667538,0.9094257585475617,1.8360856953579194,0.7283928394317627,0.13413119316101074
500,1,28.160000000000004,4.4,1,1,1,23,0.8325010495579592,0.8444733933074327,1.6769744428653919,0.7618498802185059,0.15677881240844727
500,1,28.160000000000004,4.4,1,1,1,24,1.9885424453020675,1.435629854205616,3.34438073740895,0.866351842880249,0.16529178619384766
500,1,30.360000000000007,4.6000000000000005,1,1,1,0,1.4091503202981441,1.4858034875689767,2.7633053242119123,0.7384717464447021,0.13124847412109375
500,1,30.360000000000007,4.6000000000000005,1,1,1,1,1.422530865646487,1.036464527094886,2.3846940668483203,0.7427663803100586,0.16606831550598145
500,1,30.360000000000007,4.6000000000000005,1,1,1,2,1.431844524429605,1.0261016902503273,2.1419902739834504,0.7182619571685791,0.1418323516845703
500,1,30.360000000000007,4.6000000000000005,1,1,1,3,2.8132105794761837,3.363801548475311,6.024684688300546,0.6718082427978516,0.13613247871398926
500,1,30.360000000000007,4.6000000000000005,1,1,1,4,2.0247011072126115,1.6338480179853354,3.620719423905676,0.7764925956726074,0.14980435371398926
500,1,30.360000000000007,4.6000000000000005,1,1,1,5,1.836438971508561,1.5586725410752464,3.3951115125838074,0.6592888832092285,0.13055682182312012
500,1,30.360000000000007,4.6000000000000005,1,1,1,6,1.405261870011988,1.3532659355588872,2.7585278055708753,0.6418030261993408,0.0903327465057373
500,1,30.360000000000007,4.6000000000000005,1,1,1,7,1.6767731805001445,1.584088840856106,3.2608620213562505,0.6481478214263916,0.12425708770751953
500,1,30.360000000000007,4.6000000000000005,1,1,1,8,1.4878938938677757,1.1355027495922243,2.62339664346,0.7056591510772705,0.10461735725402832
500,1,30.360000000000007,4.6000000000000005,1,1,1,9,1.23894949552079,1.02558340819362,2.26453290371441,0.8160576820373535,0.16111302375793457
500,1,30.360000000000007,4.6000000000000005,1,1,1,10,1.4598022638516381,1.1879806115744118,2.218209943544789,0.7147922515869141,0.15481781959533691
500,1,30.360000000000007,4.6000000000000005,1,1,1,11,1.351514854749951,1.122305715103784,2.2847595838822743,0.764955997467041,0.12431883811950684
500,1,30.360000000000007,4.6000000000000005,1,1,1,12,1.01021286685376,1.2509244513759494,2.0126722595950888,0.7721190452575684,0.15892338752746582
500,1,30.360000000000007,4.6000000000000005,1,1,1,13,1.573803401777155,1.2539527439376383,2.503588060189797,0.8098678588867188,0.14260005950927734
500,1,30.360000000000007,4.6000000000000005,1,1,1,14,1.3439255772474232,0.8514619285131882,1.8488092436437737,0.6653196811676025,0.11258721351623535
500,1,30.360000000000007,4.6000000000000005,1,1,1,15,1.468927957001997,1.1349918838942494,2.2102857109799325,0.6758358478546143,0.13011670112609863
500,1,30.360000000000007,4.6000000000000005,1,1,1,16,1.605834107599813,1.1963436675779815,2.248595076187822,0.6739070415496826,0.1315450668334961
500,1,30.360000000000007,4.6000000000000005,1,1,1,17,2.2881974523779043,1.562449822861132,3.431783608996124,0.6726458072662354,0.1303567886352539
500,1,30.360000000000007,4.6000000000000005,1,1,1,18,1.2540207108084864,1.3116549362844738,2.5656756470929603,0.7461152076721191,0.14698290824890137
500,1,30.360000000000007,4.6000000000000005,1,1,1,19,1.593078136773691,1.3069101786382218,2.2268959924530916,0.6805248260498047,0.1332709789276123
500,1,30.360000000000007,4.6000000000000005,1,1,1,20,1.6713578561987388,1.3207749093243262,2.683716153799897,0.6277074813842773,0.1352553367614746
500,1,30.360000000000007,4.6000000000000005,1,1,1,21,1.3943893592527348,0.9692868010138647,1.967926283603445,0.6828298568725586,0.13980984687805176
500,1,30.360000000000007,4.6000000000000005,1,1,1,22,1.385643784084335,1.3036262111103263,2.455617967845223,0.7508647441864014,0.13275408744812012
500,1,30.360000000000007,4.6000000000000005,1,1,1,23,1.4351552152179394,1.6637315310513696,3.098886746269309,0.8959977626800537,0.15769290924072266
500,1,30.360000000000007,4.6000000000000005,1,1,1,24,1.8375731786618876,1.127967591475409,2.6307700471473354,0.7292349338531494,0.1320633888244629
500,1,32.64000000000001,4.800000000000001,1,1,1,0,2.248586107992945,1.4926302110875853,3.313614898609316,0.6140365600585938,0.1255052089691162
500,1,32.64000000000001,4.800000000000001,1,1,1,1,1.4098547512517525,1.419113407229436,2.4225041702080032,0.6681625843048096,0.14558148384094238
500,1,32.64000000000001,4.800000000000001,1,1,1,2,2.4440196348545316,1.9749776553936917,4.418997290248223,0.7368056774139404,0.12249255180358887
500,1,32.64000000000001,4.800000000000001,1,1,1,3,1.8313922435932544,1.1551832861741766,2.9405323510877763,0.7897660732269287,0.15357351303100586
500,1,32.64000000000001,4.800000000000001,1,1,1,4,1.5339203263882832,1.1131199380732366,2.2348346109232224,0.699552059173584,0.15295076370239258
500,1,32.64000000000001,4.800000000000001,1,1,1,5,2.447436769431021,2.1425491128493843,4.562679351355708,0.8657217025756836,0.1474902629852295
500,1,32.64000000000001,4.800000000000001,1,1,1,6,1.20312616563292,1.0002097659378402,2.14846716028425,0.7176761627197266,0.1605091094970703
500,1,32.64000000000001,4.800000000000001,1,1,1,7,1.562943977258345,1.3105773644455447,2.6484659917055806,0.7372996807098389,0.15682721138000488
500,1,32.64000000000001,4.800000000000001,1,1,1,8,1.623211090715504,1.2353071585653508,2.629920766293427,0.7062654495239258,0.15133380889892578
500,1,32.64000000000001,4.800000000000001,1,1,1,9,1.4260670699914406,1.1985292168695574,2.3723741094498383,0.7120633125305176,0.15796256065368652
500,1,32.64000000000001,4.800000000000001,1,1,1,10,2.8186093961012286,2.1322012188121793,4.907833180323213,0.7365612983703613,0.1239309310913086
500,1,32.64000000000001,4.800000000000001,1,1,1,11,1.8412635795627126,1.7823762373165517,3.610451290625166,0.8752260208129883,0.14607906341552734
500,1,32.64000000000001,4.800000000000001,1,1,1,12,1.352920678293103,1.2487447093406345,2.1986193751131977,0.7289040088653564,0.12935876846313477
500,1,32.64000000000001,4.800000000000001,1,1,1,13,1.4423933080985976,1.3008900333678115,2.4426512133803024,0.7249939441680908,0.11584138870239258
500,1,32.64000000000001,4.800000000000001,1,1,1,14,1.3020733950465357,1.0974708373334168,2.169053344490525,0.7370054721832275,0.12769699096679688
500,1,32.64000000000001,4.800000000000001,1,1,1,15,2.363707910205955,1.7106874718866734,3.7149014453218334,0.7345268726348877,0.12106871604919434
500,1,32.64000000000001,4.800000000000001,1,1,1,16,2.8283421601182686,2.6398012663472454,4.6894122616445495,0.7124655246734619,0.16053533554077148
500,1,32.64000000000001,4.800000000000001,1,1,1,17,1.3643269690943132,1.1947877590060862,2.302672283753508,0.7436203956604004,0.14201688766479492
500,1,32.64000000000001,4.800000000000001,1,1,1,18,1.5124293259013504,1.5101834328186485,2.983575163871623,0.7450692653656006,0.11219382286071777
500,1,32.64000000000001,4.800000000000001,1,1,1,19,1.5665278289489644,1.0631629401301632,2.6236160040303935,0.7159216403961182,0.13517141342163086
500,1,32.64000000000001,4.800000000000001,1,1,1,20,1.528797786602129,1.1836429890981175,2.2644607785087656,0.8521037101745605,0.15915989875793457
500,1,32.64000000000001,4.800000000000001,1,1,1,21,1.8497908405348564,1.3951428899742229,2.6072087933070147,0.867058277130127,0.1512317657470703
500,1,32.64000000000001,4.800000000000001,1,1,1,22,2.786503875106208,1.7484914666271996,4.534995341733408,0.7214393615722656,0.11891388893127441
500,1,32.64000000000001,4.800000000000001,1,1,1,23,1.4737925783991503,1.5934440605562947,3.0672366389554453,0.7092528343200684,0.13283777236938477
500,1,32.64000000000001,4.800000000000001,1,1,1,24,1.67519756942423,1.569105782056767,3.244303351480997,0.7270023822784424,0.16443467140197754
500,1,35.0,5.0,1,1,1,0,1.6274448640074217,1.8877653762075195,3.1372284461818287,0.708115816116333,0.11378622055053711
500,1,35.0,5.0,1,1,1,1,1.8285014596820062,1.3819180967988762,2.5749458502151583,0.7116146087646484,0.13642430305480957
500,1,35.0,5.0,1,1,1,2,2.364614855163372,1.77075677196548,3.9361455805569303,0.759066104888916,0.12305569648742676
500,1,35.0,5.0,1,1,1,3,2.828245408018243,3.3252539584274396,6.152594603703171,0.6828265190124512,0.13940119743347168
500,1,35.0,5.0,1,1,1,4,1.4831982363937002,1.1661962748860586,2.480491753343797,0.8952240943908691,0.16675543785095215
500,1,35.0,5.0,1,1,1,5,1.6172493626551494,1.4787277380669748,2.9358802190838986,0.704226016998291,0.14818716049194336
500,1,35.0,5.0,1,1,1,6,2.6736289166697262,2.432502978906699,4.022878937058258,0.7369768619537354,0.14143872261047363
500,1,35.0,5.0,1,1,1,7,1.659222845311836,2.0450052883029453,3.701710786271497,0.7307753562927246,0.13646769523620605
500,1,35.0,5.0,1,1,1,8,2.6510074020274654,2.1845633152052826,4.584672142996804,0.7209529876708984,0.14372920989990234
500,1,35.0,5.0,1,1,1,9,2.7677521289647937,1.6250242462684983,3.9959417375477475,0.7274825572967529,0.13123607635498047
500,1,35.0,5.0,1,1,1,10,2.7057156938300126,2.105072790306054,4.680867875315411,0.6885571479797363,0.13817596435546875
500,1,35.0,5.0,1,1,1,11,2.773326301637242,1.882879740221096,4.404163945921507,0.7398109436035156,0.1418149471282959
500,1,35.0,5.0,1,1,1,12,1.625796103924928,1.1960505996718327,2.562773140742383,0.7038767337799072,0.1591944694519043
500,1,35.0,5.0,1,1,1,13,1.9150914410538156,1.5043585002722815,3.0386450506650267,0.8949005603790283,0.1649634838104248
500,1,35.0,5.0,1,1,1,14,1.9528319156171061,1.2556981319373384,2.6706533917199935,0.6907751560211182,0.1399986743927002
500,1,35.0,5.0,1,1,1,15,1.7317391953790093,1.3257075591829175,2.86153218576257,0.7365193367004395,0.12444877624511719
500,1,35.0,5.0,1,1,1,16,2.1546868324623674,1.4998025860584603,3.4907251063141818,0.6915504932403564,0.13983678817749023
500,1,35.0,5.0,1,1,1,17,1.7053375361912113,1.9785757561223036,3.3228701223836308,0.8043644428253174,0.15768957138061523
500,1,35.0,5.0,1,1,1,18,1.6680067487892398,1.3390790338626946,2.6204728610273964,0.7013301849365234,0.11813855171203613
500,1,35.0,5.0,1,1,1,19,1.6002165402050548,1.435020854983018,2.7445495304579,0.7478988170623779,0.11102056503295898
500,1,35.0,5.0,1,1,1,20,2.0201648797363405,1.6161717319902644,3.3545107821325253,0.6682846546173096,0.12529397010803223
500,1,35.0,5.0,1,1,1,21,2.2112176002055346,1.5766158952092117,3.7878334954147466,0.7258882522583008,0.13363385200500488
500,1,35.0,5.0,1,1,1,22,2.808459857646559,2.3944590619381607,5.15695231366843,0.8472988605499268,0.16853857040405273
500,1,35.0,5.0,1,1,1,23,1.5504963246087353,1.2234253362470164,2.492140340254842,0.6743249893188477,0.12851262092590332
500,1,35.0,5.0,1,1,1,24,1.7641706034475146,1.578186245275159,2.910426944547796,0.6371655464172363,0.13399267196655273
500,1,37.440000000000005,5.2,1,1,1,0,1.7385028667798426,1.4923264677226884,2.91593640312509,0.6529855728149414,0.12025570869445801
500,1,37.440000000000005,5.2,1,1,1,1,1.6426887409371411,1.3808730475658761,2.4859123678239916,0.6797182559967041,0.09264206886291504
500,1,37.440000000000005,5.2,1,1,1,2,2.635326524378324,1.6345289224739707,4.173602739863335,0.8453319072723389,0.1500544548034668
500,1,37.440000000000005,5.2,1,1,1,3,2.813234160900993,2.3557596374419854,4.577792033602872,0.6301178932189941,0.14390349388122559
500,1,37.440000000000005,5.2,1,1,1,4,2.825015829237243,1.9734323082293375,4.41514378618716,0.635040283203125,0.11562347412109375
500,1,37.440000000000005,5.2,1,1,1,5,2.8284006210006662,2.388246631066394,5.0006922667416,0.6597328186035156,0.12854838371276855
500,1,37.440000000000005,5.2,1,1,1,6,1.258549640787956,1.04416789185914,2.1810052926671863,0.7518429756164551,0.13794326782226562
500,1,37.440000000000005,5.2,1,1,1,7,2.6070809813175875,1.8490294077400917,3.7072715805656147,0.827409029006958,0.12714147567749023
500,1,37.440000000000005,5.2,1,1,1,8,2.804290233367249,2.197612721358577,4.350901832886577,0.6944968700408936,0.109375
500,1,37.440000000000005,5.2,1,1,1,9,2.813352908726066,2.0293825843289452,4.606470221707488,0.6956789493560791,0.126356840133667
500,1,37.440000000000005,5.2,1,1,1,10,2.827978344376554,2.11596082092363,4.745409130725433,0.6577463150024414,0.10339736938476562
500,1,37.440000000000005,5.2,1,1,1,11,2.8030876154930486,2.045949568727312,4.8485891398780145,0.5917880535125732,0.1069180965423584
500,1,37.440000000000005,5.2,1,1,1,12,1.7726558348923065,1.7518689170537818,3.407663269407843,0.8036448955535889,0.12658023834228516
500,1,37.440000000000005,5.2,1,1,1,13,2.569134325662176,2.0093037252737314,4.578438050935907,0.6058101654052734,0.12038326263427734
500,1,37.440000000000005,5.2,1,1,1,14,2.8283673931425297,4.131664443540556,6.956597677653029,0.6408500671386719,0.11666727066040039
500,1,37.440000000000005,5.2,1,1,1,15,2.5748653892142204,2.0285357361019996,4.4515051015497065,0.6740550994873047,0.13863515853881836
500,1,37.440000000000005,5.2,1,1,1,16,2.8283323172895334,3.3232580485397474,6.041271048318624,0.7233829498291016,0.10630631446838379
500,1,37.440000000000005,5.2,1,1,1,17,2.540860587702052,2.1982464585233603,4.576861679004495,0.8415284156799316,0.14786481857299805
500,1,37.440000000000005,5.2,1,1,1,18,2.8266952985603937,3.628223180836776,6.429122100947895,0.740370512008667,0.11926770210266113
500,1,37.440000000000005,5.2,1,1,1,19,1.9201677563723372,2.0621863213279994,3.982354077700337,0.7811474800109863,0.13269639015197754
500,1,37.440000000000005,5.2,1,1,1,20,2.652330893771254,1.9768307726958194,3.752282090760163,0.7122867107391357,0.13251113891601562
500,1,37.440000000000005,5.2,1,1,1,21,2.8157579644977258,2.9047533071154104,5.369145522636391,0.8791003227233887,0.13753843307495117
500,1,37.440000000000005,5.2,1,1,1,22,2.777087609228874,2.176198038115953,4.748517881637611,0.7357356548309326,0.14243268966674805
500,1,37.440000000000005,5.2,1,1,1,23,2.3534085787482084,1.8966955889172197,3.94165776183085,0.7033319473266602,0.15580987930297852
500,1,37.440000000000005,5.2,1,1,1,24,2.4050123175273237,1.4421272134341818,3.8471395309615053,0.7489888668060303,0.14794492721557617
500,1,39.96000000000001,5.4,1,1,1,0,2.8284236228533475,2.8982644320498854,5.519648107067457,0.8054747581481934,0.15204262733459473
500,1,39.96000000000001,5.4,1,1,1,1,2.8275996318828875,3.197848817541736,5.783583230262954,0.7329168319702148,0.16601133346557617
500,1,39.96000000000001,5.4,1,1,1,2,2.827816621574988,2.6705831728131413,5.4983997943881295,0.7744128704071045,0.12302780151367188
500,1,39.96000000000001,5.4,1,1,1,3,2.0504947807269516,2.002217863250508,4.0527126439774595,0.7161157131195068,0.14568042755126953
500,1,39.96000000000001,5.4,1,1,1,4,2.8003377775865266,2.8882834318435764,5.453440759977594,0.7845876216888428,0.13116908073425293
500,1,39.96000000000001,5.4,1,1,1,5,2.7833927247290804,2.4143540817481934,4.401902240177481,0.898787260055542,0.14742660522460938
500,1,39.96000000000001,5.4,1,1,1,6,2.8003338920462184,2.2640962081626945,4.818486635580286,0.7565734386444092,0.10704565048217773
500,1,39.96000000000001,5.4,1,1,1,7,2.7022951656872616,2.325194100467645,5.027489266154907,0.7156753540039062,0.12229180335998535
500,1,39.96000000000001,5.4,1,1,1,8,2.8284140407198275,3.2481088979873523,6.07652293870718,0.7205667495727539,0.155792236328125
500,1,39.96000000000001,5.4,1,1,1,9,2.828426628904354,2.9377478915590314,5.73846271375685,0.8063249588012695,0.16395974159240723
500,1,39.96000000000001,5.4,1,1,1,10,2.7565723603962433,2.345124443649033,4.7200104447078735,0.720017671585083,0.1595463752746582
500,1,39.96000000000001,5.4,1,1,1,11,1.8266720209975045,1.2448042735550875,3.0108940015328307,0.7508189678192139,0.13957834243774414
500,1,39.96000000000001,5.4,1,1,1,12,2.8270434394486927,3.1990754536305825,5.964312732340048,0.71518874168396,0.15053987503051758
500,1,39.96000000000001,5.4,1,1,1,13,2.2849288379338306,1.7002562700762698,3.7868048129403817,0.7497682571411133,0.136765718460083
500,1,39.96000000000001,5.4,1,1,1,14,2.827440139259619,2.6728313380745097,5.500271477334129,0.8922872543334961,0.15345120429992676
500,1,39.96000000000001,5.4,1,1,1,15,2.8272753148482694,3.177818504121982,5.995253841839354,0.8711822032928467,0.17590618133544922
500,1,39.96000000000001,5.4,1,1,1,16,2.7296454943122797,2.9269952264761008,4.798850822530497,0.7405219078063965,0.14350223541259766
500,1,39.96000000000001,5.4,1,1,1,17,2.7719468909881693,3.6338233957931956,6.361207024055153,0.7002220153808594,0.16235065460205078
500,1,39.96000000000001,5.4,1,1,1,18,2.799567596482495,2.966958533560028,5.250599657674831,0.8488583564758301,0.1594705581665039
500,1,39.96000000000001,5.4,1,1,1,19,2.8233060633162976,2.8529394881181176,5.009446170075195,0.7536571025848389,0.11819124221801758
500,1,39.96000000000001,5.4,1,1,1,20,2.784897158574996,1.806735350217576,4.270383807822744,0.709592342376709,0.14325451850891113
500,1,39.96000000000001,5.4,1,1,1,21,2.7830211568050527,2.708105161870539,5.202299347414362,0.7339582443237305,0.11461186408996582
500,1,39.96000000000001,5.4,1,1,1,22,2.792650630190281,2.592263583139443,5.384914213329724,0.8043994903564453,0.12823271751403809
500,1,39.96000000000001,5.4,1,1,1,23,2.8111252744107396,3.00590203925231,4.969778492294851,0.783564567565918,0.1313164234161377
500,1,39.96000000000001,5.4,1,1,1,24,2.828372074786929,2.682245035696197,5.347556045565932,0.7322897911071777,0.1554582118988037
500,1,42.56000000000001,5.6000000000000005,1,1,1,0,2.8284172796187677,4.284685513404501,7.081437175303404,0.7726647853851318,0.12894654273986816
500,1,42.56000000000001,5.6000000000000005,1,1,1,1,2.80683143249007,1.8340098306532482,4.640841263143318,0.6864466667175293,0.15635347366333008
500,1,42.56000000000001,5.6000000000000005,1,1,1,2,2.8280305085573785,3.220937644239114,5.9895802173703085,0.878042459487915,0.14076471328735352
500,1,42.56000000000001,5.6000000000000005,1,1,1,3,2.8282824798841206,2.5425681225140706,5.100131964273039,0.7125101089477539,0.1348273754119873
500,1,42.56000000000001,5.6000000000000005,1,1,1,4,2.8167607654393487,2.909597977723468,5.536017034606223,0.7492456436157227,0.1275804042816162
500,1,42.56000000000001,5.6000000000000005,1,1,1,5,2.827472022903406,3.021345485534149,5.787035940671669,0.7242803573608398,0.1644582748413086
500,1,42.56000000000001,5.6000000000000005,1,1,1,6,2.828391190452477,3.273890447880955,6.058885070048254,0.7624931335449219,0.12831473350524902
500,1,42.56000000000001,5.6000000000000005,1,1,1,7,2.7301575450734257,2.6559597574787728,4.910674010241585,0.8247640132904053,0.1301438808441162
500,1,42.56000000000001,5.6000000000000005,1,1,1,8,2.827338210482493,2.8551550263290952,5.652058598177847,0.7893927097320557,0.13166236877441406
500,1,42.56000000000001,5.6000000000000005,1,1,1,9,2.828197383592569,2.5255269748890963,5.115742377393205,0.7565577030181885,0.1198587417602539
500,1,42.56000000000001,5.6000000000000005,1,1,1,10,2.8280081249908964,2.5966596170386524,4.984191454728178,0.765207052230835,0.1325981616973877
500,1,42.56000000000001,5.6000000000000005,1,1,1,11,2.822435921218974,2.4935905336440483,5.282662354297873,0.8292396068572998,0.131852388381958
500,1,42.56000000000001,5.6000000000000005,1,1,1,12,2.8283967827638548,3.7571045465665858,6.44290139108327,0.7076668739318848,0.14930391311645508
500,1,42.56000000000001,5.6000000000000005,1,1,1,13,2.824701326712918,2.839617465770228,5.6358912713356,0.6455121040344238,0.14369726181030273
500,1,42.56000000000001,5.6000000000000005,1,1,1,14,2.8283968370737402,2.5791892447991756,5.2591779858426015,0.6899068355560303,0.1525106430053711
500,1,42.56000000000001,5.6000000000000005,1,1,1,15,2.8146849038913513,2.0720946505650937,4.222813123569702,0.77040696144104,0.15327906608581543
500,1,42.56000000000001,5.6000000000000005,1,1,1,16,1.9256855903824313,1.7839597400582945,3.5359966124834745,0.7046964168548584,0.129594087600708
500,1,42.56000000000001,5.6000000000000005,1,1,1,17,2.8284268969924606,3.722132024288419,6.549135209711496,0.7359354496002197,0.1541304588317871
500,1,42.56000000000001,5.6000000000000005,1,1,1,18,2.8278190209168255,2.3122823382315465,4.466639748590781,0.7085556983947754,0.13792705535888672
500,1,42.56000000000001,5.6000000000000005,1,1,1,19,2.8284238178280585,2.9530365497499895,5.17422108606967,0.6713757514953613,0.11037635803222656
500,1,42.56000000000001,5.6000000000000005,1,1,1,20,2.8249716407268832,3.0343878043312134,5.825293893511037,0.7586219310760498,0.16027402877807617
500,1,42.56000000000001,5.6000000000000005,1,1,1,21,2.8263755391219614,3.102686231603367,5.567528582265151,0.705188512802124,0.15510296821594238
500,1,42.56000000000001,5.6000000000000005,1,1,1,22,2.8282608657325508,3.2534775088727965,6.008670060196415,0.781527042388916,0.12770700454711914
500,1,42.56000000000001,5.6000000000000005,1,1,1,23,2.8088841617665317,3.1497972252045345,5.918190928459071,0.6845180988311768,0.13926029205322266
500,1,42.56000000000001,5.6000000000000005,1,1,1,24,2.8282874006015453,4.034671915611199,6.857210381350449,0.8200924396514893,0.1696324348449707
500,1,45.24000000000001,5.800000000000001,1,1,1,0,2.825383959320897,1.8314979367340187,4.109821650179344,0.7066433429718018,0.12626338005065918
500,1,45.24000000000001,5.800000000000001,1,1,1,1,2.73686880582921,3.4810888038637438,6.216098226091209,0.740314245223999,0.15394234657287598
500,1,45.24000000000001,5.800000000000001,1,1,1,2,2.828119703662284,3.514118847141016,6.304710882934987,0.7372264862060547,0.1373603343963623
500,1,45.24000000000001,5.800000000000001,1,1,1,3,2.828416562745356,4.1870157485513,6.8591162773322845,0.7240884304046631,0.14895200729370117
500,1,45.24000000000001,5.800000000000001,1,1,1,4,2.8283353103387525,3.0593229131193174,5.808364306711991,0.8906261920928955,0.153792142868042
500,1,45.24000000000001,5.800000000000001,1,1,1,5,2.827758248331675,2.9340264000391247,5.449562082014806,0.679206371307373,0.14503765106201172
500,1,45.24000000000001,5.800000000000001,1,1,1,6,2.7342237571596715,2.649037577968739,5.137364247907261,0.761929988861084,0.13640308380126953
500,1,45.24000000000001,5.800000000000001,1,1,1,7,2.828384173599976,2.506260159810051,4.817124899164212,0.7141969203948975,0.1375126838684082
500,1,45.24000000000001,5.800000000000001,1,1,1,8,2.802225555043153,2.980039987645772,5.691253799117838,0.7344279289245605,0.1364583969116211
500,1,45.24000000000001,5.800000000000001,1,1,1,9,2.8268718520425216,3.765720826463648,6.356179327726229,0.7589817047119141,0.11556887626647949
500,1,45.24000000000001,5.800000000000001,1,1,1,10,2.828426880315799,4.100464452062339,6.9133815969624095,0.6853950023651123,0.14946985244750977
500,1,45.24000000000001,5.800000000000001,1,1,1,11,2.8283640436605313,3.7789197726430865,6.388549905399077,0.775550127029419,0.12995409965515137
500,1,45.24000000000001,5.800000000000001,1,1,1,12,2.82722928677479,2.705050449944303,5.153194146916023,0.7137320041656494,0.15300846099853516
500,1,45.24000000000001,5.800000000000001,1,1,1,13,2.820391148594265,2.3652671367911218,4.913157601780333,0.8374583721160889,0.1635606288909912
500,1,45.24000000000001,5.800000000000001,1,1,1,14,2.828358877656425,3.1964360146508772,5.978114236094551,0.685063362121582,0.13222718238830566
500,1,45.24000000000001,5.800000000000001,1,1,1,15,2.7557797495142986,2.865164221169105,5.5726443565442825,0.6695849895477295,0.1355571746826172
500,1,45.24000000000001,5.800000000000001,1,1,1,16,2.828427124245553,2.614445569259194,5.163226624904713,0.760174036026001,0.15241527557373047
500,1,45.24000000000001,5.800000000000001,1,1,1,17,2.828424784076252,4.8720344055903695,7.623187538695571,0.7283666133880615,0.1293175220489502
500,1,45.24000000000001,5.800000000000001,1,1,1,18,2.8273635906391386,4.216265990889767,6.987598495845591,0.7694258689880371,0.12148404121398926
500,1,45.24000000000001,5.800000000000001,1,1,1,19,2.827635888545761,2.460644780707618,4.829488587925739,0.7050666809082031,0.11170220375061035
500,1,45.24000000000001,5.800000000000001,1,1,1,20,2.827992772373412,3.6709315427488267,6.353062216466263,0.7245955467224121,0.11229228973388672
500,1,45.24000000000001,5.800000000000001,1,1,1,21,2.8284077785300927,3.3594184289773477,6.171539221435568,0.7760837078094482,0.1154026985168457
500,1,45.24000000000001,5.800000000000001,1,1,1,22,2.82714644405257,3.2967508512366552,6.0977646636331855,0.8002152442932129,0.17899632453918457
500,1,45.24000000000001,5.800000000000001,1,1,1,23,2.82425804099721,3.5333846349480726,6.296297344653064,0.6696453094482422,0.10897016525268555
500,1,45.24000000000001,5.800000000000001,1,1,1,24,2.8284121257980925,3.777040358389573,6.603395722861716,0.6584737300872803,0.1494302749633789
500,1,48.0,6.0,1,1,1,0,2.8284145379891394,3.856014250586213,6.348539502385002,0.7171487808227539,0.10824322700500488
500,1,48.0,6.0,1,1,1,1,2.8282905971031274,3.6102798625184542,6.412026276419725,0.636028528213501,0.1409463882446289
500,1,48.0,6.0,1,1,1,2,2.828401777525919,4.560979193614259,7.2523287496208155,0.776435136795044,0.1444835662841797
500,1,48.0,6.0,1,1,1,3,2.8284265222444196,3.3128208498092513,6.033783789212896,0.6578974723815918,0.11118888854980469
500,1,48.0,6.0,1,1,1,4,2.8274290851290713,4.240849336175834,7.0620368195324215,0.721398115158081,0.13174176216125488
500,1,48.0,6.0,1,1,1,5,2.8284144351485505,2.9852352460330898,5.801572748219769,0.6948010921478271,0.11168551445007324
500,1,48.0,6.0,1,1,1,6,2.8284271186774177,4.236192483951426,7.007312001067316,0.6916024684906006,0.13466525077819824
500,1,48.0,6.0,1,1,1,7,2.8229544646673173,2.9857879798762585,5.6515393737249,0.7725553512573242,0.1551074981689453
500,1,48.0,6.0,1,1,1,8,2.828148687307394,3.1238120272559136,5.690211677679775,0.7460927963256836,0.1360177993774414
500,1,48.0,6.0,1,1,1,9,2.8284151758471507,2.8592228881769888,5.6773051498440354,0.618983268737793,0.1391129493713379
500,1,48.0,6.0,1,1,1,10,2.8284207247911772,3.507398528220252,6.136986414632108,0.6439974308013916,0.12785863876342773
500,1,48.0,6.0,1,1,1,11,2.8173690935345617,3.211072372993463,5.777616661990422,0.6442234516143799,0.09891128540039062
500,1,48.0,6.0,1,1,1,12,2.7946609577884,2.0470471961719388,4.67350710463783,0.7179605960845947,0.14743375778198242
500,1,48.0,6.0,1,1,1,13,2.827976296776855,2.794739777861887,5.622716074638742,0.6465861797332764,0.11567473411560059
500,1,48.0,6.0,1,1,1,14,2.828400212758702,3.7718623956700004,6.556969926707663,0.6112997531890869,0.12438178062438965
500,1,48.0,6.0,1,1,1,15,2.8282887338307674,4.282892741361364,6.747724718878837,0.5899932384490967,0.11335086822509766
500,1,48.0,6.0,1,1,1,16,2.8284112067918508,2.5672012758685745,4.900357149200188,0.6077704429626465,0.1226799488067627
500,1,48.0,6.0,1,1,1,17,2.828424322299571,2.642791609176933,5.328031948230613,0.7441740036010742,0.1426074504852295
500,1,48.0,6.0,1,1,1,18,2.827900837357597,3.514668401580212,5.816868497168356,0.66396164894104,0.1434004306793213
500,1,48.0,6.0,1,1,1,19,2.828426964145423,4.103405104101753,6.740527623375749,0.6697859764099121,0.137833833694458
500,1,48.0,6.0,1,1,1,20,2.828343704992489,3.959018462156641,6.694752973130346,0.615966796875,0.13145041465759277
500,1,48.0,6.0,1,1,1,21,2.826747844873941,3.62456964273789,6.323773232430724,0.6286623477935791,0.1255500316619873
500,1,48.0,6.0,1,1,1,22,2.8284262411725853,3.0857755004120127,5.618481303919225,0.7361114025115967,0.15984082221984863
500,1,48.0,6.0,1,1,1,23,2.827095249277609,3.7643594977880386,6.582012613866905,0.6887266635894775,0.13730168342590332
500,1,48.0,6.0,1,1,1,24,2.8280662682703865,3.688360706499013,6.47911537172029,0.7060155868530273,0.14201807975769043
500,1,50.839999999999996,6.2,1,1,1,0,2.8280557269968747,3.903100111409642,6.532494016505641,0.6476960182189941,0.1412348747253418
500,1,50.839999999999996,6.2,1,1,1,1,2.828426825576439,3.059853242736027,5.635615864363578,0.7123265266418457,0.1199030876159668
500,1,50.839999999999996,6.2,1,1,1,2,2.8278153807244504,3.321411675374427,5.938183470300384,0.8894393444061279,0.16308331489562988
500,1,50.839999999999996,6.2,1,1,1,3,2.8283251069861963,4.570513771169527,7.1346350003284424,0.7367961406707764,0.13562989234924316
500,1,50.839999999999996,6.2,1,1,1,4,2.8283883258048994,3.0432410921618565,5.782694784834776,0.7845304012298584,0.12366771697998047
500,1,50.839999999999996,6.2,1,1,1,5,2.828401983772408,2.951708231110647,5.576056607984921,0.749018669128418,0.12470245361328125
500,1,50.839999999999996,6.2,1,1,1,6,2.8284266001357086,4.497899038349769,7.301533204719652,0.7748792171478271,0.16138124465942383
500,1,50.839999999999996,6.2,1,1,1,7,2.8269299241320343,3.412524246065195,6.182368069841388,0.7593233585357666,0.13223934173583984
500,1,50.839999999999996,6.2,1,1,1,8,2.828385593422989,3.5616134309988174,6.233616758955966,0.7264928817749023,0.14159226417541504
500,1,50.839999999999996,6.2,1,1,1,9,2.828419721306474,2.887863466764903,5.562774340735909,0.7375829219818115,0.14670753479003906
500,1,50.839999999999996,6.2,1,1,1,10,2.828336284638702,3.231967602241726,5.758640768848987,0.7312116622924805,0.14632415771484375
500,1,50.839999999999996,6.2,1,1,1,11,2.82829132407621,3.6667359325596838,6.457006566561956,0.8629171848297119,0.17002344131469727
500,1,50.839999999999996,6.2,1,1,1,12,2.828427064789631,4.28465517794559,7.112417874033783,0.708777666091919,0.11669063568115234
500,1,50.839999999999996,6.2,1,1,1,13,2.828414254085576,4.960955533369235,7.72730732295832,0.7232263088226318,0.13859987258911133
500,1,50.839999999999996,6.2,1,1,1,14,2.828427117813643,3.533983401700384,6.360947269005845,0.6465158462524414,0.13548731803894043
500,1,50.839999999999996,6.2,1,1,1,15,2.828105941507863,3.1794812025486205,5.981558143958875,0.7237889766693115,0.17013859748840332
500,1,50.839999999999996,6.2,1,1,1,16,2.8274290827400668,4.700359785608589,7.144715352059152,0.74928879737854,0.13446712493896484
500,1,50.839999999999996,6.2,1,1,1,17,2.828426128138288,3.9501392122219285,6.403404793681687,0.687237024307251,0.1444225311279297
500,1,50.839999999999996,6.2,1,1,1,18,2.8282640570448017,4.379858020259354,7.141034477078977,0.7530326843261719,0.1355271339416504
500,1,50.839999999999996,6.2,1,1,1,19,2.8249905141146185,3.7604758881815545,6.542758595601417,0.8235652446746826,0.17617106437683105
500,1,50.839999999999996,6.2,1,1,1,20,2.828418324289015,5.922965086053864,8.75134561189718,0.8251018524169922,0.16287684440612793
500,1,50.839999999999996,6.2,1,1,1,21,2.8282623749969207,4.44615805305298,7.263436867377278,0.7392337322235107,0.13510966300964355
500,1,50.839999999999996,6.2,1,1,1,22,2.8283443741510537,3.9125528395662528,6.398597196466783,0.7242708206176758,0.11496710777282715
500,1,50.839999999999996,6.2,1,1,1,23,2.828385882381535,4.460187153525534,7.186462174034517,0.7859559059143066,0.10416555404663086
500,1,50.839999999999996,6.2,1,1,1,24,2.8218647639351317,3.0277379763715464,5.20176813970747,0.8410580158233643,0.15267586708068848
500,1,53.760000000000005,6.4,1,1,1,0,2.828426850524748,3.1848362873065583,5.911814678784879,0.6931781768798828,0.15115094184875488
500,1,53.760000000000005,6.4,1,1,1,1,2.828396020426128,4.192761852527301,7.019246763852248,0.777336835861206,0.13065433502197266
500,1,53.760000000000005,6.4,1,1,1,2,2.8277236638085883,3.6340396526909724,6.461043540582757,0.6984012126922607,0.10835742950439453
500,1,53.760000000000005,6.4,1,1,1,3,2.82827049041063,2.910526351478952,5.7063950540182455,0.7410125732421875,0.14316868782043457
500,1,53.760000000000005,6.4,1,1,1,4,2.8284160130024687,3.653465780512338,6.442326780263453,0.8738296031951904,0.17470908164978027
500,1,53.760000000000005,6.4,1,1,1,5,2.8041730482452376,2.928238178417457,5.732411226662695,0.7060093879699707,0.14866900444030762
500,1,53.760000000000005,6.4,1,1,1,6,2.8283948845272855,3.3038566449446916,6.087491650390296,0.7638287544250488,0.1379716396331787
500,1,53.760000000000005,6.4,1,1,1,7,2.8284260312569898,3.345789445823959,6.057435643270997,0.7275431156158447,0.15936017036437988
500,1,53.760000000000005,6.4,1,1,1,8,2.828098722963575,5.323281141359688,8.019694380574292,0.8237149715423584,0.17774152755737305
500,1,53.760000000000005,6.4,1,1,1,9,2.8282618119153433,4.175365885997283,6.995522607467757,0.7144975662231445,0.15726637840270996
500,1,53.760000000000005,6.4,1,1,1,10,2.827956803692924,3.8462791255611215,6.527268673697667,0.7638735771179199,0.13873720169067383
500,1,53.760000000000005,6.4,1,1,1,11,2.8273496533327585,3.7487102322531047,6.1066034384315895,0.7713706493377686,0.12458086013793945
500,1,53.760000000000005,6.4,1,1,1,12,2.8273740185745266,3.394505263516416,6.187036476340518,0.7101662158966064,0.1527864933013916
500,1,53.760000000000005,6.4,1,1,1,13,2.8281718209119453,3.600359396125268,6.399729472885429,0.7434847354888916,0.11494088172912598
500,1,53.760000000000005,6.4,1,1,1,14,2.8284174707717415,5.193909252303535,7.906258824516495,0.746685266494751,0.1560378074645996
500,1,53.760000000000005,6.4,1,1,1,15,2.8284235249891356,3.9139594621927216,6.741901435667845,0.7445328235626221,0.15421748161315918
500,1,53.760000000000005,6.4,1,1,1,16,2.827935176193154,3.53599581943576,6.2273223121100685,0.696324348449707,0.14481163024902344
500,1,53.760000000000005,6.4,1,1,1,17,2.828419756830981,4.726118800601675,7.5541491658831,0.8051021099090576,0.14821648597717285
500,1,53.760000000000005,6.4,1,1,1,18,2.8270328832877696,2.878310609647082,5.632701925239106,0.7463130950927734,0.13730359077453613
500,1,53.760000000000005,6.4,1,1,1,19,2.8278206732368445,2.9937734410444645,5.452012097763847,0.664649248123169,0.14590191841125488
500,1,53.760000000000005,6.4,1,1,1,20,2.828225315506295,4.281391867594308,7.0641074636963035,0.684218168258667,0.1295607089996338
500,1,53.760000000000005,6.4,1,1,1,21,2.8284034796925535,3.620468892080782,6.439032761340124,0.6963551044464111,0.1503159999847412
500,1,53.760000000000005,6.4,1,1,1,22,2.826734868027044,3.6733117493328282,6.4398004627484084,0.8461871147155762,0.15996789932250977
500,1,53.760000000000005,6.4,1,1,1,23,2.8284260975434536,3.7640210908218164,6.559358042444639,0.7078750133514404,0.12448859214782715
500,1,53.760000000000005,6.4,1,1,1,24,2.8284248090953636,4.12027739634791,6.680036346178406,0.7273850440979004,0.15161800384521484
500,1,56.76000000000001,6.6000000000000005,1,1,1,0,2.8284256108213603,3.7556856853850125,6.571135126924116,0.7473242282867432,0.13013052940368652
500,1,56.76000000000001,6.6000000000000005,1,1,1,1,2.8282584432551054,3.902207232053935,6.669629790417563,0.7923355102539062,0.15551090240478516
500,1,56.76000000000001,6.6000000000000005,1,1,1,2,2.8283716375128964,3.713683862409284,6.394248332523924,0.735457181930542,0.14279413223266602
500,1,56.76000000000001,6.6000000000000005,1,1,1,3,2.8283807121626294,3.4074356445663736,6.183394649476796,0.6976280212402344,0.11305499076843262
500,1,56.76000000000001,6.6000000000000005,1,1,1,4,2.828426786060422,3.7020865509183154,6.368012959743175,0.6922857761383057,0.12223601341247559
500,1,56.76000000000001,6.6000000000000005,1,1,1,5,2.828204349178049,3.244161092098976,6.052414559357484,0.7182061672210693,0.15766024589538574
500,1,56.76000000000001,6.6000000000000005,1,1,1,6,2.8211288125966036,3.3689107530742577,5.89611516399153,0.8260512351989746,0.16518568992614746
500,1,56.76000000000001,6.6000000000000005,1,1,1,7,2.8282284866502154,4.239338537689499,7.0106425255563565,0.6621294021606445,0.13789010047912598
500,1,56.76000000000001,6.6000000000000005,1,1,1,8,2.828420130741927,4.2980161899139,6.747796802481842,0.6229455471038818,0.1358168125152588
500,1,56.76000000000001,6.6000000000000005,1,1,1,9,2.8283696717992197,3.733276437957999,6.519671685656135,0.6486315727233887,0.13667607307434082
500,1,56.76000000000001,6.6000000000000005,1,1,1,10,2.8274468688521717,4.3028943597384375,7.104634196501939,0.626990795135498,0.11216378211975098
500,1,56.76000000000001,6.6000000000000005,1,1,1,11,2.828354985101333,3.797047971047704,6.38701382312553,0.6990816593170166,0.13395452499389648
500,1,56.76000000000001,6.6000000000000005,1,1,1,12,2.8282636174014817,4.246233414787572,7.04645523864276,0.6082899570465088,0.11591219902038574
500,1,56.76000000000001,6.6000000000000005,1,1,1,13,2.8284227294095388,5.090821237186509,7.909862146046098,0.6009750366210938,0.13554024696350098
500,1,56.76000000000001,6.6000000000000005,1,1,1,14,2.828412238056002,3.693549196446666,6.440765425649869,0.5903797149658203,0.1134188175201416
500,1,56.76000000000001,6.6000000000000005,1,1,1,15,2.828281107808086,4.049668583403767,6.871162535663386,0.5997889041900635,0.13402366638183594
500,1,56.76000000000001,6.6000000000000005,1,1,1,16,2.8272314980922104,3.817186369984419,6.438756775074486,0.7449169158935547,0.14901351928710938
500,1,56.76000000000001,6.6000000000000005,1,1,1,17,2.8275741789864806,4.563297245309221,7.376436620663194,0.6245317459106445,0.12338471412658691
500,1,56.76000000000001,6.6000000000000005,1,1,1,18,2.828422927430703,3.7625799686226213,6.550589947080139,0.6405525207519531,0.1267697811126709
500,1,56.76000000000001,6.6000000000000005,1,1,1,19,2.82809702413517,4.337488430381449,6.849333223404722,0.6938450336456299,0.11474037170410156
500,1,56.76000000000001,6.6000000000000005,1,1,1,20,2.828405616214971,3.183678276805565,5.9524653589057515,0.661766767501831,0.11445164680480957
500,1,56.76000000000001,6.6000000000000005,1,1,1,21,2.828376927677995,5.4107637168247775,8.11013243522334,0.7143251895904541,0.14693784713745117
500,1,56.76000000000001,6.6000000000000005,1,1,1,22,2.8282647911889325,4.16960245074609,6.823084379671242,0.6636335849761963,0.11163520812988281
500,1,56.76000000000001,6.6000000000000005,1,1,1,23,2.8284216784140908,5.536644334233665,8.349258614349571,0.6420602798461914,0.13869476318359375
500,1,56.76000000000001,6.6000000000000005,1,1,1,24,2.8282458838036715,3.689600810455838,6.355985153108,0.6674110889434814,0.14507818222045898
500,1,59.84000000000001,6.800000000000001,1,1,1,0,2.8275220086052832,3.66441881458506,6.344745833350325,0.6899495124816895,0.11811089515686035
500,1,59.84000000000001,6.800000000000001,1,1,1,1,2.8281704291446994,3.771412027216546,6.52547221923521,0.7298896312713623,0.14001917839050293
500,1,59.84000000000001,6.800000000000001,1,1,1,2,2.8268594484507554,3.654642818095322,6.479426219961314,0.6955287456512451,0.12058162689208984
500,1,59.84000000000001,6.800000000000001,1,1,1,3,2.828379151793682,3.1098508889626393,5.93460910398904,0.6827938556671143,0.13846135139465332
500,1,59.84000000000001,6.800000000000001,1,1,1,4,2.8280080776682133,4.627195762778644,7.3928215812259435,0.7327728271484375,0.13116812705993652
500,1,59.84000000000001,6.800000000000001,1,1,1,5,2.8282477135213284,3.5711596537244032,5.7979942746366735,0.7379806041717529,0.11759614944458008
500,1,59.84000000000001,6.800000000000001,1,1,1,6,2.828402267380997,3.8206121163769335,6.585842604908512,0.8429155349731445,0.15842294692993164
500,1,59.84000000000001,6.800000000000001,1,1,1,7,2.8282599324387947,4.024360297021168,6.7565599801728595,0.7545979022979736,0.13500761985778809
500,1,59.84000000000001,6.800000000000001,1,1,1,8,2.828423647082411,3.4715824412080045,6.0924849282584645,0.6892707347869873,0.16123580932617188
500,1,59.84000000000001,6.800000000000001,1,1,1,9,2.8283025426585136,4.40976944964757,7.038786496600454,0.7537684440612793,0.13271307945251465
500,1,59.84000000000001,6.800000000000001,1,1,1,10,2.827812566786481,3.66567566515726,6.255807802693183,0.7186384201049805,0.1542983055114746
500,1,59.84000000000001,6.800000000000001,1,1,1,11,2.8283576834661037,4.476036980554044,7.280866991238226,0.7003147602081299,0.15785741806030273
500,1,59.84000000000001,6.800000000000001,1,1,1,12,2.8283486491472782,4.795052652086037,7.590797857158373,0.7437021732330322,0.14918780326843262
500,1,59.84000000000001,6.800000000000001,1,1,1,13,2.828427089274014,4.858829445827375,7.458284044971122,0.7145195007324219,0.15785765647888184
500,1,59.84000000000001,6.800000000000001,1,1,1,14,2.8282078112208335,4.066334983705417,6.817109693163729,0.9560625553131104,0.1712193489074707
500,1,59.84000000000001,6.800000000000001,1,1,1,15,2.8282630915355846,4.185145457304857,7.012259719136067,0.8088223934173584,0.15802431106567383
500,1,59.84000000000001,6.800000000000001,1,1,1,16,2.828421689556396,4.129139485046705,6.44315428250092,0.7409539222717285,0.1339573860168457
500,1,59.84000000000001,6.800000000000001,1,1,1,17,2.8283616189087426,3.6004317425163337,6.417819359492274,0.7444515228271484,0.15847539901733398
500,1,59.84000000000001,6.800000000000001,1,1,1,18,2.8182251672338716,3.0789886288869948,5.879403529637736,0.7388424873352051,0.13948893547058105
500,1,59.84000000000001,6.800000000000001,1,1,1,19,2.8278500605751598,4.017740052978915,6.837042603226481,0.8209109306335449,0.17418885231018066
500,1,59.84000000000001,6.800000000000001,1,1,1,20,2.8284184850872847,3.9200812658990483,6.655454119041103,0.7558672428131104,0.11570572853088379
500,1,59.84000000000001,6.800000000000001,1,1,1,21,2.828406018782665,3.7229054455997295,6.340871253708185,0.7303011417388916,0.11989378929138184
500,1,59.84000000000001,6.800000000000001,1,1,1,22,2.828427083820824,4.1294344203503925,6.955325955384476,0.7435250282287598,0.12955808639526367
500,1,59.84000000000001,6.800000000000001,1,1,1,23,2.8282643733460695,3.40010897784232,6.150625765182952,0.7115700244903564,0.12984991073608398
500,1,59.84000000000001,6.800000000000001,1,1,1,24,2.827988824966777,3.8338428306575003,6.258886538461512,0.7993180751800537,0.14316582679748535
500,1,63.0,7.0,1,1,1,0,2.8283767778650226,3.999360021183713,6.827052577709512,0.7322497367858887,0.13361573219299316
500,1,63.0,7.0,1,1,1,1,2.8284222232509797,3.8154903444577535,6.618004210844608,0.7122347354888916,0.15837740898132324
500,1,63.0,7.0,1,1,1,2,2.828255613712814,3.7644999223241156,6.577280506294374,0.7570760250091553,0.11785292625427246
500,1,63.0,7.0,1,1,1,3,2.828402467246071,4.022922777971976,6.707663011251901,0.8856282234191895,0.16057515144348145
500,1,63.0,7.0,1,1,1,4,2.828416471386018,4.989582991221258,7.800246352060229,0.7472233772277832,0.13617992401123047
500,1,63.0,7.0,1,1,1,5,2.828391387736844,4.39324623054174,7.187780364600694,0.7140359878540039,0.16576051712036133
500,1,63.0,7.0,1,1,1,6,2.828411371574629,4.493926305731464,7.298351303189374,0.7421131134033203,0.13111662864685059
500,1,63.0,7.0,1,1,1,7,2.828416797907409,5.699837523366315,8.142789853144711,0.8514096736907959,0.16994047164916992
500,1,63.0,7.0,1,1,1,8,2.828427114090785,4.680258150693717,6.7024681602611995,0.7935073375701904,0.11320638656616211
500,1,63.0,7.0,1,1,1,9,2.8269510866058676,3.5618919870950174,6.1888012830075905,0.7396223545074463,0.1382884979248047
500,1,63.0,7.0,1,1,1,10,2.828426479351199,3.9393254425872755,6.760867832515178,0.7425568103790283,0.14166021347045898
500,1,63.0,7.0,1,1,1,11,2.82828887841603,4.29780099991182,6.8130988536305015,0.7356176376342773,0.12076663970947266
500,1,63.0,7.0,1,1,1,12,2.8284086151355776,4.3282521786957435,6.708372714584449,0.8084959983825684,0.14466309547424316
500,1,63.0,7.0,1,1,1,13,2.82840901524904,3.7961034537822242,6.489549174843518,0.6834893226623535,0.12187647819519043
500,1,63.0,7.0,1,1,1,14,2.82842631825033,3.9394447479000143,6.619118434591793,0.7199320793151855,0.15544772148132324
500,1,63.0,7.0,1,1,1,15,2.8281352842539276,4.04476427618561,6.835849249691908,0.7319450378417969,0.12215828895568848
500,1,63.0,7.0,1,1,1,16,2.8284263228629696,4.999156010321388,7.726380378477913,0.8547306060791016,0.16354775428771973
500,1,63.0,7.0,1,1,1,17,2.828282445410488,3.6526170369126665,6.480890154379418,0.7326011657714844,0.16611981391906738
500,1,63.0,7.0,1,1,1,18,2.8284056863413727,4.375846806415352,7.199006476745783,0.6744322776794434,0.15602636337280273
500,1,63.0,7.0,1,1,1,19,2.8283637939009822,3.787946666809145,6.585205874529631,0.7328121662139893,0.13236355781555176
500,1,63.0,7.0,1,1,1,20,2.8283911915509874,4.282718838406935,6.974252706026963,0.69759202003479,0.13854169845581055
500,1,63.0,7.0,1,1,1,21,2.8283742737684507,4.283427369888457,6.770779194061805,0.8432602882385254,0.16255950927734375
500,1,63.0,7.0,1,1,1,22,2.8283840430944793,3.8565369298370342,6.43630249350216,0.8529350757598877,0.15920066833496094
500,1,63.0,7.0,1,1,1,23,2.8284190506272053,4.831156211566805,7.658882953570188,0.7435863018035889,0.12150931358337402
500,1,63.0,7.0,1,1,1,24,2.8268477162288685,3.2725836590910857,5.950108274890806,0.7172410488128662,0.11908435821533203
500,1,66.24,7.2,1,1,1,0,2.828424439408102,4.262486166881554,6.784129679952448,0.8592352867126465,0.17867660522460938
500,1,66.24,7.2,1,1,1,1,2.8284024239207497,3.952268025473658,6.778293397191072,0.7024047374725342,0.14581298828125
500,1,66.24,7.2,1,1,1,2,2.8278188398851896,4.819242459062011,7.370520966513675,0.7336342334747314,0.15041494369506836
500,1,66.24,7.2,1,1,1,3,2.8270040512417234,3.5143729256770464,6.1960967709897865,0.729597806930542,0.12905383110046387
500,1,66.24,7.2,1,1,1,4,2.8284241103958854,4.275003769636673,6.8251372964409285,0.7477645874023438,0.16034817695617676
500,1,66.24,7.2,1,1,1,5,2.828333443148463,3.192983451723691,6.003285871263085,0.7248597145080566,0.14494872093200684
500,1,66.24,7.2,1,1,1,6,2.8279879168836652,3.2150581363036355,5.680859098317559,0.6989560127258301,0.15437769889831543
500,1,66.24,7.2,1,1,1,7,2.8284255177766693,3.8934734959226636,6.411715569452255,0.7401862144470215,0.10098981857299805
500,1,66.24,7.2,1,1,1,8,2.8284157522928117,3.5466227263541956,6.369959225729237,0.7019305229187012,0.13915729522705078
500,1,66.24,7.2,1,1,1,9,2.8284071103857555,4.3205827458418575,6.958132581551023,0.8706071376800537,0.1680619716644287
500,1,66.24,7.2,1,1,1,10,2.828222924631114,3.7034883164947767,6.362653106802097,0.7153875827789307,0.12856435775756836
500,1,66.24,7.2,1,1,1,11,2.828424612928715,3.9950123704461933,6.725688144927479,0.7107172012329102,0.14434075355529785
500,1,66.24,7.2,1,1,1,12,2.8281024656670204,4.021284318707697,6.838146744299079,0.7573089599609375,0.13468146324157715
500,1,66.24,7.2,1,1,1,13,2.828351593915313,4.405572090739426,7.219729303583129,0.6850342750549316,0.13856267929077148
500,1,66.24,7.2,1,1,1,14,2.8284141631067703,3.563192514450998,6.391463962452498,0.9164328575134277,0.1518702507019043
500,1,66.24,7.2,1,1,1,15,2.8284193418231203,4.1677639377498386,6.9743514849729245,0.6946790218353271,0.14493346214294434
500,1,66.24,7.2,1,1,1,16,2.8284265607124395,4.350969493796465,7.129171728781318,0.7890455722808838,0.12726783752441406
500,1,66.24,7.2,1,1,1,17,2.8283921448361875,4.178130888058984,6.963724493731878,0.7182590961456299,0.13988542556762695
500,1,66.24,7.2,1,1,1,18,2.828300886038477,3.5279062904655567,6.190820470120906,0.8919069766998291,0.1726233959197998
500,1,66.24,7.2,1,1,1,19,2.828421688081911,4.093601939238986,6.9137298668900335,0.7396104335784912,0.13365411758422852
500,1,66.24,7.2,1,1,1,20,2.8283733579506314,3.9613046062354997,6.771433947128925,0.7376906871795654,0.1512618064880371
500,1,66.24,7.2,1,1,1,21,2.828364223340353,3.815507973187773,6.632777356091377,0.6619925498962402,0.12882304191589355
500,1,66.24,7.2,1,1,1,22,2.827771387228573,4.0404856746138815,6.762791406294603,0.6503682136535645,0.14057111740112305
500,1,66.24,7.2,1,1,1,23,2.82810843679528,3.676341097347592,6.133418027996733,0.7752676010131836,0.1359086036682129
500,1,66.24,7.2,1,1,1,24,2.828408478127445,4.324138232483801,7.001003136114916,0.6242187023162842,0.12232303619384766
500,1,69.56,7.4,1,1,1,0,2.8281858515591316,3.7473223019547475,6.4064822741621335,0.6510539054870605,0.10764813423156738
500,1,69.56,7.4,1,1,1,1,2.8284270402045464,4.9347625923191005,7.306499316091686,0.6510403156280518,0.09759998321533203
500,1,69.56,7.4,1,1,1,2,2.8279568276789786,4.133718518674668,6.949392196477378,0.5758442878723145,0.11764693260192871
500,1,69.56,7.4,1,1,1,3,2.8284180704891115,3.929500534193705,6.614564827918975,0.6620566844940186,0.12302327156066895
500,1,69.56,7.4,1,1,1,4,2.8284270645758585,4.155026626967931,6.766695865279358,0.5565569400787354,0.09158921241760254
500,1,69.56,7.4,1,1,1,5,2.8282910103542416,3.8477338510087464,6.583791622541809,0.574345588684082,0.124237060546875
500,1,69.56,7.4,1,1,1,6,2.827465323424493,4.452823674775307,7.2795010741921935,0.5913450717926025,0.10368752479553223
500,1,69.56,7.4,1,1,1,7,2.828400794293266,4.474255915166605,6.987451181251053,0.614051103591919,0.11987948417663574
500,1,69.56,7.4,1,1,1,8,2.8284267491046,4.451431693090688,7.230373769716328,0.6500732898712158,0.11418294906616211
500,1,69.56,7.4,1,1,1,9,2.8282787779917857,4.375567152196445,6.937977251638191,0.6571164131164551,0.136430025100708
500,1,69.56,7.4,1,1,1,10,2.8283965703835285,4.300574709541673,7.069582514419807,0.6412913799285889,0.14263272285461426
500,1,69.56,7.4,1,1,1,11,2.8280170277931953,3.279783414327397,5.837044474144324,0.6715269088745117,0.1439189910888672
500,1,69.56,7.4,1,1,1,12,2.828385444075017,4.1947367031649465,6.836464356589376,0.679875373840332,0.14427828788757324
500,1,69.56,7.4,1,1,1,13,2.82841618500698,6.414780799189491,9.242995256487458,0.772266149520874,0.12026143074035645
500,1,69.56,7.4,1,1,1,14,2.8283031507579577,3.821462130106984,6.645781972944843,0.7430171966552734,0.1534137725830078
500,1,69.56,7.4,1,1,1,15,2.828385984543255,4.486386019312308,7.3024057346427345,0.6998434066772461,0.11488747596740723
500,1,69.56,7.4,1,1,1,16,2.8282834660243243,5.239136604635213,8.067341496865055,0.7312347888946533,0.14985060691833496
500,1,69.56,7.4,1,1,1,17,2.828401828120001,4.15481889554116,6.934856424674163,0.6962707042694092,0.13092637062072754
500,1,69.56,7.4,1,1,1,18,2.8283797692889494,5.712603814731644,8.51999722477767,0.9158632755279541,0.17231535911560059
500,1,69.56,7.4,1,1,1,19,2.8284169525761613,4.569089948996037,7.396285102349858,0.9596719741821289,0.1495060920715332
500,1,69.56,7.4,1,1,1,20,2.828425300578563,4.723906676784184,7.490403743674033,1.017301082611084,0.1777195930480957
500,1,69.56,7.4,1,1,1,21,2.8283761552293116,3.727398323318927,6.4190125738336565,0.8179731369018555,0.1659846305847168
500,1,69.56,7.4,1,1,1,22,2.828426687188884,3.901226004388938,6.726285268669544,0.7671358585357666,0.1361708641052246
500,1,69.56,7.4,1,1,1,23,2.828427122406638,5.912777755642295,8.734498828978726,0.7311937808990479,0.1499471664428711
500,1,69.56,7.4,1,1,1,24,2.8282181851400865,3.3810027466789565,6.011298306219798,0.8672852516174316,0.18387341499328613
500,1,72.96000000000002,7.6000000000000005,1,1,1,0,2.8270692821623533,3.8740403917997663,6.304919261548626,0.7543513774871826,0.1268467903137207
500,1,72.96000000000002,7.6000000000000005,1,1,1,1,2.828379347529784,4.593330586486596,7.229594487934797,0.816950798034668,0.18486332893371582
500,1,72.96000000000002,7.6000000000000005,1,1,1,2,2.8281159159601734,4.022842072022993,6.830457768301927,0.754453182220459,0.13674688339233398
500,1,72.96000000000002,7.6000000000000005,1,1,1,3,2.828421422555228,4.235082208019181,7.034229736660686,0.6959152221679688,0.1419670581817627
500,1,72.96000000000002,7.6000000000000005,1,1,1,4,2.828031833698723,4.260127777207133,7.046941891501559,0.7510344982147217,0.1214137077331543
500,1,72.96000000000002,7.6000000000000005,1,1,1,5,2.828425673106853,4.31458358193828,6.502258175820451,0.7768504619598389,0.17647337913513184
500,1,72.96000000000002,7.6000000000000005,1,1,1,6,2.828328237577359,3.6170312439518395,6.207558808081158,0.7890534400939941,0.13807201385498047
500,1,72.96000000000002,7.6000000000000005,1,1,1,7,2.8284032601416413,4.610439639375531,7.349012915117928,0.7512869834899902,0.13108587265014648
500,1,72.96000000000002,7.6000000000000005,1,1,1,8,2.8284254865144054,4.2119470316599426,7.017623176356662,0.7916512489318848,0.12597346305847168
500,1,72.96000000000002,7.6000000000000005,1,1,1,9,2.828426570889145,4.106341913971274,6.899571649670543,0.6969447135925293,0.12196207046508789
500,1,72.96000000000002,7.6000000000000005,1,1,1,10,2.828413436225425,5.471094427314014,8.284632993360141,0.8649642467498779,0.16853117942810059
500,1,72.96000000000002,7.6000000000000005,1,1,1,11,2.8283802325227847,4.0715777311456725,6.828464671197211,0.756523847579956,0.12476038932800293
500,1,72.96000000000002,7.6000000000000005,1,1,1,12,2.828401548203207,5.788487605853971,8.584003893261897,0.7513637542724609,0.13995099067687988
500,1,72.96000000000002,7.6000000000000005,1,1,1,13,2.828287429493754,4.873839968798748,7.681847545735774,0.7407863140106201,0.12301301956176758
500,1,72.96000000000002,7.6000000000000005,1,1,1,14,2.8283509134716427,4.49771054839582,7.29526381140641,0.8526864051818848,0.1703200340270996
500,1,72.96000000000002,7.6000000000000005,1,1,1,15,2.8282862027247946,3.931668301466084,6.752267511608015,0.7944130897521973,0.15547943115234375
500,1,72.96000000000002,7.6000000000000005,1,1,1,16,2.828095380949088,3.973257166487021,6.531760999755847,0.7742838859558105,0.15084075927734375
500,1,72.96000000000002,7.6000000000000005,1,1,1,17,2.828223332791578,3.6320948641808717,6.313255542991642,0.7386734485626221,0.10876655578613281
500,1,72.96000000000002,7.6000000000000005,1,1,1,18,2.828136244756433,3.8412069920308656,6.656446781215616,0.7232546806335449,0.15708065032958984
500,1,72.96000000000002,7.6000000000000005,1,1,1,19,2.8284174550097703,4.944535882077032,7.472874740330341,0.7394669055938721,0.15822434425354004
500,1,72.96000000000002,7.6000000000000005,1,1,1,20,2.8284271236594893,3.8300770550892995,6.324438217648474,0.7034826278686523,0.13545989990234375
500,1,72.96000000000002,7.6000000000000005,1,1,1,21,2.828319611959644,3.836228327441223,6.588001239372113,0.733039379119873,0.13655996322631836
500,1,72.96000000000002,7.6000000000000005,1,1,1,22,2.828426370828836,4.0067365475177015,6.265960495923812,0.7377274036407471,0.11639142036437988
500,1,72.96000000000002,7.6000000000000005,1,1,1,23,2.8278233421275503,4.141218573805632,6.722053878680104,0.8788185119628906,0.16622400283813477
500,1,72.96000000000002,7.6000000000000005,1,1,1,24,2.8284018276773875,4.1700998892650025,6.941645989303167,0.7565724849700928,0.12986159324645996
500,1,76.44000000000001,7.800000000000001,1,1,1,0,2.8281683235406905,4.250972856001492,6.960572412546949,0.7414500713348389,0.1642436981201172
500,1,76.44000000000001,7.800000000000001,1,1,1,1,2.8284024691581737,4.675086021113006,7.48747200285417,0.7647032737731934,0.11922383308410645
500,1,76.44000000000001,7.800000000000001,1,1,1,2,2.8284223658233465,4.966157941953188,7.532454737742482,0.6999807357788086,0.15325021743774414
500,1,76.44000000000001,7.800000000000001,1,1,1,3,2.828423801100406,4.623378667886965,6.352748754347089,0.7397427558898926,0.14723896980285645
500,1,76.44000000000001,7.800000000000001,1,1,1,4,2.8284084622460948,3.8855562925622587,6.537743368104508,0.7343614101409912,0.13301897048950195
500,1,76.44000000000001,7.800000000000001,1,1,1,5,2.8283981406535426,3.9181193502035976,6.489313308470876,0.7642409801483154,0.12392997741699219
500,1,76.44000000000001,7.800000000000001,1,1,1,6,2.828373216742338,4.508266133396494,7.254609939550308,0.7079963684082031,0.16299867630004883
500,1,76.44000000000001,7.800000000000001,1,1,1,7,2.82842276144463,3.711451081993488,6.356532389899831,0.9085674285888672,0.16273880004882812
500,1,76.44000000000001,7.800000000000001,1,1,1,8,2.828181749636197,4.047970565374529,6.815820574202524,0.7128756046295166,0.12564659118652344
500,1,76.44000000000001,7.800000000000001,1,1,1,9,2.828395647547729,3.4990228255618283,6.283399455920076,0.7061963081359863,0.12678146362304688
500,1,76.44000000000001,7.800000000000001,1,1,1,10,2.8284049618481286,4.304132792339131,6.671704194657041,0.7669558525085449,0.13562536239624023
500,1,76.44000000000001,7.800000000000001,1,1,1,11,2.8283278486289958,3.750084033421348,6.538922996987699,0.9069793224334717,0.16450238227844238
500,1,76.44000000000001,7.800000000000001,1,1,1,12,2.8283329334332428,3.290858650627416,6.009162166676875,0.7050256729125977,0.1423938274383545
500,1,76.44000000000001,7.800000000000001,1,1,1,13,2.8284258222362078,5.0391057553900795,6.948676265102352,0.7306592464447021,0.13364195823669434
500,1,76.44000000000001,7.800000000000001,1,1,1,14,2.828316617318952,4.483295664787805,7.1833192860726225,0.7339611053466797,0.14128637313842773
500,1,76.44000000000001,7.800000000000001,1,1,1,15,2.828424570687797,3.792154921901228,6.4827785207106885,0.7278554439544678,0.1096811294555664
500,1,76.44000000000001,7.800000000000001,1,1,1,16,2.828149540619641,3.5980425985292546,6.402313252669732,0.8464910984039307,0.15793752670288086
500,1,76.44000000000001,7.800000000000001,1,1,1,17,2.828392205883041,4.29594392293684,7.12364111008393,0.7310314178466797,0.14426136016845703
500,1,76.44000000000001,7.800000000000001,1,1,1,18,2.828375922083551,4.247422855714621,6.6755340408232735,0.6921308040618896,0.10941553115844727
500,1,76.44000000000001,7.800000000000001,1,1,1,19,2.82842711903273,4.491016265378345,7.312686777563255,0.7581644058227539,0.1317141056060791
500,1,76.44000000000001,7.800000000000001,1,1,1,20,2.8281903517470144,4.293375651402957,7.004033147131324,0.7652091979980469,0.16666173934936523
500,1,76.44000000000001,7.800000000000001,1,1,1,21,2.8284139298835687,4.544664618359227,7.298408177220533,0.643157958984375,0.13484716415405273
500,1,76.44000000000001,7.800000000000001,1,1,1,22,2.8283758425962957,4.625550377533827,7.437485386066118,0.6697332859039307,0.13848280906677246
500,1,76.44000000000001,7.800000000000001,1,1,1,23,2.8283944917632167,3.831034862517362,6.531138709995902,0.6616418361663818,0.12763452529907227
500,1,76.44000000000001,7.800000000000001,1,1,1,24,2.8284256400570222,4.606696267048294,7.434640358155857,0.7306396961212158,0.1483607292175293
