n,s1,1_p_s2,s2,beta,q,sqrt_q,rep_no,eigen_mat_rerr,eigen_mat_terr,eigen_mat_gerr,eigen_mat_ev_time,eigen_mat_cal_translation_time
500,1,0.0,0.0,1,1,1,0,0.10528363413675229,0.06359745656604991,0.14709251482095115,0.4701519012451172,0.06559300422668457
500,1,0.0,0.0,1,1,1,1,0.1039097080022734,0.09229269971519126,0.17228324942654497,0.599684476852417,0.1327345371246338
500,1,0.0,0.0,1,1,1,2,0.0991588262124222,0.07052354137905543,0.14835249096181408,0.652045726776123,0.1289668083190918
500,1,0.0,0.0,1,1,1,3,0.10401902860903829,0.07249250021230835,0.17025883027268107,0.6234121322631836,0.11104536056518555
500,1,0.0,0.0,1,1,1,4,0.11729326934744255,0.07138322089664743,0.15773150014699466,0.6137051582336426,0.12014460563659668
500,1,0.0,0.0,1,1,1,5,0.09410322308587091,0.06378256124169267,0.15788578432756356,0.6026949882507324,0.12375783920288086
500,1,0.0,0.0,1,1,1,6,0.10251726669183323,0.07232859340812892,0.16482881743728622,0.6402285099029541,0.11489105224609375
500,1,0.0,0.0,1,1,1,7,0.10367443499512148,0.06880818751010684,0.1497664747252293,0.6279447078704834,0.12589573860168457
500,1,0.0,0.0,1,1,1,8,0.10122035466728428,0.06551664062242583,0.15159638733666808,0.5677957534790039,0.1125335693359375
500,1,0.0,0.0,1,1,1,9,0.10312615885455231,0.06714279105895717,0.15886524033891575,0.6020331382751465,0.11325526237487793
500,1,0.0,0.0,1,1,1,10,0.11730129818612846,0.07564604456444264,0.15952250821076783,0.5993077754974365,0.11600899696350098
500,1,0.0,0.0,1,1,1,11,0.10401751270524416,0.06860389681910535,0.14452201929062247,0.6076657772064209,0.12112784385681152
500,1,0.0,0.0,1,1,1,12,0.12098217088227689,0.07282136217337638,0.16212450635686243,0.7262334823608398,0.11823487281799316
500,1,0.0,0.0,1,1,1,13,0.10230314976307664,0.08136555257672616,0.16550795265247287,0.6027679443359375,0.12838530540466309
500,1,0.0,0.0,1,1,1,14,0.11173585035662549,0.06858686381939944,0.16567676248267676,0.6085436344146729,0.13545775413513184
500,1,0.0,0.0,1,1,1,15,0.10935615156312113,0.06784512135924417,0.1604210082252107,0.6573305130004883,0.1067969799041748
500,1,0.0,0.0,1,1,1,16,0.10966735179616287,0.06616224885850323,0.1491283867546544,0.7961678504943848,0.15729045867919922
500,1,0.0,0.0,1,1,1,17,0.11925827452700408,0.057999585848449914,0.1481931339202504,0.8612873554229736,0.18195366859436035
500,1,0.0,0.0,1,1,1,18,0.11185015101767966,0.06714583237624612,0.16147056199388993,0.97015380859375,0.14252877235412598
500,1,0.0,0.0,1,1,1,19,0.11430512470444179,0.06796388982710527,0.15535339939329024,0.8185849189758301,0.13570070266723633
500,1,0.0,0.0,1,1,1,20,0.10950898290087986,0.06723373454803869,0.14429294486087074,0.7849178314208984,0.15641236305236816
500,1,0.0,0.0,1,1,1,21,0.11864551741821378,0.06792198061946196,0.18077070004670998,0.7035257816314697,0.17583465576171875
500,1,0.0,0.0,1,1,1,22,0.11189423703251235,0.08177363575019302,0.1529938431032513,0.8313026428222656,0.11485981941223145
500,1,0.0,0.0,1,1,1,23,0.10959044116844488,0.06908361537187523,0.1558006507603076,0.9563696384429932,0.1701662540435791
500,1,0.0,0.0,1,1,1,24,0.10176928223739551,0.06658009800835953,0.13901578184794933,0.7713680267333984,0.13457989692687988
500,1,0.1236,0.06,1,1,1,0,0.11785543731317066,0.06961292308703787,0.1558742220017201,0.9110944271087646,0.15479755401611328
500,1,0.1236,0.06,1,1,1,1,0.09824725288771279,0.062477067707122864,0.15047997521430634,0.8752105236053467,0.16337060928344727
500,1,0.1236,0.06,1,1,1,2,0.11623225022170458,0.07698023683133107,0.1697193881307773,0.8671607971191406,0.15350723266601562
500,1,0.1236,0.06,1,1,1,3,0.09866664687037996,0.07187828694314964,0.15745786169643472,0.614720344543457,0.11556744575500488
500,1,0.1236,0.06,1,1,1,4,0.11834693250468517,0.08176284041896932,0.17141866343482154,0.5692205429077148,0.1231849193572998
500,1,0.1236,0.06,1,1,1,5,0.10557083305650927,0.08078030049760358,0.14808371474980903,0.5958249568939209,0.12854599952697754
500,1,0.1236,0.06,1,1,1,6,0.11379226581707044,0.0762203005863596,0.1670029911809383,0.665236234664917,0.14521265029907227
500,1,0.1236,0.06,1,1,1,7,0.12464081727859391,0.06576244569422814,0.17758698657197555,0.6184935569763184,0.12468791007995605
500,1,0.1236,0.06,1,1,1,8,0.11007767894538856,0.0780810896028483,0.1823235023422937,0.6121156215667725,0.10725808143615723
500,1,0.1236,0.06,1,1,1,9,0.09973408015446635,0.07473318382139937,0.15023762163553697,0.6037309169769287,0.12727856636047363
500,1,0.1236,0.06,1,1,1,10,0.11530899169936445,0.06794709463484669,0.18018687460125357,0.773667573928833,0.1749279499053955
500,1,0.1236,0.06,1,1,1,11,0.10776708901762168,0.06661508416848744,0.1576955141776974,0.7079143524169922,0.13707923889160156
500,1,0.1236,0.06,1,1,1,12,0.12325556177871029,0.07020556148574926,0.17427260863198762,0.6235363483428955,0.12708377838134766
500,1,0.1236,0.06,1,1,1,13,0.10703728972859126,0.07821463219365098,0.17102635913036557,0.6271405220031738,0.11568665504455566
500,1,0.1236,0.06,1,1,1,14,0.11580355517136058,0.0680665876984281,0.15650924689906068,0.5946204662322998,0.11301493644714355
500,1,0.1236,0.06,1,1,1,15,0.1057496560804383,0.06975256412860788,0.14514572891889913,0.8116521835327148,0.1547236442565918
500,1,0.1236,0.06,1,1,1,16,0.10074106756442533,0.08008904406113244,0.15276129249178955,0.6052887439727783,0.11103034019470215
500,1,0.1236,0.06,1,1,1,17,0.13717154422028258,0.07638330032336145,0.17832381132885325,0.6107685565948486,0.1740572452545166
500,1,0.1236,0.06,1,1,1,18,0.12495005873328358,0.0714030218775533,0.16327485308526585,0.7563197612762451,0.14203715324401855
500,1,0.1236,0.06,1,1,1,19,0.11474877550066417,0.08084415090231868,0.16118393326653918,0.7196338176727295,0.153977632522583
500,1,0.1236,0.06,1,1,1,20,0.12060717116468428,0.06434992463568658,0.1735456550503609,0.9802112579345703,0.13085317611694336
500,1,0.1236,0.06,1,1,1,21,0.11820507201584948,0.06133867066275901,0.15926693891176757,0.7414672374725342,0.11439871788024902
500,1,0.1236,0.06,1,1,1,22,0.11765115761242825,0.06687263333138778,0.14944797766163814,0.7987990379333496,0.1278822422027588
500,1,0.1236,0.06,1,1,1,23,0.12553404500394563,0.06820158379100225,0.16431304056926163,0.7138597965240479,0.14651155471801758
500,1,0.1236,0.06,1,1,1,24,0.12371664954458356,0.1159986717834345,0.19254344326072004,0.6736838817596436,0.1436457633972168
500,1,0.2544,0.12,1,1,1,0,0.11745264605074393,0.054396579709725376,0.16042137805273726,0.7472305297851562,0.11717462539672852
500,1,0.2544,0.12,1,1,1,1,0.1459004821354196,0.07032299950733051,0.17295796526580717,0.7437255382537842,0.12491703033447266
500,1,0.2544,0.12,1,1,1,2,0.10360009142843987,0.07827024176049334,0.14682831766295654,0.9323012828826904,0.17302966117858887
500,1,0.2544,0.12,1,1,1,3,0.12056271135536283,0.06506637283868111,0.14642166963866127,0.7874021530151367,0.13687610626220703
500,1,0.2544,0.12,1,1,1,4,0.10056106904203409,0.06762779635167886,0.15516139089890602,0.7717292308807373,0.15168404579162598
500,1,0.2544,0.12,1,1,1,5,0.10915292358004235,0.07481845638666852,0.15038124118944302,0.6765167713165283,0.16333866119384766
500,1,0.2544,0.12,1,1,1,6,0.11432945304267206,0.10691308832891895,0.18582939692968126,0.9244117736816406,0.1691141128540039
500,1,0.2544,0.12,1,1,1,7,0.11440215237610836,0.07736142670086828,0.16371156919727675,0.5976245403289795,0.12380838394165039
500,1,0.2544,0.12,1,1,1,8,0.1008930690447819,0.07081516690204566,0.1476150295447059,0.5974218845367432,0.12266778945922852
500,1,0.2544,0.12,1,1,1,9,0.10638660082617775,0.07291033272354212,0.1544529120814226,0.7229108810424805,0.13610482215881348
500,1,0.2544,0.12,1,1,1,10,0.11377895849737679,0.0785982030756657,0.15591379255876872,0.9200954437255859,0.12914800643920898
500,1,0.2544,0.12,1,1,1,11,0.11784338073604274,0.08180099707222488,0.17429851268549168,0.7724282741546631,0.12637710571289062
500,1,0.2544,0.12,1,1,1,12,0.11165194292651438,0.06729541055507653,0.15285323685924657,0.8927972316741943,0.15335369110107422
500,1,0.2544,0.12,1,1,1,13,0.12682217825302097,0.07684876750754756,0.15973726029790952,0.6074085235595703,0.10576295852661133
500,1,0.2544,0.12,1,1,1,14,0.13192213656804874,0.05997421104785873,0.16416382929202736,0.6664342880249023,0.13609933853149414
500,1,0.2544,0.12,1,1,1,15,0.11875866404163916,0.08189555978904829,0.1766193143297132,0.6188867092132568,0.13014864921569824
500,1,0.2544,0.12,1,1,1,16,0.10138638532996369,0.06794238625485509,0.16001064426945147,0.6075191497802734,0.1314697265625
500,1,0.2544,0.12,1,1,1,17,0.09902614495459094,0.07792702736706983,0.14508343810878632,0.5999271869659424,0.1412503719329834
500,1,0.2544,0.12,1,1,1,18,0.11177007547211862,0.0810400492692598,0.17583837155467635,0.6159050464630127,0.13196206092834473
500,1,0.2544,0.12,1,1,1,19,0.1104613458005557,0.07000341747116304,0.16078907075029353,0.6341671943664551,0.12288212776184082
500,1,0.2544,0.12,1,1,1,20,0.09429241518337439,0.06657187233746292,0.15642168442626803,0.6045598983764648,0.11359071731567383
500,1,0.2544,0.12,1,1,1,21,0.11529377819004921,0.0801427212862567,0.15260532886087075,0.6067800521850586,0.11265277862548828
500,1,0.2544,0.12,1,1,1,22,0.09990850106207869,0.08062945654000622,0.16051543285508968,0.5911712646484375,0.11145877838134766
500,1,0.2544,0.12,1,1,1,23,0.11134162363384106,0.06707358497205439,0.16553164639488605,0.5950632095336914,0.11575531959533691
500,1,0.2544,0.12,1,1,1,24,0.09629883702212784,0.06964074642467774,0.1519855219881498,0.6774704456329346,0.12147974967956543
500,1,0.3924,0.18,1,1,1,0,0.1104592643683577,0.06343928874442643,0.16898485147748948,0.6040298938751221,0.12090754508972168
500,1,0.3924,0.18,1,1,1,1,0.11657129868648057,0.07653569505718134,0.1568832258817914,0.5982401371002197,0.11410117149353027
500,1,0.3924,0.18,1,1,1,2,0.1138717003320676,0.06055245951643089,0.15971331486988288,0.5989882946014404,0.11178994178771973
500,1,0.3924,0.18,1,1,1,3,0.10651048125882474,0.07022402475435399,0.15419805730459757,0.5879759788513184,0.12400317192077637
500,1,0.3924,0.18,1,1,1,4,0.11128669338367755,0.0869146418889899,0.19820133527266745,0.7497055530548096,0.14418625831604004
500,1,0.3924,0.18,1,1,1,5,0.10750194873356907,0.07234848508573573,0.15794092279122804,0.5748691558837891,0.12213730812072754
500,1,0.3924,0.18,1,1,1,6,0.1084619275332519,0.0819590227483194,0.1904209502815713,0.7537393569946289,0.1518263816833496
500,1,0.3924,0.18,1,1,1,7,0.1273825838387073,0.08464017096445807,0.17196134021609083,0.5796051025390625,0.11691856384277344
500,1,0.3924,0.18,1,1,1,8,0.13251917735969065,0.1002314138827227,0.187182460732976,0.6056163311004639,0.12379217147827148
500,1,0.3924,0.18,1,1,1,9,0.09696580324757297,0.06365850702942179,0.15491029030001008,0.7156906127929688,0.11118960380554199
500,1,0.3924,0.18,1,1,1,10,0.11437755371056038,0.0683362063880717,0.16468709043632232,0.5836930274963379,0.1107029914855957
500,1,0.3924,0.18,1,1,1,11,0.09962883990345534,0.06047367812313939,0.13578433803727982,0.5720901489257812,0.1252732276916504
500,1,0.3924,0.18,1,1,1,12,0.12721280460566864,0.06711505855327932,0.1484498139278123,0.5826163291931152,0.12262415885925293
500,1,0.3924,0.18,1,1,1,13,0.13092469456109704,0.07713282538622862,0.18033855381101244,0.5957539081573486,0.12183189392089844
500,1,0.3924,0.18,1,1,1,14,0.12410172750722434,0.07170719116111007,0.15735438116286246,0.7682919502258301,0.15128612518310547
500,1,0.3924,0.18,1,1,1,15,0.114847952297832,0.07096622377347371,0.15811314969613469,0.5839231014251709,0.12273955345153809
500,1,0.3924,0.18,1,1,1,16,0.11585088951890365,0.06651446983915883,0.15146301649053262,0.5983271598815918,0.13814663887023926
500,1,0.3924,0.18,1,1,1,17,0.1007922374183608,0.06381198929481953,0.15759940247656196,0.5932626724243164,0.10984539985656738
500,1,0.3924,0.18,1,1,1,18,0.10510162865770445,0.0687467113804944,0.15448736581411518,0.5991935729980469,0.10799860954284668
500,1,0.3924,0.18,1,1,1,19,0.10883501200280558,0.07589179225469513,0.16153525401367103,0.7812960147857666,0.15799736976623535
500,1,0.3924,0.18,1,1,1,20,0.12565423305275503,0.05451606557006511,0.1622650349888018,0.6486983299255371,0.1357719898223877
500,1,0.3924,0.18,1,1,1,21,0.10990579633339109,0.06796875033568511,0.1532284595320984,0.619877815246582,0.12023091316223145
500,1,0.3924,0.18,1,1,1,22,0.1196482057070788,0.06574110555997671,0.17814242242765357,0.6110365390777588,0.13401174545288086
500,1,0.3924,0.18,1,1,1,23,0.1150384769304019,0.07569900895379608,0.19073748588419798,0.5990681648254395,0.11729311943054199
500,1,0.3924,0.18,1,1,1,24,0.09905038125525736,0.063757285618212,0.151309575764388,0.7602403163909912,0.16383886337280273
500,1,0.5376000000000001,0.24,1,1,1,0,0.12129394877743355,0.10217278665066272,0.20629844703216704,0.764976978302002,0.1439962387084961
500,1,0.5376000000000001,0.24,1,1,1,1,0.1333322086366498,0.061840819629269114,0.18536822692997124,0.5823464393615723,0.12643837928771973
500,1,0.5376000000000001,0.24,1,1,1,2,0.11821076256128916,0.07095130676824202,0.15868459917005118,0.5993831157684326,0.13741850852966309
500,1,0.5376000000000001,0.24,1,1,1,3,0.12234811380893776,0.06762575825509241,0.15855233278251812,0.6075460910797119,0.11358475685119629
500,1,0.5376000000000001,0.24,1,1,1,4,0.09830723353101956,0.07799254837183531,0.16521352657700328,0.7398171424865723,0.15119266510009766
500,1,0.5376000000000001,0.24,1,1,1,5,0.1287662113395899,0.080825506689626,0.16182512966759344,0.5934267044067383,0.11339926719665527
500,1,0.5376000000000001,0.24,1,1,1,6,0.11945251169787253,0.07551184055895928,0.1531916219709289,0.6010582447052002,0.10695862770080566
500,1,0.5376000000000001,0.24,1,1,1,7,0.11995873438968715,0.07690846288661196,0.1694410429547936,0.588965892791748,0.12868213653564453
500,1,0.5376000000000001,0.24,1,1,1,8,0.13156137162575407,0.0741692178911966,0.1652312266281642,0.5845706462860107,0.1300516128540039
500,1,0.5376000000000001,0.24,1,1,1,9,0.12975913628172833,0.09169004724912239,0.1867505605968942,0.7696895599365234,0.14869046211242676
500,1,0.5376000000000001,0.24,1,1,1,10,0.12928575656781283,0.06342887052911972,0.15748828466862877,0.588449239730835,0.12009191513061523
500,1,0.5376000000000001,0.24,1,1,1,11,0.11222880022545285,0.07424246024718936,0.16868973324378367,0.5922760963439941,0.12252092361450195
500,1,0.5376000000000001,0.24,1,1,1,12,0.108773743885075,0.07004304880085702,0.16431620596655944,0.6067638397216797,0.12184619903564453
500,1,0.5376000000000001,0.24,1,1,1,13,0.1034860990807387,0.074422318713349,0.1434207693147841,0.6131734848022461,0.12830352783203125
500,1,0.5376000000000001,0.24,1,1,1,14,0.12222166713723281,0.08391951404115405,0.17883714638132905,0.8786609172821045,0.16222286224365234
500,1,0.5376000000000001,0.24,1,1,1,15,0.11343892675704219,0.07918809293875413,0.152845825286414,0.9852230548858643,0.15767502784729004
500,1,0.5376000000000001,0.24,1,1,1,16,0.12896679703923283,0.093131957970785,0.1885744117657318,1.417738676071167,0.2795424461364746
500,1,0.5376000000000001,0.24,1,1,1,17,0.11315612748937771,0.08133964969519372,0.1668230028287272,0.9224278926849365,0.18395233154296875
500,1,0.5376000000000001,0.24,1,1,1,18,0.11620687905034605,0.11967779402890973,0.2049317277377895,1.001777172088623,0.17945551872253418
500,1,0.5376000000000001,0.24,1,1,1,19,0.10710179744017552,0.09000739789928092,0.17814944276620087,1.019432783126831,0.1801013946533203
500,1,0.5376000000000001,0.24,1,1,1,20,0.10980212904034814,0.08368638300263016,0.1566471712214248,1.0276610851287842,0.12525153160095215
500,1,0.5376000000000001,0.24,1,1,1,21,0.12389222950414144,0.08018001292831475,0.18071199239103908,0.9714794158935547,0.16585707664489746
500,1,0.5376000000000001,0.24,1,1,1,22,0.0982020695604694,0.0734998492006878,0.1608940756615106,0.8980250358581543,0.21558094024658203
500,1,0.5376000000000001,0.24,1,1,1,23,0.12080307367469323,0.06615435773798152,0.17776617894829605,0.9929876327514648,0.1927785873413086
500,1,0.5376000000000001,0.24,1,1,1,24,0.13524475482022874,0.0708369152236181,0.16337471540286222,0.9281818866729736,0.1677098274230957
500,1,0.69,0.3,1,1,1,0,0.10688319973158929,0.10041183745136129,0.1941379244101773,1.0593292713165283,0.13797307014465332
500,1,0.69,0.3,1,1,1,1,0.10559687465095444,0.0776744497833115,0.1608899990012861,0.9102237224578857,0.15456914901733398
500,1,0.69,0.3,1,1,1,2,0.11562384675787712,0.07153529982363364,0.160025193795059,0.9514641761779785,0.13819599151611328
500,1,0.69,0.3,1,1,1,3,0.10022186422173561,0.06686968572205425,0.15421489518337686,1.1136727333068848,0.16545653343200684
500,1,0.69,0.3,1,1,1,4,0.11013154448333087,0.08731290048158197,0.16156850138363732,1.038083553314209,0.14004755020141602
500,1,0.69,0.3,1,1,1,5,0.10309566964533264,0.07318504865740032,0.1474506540674363,1.061751127243042,0.17139220237731934
500,1,0.69,0.3,1,1,1,6,0.10442827153451034,0.08172350776575871,0.16216812632721028,0.8720591068267822,0.19750714302062988
500,1,0.69,0.3,1,1,1,7,0.09873951989388635,0.07437414773981017,0.14795079181444065,0.8839478492736816,0.18135905265808105
500,1,0.69,0.3,1,1,1,8,0.11360352802005605,0.08342823569335486,0.1599505997078341,0.8743603229522705,0.13228416442871094
500,1,0.69,0.3,1,1,1,9,0.11648185151004353,0.0933186483050426,0.17738916596726623,0.9341118335723877,0.16331791877746582
500,1,0.69,0.3,1,1,1,10,0.116671507554254,0.06983076818675539,0.18053540922161096,0.9382522106170654,0.2043290138244629
500,1,0.69,0.3,1,1,1,11,0.11531221879183413,0.07029196950314173,0.14810895892524975,0.8220963478088379,0.11316967010498047
500,1,0.69,0.3,1,1,1,12,0.09852526281365521,0.0793915079286956,0.17227265477788545,0.4367246627807617,0.08541417121887207
500,1,0.69,0.3,1,1,1,13,0.11063217776705572,0.07587500700849206,0.16497975861405845,0.5710921287536621,0.11850929260253906
500,1,0.69,0.3,1,1,1,14,0.09668024550653859,0.0960679342455161,0.1612417345752461,0.5892117023468018,0.12843704223632812
500,1,0.69,0.3,1,1,1,15,0.11695421856969984,0.07563931863395183,0.1598097058861897,0.5990767478942871,0.10814690589904785
500,1,0.69,0.3,1,1,1,16,0.1068871699112962,0.08366478853809621,0.1579533228363983,0.5807063579559326,0.126509428024292
500,1,0.69,0.3,1,1,1,17,0.09946229717358528,0.07446859102127615,0.14606381140054558,0.6042895317077637,0.13800287246704102
500,1,0.69,0.3,1,1,1,18,0.11169349875607769,0.08271051095884932,0.14251619861359757,0.8674726486206055,0.15018010139465332
500,1,0.69,0.3,1,1,1,19,0.10053839247871287,0.07697196677678894,0.1574487070660088,0.5844833850860596,0.12056398391723633
500,1,0.69,0.3,1,1,1,20,0.1101468902122024,0.06371028936395876,0.1536579409998281,0.6239297389984131,0.12301206588745117
500,1,0.69,0.3,1,1,1,21,0.09968512370554998,0.07319453331082948,0.16779361104095353,0.5870451927185059,0.12448835372924805
500,1,0.69,0.3,1,1,1,22,0.1110540644335053,0.07438067755548074,0.1602544078689171,0.7495441436767578,0.1577625274658203
500,1,0.69,0.3,1,1,1,23,0.13048169488199868,0.07717844701667943,0.1861490454480177,0.6108667850494385,0.11480164527893066
500,1,0.69,0.3,1,1,1,24,0.11896043884971329,0.07239300077977945,0.14392075761105144,0.6133847236633301,0.10915446281433105
500,1,0.8495999999999999,0.36,1,1,1,0,0.10888946323999522,0.07824010184557122,0.172203354425284,0.5878820419311523,0.11389946937561035
500,1,0.8495999999999999,0.36,1,1,1,1,0.12439807847059357,0.09018112038133383,0.2145791988519274,0.6014373302459717,0.12485909461975098
500,1,0.8495999999999999,0.36,1,1,1,2,0.1089585064416818,0.07914370726796695,0.16971485398024727,0.7678194046020508,0.15316247940063477
500,1,0.8495999999999999,0.36,1,1,1,3,0.10307533376704904,0.07990002668517543,0.14872550447120256,0.6164777278900146,0.12618780136108398
500,1,0.8495999999999999,0.36,1,1,1,4,0.12118215271880355,0.10259562831128122,0.1915855949356099,0.5906257629394531,0.1162104606628418
500,1,0.8495999999999999,0.36,1,1,1,5,0.11401871495476548,0.08910983855483764,0.16883931128201962,0.5780701637268066,0.12386465072631836
500,1,0.8495999999999999,0.36,1,1,1,6,0.10661205640075151,0.07638232683482582,0.17165337674125758,0.5980587005615234,0.11506032943725586
500,1,0.8495999999999999,0.36,1,1,1,7,0.11558058931491684,0.0799487120271399,0.18894537411473558,0.7616939544677734,0.16169095039367676
500,1,0.8495999999999999,0.36,1,1,1,8,0.1142496351146101,0.06750177431851041,0.15105336817867956,0.6134335994720459,0.11282777786254883
500,1,0.8495999999999999,0.36,1,1,1,9,0.10973693143788142,0.07098451558026729,0.178897412462309,0.590456485748291,0.11701154708862305
500,1,0.8495999999999999,0.36,1,1,1,10,0.10292115909344254,0.09618402870270736,0.1647066956075967,0.6105825901031494,0.12834882736206055
500,1,0.8495999999999999,0.36,1,1,1,11,0.11487151158794905,0.08351546144131552,0.16469359282610854,0.6088433265686035,0.13509130477905273
500,1,0.8495999999999999,0.36,1,1,1,12,0.10139699586635977,0.08497503155226499,0.16116497679105435,0.7844562530517578,0.1495656967163086
500,1,0.8495999999999999,0.36,1,1,1,13,0.1204810131445873,0.06765017399849549,0.15301272412552874,0.6297883987426758,0.12794828414916992
500,1,0.8495999999999999,0.36,1,1,1,14,0.09962111905809348,0.07682918742796707,0.1570907097857859,0.6056146621704102,0.12606143951416016
500,1,0.8495999999999999,0.36,1,1,1,15,0.11504455152755164,0.06971817805036386,0.17030399700383642,0.6132667064666748,0.13003039360046387
500,1,0.8495999999999999,0.36,1,1,1,16,0.1086516930226657,0.09861381796924197,0.17222866970570766,0.6118450164794922,0.12780189514160156
500,1,0.8495999999999999,0.36,1,1,1,17,0.12128638726732341,0.08710149698248122,0.17074430217954722,0.7333059310913086,0.11766386032104492
500,1,0.8495999999999999,0.36,1,1,1,18,0.10921035471662338,0.08262027546742211,0.18493436187161472,0.6021389961242676,0.11817240715026855
500,1,0.8495999999999999,0.36,1,1,1,19,0.1331584703369693,0.0889102308560355,0.19186319719491207,0.6205143928527832,0.13024568557739258
500,1,0.8495999999999999,0.36,1,1,1,20,0.12380876445956338,0.0753121479357478,0.17592547059634228,0.6163451671600342,0.11203670501708984
500,1,0.8495999999999999,0.36,1,1,1,21,0.1015154184955992,0.07734317029200592,0.16568211302675928,0.5921695232391357,0.1224050521850586
500,1,0.8495999999999999,0.36,1,1,1,22,0.1265296295671424,0.0744303936189389,0.18399955344213814,0.6370842456817627,0.10882854461669922
500,1,0.8495999999999999,0.36,1,1,1,23,0.11565930828276207,0.0833230096680055,0.18348006739665879,0.5900547504425049,0.12136340141296387
500,1,0.8495999999999999,0.36,1,1,1,24,0.12368788940448408,0.08440801029913379,0.18890403293495805,0.6106512546539307,0.12594366073608398
500,1,1.0164,0.42,1,1,1,0,0.10754207347877494,0.11179251621160101,0.18753533952738938,0.5996661186218262,0.11930561065673828
500,1,1.0164,0.42,1,1,1,1,0.1118459878813332,0.09133364529649389,0.17448967171257498,0.5938475131988525,0.12085700035095215
500,1,1.0164,0.42,1,1,1,2,0.10636394459598167,0.0935512601785809,0.1764979895011506,0.6445977687835693,0.12716388702392578
500,1,1.0164,0.42,1,1,1,3,0.10453956844091382,0.07340674920820865,0.16870517326473472,0.6046452522277832,0.11651611328125
500,1,1.0164,0.42,1,1,1,4,0.10679114049348264,0.07503275655645447,0.16164334848257259,0.7478654384613037,0.13558721542358398
500,1,1.0164,0.42,1,1,1,5,0.10201103673822054,0.09752116217359663,0.18503655247978107,0.6336100101470947,0.11958599090576172
500,1,1.0164,0.42,1,1,1,6,0.11277159970763605,0.07540009577282492,0.16839244434429276,0.7617454528808594,0.16158366203308105
500,1,1.0164,0.42,1,1,1,7,0.12187657074627543,0.08957721586062635,0.19915833024268892,0.5955023765563965,0.10866451263427734
500,1,1.0164,0.42,1,1,1,8,0.11087274412106388,0.08949570541664771,0.19237494954886813,0.6243488788604736,0.13205552101135254
500,1,1.0164,0.42,1,1,1,9,0.10232852886178183,0.08421273906556259,0.16807574796322422,0.6007132530212402,0.11150360107421875
500,1,1.0164,0.42,1,1,1,10,0.12558229754345324,0.09906510652495377,0.18485965089834333,0.6405758857727051,0.1182863712310791
500,1,1.0164,0.42,1,1,1,11,0.12354744630720278,0.09661478229238422,0.1724325257096592,0.7779951095581055,0.17300796508789062
500,1,1.0164,0.42,1,1,1,12,0.11526217488298748,0.12281190784793172,0.2038106752535511,0.6049988269805908,0.12185502052307129
500,1,1.0164,0.42,1,1,1,13,0.1060652147711993,0.08946031664270787,0.16797476536709569,0.6130728721618652,0.1079399585723877
500,1,1.0164,0.42,1,1,1,14,0.11832896490240213,0.08509004592013611,0.1996021737294354,0.5870950222015381,0.1088707447052002
500,1,1.0164,0.42,1,1,1,15,0.10027622533748812,0.11630153189923978,0.18829313882243492,0.6062798500061035,0.12332439422607422
500,1,1.0164,0.42,1,1,1,16,0.11809117133995388,0.06705500724129815,0.1604863491614973,0.859947919845581,0.1591486930847168
500,1,1.0164,0.42,1,1,1,17,0.11211495941740021,0.08796755120430384,0.19170365359298677,0.6163084506988525,0.1387193202972412
500,1,1.0164,0.42,1,1,1,18,0.11569805350361285,0.07634866593135976,0.17429867372261215,0.593048095703125,0.11306929588317871
500,1,1.0164,0.42,1,1,1,19,0.11620230405458737,0.09943344719809076,0.17465234128279442,0.6350553035736084,0.13156461715698242
500,1,1.0164,0.42,1,1,1,20,0.10656110716741359,0.09275507763523669,0.1935840522503152,0.6130526065826416,0.12178540229797363
500,1,1.0164,0.42,1,1,1,21,0.11111405004221116,0.07893103061504611,0.16656332947065458,0.7747232913970947,0.17523479461669922
500,1,1.0164,0.42,1,1,1,22,0.11953687403099586,0.08647699309186889,0.18264720402521464,0.6643946170806885,0.1266801357269287
500,1,1.0164,0.42,1,1,1,23,0.13819491511145804,0.11226976718863667,0.21776405966727452,0.6135671138763428,0.12709450721740723
500,1,1.0164,0.42,1,1,1,24,0.10965927830336729,0.07833871547717537,0.16789501523294473,0.6157448291778564,0.1196129322052002
500,1,1.1904,0.48,1,1,1,0,0.11928766887196474,0.10537875588335933,0.17312346085140323,0.7605745792388916,0.1614701747894287
500,1,1.1904,0.48,1,1,1,1,0.10174470766820447,0.10656426817141025,0.1825830598471365,0.5849385261535645,0.1221158504486084
500,1,1.1904,0.48,1,1,1,2,0.11729867873972073,0.08836437278673161,0.19905735624648127,0.6245102882385254,0.12671351432800293
500,1,1.1904,0.48,1,1,1,3,0.11702613835639808,0.07944141350701847,0.18841565251059314,0.6019206047058105,0.11558914184570312
500,1,1.1904,0.48,1,1,1,4,0.11641496349495796,0.09613670148532226,0.18786683321249809,0.6231865882873535,0.12949752807617188
500,1,1.1904,0.48,1,1,1,5,0.11090400869808915,0.10527231208181251,0.1876869285966014,0.7873716354370117,0.17183709144592285
500,1,1.1904,0.48,1,1,1,6,0.11535266391931237,0.08505534894738971,0.15673253605421955,0.6152443885803223,0.12717461585998535
500,1,1.1904,0.48,1,1,1,7,0.11416235659375674,0.07890087257798584,0.16571913086234485,0.6623320579528809,0.15735864639282227
500,1,1.1904,0.48,1,1,1,8,0.11308774063190219,0.09657784010660343,0.18086296685901349,0.6018567085266113,0.12013363838195801
500,1,1.1904,0.48,1,1,1,9,0.1178098980080678,0.09386149961391851,0.1603793253242993,0.5818638801574707,0.11656546592712402
500,1,1.1904,0.48,1,1,1,10,0.11350098475456065,0.0966910679999825,0.17737753355537517,0.7467703819274902,0.16913938522338867
500,1,1.1904,0.48,1,1,1,11,0.10662244115429606,0.10046907796274211,0.19024442781719914,0.58296799659729,0.1205282211303711
500,1,1.1904,0.48,1,1,1,12,0.10493262644619297,0.0805563731069308,0.17009189720919216,0.5676767826080322,0.13000154495239258
500,1,1.1904,0.48,1,1,1,13,0.1337161135023129,0.15553816654719618,0.2475555877010518,0.6130497455596924,0.11809301376342773
500,1,1.1904,0.48,1,1,1,14,0.10410803286671921,0.08584308974953159,0.16409762735150613,0.585552453994751,0.12435531616210938
500,1,1.1904,0.48,1,1,1,15,0.09748890999756242,0.08104345625979507,0.14989419783770194,0.7982583045959473,0.15695619583129883
500,1,1.1904,0.48,1,1,1,16,0.1316127013989025,0.0858874851223279,0.1851100546601494,0.6197080612182617,0.11797070503234863
500,1,1.1904,0.48,1,1,1,17,0.11017078684802804,0.07839897785613638,0.16235526230610486,0.5698525905609131,0.12391233444213867
500,1,1.1904,0.48,1,1,1,18,0.11300460205413472,0.08011221082033367,0.1875261895004715,0.59716796875,0.10465192794799805
500,1,1.1904,0.48,1,1,1,19,0.12033856800552381,0.08972086004743762,0.19056567588366197,0.6748471260070801,0.15393877029418945
500,1,1.1904,0.48,1,1,1,20,0.10085880298344584,0.07928782246989051,0.16244012584515363,0.604316234588623,0.11479616165161133
500,1,1.1904,0.48,1,1,1,21,0.1072528090984883,0.09623767832637069,0.18301205108466898,0.606837272644043,0.11078548431396484
500,1,1.1904,0.48,1,1,1,22,0.10723566124836902,0.09633578717180567,0.1866025761067602,0.5858776569366455,0.12435126304626465
500,1,1.1904,0.48,1,1,1,23,0.10873153663919857,0.08760267913093128,0.16552153817804044,0.6151409149169922,0.10841131210327148
500,1,1.1904,0.48,1,1,1,24,0.10723060317500688,0.08600331187987131,0.17271937777898733,0.7331855297088623,0.14789342880249023
500,1,1.3716000000000002,0.54,1,1,1,0,0.11808242260319703,0.11707883281320826,0.1999517154607433,0.6003222465515137,0.11662697792053223
500,1,1.3716000000000002,0.54,1,1,1,1,0.11184850037542465,0.10806414120246992,0.19624242595333574,0.6091012954711914,0.11865448951721191
500,1,1.3716000000000002,0.54,1,1,1,2,0.11488085918224727,0.08687577623192079,0.1738569383128092,0.6019322872161865,0.11641955375671387
500,1,1.3716000000000002,0.54,1,1,1,3,0.10120789953807849,0.10493493115961616,0.16764017720168714,0.6255264282226562,0.11986470222473145
500,1,1.3716000000000002,0.54,1,1,1,4,0.12126209167297065,0.1023355524420353,0.1785792155069103,0.7712998390197754,0.15327882766723633
500,1,1.3716000000000002,0.54,1,1,1,5,0.13983003328794238,0.08813431302165017,0.1901573021437375,0.5799589157104492,0.12113666534423828
500,1,1.3716000000000002,0.54,1,1,1,6,0.11156985383421253,0.10986223301720013,0.20096812534997854,0.5807528495788574,0.13381695747375488
500,1,1.3716000000000002,0.54,1,1,1,7,0.10811558021157253,0.08994051756199949,0.17496832242978994,0.604459285736084,0.12988638877868652
500,1,1.3716000000000002,0.54,1,1,1,8,0.11278712248018873,0.08831756985742442,0.18444257457750174,0.6635482311248779,0.1197199821472168
500,1,1.3716000000000002,0.54,1,1,1,9,0.10555339503973774,0.09517005734978189,0.1737980577788818,0.9298586845397949,0.15371298789978027
500,1,1.3716000000000002,0.54,1,1,1,10,0.11313106463106,0.08377261048301629,0.18244612169219573,0.6402804851531982,0.11140656471252441
500,1,1.3716000000000002,0.54,1,1,1,11,0.1180326554860539,0.13563201157927487,0.21648714132984204,0.5806248188018799,0.1193399429321289
500,1,1.3716000000000002,0.54,1,1,1,12,0.1304080972405451,0.10178939645218624,0.2118283276273123,0.5981366634368896,0.11439633369445801
500,1,1.3716000000000002,0.54,1,1,1,13,0.10785246307871245,0.08986912477743773,0.18064763642579795,0.5961911678314209,0.11823463439941406
500,1,1.3716000000000002,0.54,1,1,1,14,0.12304293727276787,0.09731008791642481,0.16662813125679088,0.6368653774261475,0.11710453033447266
500,1,1.3716000000000002,0.54,1,1,1,15,0.10757374940106355,0.11237765897231963,0.20946256463823998,0.6276655197143555,0.1194448471069336
500,1,1.3716000000000002,0.54,1,1,1,16,0.11681739120038169,0.09195798774540802,0.18209143405390582,0.6011195182800293,0.1265254020690918
500,1,1.3716000000000002,0.54,1,1,1,17,0.10407090195287483,0.11847120192730894,0.19236744928026225,0.6014833450317383,0.11191463470458984
500,1,1.3716000000000002,0.54,1,1,1,18,0.12652909142715305,0.0882795228700697,0.1809698306191905,0.5959229469299316,0.12006139755249023
500,1,1.3716000000000002,0.54,1,1,1,19,0.12738491849708303,0.09241908158113063,0.19378679980429867,0.6088380813598633,0.10707306861877441
500,1,1.3716000000000002,0.54,1,1,1,20,0.10921974259911099,0.09186626547245387,0.18253149449149442,0.5774142742156982,0.11481857299804688
500,1,1.3716000000000002,0.54,1,1,1,21,0.12275146605551679,0.08740642061128263,0.1673492946712189,0.5985333919525146,0.12188410758972168
500,1,1.3716000000000002,0.54,1,1,1,22,0.11706566163168487,0.10602199208311486,0.18339320787995217,0.5885190963745117,0.12063217163085938
500,1,1.3716000000000002,0.54,1,1,1,23,0.12095084854779313,0.08497887987535434,0.1744324634106994,0.8086059093475342,0.17392921447753906
500,1,1.3716000000000002,0.54,1,1,1,24,0.11478754074377585,0.10075880110373032,0.1871111749974379,0.6951949596405029,0.14256763458251953
500,1,1.56,0.6,1,1,1,0,0.12537940240957557,0.10367114912010439,0.16469990564129505,0.8223748207092285,0.15561127662658691
500,1,1.56,0.6,1,1,1,1,0.118603966807944,0.10189596696651973,0.19036004199286738,0.7049009799957275,0.12155508995056152
500,1,1.56,0.6,1,1,1,2,0.11053615822455096,0.11120573377350419,0.1893862085252528,0.7630112171173096,0.14687776565551758
500,1,1.56,0.6,1,1,1,3,0.11110890162033939,0.10142968967382732,0.19215983703213668,0.7400689125061035,0.13179302215576172
500,1,1.56,0.6,1,1,1,4,0.1155459309881774,0.1091089776968045,0.17823973518437256,0.7883925437927246,0.13300228118896484
500,1,1.56,0.6,1,1,1,5,0.11185186481474893,0.09710145127764776,0.17919607300824947,0.7394952774047852,0.1270909309387207
500,1,1.56,0.6,1,1,1,6,0.12136296690550849,0.09290928784408477,0.1869370568216162,0.7688813209533691,0.13082337379455566
500,1,1.56,0.6,1,1,1,7,0.12012529433448968,0.08434416004099687,0.1706463216334791,0.699364185333252,0.14570331573486328
500,1,1.56,0.6,1,1,1,8,0.10687579960555678,0.10562377300130135,0.1668273402122486,0.7052416801452637,0.15348052978515625
500,1,1.56,0.6,1,1,1,9,0.12137077772804174,0.10851717724751435,0.19316384435864598,0.8344423770904541,0.14171385765075684
500,1,1.56,0.6,1,1,1,10,0.11970175665006266,0.09188323667728371,0.17313415920085895,0.8615095615386963,0.16018414497375488
500,1,1.56,0.6,1,1,1,11,0.1313652104111866,0.10461599867734127,0.2100142719649078,0.7161307334899902,0.12957358360290527
500,1,1.56,0.6,1,1,1,12,0.11053685084513587,0.09191449501882802,0.16842749436891996,0.7028522491455078,0.1435716152191162
500,1,1.56,0.6,1,1,1,13,0.11295357490208643,0.10834488068899441,0.1966818109230613,0.736706018447876,0.11066341400146484
500,1,1.56,0.6,1,1,1,14,0.1149523271088616,0.09305840129542084,0.16918249010530584,0.691572904586792,0.15721726417541504
500,1,1.56,0.6,1,1,1,15,0.10420661589765921,0.09793967517672403,0.1762600373777965,0.8953883647918701,0.1568601131439209
500,1,1.56,0.6,1,1,1,16,0.11396695789124697,0.09459222051073796,0.1978184006190119,0.7610383033752441,0.12718653678894043
500,1,1.56,0.6,1,1,1,17,0.12640270489347402,0.10835731408451761,0.17585990187322856,0.7642474174499512,0.11161589622497559
500,1,1.56,0.6,1,1,1,18,0.11003828938599007,0.10856740624518893,0.19195264942349122,0.9444065093994141,0.14673709869384766
500,1,1.56,0.6,1,1,1,19,0.12144341778797142,0.10883710374816707,0.21273634247407205,0.7431817054748535,0.14843082427978516
500,1,1.56,0.6,1,1,1,20,0.11438559967217743,0.10524608820365766,0.18600253034904513,0.7048685550689697,0.1333630084991455
500,1,1.56,0.6,1,1,1,21,0.11105804811459599,0.08615418531193794,0.17710949666530068,0.7245621681213379,0.12566447257995605
500,1,1.56,0.6,1,1,1,22,0.10904266571556456,0.09299524480919956,0.16500302376768664,0.7267282009124756,0.14220237731933594
500,1,1.56,0.6,1,1,1,23,0.12101210869806243,0.09976050048216491,0.1912627309924336,0.7444901466369629,0.1143336296081543
500,1,1.56,0.6,1,1,1,24,0.1340339604675292,0.08777172615101327,0.17240903041312097,0.7974767684936523,0.11363697052001953
500,1,1.7555999999999998,0.6599999999999999,1,1,1,0,0.10925794199615044,0.11029314737318745,0.18631173955159674,0.7444753646850586,0.15498566627502441
500,1,1.7555999999999998,0.6599999999999999,1,1,1,1,0.1209223901787263,0.10165162309693336,0.1878718437093569,0.6993231773376465,0.11796832084655762
500,1,1.7555999999999998,0.6599999999999999,1,1,1,2,0.1328440486052525,0.10881905285146345,0.20165750565712637,0.8573760986328125,0.14649558067321777
500,1,1.7555999999999998,0.6599999999999999,1,1,1,3,0.10742840668130078,0.10442146938982809,0.18623174840141526,0.709183931350708,0.1320936679840088
500,1,1.7555999999999998,0.6599999999999999,1,1,1,4,0.11103258955580171,0.09975943803668924,0.175732857820397,0.6753945350646973,0.1353611946105957
500,1,1.7555999999999998,0.6599999999999999,1,1,1,5,0.12445511873539565,0.147359296327048,0.25820197480580837,0.737076997756958,0.11227965354919434
500,1,1.7555999999999998,0.6599999999999999,1,1,1,6,0.11386066457064567,0.10604743152935915,0.1833023121781932,0.8851158618927002,0.16388916969299316
500,1,1.7555999999999998,0.6599999999999999,1,1,1,7,0.11775349541501423,0.10563335786181993,0.18691398791074165,0.6778922080993652,0.13689589500427246
500,1,1.7555999999999998,0.6599999999999999,1,1,1,8,0.10813711217244523,0.11260608183677502,0.1911317074465827,0.691765546798706,0.13674283027648926
500,1,1.7555999999999998,0.6599999999999999,1,1,1,9,0.10826554527259988,0.11493150839489284,0.19216511662804123,0.7085950374603271,0.14002013206481934
500,1,1.7555999999999998,0.6599999999999999,1,1,1,10,0.10509118116484845,0.11492317435515775,0.18526214746344843,0.8721880912780762,0.15423202514648438
500,1,1.7555999999999998,0.6599999999999999,1,1,1,11,0.12860369771905145,0.12972783704575225,0.24358668667110173,0.7394204139709473,0.10178256034851074
500,1,1.7555999999999998,0.6599999999999999,1,1,1,12,0.1072260769789926,0.1064739273960903,0.18063994722439905,0.7962307929992676,0.13503575325012207
500,1,1.7555999999999998,0.6599999999999999,1,1,1,13,0.11011160789580338,0.09403690993101706,0.1726693294347042,0.7427506446838379,0.16037917137145996
500,1,1.7555999999999998,0.6599999999999999,1,1,1,14,0.12595726777024913,0.10870687712900008,0.190390223320334,0.8105568885803223,0.17588329315185547
500,1,1.7555999999999998,0.6599999999999999,1,1,1,15,0.12753655196094224,0.09007310814043239,0.17805595965678428,0.6829707622528076,0.13111543655395508
500,1,1.7555999999999998,0.6599999999999999,1,1,1,16,0.12106575557741572,0.09239733981556379,0.1736589265455945,0.7725672721862793,0.14175724983215332
500,1,1.7555999999999998,0.6599999999999999,1,1,1,17,0.11484956217478885,0.09306419063262854,0.1644178831194899,0.7193009853363037,0.14814376831054688
500,1,1.7555999999999998,0.6599999999999999,1,1,1,18,0.13412617908537758,0.12022313205621357,0.17589462846856976,0.8427598476409912,0.15169119834899902
500,1,1.7555999999999998,0.6599999999999999,1,1,1,19,0.1147899454969207,0.10636588428104449,0.19688197085577225,0.7240347862243652,0.12359929084777832
500,1,1.7555999999999998,0.6599999999999999,1,1,1,20,0.12501850731956818,0.10062320736984737,0.1849945647164004,0.7321858406066895,0.12263822555541992
500,1,1.7555999999999998,0.6599999999999999,1,1,1,21,0.11424696501787147,0.10437020113310842,0.18890907118799743,0.8763904571533203,0.146744966506958
500,1,1.7555999999999998,0.6599999999999999,1,1,1,22,0.12274763929733849,0.10267622078323253,0.18957870266422744,0.8687729835510254,0.16104722023010254
500,1,1.7555999999999998,0.6599999999999999,1,1,1,23,0.12067289215945143,0.09212328800301785,0.18702819317676034,0.7027983665466309,0.128387451171875
500,1,1.7555999999999998,0.6599999999999999,1,1,1,24,0.11360274563133438,0.10527631747834548,0.1925317243766057,0.6839134693145752,0.14697265625
500,1,1.9583999999999997,0.72,1,1,1,0,0.1275102945684082,0.10576343827905292,0.2117972388228132,0.7017471790313721,0.1086127758026123
500,1,1.9583999999999997,0.72,1,1,1,1,0.11618256011900482,0.1263314199401441,0.22169746703921325,0.8479509353637695,0.16163969039916992
500,1,1.9583999999999997,0.72,1,1,1,2,0.1136680562513629,0.10276828660278108,0.19377520544292856,0.7479391098022461,0.13156652450561523
500,1,1.9583999999999997,0.72,1,1,1,3,0.1144898678513772,0.10579268781102935,0.1972314088009591,0.7386410236358643,0.13344287872314453
500,1,1.9583999999999997,0.72,1,1,1,4,0.13178766978935846,0.11586184203440827,0.19111996419416732,0.6998414993286133,0.13463258743286133
500,1,1.9583999999999997,0.72,1,1,1,5,0.11575731836595853,0.12373131349935436,0.2005510039191505,0.7748939990997314,0.16180825233459473
500,1,1.9583999999999997,0.72,1,1,1,6,0.12057171427000653,0.1118841288133838,0.19840899528321768,0.7122244834899902,0.14674139022827148
500,1,1.9583999999999997,0.72,1,1,1,7,0.12512410465490434,0.10982519861758025,0.20838253045210126,0.7142882347106934,0.12968707084655762
500,1,1.9583999999999997,0.72,1,1,1,8,0.1163948278950665,0.12006143131282124,0.20885807045355542,0.6896891593933105,0.14079642295837402
500,1,1.9583999999999997,0.72,1,1,1,9,0.1259737737617463,0.11592009376378713,0.1975237598542649,0.6981079578399658,0.12963032722473145
500,1,1.9583999999999997,0.72,1,1,1,10,0.12159903385558432,0.11673159954592113,0.18958680723390736,0.7944643497467041,0.10964632034301758
500,1,1.9583999999999997,0.72,1,1,1,11,0.12550229466794877,0.13725104823651413,0.19558220957619338,0.7486770153045654,0.12119817733764648
500,1,1.9583999999999997,0.72,1,1,1,12,0.11184775650125592,0.12415310229706734,0.19206212791849267,0.7354879379272461,0.11767268180847168
500,1,1.9583999999999997,0.72,1,1,1,13,0.14172584038636377,0.10391040169155244,0.1919653692151368,0.7581360340118408,0.10217857360839844
500,1,1.9583999999999997,0.72,1,1,1,14,0.13260339860016035,0.10540746462712505,0.19745803459845612,0.7189524173736572,0.15267300605773926
500,1,1.9583999999999997,0.72,1,1,1,15,0.15637369962987527,0.10752011144334848,0.2500131375959453,0.7329246997833252,0.12047719955444336
500,1,1.9583999999999997,0.72,1,1,1,16,0.10739652600995878,0.1149924473062646,0.2002744978737617,0.730783224105835,0.12921404838562012
500,1,1.9583999999999997,0.72,1,1,1,17,0.11123216468756561,0.1441354487097728,0.2198601584867989,0.6927447319030762,0.15474534034729004
500,1,1.9583999999999997,0.72,1,1,1,18,0.13280518402085884,0.12208179767678394,0.19631304566169544,0.8801610469818115,0.1457374095916748
500,1,1.9583999999999997,0.72,1,1,1,19,0.11095001387983291,0.11679618882172771,0.20896055912752715,0.7432835102081299,0.1158745288848877
500,1,1.9583999999999997,0.72,1,1,1,20,0.1315973132036599,0.1385113369777058,0.21720371586326745,0.6907219886779785,0.11427855491638184
500,1,1.9583999999999997,0.72,1,1,1,21,0.11236149707831976,0.11589961356380543,0.18778207180842213,0.7463769912719727,0.12528300285339355
500,1,1.9583999999999997,0.72,1,1,1,22,0.11866254683863538,0.1145806517198573,0.21201516648402707,0.821075439453125,0.167830228805542
500,1,1.9583999999999997,0.72,1,1,1,23,0.11871305990373521,0.12153082219825494,0.203102731329412,0.6613225936889648,0.1411726474761963
500,1,1.9583999999999997,0.72,1,1,1,24,0.12763635430818632,0.10016441836308583,0.20267809594409117,0.7241735458374023,0.11374282836914062
500,1,2.1684,0.78,1,1,1,0,0.13680667838832994,0.10617932791753273,0.18335178248583095,0.6909875869750977,0.14788460731506348
500,1,2.1684,0.78,1,1,1,1,0.12006491922927162,0.13158884848955235,0.21762056430543408,0.7350194454193115,0.1552424430847168
500,1,2.1684,0.78,1,1,1,2,0.1343294189053565,0.1254526797424412,0.22813687534954463,0.9276158809661865,0.16063237190246582
500,1,2.1684,0.78,1,1,1,3,0.11588014730515941,0.12224424684571109,0.21337480012259713,0.7102861404418945,0.12891888618469238
500,1,2.1684,0.78,1,1,1,4,0.1186068712054618,0.10786949608866281,0.19654712284324505,0.6900091171264648,0.1306772232055664
500,1,2.1684,0.78,1,1,1,5,0.1255949916929685,0.12755348642877254,0.20039391300233642,0.7122640609741211,0.16594934463500977
500,1,2.1684,0.78,1,1,1,6,0.131096161286792,0.12183926097456581,0.21707089418083625,0.7641537189483643,0.1635749340057373
500,1,2.1684,0.78,1,1,1,7,0.11843162481552175,0.1138245883089017,0.20174830568035101,0.714374303817749,0.15573740005493164
500,1,2.1684,0.78,1,1,1,8,0.10751248134829267,0.13835261472208082,0.2194406683945403,0.6893377304077148,0.1156003475189209
500,1,2.1684,0.78,1,1,1,9,0.11441626093461843,0.1108347731154506,0.19400445651487863,0.7984774112701416,0.147613525390625
500,1,2.1684,0.78,1,1,1,10,0.11444854839419188,0.11844731819211184,0.2022174503450113,0.6705970764160156,0.14313125610351562
500,1,2.1684,0.78,1,1,1,11,0.11183391710876973,0.1508168463908747,0.23664137303728178,0.7339072227478027,0.1193077564239502
500,1,2.1684,0.78,1,1,1,12,0.1124285237375222,0.11195233852221148,0.17764922455645715,0.7231886386871338,0.17069268226623535
500,1,2.1684,0.78,1,1,1,13,0.12556346532582713,0.12310132832473078,0.2125378305219397,0.6850368976593018,0.11559224128723145
500,1,2.1684,0.78,1,1,1,14,0.12162306951335547,0.16024036811838022,0.24999737677656186,0.8377912044525146,0.14057588577270508
500,1,2.1684,0.78,1,1,1,15,0.12339472077564129,0.1168587267666948,0.21966279265042676,0.7150604724884033,0.13828754425048828
500,1,2.1684,0.78,1,1,1,16,0.12516620874392162,0.122577343036902,0.21127298606272843,0.7209582328796387,0.12452244758605957
500,1,2.1684,0.78,1,1,1,17,0.11074779235344735,0.13120993205302897,0.20248968009320523,0.6996009349822998,0.15421605110168457
500,1,2.1684,0.78,1,1,1,18,0.11083195115027986,0.11481681533279466,0.21361906529181768,0.9664754867553711,0.16225266456604004
500,1,2.1684,0.78,1,1,1,19,0.11484247052494036,0.13433650293070581,0.22104883637786432,0.7285659313201904,0.1545579433441162
500,1,2.1684,0.78,1,1,1,20,0.14063917268101583,0.10130315474008762,0.20900590173521877,0.7326521873474121,0.1351330280303955
500,1,2.1684,0.78,1,1,1,21,0.11092943975822442,0.11984009296444795,0.204197596702625,0.7109544277191162,0.15691733360290527
500,1,2.1684,0.78,1,1,1,22,0.11881439166158797,0.10961411298752288,0.20982343784647195,0.8448565006256104,0.1696176528930664
500,1,2.1684,0.78,1,1,1,23,0.11313993193957497,0.10610484556348262,0.18399651950368634,0.7499263286590576,0.1233973503112793
500,1,2.1684,0.78,1,1,1,24,0.13924350846796332,0.11277491063342193,0.19368602122071743,0.736323356628418,0.15494990348815918
500,1,2.3855999999999997,0.84,1,1,1,0,0.10715823507422628,0.13572200282125169,0.20891016537358642,0.685537576675415,0.13870882987976074
500,1,2.3855999999999997,0.84,1,1,1,1,0.13679983991472486,0.12172937602486714,0.22467160968236355,0.7486369609832764,0.14644360542297363
500,1,2.3855999999999997,0.84,1,1,1,2,0.1035666706229903,0.12492098618141086,0.20843096759221602,0.7484273910522461,0.12274909019470215
500,1,2.3855999999999997,0.84,1,1,1,3,0.1156566087310889,0.09912652569295646,0.1948827803956738,0.7798995971679688,0.11887741088867188
500,1,2.3855999999999997,0.84,1,1,1,4,0.13049959492588156,0.130285724323755,0.21487850160318994,0.7143816947937012,0.1436457633972168
500,1,2.3855999999999997,0.84,1,1,1,5,0.13216993732146967,0.11025815699075278,0.2272270860201545,0.692413330078125,0.16237640380859375
500,1,2.3855999999999997,0.84,1,1,1,6,0.11994044259344487,0.12489393273930698,0.21365842873658453,0.8729546070098877,0.13215923309326172
500,1,2.3855999999999997,0.84,1,1,1,7,0.12026091650817669,0.13001810661795926,0.20356053148907438,0.7444884777069092,0.11840939521789551
500,1,2.3855999999999997,0.84,1,1,1,8,0.12553095978747722,0.13581800577925737,0.21267048399738248,0.7629990577697754,0.14713430404663086
500,1,2.3855999999999997,0.84,1,1,1,9,0.12727546202399972,0.14422462505575684,0.21260740301654976,0.7655673027038574,0.16742658615112305
500,1,2.3855999999999997,0.84,1,1,1,10,0.11358172788720514,0.12192990757823374,0.19447216642387388,0.7614040374755859,0.1282515525817871
500,1,2.3855999999999997,0.84,1,1,1,11,0.13976076873122156,0.11645879109426435,0.19134470134831674,0.7329833507537842,0.1312243938446045
500,1,2.3855999999999997,0.84,1,1,1,12,0.11795206884342153,0.11661685668464954,0.21872213599672133,0.7590861320495605,0.1590261459350586
500,1,2.3855999999999997,0.84,1,1,1,13,0.11380469814053228,0.13678930257677954,0.22595709479649567,0.7522978782653809,0.16595768928527832
500,1,2.3855999999999997,0.84,1,1,1,14,0.10940566891763423,0.11489890906632622,0.19577408737045554,0.7485830783843994,0.1273658275604248
500,1,2.3855999999999997,0.84,1,1,1,15,0.13291416721062108,0.1423620826001649,0.23327849138499981,0.7731168270111084,0.12231040000915527
500,1,2.3855999999999997,0.84,1,1,1,16,0.1140054752212869,0.11188599291532517,0.19722655675739564,0.7557201385498047,0.15205717086791992
500,1,2.3855999999999997,0.84,1,1,1,17,0.1420402409182589,0.13348912901631357,0.20616210652931274,0.6989390850067139,0.12400937080383301
500,1,2.3855999999999997,0.84,1,1,1,18,0.12045499894385917,0.13563239743414865,0.205539548001866,0.8111803531646729,0.11768817901611328
500,1,2.3855999999999997,0.84,1,1,1,19,0.1205327166063148,0.12004173502393266,0.21605388851746915,0.6762821674346924,0.15210509300231934
500,1,2.3855999999999997,0.84,1,1,1,20,0.11979320850514005,0.12729741864153496,0.20215784432968803,0.7425768375396729,0.12274432182312012
500,1,2.3855999999999997,0.84,1,1,1,21,0.1300718519990846,0.11984901064535516,0.2034128168662417,0.7574443817138672,0.12950348854064941
500,1,2.3855999999999997,0.84,1,1,1,22,0.13347681009351575,0.15619184081932044,0.2351934339856815,0.8453679084777832,0.1435859203338623
500,1,2.3855999999999997,0.84,1,1,1,23,0.1258772439746618,0.13775020612417152,0.22242074000413037,0.7164711952209473,0.14682292938232422
500,1,2.3855999999999997,0.84,1,1,1,24,0.13090855768112813,0.12904893356607586,0.21202668875857614,0.7849888801574707,0.12301445007324219
500,1,2.61,0.8999999999999999,1,1,1,0,0.12683458456333824,0.16667917050847977,0.28952575042529477,0.716167688369751,0.1284162998199463
500,1,2.61,0.8999999999999999,1,1,1,1,0.11554244509661289,0.13430448633676112,0.2423837390887369,0.7968854904174805,0.14661049842834473
500,1,2.61,0.8999999999999999,1,1,1,2,0.12023920964777117,0.12935572462167919,0.1893385351633945,0.6942849159240723,0.1733403205871582
500,1,2.61,0.8999999999999999,1,1,1,3,0.12473950643934618,0.13647716996905268,0.22656995461264334,0.7460331916809082,0.12231755256652832
500,1,2.61,0.8999999999999999,1,1,1,4,0.12327178923929599,0.1489098935921613,0.23755350638061198,0.7866048812866211,0.10157442092895508
500,1,2.61,0.8999999999999999,1,1,1,5,0.13650050001149028,0.13295954702108156,0.21489932824547214,0.890805721282959,0.1504063606262207
500,1,2.61,0.8999999999999999,1,1,1,6,0.12421831375268465,0.1458373045806621,0.23585015064005568,0.7126941680908203,0.14589238166809082
500,1,2.61,0.8999999999999999,1,1,1,7,0.13231937138587482,0.13258497002625869,0.21322910031958725,0.7214698791503906,0.1552286148071289
500,1,2.61,0.8999999999999999,1,1,1,8,0.11676952030712319,0.1362254250715889,0.23109078171319425,0.6936690807342529,0.14641833305358887
500,1,2.61,0.8999999999999999,1,1,1,9,0.11907325991021968,0.1411407171772646,0.20484420718090446,0.8799810409545898,0.1533346176147461
500,1,2.61,0.8999999999999999,1,1,1,10,0.12536780189324997,0.12327348506443302,0.2117606835528484,0.7172822952270508,0.1524186134338379
500,1,2.61,0.8999999999999999,1,1,1,11,0.11082196326985556,0.12306821974879141,0.20319159852422775,0.7218053340911865,0.11020541191101074
500,1,2.61,0.8999999999999999,1,1,1,12,0.11701915884796853,0.12085298735989747,0.237872146207866,0.7749755382537842,0.12552905082702637
500,1,2.61,0.8999999999999999,1,1,1,13,0.12115687176222059,0.11843774311187232,0.22100938060475062,0.7248632907867432,0.17235088348388672
500,1,2.61,0.8999999999999999,1,1,1,14,0.1203697480157173,0.15438363102017308,0.22968834103541208,0.8574223518371582,0.16345691680908203
500,1,2.61,0.8999999999999999,1,1,1,15,0.13828702097962955,0.11542458407864048,0.2003556007604067,0.7040321826934814,0.1601552963256836
500,1,2.61,0.8999999999999999,1,1,1,16,0.11956559053234528,0.13593375153715256,0.2171193680417531,0.7628591060638428,0.12564921379089355
500,1,2.61,0.8999999999999999,1,1,1,17,0.11901886879707566,0.12603820381654646,0.23415581423200899,0.7290501594543457,0.1439204216003418
500,1,2.61,0.8999999999999999,1,1,1,18,0.13266905669495072,0.136378606483274,0.23958967233891548,0.7264766693115234,0.1331031322479248
500,1,2.61,0.8999999999999999,1,1,1,19,0.14098419901545722,0.12644844918910622,0.21914426982752272,0.7577664852142334,0.14422821998596191
500,1,2.61,0.8999999999999999,1,1,1,20,0.11028091081953689,0.11648724321884338,0.19288824279128997,0.7438597679138184,0.11862564086914062
500,1,2.61,0.8999999999999999,1,1,1,21,0.13053712863533634,0.1404145293354751,0.22460625969311404,0.7230472564697266,0.151810884475708
500,1,2.61,0.8999999999999999,1,1,1,22,0.11445355831056783,0.13525028731094318,0.19729292507463905,0.8580763339996338,0.16626262664794922
500,1,2.61,0.8999999999999999,1,1,1,23,0.12058760485225385,0.12818474368332844,0.21779213137987424,0.7628414630889893,0.1274123191833496
500,1,2.61,0.8999999999999999,1,1,1,24,0.11852696388879626,0.13305314726523507,0.21173270752987433,0.7492179870605469,0.1166374683380127
500,1,2.8415999999999997,0.96,1,1,1,0,0.11256259827288881,0.1429030755976574,0.2053643270035015,0.7421269416809082,0.155961275100708
500,1,2.8415999999999997,0.96,1,1,1,1,0.13894984864099175,0.14309003586438793,0.21860188754850143,0.8853931427001953,0.173447847366333
500,1,2.8415999999999997,0.96,1,1,1,2,0.11867787008779629,0.13045369928285275,0.20285869725111616,0.7062363624572754,0.15378069877624512
500,1,2.8415999999999997,0.96,1,1,1,3,0.11343921689412015,0.1421443265934952,0.2152124142535436,0.705369234085083,0.1458120346069336
500,1,2.8415999999999997,0.96,1,1,1,4,0.10977666579306414,0.12347862478744417,0.21083755651171537,0.7367701530456543,0.10985612869262695
500,1,2.8415999999999997,0.96,1,1,1,5,0.11487143505022034,0.17391709871410338,0.24237915602306737,0.920889139175415,0.17203998565673828
500,1,2.8415999999999997,0.96,1,1,1,6,0.12139733079956264,0.13213795880260135,0.24936578839808848,0.7153780460357666,0.09938263893127441
500,1,2.8415999999999997,0.96,1,1,1,7,0.13283591361468033,0.1488639139244125,0.20698049928595258,0.7873079776763916,0.1200246810913086
500,1,2.8415999999999997,0.96,1,1,1,8,0.13221989404473528,0.14021351926996098,0.2130704433418773,0.8842933177947998,0.14956331253051758
500,1,2.8415999999999997,0.96,1,1,1,9,0.11565235010258178,0.13390317486463638,0.19304179367596236,0.921705961227417,0.16209101676940918
500,1,2.8415999999999997,0.96,1,1,1,10,0.11650901358845847,0.1381029461894785,0.2256099833195628,0.7164571285247803,0.1486048698425293
500,1,2.8415999999999997,0.96,1,1,1,11,0.14343473398076426,0.1598646972689541,0.24993639043717442,0.7330334186553955,0.12429571151733398
500,1,2.8415999999999997,0.96,1,1,1,12,0.12212441622882839,0.16942792214368857,0.2761069886997054,0.7353684902191162,0.14134740829467773
500,1,2.8415999999999997,0.96,1,1,1,13,0.1350579366651321,0.13269584097799272,0.23021442718851926,0.7993853092193604,0.15221095085144043
500,1,2.8415999999999997,0.96,1,1,1,14,0.11484285285927982,0.1526233014002626,0.21848449685488844,0.7383995056152344,0.128143310546875
500,1,2.8415999999999997,0.96,1,1,1,15,0.12538261188831765,0.13546087838563364,0.23955187277622808,0.7644379138946533,0.12601041793823242
500,1,2.8415999999999997,0.96,1,1,1,16,0.11482196401673156,0.15843857092452485,0.26024128646068745,0.6829159259796143,0.1389620304107666
500,1,2.8415999999999997,0.96,1,1,1,17,0.12506286634610217,0.11992042696418896,0.23938241555834308,0.8761768341064453,0.15057373046875
500,1,2.8415999999999997,0.96,1,1,1,18,0.13728984893452598,0.13759153653359055,0.23258240251890597,0.7527122497558594,0.1474590301513672
500,1,2.8415999999999997,0.96,1,1,1,19,0.11661436941826933,0.13318116375906283,0.19816403362255702,0.7357287406921387,0.16188549995422363
500,1,2.8415999999999997,0.96,1,1,1,20,0.136920348404744,0.1257365102570055,0.2132089063052897,0.7959566116333008,0.16115283966064453
500,1,2.8415999999999997,0.96,1,1,1,21,0.13613308328975096,0.12179763690527115,0.20899907055653777,0.6732451915740967,0.1543874740600586
500,1,2.8415999999999997,0.96,1,1,1,22,0.12599376457546935,0.13814132535418003,0.21954845074774187,0.6230754852294922,0.11219477653503418
500,1,2.8415999999999997,0.96,1,1,1,23,0.1134708949575469,0.13195840210450677,0.22137478127392457,0.6055965423583984,0.11477231979370117
500,1,2.8415999999999997,0.96,1,1,1,24,0.11249312948611734,0.14198442542272968,0.24366562151018661,0.5847132205963135,0.12471723556518555
500,1,3.0804,1.02,1,1,1,0,0.12018337714670922,0.16375110708284354,0.2723758489381743,0.5932774543762207,0.10675382614135742
500,1,3.0804,1.02,1,1,1,1,0.11098074397823594,0.15403998373736158,0.22619571175401113,0.7273802757263184,0.14594268798828125
500,1,3.0804,1.02,1,1,1,2,0.12547865760328397,0.13226273466299496,0.226158844944868,0.6033420562744141,0.10874557495117188
500,1,3.0804,1.02,1,1,1,3,0.13081716893541334,0.14096889889415054,0.2339006334225727,0.5761239528656006,0.1170501708984375
500,1,3.0804,1.02,1,1,1,4,0.1296705579338358,0.12582302936844034,0.21691082582821536,0.6970205307006836,0.15985441207885742
500,1,3.0804,1.02,1,1,1,5,0.12369304298710095,0.1486594362885524,0.23997258612961586,0.6479194164276123,0.12957191467285156
500,1,3.0804,1.02,1,1,1,6,0.14108245453729393,0.15428727193377248,0.24964929756316945,0.7761950492858887,0.16441631317138672
500,1,3.0804,1.02,1,1,1,7,0.13676235709315243,0.17411068746222902,0.31087304455538145,0.6279020309448242,0.11180830001831055
500,1,3.0804,1.02,1,1,1,8,0.14452986882487115,0.15415018620236948,0.22150631489102657,0.6036961078643799,0.12742877006530762
500,1,3.0804,1.02,1,1,1,9,0.12938291902687243,0.1582162689198873,0.21480369811888234,0.6483252048492432,0.12658286094665527
500,1,3.0804,1.02,1,1,1,10,0.12676634379858764,0.15474027933756102,0.25020871867310757,0.5975914001464844,0.11827588081359863
500,1,3.0804,1.02,1,1,1,11,0.1396946393669012,0.12805513972446173,0.22360400923639234,0.7722501754760742,0.15865492820739746
500,1,3.0804,1.02,1,1,1,12,0.12750561503155475,0.14645731071083293,0.23253492929244396,0.6695239543914795,0.12923884391784668
500,1,3.0804,1.02,1,1,1,13,0.14194179471112547,0.12482025242159812,0.24128592955314537,0.803945779800415,0.15357184410095215
500,1,3.0804,1.02,1,1,1,14,0.1254153023208301,0.14972418615947822,0.24026345615012124,0.6163012981414795,0.12924504280090332
500,1,3.0804,1.02,1,1,1,15,0.12218170264489876,0.14633648996768078,0.2332954314957136,0.6624164581298828,0.11483454704284668
500,1,3.0804,1.02,1,1,1,16,0.12007849222346115,0.14329746237968163,0.22554274303021637,0.7428631782531738,0.11740994453430176
500,1,3.0804,1.02,1,1,1,17,0.1733433496225384,0.13542778441645717,0.2905571985941503,0.6225545406341553,0.12630796432495117
500,1,3.0804,1.02,1,1,1,18,0.1305448286140992,0.16113956632125717,0.27011842374025574,0.6200864315032959,0.11433267593383789
500,1,3.0804,1.02,1,1,1,19,0.12051113965270789,0.14068230363774956,0.23430108852782264,0.602398157119751,0.12000536918640137
500,1,3.0804,1.02,1,1,1,20,0.12255680427549623,0.1540763512553422,0.24133022042584326,0.6524672508239746,0.1705331802368164
500,1,3.0804,1.02,1,1,1,21,0.11365576480266484,0.13760032958940746,0.21736737855096455,0.6180062294006348,0.12412619590759277
500,1,3.0804,1.02,1,1,1,22,0.14803104621564353,0.14422016026477946,0.247954047153994,0.691563606262207,0.13370728492736816
500,1,3.0804,1.02,1,1,1,23,0.13198761085040847,0.1488165430847398,0.21703909852489756,0.6134014129638672,0.12467551231384277
500,1,3.0804,1.02,1,1,1,24,0.11858885544718346,0.13059548704854018,0.20376559972457747,0.593632698059082,0.11931943893432617
500,1,3.3264000000000005,1.08,1,1,1,0,0.12524346233622177,0.13909824588955036,0.24144082138929202,0.7582147121429443,0.1807572841644287
500,1,3.3264000000000005,1.08,1,1,1,1,0.14920965169642922,0.1519759715859205,0.27248110075758636,0.5958054065704346,0.12054705619812012
500,1,3.3264000000000005,1.08,1,1,1,2,0.11391287433214636,0.15267726370788182,0.2621512577879897,0.6190018653869629,0.11757469177246094
500,1,3.3264000000000005,1.08,1,1,1,3,0.11838562880226161,0.13742782448834864,0.22715470190050754,0.5984203815460205,0.1085975170135498
500,1,3.3264000000000005,1.08,1,1,1,4,0.12878302682905818,0.1367974773014775,0.23281977452649794,0.5815396308898926,0.12793374061584473
500,1,3.3264000000000005,1.08,1,1,1,5,0.12004474997174487,0.1529475939150487,0.22646037586658385,0.8356413841247559,0.14537906646728516
500,1,3.3264000000000005,1.08,1,1,1,6,0.12628808650461856,0.15235507879378007,0.22375731052820597,0.8688499927520752,0.11632227897644043
500,1,3.3264000000000005,1.08,1,1,1,7,0.11852409088690105,0.1777414470470363,0.28287330573504654,0.6048855781555176,0.14756083488464355
500,1,3.3264000000000005,1.08,1,1,1,8,0.13333873944185057,0.14447550158064768,0.24394954237764133,0.615544319152832,0.12713861465454102
500,1,3.3264000000000005,1.08,1,1,1,9,0.11167485145651096,0.16056866488933327,0.2570510778255726,0.6349582672119141,0.1293330192565918
500,1,3.3264000000000005,1.08,1,1,1,10,0.13088644622788015,0.14788260304872494,0.25846844597811097,0.6150760650634766,0.12177801132202148
500,1,3.3264000000000005,1.08,1,1,1,11,0.13118468384255894,0.14343276551966033,0.24341201782121322,0.5950543880462646,0.12555408477783203
500,1,3.3264000000000005,1.08,1,1,1,12,0.1277852907308684,0.15933321543988826,0.27838003701308456,0.6291408538818359,0.1208953857421875
500,1,3.3264000000000005,1.08,1,1,1,13,0.13265835809749843,0.14114797188087566,0.22406528539292686,0.5952837467193604,0.11254048347473145
500,1,3.3264000000000005,1.08,1,1,1,14,0.13138102747353503,0.15231644914252065,0.22944771825756433,0.6383326053619385,0.1524801254272461
500,1,3.3264000000000005,1.08,1,1,1,15,0.13238468921867833,0.14986003605761022,0.23983715166625275,0.6272177696228027,0.12384438514709473
500,1,3.3264000000000005,1.08,1,1,1,16,0.12860958730177074,0.15816579472060746,0.25013925746896465,0.5972089767456055,0.12417745590209961
500,1,3.3264000000000005,1.08,1,1,1,17,0.132446247700567,0.17309826883628196,0.3000587581996741,0.6071152687072754,0.10964274406433105
500,1,3.3264000000000005,1.08,1,1,1,18,0.12054203823194343,0.15608903238874802,0.2162270732702617,0.5980508327484131,0.12209463119506836
500,1,3.3264000000000005,1.08,1,1,1,19,0.1349624804988783,0.1424101860710021,0.22710236185677646,0.6676919460296631,0.148146390914917
500,1,3.3264000000000005,1.08,1,1,1,20,0.1464943943137092,0.15685486377269972,0.2520679096548727,0.646702766418457,0.11004328727722168
500,1,3.3264000000000005,1.08,1,1,1,21,0.11959686401423077,0.13232132684627562,0.22755935043402903,0.6069579124450684,0.1143195629119873
500,1,3.3264000000000005,1.08,1,1,1,22,0.14168182944841629,0.15607681126521028,0.2537403120342173,0.5961806774139404,0.12193083763122559
500,1,3.3264000000000005,1.08,1,1,1,23,0.12068751608412293,0.1406682382204346,0.26099370925749454,0.6288721561431885,0.12247323989868164
500,1,3.3264000000000005,1.08,1,1,1,24,0.14154753015950738,0.1578724717940094,0.26792090751411424,0.8681468963623047,0.18989109992980957
500,1,3.5795999999999992,1.14,1,1,1,0,0.12536055760235873,0.16676219170995307,0.25053236419424857,0.5740251541137695,0.1215522289276123
500,1,3.5795999999999992,1.14,1,1,1,1,0.12294244141606492,0.17471376571124125,0.2633369171871294,0.6116602420806885,0.1391162872314453
500,1,3.5795999999999992,1.14,1,1,1,2,0.14889500731337432,0.1590236020444972,0.21050544068770843,0.6556606292724609,0.1280345916748047
500,1,3.5795999999999992,1.14,1,1,1,3,0.15104774548914238,0.24658620041045765,0.3561189085317994,0.6097815036773682,0.1152801513671875
500,1,3.5795999999999992,1.14,1,1,1,4,0.11926102787371344,0.14604269856559765,0.22752588338731655,0.7827057838439941,0.1682872772216797
500,1,3.5795999999999992,1.14,1,1,1,5,0.12686817851937982,0.14309403847649932,0.2587709346893755,0.6698896884918213,0.11599540710449219
500,1,3.5795999999999992,1.14,1,1,1,6,0.12765677266033043,0.1453625464103928,0.2537572368626777,0.5866889953613281,0.12154364585876465
500,1,3.5795999999999992,1.14,1,1,1,7,0.12605322076630368,0.15536085458612614,0.24653679114614208,0.6226019859313965,0.10494279861450195
500,1,3.5795999999999992,1.14,1,1,1,8,0.13137422597096446,0.15600601828132304,0.27578230895013645,0.6310162544250488,0.12965178489685059
500,1,3.5795999999999992,1.14,1,1,1,9,0.11846892430588492,0.16492927254061948,0.23182613227976562,0.6849386692047119,0.11738204956054688
500,1,3.5795999999999992,1.14,1,1,1,10,0.14090635841426255,0.14550765972521482,0.24694409964935155,0.5887880325317383,0.12561392784118652
500,1,3.5795999999999992,1.14,1,1,1,11,0.12980645651241243,0.15642923214414997,0.2481421844176866,0.6182167530059814,0.1346273422241211
500,1,3.5795999999999992,1.14,1,1,1,12,0.12467067012757943,0.1454064012356983,0.21377941661337155,0.5906174182891846,0.11872076988220215
500,1,3.5795999999999992,1.14,1,1,1,13,0.1485627908988281,0.15140929860446956,0.23181897215126723,0.6027677059173584,0.13199639320373535
500,1,3.5795999999999992,1.14,1,1,1,14,0.11220698767253522,0.17206058334322,0.23739423078521427,0.6177577972412109,0.11933779716491699
500,1,3.5795999999999992,1.14,1,1,1,15,0.1287407967594669,0.1479165298749743,0.22833877525568763,0.6037948131561279,0.12256264686584473
500,1,3.5795999999999992,1.14,1,1,1,16,0.11938712270301907,0.1665179054275025,0.24337891831211736,0.6366450786590576,0.11611080169677734
500,1,3.5795999999999992,1.14,1,1,1,17,0.16203753010597938,0.1510795111160206,0.23417493253993107,0.799001932144165,0.1597597599029541
500,1,3.5795999999999992,1.14,1,1,1,18,0.12446032000718987,0.15697100059695174,0.25765851735015266,0.7015275955200195,0.15223026275634766
500,1,3.5795999999999992,1.14,1,1,1,19,0.12840153275492405,0.15358691728305163,0.24626800898726417,0.5933802127838135,0.13866662979125977
500,1,3.5795999999999992,1.14,1,1,1,20,0.1244479407862263,0.15355867872642956,0.24875087323268177,0.6178069114685059,0.13445568084716797
500,1,3.5795999999999992,1.14,1,1,1,21,0.14718249142898746,0.14496761620432455,0.25512593117902094,0.5995023250579834,0.11297965049743652
500,1,3.5795999999999992,1.14,1,1,1,22,0.13791559402088524,0.16889644307922294,0.26520453975694663,0.6362614631652832,0.1285257339477539
500,1,3.5795999999999992,1.14,1,1,1,23,0.14241453993774297,0.14311020346522543,0.2501315528702004,0.7411434650421143,0.15130376815795898
500,1,3.5795999999999992,1.14,1,1,1,24,0.13854767455488162,0.14402983982283832,0.23821640835292857,0.587592601776123,0.12157797813415527
500,1,3.84,1.2,1,1,1,0,0.14260351403261592,0.17518784420792946,0.2583838568101572,0.6347877979278564,0.13257384300231934
500,1,3.84,1.2,1,1,1,1,0.12342581297855067,0.1530297112564219,0.2359088005215677,0.9175879955291748,0.15256404876708984
500,1,3.84,1.2,1,1,1,2,0.14164422516885866,0.19584225530302188,0.31663277373240717,0.7677526473999023,0.09986448287963867
500,1,3.84,1.2,1,1,1,3,0.13324892503749233,0.174285952493211,0.2589844528160841,0.8293859958648682,0.10909247398376465
500,1,3.84,1.2,1,1,1,4,0.12486823958853606,0.20822823956115485,0.2970823784926798,0.8303518295288086,0.15883898735046387
500,1,3.84,1.2,1,1,1,5,0.16367554278235433,0.14802539040824697,0.28011883970984053,0.7183916568756104,0.11178350448608398
500,1,3.84,1.2,1,1,1,6,0.1342588141800449,0.1846139784073265,0.30853778324318565,0.7422764301300049,0.12623977661132812
500,1,3.84,1.2,1,1,1,7,0.1372796877310735,0.15021397226909897,0.23043745525386838,0.7471213340759277,0.12909269332885742
500,1,3.84,1.2,1,1,1,8,0.1385479785453378,0.16691952203484917,0.23491071298410485,0.7769601345062256,0.1789264678955078
500,1,3.84,1.2,1,1,1,9,0.12294962335429137,0.18923539741799597,0.2579107544477208,0.7668619155883789,0.10824418067932129
500,1,3.84,1.2,1,1,1,10,0.14010626949676838,0.1562298087856874,0.2513403477426209,0.8073008060455322,0.15215802192687988
500,1,3.84,1.2,1,1,1,11,0.12344807870039025,0.15563880709260142,0.26283863586627043,0.7534573078155518,0.1267988681793213
500,1,3.84,1.2,1,1,1,12,0.13142627655110117,0.18089968971821907,0.28127402994123385,0.6913185119628906,0.11054515838623047
500,1,3.84,1.2,1,1,1,13,0.11624920922687657,0.14438770423139444,0.25391054692583886,0.7972869873046875,0.11908960342407227
500,1,3.84,1.2,1,1,1,14,0.12951206312054556,0.17722949371125057,0.2615411577973228,0.6906533241271973,0.15050292015075684
500,1,3.84,1.2,1,1,1,15,0.13321496725288898,0.16566474813363813,0.25525820725349935,0.6647183895111084,0.1316976547241211
500,1,3.84,1.2,1,1,1,16,0.1282745006467352,0.1597031957941025,0.25620648123653017,0.7504370212554932,0.1300806999206543
500,1,3.84,1.2,1,1,1,17,0.1157556925935871,0.1708581584845867,0.22496370300638097,0.7296237945556641,0.14123296737670898
500,1,3.84,1.2,1,1,1,18,0.1438149100541888,0.17403047260171486,0.28336530523560377,0.7213702201843262,0.10832691192626953
500,1,3.84,1.2,1,1,1,19,0.12535251832440453,0.18784830252962356,0.2707226151311389,0.8718631267547607,0.14278197288513184
500,1,3.84,1.2,1,1,1,20,0.12679126113579628,0.17309310287751611,0.2225066804944259,0.7495410442352295,0.10874342918395996
500,1,3.84,1.2,1,1,1,21,0.12224710686117721,0.16968326942866518,0.2657029776970565,0.7749772071838379,0.15852904319763184
500,1,3.84,1.2,1,1,1,22,0.1498797622406485,0.16311000931355182,0.25518353515907155,0.737565279006958,0.14646697044372559
500,1,3.84,1.2,1,1,1,23,0.1298312759126226,0.19308955741676065,0.3153713528263758,0.8572256565093994,0.15568804740905762
500,1,3.84,1.2,1,1,1,24,0.12776233709090795,0.17689457180775958,0.30465690889866753,0.7809422016143799,0.14548897743225098
500,1,4.1076,1.26,1,1,1,0,0.11119933174131993,0.1678198376143661,0.25202826305612663,0.6932902336120605,0.14295506477355957
500,1,4.1076,1.26,1,1,1,1,0.12019061779908383,0.15536851452538322,0.2573123677130563,0.7391185760498047,0.13892507553100586
500,1,4.1076,1.26,1,1,1,2,0.1327160871381305,0.17166649053011845,0.2911311122215186,0.8932511806488037,0.1581737995147705
500,1,4.1076,1.26,1,1,1,3,0.14327658058731563,0.1528629692016253,0.24611477679735322,0.7112255096435547,0.12267255783081055
500,1,4.1076,1.26,1,1,1,4,0.12927659593257987,0.1993413761880066,0.26736302150247043,0.7569959163665771,0.13019514083862305
500,1,4.1076,1.26,1,1,1,5,0.11709828099559604,0.17833378029272698,0.24908693350207978,0.737415075302124,0.10442328453063965
500,1,4.1076,1.26,1,1,1,6,0.145379680070371,0.17790693695197712,0.25069806774030967,0.9055373668670654,0.15242505073547363
500,1,4.1076,1.26,1,1,1,7,0.1466910231510159,0.23621611499949421,0.3515391596046491,0.7471401691436768,0.12024164199829102
500,1,4.1076,1.26,1,1,1,8,0.13733861047901988,0.19713473727117814,0.2936042308190225,0.692363977432251,0.14585661888122559
500,1,4.1076,1.26,1,1,1,9,0.133402029040007,0.1571525640653911,0.25988179336247447,0.7333776950836182,0.1392683982849121
500,1,4.1076,1.26,1,1,1,10,0.12862505496073207,0.1716480576187505,0.27277285116571937,0.8199753761291504,0.1534886360168457
500,1,4.1076,1.26,1,1,1,11,0.13654083011347098,0.17050993513473856,0.24530880823656653,0.7157320976257324,0.11947965621948242
500,1,4.1076,1.26,1,1,1,12,0.1318391926615193,0.17104211902059804,0.26804910474685584,0.7025222778320312,0.11719965934753418
500,1,4.1076,1.26,1,1,1,13,0.12726598696971353,0.15753423205335476,0.23605134752822937,0.7318675518035889,0.13097929954528809
500,1,4.1076,1.26,1,1,1,14,0.12712075869499145,0.16534650080810145,0.2813717621907226,0.7602219581604004,0.1433401107788086
500,1,4.1076,1.26,1,1,1,15,0.12401454471981947,0.18931950772547224,0.24645336966224224,0.7542099952697754,0.12083935737609863
500,1,4.1076,1.26,1,1,1,16,0.14716356804173505,0.17326915006115604,0.26154013818344674,0.7419452667236328,0.15762853622436523
500,1,4.1076,1.26,1,1,1,17,0.1378602058236426,0.19640147304385028,0.2983459073125496,0.6934502124786377,0.12225031852722168
500,1,4.1076,1.26,1,1,1,18,0.13636568395240978,0.1604531565924365,0.24913147845868142,0.7961437702178955,0.13631582260131836
500,1,4.1076,1.26,1,1,1,19,0.15645905924337758,0.1738110670813574,0.2749594898818083,0.7026782035827637,0.14342284202575684
500,1,4.1076,1.26,1,1,1,20,0.1461811274676209,0.17754149014867407,0.26705402991033245,0.7295866012573242,0.12289214134216309
500,1,4.1076,1.26,1,1,1,21,0.14400229592226937,0.23549406720768126,0.3615608374967386,0.7288775444030762,0.1324315071105957
500,1,4.1076,1.26,1,1,1,22,0.11595501489080118,0.2185659208782848,0.27858530257077385,0.7283749580383301,0.14081430435180664
500,1,4.1076,1.26,1,1,1,23,0.12162921636761442,0.15484397392221008,0.2313192439415062,0.6772284507751465,0.16402506828308105
500,1,4.1076,1.26,1,1,1,24,0.12722769398350675,0.17991785917356376,0.27509591037767034,0.7104520797729492,0.1293013095855713
500,1,4.3824,1.3199999999999998,1,1,1,0,0.131824569406491,0.16337058119980513,0.2803301314543525,0.755164623260498,0.14324140548706055
500,1,4.3824,1.3199999999999998,1,1,1,1,0.13525542308952943,0.215719674668828,0.30159988039029517,0.7463037967681885,0.12317895889282227
500,1,4.3824,1.3199999999999998,1,1,1,2,0.13208292750143732,0.192813692860958,0.26794719881876133,0.7848920822143555,0.15293192863464355
500,1,4.3824,1.3199999999999998,1,1,1,3,0.16909003872874118,0.16944944960781605,0.27843275900643183,0.735567569732666,0.13094091415405273
500,1,4.3824,1.3199999999999998,1,1,1,4,0.12495837003679348,0.16883781328691388,0.23213478112654928,0.7311584949493408,0.1237192153930664
500,1,4.3824,1.3199999999999998,1,1,1,5,0.13459963837554936,0.19472957819474818,0.29933255859536967,0.8207252025604248,0.1304464340209961
500,1,4.3824,1.3199999999999998,1,1,1,6,0.11862801573599101,0.17256722446756734,0.26753332907194116,0.8290860652923584,0.16132736206054688
500,1,4.3824,1.3199999999999998,1,1,1,7,0.13783693759621818,0.19343982197753268,0.32909716533601907,0.6878559589385986,0.16279077529907227
500,1,4.3824,1.3199999999999998,1,1,1,8,0.13347642234388582,0.17223971915124317,0.2761491387530923,0.6863155364990234,0.13545775413513184
500,1,4.3824,1.3199999999999998,1,1,1,9,0.12450965362247626,0.17565053492036792,0.24299583790293816,0.7050583362579346,0.13916683197021484
500,1,4.3824,1.3199999999999998,1,1,1,10,0.13153964123366707,0.1720896084877861,0.24765917099793505,0.7362983226776123,0.10399961471557617
500,1,4.3824,1.3199999999999998,1,1,1,11,0.13592911852698775,0.1822650828796302,0.2811483782252122,0.6762387752532959,0.12805509567260742
500,1,4.3824,1.3199999999999998,1,1,1,12,0.12200605828815253,0.1540743074761147,0.2424696063109248,0.70318603515625,0.13776445388793945
500,1,4.3824,1.3199999999999998,1,1,1,13,0.1345596253501516,0.16784171453795985,0.2599939835892481,0.6939351558685303,0.15357494354248047
500,1,4.3824,1.3199999999999998,1,1,1,14,0.1238797908468493,0.1938009338227749,0.2975412980074433,0.8631758689880371,0.16104578971862793
500,1,4.3824,1.3199999999999998,1,1,1,15,0.13001230009378265,0.18487612822777727,0.26096111289625484,0.697674036026001,0.1269385814666748
500,1,4.3824,1.3199999999999998,1,1,1,16,0.14157247317991525,0.18977777208329083,0.2976600989657842,0.7318239212036133,0.11308908462524414
500,1,4.3824,1.3199999999999998,1,1,1,17,0.12886769803967976,0.19120948483158376,0.3010075543390952,0.7329673767089844,0.1135401725769043
500,1,4.3824,1.3199999999999998,1,1,1,18,0.1478885887337108,0.1905562960169626,0.28375603935687743,0.8606815338134766,0.17040562629699707
500,1,4.3824,1.3199999999999998,1,1,1,19,0.1365294371530399,0.18370368007556073,0.2727533069850365,0.7213354110717773,0.1245417594909668
500,1,4.3824,1.3199999999999998,1,1,1,20,0.13861723690237207,0.18936233019664286,0.2840691597081041,0.8722755908966064,0.14690351486206055
500,1,4.3824,1.3199999999999998,1,1,1,21,0.1273506047445317,0.18066250602030728,0.2625594289259723,0.6838133335113525,0.14684128761291504
500,1,4.3824,1.3199999999999998,1,1,1,22,0.12586373048807648,0.191031248785819,0.2931146702502072,0.7976148128509521,0.15780973434448242
500,1,4.3824,1.3199999999999998,1,1,1,23,0.12980816071951495,0.18155893702573633,0.29296360234378527,0.7498440742492676,0.09567689895629883
500,1,4.3824,1.3199999999999998,1,1,1,24,0.11832074451641847,0.17367676090798012,0.25617344322106717,0.7353284358978271,0.12815308570861816
500,1,4.6644,1.38,1,1,1,0,0.15845753941092885,0.18508416838162084,0.2806834597841076,0.6918580532073975,0.1596662998199463
500,1,4.6644,1.38,1,1,1,1,0.14563008123757598,0.19452565302014163,0.2795519221763341,0.7584095001220703,0.14081215858459473
500,1,4.6644,1.38,1,1,1,2,0.12910183050172677,0.17440829420250667,0.2542116544968528,0.6803915500640869,0.15313053131103516
500,1,4.6644,1.38,1,1,1,3,0.12462204433418285,0.18476049785757284,0.281854068787234,0.733940839767456,0.11500072479248047
500,1,4.6644,1.38,1,1,1,4,0.13046348507527375,0.217673697947388,0.33078979180539164,0.687628984451294,0.1356813907623291
500,1,4.6644,1.38,1,1,1,5,0.1348812240475922,0.20471590648322582,0.2893017173100109,0.6983447074890137,0.14196109771728516
500,1,4.6644,1.38,1,1,1,6,0.13988109520684358,0.1874466933297953,0.265786577233612,0.8383166790008545,0.14110493659973145
500,1,4.6644,1.38,1,1,1,7,0.14047643110375213,0.2072809119049336,0.3058105403886816,0.7396962642669678,0.13211393356323242
500,1,4.6644,1.38,1,1,1,8,0.13365584345504497,0.2047730929185117,0.28947482441159644,0.6951608657836914,0.1677565574645996
500,1,4.6644,1.38,1,1,1,9,0.1375046049690803,0.1817818874686835,0.26117888294579616,0.7241978645324707,0.10475444793701172
500,1,4.6644,1.38,1,1,1,10,0.13953972924863042,0.18332413743411127,0.3084622526104769,0.8247592449188232,0.16634488105773926
500,1,4.6644,1.38,1,1,1,11,0.13438951837457622,0.19766361060920082,0.30084909189139186,0.8079235553741455,0.13028407096862793
500,1,4.6644,1.38,1,1,1,12,0.1474759092172785,0.18625992526108626,0.25738822920181337,0.7319622039794922,0.1216881275177002
500,1,4.6644,1.38,1,1,1,13,0.14547179917609604,0.20770842565791792,0.28115590299428794,0.7191994190216064,0.12755513191223145
500,1,4.6644,1.38,1,1,1,14,0.1380407172311586,0.17659255322129438,0.25708484287064765,0.840263843536377,0.11564517021179199
500,1,4.6644,1.38,1,1,1,15,0.14817009818258198,0.19191412641275254,0.3172059434964517,0.7025365829467773,0.12056970596313477
500,1,4.6644,1.38,1,1,1,16,0.14575510514312637,0.17406194446327614,0.2784681131233565,0.72031569480896,0.13417720794677734
500,1,4.6644,1.38,1,1,1,17,0.136896666389336,0.1810383832240311,0.25567504129825325,0.7098584175109863,0.11166596412658691
500,1,4.6644,1.38,1,1,1,18,0.1319148392065094,0.210945333536386,0.29923704395426065,0.8803682327270508,0.16879916191101074
500,1,4.6644,1.38,1,1,1,19,0.13486477407530625,0.21482294281749495,0.3173728301441394,0.7781682014465332,0.12713241577148438
500,1,4.6644,1.38,1,1,1,20,0.13887012656777525,0.1746121592252557,0.2660613751971337,0.7541325092315674,0.13260221481323242
500,1,4.6644,1.38,1,1,1,21,0.1406266251543613,0.17323927904864894,0.2808358903546846,0.78175950050354,0.11634063720703125
500,1,4.6644,1.38,1,1,1,22,0.1257077386579908,0.17214466827879224,0.275985122279812,0.8759534358978271,0.16539931297302246
500,1,4.6644,1.38,1,1,1,23,0.15604107709306972,0.18755873094932357,0.32245276041938076,0.7043600082397461,0.1695082187652588
500,1,4.6644,1.38,1,1,1,24,0.1334047858334482,0.1763309742177981,0.2785535985050652,0.7142593860626221,0.13922739028930664
500,1,4.9536,1.44,1,1,1,0,0.14323942505706158,0.1876421477530652,0.2814780210248505,0.7159523963928223,0.14663243293762207
500,1,4.9536,1.44,1,1,1,1,0.14318539956640133,0.19273272813229894,0.301051188785473,0.8865017890930176,0.18044734001159668
500,1,4.9536,1.44,1,1,1,2,0.13040785032915767,0.18512582698718516,0.2701106373961224,0.7638149261474609,0.13182878494262695
500,1,4.9536,1.44,1,1,1,3,0.12731075801128286,0.17806692069612773,0.29014979916320344,0.7315042018890381,0.16109919548034668
500,1,4.9536,1.44,1,1,1,4,0.1520760371565952,0.19767541827313193,0.2739665779113498,0.7375147342681885,0.09212636947631836
500,1,4.9536,1.44,1,1,1,5,0.13134047611814204,0.1760143180341006,0.2658116289618444,0.770226001739502,0.15807652473449707
500,1,4.9536,1.44,1,1,1,6,0.15030558372775032,0.24256326845810766,0.38022231812985874,0.755535364151001,0.1619243621826172
500,1,4.9536,1.44,1,1,1,7,0.14023402714831223,0.1879212694667149,0.2996070731114595,0.7543282508850098,0.13672661781311035
500,1,4.9536,1.44,1,1,1,8,0.1392859706057148,0.21572419361501585,0.31491583414739177,0.7364501953125,0.12028360366821289
500,1,4.9536,1.44,1,1,1,9,0.14418521979426877,0.17687781796467172,0.2439914485441435,0.8184244632720947,0.15280723571777344
500,1,4.9536,1.44,1,1,1,10,0.12635258134143612,0.16405145910859256,0.25291894651904245,0.7763102054595947,0.1175539493560791
500,1,4.9536,1.44,1,1,1,11,0.13036687008821968,0.2481575238684712,0.3550640013259214,0.7092931270599365,0.12401700019836426
500,1,4.9536,1.44,1,1,1,12,0.1440469213733298,0.23726005805104108,0.35070011441985666,0.750117301940918,0.13226985931396484
500,1,4.9536,1.44,1,1,1,13,0.13944531125618637,0.18028813957506906,0.25600118364618696,0.7306356430053711,0.13097143173217773
500,1,4.9536,1.44,1,1,1,14,0.13864937271935662,0.1922338470324649,0.28509784250728004,0.8702945709228516,0.17450737953186035
500,1,4.9536,1.44,1,1,1,15,0.14238194564259635,0.1786510324932692,0.2737514275454851,0.7155778408050537,0.15008187294006348
500,1,4.9536,1.44,1,1,1,16,0.13068560367409793,0.19265861617392555,0.28438366198479664,0.7007949352264404,0.10880303382873535
500,1,4.9536,1.44,1,1,1,17,0.15376048157940572,0.17154579239572154,0.26960733416781035,0.7913403511047363,0.15692734718322754
500,1,4.9536,1.44,1,1,1,18,0.14414943799104268,0.2009454445018849,0.3060430202842044,0.8436717987060547,0.1456775665283203
500,1,4.9536,1.44,1,1,1,19,0.13466926923653505,0.20073904047400778,0.29317089467922336,0.709399938583374,0.15286779403686523
500,1,4.9536,1.44,1,1,1,20,0.15975559054896232,0.2012914453849683,0.29498015506096265,0.7493851184844971,0.1432349681854248
500,1,4.9536,1.44,1,1,1,21,0.16032850579334332,0.20113580984131954,0.3031463836616073,0.7157626152038574,0.14854192733764648
500,1,4.9536,1.44,1,1,1,22,0.1393485431991991,0.1773045813545417,0.29002556880093905,0.8595960140228271,0.16959381103515625
500,1,4.9536,1.44,1,1,1,23,0.1488554863132067,0.19979964903376118,0.29507635311516295,0.6642978191375732,0.12921500205993652
500,1,4.9536,1.44,1,1,1,24,0.12516971655098588,0.20184894660781355,0.2647170475217305,0.6836669445037842,0.14268207550048828
500,1,5.25,1.5,1,1,1,0,0.13221088282039056,0.19695871848838117,0.29384295936592775,0.7526280879974365,0.13691186904907227
500,1,5.25,1.5,1,1,1,1,0.14508132554561057,0.2146495069587026,0.3084843640870461,0.7784004211425781,0.15791821479797363
500,1,5.25,1.5,1,1,1,2,0.159663635566274,0.19917944198005633,0.291083743902138,0.8110404014587402,0.14000964164733887
500,1,5.25,1.5,1,1,1,3,0.13844251360194193,0.19205986588578808,0.3136383914225995,0.7450227737426758,0.1050882339477539
500,1,5.25,1.5,1,1,1,4,0.14204158565736774,0.2403044998231579,0.33741793365930306,0.6748857498168945,0.1488022804260254
500,1,5.25,1.5,1,1,1,5,0.14473846290094855,0.19238366213521416,0.29498313078009397,0.7095272541046143,0.12935614585876465
500,1,5.25,1.5,1,1,1,6,0.15853211883776824,0.1818705393520212,0.26296283549099686,0.7324950695037842,0.15012168884277344
500,1,5.25,1.5,1,1,1,7,0.16607654227160187,0.20737868520723568,0.3081853371419744,0.8407981395721436,0.15781641006469727
500,1,5.25,1.5,1,1,1,8,0.1345969025423864,0.2013056752038391,0.2751224649744195,0.7422590255737305,0.13872146606445312
500,1,5.25,1.5,1,1,1,9,0.15722573739893916,0.23027672987375128,0.3209392688066812,0.8176679611206055,0.1480569839477539
500,1,5.25,1.5,1,1,1,10,0.14484380484182915,0.18231953454138655,0.27526095963227937,0.6987268924713135,0.13932132720947266
500,1,5.25,1.5,1,1,1,11,0.13175705266041116,0.2001911961596058,0.3019003705461608,0.7482662200927734,0.14551162719726562
500,1,5.25,1.5,1,1,1,12,0.1698773150299792,0.20621446666383544,0.35089480789322886,0.7391009330749512,0.14450860023498535
500,1,5.25,1.5,1,1,1,13,0.12917026133708917,0.2440253253874797,0.3113209293806553,0.6926357746124268,0.14484238624572754
500,1,5.25,1.5,1,1,1,14,0.13424484281794444,0.20790388158345036,0.2662067717381591,0.8114829063415527,0.1543896198272705
500,1,5.25,1.5,1,1,1,15,0.1350120577379368,0.18622456688707842,0.28254219011213383,0.6992232799530029,0.16015100479125977
500,1,5.25,1.5,1,1,1,16,0.17237279543124592,0.19537605256196683,0.29227755991757925,0.6934425830841064,0.14574742317199707
500,1,5.25,1.5,1,1,1,17,0.16721635971297447,0.23205397282545376,0.31504012427082606,0.7467217445373535,0.1485896110534668
500,1,5.25,1.5,1,1,1,18,0.14916593244773657,0.22348718117145794,0.3273569009324158,0.8624575138092041,0.17049288749694824
500,1,5.25,1.5,1,1,1,19,0.1349082896693917,0.20602575056888722,0.28482736573864387,0.7171447277069092,0.1357107162475586
500,1,5.25,1.5,1,1,1,20,0.15686578275853347,0.19139355892706258,0.2744194681306409,0.7291088104248047,0.1731429100036621
500,1,5.25,1.5,1,1,1,21,0.14214693668394074,0.1907407713982446,0.28325707041801534,0.6900579929351807,0.11867928504943848
500,1,5.25,1.5,1,1,1,22,0.15971084048600317,0.2476439289965661,0.32493729926062787,0.7985351085662842,0.16428232192993164
500,1,5.25,1.5,1,1,1,23,0.15544630261743694,0.19825025982184166,0.2916105144700697,0.8296356201171875,0.16828346252441406
500,1,5.25,1.5,1,1,1,24,0.1586342031201242,0.1999253123097321,0.3024696193174885,0.7542011737823486,0.15540027618408203
500,1,5.5536,1.56,1,1,1,0,0.15020730549623854,0.2217725219696121,0.3471694700417589,0.7440261840820312,0.1397550106048584
500,1,5.5536,1.56,1,1,1,1,0.13405594745611038,0.21526477518062953,0.2889640675781136,0.7902898788452148,0.1562807559967041
500,1,5.5536,1.56,1,1,1,2,0.1522756246573683,0.20662950229425256,0.3020456781354566,0.6647999286651611,0.15626811981201172
500,1,5.5536,1.56,1,1,1,3,0.16185467181603572,0.20878374976977948,0.31257814873335193,0.6744773387908936,0.1393423080444336
500,1,5.5536,1.56,1,1,1,4,0.15778373043019916,0.2134575708180419,0.2974326701330433,0.7460575103759766,0.1262342929840088
500,1,5.5536,1.56,1,1,1,5,0.15783010410603937,0.20475485557109013,0.32962036726768507,0.8517985343933105,0.1585679054260254
500,1,5.5536,1.56,1,1,1,6,0.1308916740063445,0.1998182876884328,0.2907618770836056,0.7227303981781006,0.15044617652893066
500,1,5.5536,1.56,1,1,1,7,0.1405839674399689,0.2038059430982943,0.3080352546096176,0.7169814109802246,0.12873172760009766
500,1,5.5536,1.56,1,1,1,8,0.13231353187919778,0.19643596683879086,0.28217349780272166,0.7872295379638672,0.12664246559143066
500,1,5.5536,1.56,1,1,1,9,0.13478294143402988,0.22471901024492422,0.31444989577353505,0.7811703681945801,0.14556503295898438
500,1,5.5536,1.56,1,1,1,10,0.14582906697361675,0.1902909557655083,0.26717332355492174,0.6912527084350586,0.11518526077270508
500,1,5.5536,1.56,1,1,1,11,0.14822681881394736,0.1938817557705703,0.3162767517697869,0.7640430927276611,0.1437845230102539
500,1,5.5536,1.56,1,1,1,12,0.15627177718431529,0.21929641022468682,0.31533380946004175,0.7868771553039551,0.13858914375305176
500,1,5.5536,1.56,1,1,1,13,0.1414420589384339,0.19975845414028703,0.2805488082215782,0.7290012836456299,0.14542078971862793
500,1,5.5536,1.56,1,1,1,14,0.16467033434576997,0.218746075224349,0.3136173931560787,0.7454538345336914,0.12401008605957031
500,1,5.5536,1.56,1,1,1,15,0.1478010666060599,0.2098897853416249,0.2963147956823829,0.7438199520111084,0.11719822883605957
500,1,5.5536,1.56,1,1,1,16,0.142019107242414,0.20586154787296626,0.3383178224258476,0.7912418842315674,0.1308281421661377
500,1,5.5536,1.56,1,1,1,17,0.14274522650897417,0.20247085130983206,0.3171075410104632,0.7312631607055664,0.15182828903198242
500,1,5.5536,1.56,1,1,1,18,0.1277924528513597,0.2110002690269262,0.31766352693800104,0.7166876792907715,0.1354682445526123
500,1,5.5536,1.56,1,1,1,19,0.1448843300584719,0.2209788081233252,0.3416808674355275,0.8079404830932617,0.12954306602478027
500,1,5.5536,1.56,1,1,1,20,0.13067686733490752,0.21753878542993027,0.3254280626238695,0.8037991523742676,0.11661386489868164
500,1,5.5536,1.56,1,1,1,21,0.14631579717510526,0.21015540216465542,0.286962248061848,0.7774081230163574,0.1525554656982422
500,1,5.5536,1.56,1,1,1,22,0.15213131153527754,0.21693712734694434,0.30947697135181734,0.7548730373382568,0.1176760196685791
500,1,5.5536,1.56,1,1,1,23,0.15094737380639783,0.2062196024094527,0.31819228402295985,0.7428855895996094,0.12944364547729492
500,1,5.5536,1.56,1,1,1,24,0.16869542899616727,0.22711649165799058,0.338567173575175,0.7800946235656738,0.15981435775756836
500,1,5.8644,1.6199999999999999,1,1,1,0,0.15526725158821963,0.21046831510468597,0.31095300958161026,0.7273781299591064,0.17279958724975586
500,1,5.8644,1.6199999999999999,1,1,1,1,0.17651031631048628,0.21305898966273168,0.294537559623507,0.7226548194885254,0.1401519775390625
500,1,5.8644,1.6199999999999999,1,1,1,2,0.13090942041603215,0.22694073939147813,0.3321807971630133,0.7018840312957764,0.18417739868164062
500,1,5.8644,1.6199999999999999,1,1,1,3,0.1540372880263944,0.19232484969606886,0.2948611682699384,0.7350568771362305,0.1308457851409912
500,1,5.8644,1.6199999999999999,1,1,1,4,0.14282833157402625,0.17456199512826845,0.27662902537740885,0.7944910526275635,0.1501598358154297
500,1,5.8644,1.6199999999999999,1,1,1,5,0.1754366224221588,0.2278492607558553,0.3417056761722243,0.7614691257476807,0.11666011810302734
500,1,5.8644,1.6199999999999999,1,1,1,6,0.1609547362173783,0.22886335077304013,0.3715244439268674,0.7723047733306885,0.16016149520874023
500,1,5.8644,1.6199999999999999,1,1,1,7,0.14357656508900982,0.21763561124259256,0.33863713027347486,0.7505998611450195,0.14278483390808105
500,1,5.8644,1.6199999999999999,1,1,1,8,0.127986660337736,0.22657401183763887,0.32315487760751155,0.7370398044586182,0.13893604278564453
500,1,5.8644,1.6199999999999999,1,1,1,9,0.14456599140919202,0.21850664210555532,0.3149503225110848,0.7643930912017822,0.15123343467712402
500,1,5.8644,1.6199999999999999,1,1,1,10,0.1473979403953646,0.2404723845388176,0.33825189605458117,0.7317526340484619,0.14716434478759766
500,1,5.8644,1.6199999999999999,1,1,1,11,0.13351492696514888,0.23670722813428105,0.3524797007016559,0.7963042259216309,0.1679694652557373
500,1,5.8644,1.6199999999999999,1,1,1,12,0.13581643462348572,0.21420698774924937,0.3084204747859505,0.7528636455535889,0.13571929931640625
500,1,5.8644,1.6199999999999999,1,1,1,13,0.13872306775757465,0.2266820473948377,0.30060826522924994,0.7716755867004395,0.11059021949768066
500,1,5.8644,1.6199999999999999,1,1,1,14,0.13992932806672356,0.23007662737461726,0.3386887528893304,0.7385787963867188,0.12686443328857422
500,1,5.8644,1.6199999999999999,1,1,1,15,0.14498208747030472,0.20515272418428118,0.3058776026319178,0.736814022064209,0.1467723846435547
500,1,5.8644,1.6199999999999999,1,1,1,16,0.14154565167221164,0.22000849023856806,0.3260356755130782,0.7481358051300049,0.12519359588623047
500,1,5.8644,1.6199999999999999,1,1,1,17,0.14085139922789755,0.2112528516171513,0.29231051892398796,0.8487632274627686,0.1485002040863037
500,1,5.8644,1.6199999999999999,1,1,1,18,0.14058903060935665,0.22342385933918865,0.3328515829792152,0.7275674343109131,0.13153743743896484
500,1,5.8644,1.6199999999999999,1,1,1,19,0.13649069170906228,0.227256070446058,0.36021666619685766,0.7334468364715576,0.11152076721191406
500,1,5.8644,1.6199999999999999,1,1,1,20,0.16620331420485257,0.18888913731123744,0.2811525243546955,0.6924309730529785,0.1466991901397705
500,1,5.8644,1.6199999999999999,1,1,1,21,0.1559022233159325,0.20094198436372104,0.2931386705304616,0.8333737850189209,0.15515446662902832
500,1,5.8644,1.6199999999999999,1,1,1,22,0.1645950471998377,0.20174094565945666,0.29703313047379787,0.6773650646209717,0.13309335708618164
500,1,5.8644,1.6199999999999999,1,1,1,23,0.14003652301259464,0.21896150057213154,0.349735148574968,0.7407841682434082,0.1562671661376953
500,1,5.8644,1.6199999999999999,1,1,1,24,0.1566753621090544,0.21455836379346024,0.3038579399160515,0.7606685161590576,0.11567831039428711
500,1,6.1823999999999995,1.68,1,1,1,0,0.17105192975233235,0.2277460467915765,0.31118139119059496,0.8157181739807129,0.1668860912322998
500,1,6.1823999999999995,1.68,1,1,1,1,0.15026666612878503,0.21571818593913675,0.3116195990679853,0.7148938179016113,0.10665607452392578
500,1,6.1823999999999995,1.68,1,1,1,2,0.1584418748660737,0.22363839496298968,0.33467097956248,0.8563988208770752,0.12579560279846191
500,1,6.1823999999999995,1.68,1,1,1,3,0.14855143047607233,0.25866722154752086,0.384633531958133,0.7384326457977295,0.1383216381072998
500,1,6.1823999999999995,1.68,1,1,1,4,0.16325953461425666,0.2100111699254814,0.3088039241350119,0.7828795909881592,0.173814058303833
500,1,6.1823999999999995,1.68,1,1,1,5,0.14590920182407174,0.26193564005112635,0.3443774708667352,0.747645378112793,0.12454724311828613
500,1,6.1823999999999995,1.68,1,1,1,6,0.14763446259911686,0.22904632033794184,0.34658712349255993,0.7046968936920166,0.15775442123413086
500,1,6.1823999999999995,1.68,1,1,1,7,0.15802210993539975,0.26946628669773376,0.32690318200822355,0.6958391666412354,0.13514447212219238
500,1,6.1823999999999995,1.68,1,1,1,8,0.1427464435596732,0.27675803424449535,0.3822990789117403,0.8404269218444824,0.15375733375549316
500,1,6.1823999999999995,1.68,1,1,1,9,0.17622368417385087,0.2198325069676382,0.3212318754500274,0.8547282218933105,0.14306879043579102
500,1,6.1823999999999995,1.68,1,1,1,10,0.13472864480792165,0.22120242768107617,0.32571031535420364,0.7336571216583252,0.15554380416870117
500,1,6.1823999999999995,1.68,1,1,1,11,0.15197453652526957,0.24433186097706594,0.39630639750233554,0.6605315208435059,0.1206669807434082
500,1,6.1823999999999995,1.68,1,1,1,12,0.14762605923045424,0.23964093788088506,0.32145483539924546,0.8589715957641602,0.1557931900024414
500,1,6.1823999999999995,1.68,1,1,1,13,0.15112872637404162,0.22613110548051385,0.3310851232458881,0.6988954544067383,0.11459469795227051
500,1,6.1823999999999995,1.68,1,1,1,14,0.14028007170388193,0.26636958566779745,0.37328358893603936,0.745185136795044,0.12055373191833496
500,1,6.1823999999999995,1.68,1,1,1,15,0.1504943757956724,0.23541042192349043,0.33417225435575737,0.7024106979370117,0.11248517036437988
500,1,6.1823999999999995,1.68,1,1,1,16,0.13277195342242074,0.25224562496770303,0.3467597327031501,0.7788822650909424,0.14361810684204102
500,1,6.1823999999999995,1.68,1,1,1,17,0.15153251102408957,0.21904595014626319,0.33937781762823355,0.74786376953125,0.1266498565673828
500,1,6.1823999999999995,1.68,1,1,1,18,0.13921877439393748,0.22090525317546872,0.31700875649383065,0.7742099761962891,0.13176870346069336
500,1,6.1823999999999995,1.68,1,1,1,19,0.1696212392115661,0.23684021058097715,0.3303137351432537,0.7027342319488525,0.14995241165161133
500,1,6.1823999999999995,1.68,1,1,1,20,0.14925568067573364,0.2083872988250109,0.29397389329072965,0.7102267742156982,0.12496685981750488
500,1,6.1823999999999995,1.68,1,1,1,21,0.18333524642755863,0.20932842560242004,0.3115686987685341,0.806032657623291,0.14356446266174316
500,1,6.1823999999999995,1.68,1,1,1,22,0.1599218335498273,0.2333369162176761,0.3512354770125683,0.7514374256134033,0.12067222595214844
500,1,6.1823999999999995,1.68,1,1,1,23,0.1398780642235074,0.21822162468499895,0.30282138360539224,0.6770436763763428,0.1508646011352539
500,1,6.1823999999999995,1.68,1,1,1,24,0.14506800148803004,0.25315864234132096,0.3096153119494839,0.698739767074585,0.134857177734375
500,1,6.5076,1.74,1,1,1,0,0.15584213423354104,0.2684604614774365,0.3965314565421002,0.7981433868408203,0.13871121406555176
500,1,6.5076,1.74,1,1,1,1,0.16207012376323604,0.28615461228284333,0.3357580474610635,0.7936413288116455,0.10759282112121582
500,1,6.5076,1.74,1,1,1,2,0.15746884574361608,0.22600632463781997,0.3292513585788823,0.7002463340759277,0.14913082122802734
500,1,6.5076,1.74,1,1,1,3,0.16398364273296917,0.24966893966754874,0.3669288405104552,0.7101321220397949,0.12518668174743652
500,1,6.5076,1.74,1,1,1,4,0.15410403259772812,0.24925302941414523,0.34370218708297323,0.7324514389038086,0.12450599670410156
500,1,6.5076,1.74,1,1,1,5,0.15365884408238756,0.2290239169674988,0.3060458987373732,0.7563984394073486,0.12999892234802246
500,1,6.5076,1.74,1,1,1,6,0.1574714903865155,0.24055123538684242,0.3136396361517614,0.7136843204498291,0.15519165992736816
500,1,6.5076,1.74,1,1,1,7,0.16569646290503784,0.238603467965824,0.4042999308708618,0.6963350772857666,0.12521123886108398
500,1,6.5076,1.74,1,1,1,8,0.1640605850916514,0.23048321399649777,0.30212039496954957,0.8397340774536133,0.1571977138519287
500,1,6.5076,1.74,1,1,1,9,0.16639605367835875,0.2800832229419715,0.4068139943439084,0.6908609867095947,0.1086428165435791
500,1,6.5076,1.74,1,1,1,10,0.13854481223531415,0.21039693136335683,0.3003462123075228,0.734879732131958,0.10861611366271973
500,1,6.5076,1.74,1,1,1,11,0.1664139393653218,0.20713426927834824,0.3248403490903184,0.6857333183288574,0.13743257522583008
500,1,6.5076,1.74,1,1,1,12,0.15036120953188808,0.2515400076852951,0.37399028493498787,0.8783831596374512,0.16860747337341309
500,1,6.5076,1.74,1,1,1,13,0.15882544526970016,0.24822450862133685,0.3485885041918707,0.7075984477996826,0.16620373725891113
500,1,6.5076,1.74,1,1,1,14,0.14760627647616534,0.23742452088213742,0.3366384663800766,0.7602615356445312,0.1262950897216797
500,1,6.5076,1.74,1,1,1,15,0.16916332229333803,0.2595443209965535,0.3739125119527408,0.8866758346557617,0.1334671974182129
500,1,6.5076,1.74,1,1,1,16,0.14939545177550187,0.2607352419714627,0.4000716155060914,0.8146390914916992,0.17244768142700195
500,1,6.5076,1.74,1,1,1,17,0.14922269062602805,0.22137550347535495,0.3324746499343324,0.7254607677459717,0.1187124252319336
500,1,6.5076,1.74,1,1,1,18,0.16684915609670178,0.22037797398222592,0.3150357764745567,0.7586331367492676,0.13612008094787598
500,1,6.5076,1.74,1,1,1,19,0.1488771662093491,0.24306361916046418,0.35220122203383497,0.8021984100341797,0.1684250831604004
500,1,6.5076,1.74,1,1,1,20,0.15445294025206516,0.23867115423992596,0.3505214151963828,0.8412654399871826,0.16292667388916016
500,1,6.5076,1.74,1,1,1,21,0.1465495102144139,0.21157413454755372,0.29332916516495156,0.7051684856414795,0.14829730987548828
500,1,6.5076,1.74,1,1,1,22,0.1515557639765847,0.2198250314836535,0.29491964909666396,0.7164127826690674,0.12157678604125977
500,1,6.5076,1.74,1,1,1,23,0.15796542601105737,0.21376302651624435,0.3233756567500625,0.7380397319793701,0.11532783508300781
500,1,6.5076,1.74,1,1,1,24,0.16821692308459363,0.21153928965342053,0.2983516744598439,0.8575899600982666,0.15445899963378906
500,1,6.839999999999999,1.7999999999999998,1,1,1,0,0.16232185781076772,0.2257710339083937,0.36169148547395286,0.7316405773162842,0.10450124740600586
500,1,6.839999999999999,1.7999999999999998,1,1,1,1,0.13730573041541702,0.2593033730458564,0.3408596614590285,0.7369709014892578,0.1095879077911377
500,1,6.839999999999999,1.7999999999999998,1,1,1,2,0.14973032716056717,0.30862392162399144,0.44608112306596737,0.7356395721435547,0.101806640625
500,1,6.839999999999999,1.7999999999999998,1,1,1,3,0.15535302258884606,0.232117908955175,0.32788315386063427,0.7698149681091309,0.16490578651428223
500,1,6.839999999999999,1.7999999999999998,1,1,1,4,0.14468572749009975,0.27171474226926395,0.32698766799351475,0.7471888065338135,0.10277819633483887
500,1,6.839999999999999,1.7999999999999998,1,1,1,5,0.17464199350328233,0.2615373493144091,0.3621101023634156,0.9037141799926758,0.131333589553833
500,1,6.839999999999999,1.7999999999999998,1,1,1,6,0.14477185763849237,0.23778520271844206,0.3509175281770459,0.7026660442352295,0.12560343742370605
500,1,6.839999999999999,1.7999999999999998,1,1,1,7,0.15900220424860942,0.24730359763779056,0.34247641866562567,0.8503332138061523,0.16951823234558105
500,1,6.839999999999999,1.7999999999999998,1,1,1,8,0.1676944736780136,0.24091677020523747,0.3465428890735056,0.7333743572235107,0.10282111167907715
500,1,6.839999999999999,1.7999999999999998,1,1,1,9,0.1493640782893013,0.24962386234734282,0.35876570042848765,0.7106845378875732,0.13027000427246094
500,1,6.839999999999999,1.7999999999999998,1,1,1,10,0.1699819317802474,0.24566919858063205,0.3581050894014136,0.6848416328430176,0.13494324684143066
500,1,6.839999999999999,1.7999999999999998,1,1,1,11,0.1725368944183622,0.2267102246188898,0.3455248379193451,0.8671689033508301,0.19955968856811523
500,1,6.839999999999999,1.7999999999999998,1,1,1,12,0.16124436390343438,0.2368594837234956,0.31627789074373697,0.7017545700073242,0.11461257934570312
500,1,6.839999999999999,1.7999999999999998,1,1,1,13,0.15177259867833798,0.21515902395777403,0.3151012542728018,0.7516114711761475,0.12159228324890137
500,1,6.839999999999999,1.7999999999999998,1,1,1,14,0.15040560699192063,0.23715881980359435,0.31689281443185263,0.7572948932647705,0.10061931610107422
500,1,6.839999999999999,1.7999999999999998,1,1,1,15,0.16085915468750459,0.26395311844064473,0.38837800963862934,0.7663328647613525,0.15735435485839844
500,1,6.839999999999999,1.7999999999999998,1,1,1,16,0.1627998630971986,0.21762103642062683,0.344941498113107,0.738121509552002,0.11577129364013672
500,1,6.839999999999999,1.7999999999999998,1,1,1,17,0.1903755304238216,0.24877152397941307,0.3705061218521387,0.7394769191741943,0.15774035453796387
500,1,6.839999999999999,1.7999999999999998,1,1,1,18,0.1477917181352826,0.22044912521515214,0.3048038028769131,0.7172930240631104,0.15716886520385742
500,1,6.839999999999999,1.7999999999999998,1,1,1,19,0.1667663114415021,0.23980613945995527,0.353808096694176,0.6998705863952637,0.14673471450805664
500,1,6.839999999999999,1.7999999999999998,1,1,1,20,0.15062215011399965,0.2345794334255142,0.3483292362899163,0.8983767032623291,0.16442227363586426
500,1,6.839999999999999,1.7999999999999998,1,1,1,21,0.1688320989325695,0.25950697506453463,0.3601095690347432,0.7191257476806641,0.11759114265441895
500,1,6.839999999999999,1.7999999999999998,1,1,1,22,0.1511789956942508,0.2592254452891987,0.36812188494708786,0.7686731815338135,0.11770749092102051
500,1,6.839999999999999,1.7999999999999998,1,1,1,23,0.17756853413357251,0.22114413653667042,0.32420473288078056,0.7252428531646729,0.15663862228393555
500,1,6.839999999999999,1.7999999999999998,1,1,1,24,0.19694544287480248,0.26609745196908224,0.3422591037003622,0.7745697498321533,0.14322781562805176
500,1,7.179599999999999,1.8599999999999999,1,1,1,0,0.16060968897721786,0.24260047805764093,0.3856057276833916,0.7589750289916992,0.12632322311401367
500,1,7.179599999999999,1.8599999999999999,1,1,1,1,0.15567226263255887,0.2863992497737636,0.349456428139963,0.738213300704956,0.14397120475769043
500,1,7.179599999999999,1.8599999999999999,1,1,1,2,0.15768411250296935,0.26175643995903264,0.37297504139042437,0.7880885601043701,0.10999751091003418
500,1,7.179599999999999,1.8599999999999999,1,1,1,3,0.15760479923358972,0.24496264484138655,0.38233230826778813,0.8599522113800049,0.1376802921295166
500,1,7.179599999999999,1.8599999999999999,1,1,1,4,0.14094516870194854,0.24251398043049274,0.32717884168062045,0.7837104797363281,0.13934540748596191
500,1,7.179599999999999,1.8599999999999999,1,1,1,5,0.15872946128180349,0.236990656733448,0.33756701253132154,0.6933348178863525,0.13916754722595215
500,1,7.179599999999999,1.8599999999999999,1,1,1,6,0.1773018374522802,0.26379107889144915,0.35283221649562374,0.7403824329376221,0.1226496696472168
500,1,7.179599999999999,1.8599999999999999,1,1,1,7,0.16940565215306458,0.24771779608621217,0.33029530103264126,0.8195648193359375,0.16815757751464844
500,1,7.179599999999999,1.8599999999999999,1,1,1,8,0.16044917614266782,0.26201314642611884,0.3841705811450745,0.73533034324646,0.1166536808013916
500,1,7.179599999999999,1.8599999999999999,1,1,1,9,0.15743009068688538,0.2875624328967131,0.34245890811690927,0.7928924560546875,0.13731837272644043
500,1,7.179599999999999,1.8599999999999999,1,1,1,10,0.1918350489813955,0.25149903580082766,0.3794971624712892,0.7698845863342285,0.1246340274810791
500,1,7.179599999999999,1.8599999999999999,1,1,1,11,0.18378275975447525,0.20880030227772417,0.37745287659959254,0.890045166015625,0.17495965957641602
500,1,7.179599999999999,1.8599999999999999,1,1,1,12,0.1584149244123716,0.22594265971383315,0.346151242952292,0.6996762752532959,0.14163708686828613
500,1,7.179599999999999,1.8599999999999999,1,1,1,13,0.14235996941471823,0.2538438039472341,0.35710143353034374,0.6977667808532715,0.11443614959716797
500,1,7.179599999999999,1.8599999999999999,1,1,1,14,0.15299274659892995,0.2704398650927959,0.32281167535480293,0.7615451812744141,0.13528060913085938
500,1,7.179599999999999,1.8599999999999999,1,1,1,15,0.16267753704700907,0.24829288698764707,0.3238675188593011,0.8817901611328125,0.1638624668121338
500,1,7.179599999999999,1.8599999999999999,1,1,1,16,0.15443597080450575,0.22959257805360866,0.35359674329614027,0.7247765064239502,0.12596750259399414
500,1,7.179599999999999,1.8599999999999999,1,1,1,17,0.17093130136765855,0.291129041187595,0.35871155415145123,0.7128689289093018,0.143113374710083
500,1,7.179599999999999,1.8599999999999999,1,1,1,18,0.19391551482635347,0.23195776487699485,0.3688229961702347,0.7124538421630859,0.15102291107177734
500,1,7.179599999999999,1.8599999999999999,1,1,1,19,0.18767613218878795,0.2903176536637399,0.4502043580312263,0.7803266048431396,0.15664887428283691
500,1,7.179599999999999,1.8599999999999999,1,1,1,20,0.1580882539318,0.27012214924649786,0.37759830609439626,0.75065016746521,0.1244058609008789
500,1,7.179599999999999,1.8599999999999999,1,1,1,21,0.16826359281303327,0.331459950283237,0.37814086753413534,0.7657134532928467,0.11562466621398926
500,1,7.179599999999999,1.8599999999999999,1,1,1,22,0.15579674852880576,0.2426539934375485,0.34682728398396123,0.7215557098388672,0.13145184516906738
500,1,7.179599999999999,1.8599999999999999,1,1,1,23,0.16114515569294421,0.24322513860818265,0.35121828677294714,0.7870645523071289,0.15517330169677734
500,1,7.179599999999999,1.8599999999999999,1,1,1,24,0.1866705430775837,0.2565464403610189,0.3372177611469612,0.6966290473937988,0.12607932090759277
500,1,7.5264,1.92,1,1,1,0,0.19139152150386401,0.23000029141810466,0.3302532449616078,0.735023021697998,0.12424492835998535
500,1,7.5264,1.92,1,1,1,1,0.14958360897694065,0.27275812540019334,0.3804154674492481,0.8757431507110596,0.14644169807434082
500,1,7.5264,1.92,1,1,1,2,0.17245128594504464,0.23991869553058884,0.34884310166184074,0.85923171043396,0.15230488777160645
500,1,7.5264,1.92,1,1,1,3,0.17050649613313087,0.2244950967944501,0.3517653604540898,0.7007002830505371,0.10613560676574707
500,1,7.5264,1.92,1,1,1,4,0.16457981237134298,0.2548597451412252,0.36476535510810393,0.7526004314422607,0.13694119453430176
500,1,7.5264,1.92,1,1,1,5,0.17708463620545084,0.2512855315141662,0.33923725465494053,0.6999766826629639,0.13236403465270996
500,1,7.5264,1.92,1,1,1,6,0.18179183913197453,0.2625032156381944,0.38019196326401616,0.7824547290802002,0.1578667163848877
500,1,7.5264,1.92,1,1,1,7,0.16450625509098057,0.28831891848241475,0.37791800745897824,0.7810842990875244,0.11334514617919922
500,1,7.5264,1.92,1,1,1,8,0.17091346955760908,0.2810574564347914,0.38593131692421795,0.8076579570770264,0.10721206665039062
500,1,7.5264,1.92,1,1,1,9,0.15426666241767178,0.24578585022275173,0.37385561296023584,0.7575151920318604,0.1449413299560547
500,1,7.5264,1.92,1,1,1,10,0.16260431308889897,0.2749718783334099,0.39848747134473406,0.7403807640075684,0.17101788520812988
500,1,7.5264,1.92,1,1,1,11,0.17173382915376456,0.27002752911944294,0.3938982193246562,0.6888067722320557,0.15103793144226074
500,1,7.5264,1.92,1,1,1,12,0.16410853874526035,0.29472997696044184,0.40863799350458574,0.7777769565582275,0.1316523551940918
500,1,7.5264,1.92,1,1,1,13,0.1494133876484037,0.24936118598523654,0.353244749824943,0.7603368759155273,0.156022310256958
500,1,7.5264,1.92,1,1,1,14,0.1799736165130738,0.25790382723297994,0.39809493874195656,0.7177071571350098,0.14396309852600098
500,1,7.5264,1.92,1,1,1,15,0.17725790670338082,0.27550099346378903,0.3781330726984866,0.815032958984375,0.15042448043823242
500,1,7.5264,1.92,1,1,1,16,0.20442320972791242,0.30495288990682046,0.401350036395043,0.7013297080993652,0.12962722778320312
500,1,7.5264,1.92,1,1,1,17,0.150114916006405,0.25950081728648117,0.3581919483513708,0.8090410232543945,0.14215588569641113
500,1,7.5264,1.92,1,1,1,18,0.16946231456970617,0.2558436386253622,0.3643366395066462,0.699901819229126,0.13293814659118652
500,1,7.5264,1.92,1,1,1,19,0.14878574590763355,0.28432497262480405,0.3673700274263975,0.8030576705932617,0.12898707389831543
500,1,7.5264,1.92,1,1,1,20,0.16443574658798876,0.279358644978673,0.4309930181449421,0.8101565837860107,0.1248636245727539
500,1,7.5264,1.92,1,1,1,21,0.16493001307589214,0.267920980925256,0.35857992551457807,0.7827396392822266,0.13578271865844727
500,1,7.5264,1.92,1,1,1,22,0.17831878311540691,0.2652253747360734,0.4202746330322321,0.689199686050415,0.1368246078491211
500,1,7.5264,1.92,1,1,1,23,0.17552528442807225,0.2688017269614374,0.3975534143830951,0.8709378242492676,0.12970614433288574
500,1,7.5264,1.92,1,1,1,24,0.15244248220274156,0.2727122367407227,0.3699708167128787,0.7020077705383301,0.1618199348449707
500,1,7.8804,1.98,1,1,1,0,0.15865417425058334,0.3139224287667058,0.37519483261034214,0.7028634548187256,0.1367330551147461
500,1,7.8804,1.98,1,1,1,1,0.20613706106507246,0.30943011765311784,0.3824031355821117,0.789586067199707,0.13327646255493164
500,1,7.8804,1.98,1,1,1,2,0.16634666785870225,0.31333180817414186,0.4082898000587254,0.9215238094329834,0.1555461883544922
500,1,7.8804,1.98,1,1,1,3,0.16218878622532396,0.2278307261585865,0.3737114535512297,0.6937234401702881,0.1587514877319336
500,1,7.8804,1.98,1,1,1,4,0.18505452284742024,0.2694909846002243,0.37127595898746524,0.7738819122314453,0.12302684783935547
500,1,7.8804,1.98,1,1,1,5,0.1677898799801665,0.30227414749681963,0.4186023297482531,0.7795283794403076,0.12258577346801758
500,1,7.8804,1.98,1,1,1,6,0.18878680895761452,0.24053330483019325,0.385871796744896,0.872624397277832,0.14182186126708984
500,1,7.8804,1.98,1,1,1,7,0.18787586979340762,0.24849115970210603,0.39460854973062376,0.876807451248169,0.15499401092529297
500,1,7.8804,1.98,1,1,1,8,0.15652480786237594,0.2556054083731607,0.3853959081623242,0.7233328819274902,0.1270768642425537
500,1,7.8804,1.98,1,1,1,9,0.19906647767216465,0.25224580505776284,0.3454136644209774,0.7498304843902588,0.14502811431884766
500,1,7.8804,1.98,1,1,1,10,0.15830990458006125,0.2507437478274167,0.40050403387833466,0.9317820072174072,0.1451561450958252
500,1,7.8804,1.98,1,1,1,11,0.14452272533541957,0.2613385471342486,0.38003703406480793,0.7033329010009766,0.1390211582183838
500,1,7.8804,1.98,1,1,1,12,0.1981972674462641,0.2443848736224044,0.39070319699306777,0.8055527210235596,0.11564946174621582
500,1,7.8804,1.98,1,1,1,13,0.20307405694435712,0.25203082118906467,0.31346501822500494,0.8092823028564453,0.15999221801757812
500,1,7.8804,1.98,1,1,1,14,0.1880336098239139,0.2838688200341485,0.3842351049222953,0.8688993453979492,0.14550471305847168
500,1,7.8804,1.98,1,1,1,15,0.16547178523656345,0.2571750947573171,0.34983024545356534,0.8034944534301758,0.1565556526184082
500,1,7.8804,1.98,1,1,1,16,0.15897064454261228,0.26572936319714247,0.3926457434097598,0.719506025314331,0.11663675308227539
500,1,7.8804,1.98,1,1,1,17,0.16038917635836455,0.2499444186725899,0.3781921080733269,0.7321419715881348,0.1358356475830078
500,1,7.8804,1.98,1,1,1,18,0.18700845592512189,0.27793623881498897,0.3768283257016751,0.8541831970214844,0.17083978652954102
500,1,7.8804,1.98,1,1,1,19,0.16310571261729753,0.2629976385661393,0.39666598651573853,0.7475731372833252,0.12833714485168457
500,1,7.8804,1.98,1,1,1,20,0.1750109170738813,0.24850065364430132,0.38146170843151145,0.754389762878418,0.138627290725708
500,1,7.8804,1.98,1,1,1,21,0.19993294366349695,0.31742548815320415,0.4676302388737732,0.7298562526702881,0.15052318572998047
500,1,7.8804,1.98,1,1,1,22,0.16324126212921666,0.24892701865965114,0.3317407602487216,0.7885177135467529,0.1530134677886963
500,1,7.8804,1.98,1,1,1,23,0.1967357329281051,0.27839141602031464,0.41415501321786763,0.75972580909729,0.11968064308166504
500,1,7.8804,1.98,1,1,1,24,0.19377735838424143,0.24927825984980517,0.3739860393069694,0.730501651763916,0.12524867057800293
500,1,8.2416,2.04,1,1,1,0,0.17586503117094346,0.24103780077290587,0.34993254286752534,0.7233273983001709,0.1555325984954834
500,1,8.2416,2.04,1,1,1,1,0.19427034196278398,0.26558898285118987,0.45985932481397385,0.842799186706543,0.14176058769226074
500,1,8.2416,2.04,1,1,1,2,0.1790442126105519,0.33542922068253156,0.439463515915868,0.7332966327667236,0.14789104461669922
500,1,8.2416,2.04,1,1,1,3,0.1751957389698609,0.2826249410216161,0.39420507330847077,0.7364122867584229,0.15443181991577148
500,1,8.2416,2.04,1,1,1,4,0.17458952296064806,0.27058171194841857,0.36696086263463223,0.7417190074920654,0.12430405616760254
500,1,8.2416,2.04,1,1,1,5,0.1759762991172464,0.2648424639886728,0.381730172634278,0.7893199920654297,0.13945341110229492
500,1,8.2416,2.04,1,1,1,6,0.165290174351364,0.302053514639986,0.4386251435927913,0.7532391548156738,0.12365603446960449
500,1,8.2416,2.04,1,1,1,7,0.2012879995246261,0.31914372443301453,0.4026000578241526,0.7668538093566895,0.1477804183959961
500,1,8.2416,2.04,1,1,1,8,0.17394576226140712,0.30171931270305685,0.42141542707846374,0.8051018714904785,0.11904168128967285
500,1,8.2416,2.04,1,1,1,9,0.19260138936714055,0.2717988173000975,0.3921611968965909,0.7587246894836426,0.16573429107666016
500,1,8.2416,2.04,1,1,1,10,0.17612290626328722,0.2809579343515757,0.40957378177669734,0.7519803047180176,0.1627817153930664
500,1,8.2416,2.04,1,1,1,11,0.16516806051469812,0.27886806850951457,0.4009293086647553,0.7390425205230713,0.16106605529785156
500,1,8.2416,2.04,1,1,1,12,0.1755065434263728,0.2733642010912414,0.3943400972168941,0.9268624782562256,0.14777016639709473
500,1,8.2416,2.04,1,1,1,13,0.17445651391142314,0.25032922466952556,0.3684616830436248,0.8865811824798584,0.14499616622924805
500,1,8.2416,2.04,1,1,1,14,0.1839288549559033,0.3005006673908373,0.36930513818553656,0.7500574588775635,0.12946772575378418
500,1,8.2416,2.04,1,1,1,15,0.17756393350412986,0.2761510316300918,0.36330099950257744,0.7257883548736572,0.15234684944152832
500,1,8.2416,2.04,1,1,1,16,0.18057160468647546,0.2630055807438977,0.3943070930358421,0.7103490829467773,0.11458182334899902
500,1,8.2416,2.04,1,1,1,17,0.17965960998935443,0.2991724993658759,0.419532216621871,0.879302978515625,0.16890907287597656
500,1,8.2416,2.04,1,1,1,18,0.1573294719365748,0.2717457185134403,0.39277504487307213,0.6635596752166748,0.16408777236938477
500,1,8.2416,2.04,1,1,1,19,0.1865578831558273,0.26043234916173086,0.3956569318464553,0.7849400043487549,0.10685443878173828
500,1,8.2416,2.04,1,1,1,20,0.18070465437561337,0.3173769008066913,0.43306465894807306,0.8546576499938965,0.1354687213897705
500,1,8.2416,2.04,1,1,1,21,0.16723866371435087,0.3034341620224176,0.4235576764783233,0.764796257019043,0.13979268074035645
500,1,8.2416,2.04,1,1,1,22,0.2034776914765592,0.24236570706412525,0.35446282296420006,0.7847955226898193,0.15911221504211426
500,1,8.2416,2.04,1,1,1,23,0.1658864759650426,0.25711432343965607,0.37690864151110287,0.7469120025634766,0.12238407135009766
500,1,8.2416,2.04,1,1,1,24,0.156270454059794,0.2845091283114831,0.37412591622895064,0.7550928592681885,0.13289189338684082
500,1,8.61,2.1,1,1,1,0,0.1613927205651201,0.28071059673447096,0.3882570210332238,0.743415117263794,0.12255048751831055
500,1,8.61,2.1,1,1,1,1,0.19521223121442463,0.26270759173734215,0.37840935057522285,0.8037645816802979,0.10033226013183594
500,1,8.61,2.1,1,1,1,2,0.182946497235123,0.3002578630872002,0.4329605356105297,0.7197802066802979,0.16995859146118164
500,1,8.61,2.1,1,1,1,3,0.1676970592422006,0.2696520081307929,0.37666705771130937,0.7013540267944336,0.12360119819641113
500,1,8.61,2.1,1,1,1,4,0.18185837033836205,0.31773451833659,0.41428006562006275,0.8303132057189941,0.15845274925231934
500,1,8.61,2.1,1,1,1,5,0.18152292747021573,0.27968878052309615,0.4054723074525828,0.7600083351135254,0.1469268798828125
500,1,8.61,2.1,1,1,1,6,0.16156511221496778,0.2840237895118372,0.3499015029001392,0.7297239303588867,0.12449812889099121
500,1,8.61,2.1,1,1,1,7,0.20109266370635126,0.3020690024249909,0.4300941239337113,0.7490971088409424,0.1587686538696289
500,1,8.61,2.1,1,1,1,8,0.1852108957282435,0.29439691751305147,0.36748310483250285,0.8328454494476318,0.16294455528259277
500,1,8.61,2.1,1,1,1,9,0.18385374464952078,0.29633916402731236,0.4096427696934707,0.694772481918335,0.14868950843811035
500,1,8.61,2.1,1,1,1,10,0.19778066198360647,0.269946701254527,0.375250700192402,0.7152626514434814,0.12457084655761719
500,1,8.61,2.1,1,1,1,11,0.17836123347998564,0.27490045303216504,0.37486965082292734,0.7685825824737549,0.11968636512756348
500,1,8.61,2.1,1,1,1,12,0.16835658328169195,0.27010757806360003,0.4157362391958826,0.7759902477264404,0.1578671932220459
500,1,8.61,2.1,1,1,1,13,0.18363797214276265,0.3414692356254754,0.39387024164585066,0.7715516090393066,0.12328553199768066
500,1,8.61,2.1,1,1,1,14,0.16756103007341888,0.2493412024098675,0.35213749823266893,0.7753493785858154,0.13555598258972168
500,1,8.61,2.1,1,1,1,15,0.17050686974097595,0.2901811125077397,0.37080528466939505,0.7515404224395752,0.162977933883667
500,1,8.61,2.1,1,1,1,16,0.16732962619308303,0.27214034940454246,0.4285333452775074,0.7674589157104492,0.15766644477844238
500,1,8.61,2.1,1,1,1,17,0.18912598129301683,0.2659044671150027,0.4401504866517581,0.8405070304870605,0.16835331916809082
500,1,8.61,2.1,1,1,1,18,0.2006967042751572,0.26985534387867416,0.40939742477420416,0.7553279399871826,0.11162066459655762
500,1,8.61,2.1,1,1,1,19,0.18195594952373562,0.2803154984177885,0.3989515823064614,0.7063930034637451,0.12369322776794434
500,1,8.61,2.1,1,1,1,20,0.17021872480738562,0.28663534939866775,0.39375465235423657,0.7909607887268066,0.15295910835266113
500,1,8.61,2.1,1,1,1,21,0.2093144148885767,0.2877430041077925,0.39475405760194526,0.6473705768585205,0.12061572074890137
500,1,8.61,2.1,1,1,1,22,0.18661711101582867,0.32737584005932135,0.41563106727839805,0.6558890342712402,0.12146997451782227
500,1,8.61,2.1,1,1,1,23,0.18896759739510746,0.33265132794007957,0.45178590955692044,0.7486629486083984,0.13515758514404297
500,1,8.61,2.1,1,1,1,24,0.16909302256055841,0.2873530356160903,0.3624629786496289,0.675067663192749,0.11603021621704102
500,1,8.985600000000002,2.16,1,1,1,0,0.1944668425322259,0.27870258905489903,0.42541817082887734,0.7771904468536377,0.15522432327270508
500,1,8.985600000000002,2.16,1,1,1,1,0.17913096429672784,0.28540731581472,0.4061301883826739,0.6023621559143066,0.1165018081665039
500,1,8.985600000000002,2.16,1,1,1,2,0.18923997005746535,0.3547937244575927,0.4433344914888391,0.5839025974273682,0.12558698654174805
500,1,8.985600000000002,2.16,1,1,1,3,0.2102169067831704,0.2696647386974925,0.36755500886895387,0.6180105209350586,0.125640869140625
500,1,8.985600000000002,2.16,1,1,1,4,0.19270968070343128,0.26143308680246574,0.3949388706025559,0.5953099727630615,0.11390948295593262
500,1,8.985600000000002,2.16,1,1,1,5,0.1775706603628268,0.3225397107880401,0.41039774361708853,0.7827038764953613,0.1311190128326416
500,1,8.985600000000002,2.16,1,1,1,6,0.17868009883951733,0.27012348557462706,0.377754709108991,0.6166255474090576,0.12952041625976562
500,1,8.985600000000002,2.16,1,1,1,7,0.18398812156920955,0.306573020767414,0.44014907880341625,0.5989909172058105,0.10470104217529297
500,1,8.985600000000002,2.16,1,1,1,8,0.1757865892483914,0.334929724829944,0.4263413706262759,0.6008658409118652,0.11160635948181152
500,1,8.985600000000002,2.16,1,1,1,9,0.18067958071798226,0.2602495293952517,0.4067477416091868,0.6143596172332764,0.17855525016784668
500,1,8.985600000000002,2.16,1,1,1,10,0.22116763824644997,0.31685179014923975,0.47362867554546095,0.7485463619232178,0.11592841148376465
500,1,8.985600000000002,2.16,1,1,1,11,0.19903559169814372,0.27930715551738283,0.414646881896762,0.6260595321655273,0.1227107048034668
500,1,8.985600000000002,2.16,1,1,1,12,0.16479347902683306,0.3151031688715589,0.4483733912525213,0.6147239208221436,0.10998678207397461
500,1,8.985600000000002,2.16,1,1,1,13,0.22474385015359155,0.33217259381746733,0.44189313021482884,0.5976357460021973,0.11940121650695801
500,1,8.985600000000002,2.16,1,1,1,14,0.18122751379741472,0.3169147336237158,0.4513122232615884,0.7474901676177979,0.14972472190856934
500,1,8.985600000000002,2.16,1,1,1,15,0.1734765188552487,0.2729175713218961,0.3955574985694228,0.6529910564422607,0.14863967895507812
500,1,8.985600000000002,2.16,1,1,1,16,0.187350131255219,0.3464073008091408,0.41445145301475517,0.6590421199798584,0.14155149459838867
500,1,8.985600000000002,2.16,1,1,1,17,0.21203770058863278,0.2857829274336441,0.4189412772721931,0.608086347579956,0.11486029624938965
500,1,8.985600000000002,2.16,1,1,1,18,0.21469608392317546,0.28976256962626634,0.43663992766155685,0.621356725692749,0.12282776832580566
500,1,8.985600000000002,2.16,1,1,1,19,0.18364554352203483,0.2787651413999994,0.4334948513305307,0.7626519203186035,0.1103203296661377
500,1,8.985600000000002,2.16,1,1,1,20,0.18426622346138033,0.2767037754300967,0.4569869680891256,0.5853829383850098,0.12314677238464355
500,1,8.985600000000002,2.16,1,1,1,21,0.16694676194981517,0.28414097324901966,0.4510877351988348,0.6088535785675049,0.10638236999511719
500,1,8.985600000000002,2.16,1,1,1,22,0.17537398235432206,0.2807921430276748,0.4246640641609104,0.589733362197876,0.11482071876525879
500,1,8.985600000000002,2.16,1,1,1,23,0.18731085242325524,0.2690672593149778,0.4388659137097508,0.6384470462799072,0.1381669044494629
500,1,8.985600000000002,2.16,1,1,1,24,0.1997731380014129,0.2577408495367412,0.36290245042813984,0.6294608116149902,0.12663030624389648
500,1,9.368399999999998,2.2199999999999998,1,1,1,0,0.1759416929465771,0.285007676959899,0.38948460064047863,0.6056208610534668,0.11851310729980469
500,1,9.368399999999998,2.2199999999999998,1,1,1,1,0.19399715788683827,0.32894217053242764,0.49601290934620057,0.5803694725036621,0.1208648681640625
500,1,9.368399999999998,2.2199999999999998,1,1,1,2,0.18223028819458562,0.28516628033155406,0.42341884123125745,0.7956104278564453,0.1528301239013672
500,1,9.368399999999998,2.2199999999999998,1,1,1,3,0.21749156363957592,0.35878603046996427,0.4343882528478881,0.7628984451293945,0.14702630043029785
500,1,9.368399999999998,2.2199999999999998,1,1,1,4,0.17336908274645635,0.2919887126603172,0.45505482212876003,0.6036536693572998,0.12448501586914062
500,1,9.368399999999998,2.2199999999999998,1,1,1,5,0.21092379767097386,0.263784478911972,0.411642586303854,0.6107180118560791,0.11078381538391113
500,1,9.368399999999998,2.2199999999999998,1,1,1,6,0.17577005150801672,0.3150126351112925,0.4779705637636746,0.5824191570281982,0.11798620223999023
500,1,9.368399999999998,2.2199999999999998,1,1,1,7,0.2002464515261406,0.3488991742444523,0.40275545630555176,0.6017782688140869,0.12424898147583008
500,1,9.368399999999998,2.2199999999999998,1,1,1,8,0.16715725887957172,0.2975411844769943,0.4064976473535223,0.847761869430542,0.17265987396240234
500,1,9.368399999999998,2.2199999999999998,1,1,1,9,0.19827053264681754,0.3076875675574269,0.436323538928307,0.6004214286804199,0.11177539825439453
500,1,9.368399999999998,2.2199999999999998,1,1,1,10,0.18291851718345345,0.31557158185795964,0.4257925215474922,0.6030898094177246,0.12925934791564941
500,1,9.368399999999998,2.2199999999999998,1,1,1,11,0.16870256887342977,0.2967567965219054,0.4596328982414639,0.6568698883056641,0.10680460929870605
500,1,9.368399999999998,2.2199999999999998,1,1,1,12,0.1629297804533165,0.3673027927304766,0.5302325731837931,0.5996229648590088,0.11495661735534668
500,1,9.368399999999998,2.2199999999999998,1,1,1,13,0.16836849195627815,0.26876141868166653,0.41590785876570036,0.7731757164001465,0.146986722946167
500,1,9.368399999999998,2.2199999999999998,1,1,1,14,0.20986091971716558,0.26671758924271216,0.43164179020117915,0.5848219394683838,0.12245988845825195
500,1,9.368399999999998,2.2199999999999998,1,1,1,15,0.16397434985597903,0.28189771048828477,0.385392707920061,0.5980448722839355,0.13116741180419922
500,1,9.368399999999998,2.2199999999999998,1,1,1,16,0.1830476539914185,0.30839706098338715,0.45007781012343806,0.578866720199585,0.11745214462280273
500,1,9.368399999999998,2.2199999999999998,1,1,1,17,0.18361031162526964,0.27743416120996106,0.4001575666427868,0.585939884185791,0.12791872024536133
500,1,9.368399999999998,2.2199999999999998,1,1,1,18,0.1993504393949929,0.25623304952936954,0.3781719873175441,0.7457394599914551,0.15336966514587402
500,1,9.368399999999998,2.2199999999999998,1,1,1,19,0.21595175217687085,0.3378703931387426,0.5538221453156135,0.5834720134735107,0.1201171875
500,1,9.368399999999998,2.2199999999999998,1,1,1,20,0.1990895504930492,0.2770760208485867,0.3755745937245265,0.7904531955718994,0.1584024429321289
500,1,9.368399999999998,2.2199999999999998,1,1,1,21,0.21169622390098494,0.31818320967423874,0.4314762081579266,0.6134014129638672,0.11751365661621094
500,1,9.368399999999998,2.2199999999999998,1,1,1,22,0.20912666554918818,0.2940273620332287,0.4419346397225242,0.5898292064666748,0.12196230888366699
500,1,9.368399999999998,2.2199999999999998,1,1,1,23,0.17777128559816383,0.30176181295719273,0.3960444254897385,0.6232354640960693,0.12035226821899414
500,1,9.368399999999998,2.2199999999999998,1,1,1,24,0.23079361409188032,0.3329759267072095,0.45892321180532036,0.6403870582580566,0.1265726089477539
500,1,9.758399999999998,2.28,1,1,1,0,0.23820674381943815,0.3979273852761941,0.6361341290956323,0.6121115684509277,0.12361502647399902
500,1,9.758399999999998,2.28,1,1,1,1,0.21872522648459564,0.4079875981021286,0.5862086679343026,0.6911890506744385,0.12888836860656738
500,1,9.758399999999998,2.28,1,1,1,2,0.16408854293380892,0.2851329058118006,0.4314704377843662,0.7221083641052246,0.1453688144683838
500,1,9.758399999999998,2.28,1,1,1,3,0.2269470379600605,0.30919782056641093,0.44010097541073934,0.6102993488311768,0.1302182674407959
500,1,9.758399999999998,2.28,1,1,1,4,0.20835501017782093,0.3332507537915164,0.5111027260756856,0.6284275054931641,0.12209343910217285
500,1,9.758399999999998,2.28,1,1,1,5,0.21157681678159435,0.29092107435303605,0.42582094893926237,0.6102447509765625,0.13617229461669922
500,1,9.758399999999998,2.28,1,1,1,6,0.19003599034666782,0.3171416439385695,0.4569624067315361,0.7212731838226318,0.11855340003967285
500,1,9.758399999999998,2.28,1,1,1,7,0.22563286703151794,0.31723171928096244,0.49557254002704454,0.7533786296844482,0.1575307846069336
500,1,9.758399999999998,2.28,1,1,1,8,0.19775693081473325,0.28952429382057066,0.40353680027148964,0.6075096130371094,0.1212315559387207
500,1,9.758399999999998,2.28,1,1,1,9,0.22837670235266866,0.3403744165084823,0.46756503303230446,0.6001145839691162,0.12184381484985352
500,1,9.758399999999998,2.28,1,1,1,10,0.22947794941496885,0.29340612712848346,0.47095025968022397,0.6114091873168945,0.1087045669555664
500,1,9.758399999999998,2.28,1,1,1,11,0.17746423953631094,0.29617219499842923,0.42508187646701845,0.594735860824585,0.12022829055786133
500,1,9.758399999999998,2.28,1,1,1,12,0.18217182357300965,0.24604159877166162,0.3528663052666844,0.7639849185943604,0.15238618850708008
500,1,9.758399999999998,2.28,1,1,1,13,0.18819228307999045,0.3310270484205633,0.416003875603805,0.7410705089569092,0.1527104377746582
500,1,9.758399999999998,2.28,1,1,1,14,0.17954912662508055,0.3845581275836524,0.5121206951628032,0.6022429466247559,0.11741471290588379
500,1,9.758399999999998,2.28,1,1,1,15,0.21126625010175965,0.3076711225347724,0.4635348073460307,0.589362621307373,0.12356948852539062
500,1,9.758399999999998,2.28,1,1,1,16,0.2126490691153094,0.3468930915656928,0.42894677450653473,0.6094441413879395,0.1174924373626709
500,1,9.758399999999998,2.28,1,1,1,17,0.18344111442130365,0.30723501980544554,0.4653525309290675,0.7424190044403076,0.1449892520904541
500,1,9.758399999999998,2.28,1,1,1,18,0.2103272588866886,0.30652704692205784,0.398051240137444,0.719294548034668,0.14972424507141113
500,1,9.758399999999998,2.28,1,1,1,19,0.18050935592699363,0.32099354567110994,0.44254244673953724,0.6721627712249756,0.16388154029846191
500,1,9.758399999999998,2.28,1,1,1,20,0.20066585992506855,0.30283160632950884,0.45517356389265246,0.7344069480895996,0.11363720893859863
500,1,9.758399999999998,2.28,1,1,1,21,0.16633927323070033,0.25702742699862247,0.4140476690953217,0.9324004650115967,0.17077970504760742
500,1,9.758399999999998,2.28,1,1,1,22,0.21897414227680045,0.30049777426732954,0.4294639686684752,0.6919703483581543,0.13776898384094238
500,1,9.758399999999998,2.28,1,1,1,23,0.20112019332872377,0.3690348670023519,0.545795831573463,0.7483193874359131,0.10798287391662598
500,1,9.758399999999998,2.28,1,1,1,24,0.18688268158483662,0.4292833862384026,0.6154747770162842,0.7295570373535156,0.14223623275756836
500,1,10.1556,2.34,1,1,1,0,0.18973963277301673,0.25314325462353143,0.40539350450340617,0.8141148090362549,0.1685938835144043
500,1,10.1556,2.34,1,1,1,1,0.21650714628697929,0.3503784360231246,0.458837893135021,0.7019002437591553,0.1449878215789795
500,1,10.1556,2.34,1,1,1,2,0.21967461922013287,0.32913618219498353,0.48067897561484396,0.6971187591552734,0.1325666904449463
500,1,10.1556,2.34,1,1,1,3,0.21225173646322718,0.32913696256031955,0.4768454604901591,0.7560398578643799,0.14291620254516602
500,1,10.1556,2.34,1,1,1,4,0.18123323332627356,0.3424996759851212,0.44883178915987837,0.9050803184509277,0.17666149139404297
500,1,10.1556,2.34,1,1,1,5,0.19565527773871724,0.2794951085381626,0.40810647681462137,0.7024948596954346,0.11237740516662598
500,1,10.1556,2.34,1,1,1,6,0.21995078122489084,0.3126648006271646,0.44256649070998444,0.7380759716033936,0.14121103286743164
500,1,10.1556,2.34,1,1,1,7,0.18798803033333966,0.3090352024875409,0.4808771896186097,0.7294280529022217,0.13186311721801758
500,1,10.1556,2.34,1,1,1,8,0.19417091762426858,0.3329254648887556,0.47478512116026483,0.8437583446502686,0.14737439155578613
500,1,10.1556,2.34,1,1,1,9,0.21932145580086607,0.33982077219177304,0.4447650137540969,0.7409813404083252,0.1121516227722168
500,1,10.1556,2.34,1,1,1,10,0.19684166226968045,0.330057372309327,0.4808200739042191,0.7416541576385498,0.13064122200012207
500,1,10.1556,2.34,1,1,1,11,0.18909693578185088,0.3863576765255355,0.5754546123073864,0.7344708442687988,0.1292858123779297
500,1,10.1556,2.34,1,1,1,12,0.21880774426267238,0.2877335215954444,0.4504621923916774,0.8414361476898193,0.15244698524475098
500,1,10.1556,2.34,1,1,1,13,0.22539870766998782,0.2651465189645884,0.39455715942067937,0.7433228492736816,0.10896062850952148
500,1,10.1556,2.34,1,1,1,14,0.18462209019456277,0.3231993230133998,0.5025786988503496,0.7539191246032715,0.12371444702148438
500,1,10.1556,2.34,1,1,1,15,0.1896100427946933,0.320014091969836,0.4343251280317627,0.7427976131439209,0.13639140129089355
500,1,10.1556,2.34,1,1,1,16,0.2158983139992193,0.2727981945509109,0.4011734104960167,0.6960821151733398,0.14372539520263672
500,1,10.1556,2.34,1,1,1,17,0.18888883302858606,0.3000166372901181,0.456355560242616,0.7211058139801025,0.1013638973236084
500,1,10.1556,2.34,1,1,1,18,0.18407214776918238,0.32400807019682604,0.4371216432151949,0.7290964126586914,0.12763381004333496
500,1,10.1556,2.34,1,1,1,19,0.20650771334785528,0.3234919265524289,0.46024074522004255,0.855501651763916,0.16082143783569336
500,1,10.1556,2.34,1,1,1,20,0.17672163616599623,0.3193469832963167,0.4501901745275505,0.8801662921905518,0.14573240280151367
500,1,10.1556,2.34,1,1,1,21,0.22213807325124688,0.3437032336130354,0.5009289688305024,0.7218801975250244,0.15700435638427734
500,1,10.1556,2.34,1,1,1,22,0.17484541415972352,0.32727160729983706,0.4481391607243156,0.7572555541992188,0.14110541343688965
500,1,10.1556,2.34,1,1,1,23,0.21416951180691843,0.3428308856606396,0.4916987867938081,0.7468521595001221,0.12682628631591797
500,1,10.1556,2.34,1,1,1,24,0.23897781481801214,0.3541594952138748,0.47605560097373345,0.8134651184082031,0.20923519134521484
500,1,10.56,2.4,1,1,1,0,0.25710591365452107,0.28204424777972437,0.5386083468528666,0.7894041538238525,0.13185644149780273
500,1,10.56,2.4,1,1,1,1,0.1994298027177002,0.26473279866367594,0.4637417788026139,0.7303814888000488,0.11470890045166016
500,1,10.56,2.4,1,1,1,2,0.2024427503449038,0.3234138948465125,0.45447445747796467,0.7102513313293457,0.12609529495239258
500,1,10.56,2.4,1,1,1,3,0.19603401358618303,0.34680608477414165,0.431861729066496,0.765906810760498,0.15896034240722656
500,1,10.56,2.4,1,1,1,4,0.221953891016537,0.3427449055810856,0.4735235559679316,0.7209947109222412,0.14349937438964844
500,1,10.56,2.4,1,1,1,5,0.2460115416910166,0.30845825436217417,0.47959313654859903,0.6824991703033447,0.1274416446685791
500,1,10.56,2.4,1,1,1,6,0.21776966191430489,0.3392193649936664,0.4618011274140777,0.7593965530395508,0.10970878601074219
500,1,10.56,2.4,1,1,1,7,0.230222735752111,0.3208052986041868,0.43390685099630333,0.741560697555542,0.14421415328979492
500,1,10.56,2.4,1,1,1,8,0.21397769573874448,0.3567254568681764,0.48767096724209813,0.8220245838165283,0.11434245109558105
500,1,10.56,2.4,1,1,1,9,0.224889478604579,0.3383486547570629,0.464305751335117,0.79779052734375,0.1051325798034668
500,1,10.56,2.4,1,1,1,10,0.20551213044099853,0.2970807588325021,0.45048500702400973,0.7880189418792725,0.14220118522644043
500,1,10.56,2.4,1,1,1,11,0.23041650666284172,0.3283768030093139,0.5238600997168208,0.7362310886383057,0.1201329231262207
500,1,10.56,2.4,1,1,1,12,0.20957647494124212,0.31902353673124373,0.4771205380521304,0.7290427684783936,0.11291718482971191
500,1,10.56,2.4,1,1,1,13,0.20338079843131435,0.30126719493795195,0.4231325078315196,0.7285397052764893,0.12412476539611816
500,1,10.56,2.4,1,1,1,14,0.2209660834037245,0.30753194769504766,0.4161171107847381,0.7035984992980957,0.13742852210998535
500,1,10.56,2.4,1,1,1,15,0.211774620453321,0.39055709548350276,0.5631136254618887,0.6930513381958008,0.12615633010864258
500,1,10.56,2.4,1,1,1,16,0.2474295150284972,0.3160676740702685,0.44782085611331257,0.7241182327270508,0.11962103843688965
500,1,10.56,2.4,1,1,1,17,0.1930610537247677,0.31522956794242024,0.44739457552166234,0.7603392601013184,0.15606164932250977
500,1,10.56,2.4,1,1,1,18,0.2382755684919261,0.30216826793010415,0.4704016103554639,0.7472660541534424,0.1016685962677002
500,1,10.56,2.4,1,1,1,19,0.2153280616216638,0.356148407670328,0.49353841107769736,0.7193880081176758,0.14289212226867676
500,1,10.56,2.4,1,1,1,20,0.2151984951900598,0.33139918741441426,0.4632806645019616,0.8541290760040283,0.15224552154541016
500,1,10.56,2.4,1,1,1,21,0.1945650024229082,0.3247811964545737,0.4917973184975244,0.7931554317474365,0.16941595077514648
500,1,10.56,2.4,1,1,1,22,0.17349071930890347,0.3354675321752105,0.4692962742837743,0.7108700275421143,0.14146876335144043
500,1,10.56,2.4,1,1,1,23,0.17245851136202323,0.33966807821710593,0.5118009692593042,0.702857494354248,0.11116743087768555
500,1,10.56,2.4,1,1,1,24,0.19825512667219208,0.3265989810258149,0.47074328812138955,0.8568861484527588,0.15875530242919922
500,1,10.9716,2.46,1,1,1,0,0.2030000742331558,0.3468444343307974,0.5304438641103535,0.7856965065002441,0.13531899452209473
500,1,10.9716,2.46,1,1,1,1,0.2185684023997491,0.335391408453107,0.4903034357252406,0.7116129398345947,0.12157726287841797
500,1,10.9716,2.46,1,1,1,2,0.24900287310365368,0.32603189873486543,0.5513730227108233,0.7209887504577637,0.1276721954345703
500,1,10.9716,2.46,1,1,1,3,0.2240456965568081,0.30943380744785637,0.47650651787990783,0.8832175731658936,0.1516246795654297
500,1,10.9716,2.46,1,1,1,4,0.23613149728899077,0.30809304867576887,0.45453584111332834,0.7238497734069824,0.13174152374267578
500,1,10.9716,2.46,1,1,1,5,0.19113775469164446,0.34134314058684967,0.42908271496567774,0.6797506809234619,0.15592646598815918
500,1,10.9716,2.46,1,1,1,6,0.23117545418785723,0.32611853644051164,0.4847338916705798,0.8054904937744141,0.1351015567779541
500,1,10.9716,2.46,1,1,1,7,0.2495245815034361,0.31133367529541855,0.4089248019046061,0.8608078956604004,0.16402220726013184
500,1,10.9716,2.46,1,1,1,8,0.20916465123261266,0.32171425597031533,0.46073204002520207,0.7600655555725098,0.12163424491882324
500,1,10.9716,2.46,1,1,1,9,0.2257935107280104,0.3188042357458867,0.48323660536156576,0.7636170387268066,0.10763931274414062
500,1,10.9716,2.46,1,1,1,10,0.21998962009693598,0.3183384852366463,0.48549283496439266,0.693129301071167,0.13388848304748535
500,1,10.9716,2.46,1,1,1,11,0.304517664993474,0.3159142274482428,0.5010184968805123,0.7933506965637207,0.15661406517028809
500,1,10.9716,2.46,1,1,1,12,0.21817793520865844,0.33317953720685967,0.46804028511224727,0.7535221576690674,0.12767839431762695
500,1,10.9716,2.46,1,1,1,13,0.2276526342956918,0.3160009291136661,0.4507655279458567,0.7496485710144043,0.121978759765625
500,1,10.9716,2.46,1,1,1,14,0.24578551574949317,0.3694254089999311,0.5373844164936821,0.7353308200836182,0.12368226051330566
500,1,10.9716,2.46,1,1,1,15,0.2573777716407764,0.3480214680338726,0.4837475434064185,0.6957097053527832,0.15278220176696777
500,1,10.9716,2.46,1,1,1,16,0.1882615463726575,0.32122179784189026,0.4938771101856709,0.7365100383758545,0.1127159595489502
500,1,10.9716,2.46,1,1,1,17,0.21572153352344534,0.2948697575525355,0.4576964124918019,0.712348222732544,0.13941097259521484
500,1,10.9716,2.46,1,1,1,18,0.22291402082296616,0.4003542716218884,0.6056741029674381,0.7105739116668701,0.12344241142272949
500,1,10.9716,2.46,1,1,1,19,0.18656233025996727,0.3462044042209802,0.4812469837207012,0.7444324493408203,0.15714263916015625
500,1,10.9716,2.46,1,1,1,20,0.24276211374348597,0.3667090378067303,0.5243853960401401,0.7361798286437988,0.1236417293548584
500,1,10.9716,2.46,1,1,1,21,0.22596334287076103,0.30714382246207017,0.4746284969006853,0.7014925479888916,0.1524510383605957
500,1,10.9716,2.46,1,1,1,22,0.18203190317566315,0.3320076216825024,0.4766786468390918,0.7074041366577148,0.13353800773620605
500,1,10.9716,2.46,1,1,1,23,0.21982533259387113,0.3503909593955892,0.49226778584537545,0.756554126739502,0.11245155334472656
500,1,10.9716,2.46,1,1,1,24,0.23968745830407098,0.3188091789728905,0.5378310523187946,0.761326789855957,0.1496412754058838
500,1,11.3904,2.52,1,1,1,0,0.31161103511442334,0.45309567750415347,0.7222761159279376,0.6909337043762207,0.10883331298828125
500,1,11.3904,2.52,1,1,1,1,0.22227433689633513,0.4297965994901724,0.6520709363865076,0.7239186763763428,0.12459731101989746
500,1,11.3904,2.52,1,1,1,2,0.25802512264894456,0.32596687095217275,0.5290939362723593,0.7613921165466309,0.12466144561767578
500,1,11.3904,2.52,1,1,1,3,0.2374869211369352,0.36056789038978315,0.5401501971629062,0.817420482635498,0.1285557746887207
500,1,11.3904,2.52,1,1,1,4,0.21501753105313204,0.33064141002361175,0.4279486746499521,0.7507185935974121,0.12956690788269043
500,1,11.3904,2.52,1,1,1,5,0.19849997522577764,0.33842666806031996,0.45698727909660536,0.6898560523986816,0.12390589714050293
500,1,11.3904,2.52,1,1,1,6,0.2011603744770456,0.3592356681080662,0.5334948408616931,0.7633154392242432,0.1267385482788086
500,1,11.3904,2.52,1,1,1,7,0.22445360859910835,0.3826557835804509,0.523521569692587,0.7748630046844482,0.13016533851623535
500,1,11.3904,2.52,1,1,1,8,0.20270051865616825,0.3276415213525288,0.496759202361548,0.751849889755249,0.13531279563903809
500,1,11.3904,2.52,1,1,1,9,0.26131935959588676,0.3489776577434463,0.5051509303212681,0.7330129146575928,0.1399059295654297
500,1,11.3904,2.52,1,1,1,10,0.21714948213283033,0.34708644788211845,0.46258531315284124,0.7341046333312988,0.15353059768676758
500,1,11.3904,2.52,1,1,1,11,0.26717048128516147,0.45755406291348005,0.7198271719734749,0.7370235919952393,0.11066341400146484
500,1,11.3904,2.52,1,1,1,12,0.22671044082890662,0.34327861204417276,0.4752258718813431,0.729503870010376,0.1142721176147461
500,1,11.3904,2.52,1,1,1,13,0.22708191455409357,0.29788637009338104,0.4439803907261874,0.7615776062011719,0.15195441246032715
500,1,11.3904,2.52,1,1,1,14,0.204968245163531,0.33446977491336044,0.45930547141511535,0.7049572467803955,0.15467453002929688
500,1,11.3904,2.52,1,1,1,15,0.22094206840812713,0.3641534543103884,0.5124172999622285,0.7044272422790527,0.1412501335144043
500,1,11.3904,2.52,1,1,1,16,0.25531857532364216,0.32830554857254257,0.45845793445582383,0.7129266262054443,0.11590862274169922
500,1,11.3904,2.52,1,1,1,17,0.2114458154490143,0.3114281630188132,0.47417443651353497,0.7481656074523926,0.10738277435302734
500,1,11.3904,2.52,1,1,1,18,0.22069150361766063,0.31009733796634814,0.4665679018271368,0.7483954429626465,0.11838006973266602
500,1,11.3904,2.52,1,1,1,19,0.21622935079505237,0.3440125466758344,0.45882057498464207,0.8549206256866455,0.16098475456237793
500,1,11.3904,2.52,1,1,1,20,0.2332047542025084,0.3546412828230857,0.510329680334051,0.7354731559753418,0.1456007957458496
500,1,11.3904,2.52,1,1,1,21,0.21441757312422344,0.3883567442552219,0.6027743173794453,0.7610445022583008,0.1143956184387207
500,1,11.3904,2.52,1,1,1,22,0.30358417813954625,0.3305105571332594,0.5923793297823055,0.718003511428833,0.10442137718200684
500,1,11.3904,2.52,1,1,1,23,0.2477119263183522,0.3459265883570054,0.48536234241449117,0.8210268020629883,0.15901398658752441
500,1,11.3904,2.52,1,1,1,24,0.24487611295902562,0.3394685152067451,0.4252058125650768,0.7131898403167725,0.14533281326293945
500,1,11.8164,2.58,1,1,1,0,0.21346560384867805,0.3489569962576307,0.4944259844142021,0.6820127964019775,0.1356983184814453
500,1,11.8164,2.58,1,1,1,1,0.2694968505171093,0.3250045053055758,0.47382736076568904,0.7220454216003418,0.10866045951843262
500,1,11.8164,2.58,1,1,1,2,0.22633836770781207,0.37936747859405656,0.49525093799438313,1.0897624492645264,0.16696476936340332
500,1,11.8164,2.58,1,1,1,3,0.22326091944612927,0.32656164524824766,0.49902941772837645,0.7446894645690918,0.1186532974243164
500,1,11.8164,2.58,1,1,1,4,0.24055525203397385,0.3665608568479414,0.5155952234822058,0.7211575508117676,0.14174294471740723
500,1,11.8164,2.58,1,1,1,5,0.2160228754608637,0.4081664678893573,0.5602556557132123,0.7679107189178467,0.12167191505432129
500,1,11.8164,2.58,1,1,1,6,0.21791373604294537,0.37844744904318756,0.5746843810455454,0.8395845890045166,0.1530444622039795
500,1,11.8164,2.58,1,1,1,7,0.2659206070306922,0.3314163337406617,0.5410974363805472,0.751359224319458,0.11463737487792969
500,1,11.8164,2.58,1,1,1,8,0.20370388054426422,0.38216367703732285,0.5002630153244009,0.6999261379241943,0.1470041275024414
500,1,11.8164,2.58,1,1,1,9,0.23609827473003636,0.3495001354616436,0.5039798930555486,0.6412689685821533,0.12378764152526855
500,1,11.8164,2.58,1,1,1,10,0.2125536805436356,0.3063856448332351,0.4704257589474008,0.6265261173248291,0.11372661590576172
500,1,11.8164,2.58,1,1,1,11,0.3178882480012605,0.3623140113514151,0.5405337528089922,0.7366511821746826,0.15691161155700684
500,1,11.8164,2.58,1,1,1,12,0.22066175025624019,0.3962603572868029,0.5199420871363457,0.6041576862335205,0.11993241310119629
500,1,11.8164,2.58,1,1,1,13,0.2153869545100606,0.3453157414455476,0.4531600977240637,0.6047821044921875,0.11471867561340332
500,1,11.8164,2.58,1,1,1,14,0.22415227939977886,0.3439743640708266,0.5611693832938601,0.6060113906860352,0.11850309371948242
500,1,11.8164,2.58,1,1,1,15,0.2167777189482197,0.3323663640203789,0.5031309688025825,0.7682924270629883,0.15798687934875488
500,1,11.8164,2.58,1,1,1,16,0.2424121574703339,0.3537795454869146,0.5172533116286714,0.6347122192382812,0.11515927314758301
500,1,11.8164,2.58,1,1,1,17,0.2695124368016523,0.34314826456439845,0.5554632535208226,0.613976240158081,0.12677836418151855
500,1,11.8164,2.58,1,1,1,18,0.2222200701203076,0.3749125130201849,0.5389721075472149,0.6228454113006592,0.10871195793151855
500,1,11.8164,2.58,1,1,1,19,0.23107316101811196,0.33451221780548684,0.5655853788235988,0.5932977199554443,0.12058687210083008
500,1,11.8164,2.58,1,1,1,20,0.2231861655774825,0.31875244055247914,0.4455285194222709,0.7648875713348389,0.14954447746276855
500,1,11.8164,2.58,1,1,1,21,0.2343151933314814,0.33641671352237906,0.4983138380112783,0.5837762355804443,0.13866019248962402
500,1,11.8164,2.58,1,1,1,22,0.18469665507990427,0.32266364276978954,0.4791303420045285,0.6366143226623535,0.1433854103088379
500,1,11.8164,2.58,1,1,1,23,0.24305747800644253,0.35551888832420386,0.5331649799669396,0.5961410999298096,0.12395644187927246
500,1,11.8164,2.58,1,1,1,24,0.24286012852648176,0.3344282420352114,0.5127361146738065,0.577775239944458,0.12960433959960938
500,1,12.249599999999997,2.6399999999999997,1,1,1,0,0.2160170467953993,0.38058491637935193,0.5171444542384065,0.7681958675384521,0.14844846725463867
500,1,12.249599999999997,2.6399999999999997,1,1,1,1,0.2596888872670559,0.3549734876464699,0.6146623749135258,0.5916237831115723,0.12010717391967773
500,1,12.249599999999997,2.6399999999999997,1,1,1,2,0.25669185493065655,0.3577582757939362,0.4505197540680149,0.5915310382843018,0.11527109146118164
500,1,12.249599999999997,2.6399999999999997,1,1,1,3,0.20839407343168492,0.3487980852478907,0.4809409596827594,0.5741302967071533,0.11905288696289062
500,1,12.249599999999997,2.6399999999999997,1,1,1,4,0.2409805159449166,0.4158192031717974,0.6301693575944981,0.5904538631439209,0.1075887680053711
500,1,12.249599999999997,2.6399999999999997,1,1,1,5,0.21504028811943696,0.36863941159282404,0.5287290362941341,0.9391319751739502,0.1902484893798828
500,1,12.249599999999997,2.6399999999999997,1,1,1,6,0.21226509657576006,0.3841098021308084,0.5325529398501774,0.6815319061279297,0.10667061805725098
500,1,12.249599999999997,2.6399999999999997,1,1,1,7,0.22069345637753093,0.39209317429845825,0.5842747921258603,0.6068828105926514,0.10446548461914062
500,1,12.249599999999997,2.6399999999999997,1,1,1,8,0.2682601546700043,0.3676099920887149,0.6047463640398977,0.6005198955535889,0.12242388725280762
500,1,12.249599999999997,2.6399999999999997,1,1,1,9,0.23342948720265663,0.34686034732305454,0.5305289708456249,0.6119222640991211,0.11916661262512207
500,1,12.249599999999997,2.6399999999999997,1,1,1,10,0.24495986129987157,0.3645027992750878,0.5012353007145346,0.6250081062316895,0.12657618522644043
500,1,12.249599999999997,2.6399999999999997,1,1,1,11,0.24338701760506265,0.3209017172009883,0.4607851210599889,0.5919246673583984,0.11780691146850586
500,1,12.249599999999997,2.6399999999999997,1,1,1,12,0.20854499195604204,0.3710920390543684,0.5152726134021803,0.5832729339599609,0.12401247024536133
500,1,12.249599999999997,2.6399999999999997,1,1,1,13,0.26906516442299905,0.36242810521910757,0.5539481481589055,0.6063275337219238,0.11495518684387207
500,1,12.249599999999997,2.6399999999999997,1,1,1,14,0.2171660512464538,0.3827288208596138,0.5121534462294415,0.6862266063690186,0.1523294448852539
500,1,12.249599999999997,2.6399999999999997,1,1,1,15,0.2546947119201179,0.3622059074199754,0.5158936446468072,0.6420860290527344,0.13117194175720215
500,1,12.249599999999997,2.6399999999999997,1,1,1,16,0.2371941551630369,0.3384802002552888,0.4886057945866883,0.5876240730285645,0.13474488258361816
500,1,12.249599999999997,2.6399999999999997,1,1,1,17,0.22176564085436062,0.3884257178342586,0.5902363625267439,0.5992119312286377,0.11533260345458984
500,1,12.249599999999997,2.6399999999999997,1,1,1,18,0.22583533068814687,0.37417132301995376,0.540709070408455,0.6128973960876465,0.13585662841796875
500,1,12.249599999999997,2.6399999999999997,1,1,1,19,0.21529097609770845,0.3755606581159101,0.5668348587296465,0.7631709575653076,0.1679844856262207
500,1,12.249599999999997,2.6399999999999997,1,1,1,20,0.25082369983776626,0.38703757391971877,0.6173368174899809,0.5999717712402344,0.12985491752624512
500,1,12.249599999999997,2.6399999999999997,1,1,1,21,0.2907654997195071,0.326389535982564,0.4996929424039112,0.6245462894439697,0.12400269508361816
500,1,12.249599999999997,2.6399999999999997,1,1,1,22,0.29091131358896755,0.3613359319135959,0.6151668359287242,0.5894460678100586,0.1326298713684082
500,1,12.249599999999997,2.6399999999999997,1,1,1,23,0.2609874815209549,0.42582737802992726,0.6429408230540266,0.6366970539093018,0.1139078140258789
500,1,12.249599999999997,2.6399999999999997,1,1,1,24,0.25682625425566763,0.353572372149832,0.5079774977918711,0.8480520248413086,0.15557217597961426
500,1,12.689999999999996,2.6999999999999997,1,1,1,0,0.2566901079682965,0.3702730771638365,0.5881460484021189,0.6146430969238281,0.1287086009979248
500,1,12.689999999999996,2.6999999999999997,1,1,1,1,0.2099083679475308,0.3716944549066505,0.5507234733884265,0.6613707542419434,0.12817144393920898
500,1,12.689999999999996,2.6999999999999997,1,1,1,2,0.22987296074440688,0.4167732282933823,0.5977341978040785,0.6325502395629883,0.11055564880371094
500,1,12.689999999999996,2.6999999999999997,1,1,1,3,0.22050505374868676,0.39004818001228353,0.47067144818921447,0.5851879119873047,0.12221264839172363
500,1,12.689999999999996,2.6999999999999997,1,1,1,4,0.24241430004055672,0.40881708847874354,0.6205290438556046,0.7260785102844238,0.11371874809265137
500,1,12.689999999999996,2.6999999999999997,1,1,1,5,0.24343300754059985,0.3214079937100818,0.5034931907679038,0.6285064220428467,0.1269690990447998
500,1,12.689999999999996,2.6999999999999997,1,1,1,6,0.2300123369813247,0.39681321020655297,0.5333371580525281,0.6292276382446289,0.12745022773742676
500,1,12.689999999999996,2.6999999999999997,1,1,1,7,0.30863933789360504,0.4150414875200711,0.692498035529701,0.5911943912506104,0.12632131576538086
500,1,12.689999999999996,2.6999999999999997,1,1,1,8,0.28935434066948196,0.33557278977944754,0.48861168904256547,0.6382613182067871,0.1164693832397461
500,1,12.689999999999996,2.6999999999999997,1,1,1,9,0.258651788819165,0.3494450563922355,0.5360351793806265,0.6380276679992676,0.1336379051208496
500,1,12.689999999999996,2.6999999999999997,1,1,1,10,0.3200015329227763,0.40802484857199617,0.5862079378395653,0.6235108375549316,0.1071314811706543
500,1,12.689999999999996,2.6999999999999997,1,1,1,11,0.29004138287592923,0.3418625733274486,0.5705507586363863,0.6075141429901123,0.12550902366638184
500,1,12.689999999999996,2.6999999999999997,1,1,1,12,0.25758002693631726,0.3765206824737063,0.565379254695517,0.600318193435669,0.12232542037963867
500,1,12.689999999999996,2.6999999999999997,1,1,1,13,0.2267256128989974,0.3762580186557731,0.5592274669698908,0.6336245536804199,0.15095949172973633
500,1,12.689999999999996,2.6999999999999997,1,1,1,14,0.2676045755017125,0.39317393089039554,0.6464626587117306,0.6515264511108398,0.12951946258544922
500,1,12.689999999999996,2.6999999999999997,1,1,1,15,0.23994010587001913,0.49807581898493086,0.7367685547376841,0.581881046295166,0.11970925331115723
500,1,12.689999999999996,2.6999999999999997,1,1,1,16,0.232082668558712,0.342000368933689,0.4953300426009787,0.6701445579528809,0.11896634101867676
500,1,12.689999999999996,2.6999999999999997,1,1,1,17,0.23552266580440812,0.36089317670481114,0.5256442386551308,0.6526556015014648,0.12508249282836914
500,1,12.689999999999996,2.6999999999999997,1,1,1,18,0.24444931204628303,0.37103898282948,0.5752183752903135,0.774113655090332,0.15486836433410645
500,1,12.689999999999996,2.6999999999999997,1,1,1,19,0.25312867650082255,0.3419299972044862,0.5723613228607147,0.6079115867614746,0.11405634880065918
500,1,12.689999999999996,2.6999999999999997,1,1,1,20,0.29479183823942584,0.3421873082130232,0.5365044541487018,0.583521842956543,0.12673282623291016
500,1,12.689999999999996,2.6999999999999997,1,1,1,21,0.24801330520233042,0.3849514909080194,0.6329647961103498,0.5814456939697266,0.11829447746276855
500,1,12.689999999999996,2.6999999999999997,1,1,1,22,0.24254474086686215,0.3576889896488841,0.6002337305157462,0.6126916408538818,0.11662983894348145
500,1,12.689999999999996,2.6999999999999997,1,1,1,23,0.2575900847237512,0.3595313170498641,0.5481015454133031,0.8399853706359863,0.14823269844055176
500,1,12.689999999999996,2.6999999999999997,1,1,1,24,0.23460928317624574,0.33895180130371455,0.541005530874457,0.5964832305908203,0.13902592658996582
500,1,13.137599999999999,2.76,1,1,1,0,0.26379144510079133,0.3565725653261874,0.5153042181662323,0.6144404411315918,0.11764121055603027
500,1,13.137599999999999,2.76,1,1,1,1,0.2772405296463496,0.3266234399382061,0.5108730173600597,0.6674447059631348,0.12165236473083496
500,1,13.137599999999999,2.76,1,1,1,2,0.2648555174532212,0.38388751277368666,0.536017275895248,0.5701289176940918,0.12162160873413086
500,1,13.137599999999999,2.76,1,1,1,3,0.2965050056890767,0.3820179941418787,0.5487609574374914,0.7961647510528564,0.13120555877685547
500,1,13.137599999999999,2.76,1,1,1,4,0.23211666517665933,0.3710215779934533,0.5156366712448963,0.6583902835845947,0.1256880760192871
500,1,13.137599999999999,2.76,1,1,1,5,0.2712338559978966,0.3940164587656803,0.5823142100324628,0.6105237007141113,0.1146094799041748
500,1,13.137599999999999,2.76,1,1,1,6,0.26025492577732007,0.3996296783024503,0.5641586168520479,0.5821962356567383,0.12787508964538574
500,1,13.137599999999999,2.76,1,1,1,7,0.2729108507850269,0.35914377895993715,0.5649208269682557,0.6060550212860107,0.13571572303771973
500,1,13.137599999999999,2.76,1,1,1,8,0.23418214323313788,0.47775097197859834,0.6235605620464655,0.6535913944244385,0.15739202499389648
500,1,13.137599999999999,2.76,1,1,1,9,0.3186472411050351,0.3907405658879399,0.709387806992975,0.6695556640625,0.150587797164917
500,1,13.137599999999999,2.76,1,1,1,10,0.2749765609276882,0.3662410995437939,0.5715467830028977,0.6118006706237793,0.12770891189575195
500,1,13.137599999999999,2.76,1,1,1,11,0.31245193089248824,0.37310518939700943,0.540605307426294,0.6553869247436523,0.11758279800415039
500,1,13.137599999999999,2.76,1,1,1,12,0.28895403265668207,0.36964885170745837,0.523427977995939,0.747612714767456,0.1693892478942871
500,1,13.137599999999999,2.76,1,1,1,13,0.22489967875761163,0.380258040267798,0.5660914559927314,0.633263349533081,0.1222531795501709
500,1,13.137599999999999,2.76,1,1,1,14,0.2366399288512229,0.37390896520733563,0.48858992171062693,0.6149373054504395,0.12688708305358887
500,1,13.137599999999999,2.76,1,1,1,15,0.28110352590065546,0.44141692245687636,0.6566803699647539,0.6041245460510254,0.11708998680114746
500,1,13.137599999999999,2.76,1,1,1,16,0.3055642083627179,0.4127154755287212,0.7182796838914391,0.6074843406677246,0.1268932819366455
500,1,13.137599999999999,2.76,1,1,1,17,0.2818769700072088,0.3565985732427881,0.5919867387332051,0.8357391357421875,0.16691017150878906
500,1,13.137599999999999,2.76,1,1,1,18,0.3427662061479608,0.379512388985831,0.6145533550533617,0.6168346405029297,0.1393728256225586
500,1,13.137599999999999,2.76,1,1,1,19,0.20655582145007675,0.4232906130447466,0.6297417633959659,0.6715965270996094,0.13609957695007324
500,1,13.137599999999999,2.76,1,1,1,20,0.20041977794475735,0.38619827835597426,0.4866750706394694,0.587409496307373,0.11324810981750488
500,1,13.137599999999999,2.76,1,1,1,21,0.2680353485914869,0.36636444688460257,0.5260696327574343,0.5808274745941162,0.12067675590515137
500,1,13.137599999999999,2.76,1,1,1,22,0.31027268991634555,0.48901161651968483,0.7992843064360304,0.7182166576385498,0.13445138931274414
500,1,13.137599999999999,2.76,1,1,1,23,0.24345074689742133,0.4139147741303758,0.5529287001150037,0.6531345844268799,0.10962796211242676
500,1,13.137599999999999,2.76,1,1,1,24,0.25291595042074555,0.4295703646654869,0.5450227799426391,0.5981497764587402,0.12076473236083984
500,1,13.5924,2.82,1,1,1,0,0.23840568373708856,0.38709146104906816,0.5393547829624773,0.6253206729888916,0.12459063529968262
500,1,13.5924,2.82,1,1,1,1,0.26435333025553404,0.46142627027446437,0.6512843005942299,0.6293125152587891,0.13898444175720215
500,1,13.5924,2.82,1,1,1,2,0.24941635217187355,0.427818209202881,0.6702644144520132,0.6582071781158447,0.13123393058776855
500,1,13.5924,2.82,1,1,1,3,0.213358440612143,0.3743174553990079,0.5616129702583993,0.5973002910614014,0.1220390796661377
500,1,13.5924,2.82,1,1,1,4,0.24199904295354233,0.39835964707779375,0.5656369937897335,0.5706593990325928,0.10901784896850586
500,1,13.5924,2.82,1,1,1,5,0.21473648528708947,0.3420984312698436,0.5465317387245486,0.6107363700866699,0.13924098014831543
500,1,13.5924,2.82,1,1,1,6,0.25054197566108277,0.37241400755802834,0.5135675289832876,0.7665603160858154,0.1519317626953125
500,1,13.5924,2.82,1,1,1,7,0.20832407851455817,0.38782050041630717,0.4840006369799237,0.6011207103729248,0.11342835426330566
500,1,13.5924,2.82,1,1,1,8,0.26508058243724564,0.40063747774540776,0.6657180601826533,0.6107802391052246,0.11017608642578125
500,1,13.5924,2.82,1,1,1,9,0.23265292477338673,0.38153708641025136,0.49660603283038635,0.6031041145324707,0.11991000175476074
500,1,13.5924,2.82,1,1,1,10,0.28696058863080814,0.40208793471788945,0.5557816182108556,0.6130118370056152,0.11948084831237793
500,1,13.5924,2.82,1,1,1,11,0.24916219639527354,0.43406919701080837,0.5297404494931696,0.7896721363067627,0.17438149452209473
500,1,13.5924,2.82,1,1,1,12,0.43502295025398346,0.42632747824707334,0.7298895958453834,0.5892744064331055,0.11245989799499512
500,1,13.5924,2.82,1,1,1,13,0.30406248682963394,0.3898802451371,0.693942731966734,0.6041724681854248,0.12609434127807617
500,1,13.5924,2.82,1,1,1,14,0.26956071396572323,0.3673958490920787,0.5265544697452285,0.6056857109069824,0.11176681518554688
500,1,13.5924,2.82,1,1,1,15,0.22018515860266732,0.4368864328869817,0.6333605235981429,0.5856852531433105,0.12862610816955566
500,1,13.5924,2.82,1,1,1,16,0.21751621670966664,0.3820224389212715,0.5175247813738844,0.8204653263092041,0.14874553680419922
500,1,13.5924,2.82,1,1,1,17,0.27823254552005444,0.45061326843271243,0.61036545921873,0.6103110313415527,0.13892650604248047
500,1,13.5924,2.82,1,1,1,18,0.35679566520810524,0.41895573161240024,0.5829120304339559,0.6264653205871582,0.12142825126647949
500,1,13.5924,2.82,1,1,1,19,0.23709665280145686,0.43356285225313085,0.6173538094206868,0.8236525058746338,0.15730953216552734
500,1,13.5924,2.82,1,1,1,20,0.27063594554290066,0.3430813470693313,0.6051993440679846,0.6293680667877197,0.12590503692626953
500,1,13.5924,2.82,1,1,1,21,0.2357751205788206,0.3988597753878224,0.531183614767077,0.6200089454650879,0.13852596282958984
500,1,13.5924,2.82,1,1,1,22,0.3024085995999014,0.4653963121092534,0.6720912971029772,0.6038362979888916,0.14625930786132812
500,1,13.5924,2.82,1,1,1,23,0.2611256595556167,0.3553523648263293,0.5559999453105873,0.6128880977630615,0.13464808464050293
500,1,13.5924,2.82,1,1,1,24,0.25911664544470675,0.36882523901335285,0.5047006865260675,0.5810620784759521,0.11698198318481445
500,1,14.0544,2.88,1,1,1,0,0.22752137488689178,0.4142120182598338,0.5859733528548433,0.6524722576141357,0.1532888412475586
500,1,14.0544,2.88,1,1,1,1,0.2301867309389532,0.416250840807305,0.6305013361011521,0.6237928867340088,0.12639880180358887
500,1,14.0544,2.88,1,1,1,2,0.2930954038927596,0.4351285525315672,0.6509339165525203,0.5959458351135254,0.1122434139251709
500,1,14.0544,2.88,1,1,1,3,0.2535465379855978,0.3733533928581006,0.5628881444302951,0.6109814643859863,0.11072134971618652
500,1,14.0544,2.88,1,1,1,4,0.2883140421342425,0.4175917964165209,0.5959783936585699,0.5945959091186523,0.12562084197998047
500,1,14.0544,2.88,1,1,1,5,0.23843784170503163,0.3855848927904458,0.567581719565799,0.7269961833953857,0.1495659351348877
500,1,14.0544,2.88,1,1,1,6,0.29356114873969663,0.4752018122641176,0.7190011901645892,0.6037838459014893,0.12633752822875977
500,1,14.0544,2.88,1,1,1,7,0.3435951187673241,0.4143244490565311,0.6548691009724715,0.6059679985046387,0.1121513843536377
500,1,14.0544,2.88,1,1,1,8,0.2605628800257861,0.40849373307557874,0.6690566131013649,0.5976026058197021,0.12578463554382324
500,1,14.0544,2.88,1,1,1,9,0.26107906629017236,0.37817859030096984,0.5748630150886975,0.615351676940918,0.13490653038024902
500,1,14.0544,2.88,1,1,1,10,0.36746828159729367,0.4440438300559433,0.7941012003872192,0.7671852111816406,0.1649610996246338
500,1,14.0544,2.88,1,1,1,11,0.29737250152126865,0.414177735639697,0.6363039190317851,0.6043152809143066,0.10888504981994629
500,1,14.0544,2.88,1,1,1,12,0.24593635020145416,0.3662839267670559,0.5061884658049101,0.7546007633209229,0.14915013313293457
500,1,14.0544,2.88,1,1,1,13,0.26744877857534316,0.3850139977333235,0.6307885724815032,0.6283705234527588,0.12227201461791992
500,1,14.0544,2.88,1,1,1,14,0.2717562227684903,0.4176393031037954,0.6081591461263745,0.6975584030151367,0.1105036735534668
500,1,14.0544,2.88,1,1,1,15,0.2301556248687641,0.4044124724438693,0.5218000017931932,0.7627978324890137,0.12418317794799805
500,1,14.0544,2.88,1,1,1,16,0.3332052317451622,0.388467988354281,0.6154207921460344,0.8018138408660889,0.14010381698608398
500,1,14.0544,2.88,1,1,1,17,0.24089124211761337,0.3948550324066616,0.635746274524275,0.76177978515625,0.1595754623413086
500,1,14.0544,2.88,1,1,1,18,0.2574961382027539,0.4132121795713765,0.5392946052808292,0.7412304878234863,0.14009428024291992
500,1,14.0544,2.88,1,1,1,19,0.24266573305755587,0.42402518269199996,0.6090252424536642,0.8806602954864502,0.1443631649017334
500,1,14.0544,2.88,1,1,1,20,0.26661804331433664,0.3831137442788942,0.5551523098811791,0.7362062931060791,0.16516900062561035
500,1,14.0544,2.88,1,1,1,21,0.23319181068115677,0.4322928769783629,0.6323769017945738,0.6889479160308838,0.13864850997924805
500,1,14.0544,2.88,1,1,1,22,0.2834181673870717,0.38217338445842686,0.5285655085374394,0.742283821105957,0.13570880889892578
500,1,14.0544,2.88,1,1,1,23,0.2555308245268837,0.3931614154346621,0.6177467650256747,0.8848581314086914,0.1633739471435547
500,1,14.0544,2.88,1,1,1,24,0.22824349334497013,0.39742800119073796,0.5466401785380604,0.7808763980865479,0.1325690746307373
500,1,14.523599999999998,2.94,1,1,1,0,0.3179642922343974,0.38619546071522876,0.6404389578777712,0.8155941963195801,0.14164209365844727
500,1,14.523599999999998,2.94,1,1,1,1,0.24748922608056015,0.35736368669381374,0.5753477395934251,0.7853937149047852,0.12669920921325684
500,1,14.523599999999998,2.94,1,1,1,2,0.34024136280079165,0.405652237667338,0.7177086082276991,0.8559458255767822,0.16815447807312012
500,1,14.523599999999998,2.94,1,1,1,3,0.2967813424397198,0.3766086787642357,0.6259944080428583,0.8316547870635986,0.15584111213684082
500,1,14.523599999999998,2.94,1,1,1,4,0.2822782152714898,0.4518267603949934,0.629197237749485,0.7057182788848877,0.11366891860961914
500,1,14.523599999999998,2.94,1,1,1,5,0.31200055399312443,0.4992048922772294,0.8102139831829195,0.7586498260498047,0.12394857406616211
500,1,14.523599999999998,2.94,1,1,1,6,0.3139598472421837,0.528992473260255,0.7942333950423408,0.8153030872344971,0.14264798164367676
500,1,14.523599999999998,2.94,1,1,1,7,0.28231384746153876,0.4622299130490279,0.6994734051281842,0.7445857524871826,0.10968232154846191
500,1,14.523599999999998,2.94,1,1,1,8,0.2473103675170334,0.4135683755595279,0.6329011571551832,0.6994917392730713,0.11206245422363281
500,1,14.523599999999998,2.94,1,1,1,9,0.35812287093878187,0.3883317605155201,0.6241416132499118,0.7536401748657227,0.11762690544128418
500,1,14.523599999999998,2.94,1,1,1,10,0.27156251912991847,0.41350094671276916,0.547823210723078,0.9625399112701416,0.14836478233337402
500,1,14.523599999999998,2.94,1,1,1,11,0.27786854316593723,0.3645604116358222,0.5467725258129271,0.7033591270446777,0.13643383979797363
500,1,14.523599999999998,2.94,1,1,1,12,0.2628483168162637,0.48790611616456087,0.6433140116778395,0.7590837478637695,0.12468743324279785
500,1,14.523599999999998,2.94,1,1,1,13,0.2665146172246271,0.4692947739654561,0.6201677839759834,0.7410869598388672,0.13533592224121094
500,1,14.523599999999998,2.94,1,1,1,14,0.24171016807147258,0.4315420361666985,0.5676208534242664,0.8518867492675781,0.16194367408752441
500,1,14.523599999999998,2.94,1,1,1,15,0.293373438104029,0.4172936371983805,0.5812484494057741,0.7648773193359375,0.11083197593688965
500,1,14.523599999999998,2.94,1,1,1,16,0.34791957052496675,0.3689555736400715,0.6946362190691773,0.7760839462280273,0.11163640022277832
500,1,14.523599999999998,2.94,1,1,1,17,0.2978558310336505,0.47776266376021675,0.727525151820791,0.7121355533599854,0.14511680603027344
500,1,14.523599999999998,2.94,1,1,1,18,0.288914025788795,0.37317317905998176,0.5569895281316913,0.9846670627593994,0.1659095287322998
500,1,14.523599999999998,2.94,1,1,1,19,0.37478489051158964,0.39633862854603136,0.7245251462885511,0.7333567142486572,0.11991739273071289
500,1,14.523599999999998,2.94,1,1,1,20,0.28709992339216583,0.42313408270186204,0.6375753896499409,0.7090516090393066,0.14766550064086914
500,1,14.523599999999998,2.94,1,1,1,21,0.35848898441144955,0.49842594725519795,0.7521757794503341,0.6719081401824951,0.15090537071228027
500,1,14.523599999999998,2.94,1,1,1,22,0.28967265560085687,0.4676767343007254,0.7573493899015823,0.79343581199646,0.16300129890441895
500,1,14.523599999999998,2.94,1,1,1,23,0.26431737847488634,0.4517466571907213,0.6157641417058587,0.7532327175140381,0.12873077392578125
500,1,14.523599999999998,2.94,1,1,1,24,0.2782335687827845,0.4013891179017376,0.6060208552594019,0.7872207164764404,0.1365063190460205
500,1,15.0,3.0,1,1,1,0,0.2976465428039565,0.4098955491170309,0.5726493586405342,0.7436680793762207,0.10604429244995117
500,1,15.0,3.0,1,1,1,1,0.25378038711225787,0.4108468629393003,0.5603077721556908,0.9161198139190674,0.17108798027038574
500,1,15.0,3.0,1,1,1,2,0.26815092739021995,0.3858621463816227,0.526102048390146,0.6685352325439453,0.15565276145935059
500,1,15.0,3.0,1,1,1,3,0.33174461839889774,0.46038890034822444,0.7588661908703549,0.7517557144165039,0.13814926147460938
500,1,15.0,3.0,1,1,1,4,0.3434811873387115,0.3742880236686649,0.6658634571519823,0.7744250297546387,0.12669920921325684
500,1,15.0,3.0,1,1,1,5,0.2955977271170108,0.4111222024599205,0.5846585811547285,0.7053906917572021,0.15677332878112793
500,1,15.0,3.0,1,1,1,6,0.3477554703789557,0.47234063051983505,0.6772625296442232,0.7476162910461426,0.12902593612670898
500,1,15.0,3.0,1,1,1,7,0.2688758602490157,0.38093776314779243,0.5914000665176896,0.7950284481048584,0.12691354751586914
500,1,15.0,3.0,1,1,1,8,0.28639334136603434,0.3967275912182754,0.5878714620209855,0.7362122535705566,0.15451622009277344
500,1,15.0,3.0,1,1,1,9,0.25571558689657664,0.3852000070505796,0.5723032530055752,0.7638850212097168,0.15842032432556152
500,1,15.0,3.0,1,1,1,10,0.3765002169204477,0.453878483739392,0.7393474956234634,0.699815034866333,0.15200543403625488
500,1,15.0,3.0,1,1,1,11,0.26051978072320575,0.44243734640773846,0.6497558826607184,0.8242685794830322,0.1416151523590088
500,1,15.0,3.0,1,1,1,12,0.3401791905295329,0.43254428120061944,0.6817493408189352,0.7706148624420166,0.17159438133239746
500,1,15.0,3.0,1,1,1,13,0.3302141263470562,0.3652072959861651,0.6154623046654761,0.8022534847259521,0.16351318359375
500,1,15.0,3.0,1,1,1,14,0.2739389325124271,0.40145601733055986,0.6120216720467344,0.7838232517242432,0.12631726264953613
500,1,15.0,3.0,1,1,1,15,0.28340564318360656,0.396402068639252,0.5907140794745729,0.7198405265808105,0.13704299926757812
500,1,15.0,3.0,1,1,1,16,0.2607258617305237,0.418307500872598,0.6108467375729537,0.7725090980529785,0.12951898574829102
500,1,15.0,3.0,1,1,1,17,0.2661159590946667,0.40544801935908426,0.5487159599696025,0.7615230083465576,0.12940216064453125
500,1,15.0,3.0,1,1,1,18,0.2863870694330756,0.3775505137525574,0.6348696984398592,0.7597813606262207,0.1288764476776123
500,1,15.0,3.0,1,1,1,19,0.266320649744753,0.47240604498816546,0.6456916486499112,0.7300541400909424,0.14650511741638184
500,1,15.0,3.0,1,1,1,20,0.28398497117958393,0.4277166833860816,0.6467996851671007,0.7187912464141846,0.12508845329284668
500,1,15.0,3.0,1,1,1,21,0.2473552527491054,0.44713085479500553,0.6412267939462326,0.7347793579101562,0.1224205493927002
500,1,15.0,3.0,1,1,1,22,0.3156033993749031,0.43154111506258075,0.6666621257327063,0.7515377998352051,0.14327073097229004
500,1,15.0,3.0,1,1,1,23,0.26360751463416676,0.5075812238109773,0.7680850538897592,0.6947596073150635,0.17089247703552246
500,1,15.0,3.0,1,1,1,24,0.26414157356075146,0.38976456217431543,0.6342231573301862,0.717965841293335,0.1419830322265625
500,1,15.483600000000001,3.06,1,1,1,0,0.2388006688781294,0.39742592103650476,0.5417466024606857,0.7039461135864258,0.16493701934814453
500,1,15.483600000000001,3.06,1,1,1,1,0.29886838764232254,0.5072313932169595,0.806099780859282,0.6967244148254395,0.13568663597106934
500,1,15.483600000000001,3.06,1,1,1,2,0.29474253916832516,0.415055516692899,0.6234593050247359,0.7412247657775879,0.1486835479736328
500,1,15.483600000000001,3.06,1,1,1,3,0.29273293661175404,0.4284637011903787,0.6169744738175378,0.7588727474212646,0.12165665626525879
500,1,15.483600000000001,3.06,1,1,1,4,0.2843559544357606,0.43225707270700786,0.6300583272043678,0.6860201358795166,0.15481781959533691
500,1,15.483600000000001,3.06,1,1,1,5,0.35728488459015734,0.47186890025108386,0.7806238486719768,0.8828456401824951,0.15264129638671875
500,1,15.483600000000001,3.06,1,1,1,6,0.2706589881884999,0.350405997503423,0.562046184306148,0.7077128887176514,0.12025260925292969
500,1,15.483600000000001,3.06,1,1,1,7,0.25161504342066054,0.4400028916321698,0.6564697287694045,0.7508704662322998,0.11776375770568848
500,1,15.483600000000001,3.06,1,1,1,8,0.31119952684471625,0.40453681669798414,0.704357438497768,0.7379558086395264,0.15369725227355957
500,1,15.483600000000001,3.06,1,1,1,9,0.30010732575470034,0.43073987079360454,0.5894826968711326,0.8433961868286133,0.1577911376953125
500,1,15.483600000000001,3.06,1,1,1,10,0.313366567813711,0.6304533952054552,0.8686025486236236,0.6901752948760986,0.12865948677062988
500,1,15.483600000000001,3.06,1,1,1,11,0.2680232616879415,0.47066043200102664,0.5996259612188363,0.7355563640594482,0.1256396770477295
500,1,15.483600000000001,3.06,1,1,1,12,0.36543650554935336,0.44439418753502624,0.6969740188165083,0.7748856544494629,0.13640856742858887
500,1,15.483600000000001,3.06,1,1,1,13,0.3105178504050129,0.42983382522956737,0.7070777013634588,0.8066635131835938,0.15958046913146973
500,1,15.483600000000001,3.06,1,1,1,14,0.24745867328878146,0.45475619518048427,0.6174221934932584,0.8869738578796387,0.16602492332458496
500,1,15.483600000000001,3.06,1,1,1,15,0.3092651016968857,0.39705372084296325,0.6435773081979033,0.7460191249847412,0.11809325218200684
500,1,15.483600000000001,3.06,1,1,1,16,0.23696256150795905,0.5732928487026311,0.8102554102105901,0.7280278205871582,0.15578842163085938
500,1,15.483600000000001,3.06,1,1,1,17,0.3369920198676175,0.4023606889036898,0.6821691166381287,0.9664008617401123,0.17883944511413574
500,1,15.483600000000001,3.06,1,1,1,18,0.27045922740833733,0.45889395325032906,0.6392588916842559,0.7110569477081299,0.12266778945922852
500,1,15.483600000000001,3.06,1,1,1,19,0.3307346031699058,0.3895382322290751,0.5428171013353009,0.7394874095916748,0.1270904541015625
500,1,15.483600000000001,3.06,1,1,1,20,0.2855660179229226,0.4270704614798376,0.6179551771827614,0.7197849750518799,0.13059163093566895
500,1,15.483600000000001,3.06,1,1,1,21,0.2922398339848247,0.4455992390310773,0.6345939825166903,0.8108415603637695,0.1781599521636963
500,1,15.483600000000001,3.06,1,1,1,22,0.2615292127223869,0.4531666445295707,0.6720822908920718,0.7153017520904541,0.13663816452026367
500,1,15.483600000000001,3.06,1,1,1,23,0.2355682081061735,0.5158320214671251,0.6177429133086249,0.7692432403564453,0.12853288650512695
500,1,15.483600000000001,3.06,1,1,1,24,0.2688633363305697,0.4767383767941995,0.6760128291576173,0.7083516120910645,0.15239262580871582
500,1,15.974400000000001,3.12,1,1,1,0,0.2899527136919344,0.42593013649322387,0.5900067997847656,0.8342387676239014,0.1616833209991455
500,1,15.974400000000001,3.12,1,1,1,1,0.3641535043040102,0.6821293275284022,1.0462828318324124,0.77817702293396,0.12862491607666016
500,1,15.974400000000001,3.12,1,1,1,2,0.3234579860968596,0.42521375312750204,0.7331356696985758,0.8268074989318848,0.13930392265319824
500,1,15.974400000000001,3.12,1,1,1,3,0.38230105384676083,0.4949516015352515,0.8772526553820124,0.7516658306121826,0.15761590003967285
500,1,15.974400000000001,3.12,1,1,1,4,0.41336017836114985,0.5751937150345251,0.8918378735964436,0.7348177433013916,0.14391136169433594
500,1,15.974400000000001,3.12,1,1,1,5,0.27760525333174796,0.4625741675471167,0.6692711839558597,0.7390470504760742,0.1131129264831543
500,1,15.974400000000001,3.12,1,1,1,6,0.3641976911098509,0.4138682851301744,0.6607079446632985,0.7186923027038574,0.12861227989196777
500,1,15.974400000000001,3.12,1,1,1,7,0.3521115121223306,0.6377505616277303,0.8707294411178618,0.7351391315460205,0.10774564743041992
500,1,15.974400000000001,3.12,1,1,1,8,0.45617429706924284,0.46466440765188805,0.6269678163582681,0.7570724487304688,0.15055489540100098
500,1,15.974400000000001,3.12,1,1,1,9,0.2666368937199525,0.4279545734529041,0.5953549543130596,0.7513625621795654,0.12082433700561523
500,1,15.974400000000001,3.12,1,1,1,10,0.3159059084529851,0.47180918977946984,0.7857564724581904,0.793816328048706,0.1413431167602539
500,1,15.974400000000001,3.12,1,1,1,11,0.2612379954142144,0.39877317515196314,0.6293410418088649,0.7554759979248047,0.14093995094299316
500,1,15.974400000000001,3.12,1,1,1,12,0.3585992666006596,0.39461587673494936,0.6809871135872974,0.7857844829559326,0.15972280502319336
500,1,15.974400000000001,3.12,1,1,1,13,0.3255116731654089,0.3965666468422228,0.6179218033586985,0.7332406044006348,0.11952924728393555
500,1,15.974400000000001,3.12,1,1,1,14,0.36499896336850224,0.5169529042279392,0.8819518675964414,0.7773153781890869,0.12321901321411133
500,1,15.974400000000001,3.12,1,1,1,15,0.3583570881032942,0.47462462292919755,0.7766776637807138,0.7687063217163086,0.14577460289001465
500,1,15.974400000000001,3.12,1,1,1,16,0.30458961334771073,0.451202282932864,0.6620903012755206,0.6913125514984131,0.1562027931213379
500,1,15.974400000000001,3.12,1,1,1,17,0.2887333126616557,0.4152497362726957,0.6133832778630208,0.7724955081939697,0.1203620433807373
500,1,15.974400000000001,3.12,1,1,1,18,0.34699500234911884,0.49958291793644666,0.8465779202855654,0.8482248783111572,0.15940070152282715
500,1,15.974400000000001,3.12,1,1,1,19,0.3544429843881769,0.5287640628120805,0.8492021797726541,0.773937463760376,0.14639687538146973
500,1,15.974400000000001,3.12,1,1,1,20,0.3584173103522328,0.41419862125330775,0.7313969700415726,0.9350800514221191,0.1487112045288086
500,1,15.974400000000001,3.12,1,1,1,21,0.48366978115678233,0.4870974014201762,0.777576536951921,0.7568843364715576,0.15935420989990234
500,1,15.974400000000001,3.12,1,1,1,22,0.3134565524494259,0.45529731158587816,0.7429757457771939,0.6831247806549072,0.10258865356445312
500,1,15.974400000000001,3.12,1,1,1,23,0.36086626829804447,0.4833114337152857,0.8441777020133301,0.761929988861084,0.12798047065734863
500,1,15.974400000000001,3.12,1,1,1,24,0.261960217926519,0.4756210283408467,0.6675367413820537,0.6747353076934814,0.1537489891052246
500,1,16.472399999999997,3.1799999999999997,1,1,1,0,0.41745847417995025,0.4585091628685584,0.7545743434333347,0.7477810382843018,0.11818146705627441
500,1,16.472399999999997,3.1799999999999997,1,1,1,1,0.48240386356760445,0.45113011804299763,0.9335339816106021,0.7580552101135254,0.13057446479797363
500,1,16.472399999999997,3.1799999999999997,1,1,1,2,0.4927141886968364,0.4934058222175114,0.7947365862886223,0.7461953163146973,0.15421509742736816
500,1,16.472399999999997,3.1799999999999997,1,1,1,3,0.3259083050013674,0.44365939050735287,0.7067079717198419,0.7084870338439941,0.1160283088684082
500,1,16.472399999999997,3.1799999999999997,1,1,1,4,0.6517071494565194,0.4863903185509408,1.1088029074573953,0.7774910926818848,0.11978292465209961
500,1,16.472399999999997,3.1799999999999997,1,1,1,5,0.31644696107300047,0.45193268672043707,0.6545230155338158,0.7459118366241455,0.10837769508361816
500,1,16.472399999999997,3.1799999999999997,1,1,1,6,0.2892635253338702,0.5435311864322453,0.8088248302337036,0.7451610565185547,0.14327692985534668
500,1,16.472399999999997,3.1799999999999997,1,1,1,7,0.3015932840553525,0.4667471233475148,0.6254221069770599,0.7100105285644531,0.1196444034576416
500,1,16.472399999999997,3.1799999999999997,1,1,1,8,0.289932811074524,0.6544692513227819,0.8845915242091833,0.8833882808685303,0.15335845947265625
500,1,16.472399999999997,3.1799999999999997,1,1,1,9,0.3569256450236556,0.4223789475948153,0.6710350911685942,0.689241886138916,0.14725279808044434
500,1,16.472399999999997,3.1799999999999997,1,1,1,10,0.3048152208802517,0.45098864482615203,0.7464046736526735,0.7953474521636963,0.15268874168395996
500,1,16.472399999999997,3.1799999999999997,1,1,1,11,0.2984592754604573,0.44830153538778283,0.6986892795147213,0.764559268951416,0.10737347602844238
500,1,16.472399999999997,3.1799999999999997,1,1,1,12,0.27276624794597815,0.40602014706583806,0.6466649961824917,0.8283922672271729,0.16347026824951172
500,1,16.472399999999997,3.1799999999999997,1,1,1,13,0.3327580657058803,0.4424577979236549,0.670205606039846,0.7353594303131104,0.1361985206604004
500,1,16.472399999999997,3.1799999999999997,1,1,1,14,0.3524715394402397,0.4669440872276568,0.7594197566385076,0.7278914451599121,0.15834999084472656
500,1,16.472399999999997,3.1799999999999997,1,1,1,15,0.44258955082804524,0.4660344940840936,0.7171879187380932,0.6739225387573242,0.139847993850708
500,1,16.472399999999997,3.1799999999999997,1,1,1,16,0.4386128742187367,0.43178902699239907,0.8039858270895792,0.8252303600311279,0.15892982482910156
500,1,16.472399999999997,3.1799999999999997,1,1,1,17,0.27828524544305705,0.3908069090840327,0.6482815077088562,0.7600352764129639,0.1548137664794922
500,1,16.472399999999997,3.1799999999999997,1,1,1,18,0.3360602889635555,0.4527289716784132,0.6721937973932313,0.6820497512817383,0.13996410369873047
500,1,16.472399999999997,3.1799999999999997,1,1,1,19,0.3510747332841439,0.4149934687433248,0.6800796755849265,0.7491598129272461,0.12778306007385254
500,1,16.472399999999997,3.1799999999999997,1,1,1,20,0.46049971430402287,0.5517797003403072,0.8667572202510704,0.610090970993042,0.13756132125854492
500,1,16.472399999999997,3.1799999999999997,1,1,1,21,0.3269286743087092,0.46332992527688527,0.6396077970471548,0.6515669822692871,0.12295150756835938
500,1,16.472399999999997,3.1799999999999997,1,1,1,22,0.4268450026694479,0.5041878488526123,0.9310328515220602,0.5916001796722412,0.1256570816040039
500,1,16.472399999999997,3.1799999999999997,1,1,1,23,0.2847069085042915,0.43624944744589444,0.690350481496262,0.6124057769775391,0.11151409149169922
500,1,16.472399999999997,3.1799999999999997,1,1,1,24,0.30851575165733836,0.44532219770466414,0.6803309767139045,0.6104245185852051,0.11258792877197266
500,1,16.9776,3.2399999999999998,1,1,1,0,0.3334495461270788,0.43561010773914355,0.657022459667489,0.585137128829956,0.12543034553527832
500,1,16.9776,3.2399999999999998,1,1,1,1,0.2711011619243805,0.4045058283493985,0.6235801585123444,0.6871781349182129,0.15493392944335938
500,1,16.9776,3.2399999999999998,1,1,1,2,0.4424933443533989,0.4512073124456765,0.8168825818967992,0.6231310367584229,0.11168909072875977
500,1,16.9776,3.2399999999999998,1,1,1,3,0.30365428405289707,0.5287742451129952,0.769209318985153,0.5900719165802002,0.12508225440979004
500,1,16.9776,3.2399999999999998,1,1,1,4,0.2975065956924171,0.4546406215531209,0.6548095754183535,0.630666971206665,0.1314840316772461
500,1,16.9776,3.2399999999999998,1,1,1,5,0.346164044939398,0.6247641399258528,0.8436453620692508,0.7552270889282227,0.16080975532531738
500,1,16.9776,3.2399999999999998,1,1,1,6,0.531424935092087,0.5077361361089106,0.8641261133348264,0.6203346252441406,0.12110137939453125
500,1,16.9776,3.2399999999999998,1,1,1,7,0.4007235809821371,0.4934096359416822,0.7220612295954809,0.6074726581573486,0.12334942817687988
500,1,16.9776,3.2399999999999998,1,1,1,8,0.392913528740805,0.45359327563791535,0.6593960373433418,0.6206130981445312,0.12221813201904297
500,1,16.9776,3.2399999999999998,1,1,1,9,0.405465951387343,0.4622385674090296,0.7370289428307024,0.6075131893157959,0.11361527442932129
500,1,16.9776,3.2399999999999998,1,1,1,10,0.3671913721444358,0.44699471749979347,0.7073423950803196,0.7651410102844238,0.15012383460998535
500,1,16.9776,3.2399999999999998,1,1,1,11,0.40202846489505406,0.5328812938065645,0.7642065624510006,0.6039924621582031,0.11826896667480469
500,1,16.9776,3.2399999999999998,1,1,1,12,0.28321667908994785,0.4252525435552524,0.614655935434481,0.6170690059661865,0.12356734275817871
500,1,16.9776,3.2399999999999998,1,1,1,13,0.3769622614491514,0.446324411376469,0.7309262937984007,0.6841318607330322,0.1465911865234375
500,1,16.9776,3.2399999999999998,1,1,1,14,0.45922370737079526,0.6220113334379856,1.081235040808781,0.6386702060699463,0.1285991668701172
500,1,16.9776,3.2399999999999998,1,1,1,15,0.3082199908523449,0.40018531568730387,0.639017932286604,0.7697975635528564,0.17157506942749023
500,1,16.9776,3.2399999999999998,1,1,1,16,0.31112578201538316,0.4967746052075956,0.7178884691077234,0.625349760055542,0.11845922470092773
500,1,16.9776,3.2399999999999998,1,1,1,17,0.3442137626732992,0.4580112315759418,0.802224994249241,0.63948655128479,0.12360143661499023
500,1,16.9776,3.2399999999999998,1,1,1,18,0.3162794607484584,0.41135505190526334,0.6102919601991919,0.6198716163635254,0.10985732078552246
500,1,16.9776,3.2399999999999998,1,1,1,19,0.30963931467265643,0.4738598508327089,0.6719390272399055,0.6214160919189453,0.1160585880279541
500,1,16.9776,3.2399999999999998,1,1,1,20,0.48767255502275636,0.4995006765667722,0.8549588576079235,1.0613422393798828,0.1647629737854004
500,1,16.9776,3.2399999999999998,1,1,1,21,0.4104380955564273,0.5097764407116988,0.7487116713217736,0.7566239833831787,0.13396596908569336
500,1,16.9776,3.2399999999999998,1,1,1,22,0.5022623942064932,0.4242690418133942,0.8458933871846014,0.6078875064849854,0.12582945823669434
500,1,16.9776,3.2399999999999998,1,1,1,23,0.3641378696370853,0.5257292618133855,0.6589552878000693,0.6118068695068359,0.11209964752197266
500,1,16.9776,3.2399999999999998,1,1,1,24,0.30869233324091594,0.5261432360047754,0.7991636932428134,0.7644486427307129,0.1622319221496582
500,1,17.49,3.3,1,1,1,0,0.5815475708769023,0.5620371536256402,0.9300673124267198,0.7068514823913574,0.1386418342590332
500,1,17.49,3.3,1,1,1,1,0.42265079162769265,0.4385312345957732,0.7680014926761393,0.6077861785888672,0.11971592903137207
500,1,17.49,3.3,1,1,1,2,0.3599987899927253,0.5434319558820188,0.7394590672617709,0.6092798709869385,0.12581562995910645
500,1,17.49,3.3,1,1,1,3,0.4995994727276118,0.45968659144278157,0.8991148562989413,0.6223742961883545,0.12337756156921387
500,1,17.49,3.3,1,1,1,4,0.3669521073949019,0.49903253961219174,0.8659846470070937,0.7589399814605713,0.15674853324890137
500,1,17.49,3.3,1,1,1,5,0.2916743194416982,0.43796184925612924,0.7296361686978274,0.5982739925384521,0.11383438110351562
500,1,17.49,3.3,1,1,1,6,0.5589837504386687,0.5258271365485687,0.8937523825979258,0.6866159439086914,0.132584810256958
500,1,17.49,3.3,1,1,1,7,0.4555463996769319,0.6217716043269917,0.9892374560491682,0.6247358322143555,0.12519359588623047
500,1,17.49,3.3,1,1,1,8,0.4970341533839106,0.5826376622110109,0.9875958102966859,0.6453542709350586,0.11732769012451172
500,1,17.49,3.3,1,1,1,9,0.3826924719203904,0.4847689731999583,0.8110472827378618,0.8078007698059082,0.14413690567016602
500,1,17.49,3.3,1,1,1,10,0.35710182174010846,0.5219726644823718,0.8494619932988645,0.6062719821929932,0.13532423973083496
500,1,17.49,3.3,1,1,1,11,0.37072411333183897,0.4455560206137708,0.7328875594800506,0.6014137268066406,0.12378931045532227
500,1,17.49,3.3,1,1,1,12,0.3573842742812673,0.5022872741327827,0.8186368802708381,0.724036455154419,0.16051816940307617
500,1,17.49,3.3,1,1,1,13,0.4156917454678123,0.6130543472912695,0.9878434565981611,0.6171307563781738,0.11636233329772949
500,1,17.49,3.3,1,1,1,14,0.3367077066750952,0.4134233237181664,0.6601168101839944,0.6944379806518555,0.11614823341369629
500,1,17.49,3.3,1,1,1,15,0.7907269005435248,0.46475317648819375,1.13380588748662,0.6323485374450684,0.1156015396118164
500,1,17.49,3.3,1,1,1,16,0.44120868228315746,0.5315785825126138,0.8796496109014849,0.6212694644927979,0.12625861167907715
500,1,17.49,3.3,1,1,1,17,0.383649023078775,0.4676514005108335,0.7089017415492437,0.6177387237548828,0.10524106025695801
500,1,17.49,3.3,1,1,1,18,0.28668663514908627,0.48327195488656804,0.6848374839268937,0.5945789813995361,0.11401033401489258
500,1,17.49,3.3,1,1,1,19,0.31353348594175945,0.47928748299495516,0.7433663451858987,0.6306595802307129,0.11281824111938477
500,1,17.49,3.3,1,1,1,20,0.3128096733831244,0.45881541987423646,0.7716250932573608,0.600966215133667,0.12252283096313477
500,1,17.49,3.3,1,1,1,21,0.31160215197204405,0.5726152195726052,0.8335587153413597,0.6098003387451172,0.11547040939331055
500,1,17.49,3.3,1,1,1,22,0.6405518694881835,0.5864468462375635,1.2269987157257471,0.6022427082061768,0.11063408851623535
500,1,17.49,3.3,1,1,1,23,0.6390668467773717,0.4970575331360604,0.92284879650422,0.5932140350341797,0.1229703426361084
500,1,17.49,3.3,1,1,1,24,0.44450603934938016,0.49095671850915823,0.8362760808816134,0.6154038906097412,0.11274433135986328
500,1,18.0096,3.36,1,1,1,0,0.4497342215820175,0.5064969511036608,0.8375045097813836,0.6241741180419922,0.12401270866394043
500,1,18.0096,3.36,1,1,1,1,0.3668994461204303,0.47864790856948525,0.669620286474728,0.6195709705352783,0.1098015308380127
500,1,18.0096,3.36,1,1,1,2,0.2988214136042367,0.4396335511190336,0.7232557797276642,0.5937955379486084,0.12332463264465332
500,1,18.0096,3.36,1,1,1,3,0.40288190555940884,0.5089023184943948,0.9117842240538037,0.624030351638794,0.15693187713623047
500,1,18.0096,3.36,1,1,1,4,0.4088623916891068,0.504688799025142,0.8078637669789137,0.6320488452911377,0.12550806999206543
500,1,18.0096,3.36,1,1,1,5,0.3323203654923871,0.47246022573841745,0.6773131012287072,0.6190097332000732,0.10593843460083008
500,1,18.0096,3.36,1,1,1,6,0.42683631126573657,0.4615126886298232,0.7617586362580036,0.9196829795837402,0.14021587371826172
500,1,18.0096,3.36,1,1,1,7,0.36009953281804985,0.5228624737883377,0.6940509470929663,0.6062211990356445,0.12397456169128418
500,1,18.0096,3.36,1,1,1,8,0.44876199044739185,0.44099020586171844,0.7017839918895907,0.869828462600708,0.1717088222503662
500,1,18.0096,3.36,1,1,1,9,0.5449940867077468,0.45170539252785835,0.7409273728179004,0.6052248477935791,0.12407875061035156
500,1,18.0096,3.36,1,1,1,10,0.3833730255659646,0.5205177784748101,0.7951270690504043,0.6049425601959229,0.1275026798248291
500,1,18.0096,3.36,1,1,1,11,0.2978147965476029,0.4399824997237417,0.7190567868436626,0.6324276924133301,0.11670327186584473
500,1,18.0096,3.36,1,1,1,12,0.4817179985611944,0.4166871671953507,0.82248905635527,0.6005008220672607,0.12661409378051758
500,1,18.0096,3.36,1,1,1,13,0.355141931836191,0.5143426110290649,0.8070916051472569,0.6723523139953613,0.12104272842407227
500,1,18.0096,3.36,1,1,1,14,0.38721222914079445,0.5074623736145892,0.7434223683838707,0.6424381732940674,0.12860822677612305
500,1,18.0096,3.36,1,1,1,15,0.31177523917959304,0.5865219453840531,0.8337526879738557,0.6045572757720947,0.12687444686889648
500,1,18.0096,3.36,1,1,1,16,0.3632303825284107,0.4817918901707198,0.7647719010469938,0.6087031364440918,0.1398158073425293
500,1,18.0096,3.36,1,1,1,17,0.36076994618214425,0.4605405483932079,0.7085076794358076,0.678635835647583,0.1573193073272705
500,1,18.0096,3.36,1,1,1,18,0.36905577919367094,0.4971680793576607,0.7549659630296557,0.6206340789794922,0.12911367416381836
500,1,18.0096,3.36,1,1,1,19,0.41679093284082047,0.5900614066488944,0.8483356637033073,0.6106128692626953,0.12670588493347168
500,1,18.0096,3.36,1,1,1,20,0.3166001101096298,0.4303149359513023,0.6826206144509117,0.6259274482727051,0.13072633743286133
500,1,18.0096,3.36,1,1,1,21,0.3591879191332968,0.45264619024911856,0.6551746802268507,0.6096057891845703,0.11183404922485352
500,1,18.0096,3.36,1,1,1,22,0.405501612266362,0.47847497634729075,0.8211196529929143,0.7566368579864502,0.16482806205749512
500,1,18.0096,3.36,1,1,1,23,0.3821571469958776,0.5428508527277642,0.9250079997236418,0.7931444644927979,0.15347599983215332
500,1,18.0096,3.36,1,1,1,24,0.4676530708259935,0.5406748371545381,0.9329768917278773,0.6230731010437012,0.11468029022216797
500,1,18.5364,3.42,1,1,1,0,0.34205668825691293,0.5516616787732316,0.7866974550771703,0.5986819267272949,0.12226128578186035
500,1,18.5364,3.42,1,1,1,1,0.39507569876694765,0.5061433817692459,0.711615552867507,0.6205999851226807,0.1201786994934082
500,1,18.5364,3.42,1,1,1,2,0.37346531488985674,0.46425121250478546,0.835487828499272,0.7919623851776123,0.15551328659057617
500,1,18.5364,3.42,1,1,1,3,0.36741475810917607,0.448196143596789,0.663289469010587,0.6261820793151855,0.11439704895019531
500,1,18.5364,3.42,1,1,1,4,0.4392141664110358,0.5575815985344038,0.8567480661645437,0.6122093200683594,0.1266937255859375
500,1,18.5364,3.42,1,1,1,5,0.28677221692247545,0.49092588728697595,0.6136507409281435,0.6238744258880615,0.10469889640808105
500,1,18.5364,3.42,1,1,1,6,0.40895203832816296,0.4903276395897838,0.8164415220155679,0.603752613067627,0.11039566993713379
500,1,18.5364,3.42,1,1,1,7,0.3208324768166495,0.5094889336486682,0.714554638397747,0.7907662391662598,0.12726926803588867
500,1,18.5364,3.42,1,1,1,8,0.3548144603818878,0.4385508575124692,0.6582621252318068,0.585099458694458,0.12353777885437012
500,1,18.5364,3.42,1,1,1,9,0.6667790056312536,0.5902235894198634,0.9078560517573684,0.6138319969177246,0.11329460144042969
500,1,18.5364,3.42,1,1,1,10,0.41970505235685557,0.5015108633155272,0.7681635608193262,0.6104798316955566,0.11746001243591309
500,1,18.5364,3.42,1,1,1,11,0.3530205482514592,0.5063688110795368,0.7952569814409354,0.5969085693359375,0.12436151504516602
500,1,18.5364,3.42,1,1,1,12,0.40109308073505884,0.5617560568779089,0.8636188578883519,0.6858258247375488,0.1203770637512207
500,1,18.5364,3.42,1,1,1,13,0.34709371414823287,0.5578809109435113,0.8874138133533358,0.6252100467681885,0.12849879264831543
500,1,18.5364,3.42,1,1,1,14,0.3750054886197934,0.41476923219189454,0.7153091565503642,0.6187872886657715,0.11599349975585938
500,1,18.5364,3.42,1,1,1,15,0.38393305516636744,0.4721984804388714,0.717496771363978,0.5880134105682373,0.11977052688598633
500,1,18.5364,3.42,1,1,1,16,0.43925066259086815,0.48780075298977754,0.8782779750478643,0.6259701251983643,0.14608407020568848
500,1,18.5364,3.42,1,1,1,17,0.3766194161809983,0.4780510217892333,0.7098183229524482,0.6682538986206055,0.1189432144165039
500,1,18.5364,3.42,1,1,1,18,0.3004946363315333,0.4276318577055379,0.6857522644474252,0.5964474678039551,0.11299443244934082
500,1,18.5364,3.42,1,1,1,19,0.3556077763825369,0.54691612046307,0.7328536803475516,0.6183943748474121,0.12108659744262695
500,1,18.5364,3.42,1,1,1,20,0.31224580576065575,0.47223375238802967,0.7097190385304286,0.601478099822998,0.12835454940795898
500,1,18.5364,3.42,1,1,1,21,0.29001398516925225,0.5662100196749552,0.8362114331606261,0.7700960636138916,0.1461789608001709
500,1,18.5364,3.42,1,1,1,22,0.46443388955472,0.5015256559459362,0.7642927491372855,0.6241917610168457,0.12677478790283203
500,1,18.5364,3.42,1,1,1,23,0.3904248165508516,0.4842936207467218,0.6966432543685447,0.6272144317626953,0.11586451530456543
500,1,18.5364,3.42,1,1,1,24,0.4057759784553232,0.43212145503678534,0.7292059099826937,0.586841344833374,0.11888980865478516
500,1,19.070400000000003,3.48,1,1,1,0,0.5124004214832263,0.5367043515087381,0.7759089208031196,0.6295082569122314,0.12419319152832031
500,1,19.070400000000003,3.48,1,1,1,1,0.41645015363638466,0.540958048201224,0.8273889284954419,0.7728400230407715,0.15914702415466309
500,1,19.070400000000003,3.48,1,1,1,2,0.5950816633097967,0.5337809603155492,1.1288626236253458,0.6157095432281494,0.10513162612915039
500,1,19.070400000000003,3.48,1,1,1,3,0.6767965718129699,0.5517515377127226,1.2285481095256925,0.603355884552002,0.12468528747558594
500,1,19.070400000000003,3.48,1,1,1,4,0.3334034096927331,0.5813031120882749,0.7987182076451473,0.7067322731018066,0.11103105545043945
500,1,19.070400000000003,3.48,1,1,1,5,0.3833101598631607,0.5369135741052519,0.7851520653673427,0.7500643730163574,0.12686491012573242
500,1,19.070400000000003,3.48,1,1,1,6,0.4714263086445274,0.57866232162098,0.849127262380502,0.8319694995880127,0.11818957328796387
500,1,19.070400000000003,3.48,1,1,1,7,0.40721886876578034,0.5257581858650281,0.756105455209731,0.7158536911010742,0.1289656162261963
500,1,19.070400000000003,3.48,1,1,1,8,0.38710726398979706,0.5474900935723364,0.743337404665757,0.7639093399047852,0.1506638526916504
500,1,19.070400000000003,3.48,1,1,1,9,0.28261219052666475,0.5501663284754965,0.7858241333316924,0.8205876350402832,0.146437406539917
500,1,19.070400000000003,3.48,1,1,1,10,0.3815441449249003,0.5542625409718815,0.7583103334732766,0.839447021484375,0.15562009811401367
500,1,19.070400000000003,3.48,1,1,1,11,0.3264510316120508,0.46620208139860436,0.7716913102180313,0.7315642833709717,0.13705015182495117
500,1,19.070400000000003,3.48,1,1,1,12,0.44134154440251017,0.5824628388507488,0.9903109438661938,0.6730010509490967,0.14699578285217285
500,1,19.070400000000003,3.48,1,1,1,13,0.394579597833422,0.4994479969002606,0.8940275947336827,0.7274036407470703,0.14570045471191406
500,1,19.070400000000003,3.48,1,1,1,14,0.47292071764041355,0.6664309509643188,1.1393516686047325,0.7047264575958252,0.15974044799804688
500,1,19.070400000000003,3.48,1,1,1,15,0.4284392669129398,0.5432285300323734,0.875082786212757,0.7323637008666992,0.15342259407043457
500,1,19.070400000000003,3.48,1,1,1,16,0.5310409035348418,0.6148401206166936,1.1458810241515354,0.7294096946716309,0.12242317199707031
500,1,19.070400000000003,3.48,1,1,1,17,0.3383923837906001,0.5943933299546336,0.8366075905664265,0.7488951683044434,0.11296486854553223
500,1,19.070400000000003,3.48,1,1,1,18,0.33201795900402,0.4789780431080556,0.739834664549119,0.8339250087738037,0.14405179023742676
500,1,19.070400000000003,3.48,1,1,1,19,0.5335055947017362,0.6185962476400582,1.1521018423417944,0.7870090007781982,0.15732598304748535
500,1,19.070400000000003,3.48,1,1,1,20,0.5198953803404466,0.5162752366465383,0.9069824543302605,0.700563907623291,0.10725808143615723
500,1,19.070400000000003,3.48,1,1,1,21,0.4127193592707802,0.4599046383416733,0.8726239976124535,0.7641806602478027,0.12363243103027344
500,1,19.070400000000003,3.48,1,1,1,22,0.35603988573007583,0.472871494781482,0.7631001092928947,0.8553557395935059,0.1674046516418457
500,1,19.070400000000003,3.48,1,1,1,23,0.3253475693518322,0.5460469650849433,0.7662687416517321,0.706552267074585,0.13559269905090332
500,1,19.070400000000003,3.48,1,1,1,24,0.3967533432235246,0.4645717744671473,0.7560626445923393,0.783045768737793,0.12880516052246094
