n,s1,1_p_s2,s2,beta,q,sqrt_q,rep_no,eigen_mat_rerr,eigen_mat_terr,eigen_mat_gerr,eigen_mat_ev_time,eigen_mat_cal_translation_time
500,0.0,8,2,1,1,1,0,0.11170111396356061,0.28263727878507383,0.3748758996479632,0.44655466079711914,0.08504438400268555
500,0.0,8,2,1,1,1,1,0.11858338316327534,0.2877675173928801,0.3698224319215334,0.5264711380004883,0.13212275505065918
500,0.0,8,2,1,1,1,2,0.11892627975793692,0.2672985527804438,0.3456410625638667,0.9294402599334717,0.11244869232177734
500,0.0,8,2,1,1,1,3,0.10821021017593184,0.2647014739752606,0.36898981493039407,0.83492112159729,0.12408709526062012
500,0.0,8,2,1,1,1,4,0.11193258303712662,0.3016084238224736,0.3701251964690928,0.6589705944061279,0.14308857917785645
500,0.0,8,2,1,1,1,5,0.11268858511305767,0.35306372065571406,0.4354530265096303,0.6750490665435791,0.11208415031433105
500,0.0,8,2,1,1,1,6,0.12315775340867559,0.27932003897535734,0.3377246644126064,0.7403254508972168,0.13739776611328125
500,0.0,8,2,1,1,1,7,0.10186800749699416,0.30351992439551867,0.38146064280191494,0.7929437160491943,0.14697003364562988
500,0.0,8,2,1,1,1,8,0.11193211846811013,0.3373428899009178,0.41504393369942233,0.7810544967651367,0.1269209384918213
500,0.0,8,2,1,1,1,9,0.11746321707824119,0.2935292743975927,0.3688769654511147,0.8157806396484375,0.10222840309143066
500,0.0,8,2,1,1,1,10,0.11050123313318728,0.2711354382457737,0.3295513047913378,0.7511577606201172,0.09649825096130371
500,0.0,8,2,1,1,1,11,0.1258461089183669,0.3067203129225409,0.3909486522075198,0.5141994953155518,0.07950806617736816
500,0.0,8,2,1,1,1,12,0.11839603832808222,0.30236575284618533,0.40697262737714535,0.4074547290802002,0.08335304260253906
500,0.0,8,2,1,1,1,13,0.1077447150486617,0.3067826938815204,0.37711426004681803,0.42075181007385254,0.08652901649475098
500,0.0,8,2,1,1,1,14,0.1007277203635357,0.294350886333544,0.3671795260209036,0.40177059173583984,0.08500790596008301
500,0.0,8,2,1,1,1,15,0.1222299335015516,0.2635005998248066,0.3529290358742948,0.39505434036254883,0.0875394344329834
500,0.0,8,2,1,1,1,16,0.11083161972567676,0.30624563222034756,0.38086049782755305,0.4221200942993164,0.08750510215759277
500,0.0,8,2,1,1,1,17,0.1312172117670735,0.2686047643915056,0.35319408479636816,0.4614286422729492,0.09453868865966797
500,0.0,8,2,1,1,1,18,0.10432493438375588,0.27032139142876155,0.35109295718089817,0.4341421127319336,0.09151458740234375
500,0.0,8,2,1,1,1,19,0.12278881648102724,0.2792093030970349,0.3645983817675131,0.41471433639526367,0.08952617645263672
500,0.0,8,2,1,1,1,20,0.11010710300216506,0.3080909113845118,0.37205965493414117,0.406313419342041,0.08563446998596191
500,0.0,8,2,1,1,1,21,0.11691649492796517,0.2720955249083296,0.3609770719433367,0.4196329116821289,0.08404231071472168
500,0.0,8,2,1,1,1,22,0.10416564024810902,0.2983816827973055,0.3904778431707311,0.43012070655822754,0.08533811569213867
500,0.0,8,2,1,1,1,23,0.11470945603014363,0.2799736813559832,0.34726193600573735,0.4275641441345215,0.09522032737731934
500,0.0,8,2,1,1,1,24,0.12198342141809827,0.29198218034973644,0.36599029352166523,0.4637436866760254,0.08400535583496094
500,0.5,8,2,1,1,1,0,0.11899546468225125,0.29946050276858055,0.38999396020894833,0.4022660255432129,0.0864107608795166
500,0.5,8,2,1,1,1,1,0.11883181277691643,0.32557853397648323,0.4307182737097332,0.3921167850494385,0.08143401145935059
500,0.5,8,2,1,1,1,2,0.12592769448758814,0.26184704110673795,0.36343045046222777,0.42255091667175293,0.0831747055053711
500,0.5,8,2,1,1,1,3,0.11289501533487253,0.2430495115380106,0.3185260154897054,0.43164515495300293,0.08280777931213379
500,0.5,8,2,1,1,1,4,0.10728374310311754,0.33726900027078677,0.3984785808054145,0.4167802333831787,0.08536362648010254
500,0.5,8,2,1,1,1,5,0.11696430006832828,0.2969386940037665,0.3782537250748929,0.47794198989868164,0.09946918487548828
500,0.5,8,2,1,1,1,6,0.10515601442916259,0.38775340219016896,0.4773210669579935,0.43497610092163086,0.1092064380645752
500,0.5,8,2,1,1,1,7,0.11948321708106238,0.28627016254952414,0.335295033124116,0.8198411464691162,0.17290854454040527
500,0.5,8,2,1,1,1,8,0.1300663393009533,0.27482674392485845,0.35942230641487505,0.6618106365203857,0.12867116928100586
500,0.5,8,2,1,1,1,9,0.13276785653732817,0.2612834141413577,0.3392302651569551,0.6362175941467285,0.14371490478515625
500,0.5,8,2,1,1,1,10,0.12850270097210675,0.28178137717043583,0.37687461999963795,0.8134355545043945,0.16830110549926758
500,0.5,8,2,1,1,1,11,0.12024503270722593,0.31668644849287564,0.3963137304002286,0.6482365131378174,0.15174508094787598
500,0.5,8,2,1,1,1,12,0.11255099550921896,0.3062735332896666,0.3789532260658417,0.6350617408752441,0.1353435516357422
500,0.5,8,2,1,1,1,13,0.10763427670511476,0.3240223441578552,0.42639297992540565,0.6539609432220459,0.15905046463012695
500,0.5,8,2,1,1,1,14,0.13189674015421565,0.2876335715231871,0.36339080965515214,0.643721342086792,0.1356363296508789
500,0.5,8,2,1,1,1,15,0.15552953956846796,0.2843706251824833,0.35826994694271763,0.7389132976531982,0.1564466953277588
500,0.5,8,2,1,1,1,16,0.11313134683807674,0.2701526778988845,0.3443802048351962,0.6340878009796143,0.13765239715576172
500,0.5,8,2,1,1,1,17,0.11374214758968576,0.2808464644089679,0.3804278942674409,0.5998685359954834,0.13568735122680664
500,0.5,8,2,1,1,1,18,0.16209454075799967,0.29269462802541046,0.4061145326348056,0.6732885837554932,0.14423894882202148
500,0.5,8,2,1,1,1,19,0.13118543552390136,0.3363221757057129,0.4172138710661744,0.6337747573852539,0.13331937789916992
500,0.5,8,2,1,1,1,20,0.11825096613238781,0.2959704313229355,0.3644984472050279,0.7940733432769775,0.16313791275024414
500,0.5,8,2,1,1,1,21,0.11036069925457195,0.2711297358576791,0.3800473998189601,0.5991923809051514,0.13535428047180176
500,0.5,8,2,1,1,1,22,0.11073485499422084,0.2819878581212039,0.3689910372486123,0.6165440082550049,0.15501928329467773
500,0.5,8,2,1,1,1,23,0.12172179659891486,0.2729432293062473,0.35009351418898144,0.6715888977050781,0.1441500186920166
500,0.5,8,2,1,1,1,24,0.11077246616131625,0.34740570951150845,0.4082596177544008,0.678584098815918,0.14853596687316895
500,1.0,8,2,1,1,1,0,0.1281990709079039,0.30373773718216557,0.42759954745318784,0.8486642837524414,0.21169042587280273
500,1.0,8,2,1,1,1,1,0.14962851098586274,0.2995208477804273,0.392942988257576,0.6281039714813232,0.11591053009033203
500,1.0,8,2,1,1,1,2,0.11455863804628476,0.2890274657560427,0.3604627577018501,0.6017961502075195,0.12411189079284668
500,1.0,8,2,1,1,1,3,0.12975225159736636,0.28253909093357665,0.3656214456091741,0.6204066276550293,0.1482853889465332
500,1.0,8,2,1,1,1,4,0.1182596909550053,0.2978257513810966,0.4120306231867965,0.8019115924835205,0.17177581787109375
500,1.0,8,2,1,1,1,5,0.15006161469321966,0.3431979087909071,0.44040882997907443,0.6362249851226807,0.1405797004699707
500,1.0,8,2,1,1,1,6,0.12389995019422505,0.3278477843902995,0.4030924229963374,0.6155562400817871,0.1301724910736084
500,1.0,8,2,1,1,1,7,0.11696762423896034,0.3172673025027198,0.41109754697458745,0.5998940467834473,0.15108966827392578
500,1.0,8,2,1,1,1,8,0.12718682592239666,0.2990399207725126,0.3478517629443416,0.6311531066894531,0.14755964279174805
500,1.0,8,2,1,1,1,9,0.12360060976875718,0.4054281703361039,0.5188744003111628,0.6858179569244385,0.17928361892700195
500,1.0,8,2,1,1,1,10,0.11160931933863048,0.3958146226077745,0.48303647018798884,0.6315858364105225,0.13202810287475586
500,1.0,8,2,1,1,1,11,0.12069104905108897,0.2880542847736946,0.38028301349493865,0.5931167602539062,0.11666345596313477
500,1.0,8,2,1,1,1,12,0.15012034524437493,0.3278198163743425,0.41003410657408645,0.6042232513427734,0.1430659294128418
500,1.0,8,2,1,1,1,13,0.1258183319668817,0.2891990952654727,0.3857971936828597,0.6694602966308594,0.15000534057617188
500,1.0,8,2,1,1,1,14,0.11156831777877863,0.36044405314531486,0.45139407983814483,0.7965857982635498,0.17192673683166504
500,1.0,8,2,1,1,1,15,0.12684509679167857,0.3469498633061018,0.4619177309939263,0.6179625988006592,0.12148165702819824
500,1.0,8,2,1,1,1,16,0.13262489297664942,0.2700854464984963,0.3646680760146582,0.6029024124145508,0.13832926750183105
500,1.0,8,2,1,1,1,17,0.13662841720028537,0.2868492471095673,0.3617208509362455,0.7586994171142578,0.1736905574798584
500,1.0,8,2,1,1,1,18,0.12467951527631921,0.29395855837835905,0.37604773573332284,0.7975015640258789,0.1675701141357422
500,1.0,8,2,1,1,1,19,0.12728708209430992,0.29050192655868357,0.3658088420381928,0.5986020565032959,0.14930486679077148
500,1.0,8,2,1,1,1,20,0.12646352449002496,0.27234319413072244,0.3521258507412553,0.6522817611694336,0.12757587432861328
500,1.0,8,2,1,1,1,21,0.13958741873684363,0.3490050262737966,0.43241808113989916,0.6245319843292236,0.12195444107055664
500,1.0,8,2,1,1,1,22,0.11065358176142372,0.31902281026082363,0.41305516496881567,0.6020967960357666,0.14260101318359375
500,1.0,8,2,1,1,1,23,0.11851442163301487,0.28828109110685013,0.38977738901468817,0.8098444938659668,0.1627516746520996
500,1.0,8,2,1,1,1,24,0.12535377242124465,0.305644932535152,0.3693867268705396,0.6104655265808105,0.14106202125549316
500,1.5,8,2,1,1,1,0,0.12891657505960674,0.35808009232945676,0.4509213772184901,0.6390438079833984,0.1338961124420166
500,1.5,8,2,1,1,1,1,0.1480580740963923,0.2696754043016264,0.37931860385947364,0.6602411270141602,0.14062738418579102
500,1.5,8,2,1,1,1,2,0.13112408194096198,0.2989509983040875,0.3971421215589135,0.6328160762786865,0.13605475425720215
500,1.5,8,2,1,1,1,3,0.12490594882242241,0.297063155399473,0.38777871123344465,0.7137680053710938,0.1326127052307129
500,1.5,8,2,1,1,1,4,0.14226409070760387,0.292001411062038,0.3942850934960858,0.6152639389038086,0.14183497428894043
500,1.5,8,2,1,1,1,5,0.13392100019826902,0.2717784082955304,0.34233059073118166,0.6229405403137207,0.13553309440612793
500,1.5,8,2,1,1,1,6,0.13824890372165932,0.2879606319272385,0.3661337612157838,0.63480544090271,0.15597963333129883
500,1.5,8,2,1,1,1,7,0.14099001332081365,0.3180211952866723,0.3942132461929233,0.6131212711334229,0.15358877182006836
500,1.5,8,2,1,1,1,8,0.14641071521827298,0.2983451469998956,0.4092517236959976,0.7950365543365479,0.16818714141845703
500,1.5,8,2,1,1,1,9,0.13893711381856086,0.3355549184265978,0.4001507605344017,0.6488587856292725,0.12716245651245117
500,1.5,8,2,1,1,1,10,0.13848124120316643,0.26502592161881955,0.3880195156038164,0.7898824214935303,0.1860034465789795
500,1.5,8,2,1,1,1,11,0.15906384482270147,0.27168587986375237,0.39116082069738156,0.6689317226409912,0.13231420516967773
500,1.5,8,2,1,1,1,12,0.13358370575178455,0.32458978897624674,0.40657442888611506,0.85093092918396,0.1856250762939453
500,1.5,8,2,1,1,1,13,0.13937965883732548,0.29021519944648805,0.37556781677501033,0.7671151161193848,0.16603994369506836
500,1.5,8,2,1,1,1,14,0.13395168121668746,0.31071914195091616,0.41251703593650335,0.7001495361328125,0.1153862476348877
500,1.5,8,2,1,1,1,15,0.14323235271396967,0.3057084680367871,0.3822336185488121,0.7801868915557861,0.16135001182556152
500,1.5,8,2,1,1,1,16,0.14762180429778676,0.28864295249152566,0.41158553217527793,0.8697731494903564,0.18879032135009766
500,1.5,8,2,1,1,1,17,0.13066879310810095,0.2657710844285309,0.34388790036960243,0.823667049407959,0.14625310897827148
500,1.5,8,2,1,1,1,18,0.14917876311912343,0.35428044506303824,0.4634277394575245,0.766643762588501,0.1286153793334961
500,1.5,8,2,1,1,1,19,0.145513666887371,0.2888299418323128,0.3719690243415307,0.7312657833099365,0.18549585342407227
500,1.5,8,2,1,1,1,20,0.12692781474374523,0.32107489958945135,0.4089583906093654,0.8665108680725098,0.19658493995666504
500,1.5,8,2,1,1,1,21,0.1361357987109685,0.30330278957508633,0.3825496597920689,0.8062355518341064,0.1515355110168457
500,1.5,8,2,1,1,1,22,0.12789098714244784,0.34369258874422615,0.43297939248369666,0.7313113212585449,0.16028594970703125
500,1.5,8,2,1,1,1,23,0.14518496979772114,0.2841223402353569,0.39728357619471383,0.8146297931671143,0.14934587478637695
500,1.5,8,2,1,1,1,24,0.14006628543132704,0.3181230133048522,0.44642111730760836,1.0054190158843994,0.19093990325927734
500,2.0,8,2,1,1,1,0,0.1561440607719824,0.34181206048762713,0.44608720240291805,0.8880045413970947,0.1393284797668457
500,2.0,8,2,1,1,1,1,0.16892100623961162,0.2607427680952245,0.39383991070676194,0.7509171962738037,0.14617538452148438
500,2.0,8,2,1,1,1,2,0.1401205943172514,0.2659318462226327,0.38211409746190117,0.864682674407959,0.17867708206176758
500,2.0,8,2,1,1,1,3,0.15837158472254947,0.32307462743657556,0.46453246364145234,0.7536988258361816,0.17971229553222656
500,2.0,8,2,1,1,1,4,0.14920229084209916,0.30557219874496916,0.40748377917968026,0.7075045108795166,0.144073486328125
500,2.0,8,2,1,1,1,5,0.15618222663745382,0.28941583969170875,0.40441812606276456,0.7559208869934082,0.1583101749420166
500,2.0,8,2,1,1,1,6,0.1597429115649811,0.292985180853577,0.39539688295692443,0.9323439598083496,0.16179442405700684
500,2.0,8,2,1,1,1,7,0.1545954829164863,0.28022963751212054,0.39118461392021997,0.8281385898590088,0.14726877212524414
500,2.0,8,2,1,1,1,8,0.17441711854747538,0.28683064799409885,0.39507286823106097,0.8288094997406006,0.1592874526977539
500,2.0,8,2,1,1,1,9,0.153879658664293,0.3453157251568193,0.4237531193300259,0.7817306518554688,0.16142773628234863
500,2.0,8,2,1,1,1,10,0.13695538851949474,0.333731039306103,0.411176034973264,0.8744215965270996,0.19169235229492188
500,2.0,8,2,1,1,1,11,0.15686036365395056,0.3445703588664744,0.4653967873814655,0.842810869216919,0.13686490058898926
500,2.0,8,2,1,1,1,12,0.1601766058855582,0.30084893883646935,0.40737078560588297,0.7727205753326416,0.16425037384033203
500,2.0,8,2,1,1,1,13,0.16478667843567188,0.3445604152016369,0.47833120400423235,0.7911272048950195,0.13789153099060059
500,2.0,8,2,1,1,1,14,0.14340225823457814,0.270860713431965,0.3689408336299987,1.0810322761535645,0.19660711288452148
500,2.0,8,2,1,1,1,15,0.1580567243970547,0.28655083250166924,0.3861038040362238,0.7509963512420654,0.13489246368408203
500,2.0,8,2,1,1,1,16,0.16867042355106426,0.2728466769245492,0.4159071653807245,0.7410399913787842,0.14115619659423828
500,2.0,8,2,1,1,1,17,0.15079264628671465,0.3424459807442161,0.4230527840553838,0.7193605899810791,0.17635703086853027
500,2.0,8,2,1,1,1,18,0.16043312431555418,0.31686253925088714,0.42600034669770204,0.8767848014831543,0.17333412170410156
500,2.0,8,2,1,1,1,19,0.17872352339745853,0.31670699298983557,0.4591336027262656,0.7165181636810303,0.13014650344848633
500,2.0,8,2,1,1,1,20,0.1541500656283718,0.4100632046128958,0.5359507150030224,0.7647504806518555,0.13140130043029785
500,2.0,8,2,1,1,1,21,0.1523852835115746,0.29840361944100313,0.4041944296649273,0.7035975456237793,0.13772821426391602
500,2.0,8,2,1,1,1,22,0.1624685084219064,0.33797147284753715,0.39686079818670245,0.8621881008148193,0.18386077880859375
500,2.0,8,2,1,1,1,23,0.16755089702725787,0.34714043489409796,0.4494283517944117,0.8023879528045654,0.13752365112304688
500,2.0,8,2,1,1,1,24,0.15591952920569827,0.30001741259971376,0.3996714241333592,0.7675175666809082,0.16222047805786133
500,2.5,8,2,1,1,1,0,0.17709524240916555,0.31355591100452573,0.40783861982524444,0.7620501518249512,0.16933441162109375
500,2.5,8,2,1,1,1,1,0.2244161019463685,0.3324864837577851,0.43229998748701837,0.8750388622283936,0.19724106788635254
500,2.5,8,2,1,1,1,2,0.15498963519833375,0.3005220876915907,0.3936009287056459,0.8009564876556396,0.12970900535583496
500,2.5,8,2,1,1,1,3,0.17941968337980982,0.30540522175822654,0.43205403829480693,0.8733737468719482,0.1726524829864502
500,2.5,8,2,1,1,1,4,0.1537721702642898,0.38609763742144204,0.47664386768111405,0.9551095962524414,0.20942354202270508
500,2.5,8,2,1,1,1,5,0.18783554060605082,0.3312076482829924,0.4453415760066052,0.7582290172576904,0.1876063346862793
500,2.5,8,2,1,1,1,6,0.17514358792898535,0.3623828116062409,0.47206119847272743,0.692568302154541,0.12730002403259277
500,2.5,8,2,1,1,1,7,0.18821730282858254,0.3217466926836522,0.4529345414433036,0.7389755249023438,0.16582345962524414
500,2.5,8,2,1,1,1,8,0.15143925273005507,0.30533913631829157,0.41073876247180424,0.6510052680969238,0.14478754997253418
500,2.5,8,2,1,1,1,9,0.16609220309212808,0.34865290616567235,0.4377486920276334,0.7989187240600586,0.17009592056274414
500,2.5,8,2,1,1,1,10,0.17423210608299922,0.31543085743375,0.4821897053753116,0.6200215816497803,0.11962485313415527
500,2.5,8,2,1,1,1,11,0.2033665744958454,0.3052298199506424,0.4204103645192112,0.6460003852844238,0.14145612716674805
500,2.5,8,2,1,1,1,12,0.18227719537464787,0.33992617802744274,0.48394310533780915,0.6482923030853271,0.1284809112548828
500,2.5,8,2,1,1,1,13,0.16209567295286306,0.31533589198825174,0.4453619503108015,0.6842219829559326,0.15093517303466797
500,2.5,8,2,1,1,1,14,0.17547043040957716,0.4414873656178146,0.5794584971706017,0.7526872158050537,0.1297757625579834
500,2.5,8,2,1,1,1,15,0.17852197823640445,0.3766790192924664,0.5155483644347557,0.6644961833953857,0.14909982681274414
500,2.5,8,2,1,1,1,16,0.1797404649915803,0.36389374717261236,0.4953482604611036,0.6512491703033447,0.12732267379760742
500,2.5,8,2,1,1,1,17,0.1708582974426297,0.33074146404373417,0.44731213127345887,0.6294779777526855,0.14046978950500488
500,2.5,8,2,1,1,1,18,0.17748742572716666,0.3374557562217864,0.4104180760255326,0.7922139167785645,0.17216181755065918
500,2.5,8,2,1,1,1,19,0.16859469550117892,0.3443519246611205,0.493203656174295,0.6234633922576904,0.13323569297790527
500,2.5,8,2,1,1,1,20,0.18272708292175385,0.28691259357899596,0.44153635693442983,0.7086780071258545,0.1573619842529297
500,2.5,8,2,1,1,1,21,0.16913392589138654,0.3535244633535141,0.4944587016272217,0.7714855670928955,0.18217825889587402
500,2.5,8,2,1,1,1,22,0.18638056177863585,0.310042118588908,0.4358882441175885,0.652076244354248,0.1436595916748047
500,2.5,8,2,1,1,1,23,0.18003242751056292,0.37327300407692565,0.5110569363031332,0.7655682563781738,0.1833057403564453
500,2.5,8,2,1,1,1,24,0.1591705811649553,0.37191087599991646,0.5310814571648718,0.6429417133331299,0.13981270790100098
500,3.0,8,2,1,1,1,0,0.19162096532663886,0.4225012480679667,0.5663124807966204,0.6200962066650391,0.1362781524658203
500,3.0,8,2,1,1,1,1,0.21212745082114964,0.33199465023075186,0.4956406955897994,0.6925160884857178,0.1502389907836914
500,3.0,8,2,1,1,1,2,0.1796729876599628,0.40552354289530396,0.5468359768023182,0.6701679229736328,0.1414804458618164
500,3.0,8,2,1,1,1,3,0.19900432654827768,0.3916844227997548,0.559679578583539,0.783369779586792,0.18527698516845703
500,3.0,8,2,1,1,1,4,0.18713226387887033,0.4110315877385888,0.5127459702128343,0.6130728721618652,0.1483163833618164
500,3.0,8,2,1,1,1,5,0.20928837951288481,0.34141828111995826,0.46689363912213755,0.602830171585083,0.13822126388549805
500,3.0,8,2,1,1,1,6,0.19483661310979003,0.32562047548783846,0.459202538936115,0.6469032764434814,0.14112281799316406
500,3.0,8,2,1,1,1,7,0.19166504599556738,0.29698318648759575,0.4062476983709992,0.6885607242584229,0.1746978759765625
500,3.0,8,2,1,1,1,8,0.1842834554984971,0.3039435523222443,0.43024548034707727,0.6710057258605957,0.1360797882080078
500,3.0,8,2,1,1,1,9,0.20688499676881597,0.357664086098746,0.49100850441163146,0.6113147735595703,0.1290593147277832
500,3.0,8,2,1,1,1,10,0.19265266497637315,0.3381739199375766,0.4433027673089729,0.6014313697814941,0.13785409927368164
500,3.0,8,2,1,1,1,11,0.20548467546225418,0.34410390544968755,0.4515581610754007,0.6325716972351074,0.12279701232910156
500,3.0,8,2,1,1,1,12,0.19186120654866456,0.31136878445811844,0.4650180510572056,0.7998678684234619,0.17107582092285156
500,3.0,8,2,1,1,1,13,0.2126515108690809,0.43057611132658613,0.5714420225294435,0.8043220043182373,0.171828031539917
500,3.0,8,2,1,1,1,14,0.1896869367451252,0.35321892642269087,0.4820530760023807,0.6811678409576416,0.13545489311218262
500,3.0,8,2,1,1,1,15,0.21241827491402285,0.3225008560762429,0.449551067694432,0.6206822395324707,0.12460875511169434
500,3.0,8,2,1,1,1,16,0.21303546288211528,0.32172177251970857,0.4700332451171639,0.603240966796875,0.14347219467163086
500,3.0,8,2,1,1,1,17,0.2204361284024616,0.38087425238325234,0.5817002002109218,0.7431058883666992,0.18395400047302246
500,3.0,8,2,1,1,1,18,0.17431838497742133,0.2963262598167168,0.43972926026812803,0.6393122673034668,0.13516664505004883
500,3.0,8,2,1,1,1,19,0.19300188914679048,0.3522248136955116,0.46011901171930386,0.641552209854126,0.12177705764770508
500,3.0,8,2,1,1,1,20,0.20833188638258363,0.40223715455307346,0.5478271102116485,0.6081616878509521,0.1203148365020752
500,3.0,8,2,1,1,1,21,0.22030114054111322,0.40235487412804927,0.5716732979784066,0.6229298114776611,0.1560978889465332
500,3.0,8,2,1,1,1,22,0.1817869335476075,0.36487327903045613,0.49334322583210793,0.7856025695800781,0.1733996868133545
500,3.0,8,2,1,1,1,23,0.19694845421954754,0.36406330171689705,0.5508364042629588,0.6223011016845703,0.14490079879760742
500,3.0,8,2,1,1,1,24,0.20211414967288852,0.32220217658103073,0.46277783167193615,0.6560089588165283,0.12913203239440918
500,3.5,8,2,1,1,1,0,0.21726090541280402,0.3350924613132978,0.5045956637435972,0.5980405807495117,0.13485336303710938
500,3.5,8,2,1,1,1,1,0.24176014163510437,0.37733840981398686,0.6184766884534219,0.7043313980102539,0.15081238746643066
500,3.5,8,2,1,1,1,2,0.24174890424719336,0.3805361727685494,0.580357588012697,0.7051196098327637,0.16457533836364746
500,3.5,8,2,1,1,1,3,0.2259054680681817,0.38030718001953145,0.6062126480877131,0.6436882019042969,0.14304256439208984
500,3.5,8,2,1,1,1,4,0.19432129928280634,0.3926138517451729,0.554074421223908,0.6275637149810791,0.1433556079864502
500,3.5,8,2,1,1,1,5,0.2018624268920923,0.43121910670661645,0.5532720592905426,0.586949348449707,0.15368127822875977
500,3.5,8,2,1,1,1,6,0.2074337361531958,0.33876940754579643,0.4795744304818078,0.7128262519836426,0.1776561737060547
500,3.5,8,2,1,1,1,7,0.2127612947463482,0.3789329634220088,0.5627876955800453,0.9292044639587402,0.15886211395263672
500,3.5,8,2,1,1,1,8,0.2068985905532578,0.3835200785016153,0.5507001081795206,0.66994309425354,0.14721226692199707
500,3.5,8,2,1,1,1,9,0.21856676096025598,0.35897535442850653,0.48719885178595,0.6380002498626709,0.1313488483428955
500,3.5,8,2,1,1,1,10,0.21444558187861454,0.4017029763309969,0.5781504697360457,0.623136043548584,0.12166452407836914
500,3.5,8,2,1,1,1,11,0.2581290972692376,0.5347567277551467,0.7623919587230681,0.7425060272216797,0.16696715354919434
500,3.5,8,2,1,1,1,12,0.2033620095794724,0.4496798865374454,0.6000293947725388,0.6134507656097412,0.11476683616638184
500,3.5,8,2,1,1,1,13,0.2901463126379691,0.30122775130274304,0.5375969068765134,0.6186883449554443,0.14761114120483398
500,3.5,8,2,1,1,1,14,0.22796583940843032,0.4335608780048917,0.5911128270810002,0.642674446105957,0.1283559799194336
500,3.5,8,2,1,1,1,15,0.22455945527007917,0.3286231006234952,0.48708376306304063,0.6084070205688477,0.1400010585784912
500,3.5,8,2,1,1,1,16,0.23349084400469533,0.3080364665711869,0.4778484796453283,0.823030948638916,0.16970610618591309
500,3.5,8,2,1,1,1,17,0.23042492866624298,0.367168957051639,0.5323062328433512,0.6023893356323242,0.12253880500793457
500,3.5,8,2,1,1,1,18,0.2483544347870021,0.45438827709067314,0.5911085222480156,0.6254134178161621,0.14716887474060059
500,3.5,8,2,1,1,1,19,0.2075551553673082,0.42550622133364424,0.5940505224330452,0.6370277404785156,0.12109541893005371
500,3.5,8,2,1,1,1,20,0.2754484302480341,0.38337684066392314,0.5054557086175026,0.6667726039886475,0.14026284217834473
500,3.5,8,2,1,1,1,21,0.21464524680982203,0.4124721157955349,0.5416388123811554,0.8200485706329346,0.1774616241455078
500,3.5,8,2,1,1,1,22,0.21549294125065618,0.3598292950098657,0.512459185546136,0.6101107597351074,0.13176202774047852
500,3.5,8,2,1,1,1,23,0.2333522540569167,0.46497558391184624,0.6669223349987867,0.6312386989593506,0.1455996036529541
500,3.5,8,2,1,1,1,24,0.23405640348924256,0.3743052697569079,0.5302705850080407,0.8122248649597168,0.1785128116607666
500,4.0,8,2,1,1,1,0,0.24486622095539165,0.4361416865703011,0.6405126466709326,0.8665828704833984,0.17592167854309082
500,4.0,8,2,1,1,1,1,0.2377772530650384,0.37418766143389876,0.518485099976345,0.6400146484375,0.13659119606018066
500,4.0,8,2,1,1,1,2,0.250000344746731,0.4419539877137819,0.5537145578400401,0.6356487274169922,0.11861467361450195
500,4.0,8,2,1,1,1,3,0.24126613983111328,0.4448806395134831,0.654931728957043,0.6075575351715088,0.13019585609436035
500,4.0,8,2,1,1,1,4,0.25407435343737256,0.3645594791629121,0.5098368071186475,0.8207757472991943,0.21152472496032715
500,4.0,8,2,1,1,1,5,0.2551712990217567,0.39493423453368115,0.5507903258641902,0.8659510612487793,0.1984107494354248
500,4.0,8,2,1,1,1,6,0.2551204157796726,0.42877092572409037,0.6061251038097559,0.6926975250244141,0.1571640968322754
500,4.0,8,2,1,1,1,7,0.24061027213505867,0.37492963218075187,0.554298849233618,0.751539945602417,0.11463785171508789
500,4.0,8,2,1,1,1,8,0.25515709041369694,0.367075898364632,0.520480706638397,0.7782993316650391,0.14260244369506836
500,4.0,8,2,1,1,1,9,0.2633889279797492,0.4196133342718415,0.6718687188414312,0.9687128067016602,0.1793053150177002
500,4.0,8,2,1,1,1,10,0.2566074293922798,0.34258821957843694,0.5013814348638456,0.7159206867218018,0.1364891529083252
500,4.0,8,2,1,1,1,11,0.22558755083271503,0.3578857550939605,0.5709700031372553,0.7778677940368652,0.14042901992797852
500,4.0,8,2,1,1,1,12,0.32659461412103324,0.3705709023272481,0.5468054905909882,0.7560629844665527,0.14539718627929688
500,4.0,8,2,1,1,1,13,0.248813435876479,0.3440738368376623,0.5246984568649555,0.9384121894836426,0.17067217826843262
500,4.0,8,2,1,1,1,14,0.2268342502907405,0.3732277087463509,0.5280784806512787,0.7634375095367432,0.16660761833190918
500,4.0,8,2,1,1,1,15,0.24682991773175392,0.394893928650002,0.5936615028474691,0.9992465972900391,0.20661234855651855
500,4.0,8,2,1,1,1,16,0.27132772236709324,0.33798465333122457,0.5274393727186295,0.8343291282653809,0.17330598831176758
500,4.0,8,2,1,1,1,17,0.28177788428076367,0.38987811237981407,0.5953759852716769,0.8607571125030518,0.16368746757507324
500,4.0,8,2,1,1,1,18,0.2538310100047131,0.35072697633922584,0.5450737753466127,0.782463550567627,0.13161563873291016
500,4.0,8,2,1,1,1,19,0.2693923100613499,0.36122700905452654,0.564188947880637,0.7154784202575684,0.17350029945373535
500,4.0,8,2,1,1,1,20,0.25473096312545196,0.492263811363511,0.6654486642033388,0.7811601161956787,0.18485808372497559
500,4.0,8,2,1,1,1,21,0.24274210824869263,0.4414881961140238,0.6533306408889494,0.7773549556732178,0.15947675704956055
500,4.0,8,2,1,1,1,22,0.28719783908917323,0.3873981525143418,0.5721658978864099,0.7513549327850342,0.14240598678588867
500,4.0,8,2,1,1,1,23,0.2518268764634374,0.37294137740331773,0.5100167920964778,0.7650182247161865,0.17667317390441895
500,4.0,8,2,1,1,1,24,0.2467325814216219,0.35449654440266015,0.5437253095599262,0.9150280952453613,0.1830427646636963
500,4.5,8,2,1,1,1,0,0.26188434305277697,0.3971578761431195,0.5780522420968868,0.7571794986724854,0.13419842720031738
500,4.5,8,2,1,1,1,1,0.2590312419737998,0.4146058029814484,0.5516034060231302,0.7308657169342041,0.1426863670349121
500,4.5,8,2,1,1,1,2,0.25645570694177655,0.3447981222051144,0.5658917842959122,0.7990503311157227,0.15935087203979492
500,4.5,8,2,1,1,1,3,0.2681487771773173,0.42305472776511566,0.6166588803498794,0.9719839096069336,0.19727659225463867
500,4.5,8,2,1,1,1,4,0.26586371281107246,0.4314087553019448,0.5898632526791721,0.8120825290679932,0.17722082138061523
500,4.5,8,2,1,1,1,5,0.25859025667781216,0.4515845311830099,0.6911240556562603,0.7366769313812256,0.17325329780578613
500,4.5,8,2,1,1,1,6,0.28494878708073446,0.40477675925778567,0.6047655051500103,0.7565474510192871,0.11067771911621094
500,4.5,8,2,1,1,1,7,0.2567338534482564,0.3828106620541909,0.5406636954162052,0.9317996501922607,0.1822671890258789
500,4.5,8,2,1,1,1,8,0.28083500062531086,0.41517666210960097,0.5834019012179854,0.728046178817749,0.16927480697631836
500,4.5,8,2,1,1,1,9,0.2277723375304094,0.40017161336041285,0.6242483078823825,0.7148377895355225,0.14923715591430664
500,4.5,8,2,1,1,1,10,0.280834993797087,0.4116808432164609,0.5884582080012287,0.7610111236572266,0.16300535202026367
500,4.5,8,2,1,1,1,11,0.2757798916486564,0.3641553967418669,0.5735693418061101,0.8678066730499268,0.18659496307373047
500,4.5,8,2,1,1,1,12,0.33576151589022524,0.45284153838305424,0.6972099650228025,0.7158117294311523,0.18227028846740723
500,4.5,8,2,1,1,1,13,0.27223092275963456,0.36348521373854964,0.6197554901628148,0.7172062397003174,0.12526607513427734
500,4.5,8,2,1,1,1,14,0.3201751622019236,0.4914411645066003,0.8116163267085239,0.785635232925415,0.16210031509399414
500,4.5,8,2,1,1,1,15,0.25354171559632915,0.41619360987160486,0.6290289676156173,0.8221273422241211,0.1938786506652832
500,4.5,8,2,1,1,1,16,0.2739490400654133,0.4776555169981332,0.7077014667930526,0.6969988346099854,0.1649024486541748
500,4.5,8,2,1,1,1,17,0.24901765957577196,0.37727419679585605,0.5243375217139303,0.8274662494659424,0.11396598815917969
500,4.5,8,2,1,1,1,18,0.24528650683159955,0.3718228300706714,0.5413452108370397,0.7928853034973145,0.13853788375854492
500,4.5,8,2,1,1,1,19,0.24160248247953298,0.4339615370875428,0.6114152636975959,1.0531394481658936,0.19112205505371094
500,4.5,8,2,1,1,1,20,0.24801878687903126,0.4060726721548606,0.5554284337367973,0.7104430198669434,0.17092585563659668
500,4.5,8,2,1,1,1,21,0.2604256545328438,0.5408782213720423,0.801303875904886,0.7486791610717773,0.13830208778381348
500,4.5,8,2,1,1,1,22,0.2499724998937531,0.4666448970422432,0.6696354578444494,0.7717883586883545,0.13040447235107422
500,4.5,8,2,1,1,1,23,0.28475756979124206,0.41723280220822884,0.5885404015629914,0.9035131931304932,0.19551515579223633
500,4.5,8,2,1,1,1,24,0.2591573360053785,0.36136931221999935,0.5148012566938247,0.7085537910461426,0.16516852378845215
500,5.0,8,2,1,1,1,0,0.2867352297942583,0.4470668219959262,0.658275036190191,0.8278532028198242,0.11763668060302734
500,5.0,8,2,1,1,1,1,0.25513487673292795,0.525603342837871,0.7007062196842785,0.7838428020477295,0.14302802085876465
500,5.0,8,2,1,1,1,2,0.38315891285184434,0.4874035221275961,0.7328286153992586,0.878028154373169,0.16443753242492676
500,5.0,8,2,1,1,1,3,0.2536933319924345,0.40936353286108174,0.6010787059076946,0.7153773307800293,0.14762067794799805
500,5.0,8,2,1,1,1,4,0.32977951420847984,0.5800318475328065,0.8629104690708618,0.7410359382629395,0.14136528968811035
500,5.0,8,2,1,1,1,5,0.3123583000596256,0.43437290139322365,0.7036330332349554,0.760674238204956,0.11853575706481934
500,5.0,8,2,1,1,1,6,0.29831635330121503,0.4171239457493363,0.6947409925100376,0.8729605674743652,0.17863011360168457
500,5.0,8,2,1,1,1,7,0.2771851010494304,0.46034031144355253,0.608432295920256,0.7937116622924805,0.14547133445739746
500,5.0,8,2,1,1,1,8,0.30563098845673975,0.42064633745562946,0.6452101317016444,0.7430016994476318,0.12211966514587402
500,5.0,8,2,1,1,1,9,0.3144637169269595,0.5096477046657841,0.7127650862950681,0.8261756896972656,0.19550657272338867
500,5.0,8,2,1,1,1,10,0.3045351505363299,0.47266542567730224,0.616323433835813,0.8282310962677002,0.17064356803894043
500,5.0,8,2,1,1,1,11,0.28848083616991715,0.3931317209364722,0.5240780313589162,0.7778146266937256,0.17189884185791016
500,5.0,8,2,1,1,1,12,0.30897013306110926,0.5317205722521203,0.7442582354716399,0.8089845180511475,0.17245864868164062
500,5.0,8,2,1,1,1,13,0.305917971437133,0.5821263473092694,0.7974006054717703,0.8024053573608398,0.15480566024780273
500,5.0,8,2,1,1,1,14,0.2918023255342107,0.3999559316247178,0.624718748731557,0.7769436836242676,0.15716934204101562
500,5.0,8,2,1,1,1,15,0.29325505631667437,0.3948109058206218,0.6578399516731372,0.726266622543335,0.13643836975097656
500,5.0,8,2,1,1,1,16,0.2927937608409612,0.44271167014172963,0.6735370523852067,0.743243932723999,0.1595447063446045
500,5.0,8,2,1,1,1,17,0.28231372742099203,0.56925857208839,0.808712087194665,0.7793500423431396,0.19419312477111816
500,5.0,8,2,1,1,1,18,0.3373239628067299,0.3667822679314687,0.5926302883397052,0.9750461578369141,0.1880347728729248
500,5.0,8,2,1,1,1,19,0.28144792154194914,0.40562956018352947,0.6395974201195053,0.7137289047241211,0.157501220703125
500,5.0,8,2,1,1,1,20,0.31602623803665625,0.40259924896936927,0.6389584435564206,0.7616374492645264,0.12603354454040527
500,5.0,8,2,1,1,1,21,0.27383743868693294,0.4558956682905623,0.6664363982132273,0.7777831554412842,0.18296098709106445
500,5.0,8,2,1,1,1,22,0.30935728765923753,0.5104550877239574,0.7734803214637522,0.8674025535583496,0.13562822341918945
500,5.0,8,2,1,1,1,23,0.2689885630097577,0.4670058136163112,0.6863359626428226,0.8666412830352783,0.19106197357177734
500,5.0,8,2,1,1,1,24,0.3293132876011896,0.44707585399403443,0.7114983032090703,0.7862429618835449,0.12127423286437988
500,5.5,8,2,1,1,1,0,0.3341312773771221,0.45802342014661807,0.6935252240719225,0.8905620574951172,0.1719980239868164
500,5.5,8,2,1,1,1,1,0.36514181888454744,0.44219880974318493,0.7080874596366822,0.7961962223052979,0.13767027854919434
500,5.5,8,2,1,1,1,2,0.34309357037531935,0.4672021811494021,0.6864111718696073,0.7593090534210205,0.15056514739990234
500,5.5,8,2,1,1,1,3,0.28428717413737653,0.44406209347036735,0.6308999472658552,0.8157427310943604,0.16025781631469727
500,5.5,8,2,1,1,1,4,0.31191080230585605,0.45916293223771276,0.7026680058179431,0.8836855888366699,0.17991924285888672
500,5.5,8,2,1,1,1,5,0.38140877013380814,0.5051317845823828,0.7373125832388189,0.7437708377838135,0.1827561855316162
500,5.5,8,2,1,1,1,6,0.3302860539050484,0.4856443729031259,0.7087567453762187,0.7873952388763428,0.137709379196167
500,5.5,8,2,1,1,1,7,0.3134979034212559,0.6207022821290615,0.9342001855503175,0.7421731948852539,0.14572620391845703
500,5.5,8,2,1,1,1,8,0.3923790664892049,0.4441861688657984,0.7587270915571274,0.8766334056854248,0.17720341682434082
500,5.5,8,2,1,1,1,9,0.3400473921911779,0.40802485989804815,0.6176555128856192,0.7773737907409668,0.1724543571472168
500,5.5,8,2,1,1,1,10,0.3202204833401378,0.516690681178359,0.7386169950170006,0.7013735771179199,0.15561509132385254
500,5.5,8,2,1,1,1,11,0.342520026461799,0.5254698709038524,0.7192384188580295,0.7813582420349121,0.16171550750732422
500,5.5,8,2,1,1,1,12,0.33115413773594393,0.3911774803886324,0.6742283995954264,0.9667668342590332,0.16465401649475098
500,5.5,8,2,1,1,1,13,0.30955723931029083,0.432717983816261,0.6891138666614527,0.88942551612854,0.2078559398651123
500,5.5,8,2,1,1,1,14,0.3420260946202243,0.5370578470966635,0.8506326590767757,0.739922285079956,0.19428014755249023
500,5.5,8,2,1,1,1,15,0.31296064440473703,0.4974011019883618,0.7372159719029638,0.7325060367584229,0.13098478317260742
500,5.5,8,2,1,1,1,16,0.32376224160878614,0.5742689792546387,0.8124595196614344,0.9217970371246338,0.15661978721618652
500,5.5,8,2,1,1,1,17,0.3625088974473821,0.5437140067902138,0.7678561386335616,0.7603092193603516,0.1454453468322754
500,5.5,8,2,1,1,1,18,0.3065977258080698,0.5505853238722989,0.7562452646697732,0.7049620151519775,0.14798378944396973
500,5.5,8,2,1,1,1,19,0.33553839683172226,0.4913959512146677,0.6521433946962157,0.7820925712585449,0.16588664054870605
500,5.5,8,2,1,1,1,20,0.29702045276914746,0.602284142470958,0.8460421849481831,0.7780628204345703,0.14184165000915527
500,5.5,8,2,1,1,1,21,0.3107079302240741,0.40702437654040724,0.5922896086032835,0.7336914539337158,0.1642899513244629
500,5.5,8,2,1,1,1,22,0.31109119597672297,0.5125518666734599,0.7490827433993911,0.8307352066040039,0.1464691162109375
500,5.5,8,2,1,1,1,23,0.3216348289145242,0.4712987884843651,0.6844015981620482,0.81642746925354,0.18100452423095703
500,5.5,8,2,1,1,1,24,0.31506235119379017,0.45681024179860646,0.6348537161955146,0.8147487640380859,0.12253379821777344
500,6.0,8,2,1,1,1,0,0.3638469305020189,0.4723718949206261,0.7303490812780902,0.7702081203460693,0.15218520164489746
500,6.0,8,2,1,1,1,1,0.3803948397431361,0.5425565963696861,0.7627982601779822,0.8186922073364258,0.1254119873046875
500,6.0,8,2,1,1,1,2,0.35444286419478216,0.4659975415659926,0.7037664777132473,0.9788846969604492,0.18349695205688477
500,6.0,8,2,1,1,1,3,0.3846467022780275,0.5914687227959138,0.8970366109538037,0.735374927520752,0.17209506034851074
500,6.0,8,2,1,1,1,4,0.3631709920971176,0.5856253223970956,0.8962340003136806,0.7286467552185059,0.15055179595947266
500,6.0,8,2,1,1,1,5,0.3466086387461705,0.4888595838391275,0.7737298743427696,0.7942962646484375,0.14816045761108398
500,6.0,8,2,1,1,1,6,0.3477458546382112,0.4919526610833215,0.7349115892988412,0.8729207515716553,0.1876673698425293
500,6.0,8,2,1,1,1,7,0.4161966307509204,0.6564499611662225,0.9416161064193808,0.7202548980712891,0.12808895111083984
500,6.0,8,2,1,1,1,8,0.34828156527138565,0.6340417280139644,0.8836896161205083,0.7832677364349365,0.12043333053588867
500,6.0,8,2,1,1,1,9,0.4205841252539701,0.5347792982575128,0.7950240932370678,0.7687778472900391,0.12755537033081055
500,6.0,8,2,1,1,1,10,0.34544755637403723,0.39924310719660083,0.6702303842822346,0.9056088924407959,0.1585538387298584
500,6.0,8,2,1,1,1,11,0.41659802411390934,0.4585104503733799,0.7647825710977569,0.8054566383361816,0.15741658210754395
500,6.0,8,2,1,1,1,12,0.33993754746516797,0.45257169197663866,0.6723025728762178,0.7695810794830322,0.17677927017211914
500,6.0,8,2,1,1,1,13,0.3599952062161731,0.515609277977553,0.714620290038422,0.795353889465332,0.15658020973205566
500,6.0,8,2,1,1,1,14,0.30533386390706496,0.46835008521654414,0.7186717769778728,0.9059946537017822,0.16814732551574707
500,6.0,8,2,1,1,1,15,0.36613720945926964,0.48554538084443205,0.7148097882103375,0.7754452228546143,0.1408534049987793
500,6.0,8,2,1,1,1,16,0.404615985337023,0.627346237397709,0.9458761542122749,0.8483908176422119,0.16165804862976074
500,6.0,8,2,1,1,1,17,0.3196084612224698,0.5640776561389097,0.8027201242577601,0.910508394241333,0.17364883422851562
500,6.0,8,2,1,1,1,18,0.32943131166071465,0.5108251472100958,0.6947041228282178,0.8029279708862305,0.16319775581359863
500,6.0,8,2,1,1,1,19,0.3258624576911035,0.4814334240376227,0.6956735341008455,0.7192847728729248,0.1786026954650879
500,6.0,8,2,1,1,1,20,0.3027479955984313,0.4984378118815161,0.7043182576383056,0.7032113075256348,0.13769197463989258
500,6.0,8,2,1,1,1,21,0.3474837735584219,0.5288676509877863,0.70432360007582,0.8203144073486328,0.17888212203979492
500,6.0,8,2,1,1,1,22,0.3851640861266883,0.4506029360427754,0.7126324374501984,0.8562548160552979,0.1626145839691162
500,6.0,8,2,1,1,1,23,0.3948692576631026,0.624216052990596,0.8522752563022253,0.7476568222045898,0.14547967910766602
500,6.0,8,2,1,1,1,24,0.346978326354664,0.46988282033133133,0.7500009811165802,0.7496483325958252,0.1815812587738037
500,6.5,8,2,1,1,1,0,0.4416554113345103,0.5514847170272269,0.8808583796221428,0.8878464698791504,0.18130111694335938
500,6.5,8,2,1,1,1,1,0.38055456443839303,0.5020969676112174,0.7809651761860148,0.829892635345459,0.1396629810333252
500,6.5,8,2,1,1,1,2,0.3767425547103512,0.4513709855361022,0.8281135402464535,0.7627360820770264,0.1395714282989502
500,6.5,8,2,1,1,1,3,0.3389701506418475,0.5988129099596677,0.8256696220961095,0.81036376953125,0.11428141593933105
500,6.5,8,2,1,1,1,4,0.34904980086430903,0.6899853613415607,1.0294625641071729,1.1469573974609375,0.20094895362854004
500,6.5,8,2,1,1,1,5,0.4012174707781336,0.5035937896345122,0.7760550793675416,0.7465286254882812,0.18946170806884766
500,6.5,8,2,1,1,1,6,0.3325093158277208,0.463338381062409,0.7439568279934035,0.7962074279785156,0.16306352615356445
500,6.5,8,2,1,1,1,7,0.37399184223636417,0.5914063670714879,0.8567613357787247,0.8124980926513672,0.15938878059387207
500,6.5,8,2,1,1,1,8,0.3590109872872005,0.5029556775608253,0.7419196289597159,0.9113631248474121,0.1810915470123291
500,6.5,8,2,1,1,1,9,0.39513792664229114,0.625192399296582,0.900983289236512,0.7149579524993896,0.16964125633239746
500,6.5,8,2,1,1,1,10,0.34229064563214834,0.5166326582105683,0.8373595275227413,0.7541368007659912,0.1250600814819336
500,6.5,8,2,1,1,1,11,0.48780146286444565,0.591665590140732,0.8627405291735009,0.782428503036499,0.14255261421203613
500,6.5,8,2,1,1,1,12,0.4068201330371235,0.5978982682112726,0.9287434048302102,0.8524594306945801,0.14852619171142578
500,6.5,8,2,1,1,1,13,0.3458378649691799,0.4683977463277411,0.6725479922231838,0.8170509338378906,0.16975855827331543
500,6.5,8,2,1,1,1,14,0.31865536972108954,0.6032246563659136,0.8383013549357874,0.7656307220458984,0.17335128784179688
500,6.5,8,2,1,1,1,15,0.40638298216070246,0.7341330440774645,1.0165825457631916,0.7755172252655029,0.17484426498413086
500,6.5,8,2,1,1,1,16,0.38373936742427,0.47406905167296526,0.754956497067929,0.8265395164489746,0.11423587799072266
500,6.5,8,2,1,1,1,17,0.3881122232789724,0.5154637716817676,0.7873340488244899,0.7196910381317139,0.15534329414367676
500,6.5,8,2,1,1,1,18,0.34932538218975523,0.7557623295265626,1.0168668421912734,0.6976642608642578,0.17873859405517578
500,6.5,8,2,1,1,1,19,0.37520054840934164,0.559843873451049,0.8576793959469582,0.8175568580627441,0.15838289260864258
500,6.5,8,2,1,1,1,20,0.394601792274904,0.5046693810605654,0.7444208670832515,0.9255893230438232,0.1912217140197754
500,6.5,8,2,1,1,1,21,0.39415815633821916,0.6326148583939379,1.0175935853211022,0.7296228408813477,0.12924909591674805
500,6.5,8,2,1,1,1,22,0.35612714967107556,0.4681787423295282,0.719591438710077,0.7563784122467041,0.12976384162902832
500,6.5,8,2,1,1,1,23,0.3153013815594989,0.5299602738221945,0.7715489474202435,0.9472882747650146,0.17164325714111328
500,6.5,8,2,1,1,1,24,0.3994872204445492,0.5242659445920633,0.843763333063051,0.7475125789642334,0.14902448654174805
500,7.0,8,2,1,1,1,0,0.4523303648360305,0.650134748658678,1.0846161265497969,0.7968857288360596,0.17412853240966797
500,7.0,8,2,1,1,1,1,0.3755467929492019,0.5642193376655347,0.8779414539696038,0.7126076221466064,0.1649465560913086
500,7.0,8,2,1,1,1,2,0.39492522113243533,0.5627212118394823,0.8281513401880427,0.8849132061004639,0.15901899337768555
500,7.0,8,2,1,1,1,3,0.40540648190306844,0.6755181848373207,0.9168363080141754,0.7832145690917969,0.14985370635986328
500,7.0,8,2,1,1,1,4,0.44458498445021943,0.5846056034301527,0.8179406723436551,0.7844235897064209,0.14122700691223145
500,7.0,8,2,1,1,1,5,0.40081704421162384,0.523616767154885,0.8088415623760943,0.7619194984436035,0.14486312866210938
500,7.0,8,2,1,1,1,6,0.507623660536219,0.5457860569579643,0.8833797497785761,0.8183126449584961,0.17581725120544434
500,7.0,8,2,1,1,1,7,0.3733120823956194,0.4705274643467276,0.7962929953334275,0.783689022064209,0.12259101867675781
500,7.0,8,2,1,1,1,8,0.3742630777294141,0.5807550298336711,0.8660601196108959,0.8054530620574951,0.15270781517028809
500,7.0,8,2,1,1,1,9,0.4360459649685077,0.47670378228272614,0.6933119280062494,0.7765698432922363,0.17547965049743652
500,7.0,8,2,1,1,1,10,0.4021658919956095,0.5727099977058949,0.8870982400493193,1.037456750869751,0.2057485580444336
500,7.0,8,2,1,1,1,11,0.43991846458547035,0.7579412227823972,1.101924078409597,0.7514615058898926,0.17310547828674316
500,7.0,8,2,1,1,1,12,0.4225944375889281,0.5580672725693988,0.7999279735103813,0.7194631099700928,0.13122177124023438
500,7.0,8,2,1,1,1,13,0.4061591710067831,0.4448680325914877,0.7302673938514522,1.051910161972046,0.1802065372467041
500,7.0,8,2,1,1,1,14,0.4019057666772669,0.5942233661810491,0.9165373940401987,0.7816922664642334,0.18162298202514648
500,7.0,8,2,1,1,1,15,0.3430089705435088,0.502987595451368,0.7954490466838348,0.7466063499450684,0.1697542667388916
500,7.0,8,2,1,1,1,16,0.41335075097204765,0.6080158808087244,0.8961406083772581,0.772355318069458,0.1563704013824463
500,7.0,8,2,1,1,1,17,0.3913639119795482,0.7127372833945796,0.9681557233310014,0.8508915901184082,0.2050309181213379
500,7.0,8,2,1,1,1,18,0.3878842606440171,0.6448067701547391,1.000468170847895,0.7970118522644043,0.1693274974822998
500,7.0,8,2,1,1,1,19,0.39822461690648236,0.5875092121460722,0.8240561200785755,0.8673858642578125,0.17083978652954102
500,7.0,8,2,1,1,1,20,0.41254031718840456,0.7386533008095476,1.011009224347023,0.8407723903656006,0.15391898155212402
500,7.0,8,2,1,1,1,21,0.41602576007739217,0.615209933147809,0.9253257028398019,1.0425598621368408,0.1900801658630371
500,7.0,8,2,1,1,1,22,0.44232188339876544,0.6961437307516951,1.0536756240719858,0.7955899238586426,0.1800377368927002
500,7.0,8,2,1,1,1,23,0.4439084787888464,0.6545258160034911,0.9336191990030067,0.9583351612091064,0.1896345615386963
500,7.0,8,2,1,1,1,24,0.35962359547236217,0.672233593842819,0.8917835418834998,0.9491934776306152,0.19678330421447754
500,7.5,8,2,1,1,1,0,0.3644654594639465,0.5293705941548091,0.7920975254365807,0.8454990386962891,0.15250778198242188
500,7.5,8,2,1,1,1,1,0.4356738564464393,0.5651572516036721,0.834392162387918,0.7932326793670654,0.17333674430847168
500,7.5,8,2,1,1,1,2,0.4336111196646794,0.624982099182982,1.0585932188476614,0.8748867511749268,0.1754770278930664
500,7.5,8,2,1,1,1,3,0.45253203123392255,0.6890257827122146,1.032370359583303,0.8748233318328857,0.10741543769836426
500,7.5,8,2,1,1,1,4,0.4789536839632821,0.6116985250922107,0.8717620833021337,0.7841577529907227,0.17400836944580078
500,7.5,8,2,1,1,1,5,0.5274741588383398,0.5990056552970243,0.957400396533486,1.0844354629516602,0.19733834266662598
500,7.5,8,2,1,1,1,6,0.4985089805951026,0.5589197350109195,0.8676279572546979,0.92372727394104,0.17391133308410645
500,7.5,8,2,1,1,1,7,0.43127585764628923,0.6603426541304778,0.9728440245174558,0.8733053207397461,0.17505788803100586
500,7.5,8,2,1,1,1,8,0.4028842868505265,0.5658076192072468,0.9613390910050388,0.9691469669342041,0.19739842414855957
500,7.5,8,2,1,1,1,9,0.43585593199661343,0.6731026200448904,1.0027554306740027,0.9605245590209961,0.18588733673095703
500,7.5,8,2,1,1,1,10,0.4100821858938943,0.825361978570291,1.1183128113873115,0.8276221752166748,0.1439497470855713
500,7.5,8,2,1,1,1,11,0.4292008344585962,0.7640867953360702,1.0683995725017437,1.0251178741455078,0.19126319885253906
500,7.5,8,2,1,1,1,12,0.4354860347320891,0.6336811236933024,0.9863573476843539,0.76141357421875,0.17579078674316406
500,7.5,8,2,1,1,1,13,0.40444349175820105,0.5711468261361032,0.7944864948703886,0.7311687469482422,0.1718730926513672
500,7.5,8,2,1,1,1,14,0.49124873126267293,0.5628601820546661,0.8038104558762365,0.7706513404846191,0.12085151672363281
500,7.5,8,2,1,1,1,15,0.45832461138836417,0.9382947569279987,1.3387616810673144,0.9099352359771729,0.17404484748840332
500,7.5,8,2,1,1,1,16,0.41615145449771157,0.643495671840384,0.9421637718229281,0.7601745128631592,0.14467430114746094
500,7.5,8,2,1,1,1,17,0.5102123194406906,0.6133790974002822,0.9213894751218639,0.7826690673828125,0.14969968795776367
500,7.5,8,2,1,1,1,18,0.42814351325936056,0.4770268470615576,0.8110453342081154,0.7580716609954834,0.16063499450683594
500,7.5,8,2,1,1,1,19,0.3921888458072841,0.6365623377038991,0.9513740366026158,0.9360246658325195,0.18021249771118164
500,7.5,8,2,1,1,1,20,0.4030190338706676,0.5748541874067565,0.9206979985460518,0.7517223358154297,0.1443798542022705
500,7.5,8,2,1,1,1,21,0.4338991168901294,0.6239163323684052,0.9688261139337838,0.8102390766143799,0.1461470127105713
500,7.5,8,2,1,1,1,22,0.41850986430277903,0.7783592118039768,1.196869076106756,0.7933695316314697,0.15313124656677246
500,7.5,8,2,1,1,1,23,0.44178224967851176,0.6162806235875876,0.9847364067344739,0.9452698230743408,0.1899259090423584
500,7.5,8,2,1,1,1,24,0.4618679166884463,0.512835505275196,0.8372868443971122,0.8573250770568848,0.18419647216796875
500,8.0,8,2,1,1,1,0,0.43907517632814336,0.5370757481722416,0.9022407170979649,0.7969787120819092,0.18265748023986816
500,8.0,8,2,1,1,1,1,0.5150015256123153,0.8758971314094538,1.250136567580179,0.8579347133636475,0.19577431678771973
500,8.0,8,2,1,1,1,2,0.4523089448164896,0.5033677757418111,0.8293598854623846,0.763425350189209,0.1620190143585205
500,8.0,8,2,1,1,1,3,0.4947131564081697,0.5480659711478737,0.8737801383729986,0.7721652984619141,0.11866164207458496
500,8.0,8,2,1,1,1,4,0.4587145004469696,0.5712175208435827,0.9284153825325954,0.6999399662017822,0.1862192153930664
500,8.0,8,2,1,1,1,5,0.4506450415765346,0.5593182321518049,0.9815601331688502,0.8474349975585938,0.1560204029083252
500,8.0,8,2,1,1,1,6,0.44710699964050643,0.5403609519840872,0.8542311934311175,0.7589261531829834,0.1385362148284912
500,8.0,8,2,1,1,1,7,0.4482135901981883,0.6220712469834541,0.968698441444009,0.7288608551025391,0.16300296783447266
500,8.0,8,2,1,1,1,8,0.49735765597009024,0.6445256858355033,0.9122472903013998,0.7255876064300537,0.18912148475646973
500,8.0,8,2,1,1,1,9,0.4584824184925725,0.6523847143752719,1.0246414401548933,0.8121273517608643,0.1620347499847412
500,8.0,8,2,1,1,1,10,0.5120941444426527,0.5674130955371984,0.9237255001348157,0.7510859966278076,0.1354966163635254
500,8.0,8,2,1,1,1,11,0.4932025045063157,0.6315108725425476,1.0201663583853555,0.74652099609375,0.11563730239868164
500,8.0,8,2,1,1,1,12,0.5172153708207805,0.625535038307855,0.8534928250266105,0.7077276706695557,0.14389753341674805
500,8.0,8,2,1,1,1,13,0.4705892456213621,0.614261376573742,0.9405918399980028,0.8285324573516846,0.1795063018798828
500,8.0,8,2,1,1,1,14,0.4377912604398822,0.6102787919723858,0.9584091323990962,0.8828761577606201,0.16837668418884277
500,8.0,8,2,1,1,1,15,0.4569566789297502,0.6444564006123165,0.9419567161165803,0.7625808715820312,0.1805269718170166
500,8.0,8,2,1,1,1,16,0.44965047784715634,0.6865132358600646,1.136163713707221,0.7875683307647705,0.16488313674926758
500,8.0,8,2,1,1,1,17,0.4540013756547061,0.5396639956581094,0.9206757237505578,0.9185523986816406,0.17457795143127441
500,8.0,8,2,1,1,1,18,0.4410326583017165,0.6217603228802473,0.9024369626826012,0.7113986015319824,0.18182826042175293
500,8.0,8,2,1,1,1,19,0.6060584856162163,0.7937948817555918,1.0990035195722885,0.7594778537750244,0.14846277236938477
500,8.0,8,2,1,1,1,20,0.5176537865226857,0.4731323513010244,0.9137438236598674,0.8063719272613525,0.12532281875610352
500,8.0,8,2,1,1,1,21,0.5178569003341408,0.7955006592401578,1.1152167084758813,0.8702669143676758,0.1746351718902588
500,8.0,8,2,1,1,1,22,0.4319502739603653,0.6861245750234197,0.9402360787780437,0.7327127456665039,0.13667535781860352
500,8.0,8,2,1,1,1,23,0.49329256338437666,0.6483744545600466,1.0344639540476035,0.768085241317749,0.1273972988128662
500,8.0,8,2,1,1,1,24,0.4740975993466498,0.6083134457195583,0.9179365943329533,0.7542061805725098,0.16410064697265625
500,8.5,8,2,1,1,1,0,0.5124203000503337,0.6528601089347357,1.0210613079172697,0.7353236675262451,0.20364809036254883
500,8.5,8,2,1,1,1,1,0.45203003830627236,0.6432062647772128,0.9520113258884916,0.7883448600769043,0.1236429214477539
500,8.5,8,2,1,1,1,2,0.4877551372658391,0.7076167724932069,1.079380378302762,0.7852187156677246,0.13298845291137695
500,8.5,8,2,1,1,1,3,0.5220468729093635,0.5659344228060146,0.9179902271834341,0.7694652080535889,0.20492029190063477
500,8.5,8,2,1,1,1,4,0.45388927627252434,0.8664219352011883,1.2428300333179143,0.8956530094146729,0.19043350219726562
500,8.5,8,2,1,1,1,5,0.6461549676536976,0.6234758592950704,1.1801379539913133,0.8017923831939697,0.11466240882873535
500,8.5,8,2,1,1,1,6,0.5035639345984294,0.609169411228701,0.9717631384874399,0.7142610549926758,0.17240285873413086
500,8.5,8,2,1,1,1,7,0.43254938520792396,0.6146361048480417,0.8660450754380986,0.7899336814880371,0.14249134063720703
500,8.5,8,2,1,1,1,8,0.5775475261021845,0.6233854863063044,1.047724038806758,0.869612455368042,0.17807888984680176
500,8.5,8,2,1,1,1,9,0.5308047337140407,0.6277291298102844,0.9293638525584229,0.8228795528411865,0.1285994052886963
500,8.5,8,2,1,1,1,10,0.423097918223054,0.6171429754096343,0.8848194037363077,0.7961771488189697,0.13876962661743164
500,8.5,8,2,1,1,1,11,0.41885733761462857,0.6483020772408278,0.9323384824884068,0.823962926864624,0.12250924110412598
500,8.5,8,2,1,1,1,12,0.514641916901998,0.7072522871245125,1.0773934909130896,0.8462190628051758,0.18375492095947266
500,8.5,8,2,1,1,1,13,0.5404594333485313,0.8879250958676205,1.312332966625874,0.7487711906433105,0.13855791091918945
500,8.5,8,2,1,1,1,14,0.4965557858009483,0.7030135851784441,1.0258617981166478,0.6920912265777588,0.15425491333007812
500,8.5,8,2,1,1,1,15,0.5437092464583535,0.8511762947229006,1.3130560003367848,0.7392134666442871,0.13733410835266113
500,8.5,8,2,1,1,1,16,0.4947956458229704,0.7409738053898691,1.0930466251196667,0.8844759464263916,0.16555070877075195
500,8.5,8,2,1,1,1,17,0.44530259581310155,0.6745625117811885,1.0866747141932114,0.7297437191009521,0.17850017547607422
500,8.5,8,2,1,1,1,18,0.5724141002098567,0.8901549101467945,1.238997992410338,0.9258811473846436,0.16492199897766113
500,8.5,8,2,1,1,1,19,0.46356411203990344,0.5666206122124443,0.9295188693297244,0.7426955699920654,0.14611196517944336
500,8.5,8,2,1,1,1,20,0.5000893920249178,0.6332489109682489,0.9517370207007247,0.9315354824066162,0.1592721939086914
500,8.5,8,2,1,1,1,21,0.5083222629977923,0.6834640691130449,1.0256635623588395,0.7395100593566895,0.15583276748657227
500,8.5,8,2,1,1,1,22,0.4840878061339072,0.8090225497050872,1.0767229225473738,0.6933891773223877,0.14098906517028809
500,8.5,8,2,1,1,1,23,0.6666293771059375,0.7090570207491205,0.9883194824025463,0.7343950271606445,0.12011194229125977
500,8.5,8,2,1,1,1,24,0.45395786510715724,0.7152552891382589,1.0120391381909513,0.8046069145202637,0.17696213722229004
500,9.0,8,2,1,1,1,0,0.434746012617948,0.6837949250056626,0.9754144209261502,0.7742764949798584,0.15166187286376953
500,9.0,8,2,1,1,1,1,0.565483273200198,0.7164205117726771,1.1088958090697496,0.7359597682952881,0.1225595474243164
500,9.0,8,2,1,1,1,2,0.5251367613650855,0.6414016306434582,0.9912942379529286,0.8211674690246582,0.1565227508544922
500,9.0,8,2,1,1,1,3,0.5639288436573582,0.7949356138022058,1.1764702185564753,0.9383120536804199,0.17323541641235352
500,9.0,8,2,1,1,1,4,0.5540977843358846,0.74215288489168,1.0971727625574412,0.7449595928192139,0.140960693359375
500,9.0,8,2,1,1,1,5,0.5991614277602474,0.9808141497194391,1.45899922154494,0.726555347442627,0.17070341110229492
500,9.0,8,2,1,1,1,6,0.4907022350471639,0.7376959875420532,1.133834009726635,0.7240281105041504,0.14947795867919922
500,9.0,8,2,1,1,1,7,0.5058327302146818,0.6635294472574882,1.054608422338439,0.9233019351959229,0.1657578945159912
500,9.0,8,2,1,1,1,8,0.5595712991087859,0.7876830459268793,1.1917407712373034,0.7907226085662842,0.16555523872375488
500,9.0,8,2,1,1,1,9,0.4893467096665461,0.7538292286857032,1.1081424284701247,0.7519848346710205,0.15197420120239258
500,9.0,8,2,1,1,1,10,0.5906110824644377,0.7138871457883244,1.0461011153277993,0.7272803783416748,0.14586353302001953
500,9.0,8,2,1,1,1,11,0.5501503509149498,0.6257091716368142,1.0482496586843948,0.8826968669891357,0.19162750244140625
500,9.0,8,2,1,1,1,12,0.4436650452465379,0.5558473129917059,0.9012633630544072,0.7432265281677246,0.1301877498626709
500,9.0,8,2,1,1,1,13,0.5045582056723789,0.6794174327824352,0.9871744195888208,0.7837517261505127,0.13417387008666992
500,9.0,8,2,1,1,1,14,0.4843984426527799,0.559482955618047,1.0016597256584048,0.730766773223877,0.16415071487426758
500,9.0,8,2,1,1,1,15,0.5428865792757392,0.8861432027664842,1.4290297820422233,0.937375545501709,0.17606115341186523
500,9.0,8,2,1,1,1,16,0.5000684771933359,0.803393039853597,1.116005839520185,0.8062419891357422,0.15243101119995117
500,9.0,8,2,1,1,1,17,0.5353707632288988,0.5548281206749802,0.9018272937112852,0.8131613731384277,0.14028525352478027
500,9.0,8,2,1,1,1,18,0.5533182396759396,0.6282848239676115,1.0495899145507954,0.7384836673736572,0.1575469970703125
500,9.0,8,2,1,1,1,19,0.4965611647662776,0.6985204734921835,0.9840109041272969,0.866168737411499,0.18221664428710938
500,9.0,8,2,1,1,1,20,0.6921448806429682,0.7618447782887693,1.253076864273802,0.723552942276001,0.14875340461730957
500,9.0,8,2,1,1,1,21,0.6207882366595315,0.7795410299031482,1.089498703606983,0.7860586643218994,0.13463973999023438
500,9.0,8,2,1,1,1,22,0.4418641155784537,0.612158236627623,1.0349330497083884,0.7188022136688232,0.16823196411132812
500,9.0,8,2,1,1,1,23,0.5085816762423255,0.6759681402535467,1.0682709554364274,1.0138707160949707,0.20162653923034668
500,9.0,8,2,1,1,1,24,0.5078089156887586,0.6952041510844402,1.1088908116891683,0.7589261531829834,0.1662735939025879
500,9.5,8,2,1,1,1,0,0.5834072404075179,0.8551068536406553,1.177123248359738,0.7183513641357422,0.12262678146362305
500,9.5,8,2,1,1,1,1,0.5654571621075555,0.6345570898569634,1.0142213322181983,0.733069896697998,0.15161466598510742
500,9.5,8,2,1,1,1,2,0.6286264623033897,0.6517318401557022,1.1217794604195772,0.8339793682098389,0.16740632057189941
500,9.5,8,2,1,1,1,3,0.5714282461939606,0.6735495743487471,1.0412864371358523,0.7035026550292969,0.16505932807922363
500,9.5,8,2,1,1,1,4,0.502605167341326,0.7537704398530509,1.1391582194617127,0.7679018974304199,0.1409454345703125
500,9.5,8,2,1,1,1,5,0.49874701164062946,0.8156443486230421,1.2078587793281514,0.7639925479888916,0.16021203994750977
500,9.5,8,2,1,1,1,6,0.5219937150185586,0.6400806623293425,1.0490569532461593,0.9228053092956543,0.17461919784545898
500,9.5,8,2,1,1,1,7,0.5600333073330236,0.6891507395623908,1.0187058723935705,0.8322587013244629,0.13989520072937012
500,9.5,8,2,1,1,1,8,0.5682419331513571,0.752634468448145,1.1405415938219976,0.7651910781860352,0.13763761520385742
500,9.5,8,2,1,1,1,9,0.6184470198764049,0.7617926867446887,1.246323134319947,0.7715306282043457,0.18263673782348633
500,9.5,8,2,1,1,1,10,0.4869492861511184,0.8875135139463578,1.3109260619105831,0.9382236003875732,0.18318986892700195
500,9.5,8,2,1,1,1,11,0.5183885800464816,0.6526250665152187,1.015285852428101,0.805504322052002,0.12666535377502441
500,9.5,8,2,1,1,1,12,0.5069364805400548,0.7209029442885883,1.1750836133627838,0.7442038059234619,0.15725922584533691
500,9.5,8,2,1,1,1,13,0.5366430984611883,0.7924594867435569,1.2520846486192072,0.9397125244140625,0.19617009162902832
500,9.5,8,2,1,1,1,14,0.6025900652582328,0.7527194968792728,1.1197697243037852,0.9060893058776855,0.175262451171875
500,9.5,8,2,1,1,1,15,0.5761143360431316,0.8919709947417527,1.4680853307848842,0.802849292755127,0.15228486061096191
500,9.5,8,2,1,1,1,16,0.5755905679957197,0.795742398844913,1.2578773211826948,0.7898812294006348,0.16367864608764648
500,9.5,8,2,1,1,1,17,0.5375461415665976,0.6625763457389294,1.074082260988998,0.7280685901641846,0.17672324180603027
500,9.5,8,2,1,1,1,18,0.5400211106963231,0.8026440512309846,1.1409151630721204,0.8457033634185791,0.17511224746704102
500,9.5,8,2,1,1,1,19,0.48931320755095664,0.5934037761477235,1.0075454683707434,0.7472195625305176,0.15216779708862305
500,9.5,8,2,1,1,1,20,0.55089894443493,0.7710143822087838,1.1633260187289156,0.8053226470947266,0.1421523094177246
500,9.5,8,2,1,1,1,21,0.5860461607581289,0.6945659182262811,1.0042523835650408,0.8179821968078613,0.1344618797302246
500,9.5,8,2,1,1,1,22,0.5127928817213602,0.9381192790643008,1.2705541195119618,0.9412920475006104,0.16105175018310547
500,9.5,8,2,1,1,1,23,0.5767079888986326,0.6260407183691173,1.1059900074251627,0.7628304958343506,0.1250600814819336
500,9.5,8,2,1,1,1,24,0.502634759022919,0.6958095453909512,1.047284343780977,0.7795958518981934,0.13308191299438477
500,10.0,8,2,1,1,1,0,0.5320947190796028,0.7303989294016389,1.1127621606735456,0.785165548324585,0.14323759078979492
500,10.0,8,2,1,1,1,1,0.6210694462402009,0.7627249446205658,1.1731000189011203,0.8453032970428467,0.17961740493774414
500,10.0,8,2,1,1,1,2,0.5778121918966898,0.8678141191037739,1.394497426798281,0.7599606513977051,0.1296706199645996
500,10.0,8,2,1,1,1,3,0.6788632019380514,0.7115804552788055,1.14656759654382,0.8574206829071045,0.18820714950561523
500,10.0,8,2,1,1,1,4,0.7157151513106615,0.8069981270984519,1.1381721016168622,0.737445592880249,0.17906928062438965
500,10.0,8,2,1,1,1,5,0.6025946462449728,0.7399819130662196,1.0643587618018024,0.9411604404449463,0.1732158660888672
500,10.0,8,2,1,1,1,6,0.7353944613322961,0.8094969399889086,1.2316416580000173,0.7785754203796387,0.14140653610229492
500,10.0,8,2,1,1,1,7,0.6785268379119493,0.7406538600642906,1.1409020273254935,0.7971494197845459,0.1606767177581787
500,10.0,8,2,1,1,1,8,0.5507306754217444,0.7576327023419162,1.261689029606886,0.8075683116912842,0.14330816268920898
500,10.0,8,2,1,1,1,9,0.5731810295953536,0.6625633020434374,0.9890244853307626,0.81089186668396,0.1425786018371582
500,10.0,8,2,1,1,1,10,0.5302018858675549,0.7051830193683755,1.1538141579962522,0.7679290771484375,0.1246347427368164
500,10.0,8,2,1,1,1,11,0.5701702102126505,0.7900928730728403,1.1116005116510201,0.8093974590301514,0.15263080596923828
500,10.0,8,2,1,1,1,12,0.6994851111594067,0.654565651972737,1.0745118516512704,0.7678043842315674,0.1891782283782959
500,10.0,8,2,1,1,1,13,0.6267797959910782,0.7210284580479853,1.1683948259653556,0.7788107395172119,0.14345335960388184
500,10.0,8,2,1,1,1,14,0.6081139931274413,0.6759983862224753,1.035686025905582,0.7469968795776367,0.1467580795288086
500,10.0,8,2,1,1,1,15,0.5823211307901646,0.8572698394646426,1.2177672435961902,0.774268388748169,0.13430500030517578
500,10.0,8,2,1,1,1,16,0.547613734283018,0.9041314823481116,1.3126292723245818,0.7409646511077881,0.1901538372039795
500,10.0,8,2,1,1,1,17,0.630052702861581,0.8939278613340135,1.5239805641955946,0.9466218948364258,0.20827507972717285
500,10.0,8,2,1,1,1,18,0.58852384599425,0.6821636307024205,1.1034984332591111,0.7244057655334473,0.15873050689697266
500,10.0,8,2,1,1,1,19,0.5530730300606554,0.7491287600118719,1.0891908270733948,0.7458240985870361,0.14622783660888672
500,10.0,8,2,1,1,1,20,0.6280275390509625,0.839019134179344,1.215476571126014,0.9575183391571045,0.17269420623779297
500,10.0,8,2,1,1,1,21,0.5613021083941597,0.7993401789969049,1.2021417551122515,0.7507615089416504,0.1719970703125
500,10.0,8,2,1,1,1,22,0.5643920165275388,0.6446948231185616,1.100887357841229,0.731334924697876,0.15296101570129395
500,10.0,8,2,1,1,1,23,0.6065826636087555,0.751213219909421,1.1393340763860471,0.7876760959625244,0.14692902565002441
500,10.0,8,2,1,1,1,24,0.6626725243742337,0.933898509962538,1.369575249543607,0.8470122814178467,0.1887526512145996
500,10.5,8,2,1,1,1,0,0.5069124041639773,0.6652657052951534,1.02443603513365,0.7336938381195068,0.18986845016479492
500,10.5,8,2,1,1,1,1,0.6691465002645404,0.7757730121143117,1.2814294261037713,0.7371048927307129,0.16316652297973633
500,10.5,8,2,1,1,1,2,0.6067739495105434,0.7661255966449563,1.1613337409004025,0.7747788429260254,0.16823458671569824
500,10.5,8,2,1,1,1,3,0.6800760277035244,0.9385299676067992,1.3443412672241215,0.8816559314727783,0.16552209854125977
500,10.5,8,2,1,1,1,4,0.5922592570003461,0.6728748260047308,1.069650963351462,0.7631776332855225,0.14400458335876465
500,10.5,8,2,1,1,1,5,0.6341656723491892,0.8040268663358008,1.1814409585707009,0.753272294998169,0.12938880920410156
500,10.5,8,2,1,1,1,6,0.5675557070893408,0.6511775577884501,1.1152897150491208,0.7920103073120117,0.16342473030090332
500,10.5,8,2,1,1,1,7,0.6312107038973466,0.9758221041901964,1.4611186929536155,1.0218873023986816,0.19928717613220215
500,10.5,8,2,1,1,1,8,0.6411389501306005,0.7847326219798452,1.1390406954943813,0.7975234985351562,0.1160585880279541
500,10.5,8,2,1,1,1,9,0.7545389846498416,0.78500462884613,1.4256704175849122,0.7720110416412354,0.14524364471435547
500,10.5,8,2,1,1,1,10,0.6268176740976226,0.7765316451501098,1.2458686119284546,0.735468864440918,0.18021702766418457
500,10.5,8,2,1,1,1,11,0.6501526627922196,0.8075038937527913,1.142712244188546,0.9420437812805176,0.1729421615600586
500,10.5,8,2,1,1,1,12,0.627868235778758,0.9288122888293515,1.3639207895581826,0.7678158283233643,0.1266932487487793
500,10.5,8,2,1,1,1,13,0.5848322839031699,0.8599355499537392,1.4231848756472072,0.7347650527954102,0.17758631706237793
500,10.5,8,2,1,1,1,14,0.5837781770646887,1.2772191735879763,1.732523003995883,0.8303098678588867,0.17225432395935059
500,10.5,8,2,1,1,1,15,0.5724497131660456,0.672392040467732,1.0887600089666254,0.9288196563720703,0.16590189933776855
500,10.5,8,2,1,1,1,16,0.6059264348419564,1.1396650036244582,1.6603107445815808,0.7717690467834473,0.1527268886566162
500,10.5,8,2,1,1,1,17,0.5205529262804887,0.7989799469598342,1.2015449107177059,0.8303816318511963,0.1303420066833496
500,10.5,8,2,1,1,1,18,0.6395651771352846,0.8621674030392763,1.318228322517426,0.8231117725372314,0.13773179054260254
500,10.5,8,2,1,1,1,19,0.5647850982204579,0.7140729492507784,1.1315692464990996,0.8503515720367432,0.18872356414794922
500,10.5,8,2,1,1,1,20,0.5786385308344423,0.8959272481511593,1.2031101609477173,0.7220001220703125,0.14829492568969727
500,10.5,8,2,1,1,1,21,0.6518342294176057,0.7218086880211949,1.1561196223298933,0.8168139457702637,0.14000844955444336
500,10.5,8,2,1,1,1,22,0.665096300415165,0.7760197297221126,1.183139529934782,0.890455961227417,0.21581625938415527
500,10.5,8,2,1,1,1,23,0.6166974740623032,0.8906971911708,1.2983909694573252,0.7963521480560303,0.1423051357269287
500,10.5,8,2,1,1,1,24,0.6949251562875958,0.7803605895331911,1.1973512998188558,0.7566726207733154,0.14254474639892578
500,11.0,8,2,1,1,1,0,0.6399763609476471,0.9973413815834157,1.5139969264234883,0.7660624980926514,0.1156463623046875
500,11.0,8,2,1,1,1,1,0.7013063555753392,0.719775437604753,1.194376964907065,0.7776291370391846,0.1662001609802246
500,11.0,8,2,1,1,1,2,0.5759196512407887,0.967565523441886,1.4998436232716748,0.8482682704925537,0.1532447338104248
500,11.0,8,2,1,1,1,3,0.6290865689729647,1.0370787822694465,1.6044876517439275,0.7747571468353271,0.13062310218811035
500,11.0,8,2,1,1,1,4,0.641929297912657,1.0083346151272157,1.3623895680149083,0.7776424884796143,0.15746760368347168
500,11.0,8,2,1,1,1,5,0.633082159340147,0.9072489358094282,1.3759440236854372,0.79107666015625,0.1360461711883545
500,11.0,8,2,1,1,1,6,0.7516394775168496,1.113335550851126,1.5752714614676449,0.9195311069488525,0.17261433601379395
500,11.0,8,2,1,1,1,7,0.7191841158244289,0.8018141307096429,1.2060154885359389,0.8256762027740479,0.1454758644104004
500,11.0,8,2,1,1,1,8,0.6078109990745002,0.7503253958516275,1.191113692486885,0.8147861957550049,0.1166219711303711
500,11.0,8,2,1,1,1,9,0.6787987475579144,0.8744612343673039,1.2873226905242459,0.8668313026428223,0.15219569206237793
500,11.0,8,2,1,1,1,10,0.608259767276665,0.8517379750358884,1.356018223150151,0.7967913150787354,0.1394212245941162
500,11.0,8,2,1,1,1,11,0.6128951277932373,0.737198252382012,1.1921739504555315,0.9261147975921631,0.19027352333068848
500,11.0,8,2,1,1,1,12,0.6494591030516442,0.8443887018051436,1.1507167320596963,0.710399866104126,0.11410737037658691
500,11.0,8,2,1,1,1,13,0.6685270467042594,1.0325106184631296,1.6494065847979476,0.7951619625091553,0.22108054161071777
500,11.0,8,2,1,1,1,14,0.5833274809996865,0.7910446834580952,1.1246446820708165,0.75400710105896,0.14268207550048828
500,11.0,8,2,1,1,1,15,0.6086376714907075,0.7470992055582109,1.1159813317284626,0.7110233306884766,0.12152767181396484
500,11.0,8,2,1,1,1,16,0.6359342289480161,0.7952274568602112,1.2212346354445094,0.7373013496398926,0.15188312530517578
500,11.0,8,2,1,1,1,17,0.5718432794651787,0.8789569818084901,1.4104868471161325,0.8664975166320801,0.1841721534729004
500,11.0,8,2,1,1,1,18,0.6326145992213406,0.7173420242840852,1.2930531600309716,0.7201931476593018,0.17646551132202148
500,11.0,8,2,1,1,1,19,0.5759301507071625,0.9151806108521439,1.3520415541376578,0.7058162689208984,0.1457054615020752
500,11.0,8,2,1,1,1,20,0.7218312240378923,0.8367055529342329,1.3113449424353676,0.7736198902130127,0.14617156982421875
500,11.0,8,2,1,1,1,21,0.6219069232828808,0.8781130577893503,1.229358691298269,0.914360523223877,0.17152857780456543
500,11.0,8,2,1,1,1,22,0.7178648846617718,0.6912342018649631,1.2448713918626626,0.7673370838165283,0.14766764640808105
500,11.0,8,2,1,1,1,23,0.6195829350243414,1.1002020269183923,1.5305826909416886,0.7222075462341309,0.1481153964996338
500,11.0,8,2,1,1,1,24,0.6910097121517543,0.7371345855866591,1.232995621174663,0.7181408405303955,0.14903879165649414
500,11.5,8,2,1,1,1,0,0.7003541841508298,0.8664660493582232,1.2904747408108845,0.9554178714752197,0.1930074691772461
500,11.5,8,2,1,1,1,1,0.670800777346736,0.8556841430566684,1.505305307570113,0.9296011924743652,0.19997620582580566
500,11.5,8,2,1,1,1,2,0.7920015438771149,0.8304670839455648,1.3562933669653585,0.7320444583892822,0.14786148071289062
500,11.5,8,2,1,1,1,3,0.7123411849585566,0.8565412367228364,1.3508393778488195,0.7611486911773682,0.1278669834136963
500,11.5,8,2,1,1,1,4,0.6260676698001156,0.8982807425968287,1.3392128037512707,0.8791501522064209,0.18619942665100098
500,11.5,8,2,1,1,1,5,0.7277924470234323,0.7920010705178672,1.2659817451321045,0.7023055553436279,0.16500306129455566
500,11.5,8,2,1,1,1,6,0.604908955404947,1.288732665357581,1.7761322388441223,0.7999939918518066,0.14697837829589844
500,11.5,8,2,1,1,1,7,0.7594081326668835,0.7275972216435213,1.2089840617944447,0.8037140369415283,0.13125324249267578
500,11.5,8,2,1,1,1,8,0.6218148978785188,1.0385398727030215,1.5611702716272735,0.9018161296844482,0.18560266494750977
500,11.5,8,2,1,1,1,9,0.6221011388417854,0.7126015986336641,1.10679867363195,0.7126033306121826,0.11819791793823242
500,11.5,8,2,1,1,1,10,0.7068086132830462,0.8369217651303299,1.2951427341343404,0.7858004570007324,0.1471095085144043
500,11.5,8,2,1,1,1,11,0.6842000283651478,0.7792480036749166,1.2045921735481697,0.8135673999786377,0.14467120170593262
500,11.5,8,2,1,1,1,12,0.6501355495690596,1.006869647909941,1.410650409029548,0.9417500495910645,0.17596721649169922
500,11.5,8,2,1,1,1,13,0.6711669559227154,0.9374797549629321,1.459402071995934,0.7810962200164795,0.15790653228759766
500,11.5,8,2,1,1,1,14,0.586343812051812,0.8063193890220197,1.326234162923503,0.8122777938842773,0.18242430686950684
500,11.5,8,2,1,1,1,15,0.6396943558153176,0.823153715493793,1.3186912647186122,0.8116722106933594,0.17900490760803223
500,11.5,8,2,1,1,1,16,0.6215588811274211,0.7067793519510459,1.2405945009830166,0.8410377502441406,0.17729616165161133
500,11.5,8,2,1,1,1,17,0.6453881899196117,0.7712138270436744,1.3571408491074983,0.8325529098510742,0.13588356971740723
500,11.5,8,2,1,1,1,18,0.7134771921333429,0.9025552361051785,1.2982597287567477,0.8221461772918701,0.13920807838439941
500,11.5,8,2,1,1,1,19,0.6731707538270261,1.1263136507574194,1.6887912836227374,0.9312679767608643,0.1636192798614502
500,11.5,8,2,1,1,1,20,0.7143984134643507,0.9228365807617933,1.4407934840334211,0.7793378829956055,0.17925143241882324
500,11.5,8,2,1,1,1,21,0.6513848461276421,1.3669291468331979,1.9747273436208985,0.7202949523925781,0.14252734184265137
500,11.5,8,2,1,1,1,22,0.6966350969133378,0.8175404491444227,1.273337782193221,0.8611321449279785,0.12665557861328125
500,11.5,8,2,1,1,1,23,0.7512435678438496,0.8049145446949265,1.4701897189568727,0.9128611087799072,0.14728546142578125
500,11.5,8,2,1,1,1,24,0.7775631160445637,0.7192134409110331,1.1581517397803163,0.741403341293335,0.18139076232910156
500,12.0,8,2,1,1,1,0,0.7114769086663414,0.7557326586880058,1.3477194277297881,0.7260556221008301,0.12956762313842773
500,12.0,8,2,1,1,1,1,0.6724919339281049,0.7852322617071084,1.2407237998315432,0.8421883583068848,0.13617825508117676
500,12.0,8,2,1,1,1,2,0.6286187977512492,1.0694135674863343,1.515422389567215,0.8547422885894775,0.16150975227355957
500,12.0,8,2,1,1,1,3,0.622516304680913,0.7993747280782509,1.2161109043790972,0.779848575592041,0.1638040542602539
500,12.0,8,2,1,1,1,4,0.6904122063634698,0.9077127627055291,1.5364313285751259,0.8045682907104492,0.15993618965148926
500,12.0,8,2,1,1,1,5,0.6620842328011539,0.9512800541226337,1.4474580655433664,0.941450834274292,0.16089224815368652
500,12.0,8,2,1,1,1,6,0.7327064922364855,0.9255599911746477,1.345108413211884,0.9184322357177734,0.17786884307861328
500,12.0,8,2,1,1,1,7,0.7668108594124344,0.8846577908241547,1.5194201198091006,0.783048152923584,0.1437079906463623
500,12.0,8,2,1,1,1,8,0.6832489932491959,0.9688097256335828,1.5824215996150668,0.7969233989715576,0.14330625534057617
500,12.0,8,2,1,1,1,9,0.6589275382683377,1.0746111763881738,1.4426847593732293,0.7810800075531006,0.15764617919921875
500,12.0,8,2,1,1,1,10,0.6949373455841428,0.9228107143648494,1.3589031021016837,0.9335448741912842,0.18565821647644043
500,12.0,8,2,1,1,1,11,0.6944117554583026,0.864410714025694,1.434072798296396,0.7971639633178711,0.1709277629852295
500,12.0,8,2,1,1,1,12,0.8403212295196509,1.0358784361987463,1.5792128677491197,0.7830746173858643,0.14527416229248047
500,12.0,8,2,1,1,1,13,0.711567189257853,1.0387965313743126,1.432260796878563,0.7615814208984375,0.14773821830749512
500,12.0,8,2,1,1,1,14,0.626983869948308,0.8945953331602357,1.4205914760560763,0.9151256084442139,0.18968558311462402
500,12.0,8,2,1,1,1,15,0.6850626090857236,0.8292223393148452,1.3786994625098412,0.7665948867797852,0.13169646263122559
500,12.0,8,2,1,1,1,16,0.8329938638826845,0.906519076657508,1.4817811598026527,0.7370014190673828,0.1532149314880371
500,12.0,8,2,1,1,1,17,0.7699234065730685,0.9487812137868917,1.546426625927646,0.6917822360992432,0.15765619277954102
500,12.0,8,2,1,1,1,18,0.7522476499449864,1.527462715607454,2.0687102616313178,0.94631028175354,0.17606449127197266
500,12.0,8,2,1,1,1,19,0.6901238327594106,0.8350711579994929,1.253974732949863,0.7845003604888916,0.17458844184875488
500,12.0,8,2,1,1,1,20,0.6565300183534248,1.1218395098329597,1.6463024600921252,1.0234017372131348,0.19933009147644043
500,12.0,8,2,1,1,1,21,0.7261096714196832,0.8746370356349273,1.3091608935703682,0.8113062381744385,0.17581987380981445
500,12.0,8,2,1,1,1,22,0.7088447674321183,1.145711648490139,1.757495802768076,0.8042888641357422,0.14430761337280273
500,12.0,8,2,1,1,1,23,0.7395733879518701,0.8915301337467133,1.4461397637334419,0.7368805408477783,0.16615724563598633
500,12.0,8,2,1,1,1,24,0.8188299444610673,0.9051915032187544,1.6858746345550755,0.7948455810546875,0.15644359588623047
500,12.5,8,2,1,1,1,0,0.8565943554712411,0.90260413031287,1.305297089606916,0.8628284931182861,0.20110535621643066
500,12.5,8,2,1,1,1,1,0.7137766129150682,0.8415503080616553,1.4627576312627664,0.7858541011810303,0.15563273429870605
500,12.5,8,2,1,1,1,2,0.7335450868815354,1.296593661833744,1.755946220315674,0.7363162040710449,0.15146923065185547
500,12.5,8,2,1,1,1,3,0.8347699587292422,1.6031282750717346,2.22460549591897,0.7763509750366211,0.14152050018310547
500,12.5,8,2,1,1,1,4,0.8070038396356791,1.1333822877963335,1.6838036404687429,0.8931398391723633,0.16804146766662598
500,12.5,8,2,1,1,1,5,0.8024193316829387,0.9591502772491353,1.3830187036003636,0.7142035961151123,0.14689970016479492
500,12.5,8,2,1,1,1,6,0.7578255289217024,0.9019977194753876,1.5079503782275778,0.784186601638794,0.1389932632446289
500,12.5,8,2,1,1,1,7,0.6422554364579002,0.9755809055734246,1.4155319059307727,0.8051919937133789,0.13868355751037598
500,12.5,8,2,1,1,1,8,0.6677317095022888,0.8754093095666317,1.5190905863733382,0.7759757041931152,0.18847393989562988
500,12.5,8,2,1,1,1,9,0.704357170370333,1.1319332069178405,1.6718587452715785,0.856825590133667,0.1778867244720459
500,12.5,8,2,1,1,1,10,0.6887506080841174,1.0758883065092508,1.5492535328844677,0.778127908706665,0.15482616424560547
500,12.5,8,2,1,1,1,11,0.752000805277893,1.2827150785105301,1.7766376485856776,0.7670354843139648,0.1491382122039795
500,12.5,8,2,1,1,1,12,0.6857973958830452,0.8354321312836394,1.2569149398153678,0.8986597061157227,0.17566227912902832
500,12.5,8,2,1,1,1,13,0.6783510127251507,0.8472119021622768,1.3669336236429102,0.6900637149810791,0.13341927528381348
500,12.5,8,2,1,1,1,14,0.799368603339237,0.9843866634054068,1.5467761727344687,0.7691266536712646,0.12906813621520996
500,12.5,8,2,1,1,1,15,0.7611414097135119,0.845608248536719,1.4348456304164128,0.7871363162994385,0.16961216926574707
500,12.5,8,2,1,1,1,16,0.7198101486165247,0.9522466592999033,1.5920957168254772,0.8429210186004639,0.17504620552062988
500,12.5,8,2,1,1,1,17,0.7495670188604849,0.7392744153259758,1.2577004421989806,0.7460012435913086,0.1371326446533203
500,12.5,8,2,1,1,1,18,0.6280940948309119,1.1178508137281498,1.6591401704186888,0.7432863712310791,0.14212703704833984
500,12.5,8,2,1,1,1,19,0.7097385434246788,0.960787864064191,1.4072526763843227,0.781792402267456,0.13453221321105957
500,12.5,8,2,1,1,1,20,0.7636913933570519,1.009851806741455,1.5737185420644373,0.9071488380432129,0.17919373512268066
500,12.5,8,2,1,1,1,21,0.7261786169608327,0.8213838777643723,1.4309286149212417,0.8217618465423584,0.14979791641235352
500,12.5,8,2,1,1,1,22,0.7207857683517943,1.1145902618354746,1.4978241913154737,0.8178186416625977,0.1592857837677002
500,12.5,8,2,1,1,1,23,0.6890723484522697,1.2481707666023347,1.7459727396361417,0.746321439743042,0.17089486122131348
500,12.5,8,2,1,1,1,24,0.7144375763164914,1.0557572410958072,1.5662870685099088,0.9026219844818115,0.1541445255279541
500,13.0,8,2,1,1,1,0,0.9880380619842547,0.7114525437723238,1.5578386413003114,0.7809197902679443,0.13165044784545898
500,13.0,8,2,1,1,1,1,0.7436720221872587,1.0833117467102993,1.555391677703601,0.7702226638793945,0.13959217071533203
500,13.0,8,2,1,1,1,2,0.8596661627361054,1.1266782555476993,1.8474460290659875,0.798346996307373,0.18436884880065918
500,13.0,8,2,1,1,1,3,0.847381941863769,0.8942150533003447,1.4460620936618298,0.8250548839569092,0.1634349822998047
500,13.0,8,2,1,1,1,4,0.7068146853143544,1.0834689858128848,1.5110691589786054,0.8007702827453613,0.14644551277160645
500,13.0,8,2,1,1,1,5,0.8654159852309714,1.0914090463270538,1.5559666508552858,0.7052199840545654,0.15131831169128418
500,13.0,8,2,1,1,1,6,0.8068508127605593,0.8516791416059896,1.310047223987445,0.7525248527526855,0.14815998077392578
500,13.0,8,2,1,1,1,7,0.724021622449867,0.9887868420371071,1.453900440284062,0.8792698383331299,0.16414165496826172
500,13.0,8,2,1,1,1,8,0.8135913731519381,0.8231683931160918,1.3515862194532062,0.7380154132843018,0.17745637893676758
500,13.0,8,2,1,1,1,9,0.6665009270415293,0.8097267221938619,1.3476947807284347,0.7387359142303467,0.14767694473266602
500,13.0,8,2,1,1,1,10,0.7520829661799903,0.9628919308836732,1.5654355313620663,0.7119784355163574,0.1661539077758789
500,13.0,8,2,1,1,1,11,0.7719925384215721,0.8192466016866338,1.3287311732462106,0.88230299949646,0.16933155059814453
500,13.0,8,2,1,1,1,12,0.8549019246887096,1.224958890171018,1.9319452191297186,0.7516982555389404,0.16777706146240234
500,13.0,8,2,1,1,1,13,0.7491925928965116,1.0479011092214692,1.6348955945712205,0.7554669380187988,0.18234848976135254
500,13.0,8,2,1,1,1,14,0.7681999173283356,0.8730910560622465,1.456445041987845,0.9064254760742188,0.19644784927368164
500,13.0,8,2,1,1,1,15,0.8095985504826003,1.1252793836091284,1.7101903465886883,0.8838222026824951,0.10930728912353516
500,13.0,8,2,1,1,1,16,0.8917100027990332,1.00210142307008,1.575684982909726,0.775456428527832,0.1689929962158203
500,13.0,8,2,1,1,1,17,0.7410999944799799,1.1921087870107827,1.7566078526753257,0.730478048324585,0.15411019325256348
500,13.0,8,2,1,1,1,18,0.7338960923112496,1.159801725535056,1.6142522854578685,0.7427921295166016,0.15331435203552246
500,13.0,8,2,1,1,1,19,0.9470353017421024,0.9959976534318167,1.5868230793305154,0.8602080345153809,0.16358590126037598
500,13.0,8,2,1,1,1,20,0.8464297160375275,1.0056561828931077,1.658960207933248,0.7745954990386963,0.13268232345581055
500,13.0,8,2,1,1,1,21,0.7203692450604685,0.9710821777929722,1.4394095048221134,0.807732105255127,0.1460568904876709
500,13.0,8,2,1,1,1,22,0.7602157442190207,0.7661748143551386,1.307639007854318,0.8259477615356445,0.17311358451843262
500,13.0,8,2,1,1,1,23,0.7569849496247647,0.9017394211194115,1.5169085434774532,0.7999329566955566,0.15013670921325684
500,13.0,8,2,1,1,1,24,0.7825493822432359,0.8881324062550559,1.6208562719201876,0.7642419338226318,0.16878700256347656
500,13.5,8,2,1,1,1,0,0.8970312448331194,1.0423577542306257,1.6348823916159618,0.7357387542724609,0.15715980529785156
500,13.5,8,2,1,1,1,1,0.6844267703739854,0.8536735834485628,1.3515590067220717,0.8116791248321533,0.21004462242126465
500,13.5,8,2,1,1,1,2,0.8845169404315021,0.9174147934090744,1.8019317338405765,0.7823269367218018,0.14606404304504395
500,13.5,8,2,1,1,1,3,0.9490633524574521,0.9898076637223093,1.6723830335787524,0.9453890323638916,0.1845691204071045
500,13.5,8,2,1,1,1,4,0.7602872634865997,0.8548170199781344,1.440184031691355,0.7367091178894043,0.17445087432861328
500,13.5,8,2,1,1,1,5,0.879742925519745,1.0473579326479108,1.858626697801994,0.9258632659912109,0.17580676078796387
500,13.5,8,2,1,1,1,6,0.9465257867636921,1.200399215703444,1.7671296053812884,0.7919301986694336,0.12122964859008789
500,13.5,8,2,1,1,1,7,0.8159701350571169,1.1446543635602076,1.7028050694293317,0.7882065773010254,0.14946842193603516
500,13.5,8,2,1,1,1,8,0.9113794029572302,0.9771203274677075,1.432226039934115,0.7399692535400391,0.1603703498840332
500,13.5,8,2,1,1,1,9,0.8355316258530925,0.9170945566835615,1.5261587204110971,0.8870980739593506,0.1702725887298584
500,13.5,8,2,1,1,1,10,0.6847656407968293,1.247502030743558,1.799253748007573,0.8047103881835938,0.14670515060424805
500,13.5,8,2,1,1,1,11,0.7350349405656034,1.082722172846453,1.6805513815963533,0.7812304496765137,0.1076056957244873
500,13.5,8,2,1,1,1,12,0.9424551986577862,1.3974149510702654,2.113316508329131,0.7808091640472412,0.1496753692626953
500,13.5,8,2,1,1,1,13,0.6997090725610658,1.0368159652035216,1.6612764235445394,0.9172852039337158,0.1910557746887207
500,13.5,8,2,1,1,1,14,0.7724689378012596,1.1369527486792166,1.7134641803323305,0.7231874465942383,0.16958260536193848
500,13.5,8,2,1,1,1,15,0.8545848897061207,0.9161485793004059,1.4554755895156992,0.7258930206298828,0.14464759826660156
500,13.5,8,2,1,1,1,16,0.8301584661518701,1.1485447622347016,1.7411223721580003,0.7499716281890869,0.12384772300720215
500,13.5,8,2,1,1,1,17,0.7163227378578948,0.9142984261550717,1.358144935599027,0.9052872657775879,0.19765329360961914
500,13.5,8,2,1,1,1,18,0.7566944198701112,1.2210793362532983,1.6846184228078283,0.923473596572876,0.1709425449371338
500,13.5,8,2,1,1,1,19,0.9772949026649239,0.9465462913507602,1.5208430087007796,0.731158971786499,0.14652490615844727
500,13.5,8,2,1,1,1,20,0.8305795018613944,0.8968709252177961,1.490282893675781,0.7771110534667969,0.12915444374084473
500,13.5,8,2,1,1,1,21,0.7864568288132177,1.068168122542652,1.7987003929500753,0.8321261405944824,0.13904571533203125
500,13.5,8,2,1,1,1,22,0.7520412482117768,1.0237680137299758,1.673597028393874,0.7264623641967773,0.18665766716003418
500,13.5,8,2,1,1,1,23,0.6866179301838412,0.9639998356095576,1.3647297415830013,0.7712318897247314,0.1449441909790039
500,13.5,8,2,1,1,1,24,0.8623861383932963,0.8955561817842362,1.705152442561198,0.8127734661102295,0.17061305046081543
500,14.0,8,2,1,1,1,0,0.9133930848528784,0.9899969145730138,1.6244236886358139,0.8601996898651123,0.17427659034729004
500,14.0,8,2,1,1,1,1,0.9389808002498905,1.6266386861671183,2.391655826075318,0.7420258522033691,0.17451024055480957
500,14.0,8,2,1,1,1,2,1.1806679692865432,1.15846470671316,1.7911375618174055,0.7059590816497803,0.12647581100463867
500,14.0,8,2,1,1,1,3,0.7681718113749239,1.0847292223721474,1.542411008377038,0.7818775177001953,0.18323707580566406
500,14.0,8,2,1,1,1,4,0.9161205032147106,1.0774300869531488,1.7356735317107606,0.8699390888214111,0.15206670761108398
500,14.0,8,2,1,1,1,5,0.9875302317383494,1.285006171231642,1.9354635828530906,0.7398285865783691,0.1897881031036377
500,14.0,8,2,1,1,1,6,0.8140208258617873,1.143740525748733,1.7975938927793766,0.7372052669525146,0.1335155963897705
500,14.0,8,2,1,1,1,7,1.148585230879274,1.2671978129170396,2.05499864008037,0.8322575092315674,0.18505644798278809
500,14.0,8,2,1,1,1,8,0.8571224292129216,1.0947497250370817,1.6119623532572405,1.126286506652832,0.208204984664917
500,14.0,8,2,1,1,1,9,0.8423132973391363,1.2063724933566233,1.700448352201219,0.7695977687835693,0.11942529678344727
500,14.0,8,2,1,1,1,10,0.8588132851190589,0.934080708802364,1.4401149139543636,0.7500753402709961,0.1384115219116211
500,14.0,8,2,1,1,1,11,0.8234171547557697,1.019754503358959,1.5384743924445639,0.8487532138824463,0.16453289985656738
500,14.0,8,2,1,1,1,12,0.7895301943424657,1.2507859246396726,1.6995602442427282,0.8200609683990479,0.10925030708312988
500,14.0,8,2,1,1,1,13,0.7899497911328848,1.1025381905791962,1.691435315619243,0.7382752895355225,0.17760872840881348
500,14.0,8,2,1,1,1,14,0.812533494881422,1.012874203717675,1.6118482671980736,0.7136580944061279,0.13124418258666992
500,14.0,8,2,1,1,1,15,1.0301459006573581,1.0352620004936866,1.6424982894294318,0.8115222454071045,0.1765143871307373
500,14.0,8,2,1,1,1,16,0.8410258609812423,1.0201806948485908,1.3978302035944061,0.7576253414154053,0.1757059097290039
500,14.0,8,2,1,1,1,17,0.7466991269069888,1.304639179031338,1.7258621481196217,0.691248893737793,0.1378943920135498
500,14.0,8,2,1,1,1,18,0.872833512996801,0.949684187671661,1.6768619983612238,0.8245019912719727,0.14437007904052734
500,14.0,8,2,1,1,1,19,0.8216344084912334,1.3108275262788076,1.9321011803088517,0.8392651081085205,0.15097904205322266
500,14.0,8,2,1,1,1,20,0.8808277176161008,1.2869848688819423,1.814400404751672,0.7817463874816895,0.15024065971374512
500,14.0,8,2,1,1,1,21,0.8214070778257275,1.1257439564839553,1.5880214744199268,0.7940273284912109,0.12485599517822266
500,14.0,8,2,1,1,1,22,0.8444389404917281,1.0879070953756735,1.7731931308314124,0.9035263061523438,0.18256282806396484
500,14.0,8,2,1,1,1,23,0.7527532452216453,1.3582908353128553,1.9099646942529562,0.8998208045959473,0.19034075736999512
500,14.0,8,2,1,1,1,24,0.8125853510804416,1.2641082887977366,1.967385917099962,0.8079514503479004,0.11513781547546387
500,14.5,8,2,1,1,1,0,0.9167143465093888,1.3250027074330957,1.8390397096920819,0.7185871601104736,0.17692017555236816
500,14.5,8,2,1,1,1,1,0.7976688266620824,1.085754115265535,1.6864933011165175,0.7172880172729492,0.15294885635375977
500,14.5,8,2,1,1,1,2,2.4490207623651257,1.0803270095380333,3.353575922150046,0.9188501834869385,0.16090941429138184
500,14.5,8,2,1,1,1,3,0.7831268840811886,1.0649250728778787,1.5232935825988783,0.7118427753448486,0.18611526489257812
500,14.5,8,2,1,1,1,4,0.9483667323576145,1.494350330115449,2.101406496916534,0.7148792743682861,0.11953234672546387
500,14.5,8,2,1,1,1,5,0.8047279087450769,1.1137283989649318,1.6065846375659925,0.7560229301452637,0.16041994094848633
500,14.5,8,2,1,1,1,6,0.8676645842694751,0.9801046640709855,1.499199396635711,0.9022700786590576,0.1823561191558838
500,14.5,8,2,1,1,1,7,0.8966728197627483,1.269233241604312,1.9485914814735368,0.7479174137115479,0.1439800262451172
500,14.5,8,2,1,1,1,8,0.8351033735923438,1.1565037469048027,1.711195745054151,0.7831132411956787,0.16207671165466309
500,14.5,8,2,1,1,1,9,0.8915439388201232,1.2993297927958642,1.94494607375925,0.7522711753845215,0.14736247062683105
500,14.5,8,2,1,1,1,10,0.9281731360410748,1.154335586256593,1.7363436184441348,0.8740558624267578,0.18118882179260254
500,14.5,8,2,1,1,1,11,0.8568537896398339,1.147531917872232,1.8416825544764497,0.724128007888794,0.13364553451538086
500,14.5,8,2,1,1,1,12,0.8556268717592997,1.0282436467168063,1.658865678507493,0.9070062637329102,0.1924571990966797
500,14.5,8,2,1,1,1,13,0.8716959974142524,1.1346542004580171,1.7152907034873868,0.78314208984375,0.13962864875793457
500,14.5,8,2,1,1,1,14,0.9588710131997001,1.0435759253218646,1.6561131637843611,0.9313757419586182,0.16369986534118652
500,14.5,8,2,1,1,1,15,0.8675416058786881,1.1193175535168716,1.8902337850030015,0.7669484615325928,0.11963319778442383
500,14.5,8,2,1,1,1,16,0.9059258518534054,1.069748415461777,1.817622829111324,0.7457535266876221,0.17500686645507812
500,14.5,8,2,1,1,1,17,1.053462677292802,1.1729128148604993,2.02768386930454,0.786308765411377,0.13535714149475098
500,14.5,8,2,1,1,1,18,0.8525203835073782,1.4241843749184173,1.8741079070272506,0.8924431800842285,0.16861796379089355
500,14.5,8,2,1,1,1,19,0.8781811869099141,1.0862584856710842,1.7538409074958126,0.8069195747375488,0.15560460090637207
500,14.5,8,2,1,1,1,20,0.9756590566813405,1.287265943657991,1.842556073097275,0.8357396125793457,0.14419937133789062
500,14.5,8,2,1,1,1,21,0.8028043850849361,1.1741062829617217,1.7120553523501076,0.8003635406494141,0.1456155776977539
500,14.5,8,2,1,1,1,22,0.8822774918244691,1.0895404232510846,1.6985803426607413,0.8678145408630371,0.2061443328857422
500,14.5,8,2,1,1,1,23,0.8473250665649966,1.214639492141921,1.6416390707580284,0.773583173751831,0.17423343658447266
500,14.5,8,2,1,1,1,24,0.8510110854095595,1.2141493904779963,1.6999554360983005,0.7712578773498535,0.18003392219543457
500,15.0,8,2,1,1,1,0,0.8243921948519932,0.979384811302351,1.610528184127424,0.7065534591674805,0.13983845710754395
500,15.0,8,2,1,1,1,1,1.0171116242577516,1.127346414970822,2.0296675484177484,0.9640016555786133,0.20020365715026855
500,15.0,8,2,1,1,1,2,0.9292328043957442,1.2671504088551284,1.753520912123451,0.8212528228759766,0.12961339950561523
500,15.0,8,2,1,1,1,3,0.9275372436529656,1.2973664924364856,1.986995757764304,0.7775728702545166,0.14511966705322266
500,15.0,8,2,1,1,1,4,0.9421556606923396,1.1961645629414417,1.6439260213017164,0.8072483539581299,0.16835904121398926
500,15.0,8,2,1,1,1,5,0.9436181699635897,1.4757122680168255,2.419330437980415,0.841353178024292,0.17831015586853027
500,15.0,8,2,1,1,1,6,0.8911463793393892,1.2678848029307026,2.036236180825397,0.7310774326324463,0.1391735076904297
500,15.0,8,2,1,1,1,7,0.8501136775111641,1.433006797922777,2.259342198311538,0.7513749599456787,0.1394360065460205
500,15.0,8,2,1,1,1,8,0.8685145703953233,1.0691913058939975,1.8072411627096412,0.7699754238128662,0.167219877243042
500,15.0,8,2,1,1,1,9,0.8814603700839311,0.973119151888447,1.598646216910975,0.8817479610443115,0.16887187957763672
500,15.0,8,2,1,1,1,10,0.8959816844678159,1.1601719519189684,1.7094479912742857,0.8032236099243164,0.13118839263916016
500,15.0,8,2,1,1,1,11,0.8678364726017469,1.1146844599505044,1.7329761235541752,0.8875200748443604,0.14097189903259277
500,15.0,8,2,1,1,1,12,0.9285534686786382,1.1382745033813007,1.8777516771013374,0.8561594486236572,0.1871485710144043
500,15.0,8,2,1,1,1,13,1.0748262857140243,1.7443876683360424,2.5750970047715507,0.7660262584686279,0.16469764709472656
500,15.0,8,2,1,1,1,14,0.8687373911621146,1.1683001721049924,1.9533600907338131,0.7698824405670166,0.12555360794067383
500,15.0,8,2,1,1,1,15,0.8530617327440503,1.2703978188633744,1.7945115200583903,0.7723715305328369,0.1480545997619629
500,15.0,8,2,1,1,1,16,0.9075217599518749,1.10854462655261,1.5118446855952128,1.0009286403656006,0.19699931144714355
500,15.0,8,2,1,1,1,17,1.0305838900964495,1.1671989321689231,1.8633097531028757,0.7047793865203857,0.1450943946838379
500,15.0,8,2,1,1,1,18,0.8569142783083904,1.1759189573970068,1.798410814172456,0.8059508800506592,0.1342453956604004
500,15.0,8,2,1,1,1,19,0.8231184115602121,0.965802846854797,1.6226611867907121,0.7489910125732422,0.14889097213745117
500,15.0,8,2,1,1,1,20,0.8940975233228194,1.2190932966275352,2.1131908199503546,0.953073263168335,0.15293550491333008
500,15.0,8,2,1,1,1,21,0.8076316663413752,1.0311272663542157,1.530298194407299,0.7978603839874268,0.11733651161193848
500,15.0,8,2,1,1,1,22,1.3105876166747692,1.431799758195292,2.304514895999759,0.7305319309234619,0.19335126876831055
500,15.0,8,2,1,1,1,23,0.7375437042597138,1.104465020911089,1.6732855270287388,0.7903132438659668,0.1197199821472168
500,15.0,8,2,1,1,1,24,0.9033314752963196,1.4910943750810217,2.019099290396693,0.9536287784576416,0.17477846145629883
500,15.5,8,2,1,1,1,0,0.9229851199841123,1.2465462449506757,1.9938658831525267,0.727649450302124,0.15374422073364258
500,15.5,8,2,1,1,1,1,1.032508926686395,1.1346594459635035,1.6231654099514792,0.7517831325531006,0.1809403896331787
500,15.5,8,2,1,1,1,2,0.8694046796785061,1.0390412023299445,1.7063287457371148,0.7226498126983643,0.1788468360900879
500,15.5,8,2,1,1,1,3,1.0434419269668487,1.1966810767303162,1.679390845616201,0.9171900749206543,0.1590714454650879
500,15.5,8,2,1,1,1,4,0.8602807787472639,1.0492435744097264,1.862525850873736,0.7163877487182617,0.1739342212677002
500,15.5,8,2,1,1,1,5,0.92022098807976,1.0236007700026684,1.6603530277127878,0.7357780933380127,0.17005538940429688
500,15.5,8,2,1,1,1,6,0.9823016262238484,1.110215955457676,1.7344635453363466,1.012690544128418,0.16071748733520508
500,15.5,8,2,1,1,1,7,1.1565853655426586,1.3956952152142645,2.2370950104649636,0.9302654266357422,0.11769986152648926
500,15.5,8,2,1,1,1,8,0.895956878568999,0.9998152885010932,1.7511819212574022,0.760836124420166,0.1875464916229248
500,15.5,8,2,1,1,1,9,0.9193462435645852,1.4958728579194902,2.079708500048403,0.7383594512939453,0.17783689498901367
500,15.5,8,2,1,1,1,10,1.1777273929056018,1.4689485538734957,2.0446688940897233,0.7719371318817139,0.13290071487426758
500,15.5,8,2,1,1,1,11,0.9292721732285945,1.2829552631888064,1.8680058862564954,0.8209700584411621,0.14011335372924805
500,15.5,8,2,1,1,1,12,1.1828066911812674,1.0898567332257212,1.6487233758858504,0.7804081439971924,0.1309504508972168
500,15.5,8,2,1,1,1,13,1.2395947004473657,1.0643439458450648,1.698004198001384,0.7509117126464844,0.17954063415527344
500,15.5,8,2,1,1,1,14,1.0549457864038254,1.408099844027258,2.101232251608238,0.7469296455383301,0.16312551498413086
500,15.5,8,2,1,1,1,15,1.056006438431896,1.12164988621461,1.8965096086109754,0.7550640106201172,0.15143370628356934
500,15.5,8,2,1,1,1,16,1.001292350484715,1.3172678546379923,2.3185602051227074,0.8571860790252686,0.19353532791137695
500,15.5,8,2,1,1,1,17,1.116908600869094,1.5754457697208393,2.2293475502809352,0.8167755603790283,0.13198256492614746
500,15.5,8,2,1,1,1,18,1.0941269685752923,1.1777889802550174,1.9863600728548363,0.9243571758270264,0.1535344123840332
500,15.5,8,2,1,1,1,19,1.0730106839798428,1.577838962498256,2.2271914942827618,0.7323122024536133,0.15665984153747559
500,15.5,8,2,1,1,1,20,0.9460444726012026,1.1410992041096637,1.726536515245614,0.8630340099334717,0.20715999603271484
500,15.5,8,2,1,1,1,21,1.224950162555094,1.0800581034904058,1.6463322762128203,0.7779886722564697,0.16919493675231934
500,15.5,8,2,1,1,1,22,0.9211320601004264,1.322246603340683,1.9287851523645183,0.8690371513366699,0.20345830917358398
500,15.5,8,2,1,1,1,23,0.9760058531615742,1.215485738109824,1.9404197930229068,0.7970809936523438,0.18973612785339355
500,15.5,8,2,1,1,1,24,0.9017744704796925,1.3208730821190613,1.9821101167808244,0.7319300174713135,0.13278675079345703
500,16.0,8,2,1,1,1,0,1.0571716635902748,1.2318764184861686,2.1064332914830057,0.7733199596405029,0.13063716888427734
500,16.0,8,2,1,1,1,1,1.1031906025313738,1.701021648105619,2.312562495548145,0.8743488788604736,0.18094801902770996
500,16.0,8,2,1,1,1,2,0.9696646964041369,1.3767359439549613,2.3437498064993068,0.7179949283599854,0.12269735336303711
500,16.0,8,2,1,1,1,3,1.0434593799890814,1.3950541522827384,2.126019173937352,0.7494838237762451,0.12763428688049316
500,16.0,8,2,1,1,1,4,0.9305944315933586,1.2411026826961855,1.9561399864574152,0.8231852054595947,0.11323928833007812
500,16.0,8,2,1,1,1,5,2.476006661351376,1.119938152259416,2.7697217228039825,0.904411792755127,0.20066571235656738
500,16.0,8,2,1,1,1,6,0.9029753689555855,1.3532401011370594,2.07197572625836,0.7831993103027344,0.14734148979187012
500,16.0,8,2,1,1,1,7,1.2632725956786934,1.1549852356996702,1.7276646717862698,0.7470197677612305,0.17335247993469238
500,16.0,8,2,1,1,1,8,1.1681139548850452,1.1871746431370782,1.897515057291725,0.7257051467895508,0.16067934036254883
500,16.0,8,2,1,1,1,9,1.0319421965161573,1.5019706288675065,2.0384953584261885,1.0033817291259766,0.1836683750152588
500,16.0,8,2,1,1,1,10,1.2390998645678524,1.2550431022302537,2.03598423398563,0.8948798179626465,0.14543604850769043
500,16.0,8,2,1,1,1,11,0.9152930992631911,1.0726902381973247,1.68283456253792,0.7624180316925049,0.15042638778686523
500,16.0,8,2,1,1,1,12,1.3188821414627068,1.8256933625908127,3.1445755040535195,0.8853945732116699,0.19862651824951172
500,16.0,8,2,1,1,1,13,1.0776975920405838,1.2376129108807277,1.9296282389582626,0.7952601909637451,0.13713479042053223
500,16.0,8,2,1,1,1,14,0.9317743742510359,1.5023621169402186,2.126498744458749,0.7764618396759033,0.15181279182434082
500,16.0,8,2,1,1,1,15,1.0142484943304149,1.4374860517907773,1.9356172007865595,0.8122286796569824,0.14872145652770996
500,16.0,8,2,1,1,1,16,0.9954220257847194,1.221199165905078,2.2166211916897973,0.9126472473144531,0.17571115493774414
500,16.0,8,2,1,1,1,17,0.9151412642293522,1.0500610924923386,1.8683502865482522,0.8174428939819336,0.13060855865478516
500,16.0,8,2,1,1,1,18,1.3026430945963365,1.1337903442700006,1.6398467764152203,0.8498601913452148,0.15026521682739258
500,16.0,8,2,1,1,1,19,0.9369015620348569,1.2755047113316513,2.085173368303858,0.7662796974182129,0.1788949966430664
500,16.0,8,2,1,1,1,20,1.004828929509723,1.271419094710879,1.8799429582785052,0.8647940158843994,0.19879412651062012
500,16.0,8,2,1,1,1,21,0.9836854464880955,1.728201049082624,2.5659072856182097,0.7456889152526855,0.14158248901367188
500,16.0,8,2,1,1,1,22,1.079449235165989,1.3318201189446517,2.1327742789329887,0.7753043174743652,0.12936758995056152
500,16.0,8,2,1,1,1,23,2.8111704185465127,1.4762971614046339,3.1982837208211228,0.7347128391265869,0.17482566833496094
500,16.0,8,2,1,1,1,24,0.9278681730192977,1.3165562869066534,2.0736390387275807,0.9188258647918701,0.2154831886291504
500,16.5,8,2,1,1,1,0,0.9886897312572062,1.1665740677175103,2.0597243697781407,0.7493894100189209,0.1672229766845703
500,16.5,8,2,1,1,1,1,0.8930598652879648,1.3073844001786419,2.1718936331795047,0.7165772914886475,0.12858843803405762
500,16.5,8,2,1,1,1,2,2.7915644302948306,1.0102561975390822,3.02612463527833,0.7666573524475098,0.13886117935180664
500,16.5,8,2,1,1,1,3,2.6284895465324203,1.3269861548977877,3.1180776615880528,0.9027676582336426,0.1696770191192627
500,16.5,8,2,1,1,1,4,1.0249902663657722,1.3492160524472991,1.9559019361366659,0.790245532989502,0.14249038696289062
500,16.5,8,2,1,1,1,5,2.362005228634173,1.1658366446700401,2.9046377521266797,0.7816305160522461,0.1508924961090088
500,16.5,8,2,1,1,1,6,1.0467030355410056,1.2885793385664168,2.0345927823672243,0.7553753852844238,0.14163756370544434
500,16.5,8,2,1,1,1,7,2.8284157754520898,12.408171868612511,13.880785592484628,0.8730363845825195,0.13057899475097656
500,16.5,8,2,1,1,1,8,2.7130019192967265,1.0049658317620116,3.1503471391523714,0.9080688953399658,0.11971521377563477
500,16.5,8,2,1,1,1,9,1.1481004657276241,1.373665583254125,2.2247693072752637,0.7574315071105957,0.17912936210632324
500,16.5,8,2,1,1,1,10,1.2291654435446089,1.455041314497898,2.301298279614123,0.7760951519012451,0.18161869049072266
500,16.5,8,2,1,1,1,11,1.0657374617874402,1.3945723606433154,2.1053065638928055,0.8393826484680176,0.11758732795715332
500,16.5,8,2,1,1,1,12,2.6722793936246227,1.3239481177403989,3.9962275113650216,0.774808406829834,0.13264131546020508
500,16.5,8,2,1,1,1,13,0.9489100967417049,1.1917104686262183,1.9839415721334352,0.9054234027862549,0.20491623878479004
500,16.5,8,2,1,1,1,14,1.0430440036736428,1.4021090693147142,2.164091666114058,0.7577352523803711,0.14728665351867676
500,16.5,8,2,1,1,1,15,1.0508269820717633,1.3491425244247108,2.063038708135566,0.7959563732147217,0.13066697120666504
500,16.5,8,2,1,1,1,16,1.1315006228581628,1.32957269546173,2.1053984214687165,0.9370801448822021,0.15842580795288086
500,16.5,8,2,1,1,1,17,1.15470136514286,1.399044622377149,1.9946315397850773,0.8518998622894287,0.1015932559967041
500,16.5,8,2,1,1,1,18,2.7104205208250076,1.3626279591971904,2.7822976880306554,0.8464264869689941,0.14741921424865723
500,16.5,8,2,1,1,1,19,1.1273747189999392,1.2769016445273516,1.9858072205769597,0.8152525424957275,0.22209835052490234
500,16.5,8,2,1,1,1,20,0.9954139769870411,1.4458134679853611,2.157186660094701,0.8613543510437012,0.18566393852233887
500,16.5,8,2,1,1,1,21,2.6125512474243986,1.2371986947253608,3.15340273960986,0.863715648651123,0.15988659858703613
500,16.5,8,2,1,1,1,22,1.0699110974317458,1.329583833233366,1.9159974333653624,0.7936480045318604,0.1424572467803955
500,16.5,8,2,1,1,1,23,1.0499008127368288,1.13028587760448,1.7282258060393763,0.9853851795196533,0.11158990859985352
500,16.5,8,2,1,1,1,24,0.9923881207635389,1.1565128962960243,1.954137112662539,0.9223582744598389,0.15241646766662598
500,17.0,8,2,1,1,1,0,2.8218337745786894,1.4167396537492076,3.613686334527434,0.7702124118804932,0.16623783111572266
500,17.0,8,2,1,1,1,1,1.0155539176549548,1.1723710116725707,1.9564699151751663,0.6602301597595215,0.1314249038696289
500,17.0,8,2,1,1,1,2,0.9426207258928132,1.7883449620976906,2.682641098279903,0.9531011581420898,0.18830442428588867
500,17.0,8,2,1,1,1,3,1.3888744266344009,1.3663079012861914,2.025722818123741,0.7862663269042969,0.13469433784484863
500,17.0,8,2,1,1,1,4,1.1559322722611418,1.279555198110403,2.0183107477600912,0.9316794872283936,0.1263289451599121
500,17.0,8,2,1,1,1,5,2.5726049178915926,1.4254258574793552,2.8568793252961937,0.7695436477661133,0.11222386360168457
500,17.0,8,2,1,1,1,6,1.0281542554232028,1.5580325809554005,2.414203160154499,0.8919985294342041,0.11810159683227539
500,17.0,8,2,1,1,1,7,1.083653484125635,1.238749469480904,2.012932325385902,0.8466508388519287,0.16378211975097656
500,17.0,8,2,1,1,1,8,0.9934208876524848,1.374977708737138,2.058733944163389,0.7457995414733887,0.16760635375976562
500,17.0,8,2,1,1,1,9,1.0015729500124024,1.2126840694687886,1.792630911932183,0.9070305824279785,0.17936968803405762
500,17.0,8,2,1,1,1,10,0.9604926359359373,1.242043807994606,2.2025364439305433,0.8958232402801514,0.13950610160827637
500,17.0,8,2,1,1,1,11,2.0757964829869464,1.300251177020581,2.6194616139526348,0.8318626880645752,0.18538999557495117
500,17.0,8,2,1,1,1,12,2.6062295826268453,1.2688118889365272,3.6614963356888905,0.8001270294189453,0.17134714126586914
500,17.0,8,2,1,1,1,13,2.729983963903335,1.3390817814564326,3.558357714153122,0.8556976318359375,0.1156620979309082
500,17.0,8,2,1,1,1,14,0.8757478898093841,1.3651686691799654,2.1203935800881646,0.7992439270019531,0.13455820083618164
500,17.0,8,2,1,1,1,15,2.818351890721326,1.2201660092652276,3.018905419413822,0.7342908382415771,0.20313692092895508
500,17.0,8,2,1,1,1,16,2.8225361329968015,1.9958762270701729,4.818412360066974,0.8576462268829346,0.18945717811584473
500,17.0,8,2,1,1,1,17,1.0918488880880635,1.3175795769659722,2.305372165034458,0.7829430103302002,0.1275773048400879
500,17.0,8,2,1,1,1,18,0.9447860845085777,1.3696563515686828,1.9355746719482272,0.9368851184844971,0.10162758827209473
500,17.0,8,2,1,1,1,19,1.0705502950643089,1.0669456161166235,1.792509716018924,0.8876857757568359,0.15175390243530273
500,17.0,8,2,1,1,1,20,2.803471520732922,1.1465541462126512,2.947933797147515,0.7367494106292725,0.14654850959777832
500,17.0,8,2,1,1,1,21,2.7948706162403956,1.4511081369755976,3.7449908466827058,0.7364325523376465,0.13077569007873535
500,17.0,8,2,1,1,1,22,1.0198418092183552,1.374083299619365,2.248746919445251,0.8865358829498291,0.1795656681060791
500,17.0,8,2,1,1,1,23,1.134996174458424,1.4862240797062347,1.9737728344736962,0.8132526874542236,0.13915324211120605
500,17.0,8,2,1,1,1,24,1.1694354139241203,1.168540556871608,1.7643926894173503,0.6651568412780762,0.16894912719726562
500,17.5,8,2,1,1,1,0,1.4973267105687846,2.0010548031582327,3.4983815137270176,0.8146469593048096,0.24028420448303223
500,17.5,8,2,1,1,1,1,1.1426919704623515,1.4342690084651315,2.4359663583319775,0.7338249683380127,0.17284440994262695
500,17.5,8,2,1,1,1,2,2.2678974592581773,2.088031248377014,3.084505807360478,0.8744919300079346,0.21962666511535645
500,17.5,8,2,1,1,1,3,2.680825286164142,1.1327367956920231,3.319768987250676,0.9073855876922607,0.14875078201293945
500,17.5,8,2,1,1,1,4,2.7176551156236957,1.6402052461545988,4.357860361778295,0.7911520004272461,0.19269871711730957
500,17.5,8,2,1,1,1,5,1.009552307154066,1.315804955279496,2.080650146738041,0.7386445999145508,0.16303372383117676
500,17.5,8,2,1,1,1,6,1.6070005324671173,1.5088265488261994,3.1158270812933164,0.8914570808410645,0.12351560592651367
500,17.5,8,2,1,1,1,7,1.2855228991620258,1.319456739171715,2.366638787426891,0.8914294242858887,0.11972546577453613
500,17.5,8,2,1,1,1,8,1.037304373469387,1.2725725563682875,2.0281888888146855,0.7873387336730957,0.14107871055603027
500,17.5,8,2,1,1,1,9,1.2165208668959795,1.4761587572918466,2.1944424917367282,0.9011485576629639,0.1383194923400879
500,17.5,8,2,1,1,1,10,2.4373176686933933,1.097004077666971,2.776353566258286,0.9630703926086426,0.10354232788085938
500,17.5,8,2,1,1,1,11,2.6763848211491705,1.4013443674073212,3.0841991654161416,0.7733373641967773,0.2970271110534668
500,17.5,8,2,1,1,1,12,1.2374214989157029,2.537253631874886,3.3228809075218484,0.8045973777770996,0.20355439186096191
500,17.5,8,2,1,1,1,13,2.809411863163567,1.925670292500167,3.648463600444277,0.7901220321655273,0.21084356307983398
500,17.5,8,2,1,1,1,14,1.0360524149211483,1.8127527907292582,2.475933448523996,0.7334737777709961,0.23464655876159668
500,17.5,8,2,1,1,1,15,2.6954317342738427,1.2859907796832735,3.045156254560201,0.8979442119598389,0.15236234664916992
500,17.5,8,2,1,1,1,16,2.817060387213245,1.4876935685729575,3.2949585913554538,0.8330986499786377,0.204146146774292
500,17.5,8,2,1,1,1,17,0.9115646228708072,1.621246301010382,2.3531213056784592,0.8208508491516113,0.14610624313354492
500,17.5,8,2,1,1,1,18,2.7203806127202568,2.067579560945119,4.787960173665375,0.8279635906219482,0.13069534301757812
500,17.5,8,2,1,1,1,19,1.1566522433094073,1.238476667375694,1.993669650877333,0.7184605598449707,0.1661534309387207
500,17.5,8,2,1,1,1,20,1.0023948446544717,1.343422068951867,2.192423500154743,0.8517434597015381,0.15408968925476074
500,17.5,8,2,1,1,1,21,1.184802750903603,1.4376587382200088,2.2166827542167695,0.926628828048706,0.10692882537841797
500,17.5,8,2,1,1,1,22,2.8209166396923835,1.7405467064663402,3.6865908659695776,0.8814361095428467,0.14807415008544922
500,17.5,8,2,1,1,1,23,0.9456605552946981,1.9227484277287632,2.6478455473527265,0.7003998756408691,0.18341279029846191
500,17.5,8,2,1,1,1,24,1.7253700506426164,1.4441156671870072,3.1694857178296236,0.6752104759216309,0.12156200408935547
500,18.0,8,2,1,1,1,0,2.737494341146119,1.6838151552176026,3.0945964666298265,0.7478728294372559,0.09720063209533691
500,18.0,8,2,1,1,1,1,2.6439893493977777,1.4758998229178937,2.998429623093528,0.7143363952636719,0.12791776657104492
500,18.0,8,2,1,1,1,2,1.1483122713404015,1.408871862715253,2.1138243345889407,0.6784019470214844,0.192702054977417
500,18.0,8,2,1,1,1,3,2.8276863812715094,2.033380121595762,3.275690842631609,0.7466895580291748,0.13674616813659668
500,18.0,8,2,1,1,1,4,2.60792328521235,1.421950835418773,2.809029405090135,0.6976425647735596,0.19886517524719238
500,18.0,8,2,1,1,1,5,2.7526014812679067,1.3044780424143112,3.8399261302805883,0.6518197059631348,0.15616869926452637
500,18.0,8,2,1,1,1,6,1.1894944318200107,1.5439270437831025,2.21508856879895,0.8738882541656494,0.20414352416992188
500,18.0,8,2,1,1,1,7,2.766181709754106,1.3339374326656557,3.2449916780746344,0.9502041339874268,0.13751697540283203
500,18.0,8,2,1,1,1,8,2.2792575029786657,1.4983537203325072,2.562457113555666,0.8899307250976562,0.1545429229736328
500,18.0,8,2,1,1,1,9,1.881552153156475,1.2213125530335045,2.2364976873066498,0.703728199005127,0.15738749504089355
500,18.0,8,2,1,1,1,10,1.490454825151729,1.3676507040004608,2.328603306431745,0.8338468074798584,0.18000030517578125
500,18.0,8,2,1,1,1,11,1.2302901615419983,1.3769461021762768,2.2838163584713413,0.837796688079834,0.11556196212768555
500,18.0,8,2,1,1,1,12,2.814930689008748,1.3189772918347946,3.854613086728059,0.818915605545044,0.10353755950927734
500,18.0,8,2,1,1,1,13,2.6637967265014924,1.2648563047167476,3.662600317770165,0.8301692008972168,0.18408703804016113
500,18.0,8,2,1,1,1,14,2.7893491467602884,1.238021924286176,3.611211836866922,0.7929830551147461,0.12962794303894043
500,18.0,8,2,1,1,1,15,2.811400543534201,1.6584168310379142,3.2874169660555883,0.883507490158081,0.14653468132019043
500,18.0,8,2,1,1,1,16,2.820982220668478,1.6184502926959388,3.3616262872880687,0.8166866302490234,0.10751986503601074
500,18.0,8,2,1,1,1,17,2.8086723321523404,1.8124903191923862,4.621162651344727,0.729945182800293,0.19666242599487305
500,18.0,8,2,1,1,1,18,2.8157892511115428,1.3576930189037766,4.173482270015319,0.7823121547698975,0.15708684921264648
500,18.0,8,2,1,1,1,19,1.1384888116841578,1.6970371379615004,2.2844628815563444,0.7514262199401855,0.2368760108947754
500,18.0,8,2,1,1,1,20,1.1746532763693707,1.3676825327854443,2.1303731768830323,0.606025218963623,0.14424681663513184
500,18.0,8,2,1,1,1,21,2.791326114899224,1.369053083763886,3.3340373237635266,0.8649184703826904,0.18349933624267578
500,18.0,8,2,1,1,1,22,2.242608590783179,1.5851344655365747,2.867821876863429,0.9443724155426025,0.17389512062072754
500,18.0,8,2,1,1,1,23,2.8227866859813093,1.4613878270679304,3.2202084079180757,0.8564307689666748,0.11782264709472656
500,18.0,8,2,1,1,1,24,1.4581571460444205,1.5916050605295036,2.6400604158356304,0.8712165355682373,0.14835214614868164
500,18.5,8,2,1,1,1,0,2.759999532820839,1.5856666949024136,3.154712408223361,0.8998510837554932,0.1466524600982666
500,18.5,8,2,1,1,1,1,2.788085930187699,2.1625919509009193,4.233628754851701,0.9407727718353271,0.14094281196594238
500,18.5,8,2,1,1,1,2,2.6227014296064857,1.8115097451019182,2.981412684200736,0.8491256237030029,0.11776089668273926
500,18.5,8,2,1,1,1,3,2.8271549948139465,1.8465884241571981,2.947451946787473,0.9090304374694824,0.24984288215637207
500,18.5,8,2,1,1,1,4,2.8155103560956616,1.562853004550121,3.151760051569607,0.9082334041595459,0.16556715965270996
500,18.5,8,2,1,1,1,5,2.8132905816419504,1.600656722096038,3.2055617586546257,0.7368755340576172,0.17597699165344238
500,18.5,8,2,1,1,1,6,2.811951810942685,1.4375219905107042,3.82191794761322,0.7156970500946045,0.13600540161132812
500,18.5,8,2,1,1,1,7,2.3063578740996813,1.4524272922339485,2.424988701580682,0.8363139629364014,0.19606447219848633
500,18.5,8,2,1,1,1,8,2.781565943986411,1.5853576235295463,4.366923567515958,0.7382509708404541,0.12807798385620117
500,18.5,8,2,1,1,1,9,2.3258988044584124,1.8202781949594138,3.316149416595862,0.6759657859802246,0.16100811958312988
500,18.5,8,2,1,1,1,10,2.5824091867574754,1.6356209202767131,4.218030107034188,0.7400391101837158,0.14140677452087402
500,18.5,8,2,1,1,1,11,1.2476529924287003,1.487907553205648,2.402711219700791,0.9449508190155029,0.1874251365661621
500,18.5,8,2,1,1,1,12,1.6118664354349972,1.3575831283091193,2.375370320173446,0.755784273147583,0.1205284595489502
500,18.5,8,2,1,1,1,13,2.234649785355682,1.468242749937403,3.1384598320475807,0.7534122467041016,0.13193321228027344
500,18.5,8,2,1,1,1,14,2.777536997295529,1.3738215908030227,3.6769230899661665,0.7396354675292969,0.1807703971862793
500,18.5,8,2,1,1,1,15,2.8284270780407814,12.774401170814123,15.204270835695564,0.813730001449585,0.19774651527404785
500,18.5,8,2,1,1,1,16,1.249905381105141,1.3460506088129636,2.0215398668740434,0.723954439163208,0.17873859405517578
500,18.5,8,2,1,1,1,17,2.7167201385117052,1.4382349216886263,3.988451168354633,0.7305316925048828,0.13364219665527344
500,18.5,8,2,1,1,1,18,2.6431894828283107,1.565775150289813,3.408744978163222,0.7555184364318848,0.12165164947509766
500,18.5,8,2,1,1,1,19,1.4283332551057608,1.7527048517963204,2.4749856582975704,0.8897099494934082,0.18578767776489258
500,18.5,8,2,1,1,1,20,1.8910057005131098,1.4760062963440057,2.569531596139604,0.7310607433319092,0.11864519119262695
500,18.5,8,2,1,1,1,21,2.354327854092077,1.3381451218368736,3.0689485220497352,0.7577188014984131,0.16167640686035156
500,18.5,8,2,1,1,1,22,2.778461755092733,1.442934381809975,3.8498892880558877,0.7414474487304688,0.16338658332824707
500,18.5,8,2,1,1,1,23,1.0241413022157349,1.2851837383058489,2.2031428356122174,0.8596727848052979,0.19086551666259766
500,18.5,8,2,1,1,1,24,2.805131639729975,1.383226354579726,3.7616954889302017,0.7354238033294678,0.15816712379455566
500,19.0,8,2,1,1,1,0,2.516690422261227,1.6730126360929836,3.73094889136683,0.7924795150756836,0.135728120803833
500,19.0,8,2,1,1,1,1,2.203463677956439,1.572284073784763,3.3669477418065084,0.9224843978881836,0.1681203842163086
500,19.0,8,2,1,1,1,2,2.069814391885648,1.4945133815461846,2.219546973768852,0.835197925567627,0.18378520011901855
500,19.0,8,2,1,1,1,3,2.7375045789329615,1.856319116463584,3.9146537876094034,0.728769063949585,0.12045907974243164
500,19.0,8,2,1,1,1,4,1.5010430210955483,1.3398695638698868,2.6088723220332435,0.6774747371673584,0.19812893867492676
500,19.0,8,2,1,1,1,5,2.6008112363144087,1.8904405895780625,4.358740681699422,0.7303354740142822,0.15828180313110352
500,19.0,8,2,1,1,1,6,2.7591931583357456,1.4246216587555065,3.19580958793918,0.854055643081665,0.19221830368041992
500,19.0,8,2,1,1,1,7,2.7382130906608273,1.554240948281108,3.236227644307549,0.7050724029541016,0.13366937637329102
500,19.0,8,2,1,1,1,8,1.3045334188686408,1.571321598460375,2.4586213201149025,0.7385880947113037,0.14127850532531738
500,19.0,8,2,1,1,1,9,2.828424656530846,11.514812104641717,14.2796324287197,0.7148230075836182,0.1762068271636963
500,19.0,8,2,1,1,1,10,2.811256428973328,1.5894698009144308,3.6298211887960545,0.7676784992218018,0.17752909660339355
500,19.0,8,2,1,1,1,11,1.0947857512183155,1.3797189592646464,2.0331945319896536,0.7423744201660156,0.14911270141601562
500,19.0,8,2,1,1,1,12,2.7941509183236586,1.8031224729614286,3.667696612405594,0.725090742111206,0.1660289764404297
500,19.0,8,2,1,1,1,13,1.1083443346465192,1.6742546898909387,2.5044782332382125,0.6864984035491943,0.15016937255859375
500,19.0,8,2,1,1,1,14,1.6636242672212576,1.7217145274030177,3.3853387946242752,0.7738208770751953,0.17685747146606445
500,19.0,8,2,1,1,1,15,1.9809603900092174,1.4312733281364987,3.028023281387404,0.8746762275695801,0.15468406677246094
500,19.0,8,2,1,1,1,16,2.796170242232058,2.0443084233782036,3.975809494185925,0.8010351657867432,0.12217974662780762
500,19.0,8,2,1,1,1,17,2.797713540223014,1.3894274346509659,3.088096800910315,0.7973713874816895,0.1389939785003662
500,19.0,8,2,1,1,1,18,2.808361159710908,1.4740042947287675,3.654859259119288,0.8782620429992676,0.16483044624328613
500,19.0,8,2,1,1,1,19,1.0114257130087438,1.4662400922005634,2.039368748398097,0.6913731098175049,0.15608453750610352
500,19.0,8,2,1,1,1,20,2.8283895451559693,1.4528806186172887,3.4732686452676695,0.7441596984863281,0.1178140640258789
500,19.0,8,2,1,1,1,21,2.8043837964468157,1.7636417042920949,3.2726550207303178,0.689810037612915,0.18996906280517578
500,19.0,8,2,1,1,1,22,2.8246713230178777,1.3553100275342518,3.704710819706957,0.7715356349945068,0.16808485984802246
500,19.0,8,2,1,1,1,23,2.707245175388531,1.5926027062330066,3.4598448610708576,0.7899842262268066,0.15202999114990234
500,19.0,8,2,1,1,1,24,2.8030571493502934,1.547401107550674,3.726834221521553,0.7847251892089844,0.12369370460510254
500,19.5,8,2,1,1,1,0,2.7922977538323392,2.246332707548777,4.430620257724318,0.7534630298614502,0.17516469955444336
500,19.5,8,2,1,1,1,1,2.7936816683501107,1.4669412882130053,4.225912651353951,0.9076762199401855,0.20043492317199707
500,19.5,8,2,1,1,1,2,2.8232566708082483,1.762409149344623,4.349517368410678,0.7579805850982666,0.14804339408874512
500,19.5,8,2,1,1,1,3,2.7489997621361373,1.6599928321904882,4.025744480279243,0.7079923152923584,0.1835479736328125
500,19.5,8,2,1,1,1,4,2.7557458584622765,1.4322049335534957,4.187950792015772,0.7566936016082764,0.15941834449768066
500,19.5,8,2,1,1,1,5,2.757281532746569,1.4947306072386735,3.743055245154378,0.8956160545349121,0.19281220436096191
500,19.5,8,2,1,1,1,6,2.808239369821841,1.8132512795815285,4.62149064940337,0.7718260288238525,0.20975637435913086
500,19.5,8,2,1,1,1,7,2.5150326730688497,1.8328474894913873,4.347880162560237,0.7648880481719971,0.15519261360168457
500,19.5,8,2,1,1,1,8,2.4100593763323546,1.916542682474534,3.5824772796715285,0.6845908164978027,0.12458944320678711
500,19.5,8,2,1,1,1,9,2.591504159259374,1.4258643008088838,3.454419641565546,0.8510806560516357,0.17589497566223145
500,19.5,8,2,1,1,1,10,2.7481884702394974,1.678030505222355,3.959510914325408,0.7189128398895264,0.16876864433288574
500,19.5,8,2,1,1,1,11,2.801832782497994,1.6328799278535269,4.434712710351521,0.6848876476287842,0.13386130332946777
500,19.5,8,2,1,1,1,12,2.482658854105584,2.449351920944366,3.510115789465391,0.7633543014526367,0.153533935546875
500,19.5,8,2,1,1,1,13,2.7579232220495586,1.5483828794430674,4.186956557474801,0.7801599502563477,0.20236754417419434
500,19.5,8,2,1,1,1,14,2.822683607225935,1.9512659773099408,4.610741514579893,0.7358152866363525,0.1654963493347168
500,19.5,8,2,1,1,1,15,2.441573733139899,1.5024717938939318,2.756936096489465,0.6909747123718262,0.17402291297912598
500,19.5,8,2,1,1,1,16,2.6628361854835005,1.7118515320655876,3.8248541914920557,0.7481613159179688,0.13944244384765625
500,19.5,8,2,1,1,1,17,2.4697286168342103,2.046360079019443,2.9349837354529265,0.8488051891326904,0.20365691184997559
500,19.5,8,2,1,1,1,18,2.7767867761693172,1.2903079527233887,3.3735867897388943,0.7600436210632324,0.1346421241760254
500,19.5,8,2,1,1,1,19,2.7566053049932644,1.3038240581291107,3.302896438964493,0.754150390625,0.15259027481079102
500,19.5,8,2,1,1,1,20,2.8089599195631427,1.5790100267088578,3.3388745696661464,0.7652676105499268,0.15899991989135742
500,19.5,8,2,1,1,1,21,2.8282823177801792,1.4531981447546198,3.4041495382905738,0.9026596546173096,0.1922903060913086
500,19.5,8,2,1,1,1,22,2.8212764954724463,1.4509925565161124,3.2867345725710684,0.7219483852386475,0.14856553077697754
500,19.5,8,2,1,1,1,23,2.7652523125458703,1.3243009005086184,3.3489108709663302,0.7368273735046387,0.17899012565612793
500,19.5,8,2,1,1,1,24,2.8120937837987494,1.966349772714041,3.930800033402021,0.7343175411224365,0.1360006332397461
500,20.0,8,2,1,1,1,0,2.8000817522212613,1.5151573999229722,3.2800103980964956,0.893282413482666,0.20367860794067383
500,20.0,8,2,1,1,1,1,2.5670697696323885,1.5336879481223735,3.1883429858285925,0.730393648147583,0.14301586151123047
500,20.0,8,2,1,1,1,2,2.7962458661989023,1.4775243018823718,3.531091078018436,0.7601268291473389,0.14353156089782715
500,20.0,8,2,1,1,1,3,2.7913402269202843,1.413875375520345,3.697688759591123,0.7567369937896729,0.15977883338928223
500,20.0,8,2,1,1,1,4,2.8122522714926292,1.8229432015634477,3.672718364598426,0.915823221206665,0.15899014472961426
500,20.0,8,2,1,1,1,5,2.808125714506074,2.063825408255552,4.070125507246875,0.7236719131469727,0.11855459213256836
500,20.0,8,2,1,1,1,6,2.688050478827781,2.1512720615663574,4.354781485893459,0.7541921138763428,0.16173005104064941
500,20.0,8,2,1,1,1,7,2.7636405977676275,1.8902791730096458,3.8452432074657477,0.7496094703674316,0.13515996932983398
500,20.0,8,2,1,1,1,8,2.8142659354214015,1.7124927242379941,4.175176225805962,0.7966022491455078,0.206024169921875
500,20.0,8,2,1,1,1,9,2.8224306213194756,1.7353765896696398,3.4337568317579583,0.7066090106964111,0.18100786209106445
500,20.0,8,2,1,1,1,10,2.827394525579628,1.474226093295387,3.6851497792001005,0.7504491806030273,0.18636131286621094
500,20.0,8,2,1,1,1,11,2.521157462114454,1.7294205464200152,3.843049934775639,0.8444697856903076,0.17086267471313477
500,20.0,8,2,1,1,1,12,2.7883144615043505,1.8559518633974257,3.86644483291808,0.9098289012908936,0.1573939323425293
500,20.0,8,2,1,1,1,13,2.3099278185811225,1.4842979069809632,2.7796457623333333,0.7815945148468018,0.16782522201538086
500,20.0,8,2,1,1,1,14,2.8144753959197133,1.8632899786055328,3.47621036280404,0.7182977199554443,0.16827082633972168
500,20.0,8,2,1,1,1,15,2.825726566723076,1.3449337859608093,3.0271028453931637,0.7135465145111084,0.15171051025390625
500,20.0,8,2,1,1,1,16,2.820552715563341,1.6732886239216582,3.7068721003002962,0.8852462768554688,0.18446922302246094
500,20.0,8,2,1,1,1,17,2.8261359678727174,1.70533079495805,4.233856757043252,0.7683675289154053,0.1599724292755127
500,20.0,8,2,1,1,1,18,2.76253422878745,1.785267082208655,3.851184751140388,0.6898863315582275,0.1401529312133789
500,20.0,8,2,1,1,1,19,2.8081463182967403,1.761388566934047,3.968431028829955,0.775881290435791,0.14041876792907715
500,20.0,8,2,1,1,1,20,2.510678304027246,1.5015466656146437,3.176079503416054,0.8356184959411621,0.18338513374328613
500,20.0,8,2,1,1,1,21,2.7494311923323678,1.9816646449268305,3.7635476156822056,0.7569444179534912,0.14333152770996094
500,20.0,8,2,1,1,1,22,2.777110748189733,1.905806813553762,3.7632901543278816,0.7527978420257568,0.13965535163879395
500,20.0,8,2,1,1,1,23,2.8171058358225727,2.5374771569077743,3.5788703923043794,0.7407007217407227,0.17098212242126465
500,20.0,8,2,1,1,1,24,2.8071444930287393,1.3726989723092298,3.2333487145897464,0.8280537128448486,0.17095208168029785
500,20.5,8,2,1,1,1,0,2.3033196739296597,1.67127618921757,3.2661574402422224,0.7278139591217041,0.14194965362548828
500,20.5,8,2,1,1,1,1,2.8223558604677677,1.6813867441630266,3.519870670956361,0.819361686706543,0.18944215774536133
500,20.5,8,2,1,1,1,2,2.82690776442122,1.8922355778551265,3.842603006692345,0.7155940532684326,0.17662787437438965
500,20.5,8,2,1,1,1,3,2.8178322390817483,2.102318638767403,4.680387555018231,0.9064042568206787,0.1671435832977295
500,20.5,8,2,1,1,1,4,2.4874803417928346,1.5677185462952197,3.2492716181428487,0.7034506797790527,0.19259166717529297
500,20.5,8,2,1,1,1,5,2.82841126461716,2.0296117056173517,3.477953671215436,0.6955928802490234,0.15410113334655762
500,20.5,8,2,1,1,1,6,2.828208590675594,2.2043798623655175,3.477783224277171,0.7448394298553467,0.1220402717590332
500,20.5,8,2,1,1,1,7,2.826250619474768,2.2251320169101345,4.432128960571309,0.850553035736084,0.18288707733154297
500,20.5,8,2,1,1,1,8,2.746124213607991,2.0367974121561323,3.7415314723125856,0.6943671703338623,0.14293456077575684
500,20.5,8,2,1,1,1,9,2.8102916090017342,2.056325131280581,4.3059345475317645,0.7827098369598389,0.1370854377746582
500,20.5,8,2,1,1,1,10,2.825425272830565,1.8571087642040889,4.369064825731232,0.8218681812286377,0.13909602165222168
500,20.5,8,2,1,1,1,11,2.826401899274872,1.496547681213706,3.50577411433028,0.8217763900756836,0.19610285758972168
500,20.5,8,2,1,1,1,12,2.80055830717157,1.7930273595046227,4.528154392004882,0.7075684070587158,0.16695713996887207
500,20.5,8,2,1,1,1,13,2.732908681924462,1.7853057053165873,4.518214387241049,0.690192461013794,0.15586447715759277
500,20.5,8,2,1,1,1,14,2.8230676538342503,1.9699815148573057,4.56876312512759,0.7592828273773193,0.13936638832092285
500,20.5,8,2,1,1,1,15,2.6662596291592204,2.1493879130259264,3.1121164441495375,0.8768751621246338,0.20357227325439453
500,20.5,8,2,1,1,1,16,2.828426555725505,13.714624810359462,14.505397332338827,0.7860856056213379,0.18257617950439453
500,20.5,8,2,1,1,1,17,2.8248228333577496,1.8754063167728208,4.500957919859539,0.6929686069488525,0.12366557121276855
500,20.5,8,2,1,1,1,18,2.8272394422732265,1.8718240584060357,3.7706790365500784,0.7617790699005127,0.17852783203125
500,20.5,8,2,1,1,1,19,1.3627294959319027,2.0513352487229413,2.7535906161042005,0.7749557495117188,0.16558051109313965
500,20.5,8,2,1,1,1,20,2.825261879376205,1.777180307878093,3.594141474149575,0.6971805095672607,0.18761062622070312
500,20.5,8,2,1,1,1,21,2.8283224305169465,1.603938978668653,3.7830223114330446,0.6987185478210449,0.1355452537536621
500,20.5,8,2,1,1,1,22,2.638930331903841,1.9277771090204954,3.9084948431755806,0.7325985431671143,0.15968704223632812
500,20.5,8,2,1,1,1,23,2.332140370691978,2.3694854854289074,4.530545509303203,0.8510410785675049,0.14465999603271484
500,20.5,8,2,1,1,1,24,2.8109198015234003,1.6312006365248108,3.955299167273134,0.6871466636657715,0.14392423629760742
500,21.0,8,2,1,1,1,0,2.8281684030551704,1.8436019695158206,4.442849958761964,0.7522871494293213,0.17734193801879883
500,21.0,8,2,1,1,1,1,2.6166629536891937,2.4686813432521117,2.977872510506288,0.7201220989227295,0.14411330223083496
500,21.0,8,2,1,1,1,2,2.7853454380901432,2.2356876712436042,3.377574435170105,0.8444244861602783,0.19781041145324707
500,21.0,8,2,1,1,1,3,2.7825846046472003,1.8549075157305237,3.6481482639561955,0.7305645942687988,0.1186208724975586
500,21.0,8,2,1,1,1,4,2.827973858702695,1.7543531698562878,3.635752991314109,0.7422323226928711,0.15516448020935059
500,21.0,8,2,1,1,1,5,2.8235444858515555,1.8025169797615823,4.0657178511146945,0.7318623065948486,0.18488860130310059
500,21.0,8,2,1,1,1,6,2.827880742455886,2.172948701474171,4.989535792525466,0.9094083309173584,0.18167757987976074
500,21.0,8,2,1,1,1,7,2.8267690786663433,1.924150323090373,4.5404600498100125,0.7082862854003906,0.18883371353149414
500,21.0,8,2,1,1,1,8,2.8251962659947893,2.1881703536146975,3.008532234789323,0.6941194534301758,0.16265201568603516
500,21.0,8,2,1,1,1,9,2.828331867130709,1.6619360346930496,3.595516946024097,0.709911584854126,0.14709138870239258
500,21.0,8,2,1,1,1,10,2.8242969863451974,1.984169373717893,4.396425350842287,0.820899248123169,0.19481420516967773
500,21.0,8,2,1,1,1,11,2.792570863828616,1.6475303301390647,4.228482955117364,0.7065865993499756,0.15792560577392578
500,21.0,8,2,1,1,1,12,2.797281719933,1.529035079470919,3.594806096452565,0.7308051586151123,0.15845179557800293
500,21.0,8,2,1,1,1,13,2.8209729191994253,1.64559927091866,3.315943155445107,0.7018187046051025,0.14760470390319824
500,21.0,8,2,1,1,1,14,2.736494799722516,1.837944551728678,3.2954815015655763,0.8025462627410889,0.1894066333770752
500,21.0,8,2,1,1,1,15,2.8234288187422014,1.9423437697298502,3.5477394649568015,0.7559597492218018,0.1449587345123291
500,21.0,8,2,1,1,1,16,2.172757521848768,1.6491472297917913,2.9206243515463686,0.8104450702667236,0.16630315780639648
500,21.0,8,2,1,1,1,17,2.585186513725543,3.4153095295177702,4.57957065195736,0.7800474166870117,0.12965822219848633
500,21.0,8,2,1,1,1,18,2.7406043453098747,1.9753396823095988,3.5435230305256122,0.7584507465362549,0.17757344245910645
500,21.0,8,2,1,1,1,19,2.8018520145828543,1.7331508922389747,3.6441873347050433,0.7011291980743408,0.17576193809509277
500,21.0,8,2,1,1,1,20,2.8224113017296313,2.028951251791261,4.077760292119709,0.7547216415405273,0.17133522033691406
500,21.0,8,2,1,1,1,21,2.820908179520636,1.751900399029654,4.566634467734889,0.942812442779541,0.21043872833251953
500,21.0,8,2,1,1,1,22,2.595412868366071,1.7393563406072845,3.7947049600520333,0.7546849250793457,0.12147188186645508
500,21.0,8,2,1,1,1,23,2.8221838957562504,1.7054771327260083,4.407109071648819,0.7379586696624756,0.16380882263183594
500,21.0,8,2,1,1,1,24,2.73211938230464,1.7191129987158176,3.1482028243363747,0.7607362270355225,0.18317365646362305
500,21.5,8,2,1,1,1,0,2.8253694393291258,2.4478411109252374,4.767649726041862,0.9537649154663086,0.19003987312316895
500,21.5,8,2,1,1,1,1,2.817374980170852,2.4797586236969744,5.2887272733670585,0.8273177146911621,0.15174031257629395
500,21.5,8,2,1,1,1,2,2.8167361479816146,1.8875911599445534,4.021977184246251,0.7744452953338623,0.16746759414672852
500,21.5,8,2,1,1,1,3,2.4409465665017693,1.510440729854646,3.2960563098087095,0.7490007877349854,0.18393826484680176
500,21.5,8,2,1,1,1,4,2.7655050267455636,1.7748281401477277,4.1269148452376445,0.8811502456665039,0.18236398696899414
500,21.5,8,2,1,1,1,5,2.819554800299741,2.893997835098245,5.713552635397986,0.947885274887085,0.19510149955749512
500,21.5,8,2,1,1,1,6,2.8256819128991153,2.1563846268090416,4.496436245527398,0.7466599941253662,0.14324021339416504
500,21.5,8,2,1,1,1,7,2.813664977220371,1.6394678283448734,4.1198303181732525,0.7480134963989258,0.17603445053100586
500,21.5,8,2,1,1,1,8,2.517954967064738,1.5605985210142104,3.128886097834485,0.700042724609375,0.1641244888305664
500,21.5,8,2,1,1,1,9,2.817777232195408,1.884365357242342,3.687630435132503,0.9536147117614746,0.18773579597473145
500,21.5,8,2,1,1,1,10,2.7765223832876553,2.4139986920719267,4.928473488479662,0.7260069847106934,0.13852643966674805
500,21.5,8,2,1,1,1,11,2.8265491469450055,1.8445656542333315,4.501134424851496,0.9069504737854004,0.197967529296875
500,21.5,8,2,1,1,1,12,2.827322566926159,2.036721182782041,4.742237588197475,0.7466843128204346,0.17311549186706543
500,21.5,8,2,1,1,1,13,2.7428554650241534,1.7683200786358089,4.322646911475347,0.7439780235290527,0.14054584503173828
500,21.5,8,2,1,1,1,14,2.8261229782637023,1.5754258264070078,3.927769609416348,0.742685079574585,0.13481974601745605
500,21.5,8,2,1,1,1,15,2.8270309553259847,2.178766417265837,4.313255810771519,0.9950504302978516,0.17433619499206543
500,21.5,8,2,1,1,1,16,2.791525814379945,2.007147312004024,4.767506282853696,0.7706437110900879,0.1498241424560547
500,21.5,8,2,1,1,1,17,2.724416158278364,2.062058633459767,3.519864987976729,0.7948391437530518,0.15386199951171875
500,21.5,8,2,1,1,1,18,2.7479760536617523,2.4810449324838437,4.529750924568367,0.7982926368713379,0.14938974380493164
500,21.5,8,2,1,1,1,19,2.306465580331599,2.19720574081902,3.2762874255112986,0.8855035305023193,0.16253447532653809
500,21.5,8,2,1,1,1,20,2.8280246137285516,2.45116314413843,5.256149148917935,0.7055025100708008,0.18012022972106934
500,21.5,8,2,1,1,1,21,2.8262876854872125,1.711905065976116,3.507164179319251,0.716843843460083,0.1509091854095459
500,21.5,8,2,1,1,1,22,2.8282046905044345,2.0170994722015663,4.7895861332043825,0.7595860958099365,0.13872909545898438
500,21.5,8,2,1,1,1,23,2.752308665048974,1.712390461347618,3.8298599926944146,0.9495377540588379,0.19655060768127441
500,21.5,8,2,1,1,1,24,2.828427115751742,11.991249229039568,12.912463540378553,0.6916534900665283,0.1762385368347168
500,22.0,8,2,1,1,1,0,2.828310224528233,2.2407135138342005,4.427590591193429,0.73124098777771,0.1404111385345459
500,22.0,8,2,1,1,1,1,2.8148368665917576,1.4793568721711485,3.811484991835796,0.7267365455627441,0.15787267684936523
500,22.0,8,2,1,1,1,2,2.827904044038423,1.9387941834544062,4.46229890606064,0.7862863540649414,0.1494004726409912
500,22.0,8,2,1,1,1,3,2.6979929454911353,1.9414758603654254,3.3827333138390197,0.7619919776916504,0.17384552955627441
500,22.0,8,2,1,1,1,4,2.8201887424078245,1.8091528456907875,4.546072096347645,0.7006642818450928,0.15014982223510742
500,22.0,8,2,1,1,1,5,2.826730633223296,2.2379178197451766,4.605805690962006,0.7332520484924316,0.1502823829650879
500,22.0,8,2,1,1,1,6,2.76871124892965,2.3728235001735176,5.062749975001475,0.766453742980957,0.13167786598205566
500,22.0,8,2,1,1,1,7,2.825456225831184,2.535950523192334,5.274024218165152,0.6899557113647461,0.18445611000061035
500,22.0,8,2,1,1,1,8,2.828250791852735,2.15393583734751,3.4807306688512867,0.7333753108978271,0.136399507522583
500,22.0,8,2,1,1,1,9,2.8186356246508697,1.8876596633928295,4.100699887235587,0.8089311122894287,0.18726038932800293
500,22.0,8,2,1,1,1,10,2.822727705862468,2.040336575136832,4.361940145461807,0.748995304107666,0.14761590957641602
500,22.0,8,2,1,1,1,11,2.78033128393748,2.0269782122975717,4.149153796132759,0.7788746356964111,0.13988447189331055
500,22.0,8,2,1,1,1,12,2.787374837557614,1.8109642461496334,3.630844971838572,0.7014851570129395,0.18391776084899902
500,22.0,8,2,1,1,1,13,2.825714621363008,2.3802724533227737,5.167895982720178,0.78298020362854,0.15958809852600098
500,22.0,8,2,1,1,1,14,2.8278675999536764,1.9596875898296153,4.4785991382984225,1.187061071395874,0.19266748428344727
500,22.0,8,2,1,1,1,15,2.8269151315716528,2.1538965770865235,3.9486564477833097,0.7530257701873779,0.155670166015625
500,22.0,8,2,1,1,1,16,2.826808961174244,2.2908518159831126,4.404729493165215,0.7149713039398193,0.17644906044006348
500,22.0,8,2,1,1,1,17,2.8283447030206803,1.7646381710424768,4.403452601167169,0.9062297344207764,0.19712090492248535
500,22.0,8,2,1,1,1,18,2.8242437776284914,1.6494979652152713,4.240962770391085,0.7937278747558594,0.13988304138183594
500,22.0,8,2,1,1,1,19,2.828196778902135,2.1317610204126742,4.374069739411208,0.7169885635375977,0.15029644966125488
500,22.0,8,2,1,1,1,20,2.828268461305961,1.729997940965359,4.556338180480845,0.6982009410858154,0.18070363998413086
500,22.0,8,2,1,1,1,21,2.721683064737568,2.6728052013912023,3.7385847235166656,0.8961811065673828,0.18757915496826172
500,22.0,8,2,1,1,1,22,2.827099878925858,2.241421050176668,4.104066389420753,0.796083927154541,0.14295148849487305
500,22.0,8,2,1,1,1,23,2.826712836191746,1.6239067508428877,3.8595029304189983,0.7458181381225586,0.14296770095825195
500,22.0,8,2,1,1,1,24,2.806199390350553,2.411788549375047,4.425719802115398,0.7002346515655518,0.1543726921081543
500,22.5,8,2,1,1,1,0,2.828194626416229,2.354268482663083,4.8945104955124155,0.7649683952331543,0.166884183883667
500,22.5,8,2,1,1,1,1,2.808888931300405,1.697634108760037,3.9106403353853025,0.7994823455810547,0.13530588150024414
500,22.5,8,2,1,1,1,2,2.8284151024653053,2.0457769934334786,3.919395973141053,0.6764609813690186,0.17372727394104004
500,22.5,8,2,1,1,1,3,2.8089079855040806,1.8259971750045043,3.8527805897043432,0.8702719211578369,0.20819950103759766
500,22.5,8,2,1,1,1,4,2.8204546121351886,1.869974638614044,4.323378603562595,0.918893575668335,0.1996614933013916
500,22.5,8,2,1,1,1,5,2.825544724362719,2.170980391699701,4.279622315396843,0.7584717273712158,0.1596224308013916
500,22.5,8,2,1,1,1,6,2.8134630554068245,2.32850560193518,4.268851799983317,0.7071340084075928,0.17484593391418457
500,22.5,8,2,1,1,1,7,2.8015534053230158,1.6607136021819855,3.7620803848767084,0.7038469314575195,0.15207934379577637
500,22.5,8,2,1,1,1,8,2.824985443795206,2.2346675609962268,4.277852903772257,0.8835904598236084,0.17443490028381348
500,22.5,8,2,1,1,1,9,2.7767678101095075,1.983061498749948,3.6511559745408952,0.7206201553344727,0.14715838432312012
500,22.5,8,2,1,1,1,10,2.8275400214564748,2.2807389679891896,4.295555252876558,0.7651822566986084,0.12813115119934082
500,22.5,8,2,1,1,1,11,2.7831469765075596,1.83922221928952,4.317402411496036,0.7346208095550537,0.17638754844665527
500,22.5,8,2,1,1,1,12,2.8206643070824606,2.2799197646235996,4.515339747197942,0.8780498504638672,0.21388769149780273
500,22.5,8,2,1,1,1,13,2.8275457679863205,2.152942749134549,4.68830067534471,0.7825455665588379,0.1295154094696045
500,22.5,8,2,1,1,1,14,2.8281851992100284,2.362635737812301,4.342779660987626,0.745783805847168,0.17536163330078125
500,22.5,8,2,1,1,1,15,2.7983305346084055,2.1208770325402435,4.6004381197907875,0.8411962985992432,0.13512587547302246
500,22.5,8,2,1,1,1,16,2.8275874744346474,2.142110425682597,4.207357987931649,0.8363866806030273,0.21277809143066406
500,22.5,8,2,1,1,1,17,2.826651956788119,2.0642016341674045,4.30243395900234,0.748704195022583,0.13070464134216309
500,22.5,8,2,1,1,1,18,2.822406124408557,2.2943684846591683,4.427188397185535,0.8546321392059326,0.20412850379943848
500,22.5,8,2,1,1,1,19,2.8015213540473596,1.8748817628088643,4.453337118113877,0.727668046951294,0.14788532257080078
500,22.5,8,2,1,1,1,20,2.825814597905344,2.195338707018098,4.798572679037987,0.8337686061859131,0.18201851844787598
500,22.5,8,2,1,1,1,21,2.824916489386527,2.449042858263928,3.5412239760724855,0.8160033226013184,0.12744569778442383
500,22.5,8,2,1,1,1,22,2.8267874197925225,1.9658891662095042,4.39164560424103,0.8020567893981934,0.15162348747253418
500,22.5,8,2,1,1,1,23,2.8238996551968474,2.617783408164056,5.076867341452402,0.6845002174377441,0.14350318908691406
500,22.5,8,2,1,1,1,24,2.828322219115044,2.3295555788856412,4.419329763331613,0.8455245494842529,0.10790181159973145
500,23.0,8,2,1,1,1,0,2.826342363783739,2.0793467597834896,4.673235752217986,0.8226399421691895,0.12454843521118164
500,23.0,8,2,1,1,1,1,2.8284258573583974,1.876927539233419,4.041648589301641,0.7622528076171875,0.1949021816253662
500,23.0,8,2,1,1,1,2,2.827825875908416,2.3337177404156546,4.911040454079295,0.6762573719024658,0.12299489974975586
500,23.0,8,2,1,1,1,3,2.8239547571484316,2.64272774050876,4.6558752778231,0.7094049453735352,0.13231110572814941
500,23.0,8,2,1,1,1,4,2.828145908751533,2.4169208307256715,5.237413565006872,0.8556094169616699,0.13328051567077637
500,23.0,8,2,1,1,1,5,2.8271074120515567,1.7386706980833988,4.216711262230074,0.7570977210998535,0.16236376762390137
500,23.0,8,2,1,1,1,6,2.811307254450415,1.8718353517757667,3.628055220965236,0.9454705715179443,0.14867377281188965
500,23.0,8,2,1,1,1,7,2.8237257254784756,2.471662751650079,4.703610448109721,1.0383129119873047,0.22998261451721191
500,23.0,8,2,1,1,1,8,2.826919439330916,3.4540637692801277,4.816749535400487,0.7003061771392822,0.14232659339904785
500,23.0,8,2,1,1,1,9,2.8283780284517075,2.205193564226222,4.810302048867819,0.6724367141723633,0.1292731761932373
500,23.0,8,2,1,1,1,10,2.8185391436574685,1.9584494431133213,4.014254118895208,1.1574089527130127,0.31748509407043457
500,23.0,8,2,1,1,1,11,2.828332864958465,2.241490738210883,4.247267958393845,1.9644320011138916,0.298492431640625
500,23.0,8,2,1,1,1,12,2.8277503426217883,2.4408581616741025,4.100558719667871,1.9803524017333984,0.4396233558654785
500,23.0,8,2,1,1,1,13,2.811772041336242,1.9516472671075928,3.826708839765702,2.0428693294525146,0.4082050323486328
500,23.0,8,2,1,1,1,14,2.8274094219988206,2.9654470608960604,5.313847533731603,2.178542137145996,0.2839844226837158
500,23.0,8,2,1,1,1,15,2.8273436798473996,2.1667965281781667,4.064217665995664,1.8793892860412598,0.45329928398132324
500,23.0,8,2,1,1,1,16,2.8284140891797054,2.417306152950808,4.869576921856579,2.068800449371338,0.40816521644592285
500,23.0,8,2,1,1,1,17,2.8283114970279413,2.541679101598864,4.627374837074054,1.8249518871307373,0.4032111167907715
500,23.0,8,2,1,1,1,18,2.770821826457194,2.0968784377578005,4.7567498998574305,1.874769687652588,0.3920905590057373
500,23.0,8,2,1,1,1,19,2.8256528365848292,1.8402436381950706,4.088313958861143,1.8422226905822754,0.4449503421783447
500,23.0,8,2,1,1,1,20,2.826775434450773,1.6711017344350307,4.2087553568707925,1.8248441219329834,0.41019701957702637
500,23.0,8,2,1,1,1,21,2.8177864653334117,2.5601892156497112,4.563800782312176,1.8243446350097656,0.4605214595794678
500,23.0,8,2,1,1,1,22,2.8045132365545946,1.8565758632485765,3.988034578624718,1.8908050060272217,0.47419095039367676
500,23.0,8,2,1,1,1,23,2.761919914168299,2.112201127301131,4.388000835286171,2.2295124530792236,0.4858362674713135
500,23.0,8,2,1,1,1,24,2.8167882974848766,2.027030783191783,4.648939178407316,2.058603525161743,0.291820764541626
500,23.5,8,2,1,1,1,0,2.8231396891818403,2.0898504086775014,4.37911930037216,1.9355621337890625,0.4319939613342285
500,23.5,8,2,1,1,1,1,2.7883693069047566,2.0315758590962285,3.619912126690865,1.7081992626190186,0.3741321563720703
500,23.5,8,2,1,1,1,2,2.8276694980455135,2.4938967408560084,4.040952790701906,1.8756215572357178,0.42537832260131836
500,23.5,8,2,1,1,1,3,2.8283571300966006,2.990697561135215,5.819026819051279,2.142632007598877,0.31455063819885254
500,23.5,8,2,1,1,1,4,2.8283882739230424,2.255693808749402,5.066153214501228,1.8274941444396973,0.4910252094268799
500,23.5,8,2,1,1,1,5,2.8279122902684963,2.183667888295259,4.3358784145863964,1.8794500827789307,0.5337123870849609
500,23.5,8,2,1,1,1,6,2.8284245081885295,2.0936897924008435,4.816817637949419,1.8198542594909668,0.3873758316040039
500,23.5,8,2,1,1,1,7,2.8278757404605295,2.1159202574650418,4.052366086357211,1.853391170501709,0.5259115695953369
500,23.5,8,2,1,1,1,8,2.817968793321502,1.9040190829147416,3.899699349853776,1.718717098236084,0.362957239151001
500,23.5,8,2,1,1,1,9,2.8278238121656116,2.4789803386254765,5.287112680543807,1.8560986518859863,0.39389562606811523
500,23.5,8,2,1,1,1,10,2.8278896282343506,2.207178956551279,4.255318790049126,1.8608744144439697,0.47326016426086426
500,23.5,8,2,1,1,1,11,2.8125145824791904,2.1982165542094863,4.17678631940756,1.9560894966125488,0.42442846298217773
500,23.5,8,2,1,1,1,12,2.8284217885784373,2.4047948635994465,4.689509750960534,1.560009241104126,0.39322543144226074
500,23.5,8,2,1,1,1,13,2.826947236476324,2.160461888006165,4.7060071572155415,1.9942302703857422,0.4642000198364258
500,23.5,8,2,1,1,1,14,2.8284190155344593,2.0779403066321804,4.424170788816447,1.8725013732910156,0.39667725563049316
500,23.5,8,2,1,1,1,15,2.827497417398554,1.884401124487081,4.711898541885635,1.9311871528625488,0.48004722595214844
500,23.5,8,2,1,1,1,16,2.8282861520425353,2.354259456931586,4.270161088422715,1.9059529304504395,0.4555785655975342
500,23.5,8,2,1,1,1,17,2.8284251178761797,3.2660970915287852,4.736140207040676,1.2075729370117188,0.2602992057800293
500,23.5,8,2,1,1,1,18,2.799716606644198,2.28597485503922,4.3100645015649555,1.7051541805267334,0.3579866886138916
500,23.5,8,2,1,1,1,19,2.8210621911073637,2.2370293544861592,4.770111111381697,1.8610200881958008,0.349193811416626
500,23.5,8,2,1,1,1,20,2.8265199068705074,2.3137064535625584,4.64565670823367,2.029003858566284,0.46596622467041016
500,23.5,8,2,1,1,1,21,2.8280678059148205,2.026948145272289,3.741693980294159,1.798220157623291,0.36914968490600586
500,23.5,8,2,1,1,1,22,2.828401711127667,2.3506767537681594,4.50081095860724,1.877997636795044,0.4387052059173584
500,23.5,8,2,1,1,1,23,2.8242467094038015,2.961935346286017,5.588379336248668,1.8560538291931152,0.34865355491638184
500,23.5,8,2,1,1,1,24,2.82749263576619,2.1089251850527573,4.403666579969197,2.1552252769470215,0.3233678340911865
500,24.0,8,2,1,1,1,0,2.8284231989782525,2.5802763063563945,4.468495671086419,1.9161655902862549,0.4203531742095947
500,24.0,8,2,1,1,1,1,2.8283320241352277,2.9073948187515803,5.690598340321305,1.4790127277374268,0.2956547737121582
500,24.0,8,2,1,1,1,2,2.815630334848303,2.482055343089343,4.55401065404328,1.310027837753296,0.2589428424835205
500,24.0,8,2,1,1,1,3,2.825656840981196,2.2858283092841076,5.098156366983208,1.9622836112976074,0.3897671699523926
500,24.0,8,2,1,1,1,4,2.8281815211997015,1.9578200371780483,4.600639761924908,1.5860042572021484,0.2773096561431885
500,24.0,8,2,1,1,1,5,2.824942444377993,2.2147364002941603,4.9062092695009465,1.968747615814209,0.32663440704345703
500,24.0,8,2,1,1,1,6,2.828405698421368,3.091922868092721,4.616181356821009,1.913834810256958,0.3329036235809326
500,24.0,8,2,1,1,1,7,2.8269908220923883,3.345158615423601,4.933059697832938,1.8962087631225586,0.26648855209350586
500,24.0,8,2,1,1,1,8,2.8227176459968493,2.5591002392283095,4.399398570369914,2.06968092918396,0.3954145908355713
500,24.0,8,2,1,1,1,9,2.828265837751131,2.082815773850677,4.893699823121818,2.0035085678100586,0.4937422275543213
500,24.0,8,2,1,1,1,10,2.8243829786029484,2.926101801869659,4.304508048169551,2.026306390762329,0.5841813087463379
500,24.0,8,2,1,1,1,11,2.8277317454968838,2.6131412873438524,4.313439967015604,2.0364651679992676,0.3511648178100586
500,24.0,8,2,1,1,1,12,2.8282651346296404,2.559186604354343,4.8938731893056815,1.966881513595581,0.46791815757751465
500,24.0,8,2,1,1,1,13,2.827935805967508,2.4530716274108597,3.810676577444349,1.8440792560577393,0.3242979049682617
500,24.0,8,2,1,1,1,14,2.8278369881629053,2.124564998062431,4.46461461108626,1.8402578830718994,0.4440302848815918
500,24.0,8,2,1,1,1,15,2.8281797823608383,1.7698420236278138,4.597476004948725,1.8271925449371338,0.4005870819091797
500,24.0,8,2,1,1,1,16,2.828421998267924,2.1884960152886443,4.673814444420699,1.8050689697265625,0.2978677749633789
500,24.0,8,2,1,1,1,17,2.8213788981156753,2.3848745571594843,4.555230017503914,1.9469237327575684,0.43807363510131836
500,24.0,8,2,1,1,1,18,2.8250387012991407,2.139561137292184,4.364217656824674,1.9601891040802002,0.4219930171966553
500,24.0,8,2,1,1,1,19,2.8252224133607005,1.5973099261251604,4.419186116042039,1.8476502895355225,0.39362025260925293
500,24.0,8,2,1,1,1,20,2.828241227495251,2.334225409384443,4.207241110044844,2.0714111328125,0.30212998390197754
500,24.0,8,2,1,1,1,21,2.7994763681725274,2.4947829292596384,5.2690616548389055,1.992659091949463,0.44137001037597656
500,24.0,8,2,1,1,1,22,2.8280499495105973,2.6693134959377267,5.308575092078492,1.9936919212341309,0.36880040168762207
500,24.0,8,2,1,1,1,23,2.8284270994276843,13.40343675419889,16.19015591876738,1.9124784469604492,0.34337663650512695
500,24.0,8,2,1,1,1,24,2.828426969330555,2.068818797060008,4.403682045690857,2.0018460750579834,0.31228113174438477
500,24.5,8,2,1,1,1,0,2.8272705156593267,2.202499102836241,4.962797056282159,1.8227849006652832,0.4426419734954834
500,24.5,8,2,1,1,1,1,2.82839651362153,2.225640028231348,4.437667120170383,2.011522054672241,0.4494795799255371
500,24.5,8,2,1,1,1,2,2.828401538948081,1.793400086654778,4.242332464278377,1.9590210914611816,0.44326090812683105
500,24.5,8,2,1,1,1,3,2.828410836172681,2.578677920953815,5.265708767194035,1.960428237915039,0.33805203437805176
500,24.5,8,2,1,1,1,4,2.784447167471934,1.9160115273580411,4.476261557772588,1.8637821674346924,0.4129977226257324
500,24.5,8,2,1,1,1,5,2.828420585485738,2.1725083975357258,4.548123878058427,2.1432039737701416,0.3375535011291504
500,24.5,8,2,1,1,1,6,2.8281712707033453,2.194258094415685,4.872330492517641,2.0965497493743896,0.3770866394042969
500,24.5,8,2,1,1,1,7,2.8284241997147457,1.9508622655684122,4.288012225387065,1.841080904006958,0.4057810306549072
500,24.5,8,2,1,1,1,8,2.80878230054973,2.43122144420038,4.262893133612573,1.946242332458496,0.3846454620361328
500,24.5,8,2,1,1,1,9,2.8284256817302573,11.665972355784081,12.257765108594041,2.14337158203125,0.26114392280578613
500,24.5,8,2,1,1,1,10,2.8284214228801874,2.867016766267183,5.197444155846375,1.865035057067871,0.34195590019226074
500,24.5,8,2,1,1,1,11,2.821268556739189,1.7826666296322726,4.222170549622139,2.105121374130249,0.4215102195739746
500,24.5,8,2,1,1,1,12,2.827687333199105,2.641503629480064,5.349465362939522,2.1234490871429443,0.3546314239501953
500,24.5,8,2,1,1,1,13,2.8282127443868084,2.2943174788071867,4.564543500413649,1.7754504680633545,0.4583773612976074
500,24.5,8,2,1,1,1,14,2.8270201924928906,2.2318004865675767,4.148637703358618,1.798616886138916,0.373291015625
500,24.5,8,2,1,1,1,15,2.828419804965061,2.65602976878343,4.747410177639571,2.0890915393829346,0.5002706050872803
500,24.5,8,2,1,1,1,16,2.8271144477393024,2.124676808506117,4.326939509220368,2.045680284500122,0.4323000907897949
500,24.5,8,2,1,1,1,17,2.8162356511704774,3.269175243479669,6.056345436361337,1.4696130752563477,0.2974579334259033
500,24.5,8,2,1,1,1,18,2.82466789835984,1.8323464528195859,4.210092381003282,1.2987525463104248,0.2454359531402588
500,24.5,8,2,1,1,1,19,2.823758585704641,1.9599457258769024,4.278156572443637,1.8570821285247803,0.46493005752563477
500,24.5,8,2,1,1,1,20,2.8277471046499536,3.4364568663448933,4.473795694438744,1.9424068927764893,0.4220085144042969
500,24.5,8,2,1,1,1,21,2.828422517096212,2.2053414340043047,5.012910097047478,2.010572910308838,0.5089125633239746
500,24.5,8,2,1,1,1,22,2.816053766736163,2.0869529472482133,4.862757319125002,1.9164597988128662,0.25933194160461426
500,24.5,8,2,1,1,1,23,2.8184295927463014,2.6852383887929343,5.4387898407434925,1.943561315536499,0.4752767086029053
500,24.5,8,2,1,1,1,24,2.828261868966465,2.29544371537478,4.538856100609096,1.7873094081878662,0.3898019790649414
500,25.0,8,2,1,1,1,0,2.8277356602066632,2.182958273832678,4.497331494857967,1.3977317810058594,0.3268470764160156
500,25.0,8,2,1,1,1,1,2.8279285469345594,2.2465342403438,4.514052862163194,1.3273091316223145,0.2755551338195801
500,25.0,8,2,1,1,1,2,2.8240934809244953,3.36480988176586,4.988159737433289,1.2267837524414062,0.250962495803833
500,25.0,8,2,1,1,1,3,2.825744802763278,2.3239784892444737,4.949663655255837,1.1846494674682617,0.237746000289917
500,25.0,8,2,1,1,1,4,2.825701398326895,2.415229327613969,4.50901734666694,1.326960802078247,0.25473713874816895
500,25.0,8,2,1,1,1,5,2.8284237832173944,2.6237297260681838,5.2640175441831705,1.2068955898284912,0.31334710121154785
500,25.0,8,2,1,1,1,6,2.828036154185858,2.730019766017447,4.957792143561128,1.9445056915283203,0.40761876106262207
500,25.0,8,2,1,1,1,7,2.8282211175995005,2.1458450741008055,4.576791823041457,1.746649980545044,0.437258243560791
500,25.0,8,2,1,1,1,8,2.823021976116609,2.169410678045428,4.346637126691623,1.943164348602295,0.3252220153808594
500,25.0,8,2,1,1,1,9,2.824942003861055,2.804799108594157,5.424853307636798,1.8657572269439697,0.42450451850891113
500,25.0,8,2,1,1,1,10,2.8085005909235803,2.049920758810077,3.6958483025009,1.8430111408233643,0.41037678718566895
500,25.0,8,2,1,1,1,11,2.7979641751860544,2.489665239695229,4.518781832223553,1.645390272140503,0.48104429244995117
500,25.0,8,2,1,1,1,12,2.82811784124291,2.36886437471659,4.761257310132082,1.8769948482513428,0.4450862407684326
500,25.0,8,2,1,1,1,13,2.8264285475754503,2.258444091487996,5.042689827153695,1.8232762813568115,0.3607053756713867
500,25.0,8,2,1,1,1,14,2.8266064459435642,2.9170254977322885,4.225032047091181,2.0047414302825928,0.3390038013458252
500,25.0,8,2,1,1,1,15,2.8282137828047205,3.3440844947300326,4.671774150868512,1.9200913906097412,0.5257394313812256
500,25.0,8,2,1,1,1,16,2.828264084669149,2.828851117209878,5.23784134843582,1.8421506881713867,0.36048221588134766
500,25.0,8,2,1,1,1,17,2.8206793399451398,2.2808111427981776,4.96286328248324,1.8120901584625244,0.3843066692352295
500,25.0,8,2,1,1,1,18,2.8276807514469433,3.691025343755101,5.698520391728248,1.8313007354736328,0.35916805267333984
500,25.0,8,2,1,1,1,19,2.827917689556232,2.6835495527286284,5.419043489053539,1.894080400466919,0.3552396297454834
500,25.0,8,2,1,1,1,20,2.8261844055897307,2.156534756011448,4.866267247521357,2.022507905960083,0.47474241256713867
500,25.0,8,2,1,1,1,21,2.8282876375645603,2.8035733077007734,4.9121056877411355,1.9158613681793213,0.49561333656311035
500,25.0,8,2,1,1,1,22,2.824022243851337,2.1284306697375497,4.927445464971413,1.8615918159484863,0.4012579917907715
500,25.0,8,2,1,1,1,23,2.8277730625816946,2.7739922793909066,4.86301701071749,1.8576059341430664,0.37700700759887695
500,25.0,8,2,1,1,1,24,2.828196666879198,1.9729879806111,4.779885988486658,2.11993670463562,0.29477810859680176
500,25.5,8,2,1,1,1,0,2.8224481219761612,2.2259060316824453,4.728564270454934,1.7860872745513916,0.4350917339324951
500,25.5,8,2,1,1,1,1,2.8166488986259486,2.6994271570452044,4.094840413458796,1.9295437335968018,0.42105984687805176
500,25.5,8,2,1,1,1,2,2.8244134400456176,3.267686328370628,5.949810587847701,1.9062278270721436,0.39989757537841797
500,25.5,8,2,1,1,1,3,2.8284212757035405,3.0138017020543533,4.88676439372289,1.9002304077148438,0.478168249130249
500,25.5,8,2,1,1,1,4,2.8284267219619434,2.604856586650719,4.320123058383105,1.8517026901245117,0.3675708770751953
500,25.5,8,2,1,1,1,5,2.821568188871715,2.169536188339609,4.4542592317686704,2.0954551696777344,0.2610054016113281
500,25.5,8,2,1,1,1,6,2.824511515544019,2.554061655480391,4.892661150516632,1.9186322689056396,0.45728278160095215
500,25.5,8,2,1,1,1,7,2.826775319311236,2.7842142833212193,4.478636807854706,1.929067611694336,0.32167696952819824
500,25.5,8,2,1,1,1,8,2.827798908922337,2.5762531810141938,5.3401990900802705,1.836432933807373,0.3817000389099121
500,25.5,8,2,1,1,1,9,2.821772806761835,2.5589262593299473,5.15070245052509,1.9240798950195312,0.49639391899108887
500,25.5,8,2,1,1,1,10,2.826496790403858,2.5094060104140294,4.397486480955899,1.738882303237915,0.4508857727050781
500,25.5,8,2,1,1,1,11,2.8233480958185804,2.7536318508100437,4.268570022623423,2.0388684272766113,0.33210158348083496
500,25.5,8,2,1,1,1,12,2.8284210168066126,2.5802962423098705,4.790334644536461,1.9584438800811768,0.2690894603729248
500,25.5,8,2,1,1,1,13,2.8275327456759016,3.0105161163732124,5.319946337700914,1.8999242782592773,0.4045290946960449
500,25.5,8,2,1,1,1,14,2.828206039954591,2.152896669843347,4.623744283239591,1.9683737754821777,0.44553565979003906
500,25.5,8,2,1,1,1,15,2.828341675035821,3.1664995651641568,5.89537221217793,1.9094741344451904,0.4622769355773926
500,25.5,8,2,1,1,1,16,2.8283955281379205,2.539444615130501,4.129192795885586,2.087566614151001,0.33640193939208984
500,25.5,8,2,1,1,1,17,2.8282449721912126,3.088961118972222,4.265700062630645,2.001814126968384,0.505889892578125
500,25.5,8,2,1,1,1,18,2.8281680165958294,2.4295363213184786,5.245690520144505,2.097421884536743,0.48637866973876953
500,25.5,8,2,1,1,1,19,2.8281742957220977,2.331998995058754,4.368092897982546,1.922548532485962,0.38626646995544434
500,25.5,8,2,1,1,1,20,2.828405182684776,2.734463853008119,5.48988010659011,1.8076434135437012,0.44694089889526367
500,25.5,8,2,1,1,1,21,2.8281160548870132,2.317745774317844,4.442279740370427,1.840963363647461,0.4252474308013916
500,25.5,8,2,1,1,1,22,2.8211134724968043,2.3736789394265307,4.574669138191749,1.898120641708374,0.32738232612609863
500,25.5,8,2,1,1,1,23,2.817351889841759,2.845010819899181,4.356665181173988,1.8867652416229248,0.32630372047424316
500,25.5,8,2,1,1,1,24,2.8263883090955266,3.8144209791228407,5.72392618671117,2.073373794555664,0.3549988269805908
