n,s1,1_p_s2,s2,beta,q,sqrt_q,rep_no,eigen_mat_rerr,eigen_mat_terr,eigen_mat_gerr,eigen_mat_ev_time,eigen_mat_cal_translation_time
500,0.0,3,1,1,1,1,0,0.06492604826037705,0.11771285822118002,0.14726694960028308,0.4985508918762207,0.12726640701293945
500,0.0,3,1,1,1,1,1,0.06754567250648633,0.13295650936824074,0.16623875325031995,0.8059096336364746,0.1706554889678955
500,0.0,3,1,1,1,1,2,0.06279750020917339,0.13169211244563195,0.16242404022776363,0.7728621959686279,0.15303754806518555
500,0.0,3,1,1,1,1,3,0.05703578454470066,0.12730161411932286,0.1728341181211252,0.6015384197235107,0.12253189086914062
500,0.0,3,1,1,1,1,4,0.061530070622083356,0.13925018513199433,0.18202689866052552,0.6117360591888428,0.1448965072631836
500,0.0,3,1,1,1,1,5,0.0693393066224794,0.12415639808163557,0.15610188438045305,0.5888192653656006,0.13452744483947754
500,0.0,3,1,1,1,1,6,0.059215252910258816,0.1163958313971712,0.15733990552005925,0.6386470794677734,0.10253024101257324
500,0.0,3,1,1,1,1,7,0.06493604745022555,0.11647532375707068,0.147362808127206,0.6575100421905518,0.13453435897827148
500,0.0,3,1,1,1,1,8,0.07383226420601488,0.14030544536868883,0.1668835655829487,0.6297256946563721,0.11852097511291504
500,0.0,3,1,1,1,1,9,0.06820915338888515,0.12947534109177622,0.17229521849020074,0.6047027111053467,0.12150764465332031
500,0.0,3,1,1,1,1,10,0.056980015972306966,0.12095599904800979,0.1496764432076215,0.6353001594543457,0.15508127212524414
500,0.0,3,1,1,1,1,11,0.07205565426987282,0.13515911902667585,0.1788035207708969,0.6055161952972412,0.11850357055664062
500,0.0,3,1,1,1,1,12,0.060679983245012184,0.12317989997574559,0.16030115994500754,0.6016952991485596,0.12152791023254395
500,0.0,3,1,1,1,1,13,0.05482605282306583,0.11229026340394585,0.15669717147694462,0.604931116104126,0.1120462417602539
500,0.0,3,1,1,1,1,14,0.05557615045646496,0.14832846064298866,0.198089994013882,0.618811845779419,0.11791825294494629
500,0.0,3,1,1,1,1,15,0.0724806921053086,0.15136114709261433,0.17172332612202856,0.6967248916625977,0.15517377853393555
500,0.0,3,1,1,1,1,16,0.061384510857399974,0.1617404856682562,0.195287491928195,0.612055778503418,0.12085580825805664
500,0.0,3,1,1,1,1,17,0.052631551324762806,0.1375501168214182,0.16676489945004877,0.5839042663574219,0.12309598922729492
500,0.0,3,1,1,1,1,18,0.06177228544020606,0.13259824914602586,0.16338390392152868,0.5877604484558105,0.12452125549316406
500,0.0,3,1,1,1,1,19,0.0593173228133416,0.15972834609935627,0.21509546910678828,0.6319773197174072,0.11451101303100586
500,0.0,3,1,1,1,1,20,0.060210690156387685,0.13699170090753465,0.17489974288668883,0.7783610820770264,0.1534261703491211
500,0.0,3,1,1,1,1,21,0.05479392306511725,0.11994307734183116,0.15882971657681394,0.6434228420257568,0.12657833099365234
500,0.0,3,1,1,1,1,22,0.053303525033921696,0.1323461873229222,0.16250424258214488,0.6570711135864258,0.12949800491333008
500,0.0,3,1,1,1,1,23,0.05225960380692677,0.12000506959316182,0.1521896714432847,0.5851194858551025,0.11949849128723145
500,0.0,3,1,1,1,1,24,0.06391752752183613,0.14372231802861055,0.18145891501046585,0.5846517086029053,0.1250472068786621
500,0.5,3,1,1,1,1,0,0.0887692026847552,0.13359982788250863,0.17632766675123834,0.8140592575073242,0.15074682235717773
500,0.5,3,1,1,1,1,1,0.07787526731479354,0.12609428705303286,0.1722014013669702,0.6025655269622803,0.12550926208496094
500,0.5,3,1,1,1,1,2,0.07582349350036295,0.12567710326496195,0.19514632289756886,0.6331827640533447,0.11851644515991211
500,0.5,3,1,1,1,1,3,0.06946358267540688,0.1319326778939834,0.18566750549456898,0.6103701591491699,0.1240849494934082
500,0.5,3,1,1,1,1,4,0.07892807688248833,0.12802834059216486,0.1878733249415928,0.5846312046051025,0.11732864379882812
500,0.5,3,1,1,1,1,5,0.07465933089173236,0.13672301448366855,0.1949550199527859,0.7824933528900146,0.16062617301940918
500,0.5,3,1,1,1,1,6,0.07793049659453846,0.13452932801133122,0.19660630667065723,0.5821130275726318,0.1314380168914795
500,0.5,3,1,1,1,1,7,0.06987626395151852,0.1425927646205679,0.18867506674602194,0.6133172512054443,0.13649821281433105
500,0.5,3,1,1,1,1,8,0.08705693572874358,0.11740462048596112,0.1756850381754545,0.6159298419952393,0.12004232406616211
500,0.5,3,1,1,1,1,9,0.07509628748038426,0.13436917086942185,0.187449906433597,0.6054904460906982,0.11414122581481934
500,0.5,3,1,1,1,1,10,0.07986429491724811,0.13000277519730352,0.1863902201180287,0.7432854175567627,0.12052655220031738
500,0.5,3,1,1,1,1,11,0.07711410961447696,0.14412514197971743,0.1873909255752903,0.5872886180877686,0.11363434791564941
500,0.5,3,1,1,1,1,12,0.08730721185942555,0.11853519908825298,0.1685904815624654,0.5900311470031738,0.12252473831176758
500,0.5,3,1,1,1,1,13,0.07931003524435117,0.1458920483828444,0.2039391583630678,0.6218650341033936,0.1136012077331543
500,0.5,3,1,1,1,1,14,0.08402199157119435,0.11039142527644476,0.18069680526994564,0.6734230518341064,0.15656638145446777
500,0.5,3,1,1,1,1,15,0.07635526337397501,0.13001508337609183,0.18401493376453937,0.618253231048584,0.113525390625
500,0.5,3,1,1,1,1,16,0.07126997464422086,0.13628282436768246,0.1706950905504116,0.5975611209869385,0.1440746784210205
500,0.5,3,1,1,1,1,17,0.08307596318444214,0.1352417992883633,0.17856273916896567,0.6098692417144775,0.12450647354125977
500,0.5,3,1,1,1,1,18,0.07906344577426036,0.1445601502387897,0.19511223600009917,0.6076674461364746,0.1357283592224121
500,0.5,3,1,1,1,1,19,0.09065137546179827,0.14094046832298512,0.18742978951618117,0.7397787570953369,0.16250300407409668
500,0.5,3,1,1,1,1,20,0.08324676311426206,0.13399072967388911,0.20362571714146604,0.6095154285430908,0.12251901626586914
500,0.5,3,1,1,1,1,21,0.08244153377201412,0.13281061610067885,0.17080409308194294,0.5927925109863281,0.1265406608581543
500,0.5,3,1,1,1,1,22,0.09481974553176702,0.13033632505314485,0.18659383822813358,0.6192882061004639,0.12009048461914062
500,0.5,3,1,1,1,1,23,0.09379266795326091,0.13381353911903862,0.1850283333608749,0.6281783580780029,0.12051868438720703
500,0.5,3,1,1,1,1,24,0.07236774911808586,0.13410029758215794,0.17132246583831653,0.7466297149658203,0.17309331893920898
500,1.0,3,1,1,1,1,0,0.12199035493114954,0.16604984586629326,0.27563710972524336,0.6168901920318604,0.11278247833251953
500,1.0,3,1,1,1,1,1,0.12632649568501142,0.12886724447732362,0.21489408732021884,0.5939583778381348,0.11751484870910645
500,1.0,3,1,1,1,1,2,0.12390979714047028,0.17544377580517667,0.2671933215204141,0.5734293460845947,0.12008285522460938
500,1.0,3,1,1,1,1,3,0.14164421557757223,0.14773673848826632,0.2379883971576176,0.600170373916626,0.12850427627563477
500,1.0,3,1,1,1,1,4,0.12144001558578879,0.21373758769335713,0.2964911783610298,0.9596624374389648,0.1907668113708496
500,1.0,3,1,1,1,1,5,0.12636875086017768,0.14412315123567218,0.2064934894636984,0.610156774520874,0.11107301712036133
500,1.0,3,1,1,1,1,6,0.12944812484575713,0.15127125924778834,0.2289504643478989,0.6654024124145508,0.12981486320495605
500,1.0,3,1,1,1,1,7,0.12239999800334771,0.16529754542813435,0.2567216930438552,0.7245821952819824,0.12775874137878418
500,1.0,3,1,1,1,1,8,0.11832628512019651,0.15809104575560404,0.2115241107905036,0.5892059803009033,0.13654494285583496
500,1.0,3,1,1,1,1,9,0.1339319610562728,0.13551423026703277,0.223463323936473,0.684701681137085,0.11252808570861816
500,1.0,3,1,1,1,1,10,0.1274525793371808,0.155544678025682,0.24801491220488509,0.5951981544494629,0.12295794486999512
500,1.0,3,1,1,1,1,11,0.12644435173338994,0.13125622245430255,0.23897483626195193,0.6118390560150146,0.12360620498657227
500,1.0,3,1,1,1,1,12,0.1427947639823394,0.1400989743587791,0.22323494974202135,0.6078751087188721,0.1220250129699707
500,1.0,3,1,1,1,1,13,0.1214710550011313,0.12618995358293236,0.2464538375029499,0.6016790866851807,0.12353873252868652
500,1.0,3,1,1,1,1,14,0.1144076892208616,0.1290248936169613,0.21302062275277556,0.6085290908813477,0.11905622482299805
500,1.0,3,1,1,1,1,15,0.12447406345982612,0.15380023948839136,0.25405648401095643,0.6413891315460205,0.1253056526184082
500,1.0,3,1,1,1,1,16,0.13432538069703254,0.14506264082756073,0.25255467541655396,0.6098141670227051,0.11406183242797852
500,1.0,3,1,1,1,1,17,0.11553760375340005,0.1524045432554321,0.23633514155517327,0.6041369438171387,0.12209868431091309
500,1.0,3,1,1,1,1,18,0.12344644940064517,0.14832210620403716,0.24021750810178516,0.6828742027282715,0.16059231758117676
500,1.0,3,1,1,1,1,19,0.1284185437302623,0.1384677389895084,0.24183129324525615,0.6245231628417969,0.13009953498840332
500,1.0,3,1,1,1,1,20,0.13291971008735418,0.1296119551050219,0.23162140201126252,0.6337029933929443,0.11711668968200684
500,1.0,3,1,1,1,1,21,0.12072424495223263,0.15381740821332568,0.2327539402760146,0.5985217094421387,0.11197686195373535
500,1.0,3,1,1,1,1,22,0.135309339237768,0.14257730916236774,0.22206566853168308,0.5739040374755859,0.12324953079223633
500,1.0,3,1,1,1,1,23,0.12598941058762472,0.12851610285852763,0.22569342373828016,0.7991058826446533,0.1572890281677246
500,1.0,3,1,1,1,1,24,0.14129834665563923,0.17916116633529336,0.2986327242640858,0.8451871871948242,0.17809557914733887
500,1.5,3,1,1,1,1,0,0.19991535299776483,0.1486117930323373,0.2807749448826652,0.756678581237793,0.12642288208007812
500,1.5,3,1,1,1,1,1,0.20059205895562118,0.15663732488650114,0.26229919151278247,0.7256863117218018,0.13454771041870117
500,1.5,3,1,1,1,1,2,0.1575020245892836,0.16839245925132598,0.24728360033816554,0.8438282012939453,0.16908049583435059
500,1.5,3,1,1,1,1,3,0.16219967236578983,0.1578830747984147,0.30851990193470324,0.7202517986297607,0.1435401439666748
500,1.5,3,1,1,1,1,4,0.15373072045411587,0.18410541110388462,0.28011299903880893,0.7375311851501465,0.12451958656311035
500,1.5,3,1,1,1,1,5,0.1878753996812813,0.16077630608482305,0.2698783249347909,0.7188947200775146,0.12203145027160645
500,1.5,3,1,1,1,1,6,0.17785344449466414,0.15259161644385796,0.32167796922332625,0.7303774356842041,0.13913774490356445
500,1.5,3,1,1,1,1,7,0.1586712789178914,0.14130572652098322,0.28112021095069445,0.7328753471374512,0.151533842086792
500,1.5,3,1,1,1,1,8,0.15879767617165605,0.15074755620914007,0.2770651349174844,0.7693271636962891,0.12863492965698242
500,1.5,3,1,1,1,1,9,0.16233362394240272,0.14557249171123485,0.3010908465926106,0.7376120090484619,0.14161086082458496
500,1.5,3,1,1,1,1,10,0.19581477420759902,0.16680932097713955,0.3036410794036011,0.7234036922454834,0.14917445182800293
500,1.5,3,1,1,1,1,11,0.20931765114268633,0.20127296014164286,0.3316207191331977,0.848334789276123,0.16152524948120117
500,1.5,3,1,1,1,1,12,0.15553898659685889,0.17956509349014227,0.3093613899892372,0.7311437129974365,0.14852118492126465
500,1.5,3,1,1,1,1,13,0.16239365785328416,0.1643196796634526,0.29738596359925623,0.7860465049743652,0.16211771965026855
500,1.5,3,1,1,1,1,14,0.21360545651103421,0.16325301854004232,0.29489152703476684,0.7506380081176758,0.1555180549621582
500,1.5,3,1,1,1,1,15,0.1800622081075555,0.14605309567408822,0.2908588830331786,0.9754476547241211,0.17306256294250488
500,1.5,3,1,1,1,1,16,0.16318435998551076,0.15639661991278028,0.2984697553456034,0.7765073776245117,0.16102337837219238
500,1.5,3,1,1,1,1,17,0.1928430957267227,0.1594457204029012,0.2958858213711407,0.7637283802032471,0.14901971817016602
500,1.5,3,1,1,1,1,18,0.16793381514809438,0.1645794348658762,0.27925418489877574,0.7371566295623779,0.13321208953857422
500,1.5,3,1,1,1,1,19,0.17710246220110806,0.1549789488297201,0.33208141103082817,0.8305685520172119,0.17711448669433594
500,1.5,3,1,1,1,1,20,0.17893601164815304,0.15319574178798348,0.27123104013715615,0.7527375221252441,0.13292264938354492
500,1.5,3,1,1,1,1,21,0.18484416666853323,0.17384746241036822,0.2738231567011807,0.6873829364776611,0.1428978443145752
500,1.5,3,1,1,1,1,22,0.17800371184221808,0.16657478790839023,0.3159156861784085,0.7733414173126221,0.13378643989562988
500,1.5,3,1,1,1,1,23,0.1858180024222012,0.15672832301184791,0.27974983890950017,0.7232451438903809,0.11241507530212402
500,1.5,3,1,1,1,1,24,0.1885344816956119,0.15587009158388715,0.2687720897066859,0.7456488609313965,0.14898180961608887
500,2.0,3,1,1,1,1,0,0.25122139151735345,0.16826537310615183,0.35965166549603217,0.7132608890533447,0.14495301246643066
500,2.0,3,1,1,1,1,1,0.20851402400271357,0.17047014854887937,0.3381712348719481,0.7424414157867432,0.13712286949157715
500,2.0,3,1,1,1,1,2,0.23141798330065042,0.2289153798861704,0.4593926766459655,0.726616382598877,0.12906622886657715
500,2.0,3,1,1,1,1,3,0.22668956616343086,0.252922761505785,0.46180240331273426,0.8735179901123047,0.16153335571289062
500,2.0,3,1,1,1,1,4,0.2442288820214031,0.19463509862125453,0.3342714327968337,0.7374017238616943,0.12772798538208008
500,2.0,3,1,1,1,1,5,0.23562875025178814,0.16604511154442222,0.3745991331986705,0.7235622406005859,0.15674257278442383
500,2.0,3,1,1,1,1,6,0.24463504469913275,0.18231384969061978,0.3936196479189084,0.7969131469726562,0.14850831031799316
500,2.0,3,1,1,1,1,7,0.24049053961268688,0.17455164967642772,0.3665264916294142,0.8426933288574219,0.1740553379058838
500,2.0,3,1,1,1,1,8,0.2198903293709186,0.20393494683809538,0.40347728846459074,0.7300455570220947,0.1308584213256836
500,2.0,3,1,1,1,1,9,0.24520919481323503,0.17663886488254285,0.40604235900677965,0.7649052143096924,0.11707091331481934
500,2.0,3,1,1,1,1,10,0.20633057917350645,0.16494418071291062,0.3572113614358696,0.7152173519134521,0.14250588417053223
500,2.0,3,1,1,1,1,11,0.2291997576566591,0.17033676536149714,0.35710891024876906,0.7540197372436523,0.14952683448791504
500,2.0,3,1,1,1,1,12,0.2296606924331557,0.17749999896626345,0.3453895210581886,0.776982307434082,0.14454221725463867
500,2.0,3,1,1,1,1,13,0.24342981297487368,0.25301288964825386,0.4437381405994225,0.74928879737854,0.1395552158355713
500,2.0,3,1,1,1,1,14,0.2191408644202745,0.18538277864055952,0.3610953807300138,0.70102858543396,0.14208197593688965
500,2.0,3,1,1,1,1,15,0.2449581268217204,0.20215693101098312,0.4030302340502804,0.7298688888549805,0.1381525993347168
500,2.0,3,1,1,1,1,16,0.235579660701429,0.1898788796354256,0.39284992534472696,0.8579707145690918,0.1745309829711914
500,2.0,3,1,1,1,1,17,0.2314720351461566,0.21061835873679408,0.3459522976302739,0.7267341613769531,0.14950871467590332
500,2.0,3,1,1,1,1,18,0.2760379442909438,0.20756994945419588,0.39693648420176286,0.7467601299285889,0.12640047073364258
500,2.0,3,1,1,1,1,19,0.21831957957545903,0.19902843764923733,0.37123114636608534,0.7288711071014404,0.16993021965026855
500,2.0,3,1,1,1,1,20,0.22848369297316398,0.22298770212919217,0.3683304101680138,0.7325313091278076,0.14862823486328125
500,2.0,3,1,1,1,1,21,0.21068098365262244,0.19539361747042247,0.38534033391080597,0.7575526237487793,0.15824675559997559
500,2.0,3,1,1,1,1,22,0.2588897860659355,0.22647081323956703,0.41591119477274385,0.7348611354827881,0.13103556632995605
500,2.0,3,1,1,1,1,23,0.22501310227306792,0.21271928879201776,0.3614767171175235,0.9166936874389648,0.1545412540435791
500,2.0,3,1,1,1,1,24,0.21256099832201186,0.17868090946937518,0.36596200460144795,0.7473876476287842,0.12607216835021973
500,2.5,3,1,1,1,1,0,0.28847703049991985,0.24713258884424977,0.4530890108948518,0.8299744129180908,0.1712327003479004
500,2.5,3,1,1,1,1,1,0.35349982265238916,0.1826894284644518,0.4367150190461067,0.6998763084411621,0.1576523780822754
500,2.5,3,1,1,1,1,2,0.293977145998978,0.2861944250604679,0.5119688641456501,0.7763545513153076,0.1330885887145996
500,2.5,3,1,1,1,1,3,0.2746354376172665,0.2709432103553366,0.4514120218499293,0.7054309844970703,0.15607333183288574
500,2.5,3,1,1,1,1,4,0.2858196936566142,0.24389554658811863,0.4409374919919581,0.8522374629974365,0.1607685089111328
500,2.5,3,1,1,1,1,5,0.2505633848814801,0.19852977452026221,0.3787134766970581,0.7528796195983887,0.1165158748626709
500,2.5,3,1,1,1,1,6,0.3074058526837015,0.22698370773900467,0.5236753978165192,0.7601244449615479,0.1352705955505371
500,2.5,3,1,1,1,1,7,0.27884360169309674,0.19651596487015832,0.38922574050434045,0.7296249866485596,0.13558006286621094
500,2.5,3,1,1,1,1,8,0.26421654769819175,0.23430438809903034,0.4721257343717056,0.7419795989990234,0.1439518928527832
500,2.5,3,1,1,1,1,9,0.29558743409330845,0.20083158923465663,0.42755160056994196,0.8486483097076416,0.16352343559265137
500,2.5,3,1,1,1,1,10,0.2793367145713319,0.2416724653008007,0.42656102506701654,0.6897580623626709,0.16408824920654297
500,2.5,3,1,1,1,1,11,0.27792516659695926,0.20892088173928136,0.420276052289449,0.7615859508514404,0.12453055381774902
500,2.5,3,1,1,1,1,12,0.2797043367895477,0.21126571297782124,0.41109648044599195,0.691638708114624,0.16220974922180176
500,2.5,3,1,1,1,1,13,0.2660679200466994,0.20629282345438052,0.43942012956310805,0.8640627861022949,0.16059637069702148
500,2.5,3,1,1,1,1,14,0.3062352960023768,0.19670641368735323,0.4409394492377946,0.7460429668426514,0.15294742584228516
500,2.5,3,1,1,1,1,15,0.2930423617724292,0.2362525195940355,0.44071561729784137,0.7167356014251709,0.15542173385620117
500,2.5,3,1,1,1,1,16,0.2878053780281273,0.23669103659707766,0.47508370770441255,0.7439529895782471,0.1275041103363037
500,2.5,3,1,1,1,1,17,0.2772851991165132,0.21163038238835427,0.447208393650089,0.7011773586273193,0.15267086029052734
500,2.5,3,1,1,1,1,18,0.27279349746778087,0.20954717011579815,0.4022762250115039,0.7351832389831543,0.15143513679504395
500,2.5,3,1,1,1,1,19,0.2689257066025517,0.2001292468765452,0.41178675027151707,0.7656419277191162,0.1395275592803955
500,2.5,3,1,1,1,1,20,0.30714003982767724,0.21446811079253167,0.41221404135661,0.7407741546630859,0.1627795696258545
500,2.5,3,1,1,1,1,21,0.28950765247422533,0.21572969765560382,0.40136130294406935,0.7498342990875244,0.13141584396362305
500,2.5,3,1,1,1,1,22,0.2843666464372006,0.27808585953075654,0.5250430775713956,0.8806812763214111,0.16008615493774414
500,2.5,3,1,1,1,1,23,0.3087572349611161,0.21265262300399462,0.46418596081330576,0.7220234870910645,0.14104247093200684
500,2.5,3,1,1,1,1,24,0.2565859963511414,0.2614299627637453,0.43980111733046345,0.6779797077178955,0.13905978202819824
500,3.0,3,1,1,1,1,0,0.3408798195740848,0.26022703624826415,0.49839707116405657,0.725825309753418,0.15432047843933105
500,3.0,3,1,1,1,1,1,0.3481460464958096,0.24640802700403708,0.49805510709057843,0.722771167755127,0.13437247276306152
500,3.0,3,1,1,1,1,2,0.3297637000092983,0.25890741905261255,0.4982417853667804,0.7599127292633057,0.1586155891418457
500,3.0,3,1,1,1,1,3,0.3610702567719352,0.2048753404880316,0.49980041605875514,0.7616956233978271,0.15324187278747559
500,3.0,3,1,1,1,1,4,0.31825370612726783,0.24115969426955314,0.47472581859344076,0.6934514045715332,0.14417243003845215
500,3.0,3,1,1,1,1,5,0.3233733872344026,0.2651771452825486,0.48065235860234057,0.7203865051269531,0.14471054077148438
500,3.0,3,1,1,1,1,6,0.3313940140293903,0.2380641065940489,0.5006297505473369,0.8997230529785156,0.1666419506072998
500,3.0,3,1,1,1,1,7,0.38278531494753026,0.2305464506233311,0.5360930228573825,0.7364015579223633,0.12103462219238281
500,3.0,3,1,1,1,1,8,0.3822720100056469,0.24092440559878403,0.5024276365194559,0.7234158515930176,0.15406417846679688
500,3.0,3,1,1,1,1,9,0.36095033260428905,0.26657259379448695,0.5625209219617794,0.7432065010070801,0.1271979808807373
500,3.0,3,1,1,1,1,10,0.3748018052754308,0.2845821045041982,0.6197428586823417,0.8437144756317139,0.16097354888916016
500,3.0,3,1,1,1,1,11,0.31377510303761846,0.29064919303192105,0.5213218491270228,0.7648582458496094,0.13108205795288086
500,3.0,3,1,1,1,1,12,0.33375083745059553,0.2397815904751904,0.47386698826606755,0.7584455013275146,0.1571667194366455
500,3.0,3,1,1,1,1,13,0.3315396734167972,0.24539543062499938,0.5512470424816822,0.7200419902801514,0.12470483779907227
500,3.0,3,1,1,1,1,14,0.4747373716855306,0.2752649932184724,0.7500023649040031,0.7352151870727539,0.1640167236328125
500,3.0,3,1,1,1,1,15,0.3791871528259039,0.27320685149813095,0.5888301372699942,0.8653421401977539,0.14026331901550293
500,3.0,3,1,1,1,1,16,0.3553972420270026,0.26709666147299493,0.4968815696333041,0.7110283374786377,0.15019774436950684
500,3.0,3,1,1,1,1,17,0.30767572843387697,0.22182833078303194,0.5276606886512267,0.7382869720458984,0.14353227615356445
500,3.0,3,1,1,1,1,18,0.3538433649164422,0.29588450701464347,0.6497278719310857,0.7017672061920166,0.1455225944519043
500,3.0,3,1,1,1,1,19,0.3481097523689783,0.22151758286068582,0.4820713419990331,0.8854978084564209,0.16056227684020996
500,3.0,3,1,1,1,1,20,0.36195737941907785,0.25444604839271057,0.4987587600310273,0.7551536560058594,0.11702823638916016
500,3.0,3,1,1,1,1,21,0.33684079386535704,0.21162429729522778,0.4874545005175217,0.7833437919616699,0.11723208427429199
500,3.0,3,1,1,1,1,22,0.3718579741559553,0.31074370993613426,0.49736092295584683,0.7001235485076904,0.15720343589782715
500,3.0,3,1,1,1,1,23,0.338058070604248,0.2758292039877355,0.5236114474304656,0.8651010990142822,0.16904592514038086
500,3.0,3,1,1,1,1,24,0.34334740268940567,0.23328227036475432,0.57662967305416,0.7422051429748535,0.1235191822052002
500,3.5,3,1,1,1,1,0,0.3757223506558736,0.2805065597246262,0.5261709251083795,0.7399401664733887,0.11462211608886719
500,3.5,3,1,1,1,1,1,0.4774339934671526,0.25636934742685213,0.5557195389411229,0.7551872730255127,0.11842560768127441
500,3.5,3,1,1,1,1,2,0.42638345076005807,0.27605548539632585,0.5461887840484926,0.7662394046783447,0.1435396671295166
500,3.5,3,1,1,1,1,3,0.4718467985550855,0.258421966270396,0.6827788710243181,0.8933863639831543,0.1640782356262207
500,3.5,3,1,1,1,1,4,0.42527968327599414,0.29603989555926363,0.6121064043965226,0.7277698516845703,0.11942481994628906
500,3.5,3,1,1,1,1,5,0.3995391656998442,0.23175878472888908,0.5399825951334445,0.7546713352203369,0.13295698165893555
500,3.5,3,1,1,1,1,6,0.4623391997226217,0.26506631857053087,0.6191516418185146,0.7111353874206543,0.14320588111877441
500,3.5,3,1,1,1,1,7,0.4395820202403628,0.3260417980887382,0.739397194840903,0.8514783382415771,0.16005897521972656
500,3.5,3,1,1,1,1,8,0.4543335569338861,0.3930883773898455,0.6998954189651166,0.7591416835784912,0.13531231880187988
500,3.5,3,1,1,1,1,9,0.36409451657964936,0.3211405826966406,0.6021208489501897,0.7610275745391846,0.13356280326843262
500,3.5,3,1,1,1,1,10,0.4297778536207147,0.32664789154990953,0.607499020580838,0.7399811744689941,0.12862706184387207
500,3.5,3,1,1,1,1,11,0.4317635992953614,0.29133523334607536,0.564600670444811,0.7348213195800781,0.1542048454284668
500,3.5,3,1,1,1,1,12,0.3759912795396625,0.2509139209811892,0.5447294143710222,0.7762410640716553,0.12309670448303223
500,3.5,3,1,1,1,1,13,0.41150408783644005,0.31475174865135624,0.6218911609565377,0.7111918926239014,0.15895867347717285
500,3.5,3,1,1,1,1,14,0.400143189146414,0.3340599126541703,0.6298338761056564,0.8567712306976318,0.17382144927978516
500,3.5,3,1,1,1,1,15,0.38179888821203833,0.28322504388072767,0.6077756985938161,0.7143323421478271,0.13191509246826172
500,3.5,3,1,1,1,1,16,0.4052036301361158,0.3162458538397198,0.618897637111322,0.8315887451171875,0.17594337463378906
500,3.5,3,1,1,1,1,17,0.402048793004168,0.28886788610259606,0.5772445934049911,0.7228889465332031,0.14756274223327637
500,3.5,3,1,1,1,1,18,0.3763578461527816,0.2752794377254634,0.581163129551852,0.7063157558441162,0.16463971138000488
500,3.5,3,1,1,1,1,19,0.40599782199628776,0.3376164290508702,0.6038448715376254,0.7551751136779785,0.1315443515777588
500,3.5,3,1,1,1,1,20,0.42500125294504293,0.3491067571589961,0.774108010104039,0.8445699214935303,0.17815160751342773
500,3.5,3,1,1,1,1,21,0.4072196604349753,0.26899726901341425,0.6495699362566422,0.7481892108917236,0.12802886962890625
500,3.5,3,1,1,1,1,22,0.35634735333104156,0.2673416557142466,0.544252973688988,0.7250361442565918,0.12452435493469238
500,3.5,3,1,1,1,1,23,0.43587129076637016,0.2424488854034087,0.6217809633390996,0.7259278297424316,0.14023566246032715
500,3.5,3,1,1,1,1,24,0.3917783283578973,0.283604224289787,0.5693720612652446,0.7528157234191895,0.14568042755126953
500,4.0,3,1,1,1,1,0,0.42102830707015854,0.36309434789077416,0.6851960419873233,0.776254415512085,0.16095519065856934
500,4.0,3,1,1,1,1,1,0.44174923017773404,0.3345421390294256,0.6966367478630924,0.7564888000488281,0.14189505577087402
500,4.0,3,1,1,1,1,2,0.45863535247667053,0.2848386457718152,0.6161369050137573,0.7182791233062744,0.15353941917419434
500,4.0,3,1,1,1,1,3,0.4345897598934186,0.31283842937323747,0.6434656608542916,0.7566239833831787,0.13953423500061035
500,4.0,3,1,1,1,1,4,0.47547593033983293,0.2831231916449133,0.6262602356570474,0.8854179382324219,0.16330385208129883
500,4.0,3,1,1,1,1,5,0.45042540090114647,0.34220830518517853,0.7104555673734089,0.8233036994934082,0.1660902500152588
500,4.0,3,1,1,1,1,6,0.5061947404400488,0.325845301953907,0.6735265146451735,0.7439725399017334,0.13351941108703613
500,4.0,3,1,1,1,1,7,0.5138831013218379,0.30904008945969186,0.7006928666172996,0.7430200576782227,0.15641260147094727
500,4.0,3,1,1,1,1,8,0.47898623947829366,0.3250800684565809,0.6826031223716396,0.7972955703735352,0.16245579719543457
500,4.0,3,1,1,1,1,9,0.42061267895628307,0.3773014247359542,0.7305756127831404,0.7327134609222412,0.12904715538024902
500,4.0,3,1,1,1,1,10,0.45952136710514774,0.39607109262208945,0.7581078566341914,0.7180209159851074,0.11751198768615723
500,4.0,3,1,1,1,1,11,0.41701913124055395,0.3069142446277236,0.6078562470256543,0.6304454803466797,0.13436174392700195
500,4.0,3,1,1,1,1,12,0.4181796383548513,0.29300742245233147,0.5977091966406268,0.761688232421875,0.1565847396850586
500,4.0,3,1,1,1,1,13,0.42453028959806577,0.2639700321633108,0.6120435551269623,0.8853979110717773,0.16203546524047852
500,4.0,3,1,1,1,1,14,0.5060205226993264,0.4331879360727633,0.7605913406632361,0.7425837516784668,0.14046406745910645
500,4.0,3,1,1,1,1,15,0.46453008032794646,0.27012916604817433,0.7293288116439588,0.7480106353759766,0.13916897773742676
500,4.0,3,1,1,1,1,16,0.41091873544258395,0.3010663564371155,0.6825344808029052,0.7094631195068359,0.1368575096130371
500,4.0,3,1,1,1,1,17,0.4574738082277266,0.2921861603565744,0.6580210774260636,0.8375096321105957,0.15708613395690918
500,4.0,3,1,1,1,1,18,0.45092932032512206,0.2901701826472743,0.619049446101622,0.7201633453369141,0.16069555282592773
500,4.0,3,1,1,1,1,19,0.46994908430757265,0.30345805105899815,0.7362142892387524,0.7055702209472656,0.13763833045959473
500,4.0,3,1,1,1,1,20,0.4462667913937327,0.266745711801125,0.5775376466354876,0.7046952247619629,0.16302227973937988
500,4.0,3,1,1,1,1,21,0.4522015110612804,0.3089993431463448,0.6604443159374983,0.763756513595581,0.15679144859313965
500,4.0,3,1,1,1,1,22,0.42734586670147673,0.3110500619163476,0.6803876763770926,0.9191195964813232,0.14995408058166504
500,4.0,3,1,1,1,1,23,0.568447943426464,0.34200986858719606,0.7518071449239341,0.7554254531860352,0.13011431694030762
500,4.0,3,1,1,1,1,24,0.44600109066319543,0.32954185183488865,0.734110595577633,0.7020773887634277,0.132354736328125
500,4.5,3,1,1,1,1,0,0.49549093723345894,0.3218075786195142,0.7301171029750417,0.7475900650024414,0.1340951919555664
500,4.5,3,1,1,1,1,1,0.6499683189302865,0.3355835433475089,0.7944069363169479,0.8995893001556396,0.14925336837768555
500,4.5,3,1,1,1,1,2,0.5785210123415708,0.4560669312708561,0.8335291265430228,0.772618293762207,0.13341784477233887
500,4.5,3,1,1,1,1,3,0.5316629129524482,0.4434080194071527,0.9125734380435089,0.7221033573150635,0.13553333282470703
500,4.5,3,1,1,1,1,4,0.5542351213068988,0.29212204978599854,0.6673520319537977,0.7810952663421631,0.145521879196167
500,4.5,3,1,1,1,1,5,0.683286175825318,0.344784251306861,0.8173071555372671,0.8971576690673828,0.16169309616088867
500,4.5,3,1,1,1,1,6,0.47609806450865383,0.34550899605828417,0.7186704712600329,0.7024991512298584,0.15716886520385742
500,4.5,3,1,1,1,1,7,0.5252392116255077,0.3315753298478223,0.7327805557212088,0.7522232532501221,0.13307404518127441
500,4.5,3,1,1,1,1,8,0.45333828578016716,0.4192570071054045,0.8620602497709229,0.7057938575744629,0.15268588066101074
500,4.5,3,1,1,1,1,9,0.5083442037822803,0.3423647104047277,0.7244524063021549,0.7356698513031006,0.13551545143127441
500,4.5,3,1,1,1,1,10,0.5028879572312673,0.548551591320084,1.0028247930835663,0.8352069854736328,0.13554167747497559
500,4.5,3,1,1,1,1,11,0.6140172994756946,0.3476726292998967,0.7829060079900156,0.7301182746887207,0.15372848510742188
500,4.5,3,1,1,1,1,12,0.4882710208798792,0.2765990319139974,0.7076597123447698,0.7395520210266113,0.1440601348876953
500,4.5,3,1,1,1,1,13,0.4857772506952418,0.4612655726782942,0.8615244125771655,0.8473162651062012,0.16920876502990723
500,4.5,3,1,1,1,1,14,0.5358382373831029,0.3094168975518701,0.7385041423765842,0.8901553153991699,0.16037440299987793
500,4.5,3,1,1,1,1,15,0.5236536293325189,0.32698285431024793,0.771919478737184,0.7499527931213379,0.12152361869812012
500,4.5,3,1,1,1,1,16,0.5710126755696655,0.38138149656351994,0.8514423867313786,0.7746438980102539,0.14041709899902344
500,4.5,3,1,1,1,1,17,0.4729406724893401,0.39781020334732003,0.7829064258346103,0.7297546863555908,0.1280839443206787
500,4.5,3,1,1,1,1,18,0.5273623256700816,0.352876393719264,0.7855617905691543,0.8367984294891357,0.16309571266174316
500,4.5,3,1,1,1,1,19,0.5010019805649503,0.36152545588277163,0.8027984459061563,0.7541954517364502,0.130509614944458
500,4.5,3,1,1,1,1,20,0.531004946462408,0.3269276331734562,0.7112610905163755,0.7472233772277832,0.1485133171081543
500,4.5,3,1,1,1,1,21,0.6054975837630578,0.29896330950337274,0.7429755897484946,0.7306337356567383,0.15102934837341309
500,4.5,3,1,1,1,1,22,0.5275117735706495,0.3277956788262265,0.692962997695419,0.7142624855041504,0.13651537895202637
500,4.5,3,1,1,1,1,23,0.5316838377993147,0.34658995408050386,0.8452587980268089,0.8624577522277832,0.16162657737731934
500,4.5,3,1,1,1,1,24,0.48708487314975824,0.43207007656956076,0.8088138063013848,0.6875438690185547,0.13147878646850586
500,5.0,3,1,1,1,1,0,0.6020833308137472,0.4379455549803493,0.960787438563186,0.7397158145904541,0.14666986465454102
500,5.0,3,1,1,1,1,1,0.6673129401589979,0.3764568940947651,0.881871559099874,0.7057490348815918,0.1483750343322754
500,5.0,3,1,1,1,1,2,0.6225069897297124,0.3487728672022915,0.781434138858567,0.8263771533966064,0.16359972953796387
500,5.0,3,1,1,1,1,3,0.6141334508861016,0.4006124331721621,0.8184197597910139,0.7446379661560059,0.13710546493530273
500,5.0,3,1,1,1,1,4,0.6044861153081096,0.44124676054599676,0.8770039362209856,0.733595609664917,0.14593791961669922
500,5.0,3,1,1,1,1,5,0.6081385959418842,0.47252243895973894,0.9710269153694983,0.8119373321533203,0.1607975959777832
500,5.0,3,1,1,1,1,6,0.6050851223578486,0.3850702608123914,0.8407760708412355,0.7998368740081787,0.15352416038513184
500,5.0,3,1,1,1,1,7,0.5615641557340613,0.35091441253255384,0.8013501001645422,0.7014412879943848,0.15856003761291504
500,5.0,3,1,1,1,1,8,0.6448918992500573,0.38713628754857815,0.8583082859066625,0.7379601001739502,0.1084139347076416
500,5.0,3,1,1,1,1,9,0.580436463086659,0.39951599135500443,0.9381323585968827,0.7387692928314209,0.11770033836364746
500,5.0,3,1,1,1,1,10,0.7183240169495033,0.4013497391611121,0.878411658675354,0.7213683128356934,0.15152311325073242
500,5.0,3,1,1,1,1,11,0.5612977591073346,0.4675317777749839,0.77064760323478,0.9188947677612305,0.15710735321044922
500,5.0,3,1,1,1,1,12,0.6058951233299296,0.5211760221611659,0.9847912572366564,0.7317790985107422,0.15047168731689453
500,5.0,3,1,1,1,1,13,0.6430862969791664,0.4084091284065307,1.0514954253856972,0.7172155380249023,0.1467149257659912
500,5.0,3,1,1,1,1,14,0.5998448471044109,0.3698153463581269,0.7927255335155976,0.732628583908081,0.14509296417236328
500,5.0,3,1,1,1,1,15,0.5722500828180036,0.4031252545143246,0.8146636905011846,0.8462767601013184,0.1523876190185547
500,5.0,3,1,1,1,1,16,0.5632377827146958,0.6301556138040731,1.1277715472654806,0.730219841003418,0.15944552421569824
500,5.0,3,1,1,1,1,17,0.5854944343831096,0.4353653698923807,0.9336399942945643,0.790762186050415,0.14331436157226562
500,5.0,3,1,1,1,1,18,0.6214350531360608,0.325378469660358,0.7815397916607743,0.7111120223999023,0.15720891952514648
500,5.0,3,1,1,1,1,19,0.554401277842705,0.5408746053355027,0.9803921994562731,0.759270429611206,0.12450456619262695
500,5.0,3,1,1,1,1,20,0.5477364998472638,0.32753130478963643,0.8166726814468412,0.858818769454956,0.16820430755615234
500,5.0,3,1,1,1,1,21,0.5705833500749715,0.3989437610760174,0.7921386629045115,0.8647980690002441,0.17217469215393066
500,5.0,3,1,1,1,1,22,0.5195411877431152,0.4580329857304708,0.8142814429199323,0.7098290920257568,0.13704800605773926
500,5.0,3,1,1,1,1,23,0.629046355324222,0.3381977749278396,0.8139351719837404,0.7127480506896973,0.15352177619934082
500,5.0,3,1,1,1,1,24,0.6440486052458638,0.345093958135844,0.8616887181984807,0.8629086017608643,0.16990351676940918
500,5.5,3,1,1,1,1,0,0.5766821095326811,0.3844200031295066,0.9348871231165996,0.7356762886047363,0.11950445175170898
500,5.5,3,1,1,1,1,1,0.6439329596075773,0.3612793073734819,0.9250663567639301,0.7001268863677979,0.15607547760009766
500,5.5,3,1,1,1,1,2,0.7067280439704869,0.4083108956511686,1.0222164848421875,0.7337756156921387,0.12952256202697754
500,5.5,3,1,1,1,1,3,0.7217276424435111,0.44145260021673277,0.986678303803459,0.7037453651428223,0.14687371253967285
500,5.5,3,1,1,1,1,4,0.6517547851092852,0.5426210601618662,1.0542176876535696,0.8237216472625732,0.16307806968688965
500,5.5,3,1,1,1,1,5,0.6024581725059992,0.44884408680806814,0.8925865845482848,0.7563307285308838,0.12605810165405273
500,5.5,3,1,1,1,1,6,0.6945284505891931,0.6775086687920124,1.28403284233777,0.6982266902923584,0.16254234313964844
500,5.5,3,1,1,1,1,7,0.65935936092588,0.5273041418159692,1.0244407430799511,0.749415397644043,0.1385183334350586
500,5.5,3,1,1,1,1,8,0.5805501135302701,0.4471154263768545,0.9983659299877745,0.9279561042785645,0.16960906982421875
500,5.5,3,1,1,1,1,9,0.6796487244629729,0.4377517582006555,1.0481132066529621,0.7444031238555908,0.13763976097106934
500,5.5,3,1,1,1,1,10,0.6064438445594463,0.3917189906961469,0.9045616170214037,0.7241029739379883,0.1386721134185791
500,5.5,3,1,1,1,1,11,0.5973028468237568,0.40482613348596796,0.8927745387797259,0.7525911331176758,0.13944530487060547
500,5.5,3,1,1,1,1,12,0.8658661674888392,0.5181204686898239,0.982404188448583,0.6360492706298828,0.15465974807739258
500,5.5,3,1,1,1,1,13,0.6523225656218602,0.39266538929260947,0.8622232930847293,0.8799147605895996,0.16186904907226562
500,5.5,3,1,1,1,1,14,0.6331579589888298,0.5104567860861143,0.9161966618590813,0.7359774112701416,0.15551424026489258
500,5.5,3,1,1,1,1,15,0.6632824091625665,0.39799043530431655,0.9763225162282266,0.7235696315765381,0.13508319854736328
500,5.5,3,1,1,1,1,16,0.7004644510336179,0.5240801485164581,1.1301125416683977,0.7262303829193115,0.15366482734680176
500,5.5,3,1,1,1,1,17,0.762631516453621,0.41004215351920736,0.9872685573846306,0.8693423271179199,0.17319607734680176
500,5.5,3,1,1,1,1,18,0.6485895945034229,0.5188055659045595,1.025246093739295,0.7014932632446289,0.13996124267578125
500,5.5,3,1,1,1,1,19,0.7083842795557161,0.3993703197834056,0.8576845900372522,0.747248649597168,0.13751935958862305
500,5.5,3,1,1,1,1,20,0.687083063443,0.43826791020692984,1.0836154440143781,0.7057676315307617,0.1458747386932373
500,5.5,3,1,1,1,1,21,0.640181008611988,0.3968074865347874,0.989002074596532,0.8571457862854004,0.16078948974609375
500,5.5,3,1,1,1,1,22,0.6343655880609437,0.4264917185812964,0.9736510764342325,0.7469112873077393,0.11046051979064941
500,5.5,3,1,1,1,1,23,0.6944350175748146,0.5226057078143624,1.0253229484804227,0.7812235355377197,0.12756848335266113
500,5.5,3,1,1,1,1,24,0.6040599978971679,0.41486457737636,0.9355766843100941,0.7464776039123535,0.12479400634765625
500,6.0,3,1,1,1,1,0,0.7490236098081743,0.4194643416633283,1.0446665494833172,0.796832799911499,0.1506655216217041
500,6.0,3,1,1,1,1,1,0.8984945238536859,0.41526622157226745,1.1215465121541466,0.8712632656097412,0.16373515129089355
500,6.0,3,1,1,1,1,2,0.9397153235095179,0.47608096256215404,1.1589270645369536,0.7272467613220215,0.15546035766601562
500,6.0,3,1,1,1,1,3,0.6816282243369289,0.5195300481483743,1.180694571721713,0.7316360473632812,0.14561009407043457
500,6.0,3,1,1,1,1,4,1.0216274639397078,0.5310384461793914,1.3851255903987678,0.807722806930542,0.17619872093200684
500,6.0,3,1,1,1,1,5,0.9335328355640947,0.4624761549973515,1.3960089905614463,0.8753082752227783,0.16707468032836914
500,6.0,3,1,1,1,1,6,0.8685710216016777,0.556555081162565,1.3533705905078481,0.7581663131713867,0.12254977226257324
500,6.0,3,1,1,1,1,7,0.734108844600664,0.5870613838970442,1.1618371363328817,0.7332289218902588,0.14644145965576172
500,6.0,3,1,1,1,1,8,0.8504719459460142,0.6402088602736068,1.1585622531223543,0.7756211757659912,0.1299142837524414
500,6.0,3,1,1,1,1,9,0.6830256996728571,0.5309140022364387,1.0750466580441493,0.6957383155822754,0.16240143775939941
500,6.0,3,1,1,1,1,10,0.6872626838475355,0.42200594718041073,0.9569960085361979,0.7591743469238281,0.15809011459350586
500,6.0,3,1,1,1,1,11,0.878260564681178,0.4344776865165352,1.0033680961621518,0.7232475280761719,0.13560032844543457
500,6.0,3,1,1,1,1,12,0.6667616907929355,0.5851368271334817,1.0335879109497461,0.7892541885375977,0.13544416427612305
500,6.0,3,1,1,1,1,13,0.7499101769405461,0.4387607281755915,1.0845726090041192,0.7082066535949707,0.14932966232299805
500,6.0,3,1,1,1,1,14,0.7057882342218371,0.6009610697222975,1.2064780750731459,0.856093168258667,0.16743850708007812
500,6.0,3,1,1,1,1,15,0.6304677685050208,0.53353288003221,1.031764035318991,0.7231974601745605,0.14351344108581543
500,6.0,3,1,1,1,1,16,0.8783617412784028,0.49738645104053664,1.2808640218433558,0.7076642513275146,0.16410517692565918
500,6.0,3,1,1,1,1,17,0.6934345485105282,0.431250153459559,1.0745695844788175,0.7713937759399414,0.12305498123168945
500,6.0,3,1,1,1,1,18,0.7042469924778707,0.47335645292347844,0.9834045022398651,0.7012929916381836,0.11468672752380371
500,6.0,3,1,1,1,1,19,0.8428093577182342,0.43630352804355277,1.2263250067330027,0.7730510234832764,0.16603422164916992
500,6.0,3,1,1,1,1,20,0.7004518981241611,0.5732428587015488,1.055967805310543,0.729733943939209,0.12549471855163574
500,6.0,3,1,1,1,1,21,0.7563812254032009,0.5727481192972386,1.1662863228723797,0.9188978672027588,0.14688968658447266
500,6.0,3,1,1,1,1,22,0.6493133391213411,0.44787748619880335,0.9608141514245747,0.763023853302002,0.1239314079284668
500,6.0,3,1,1,1,1,23,0.7098865800435342,0.47585219131645806,0.9580220599166553,0.8166971206665039,0.15552425384521484
500,6.0,3,1,1,1,1,24,0.6583965939194213,0.5177300092019297,1.1023488612525938,0.7252464294433594,0.14011335372924805
500,6.5,3,1,1,1,1,0,1.0562532752065423,0.5682270336094875,1.6244803088160298,0.7560694217681885,0.13304567337036133
500,6.5,3,1,1,1,1,1,0.7944967610597414,0.5102724116285038,1.1352649963758579,0.7369184494018555,0.12585020065307617
500,6.5,3,1,1,1,1,2,0.8652095919938353,0.4969342458878773,1.2063676343586376,0.9732787609100342,0.16267108917236328
500,6.5,3,1,1,1,1,3,0.7552415199908871,0.6189826908681912,1.2113970705861936,0.7208993434906006,0.1285386085510254
500,6.5,3,1,1,1,1,4,0.7468598758599884,0.5911425588998482,1.1955727816699708,0.7991485595703125,0.13664031028747559
500,6.5,3,1,1,1,1,5,0.8318789104175135,0.396741408104464,1.0516207235389508,0.7253501415252686,0.1385190486907959
500,6.5,3,1,1,1,1,6,0.8456865874241132,0.535988705855636,1.0362802023262798,0.7892954349517822,0.17158889770507812
500,6.5,3,1,1,1,1,7,0.7317813859546708,0.5290230163010224,1.0686111523068527,0.7456943988800049,0.12852787971496582
500,6.5,3,1,1,1,1,8,0.9018582906119604,0.4522174609332495,1.35407575154521,0.7429509162902832,0.1525733470916748
500,6.5,3,1,1,1,1,9,0.6906872872374652,0.5085119238803509,1.1826594139974,0.7407965660095215,0.11916160583496094
500,6.5,3,1,1,1,1,10,0.8523359673396482,0.7692157252568403,1.2961795336651403,0.7502763271331787,0.12709307670593262
500,6.5,3,1,1,1,1,11,0.6954266204432922,0.56414786639636,1.1220184771922175,0.8582165241241455,0.1646101474761963
500,6.5,3,1,1,1,1,12,0.850191316731794,0.5243765255958257,1.172632753659005,0.8625688552856445,0.16294598579406738
500,6.5,3,1,1,1,1,13,0.8609980879661848,0.5822179752707979,1.1501240569758227,0.8105514049530029,0.13878750801086426
500,6.5,3,1,1,1,1,14,0.8803156753111498,0.7229452186008919,1.471286972101768,0.761538028717041,0.1270735263824463
500,6.5,3,1,1,1,1,15,0.7463312199191864,0.5991957762082782,1.2216018239609876,0.7914566993713379,0.11529207229614258
500,6.5,3,1,1,1,1,16,0.95994324808254,0.563132578938649,1.3687772780643899,0.729741096496582,0.14310622215270996
500,6.5,3,1,1,1,1,17,0.6851505186526093,0.5041830747193666,1.0683778539262192,0.7513649463653564,0.10951924324035645
500,6.5,3,1,1,1,1,18,0.7022720245625388,0.45913508036671746,1.0537114653278294,0.742621660232544,0.14954137802124023
500,6.5,3,1,1,1,1,19,0.8309029414753117,0.5122171535282174,1.2189694494599204,0.8534796237945557,0.1724071502685547
500,6.5,3,1,1,1,1,20,0.851518125205423,0.5504600972421471,1.40197822244757,0.7008328437805176,0.16385340690612793
500,6.5,3,1,1,1,1,21,0.8683967547316045,0.6249369115233583,1.280412147215175,0.7508563995361328,0.12910676002502441
500,6.5,3,1,1,1,1,22,0.8818205230531571,0.6263076595951836,1.3353047921454264,0.752385139465332,0.14549636840820312
500,6.5,3,1,1,1,1,23,0.76000680791526,0.579966912371167,1.1958160518918801,0.7226934432983398,0.14667654037475586
500,6.5,3,1,1,1,1,24,0.7202328415693073,0.4679877071851093,1.0529412958787214,0.7464926242828369,0.16198444366455078
500,7.0,3,1,1,1,1,0,0.8254948859784245,0.6101615900710069,1.2843869206970528,0.7294044494628906,0.13752460479736328
500,7.0,3,1,1,1,1,1,0.8753349590875175,0.5752009894904464,1.3687847717100328,0.7063133716583252,0.15213680267333984
500,7.0,3,1,1,1,1,2,1.1104430454680447,0.5126834143654628,1.3349942856306145,0.7521288394927979,0.12711334228515625
500,7.0,3,1,1,1,1,3,1.0090536582189602,0.596993163537148,1.4591856844921218,0.9339618682861328,0.1810321807861328
500,7.0,3,1,1,1,1,4,0.8266096523487104,0.5671067055536645,1.1886888972464908,0.7134807109832764,0.13152480125427246
500,7.0,3,1,1,1,1,5,0.843976810785763,0.6465084881641682,1.2236864122626616,0.7335460186004639,0.15212798118591309
500,7.0,3,1,1,1,1,6,0.8820361245326531,0.6844845655120619,1.430668384471638,0.7238926887512207,0.14612913131713867
500,7.0,3,1,1,1,1,7,0.9564508597665708,0.5541004011163913,1.1976641130713874,0.8002824783325195,0.1739974021911621
500,7.0,3,1,1,1,1,8,0.9366861200270005,0.4974940278470742,1.24237615012493,0.7277650833129883,0.12905311584472656
500,7.0,3,1,1,1,1,9,0.9055392141226127,0.5865954205525163,1.398444985547024,0.7277736663818359,0.1302781105041504
500,7.0,3,1,1,1,1,10,0.8354044338923597,0.5802229830019854,1.2382024048907816,0.7556023597717285,0.1290583610534668
500,7.0,3,1,1,1,1,11,1.0345200401837866,0.6435376536818249,1.460818384039291,0.742119312286377,0.10963153839111328
500,7.0,3,1,1,1,1,12,0.9553471058824204,0.5066385227857031,1.4339682658581379,0.8505308628082275,0.16011929512023926
500,7.0,3,1,1,1,1,13,0.7775859569252592,0.48028417265271955,1.0356122692751868,0.7380077838897705,0.137526273727417
500,7.0,3,1,1,1,1,14,0.8843056463600169,0.5762329345389292,1.2226488607580848,0.7109246253967285,0.14903736114501953
500,7.0,3,1,1,1,1,15,0.9348184898026468,0.5781301530885129,1.2219899630303315,0.7574543952941895,0.12138652801513672
500,7.0,3,1,1,1,1,16,0.9263465905483825,0.6235547606381018,1.299808755223761,0.7344884872436523,0.18001914024353027
500,7.0,3,1,1,1,1,17,0.882214584948446,0.691600020431234,1.5458910133273744,0.7623803615570068,0.16071367263793945
500,7.0,3,1,1,1,1,18,1.12451715728957,0.6171659750064854,1.6823976130134997,0.7287082672119141,0.12107300758361816
500,7.0,3,1,1,1,1,19,0.8707237693573501,0.7016185111186792,1.3071462710083823,0.7284717559814453,0.16062235832214355
500,7.0,3,1,1,1,1,20,0.7171245781448999,0.48051269365550786,1.1405505899606831,0.8598616123199463,0.1774733066558838
500,7.0,3,1,1,1,1,21,1.1286840653722776,0.6884197844280252,1.4682225790342116,0.847623348236084,0.11851930618286133
500,7.0,3,1,1,1,1,22,0.8788690097905425,0.5403244759316597,1.356462798869627,0.781559944152832,0.12700486183166504
500,7.0,3,1,1,1,1,23,1.014690155401528,0.4518685159459501,1.3976981998012317,0.7113282680511475,0.1263284683227539
500,7.0,3,1,1,1,1,24,0.8584023962644333,0.7538000845820594,1.4057327110503444,0.7631115913391113,0.13653087615966797
500,7.5,3,1,1,1,1,0,0.9419402296353135,0.6528465223347186,1.3553962814459306,0.8547370433807373,0.1596536636352539
500,7.5,3,1,1,1,1,1,1.19282486226099,0.674238242852263,1.5030721607155932,0.7362456321716309,0.15059947967529297
500,7.5,3,1,1,1,1,2,1.2156703371469426,0.5265353384442247,1.462667343999799,0.7020924091339111,0.1310877799987793
500,7.5,3,1,1,1,1,3,1.3080210488598893,0.6608236045152502,1.5762506055673513,0.7251467704772949,0.13353586196899414
500,7.5,3,1,1,1,1,4,0.9794985550071601,0.7495416089440532,1.452396095065513,0.654573917388916,0.13507461547851562
500,7.5,3,1,1,1,1,5,0.8332132379606869,0.6964014471959954,1.4450682375506023,0.7546706199645996,0.14812469482421875
500,7.5,3,1,1,1,1,6,1.0674913871499943,0.7287952027768237,1.5102154571578574,0.7436740398406982,0.14052677154541016
500,7.5,3,1,1,1,1,7,1.1689170756580682,0.6243568925689686,1.541705552636861,0.6981959342956543,0.16697359085083008
500,7.5,3,1,1,1,1,8,0.9340623149248536,0.48762570549994017,1.372729386597945,0.74424147605896,0.13735342025756836
500,7.5,3,1,1,1,1,9,0.9476096313291485,0.5031250403110656,1.2272989972264938,1.0486388206481934,0.16413283348083496
500,7.5,3,1,1,1,1,10,0.9127273344731444,0.5139542562403002,1.2555526743278078,0.7677571773529053,0.13009333610534668
500,7.5,3,1,1,1,1,11,0.9317905641951032,0.7824714933554512,1.352753985481074,0.8243823051452637,0.16384458541870117
500,7.5,3,1,1,1,1,12,0.9142202134613513,0.6200810143059579,1.3130391532465475,0.7459084987640381,0.12188029289245605
500,7.5,3,1,1,1,1,13,1.1182426654837112,0.8685428574359283,1.9867855229196394,0.8729989528656006,0.1647329330444336
500,7.5,3,1,1,1,1,14,0.8498808388000237,0.810438801315182,1.558192994474822,0.7466955184936523,0.15251874923706055
500,7.5,3,1,1,1,1,15,1.0547500537679364,0.547272510002221,1.3762217383577469,0.7359669208526611,0.12180471420288086
500,7.5,3,1,1,1,1,16,0.9161974801571889,0.5281272865648647,1.4109907656986547,0.7822201251983643,0.13313841819763184
500,7.5,3,1,1,1,1,17,0.9703772610845965,0.7422514581461147,1.4392036307833789,0.7168419361114502,0.16997051239013672
500,7.5,3,1,1,1,1,18,0.8819233211903063,0.6606549885307004,1.2181682485393228,0.7949144840240479,0.1417865753173828
500,7.5,3,1,1,1,1,19,0.914965628695856,0.6460301059617635,1.420336930316626,0.734644889831543,0.14293146133422852
500,7.5,3,1,1,1,1,20,1.208553213839691,0.5369513244452967,1.6221458809504765,0.7709176540374756,0.12506890296936035
500,7.5,3,1,1,1,1,21,1.0619134245217199,0.7391519526159214,1.4117009479624143,0.7432026863098145,0.15352654457092285
500,7.5,3,1,1,1,1,22,1.2003357287550829,0.6797983013533833,1.3581245280403866,0.8164350986480713,0.17703747749328613
500,7.5,3,1,1,1,1,23,0.9891478166993887,1.0331241225839236,1.850395875938955,0.7566556930541992,0.12204647064208984
500,7.5,3,1,1,1,1,24,0.9365766193941831,0.4732216117873548,1.2297867270563307,0.728271484375,0.1483912467956543
500,8.0,3,1,1,1,1,0,1.0579941522929095,0.6799042360177119,1.409392431381102,0.7755873203277588,0.12668585777282715
500,8.0,3,1,1,1,1,1,0.9573054912941726,0.6275887962937322,1.4353148075928384,0.7660706043243408,0.17997074127197266
500,8.0,3,1,1,1,1,2,0.9660822953659839,0.6101730396782448,1.4063280048697488,0.7852184772491455,0.14285707473754883
500,8.0,3,1,1,1,1,3,1.1715236815987817,0.6862041413933033,1.857727822992085,0.7723321914672852,0.12053394317626953
500,8.0,3,1,1,1,1,4,0.9511082834828996,0.6629812460782657,1.501806252709242,0.7838122844696045,0.11753201484680176
500,8.0,3,1,1,1,1,5,1.0857042342624412,0.8856972202763397,1.834114070335694,0.7228403091430664,0.11751818656921387
500,8.0,3,1,1,1,1,6,1.0067838869339572,0.763398364061414,1.536069321065359,0.7970681190490723,0.15853595733642578
500,8.0,3,1,1,1,1,7,1.2187446695911766,0.7876352467401883,1.6520776999385074,0.7651834487915039,0.1455991268157959
500,8.0,3,1,1,1,1,8,1.0080561458630255,0.6321465903509129,1.4694861022555217,0.7235438823699951,0.15475010871887207
500,8.0,3,1,1,1,1,9,0.9598815829671661,0.6419766308622088,1.4026692117423931,0.7581400871276855,0.12541985511779785
500,8.0,3,1,1,1,1,10,0.9966642798609762,0.6449193603343911,1.5005981506088129,0.84185791015625,0.16208767890930176
500,8.0,3,1,1,1,1,11,1.8689434075200664,0.6385861083475576,2.058921801477855,0.7098004817962646,0.15291118621826172
500,8.0,3,1,1,1,1,12,1.3068064097532748,0.6339752397045041,1.6772416019556802,0.7041723728179932,0.14904046058654785
500,8.0,3,1,1,1,1,13,1.254331534446973,0.553865965436026,1.5045846620829197,0.7253336906433105,0.14353275299072266
500,8.0,3,1,1,1,1,14,1.080312624817092,0.6823529729112112,1.5791412512162857,0.7376885414123535,0.13362741470336914
500,8.0,3,1,1,1,1,15,1.154611968541544,0.6202759424354499,1.5360247351496605,0.7651252746582031,0.1542835235595703
500,8.0,3,1,1,1,1,16,0.99559269725171,0.9379152475712623,1.480705378520681,0.7402040958404541,0.14842748641967773
500,8.0,3,1,1,1,1,17,1.2888854239365675,0.7822062580720739,1.8345135071400371,0.7105023860931396,0.16167163848876953
500,8.0,3,1,1,1,1,18,1.0122263795437465,0.5699751471832035,1.5132049765607092,0.7627542018890381,0.12971043586730957
500,8.0,3,1,1,1,1,19,1.2401725407457111,0.921181087370488,1.7559136443282601,0.9484138488769531,0.17467617988586426
500,8.0,3,1,1,1,1,20,0.973664746602118,0.7332201214770371,1.480221742739169,0.6968569755554199,0.1496715545654297
500,8.0,3,1,1,1,1,21,1.153351485367879,0.7601803650437975,1.6502814728417166,0.7640657424926758,0.1205286979675293
500,8.0,3,1,1,1,1,22,0.989035307660565,0.6049511203194569,1.3995590991293048,0.7029111385345459,0.1494767665863037
500,8.0,3,1,1,1,1,23,1.0359669327996086,0.7449907667939634,1.6228901738758754,0.845482587814331,0.15937018394470215
500,8.0,3,1,1,1,1,24,1.4555154641587018,0.6722916564775966,1.7490837225207512,0.6922547817230225,0.13661551475524902
500,8.5,3,1,1,1,1,0,1.365203928183613,0.7997132780764326,1.916054833849806,0.772165060043335,0.13583612442016602
500,8.5,3,1,1,1,1,1,0.9675871525287264,0.7215756438064214,1.4912652187947368,0.7429592609405518,0.13007187843322754
500,8.5,3,1,1,1,1,2,1.3120943923373838,0.7864488671564204,1.7937222725164501,0.7341582775115967,0.14106345176696777
500,8.5,3,1,1,1,1,3,1.1793974753152838,0.760594319984752,1.6995905255240227,0.8683347702026367,0.17278599739074707
500,8.5,3,1,1,1,1,4,1.1515129517338751,0.7375498067072987,1.5237429698999176,0.767629861831665,0.15015649795532227
500,8.5,3,1,1,1,1,5,1.4860399566505358,0.6293816815508944,1.9967504201694837,0.7416930198669434,0.1275174617767334
500,8.5,3,1,1,1,1,6,0.9808308681536395,0.7673532124772787,1.6453580406734343,0.7919161319732666,0.12451410293579102
500,8.5,3,1,1,1,1,7,1.1671305329404116,0.9298642799728624,1.9206439686273677,0.8691098690032959,0.16731595993041992
500,8.5,3,1,1,1,1,8,0.9434036845916823,0.6824832073113933,1.3233555837144504,0.7361536026000977,0.13905048370361328
500,8.5,3,1,1,1,1,9,1.3449363830050924,0.6542658873617477,1.6348020078664431,0.7295668125152588,0.13410449028015137
500,8.5,3,1,1,1,1,10,1.3399593735328856,0.8718288059838724,2.211788179516758,0.7495777606964111,0.13816142082214355
500,8.5,3,1,1,1,1,11,1.4493432175512864,0.8063663280716191,1.975243930898965,0.8628137111663818,0.1676797866821289
500,8.5,3,1,1,1,1,12,1.1315028655113808,0.7113783011108515,1.7847496524234006,0.7184374332427979,0.12405014038085938
500,8.5,3,1,1,1,1,13,1.198292874429641,0.7882005815271105,1.608097531246116,0.7470908164978027,0.14447450637817383
500,8.5,3,1,1,1,1,14,1.2372766048324724,0.6765282426811072,1.7642206623847692,0.7403650283813477,0.11358070373535156
500,8.5,3,1,1,1,1,15,1.2451469735559784,0.7684909553525259,1.6881157376734912,0.7382559776306152,0.17394042015075684
500,8.5,3,1,1,1,1,16,1.2526319946727646,0.9384714946430511,2.170226438356861,0.8540189266204834,0.17604374885559082
500,8.5,3,1,1,1,1,17,1.184907331276427,0.7461806234314091,1.6007124432146682,0.7211544513702393,0.1556382179260254
500,8.5,3,1,1,1,1,18,1.261982044196838,0.7679164167613833,1.8899465044071073,0.7693214416503906,0.1545264720916748
500,8.5,3,1,1,1,1,19,1.0124168303343326,0.8735235262396468,1.7434345032513852,0.7760186195373535,0.14508056640625
500,8.5,3,1,1,1,1,20,1.0451334782694726,0.6324129412199699,1.3796564470158357,1.0501065254211426,0.1646738052368164
500,8.5,3,1,1,1,1,21,1.2516505093814434,0.6708326502876569,1.5402194506302282,0.7469875812530518,0.14497923851013184
500,8.5,3,1,1,1,1,22,1.07808936141835,0.8273484322404968,1.693772360871574,0.7091689109802246,0.16733860969543457
500,8.5,3,1,1,1,1,23,1.1566195539419082,0.6986615398243492,1.7646989587575168,0.751593828201294,0.13950800895690918
500,8.5,3,1,1,1,1,24,1.05819430024693,0.7535842080247646,1.6157844067420801,0.8997535705566406,0.16466236114501953
500,9.0,3,1,1,1,1,0,1.4440994401384504,0.7503936548339885,2.143771776134596,0.7667796611785889,0.13501858711242676
500,9.0,3,1,1,1,1,1,1.138671915208893,0.7200422793172355,1.5546287668556587,0.7109518051147461,0.13756895065307617
500,9.0,3,1,1,1,1,2,1.2400917351929044,1.0932194892133211,2.0876717124362325,0.7303073406219482,0.15267491340637207
500,9.0,3,1,1,1,1,3,1.1957603930890481,0.7876643711846737,1.5197993613193002,0.827101469039917,0.17053604125976562
500,9.0,3,1,1,1,1,4,1.487944225723697,0.9928254614619901,2.073844352730026,0.6354634761810303,0.1375124454498291
500,9.0,3,1,1,1,1,5,1.0531044438267136,0.7164415950550157,1.6460612256124274,0.7722959518432617,0.12102174758911133
500,9.0,3,1,1,1,1,6,1.2960895320251389,0.9317560850683129,2.2278456170934517,0.7351810932159424,0.14741945266723633
500,9.0,3,1,1,1,1,7,1.1039716324415718,1.037926615548807,2.1222604093909805,0.7179181575775146,0.15272021293640137
500,9.0,3,1,1,1,1,8,1.06014441911346,0.7730840808346222,1.8290387092953049,0.8498356342315674,0.17357420921325684
500,9.0,3,1,1,1,1,9,1.7930531565337746,0.8345303392668917,1.9128916763518609,0.7348241806030273,0.15102124214172363
500,9.0,3,1,1,1,1,10,1.2661676304627807,1.4072602307316076,2.673427861194388,0.7295668125152588,0.14367365837097168
500,9.0,3,1,1,1,1,11,1.5072901850534597,0.885849467071905,2.107372186744088,0.7087109088897705,0.15556836128234863
500,9.0,3,1,1,1,1,12,1.2874207969375484,0.7576478395740764,1.765930379782497,0.8088412284851074,0.1695997714996338
500,9.0,3,1,1,1,1,13,1.631242571380499,0.7525048450386089,2.3837474164191077,0.7667832374572754,0.13249683380126953
500,9.0,3,1,1,1,1,14,1.2755851569759389,0.9520824457701738,1.8091416905625999,0.7169227600097656,0.17662358283996582
500,9.0,3,1,1,1,1,15,1.1526768570703134,0.9624431412356177,2.060567145788209,0.7562382221221924,0.13417363166809082
500,9.0,3,1,1,1,1,16,1.253423596616885,1.3120720058325641,2.4793265653552865,0.7328848838806152,0.15742731094360352
500,9.0,3,1,1,1,1,17,1.3026972031356292,1.1078878268726626,1.9058515709127886,0.8385508060455322,0.1787397861480713
500,9.0,3,1,1,1,1,18,1.2511520726339083,0.7465651916147179,1.700155470682522,0.8610734939575195,0.1791989803314209
500,9.0,3,1,1,1,1,19,1.3654173032815806,0.7213183267076068,1.7498966342955677,0.7029573917388916,0.11794376373291016
500,9.0,3,1,1,1,1,20,1.0544736045808696,0.6576469325174867,1.628017827700837,0.7512328624725342,0.1254277229309082
500,9.0,3,1,1,1,1,21,1.4150579169843762,0.815918373994612,2.1103212510750544,0.834984302520752,0.17708206176757812
500,9.0,3,1,1,1,1,22,1.4028906925690263,0.9303131263773199,1.787594076088892,0.7113769054412842,0.1571033000946045
500,9.0,3,1,1,1,1,23,1.1617560862765306,0.8275758537033284,1.6091341607354495,0.7367119789123535,0.12276411056518555
500,9.0,3,1,1,1,1,24,1.237094641261903,0.732256383785319,1.7683798803370085,0.7219734191894531,0.1615283489227295
500,9.5,3,1,1,1,1,0,1.3145242627206672,0.8747061430989871,2.0964560138287602,0.7361061573028564,0.14948725700378418
500,9.5,3,1,1,1,1,1,1.162744050358576,1.1645984124816295,2.1948605559127703,0.722506046295166,0.15619325637817383
500,9.5,3,1,1,1,1,2,1.800952855863791,0.7422640115488152,2.012955938981297,0.743110179901123,0.1331169605255127
500,9.5,3,1,1,1,1,3,1.3956072952415752,0.875751344928537,2.0636735421200756,0.7148921489715576,0.13851356506347656
500,9.5,3,1,1,1,1,4,1.309255643721885,0.7789992635011573,2.0093816543929983,0.7587063312530518,0.1347978115081787
500,9.5,3,1,1,1,1,5,1.3117483849920297,1.0197244361592601,2.1190183630994524,0.8261113166809082,0.17300152778625488
500,9.5,3,1,1,1,1,6,1.2309996555747518,0.7453108201898431,1.6218729569582375,0.7220432758331299,0.1371910572052002
500,9.5,3,1,1,1,1,7,1.8941369596078326,1.2511123757723719,2.1061961409923606,0.8007853031158447,0.16303777694702148
500,9.5,3,1,1,1,1,8,1.539178165742019,0.9224829015788416,1.8487508844361875,0.794407844543457,0.1621687412261963
500,9.5,3,1,1,1,1,9,1.6026781808566757,1.0312744709613078,2.2313826066048525,0.8587706089019775,0.17347240447998047
500,9.5,3,1,1,1,1,10,1.2303776340799144,1.0207633970272512,2.070230917895902,0.7342605590820312,0.11432242393493652
500,9.5,3,1,1,1,1,11,1.3687830392560358,1.2281686735123087,2.5969517127683446,0.7383272647857666,0.13352108001708984
500,9.5,3,1,1,1,1,12,1.4175442284562347,1.1313845289867084,2.10288125362127,0.6938471794128418,0.14342713356018066
500,9.5,3,1,1,1,1,13,1.5862660127339214,1.2741776846141393,2.5085845701413825,0.7464511394500732,0.12583613395690918
500,9.5,3,1,1,1,1,14,1.130785319042183,0.6950312919554937,1.5697185031061935,0.759535551071167,0.13457989692687988
500,9.5,3,1,1,1,1,15,1.3774777963219167,0.7333389721218849,1.6838574585535342,0.7363321781158447,0.1420574188232422
500,9.5,3,1,1,1,1,16,1.899957957937991,0.7434751135839351,2.0238265099755264,0.7139272689819336,0.14053893089294434
500,9.5,3,1,1,1,1,17,1.245223116012302,0.809343340979691,2.054566456991993,0.7344751358032227,0.14152145385742188
500,9.5,3,1,1,1,1,18,1.2766327242507092,0.7989245363812794,1.8967907310613872,0.8288509845733643,0.17867422103881836
500,9.5,3,1,1,1,1,19,1.3020498508505767,1.1928321527601125,2.373067585886283,0.7218887805938721,0.16771793365478516
500,9.5,3,1,1,1,1,20,1.4438691725932342,0.7615722469295652,1.885013002266034,0.7465214729309082,0.14922809600830078
500,9.5,3,1,1,1,1,21,1.5883900004057,1.0823919636929187,2.4884405067803135,0.7063350677490234,0.1372389793395996
500,9.5,3,1,1,1,1,22,1.6327915401730213,0.9240594028181797,2.015806446382139,0.7583236694335938,0.14145374298095703
500,9.5,3,1,1,1,1,23,1.4852547328062922,1.310693825343076,2.628338550608975,0.7618954181671143,0.14751625061035156
500,9.5,3,1,1,1,1,24,1.2929824014065248,0.7347060038832324,1.8145665721017892,0.7102859020233154,0.1650383472442627
500,10.0,3,1,1,1,1,0,2.771733322169048,1.3094899057744496,3.041289330644706,0.7394819259643555,0.11775445938110352
500,10.0,3,1,1,1,1,1,1.4367273105373863,0.7050768775230486,2.112113640713561,0.835329532623291,0.1699390411376953
500,10.0,3,1,1,1,1,2,1.6865124472221624,0.8823989046053946,2.3988384412654393,0.8717396259307861,0.16888737678527832
500,10.0,3,1,1,1,1,3,1.3267670357974888,0.7527537123341158,1.7740488967570038,0.7270107269287109,0.13052058219909668
500,10.0,3,1,1,1,1,4,1.7397869944920492,1.0931752496010694,2.3545297203109374,0.6980912685394287,0.13558530807495117
500,10.0,3,1,1,1,1,5,1.326883867668982,0.735387018408213,1.9177910370443825,0.7618377208709717,0.12498188018798828
500,10.0,3,1,1,1,1,6,1.6777561605014837,0.7830918692422649,1.9840056400552593,0.8300662040710449,0.16904187202453613
500,10.0,3,1,1,1,1,7,1.5077614048089552,1.0401552334707196,2.0378162597671645,0.7170872688293457,0.15937423706054688
500,10.0,3,1,1,1,1,8,1.7667123237749067,1.0560595290490773,2.4305466045723154,0.721829891204834,0.15910768508911133
500,10.0,3,1,1,1,1,9,1.4715720212446928,0.8922399517189379,1.9962705090784225,0.7106757164001465,0.1515953540802002
500,10.0,3,1,1,1,1,10,1.414659245114201,1.0488746855094857,2.4454547341247785,0.7849619388580322,0.14227986335754395
500,10.0,3,1,1,1,1,11,1.4229177709994156,0.8937324853692825,2.1787561528413466,0.8766946792602539,0.16463518142700195
500,10.0,3,1,1,1,1,12,1.7924054136197165,1.6005680082290379,3.308933198545323,0.7285099029541016,0.14804601669311523
500,10.0,3,1,1,1,1,13,1.675868104367042,1.134523189590887,2.4449268633802865,0.7506928443908691,0.12531805038452148
500,10.0,3,1,1,1,1,14,1.8061772424541855,0.9377417050227134,2.528397045604002,0.7905294895172119,0.12508773803710938
500,10.0,3,1,1,1,1,15,1.4153620098280608,0.9757661569212902,2.0334553726965483,0.8281481266021729,0.14485716819763184
500,10.0,3,1,1,1,1,16,1.6932150796401995,0.8823112613355565,2.3352653419707163,0.7437751293182373,0.14545655250549316
500,10.0,3,1,1,1,1,17,1.6269034786022203,0.7869445326467912,1.9120127731587786,0.7560808658599854,0.1364896297454834
500,10.0,3,1,1,1,1,18,1.3055603634342026,0.8900300199866379,2.1015273058050257,0.8567180633544922,0.16361665725708008
500,10.0,3,1,1,1,1,19,1.733640240930474,0.8759097830509227,2.1617737403791177,0.7177488803863525,0.14802145957946777
500,10.0,3,1,1,1,1,20,1.7365891501606674,1.0615809903318612,2.399743338108135,0.7998561859130859,0.10705971717834473
500,10.0,3,1,1,1,1,21,1.4023819819540388,0.8439060713949124,1.8235229322197024,0.7073535919189453,0.14768004417419434
500,10.0,3,1,1,1,1,22,1.8379410723318819,1.1843877721010987,2.387597491157588,0.7399272918701172,0.14119577407836914
500,10.0,3,1,1,1,1,23,1.4065274869558515,0.821190890790532,1.9834170264059674,0.7030835151672363,0.13379621505737305
500,10.0,3,1,1,1,1,24,1.435598708794105,1.1220549717284596,2.3108094668913806,0.8696939945220947,0.15636801719665527
500,10.5,3,1,1,1,1,0,1.9251898043859266,0.9367345720285517,2.4356481182747514,0.7438676357269287,0.13514018058776855
500,10.5,3,1,1,1,1,1,1.7420165177978604,0.9907143689984089,2.2528108511403286,0.7642264366149902,0.13454270362854004
500,10.5,3,1,1,1,1,2,1.9592168657186237,1.1288609172511415,2.6559321091617427,0.6717894077301025,0.13128376007080078
500,10.5,3,1,1,1,1,3,2.2868321384789674,1.1452583662107956,3.239772881338388,0.7133851051330566,0.17458868026733398
500,10.5,3,1,1,1,1,4,1.523730981023885,0.9097220185107203,2.1394780549885404,0.7724440097808838,0.12125539779663086
500,10.5,3,1,1,1,1,5,1.9201253803175151,1.429657878728401,3.3497832590459162,0.7175829410552979,0.16550326347351074
500,10.5,3,1,1,1,1,6,1.6988634251197885,0.9140213547650652,1.9447587118934662,0.7386653423309326,0.1542959213256836
500,10.5,3,1,1,1,1,7,1.79007073288081,0.9425275412903692,2.5461465743932576,0.719325065612793,0.15587735176086426
500,10.5,3,1,1,1,1,8,2.066602796932887,1.6820782563200634,3.74868105325295,0.9124526977539062,0.15978074073791504
500,10.5,3,1,1,1,1,9,1.9504656888615828,1.118027941657324,2.6251151756466955,0.9342195987701416,0.15237212181091309
500,10.5,3,1,1,1,1,10,1.5067035645017168,1.6435047182066935,2.992120917358086,0.7280702590942383,0.13744235038757324
500,10.5,3,1,1,1,1,11,1.6675607917502788,1.090625544117906,2.758186335868185,0.716355562210083,0.1295642852783203
500,10.5,3,1,1,1,1,12,1.5082514521083823,1.187801125029401,2.294539674779948,0.837071418762207,0.1710948944091797
500,10.5,3,1,1,1,1,13,2.753264781083456,1.378568042327502,3.1738504240933056,0.7477591037750244,0.1305370330810547
500,10.5,3,1,1,1,1,14,1.483224357357294,1.4117678678913446,2.2138933066534516,0.7244167327880859,0.14710283279418945
500,10.5,3,1,1,1,1,15,2.765631172059577,1.0194978452845167,3.259316181542593,0.7293853759765625,0.14811396598815918
500,10.5,3,1,1,1,1,16,1.3572845352563236,1.296122847121977,2.3078722557762337,0.7212159633636475,0.16492390632629395
500,10.5,3,1,1,1,1,17,1.7137016343794478,1.2620459691986863,2.5856896463987615,0.8063759803771973,0.16315412521362305
500,10.5,3,1,1,1,1,18,1.5018836201602017,1.3600181998407999,2.2797136160733587,0.7376530170440674,0.13352656364440918
500,10.5,3,1,1,1,1,19,1.6738354636174972,1.414819577958965,2.92805340311937,0.7395389080047607,0.16051650047302246
500,10.5,3,1,1,1,1,20,2.679827894303659,1.1664650294013827,2.9800774565247554,0.7069699764251709,0.12593698501586914
500,10.5,3,1,1,1,1,21,2.2167274322991473,1.2086446763978052,3.1155773225417294,0.8612997531890869,0.17487645149230957
500,10.5,3,1,1,1,1,22,1.68415636544155,1.2056894788636265,2.5711068970999422,0.7791275978088379,0.13513422012329102
500,10.5,3,1,1,1,1,23,1.6879282942260825,0.8975235893471991,2.2609120255420443,0.7016983032226562,0.14102840423583984
500,10.5,3,1,1,1,1,24,1.437199218477527,0.8119245469689442,2.0834637419679645,0.751549482345581,0.13608002662658691
500,11.0,3,1,1,1,1,0,2.7540115217530463,3.0017254115923544,5.755736933345401,0.782254695892334,0.16421079635620117
500,11.0,3,1,1,1,1,1,2.6992983893893503,0.9337280380587688,3.4662197100099963,0.8204646110534668,0.1426219940185547
500,11.0,3,1,1,1,1,2,1.7602936654268715,0.9681041560259582,2.225748300726109,0.7063920497894287,0.13692069053649902
500,11.0,3,1,1,1,1,3,2.1451791804424314,1.2729182363205511,2.6395799139360117,0.7206785678863525,0.13341617584228516
500,11.0,3,1,1,1,1,4,1.6811874069605401,1.153216473088193,2.6303839313212762,0.7314188480377197,0.12003684043884277
500,11.0,3,1,1,1,1,5,2.1745385385511975,1.1944606102085809,2.5902641353998397,0.8798296451568604,0.18792963027954102
500,11.0,3,1,1,1,1,6,1.6642502494424714,1.0773321623565286,2.3785190503620397,0.7419674396514893,0.1364145278930664
500,11.0,3,1,1,1,1,7,2.0405837719282163,1.2884107012545636,2.795798227703393,0.7087571620941162,0.15453338623046875
500,11.0,3,1,1,1,1,8,2.544573277717867,1.1356276356516595,3.161559874080302,0.7627332210540771,0.12867236137390137
500,11.0,3,1,1,1,1,9,2.405826939611985,1.2665175701683773,2.622037701363072,0.8560378551483154,0.18152475357055664
500,11.0,3,1,1,1,1,10,1.5419918489298847,1.4396718148482488,2.594606500878498,0.7086591720581055,0.1617884635925293
500,11.0,3,1,1,1,1,11,2.24565471677074,1.2295363460362179,3.475191062806958,0.742053747177124,0.1346597671508789
500,11.0,3,1,1,1,1,12,1.8813867511823759,1.1701465083254592,2.8018020635657317,0.694511890411377,0.15442323684692383
500,11.0,3,1,1,1,1,13,1.990972197885156,1.2272233431620656,2.925492001834059,0.7260479927062988,0.1517026424407959
500,11.0,3,1,1,1,1,14,2.1727410552048125,1.3294494840328588,2.904372611665202,0.8638556003570557,0.16208624839782715
500,11.0,3,1,1,1,1,15,1.5417277183227645,0.8987188035066924,2.204758319630449,0.7058994770050049,0.14605164527893066
500,11.0,3,1,1,1,1,16,1.5768463298065114,1.252179354487746,2.5786699453898194,0.730607271194458,0.1420576572418213
500,11.0,3,1,1,1,1,17,2.0255659342016603,1.5858646709657682,3.100169096024465,0.7676177024841309,0.17051935195922852
500,11.0,3,1,1,1,1,18,2.8024555442091335,1.7780380735668968,4.302386111331409,0.8611533641815186,0.16312670707702637
500,11.0,3,1,1,1,1,19,2.772153520490746,1.9498493330194733,3.9726075505891405,0.7721402645111084,0.12042117118835449
500,11.0,3,1,1,1,1,20,1.9270089347057466,1.1201829398748555,2.322629727515489,0.7267074584960938,0.1510481834411621
500,11.0,3,1,1,1,1,21,1.8944705521397716,1.415947368634154,2.928892217295922,0.7392637729644775,0.1474463939666748
500,11.0,3,1,1,1,1,22,2.625085151747184,1.2952728410965924,3.002843248646609,0.734229564666748,0.15524792671203613
500,11.0,3,1,1,1,1,23,2.6956006448235916,1.0260415089659032,3.344055081094713,0.7603096961975098,0.14553070068359375
500,11.0,3,1,1,1,1,24,1.9766324959523396,1.4110052226399283,3.1408731517811317,0.715923547744751,0.13206005096435547
500,11.5,3,1,1,1,1,0,2.2417222519902626,1.2575434094188953,2.8910012123347246,0.7205038070678711,0.15741467475891113
500,11.5,3,1,1,1,1,1,2.823634329163886,3.5334423137984627,5.7798836293635585,0.7010505199432373,0.1380767822265625
500,11.5,3,1,1,1,1,2,1.9870029430922,1.9204950015638846,3.5227830292461864,0.8646838665008545,0.160322904586792
500,11.5,3,1,1,1,1,3,1.8076616686812534,1.2742948029993288,2.7019526578743354,0.73923659324646,0.12309002876281738
500,11.5,3,1,1,1,1,4,1.8876016494936194,1.0196827693482293,2.1990614220595277,0.71087646484375,0.14240741729736328
500,11.5,3,1,1,1,1,5,2.6583454358180703,1.622043344149506,4.280388779967576,0.6948342323303223,0.15134406089782715
500,11.5,3,1,1,1,1,6,2.1533424752163723,1.1265199115275988,2.913902858232749,0.705348014831543,0.1355288028717041
500,11.5,3,1,1,1,1,7,2.276697369225402,1.2961941744201206,3.0539804625955944,0.8114175796508789,0.145524263381958
500,11.5,3,1,1,1,1,8,2.0474299971386185,1.010006308581248,2.5103002122111766,0.7124953269958496,0.13743853569030762
500,11.5,3,1,1,1,1,9,1.4855057287558322,1.3975005152555244,2.6362856188109602,0.8571453094482422,0.16905498504638672
500,11.5,3,1,1,1,1,10,1.7949866614150378,1.0895257833560188,2.580159536279054,0.783240795135498,0.15755820274353027
500,11.5,3,1,1,1,1,11,2.4811339263848584,1.109160220755106,3.1023444735222934,0.8631777763366699,0.18103814125061035
500,11.5,3,1,1,1,1,12,1.5710067958805516,1.031776774700461,2.326204817995518,0.7266640663146973,0.14931702613830566
500,11.5,3,1,1,1,1,13,1.8788557397078216,1.2975024131044048,2.9242761964225537,0.7250349521636963,0.15909647941589355
500,11.5,3,1,1,1,1,14,2.60980140140785,1.5105500928649616,3.379864756191201,0.7601394653320312,0.13050293922424316
500,11.5,3,1,1,1,1,15,2.0611028419230624,1.3033385706632705,3.144476822323666,0.8778383731842041,0.16929006576538086
500,11.5,3,1,1,1,1,16,1.836386862675696,1.142597101265846,2.9394719575767736,0.7239243984222412,0.12397265434265137
500,11.5,3,1,1,1,1,17,1.6774434661819697,1.1164517598799808,2.4635868872288467,0.7579746246337891,0.1455397605895996
500,11.5,3,1,1,1,1,18,1.8863140822884072,1.5339757119378485,2.836502963333528,0.6841673851013184,0.12756061553955078
500,11.5,3,1,1,1,1,19,2.1497063629108726,1.057587485009004,3.2072938479198765,0.7858986854553223,0.16306447982788086
500,11.5,3,1,1,1,1,20,2.3265453386785633,1.181655121527223,3.03037542171489,0.7387981414794922,0.14604735374450684
500,11.5,3,1,1,1,1,21,2.4345767421491478,1.3821371745699034,3.2488694127197655,0.7414162158966064,0.15308475494384766
500,11.5,3,1,1,1,1,22,2.0101483682469135,2.1301787078057948,4.140327076052708,0.7206516265869141,0.12705397605895996
500,11.5,3,1,1,1,1,23,2.0132852464545192,1.4912389127650982,3.3001472318582827,0.7193508148193359,0.13647770881652832
500,11.5,3,1,1,1,1,24,1.7241673265940762,1.0059290457482568,2.565475674048565,0.9244904518127441,0.1554405689239502
500,12.0,3,1,1,1,1,0,2.810469601583822,1.313219462600789,3.088674426729777,0.848651647567749,0.14231324195861816
500,12.0,3,1,1,1,1,1,2.396279583320653,1.1534974701636447,3.426892183757567,0.7280349731445312,0.13051462173461914
500,12.0,3,1,1,1,1,2,2.201858374825655,1.0914928930460008,3.0618108813348766,0.7414274215698242,0.12446951866149902
500,12.0,3,1,1,1,1,3,2.634983363992213,1.5519342061397996,3.6449505056066203,0.8102800846099854,0.16306638717651367
500,12.0,3,1,1,1,1,4,1.8784073379226556,1.1550916432149663,2.871430161052377,0.700066328048706,0.1620950698852539
500,12.0,3,1,1,1,1,5,2.4747166762619086,1.4555477453051286,3.6795898784838252,0.7720861434936523,0.1234140396118164
500,12.0,3,1,1,1,1,6,2.753488489348538,1.47027010053062,3.39929059619124,0.724419116973877,0.15807390213012695
500,12.0,3,1,1,1,1,7,2.8267481784743644,1.1835356571813833,2.927431264675042,0.7901101112365723,0.11950349807739258
500,12.0,3,1,1,1,1,8,2.790369568475899,1.1851119576195666,3.3435403203433993,0.812572717666626,0.1482853889465332
500,12.0,3,1,1,1,1,9,2.8206505308520886,2.2272889208876445,4.144675277994377,0.7508735656738281,0.1394033432006836
500,12.0,3,1,1,1,1,10,1.9385565962315539,1.1347757675099142,3.073332363741468,0.7633061408996582,0.13045096397399902
500,12.0,3,1,1,1,1,11,2.8283625169353748,2.6603002918585714,4.930864679152746,0.7277436256408691,0.1453266143798828
500,12.0,3,1,1,1,1,12,2.1469677652058903,1.0713251593403896,2.5533105293366423,0.8403069972991943,0.1808915138244629
500,12.0,3,1,1,1,1,13,2.8031093551654926,1.7825358917487635,3.809148288082079,0.7399179935455322,0.15412282943725586
500,12.0,3,1,1,1,1,14,1.8925039703573026,1.2435039377848363,2.930810620061636,0.73948073387146,0.13893747329711914
500,12.0,3,1,1,1,1,15,2.134223126952303,1.9968562869094673,4.058298915892903,0.7038254737854004,0.15767693519592285
500,12.0,3,1,1,1,1,16,2.7986003488312963,1.6247686266103936,3.7527684491502233,0.7589631080627441,0.11706781387329102
500,12.0,3,1,1,1,1,17,2.29799725269082,1.15520433340266,2.7802576976914817,0.887519121170044,0.15108561515808105
500,12.0,3,1,1,1,1,18,2.7264209369894146,2.0677878643200778,4.633447112659887,0.7341210842132568,0.14751863479614258
500,12.0,3,1,1,1,1,19,2.1705592230852235,1.3016118238479846,3.2766171451990793,0.7454755306243896,0.14551758766174316
500,12.0,3,1,1,1,1,20,2.2404301198873298,1.301897412603086,3.437822797944378,0.6992344856262207,0.15812206268310547
500,12.0,3,1,1,1,1,21,2.487630082348611,1.3453830866197822,3.267635768452042,0.8679137229919434,0.16904234886169434
500,12.0,3,1,1,1,1,22,1.9307261460258078,1.6901670512094265,3.186357278845734,0.7165212631225586,0.13551759719848633
500,12.0,3,1,1,1,1,23,2.7703973465723783,1.4973369052329542,4.267265952905436,0.7622900009155273,0.14054632186889648
500,12.0,3,1,1,1,1,24,2.8034636627881095,2.1283157973386455,4.911759975418217,0.7297704219818115,0.1330273151397705
500,12.5,3,1,1,1,1,0,2.828212562970534,3.2966414040352774,6.106184228868028,0.8223013877868652,0.15368890762329102
500,12.5,3,1,1,1,1,1,2.783035999267713,1.6932890898873214,4.476325089155035,0.7742087841033936,0.11830878257751465
500,12.5,3,1,1,1,1,2,2.827891680801658,3.4078954967293376,5.9361090225157,0.7324566841125488,0.13514065742492676
500,12.5,3,1,1,1,1,3,2.82830613840104,2.4677445413168257,4.306032494698156,0.7523665428161621,0.12784624099731445
500,12.5,3,1,1,1,1,4,2.8064307253112117,1.4573219308395706,3.2941278208876006,0.700308084487915,0.15825152397155762
500,12.5,3,1,1,1,1,5,2.8180927195986367,1.18201346113739,3.5094460558354923,0.8810091018676758,0.16228437423706055
500,12.5,3,1,1,1,1,6,2.7674256038690763,1.9914939078224172,3.9272022672564724,0.7301983833312988,0.14354276657104492
500,12.5,3,1,1,1,1,7,2.8090435237858977,2.559536623897336,4.862501473445386,0.7389533519744873,0.1330423355102539
500,12.5,3,1,1,1,1,8,2.679146235627413,1.4271272330364693,3.660955149249489,0.7676026821136475,0.15618109703063965
500,12.5,3,1,1,1,1,9,2.6677775477218306,1.8450435985490832,3.702576385741051,0.8464124202728271,0.17003488540649414
500,12.5,3,1,1,1,1,10,2.8271573587698624,1.8621134029415773,4.178871252384804,0.7382967472076416,0.13555479049682617
500,12.5,3,1,1,1,1,11,2.82841161263693,2.1858495848529205,4.523382336602019,0.7198498249053955,0.12935948371887207
500,12.5,3,1,1,1,1,12,2.7519681372702105,1.2810112382847578,3.356485183512911,0.75925612449646,0.11455678939819336
500,12.5,3,1,1,1,1,13,2.6350222967062944,1.6132985768416128,3.5900718756768715,0.7308523654937744,0.11500024795532227
500,12.5,3,1,1,1,1,14,2.7876623673778664,1.529737237552976,3.689342960397734,0.7569527626037598,0.15686798095703125
500,12.5,3,1,1,1,1,15,2.826390224412876,1.1118420545910077,3.764838046661179,0.7581596374511719,0.12413573265075684
500,12.5,3,1,1,1,1,16,2.827315611033208,1.5944901964785325,3.8432638161052273,0.7313055992126465,0.1555173397064209
500,12.5,3,1,1,1,1,17,2.614398979014355,1.1834790716157264,3.6785663622891285,0.754021406173706,0.1349320411682129
500,12.5,3,1,1,1,1,18,2.764902377099254,1.6956998794686502,4.13054720601426,0.8511769771575928,0.168137788772583
500,12.5,3,1,1,1,1,19,2.7984867066628043,1.85329131777592,4.375250129797388,0.7071218490600586,0.15451908111572266
500,12.5,3,1,1,1,1,20,2.8031829326245226,1.7726046156877289,3.4518976433013715,0.7217626571655273,0.13532114028930664
500,12.5,3,1,1,1,1,21,2.1195546289900387,1.3417304755324937,3.361582405645491,0.712289571762085,0.15100431442260742
500,12.5,3,1,1,1,1,22,2.1855492094915556,1.4403360041247668,3.0879527121446655,0.7499313354492188,0.13408613204956055
500,12.5,3,1,1,1,1,23,2.817833683543559,2.3168254492492966,5.134659132792855,0.9194085597991943,0.14308428764343262
500,12.5,3,1,1,1,1,24,2.7322626816846984,1.5574893141833677,3.7340875178910586,0.727684736251831,0.1410694122314453
500,13.0,3,1,1,1,1,0,2.580545241477422,1.578620459417599,3.4235165331184376,0.8334999084472656,0.15752601623535156
500,13.0,3,1,1,1,1,1,2.6020471792762847,1.425478846012858,3.7713928163783095,0.7192466259002686,0.1376357078552246
500,13.0,3,1,1,1,1,2,2.4002910378973756,1.602403836781921,3.6836627165044447,0.8889544010162354,0.1790919303894043
500,13.0,3,1,1,1,1,3,2.419658440913341,2.488520214720041,4.908178655633382,0.6973958015441895,0.11206531524658203
500,13.0,3,1,1,1,1,4,2.554842226578474,1.7349442454095778,4.175273459402849,0.727118968963623,0.15852832794189453
500,13.0,3,1,1,1,1,5,2.8064394895052724,1.8675614854322893,4.634196466745474,0.6884682178497314,0.14002180099487305
500,13.0,3,1,1,1,1,6,2.7492404504811905,2.457610985681156,4.503590703940068,0.7587826251983643,0.1602942943572998
500,13.0,3,1,1,1,1,7,2.6372846407539288,1.2131778584905353,3.6462158833748175,0.7505600452423096,0.1391441822052002
500,13.0,3,1,1,1,1,8,2.8284243199626014,3.3174627735654436,6.110579829895068,0.6848013401031494,0.16656208038330078
500,13.0,3,1,1,1,1,9,2.814053264577279,2.0486078033619197,4.757879022701402,0.733299732208252,0.1500718593597412
500,13.0,3,1,1,1,1,10,2.357036542146242,1.5623083740503063,2.922441025350815,0.7264432907104492,0.11044716835021973
500,13.0,3,1,1,1,1,11,2.7793668309959614,2.415306284276177,5.162735749315307,0.911658525466919,0.16459369659423828
500,13.0,3,1,1,1,1,12,2.3357797550606842,1.5635306673021543,3.8993104223628388,0.7673091888427734,0.11610817909240723
500,13.0,3,1,1,1,1,13,2.8267923590523547,2.3128975671284535,4.704129558699408,0.720440149307251,0.14709949493408203
500,13.0,3,1,1,1,1,14,2.8278649394804214,2.6496597780567512,5.477524717537173,0.7865662574768066,0.1201481819152832
500,13.0,3,1,1,1,1,15,2.666132985883995,1.2495979835986109,3.2351080502193255,0.7581894397735596,0.1633749008178711
500,13.0,3,1,1,1,1,16,2.8281936164985497,3.7180881778786676,6.500246462753767,0.7657949924468994,0.1380901336669922
500,13.0,3,1,1,1,1,17,2.763537946324418,1.878868033445383,3.4784267030783846,0.7848360538482666,0.1424720287322998
500,13.0,3,1,1,1,1,18,2.8122014173824375,1.683155673102045,4.0989282860924146,0.7430131435394287,0.15205121040344238
500,13.0,3,1,1,1,1,19,2.642045183705806,1.5914718711102656,3.6356184815803414,0.7277107238769531,0.13155102729797363
500,13.0,3,1,1,1,1,20,2.8274445115325446,1.909759826436916,4.720077677764368,0.8467323780059814,0.16451478004455566
500,13.0,3,1,1,1,1,21,2.576393758325692,1.8868801672231128,4.283258441757361,0.7439560890197754,0.13544797897338867
500,13.0,3,1,1,1,1,22,2.787177072951463,1.9339341509117078,4.541261849416614,0.7349710464477539,0.11132121086120605
500,13.0,3,1,1,1,1,23,2.8277114929789815,1.9423028808672624,4.369923309551231,0.7439348697662354,0.1316053867340088
500,13.0,3,1,1,1,1,24,2.825975365192747,1.4644589832238135,3.4057969283640612,0.8274848461151123,0.1800518035888672
500,13.5,3,1,1,1,1,0,2.6962493329830766,1.5924418822112174,3.953167733170547,0.7483997344970703,0.15351295471191406
500,13.5,3,1,1,1,1,1,2.8244564920167425,2.4448806006640345,4.444821693683372,0.7367894649505615,0.14199566841125488
500,13.5,3,1,1,1,1,2,2.8264442070021687,1.5453443190513427,4.243253808392111,0.7192962169647217,0.15461397171020508
500,13.5,3,1,1,1,1,3,2.8236105910483524,1.2251069598340683,3.510337226176473,0.7329416275024414,0.14517807960510254
500,13.5,3,1,1,1,1,4,2.771012164121807,2.1693073658747557,4.539795395031344,0.9022097587585449,0.15816688537597656
500,13.5,3,1,1,1,1,5,2.7891397757780236,1.803493948061915,3.726554637068824,0.7542860507965088,0.14744281768798828
500,13.5,3,1,1,1,1,6,2.8242242629723826,3.0452993808231166,5.415526823376791,0.7409343719482422,0.13408112525939941
500,13.5,3,1,1,1,1,7,2.778569277777424,2.165319068103259,4.707101242823729,0.7482743263244629,0.14820289611816406
500,13.5,3,1,1,1,1,8,2.8250551890742788,3.551753772874244,6.220550149715553,0.8273425102233887,0.16851806640625
500,13.5,3,1,1,1,1,9,2.8206537770314264,2.396934515172003,4.929033599366825,0.7169535160064697,0.14599919319152832
500,13.5,3,1,1,1,1,10,2.8025422742507025,1.5343314121885818,3.93909976975567,0.7577517032623291,0.12005233764648438
500,13.5,3,1,1,1,1,11,2.8284256404877253,1.6100524703244188,4.20361281225902,0.6997625827789307,0.14194536209106445
500,13.5,3,1,1,1,1,12,2.8224177247828934,2.551103757296342,5.369464228465649,0.8034858703613281,0.16536712646484375
500,13.5,3,1,1,1,1,13,2.8266814073802937,1.8985585086231718,4.158460540156437,0.7775347232818604,0.13399100303649902
500,13.5,3,1,1,1,1,14,2.5219599012551575,1.3183156032298389,3.5097142750015617,0.7008788585662842,0.14713001251220703
500,13.5,3,1,1,1,1,15,2.828386728259945,4.057083166397452,6.8078593825821505,0.7192754745483398,0.14016127586364746
500,13.5,3,1,1,1,1,16,2.8242932941653804,1.8013316418061707,4.1147960985884025,0.6977496147155762,0.169525146484375
500,13.5,3,1,1,1,1,17,2.828422861801097,2.373509330701021,5.057505883037779,0.8456838130950928,0.1667652130126953
500,13.5,3,1,1,1,1,18,2.825094916011911,3.9721654564994,6.797260372511311,0.7433905601501465,0.13624191284179688
500,13.5,3,1,1,1,1,19,2.814503561409652,2.7318844862823126,5.352695798357537,0.7180259227752686,0.14908385276794434
500,13.5,3,1,1,1,1,20,2.6976284436719955,2.2127618399757405,4.647950915918739,0.6753535270690918,0.13464927673339844
500,13.5,3,1,1,1,1,21,2.4279038422976584,2.089783924234966,4.243407605363235,0.7402992248535156,0.14601755142211914
500,13.5,3,1,1,1,1,22,2.754159138074264,1.7742993050151175,3.5165914002738656,0.8013038635253906,0.12904095649719238
500,13.5,3,1,1,1,1,23,2.828322378209811,3.012981841966892,5.816505916579694,0.7352743148803711,0.14953207969665527
500,13.5,3,1,1,1,1,24,2.8175766098069888,1.812977221170481,4.514517803706979,0.7497422695159912,0.12339377403259277
500,14.0,3,1,1,1,1,0,2.7875776883100625,1.7000144232656234,4.169090906306231,0.857027530670166,0.16616535186767578
500,14.0,3,1,1,1,1,1,2.7902484182060623,1.8859272846931388,4.6168308632171975,0.8056187629699707,0.16417932510375977
500,14.0,3,1,1,1,1,2,2.817064516064172,2.662810469580847,5.309950187770337,0.7703051567077637,0.1314711570739746
500,14.0,3,1,1,1,1,3,2.826865450456081,3.7708355403189726,6.3075561470901125,0.7442405223846436,0.1511702537536621
500,14.0,3,1,1,1,1,4,2.828415561266356,2.5008995653383086,5.06882750650249,0.7719881534576416,0.131514310836792
500,14.0,3,1,1,1,1,5,2.8282755274509768,2.3576232845764467,4.574765898208048,0.8235764503479004,0.17597436904907227
500,14.0,3,1,1,1,1,6,2.7797510479811125,1.5123889670288175,3.4830943233096905,0.7333786487579346,0.13351988792419434
500,14.0,3,1,1,1,1,7,2.821866107059617,2.211909831690794,5.0118873463616485,0.7266113758087158,0.11023306846618652
500,14.0,3,1,1,1,1,8,2.8025849401419625,1.6352239479259807,4.0957620406883235,0.7660119533538818,0.14247560501098633
500,14.0,3,1,1,1,1,9,2.815504363568168,2.2779636331760638,4.52724731427886,0.7101943492889404,0.12763452529907227
500,14.0,3,1,1,1,1,10,2.8082803839625328,1.9473145513131145,4.59924468840962,0.8191866874694824,0.1894211769104004
500,14.0,3,1,1,1,1,11,2.826802869248942,2.9497113225014844,5.469029322210921,0.7261257171630859,0.14513754844665527
500,14.0,3,1,1,1,1,12,2.8273723543531477,1.8406266031574827,4.667998957510631,0.7609217166900635,0.14831185340881348
500,14.0,3,1,1,1,1,13,2.8284260746087164,2.1418005002233707,4.834532615278254,0.72613525390625,0.14152216911315918
500,14.0,3,1,1,1,1,14,2.774826253846087,2.994654687934007,5.339351080754346,1.022144079208374,0.17368650436401367
500,14.0,3,1,1,1,1,15,2.8271141966875377,3.32903603503538,6.122085138624303,0.6798386573791504,0.1470019817352295
500,14.0,3,1,1,1,1,16,2.7854976774973035,1.7409591978570447,3.6178696600979556,0.7575995922088623,0.1605536937713623
500,14.0,3,1,1,1,1,17,2.823739383632067,2.252299388572819,4.871671638500752,0.7248835563659668,0.13851642608642578
500,14.0,3,1,1,1,1,18,2.8120734974275687,2.849196055116034,5.190816106707312,0.8841989040374756,0.16408872604370117
500,14.0,3,1,1,1,1,19,2.8019498776367433,1.915330629781894,4.144472832025805,0.7350080013275146,0.13271689414978027
500,14.0,3,1,1,1,1,20,2.7897183135211585,2.4001536701467776,4.751007693376325,0.7266237735748291,0.14808297157287598
500,14.0,3,1,1,1,1,21,2.7936457054413015,1.7538622676364066,3.783802048903321,0.775031328201294,0.12451457977294922
500,14.0,3,1,1,1,1,22,2.823712974295126,2.157873489992699,4.471681002072122,0.7524783611297607,0.14458203315734863
500,14.0,3,1,1,1,1,23,2.8269723440294827,2.212389133396076,4.343872860334391,0.8252346515655518,0.14061450958251953
500,14.0,3,1,1,1,1,24,2.3476760104028265,1.7285869853864446,4.076262995789271,0.69655442237854,0.14732122421264648
500,14.5,3,1,1,1,1,0,2.828122484002473,2.341023986593601,4.185820332947763,0.7372713088989258,0.1281871795654297
500,14.5,3,1,1,1,1,1,2.827027545752574,2.532233680893899,5.348957284594236,0.7009129524230957,0.13410377502441406
500,14.5,3,1,1,1,1,2,2.766051922648212,1.4594456353778578,4.107934857035296,0.8368000984191895,0.16382813453674316
500,14.5,3,1,1,1,1,3,2.8284210236436134,4.348421001956037,7.10331627316239,0.7422950267791748,0.13805079460144043
500,14.5,3,1,1,1,1,4,2.828417430528646,3.028021813029444,5.78034705327738,0.6946489810943604,0.13013100624084473
500,14.5,3,1,1,1,1,5,2.7881719376196803,1.779164556827713,3.963250592276,0.7449321746826172,0.14132475852966309
500,14.5,3,1,1,1,1,6,2.793806784133003,2.2682706430374417,5.017840013166817,0.70682692527771,0.12205195426940918
500,14.5,3,1,1,1,1,7,2.828422722737846,4.961670015294061,7.7772200868660635,0.8609097003936768,0.17204785346984863
500,14.5,3,1,1,1,1,8,2.8276536672100567,2.4003402297932395,5.0187039603943395,0.8869631290435791,0.1689472198486328
500,14.5,3,1,1,1,1,9,2.828245671564768,2.4369654794419096,5.005969181015519,0.7306878566741943,0.13204479217529297
500,14.5,3,1,1,1,1,10,2.8253178066008204,2.9580224047626924,5.783340211363512,0.700355052947998,0.15606212615966797
500,14.5,3,1,1,1,1,11,2.8207821051227007,2.3858120705122805,4.953296596202918,0.8575348854064941,0.16806483268737793
500,14.5,3,1,1,1,1,12,2.8282534162938875,1.9604529261600332,4.2040002836409975,0.7832610607147217,0.15831208229064941
500,14.5,3,1,1,1,1,13,2.8225994548843483,2.3397466284635002,5.162346083347849,0.7443897724151611,0.12552237510681152
500,14.5,3,1,1,1,1,14,2.824285056841725,3.6449307435662943,6.269804939932964,0.7416551113128662,0.15952610969543457
500,14.5,3,1,1,1,1,15,2.8283501612303663,2.8151242319833263,5.643474393213692,0.8069162368774414,0.15707802772521973
500,14.5,3,1,1,1,1,16,2.8279306615026516,2.349373950518359,5.014082713141493,0.724755048751831,0.1392686367034912
500,14.5,3,1,1,1,1,17,2.8260498961521496,1.8640290088110325,4.461157374927428,0.7305123805999756,0.14313125610351562
500,14.5,3,1,1,1,1,18,2.824065321463104,2.4960995837593245,5.293167134273681,0.7140662670135498,0.1370220184326172
500,14.5,3,1,1,1,1,19,2.826924252360578,2.303563390312138,4.236910149438009,0.7192671298980713,0.15056204795837402
500,14.5,3,1,1,1,1,20,2.81039036718896,2.0805878926797967,4.0750916372613375,0.8522336483001709,0.18112921714782715
500,14.5,3,1,1,1,1,21,2.828426611289025,3.9990900191975975,6.720798173009117,0.7249956130981445,0.13996315002441406
500,14.5,3,1,1,1,1,22,2.828169429051482,2.7931814329351035,5.435330729071644,0.7589905261993408,0.13407397270202637
500,14.5,3,1,1,1,1,23,2.8282006303248663,3.459889473635086,6.112825288032459,0.7264513969421387,0.1375415325164795
500,14.5,3,1,1,1,1,24,2.8274529654427805,2.3833158508254866,4.846832101352744,0.7838327884674072,0.11206269264221191
500,15.0,3,1,1,1,1,0,2.8284120228001886,3.332089457872367,6.153947600634268,0.8664705753326416,0.17262744903564453
500,15.0,3,1,1,1,1,1,2.8280684508263154,4.439181907725023,6.889393265543003,0.7263164520263672,0.1295173168182373
500,15.0,3,1,1,1,1,2,2.8090778769231464,2.5560079369021107,5.179821953513709,0.7281742095947266,0.14387297630310059
500,15.0,3,1,1,1,1,3,2.8264346171517545,2.395408344354172,4.67590580139445,0.7542064189910889,0.1216421127319336
500,15.0,3,1,1,1,1,4,2.813941913125227,2.174371409553708,4.988313322678935,0.8988265991210938,0.17106366157531738
500,15.0,3,1,1,1,1,5,2.8260056443904293,2.557311103071308,5.056721026316927,0.7281498908996582,0.14951515197753906
500,15.0,3,1,1,1,1,6,2.8284268761003224,3.6978489638650007,6.399563068976135,0.7454867362976074,0.13290786743164062
500,15.0,3,1,1,1,1,7,2.825679153796631,2.997694223877999,5.405338932468621,0.758014440536499,0.15924644470214844
500,15.0,3,1,1,1,1,8,2.8282387830833406,2.266023610036893,4.6276880360738675,0.8050658702850342,0.16021227836608887
500,15.0,3,1,1,1,1,9,2.82839306825527,3.6245683947832403,6.350930183364756,0.7013006210327148,0.1601254940032959
500,15.0,3,1,1,1,1,10,2.8283672806219418,2.4245366422772117,5.1026563512378065,0.802278995513916,0.1420590877532959
500,15.0,3,1,1,1,1,11,2.8240137153042855,2.8996304439818426,5.453202248403205,0.7133843898773193,0.1368272304534912
500,15.0,3,1,1,1,1,12,2.8283844184834925,2.5821512780704716,5.340444941168274,0.7636477947235107,0.13456487655639648
500,15.0,3,1,1,1,1,13,2.8179013959166284,2.6566963054368635,5.345080889006907,0.8818454742431641,0.16237664222717285
500,15.0,3,1,1,1,1,14,2.8123858827793646,2.8253431556688686,4.688053592506868,0.6996598243713379,0.159698486328125
500,15.0,3,1,1,1,1,15,2.82829286175492,2.934547738804287,5.05730630510824,0.7316925525665283,0.13556337356567383
500,15.0,3,1,1,1,1,16,2.800884033039311,2.1325500264463697,4.228514906582004,0.7873568534851074,0.16865754127502441
500,15.0,3,1,1,1,1,17,2.828425398831164,4.047893282139511,6.184604484402935,0.8594100475311279,0.16813254356384277
500,15.0,3,1,1,1,1,18,2.8280872128469183,3.283417954076916,5.8879827517750964,0.7659814357757568,0.13205480575561523
500,15.0,3,1,1,1,1,19,2.8272991555030673,1.8623990048946306,4.149930791910249,0.6881065368652344,0.1495051383972168
500,15.0,3,1,1,1,1,20,2.8283791530139424,2.595268151033405,4.8173898523018845,0.7465004920959473,0.137054443359375
500,15.0,3,1,1,1,1,21,2.82804971559893,3.9210379534314774,6.547285152654924,0.7272806167602539,0.12466883659362793
500,15.0,3,1,1,1,1,22,2.8284267347475214,4.226624926388991,7.025318801362333,0.7996563911437988,0.15810775756835938
500,15.0,3,1,1,1,1,23,2.8133583873402936,2.3006664614422405,4.473203987010774,0.7421669960021973,0.13451337814331055
500,15.0,3,1,1,1,1,24,2.804815582689624,2.558254174120877,5.178533143153748,0.7427291870117188,0.1570909023284912
500,15.5,3,1,1,1,1,0,2.8056220960303375,2.010715163951308,4.584611568883376,0.7330825328826904,0.13664770126342773
500,15.5,3,1,1,1,1,1,2.8282659909220893,3.870285252545671,6.565928677407083,0.8393337726593018,0.16853785514831543
500,15.5,3,1,1,1,1,2,2.8284244011713766,3.939683911046291,6.7396665216575515,0.7484326362609863,0.12209820747375488
500,15.5,3,1,1,1,1,3,2.8012332501332526,2.7083892815900583,5.4461209293905535,0.7071311473846436,0.12961530685424805
500,15.5,3,1,1,1,1,4,2.8251020946741097,2.0354062217127002,4.553098575955092,0.7918965816497803,0.1085503101348877
500,15.5,3,1,1,1,1,5,2.8223624384652783,2.510357397392741,4.571524255637277,0.7409243583679199,0.11353945732116699
500,15.5,3,1,1,1,1,6,2.823875867504332,3.119465961436019,5.933122480383169,0.8107705116271973,0.1575148105621338
500,15.5,3,1,1,1,1,7,2.8157923812768826,2.1471811619942778,4.925630423936586,0.7851836681365967,0.13451695442199707
500,15.5,3,1,1,1,1,8,2.8284151233829355,2.7374742508031504,5.416882862624904,0.8271834850311279,0.17831039428710938
500,15.5,3,1,1,1,1,9,2.8200298823676153,2.3146572417628177,5.109368211535124,0.7469742298126221,0.12121152877807617
500,15.5,3,1,1,1,1,10,2.8281269868378462,3.0007004960024815,5.818489376022699,0.863492488861084,0.1569356918334961
500,15.5,3,1,1,1,1,11,2.827582101103739,2.349664001264795,4.750902758441311,0.7584924697875977,0.15138864517211914
500,15.5,3,1,1,1,1,12,2.828024992489157,3.0808476913135947,5.320840764082665,0.7659025192260742,0.12660503387451172
500,15.5,3,1,1,1,1,13,2.828425628530466,5.972577870984465,8.646293328934211,0.7281663417816162,0.15799999237060547
500,15.5,3,1,1,1,1,14,2.826143165245044,3.293061493691337,6.102819670010556,0.8032345771789551,0.1418004035949707
500,15.5,3,1,1,1,1,15,2.8239160118020945,2.4341911997877026,5.178439269637363,0.7165126800537109,0.14992141723632812
500,15.5,3,1,1,1,1,16,2.8245244688085713,3.644392157509481,6.41461785555671,0.754725456237793,0.11610150337219238
500,15.5,3,1,1,1,1,17,2.8266213615189035,2.730461834901614,5.553546997397797,0.7312462329864502,0.1361405849456787
500,15.5,3,1,1,1,1,18,2.8100688905132825,2.478553757596943,4.869678273360341,0.7376582622528076,0.12303900718688965
500,15.5,3,1,1,1,1,19,2.8214229515378166,2.594298902116365,5.1431757154782005,0.8750054836273193,0.17307233810424805
500,15.5,3,1,1,1,1,20,2.82710557608314,2.850230279357099,5.329936845177695,0.7023897171020508,0.15168094635009766
500,15.5,3,1,1,1,1,21,2.827526187558664,2.9988022505786915,5.743798541765649,0.7319989204406738,0.13209819793701172
500,15.5,3,1,1,1,1,22,2.8211581371006487,2.37829991762397,4.871214903245068,0.7296464443206787,0.1378631591796875
500,15.5,3,1,1,1,1,23,2.828329760191544,3.6347090545462137,6.140466685113502,0.7582004070281982,0.1636800765991211
500,15.5,3,1,1,1,1,24,2.825684839275058,3.5906193302698637,6.338106988732502,0.7284252643585205,0.13150310516357422
500,16.0,3,1,1,1,1,0,2.8193148714200746,2.2945234273162662,5.04679506658188,0.750342607498169,0.12012386322021484
500,16.0,3,1,1,1,1,1,2.8279256427047286,2.490159807335857,5.015444159360966,0.7300021648406982,0.11948680877685547
500,16.0,3,1,1,1,1,2,2.825222755060461,2.9423339427665214,5.762783415107329,0.6667847633361816,0.13351917266845703
500,16.0,3,1,1,1,1,3,2.8251283402657683,3.322692637995977,6.136057616618919,0.8591573238372803,0.17012763023376465
500,16.0,3,1,1,1,1,4,2.8283691630661862,3.910227577138561,6.737782163309484,0.754401445388794,0.13906264305114746
500,16.0,3,1,1,1,1,5,2.828129443895869,2.27583244078029,4.807710994765706,0.7021529674530029,0.1176915168762207
500,16.0,3,1,1,1,1,6,2.8282616712011492,3.5720668049581987,6.390157681900716,0.7369480133056641,0.11838388442993164
500,16.0,3,1,1,1,1,7,2.82842156857415,3.723449799881225,6.467993729901668,0.8514142036437988,0.15856099128723145
500,16.0,3,1,1,1,1,8,2.825307133489932,2.3271201446250642,5.152427278114996,0.7391021251678467,0.15221643447875977
500,16.0,3,1,1,1,1,9,2.828416189615259,2.597578327273288,5.2694537623255115,0.736020565032959,0.12978482246398926
500,16.0,3,1,1,1,1,10,2.827832648802644,2.4886634008010478,4.539243326778904,0.7119245529174805,0.16123604774475098
500,16.0,3,1,1,1,1,11,2.8276375986756714,2.809006314952964,5.56477226305015,0.7379114627838135,0.14053678512573242
500,16.0,3,1,1,1,1,12,2.827456767227431,3.4882332731263355,5.984418897125275,0.8594362735748291,0.1616222858428955
500,16.0,3,1,1,1,1,13,2.8280656513230187,3.865007230724062,6.34053483379185,0.7312607765197754,0.15945005416870117
500,16.0,3,1,1,1,1,14,2.8181197456291733,2.5228294576746824,5.132996208964613,0.6910750865936279,0.14176273345947266
500,16.0,3,1,1,1,1,15,2.8256152261122542,3.5567880091706803,6.33930750372293,0.7418627738952637,0.15661931037902832
500,16.0,3,1,1,1,1,16,2.828417161781904,2.437916153498208,5.012380541302106,0.7695622444152832,0.16909527778625488
500,16.0,3,1,1,1,1,17,2.8283737842873453,2.905384935529307,5.470703269684295,0.7904317378997803,0.15216565132141113
500,16.0,3,1,1,1,1,18,2.828418844503896,4.334596425412658,6.776163175777876,0.7047019004821777,0.1570892333984375
500,16.0,3,1,1,1,1,19,2.8249036298096315,2.627066061893661,5.033530907912291,0.7371125221252441,0.13306069374084473
500,16.0,3,1,1,1,1,20,2.8283368513887392,3.056034106242227,5.858816735468171,0.7119455337524414,0.15434050559997559
500,16.0,3,1,1,1,1,21,2.8268715822303068,2.993422665078771,5.64305892044509,0.876427173614502,0.16211533546447754
500,16.0,3,1,1,1,1,22,2.8284271246051715,4.0688263929393464,6.5977705312480435,0.7635781764984131,0.1154022216796875
500,16.0,3,1,1,1,1,23,2.8277076789689213,1.9532115261110767,4.640033658538322,0.7601771354675293,0.14734888076782227
500,16.0,3,1,1,1,1,24,2.8284252976341753,3.0589320447712893,5.867006958819463,0.6950304508209229,0.15873384475708008
500,16.5,3,1,1,1,1,0,2.8282520520852956,4.239521943739839,6.998039205250249,0.8480961322784424,0.17226338386535645
500,16.5,3,1,1,1,1,1,2.8283777198453133,3.0667720931897153,5.717997823284972,0.7637062072753906,0.1261293888092041
500,16.5,3,1,1,1,1,2,2.8284019576192025,4.734285275511079,7.354073687903678,0.7359859943389893,0.1536257266998291
500,16.5,3,1,1,1,1,3,2.826528779919306,3.537084367985845,5.877357388569623,0.738872766494751,0.12105822563171387
500,16.5,3,1,1,1,1,4,2.8284223574195617,4.368533890593276,7.1556078648057255,0.73484206199646,0.15452170372009277
500,16.5,3,1,1,1,1,5,2.828404449818855,3.566579625917473,6.353648726278415,0.8105943202972412,0.13742423057556152
500,16.5,3,1,1,1,1,6,2.8249769840893264,3.6550657128902126,6.372069692723758,0.7297937870025635,0.13008856773376465
500,16.5,3,1,1,1,1,7,2.828375862454448,3.566096896826536,6.394472759280984,0.7382946014404297,0.12494754791259766
500,16.5,3,1,1,1,1,8,2.8284238987969768,3.1202506998838073,5.9395228536103195,0.8246395587921143,0.17638802528381348
500,16.5,3,1,1,1,1,9,2.828327360784636,4.103206818927942,6.535168592324117,0.8951427936553955,0.1495218276977539
500,16.5,3,1,1,1,1,10,2.8270275378559684,2.721760540903077,5.519311421047653,0.7398717403411865,0.1321558952331543
500,16.5,3,1,1,1,1,11,2.8284009703760007,5.903429160844687,8.331555729904231,0.7696099281311035,0.15703773498535156
500,16.5,3,1,1,1,1,12,2.8281950968511587,3.2867649817737203,6.0010273999362,0.77115797996521,0.13925719261169434
500,16.5,3,1,1,1,1,13,2.8283964430204014,3.535578754471608,5.734171580290656,0.8540213108062744,0.16724276542663574
500,16.5,3,1,1,1,1,14,2.8284221035766075,4.237505990198915,6.966377555628924,0.7397572994232178,0.14515924453735352
500,16.5,3,1,1,1,1,15,2.8283984431517637,3.422300495153993,6.078702276212955,0.7141470909118652,0.15015482902526855
500,16.5,3,1,1,1,1,16,2.8284245090343667,2.998616222519145,5.7839575044799805,0.7685449123382568,0.12151670455932617
500,16.5,3,1,1,1,1,17,2.8283756232860626,3.2583774316409726,5.96680208217739,0.7019345760345459,0.1583085060119629
500,16.5,3,1,1,1,1,18,2.8283707055801153,3.479596774262287,5.978573302966582,0.7440512180328369,0.12205672264099121
500,16.5,3,1,1,1,1,19,2.8274997155514003,3.2990972955504114,5.931524841620604,0.7377796173095703,0.1285109519958496
500,16.5,3,1,1,1,1,20,2.827732498060085,3.218463740395937,5.955948053599487,0.7414247989654541,0.1420435905456543
500,16.5,3,1,1,1,1,21,2.82814902245823,3.522225652628941,6.338570958090067,0.7175023555755615,0.12486004829406738
500,16.5,3,1,1,1,1,22,2.828323337889058,3.2835075973670764,5.866364171913334,0.9270763397216797,0.14954853057861328
500,16.5,3,1,1,1,1,23,2.8281726116384727,3.431689722963054,6.24879763198103,0.7542774677276611,0.13404560089111328
500,16.5,3,1,1,1,1,24,2.8284205725986133,3.2145403201368343,6.018632417406295,0.7177722454071045,0.17053914070129395
500,17.0,3,1,1,1,1,0,2.8283712444834337,3.881894256422574,6.6228106502643085,0.7551884651184082,0.14914870262145996
500,17.0,3,1,1,1,1,1,2.8284236100577287,5.0975026136779915,7.877083111247918,0.854487419128418,0.16085267066955566
500,17.0,3,1,1,1,1,2,2.8283184879523495,3.1684114064365456,5.9177060944654905,0.7655937671661377,0.13658452033996582
500,17.0,3,1,1,1,1,3,2.8281444191412124,4.259415444621094,7.0823776024129845,0.7019703388214111,0.13072872161865234
500,17.0,3,1,1,1,1,4,2.8284166842667156,4.77890356690239,7.335859932433399,0.7445476055145264,0.16268205642700195
500,17.0,3,1,1,1,1,5,2.82842303796462,2.935246761681104,5.749892657671717,0.7311611175537109,0.13305401802062988
500,17.0,3,1,1,1,1,6,2.828309341930944,3.298202169993031,5.911683867170254,0.8365592956542969,0.1650714874267578
500,17.0,3,1,1,1,1,7,2.828401288114645,3.547153844605437,6.265018643011585,0.7325308322906494,0.13382244110107422
500,17.0,3,1,1,1,1,8,2.8284270839161243,4.674444473088981,7.1771838800316985,0.7158858776092529,0.15452170372009277
500,17.0,3,1,1,1,1,9,2.8284270722675453,3.488340459896948,5.867684103908647,0.7497847080230713,0.13205599784851074
500,17.0,3,1,1,1,1,10,2.8284186738741526,3.709336111139587,6.533939453878938,0.876922607421875,0.16556739807128906
500,17.0,3,1,1,1,1,11,2.828422414540853,2.9798801750459676,5.729507582004027,0.7501535415649414,0.14109086990356445
500,17.0,3,1,1,1,1,12,2.828403558232199,3.390382993458266,5.956131353503084,0.6770391464233398,0.13008618354797363
500,17.0,3,1,1,1,1,13,2.8283843927450634,3.3477960272589136,6.083198398354049,0.7253603935241699,0.16534924507141113
500,17.0,3,1,1,1,1,14,2.8284240570673536,2.4401572721843134,4.879436219974075,0.7428054809570312,0.15270137786865234
500,17.0,3,1,1,1,1,15,2.828426831621376,2.852230600491484,5.673916226303959,0.8610155582427979,0.1797037124633789
500,17.0,3,1,1,1,1,16,2.828369119722294,3.0375424324717235,5.203904413102023,0.8435211181640625,0.1614079475402832
500,17.0,3,1,1,1,1,17,2.8284214381224753,3.0656646260183553,5.879246361594128,0.7573368549346924,0.15323972702026367
500,17.0,3,1,1,1,1,18,2.8284195373608796,3.943334065478565,6.702637720217998,0.7440109252929688,0.1534733772277832
500,17.0,3,1,1,1,1,19,2.827672573200709,4.263724884151026,7.085985853472565,0.8786475658416748,0.15803885459899902
500,17.0,3,1,1,1,1,20,2.828280869351219,4.675868185592519,7.499285313260485,0.7511007785797119,0.1355452537536621
500,17.0,3,1,1,1,1,21,2.8283610880134273,3.887121190310227,6.707502612640994,0.734041690826416,0.15587162971496582
500,17.0,3,1,1,1,1,22,2.828168667604603,3.7932974626912785,6.598036739579561,0.7407927513122559,0.13852858543395996
500,17.0,3,1,1,1,1,23,2.8284263617248064,3.26173774375333,6.05994034195527,0.8044168949127197,0.1780567169189453
500,17.0,3,1,1,1,1,24,2.8283358681961794,2.712146815289806,5.118913478282373,0.7370219230651855,0.1389904022216797
500,17.5,3,1,1,1,1,0,2.828062563357257,3.3324388816608623,6.112897315653273,0.7309503555297852,0.14383769035339355
500,17.5,3,1,1,1,1,1,2.827805971343322,3.0774629576943306,5.8033642717840195,0.7925314903259277,0.10753965377807617
500,17.5,3,1,1,1,1,2,2.8284268062463007,5.225244332225607,7.97492863752531,0.7488105297088623,0.15921521186828613
500,17.5,3,1,1,1,1,3,2.8278842670463473,3.235242393044711,5.512129097909305,0.8400921821594238,0.17719268798828125
500,17.5,3,1,1,1,1,4,2.8284267769843274,3.89174456989392,6.684995793958687,0.7454354763031006,0.1403970718383789
500,17.5,3,1,1,1,1,5,2.828426428141512,4.846367147197381,7.5050121442052795,0.768775463104248,0.1374826431274414
500,17.5,3,1,1,1,1,6,2.8284269533032322,3.578227019796516,5.873888534338056,0.7125401496887207,0.15607047080993652
500,17.5,3,1,1,1,1,7,2.8283205758437817,3.509333876144273,6.322450473491706,0.8758759498596191,0.1780564785003662
500,17.5,3,1,1,1,1,8,2.828224592486713,4.505702869538852,7.316366667833719,0.743816614151001,0.1535649299621582
500,17.5,3,1,1,1,1,9,2.828427117162999,3.188378586331894,5.809813741636169,0.6940855979919434,0.16011929512023926
500,17.5,3,1,1,1,1,10,2.8283813156042497,4.212891081577683,7.022153970046457,0.7380030155181885,0.14507746696472168
500,17.5,3,1,1,1,1,11,2.8284212247345573,2.9911924712515954,5.818198401917164,0.7757353782653809,0.17193603515625
500,17.5,3,1,1,1,1,12,2.828016768090354,4.047893706131916,6.820378185399212,0.7697346210479736,0.1446971893310547
500,17.5,3,1,1,1,1,13,2.828414629741279,4.672968153381819,7.188020704480975,0.7253448963165283,0.13560056686401367
500,17.5,3,1,1,1,1,14,2.828404769491863,3.5613345927136795,6.204530847814222,0.7666656970977783,0.13250446319580078
500,17.5,3,1,1,1,1,15,2.8284266000084246,3.4235452098365635,5.454639326414545,0.7308368682861328,0.12601661682128906
500,17.5,3,1,1,1,1,16,2.8284136201132597,3.4537240308596693,5.986917241042184,0.841538667678833,0.1755380630493164
500,17.5,3,1,1,1,1,17,2.827519682619293,2.9895966175002036,5.797819650814496,0.7245254516601562,0.14510464668273926
500,17.5,3,1,1,1,1,18,2.828415884513211,4.389658089777485,7.148475255674292,0.7325253486633301,0.15438246726989746
500,17.5,3,1,1,1,1,19,2.8284268311024716,5.5900098081366645,8.396450546402372,0.7429919242858887,0.13751959800720215
500,17.5,3,1,1,1,1,20,2.8283685708376765,4.301367544963094,6.226066395934783,0.8752834796905518,0.16210246086120605
500,17.5,3,1,1,1,1,21,2.8284267655350854,5.277039366352209,8.078069721801752,0.7596480846405029,0.12193846702575684
500,17.5,3,1,1,1,1,22,2.828418953732928,4.863085384216973,7.649096974352846,0.7621243000030518,0.1482226848602295
500,17.5,3,1,1,1,1,23,2.828413517137927,4.473930282855205,7.110087611743239,0.7080979347229004,0.1483607292175293
500,17.5,3,1,1,1,1,24,2.828423333035403,3.8700455098727717,6.54123382213342,0.9094052314758301,0.17464590072631836
500,18.0,3,1,1,1,1,0,2.8283372390892496,4.051859972104253,6.879896003835654,0.735119104385376,0.14651989936828613
500,18.0,3,1,1,1,1,1,2.8284264534523147,3.2232656699545994,6.051692123406914,0.7431440353393555,0.14893078804016113
500,18.0,3,1,1,1,1,2,2.828425038805845,4.2498050229091895,6.848779230857509,0.7211165428161621,0.15053081512451172
500,18.0,3,1,1,1,1,3,2.828398556589062,3.1737766030754178,5.98990683865945,0.7154731750488281,0.14565658569335938
500,18.0,3,1,1,1,1,4,2.8284271177417493,5.674117821353285,8.502538283632711,0.902341365814209,0.1605672836303711
500,18.0,3,1,1,1,1,5,2.828423476299379,3.9023380748607845,6.672967655421608,0.7445859909057617,0.1342928409576416
500,18.0,3,1,1,1,1,6,2.8284241963380725,4.350814221079867,7.026439784403815,0.7081174850463867,0.15567493438720703
500,18.0,3,1,1,1,1,7,2.8283154827971373,4.0463929426090495,6.810613599742143,0.7602939605712891,0.11551976203918457
500,18.0,3,1,1,1,1,8,2.8282787703195416,3.660861509249868,6.404883527462559,0.7983899116516113,0.17261981964111328
500,18.0,3,1,1,1,1,9,2.827704933492538,3.7361203809456356,6.123194044307241,0.7609224319458008,0.13310861587524414
500,18.0,3,1,1,1,1,10,2.8283486600968923,4.708221945823179,7.5357311841473305,0.7078919410705566,0.13753080368041992
500,18.0,3,1,1,1,1,11,2.8284200343706782,4.135061760964226,6.947509785165523,0.7325723171234131,0.1608591079711914
500,18.0,3,1,1,1,1,12,2.8283140503958,4.29977207034708,7.090997067581262,0.7173666954040527,0.16215109825134277
500,18.0,3,1,1,1,1,13,2.827569331100226,3.399954762072054,6.221656590050625,0.8954169750213623,0.16032671928405762
500,18.0,3,1,1,1,1,14,2.8284092818645665,3.5601741068906216,6.1454429895959395,0.7297492027282715,0.1461644172668457
500,18.0,3,1,1,1,1,15,2.828294684707994,3.35106949917949,5.602945145509896,0.8053052425384521,0.16827797889709473
500,18.0,3,1,1,1,1,16,2.8277497973921033,3.504248065125018,6.207530844335478,0.6956501007080078,0.1572113037109375
500,18.0,3,1,1,1,1,17,2.8284216234790986,4.072293942275149,6.807663234423265,0.8730452060699463,0.1567058563232422
500,18.0,3,1,1,1,1,18,2.828376194388229,3.474609222047885,5.8306868845913495,0.7075061798095703,0.14305806159973145
500,18.0,3,1,1,1,1,19,2.8284155948257697,3.2568339055387967,6.0603099275986025,0.7539997100830078,0.14106512069702148
500,18.0,3,1,1,1,1,20,2.828422849615409,4.110408895089214,6.938665874672523,0.7427287101745605,0.11437821388244629
500,18.0,3,1,1,1,1,21,2.828412937449192,3.3115824374469183,6.138643900058865,0.751476526260376,0.14665794372558594
500,18.0,3,1,1,1,1,22,2.828322128763123,3.2206693574387524,5.94244259242093,0.7979562282562256,0.13763999938964844
500,18.0,3,1,1,1,1,23,2.8284270718506366,5.000946082702924,7.8277266872477105,0.7788381576538086,0.1289844512939453
500,18.0,3,1,1,1,1,24,2.828262941462815,4.270943041481248,6.911134643749158,0.7278571128845215,0.13355064392089844
500,18.5,3,1,1,1,1,0,2.8284262588189617,4.001495848686459,6.779158946182246,0.7253847122192383,0.15317249298095703
500,18.5,3,1,1,1,1,1,2.828426285536391,3.4673707805682255,6.294967148922033,0.8569023609161377,0.17922735214233398
500,18.5,3,1,1,1,1,2,2.828312956315618,4.731236679333415,7.184465925318225,0.7152371406555176,0.15159153938293457
500,18.5,3,1,1,1,1,3,2.828273393026902,3.8182894397201865,6.446093527339739,0.7435355186462402,0.14326715469360352
500,18.5,3,1,1,1,1,4,2.828407489125288,5.482510014904452,8.120480094992734,0.7338664531707764,0.1575179100036621
500,18.5,3,1,1,1,1,5,2.828423483652311,4.082026434634305,6.900287075714323,0.7662174701690674,0.10976409912109375
500,18.5,3,1,1,1,1,6,2.8284070232609873,3.496280289017629,6.085542797464362,0.7466654777526855,0.15551972389221191
500,18.5,3,1,1,1,1,7,2.8283877023697146,3.81579413256733,6.536985284178274,0.8188199996948242,0.15155029296875
500,18.5,3,1,1,1,1,8,2.828347075133637,3.712129283112968,6.340586194897108,0.6838619709014893,0.1125185489654541
500,18.5,3,1,1,1,1,9,2.8284190096909763,4.423192409074992,6.894806058526388,0.7817373275756836,0.12849831581115723
500,18.5,3,1,1,1,1,10,2.8284218681356683,4.817154820407511,7.519001168764689,0.8831298351287842,0.16552400588989258
500,18.5,3,1,1,1,1,11,2.82842705884892,4.330988680314718,6.879556526614309,0.7248914241790771,0.15905141830444336
500,18.5,3,1,1,1,1,12,2.8284242398185473,4.1589782247613805,6.958165080114831,0.7718079090118408,0.10453915596008301
500,18.5,3,1,1,1,1,13,2.827524842375721,3.1315966627111584,5.711092621065614,0.713493824005127,0.15804076194763184
500,18.5,3,1,1,1,1,14,2.8284270853859708,3.6617938930528324,6.451055517301322,0.8438336849212646,0.16215777397155762
500,18.5,3,1,1,1,1,15,2.8284267572724433,3.496279231544535,6.232787759846945,0.7396979331970215,0.1120297908782959
500,18.5,3,1,1,1,1,16,2.8284158433212667,3.1129564712191384,5.892559576469095,0.7007787227630615,0.15266871452331543
500,18.5,3,1,1,1,1,17,2.826199076351845,3.3447613523432462,6.147217884337106,0.7220673561096191,0.14273500442504883
500,18.5,3,1,1,1,1,18,2.8284167762749988,5.61992759041417,8.439662668936574,0.701317310333252,0.16247963905334473
500,18.5,3,1,1,1,1,19,2.828137983252809,3.9014480174819095,6.726598932998657,0.8321664333343506,0.1704392433166504
500,18.5,3,1,1,1,1,20,2.828425468200857,3.3749364971255886,5.83655690448605,0.7091152667999268,0.14231204986572266
500,18.5,3,1,1,1,1,21,2.828200578614736,3.8196082040575337,6.180632184715966,0.7268495559692383,0.14915060997009277
500,18.5,3,1,1,1,1,22,2.828427092949012,4.342509102482277,7.162463069010197,0.7151579856872559,0.14811182022094727
500,18.5,3,1,1,1,1,23,2.828425743914438,3.531878240668388,6.359555347140718,0.8432290554046631,0.1684398651123047
500,18.5,3,1,1,1,1,24,2.828378677274663,3.4657233027740313,6.1264495146074225,0.7450497150421143,0.131178617477417
500,19.0,3,1,1,1,1,0,2.8280735078735564,3.7063912867729667,6.179442201208798,0.7263152599334717,0.14053583145141602
500,19.0,3,1,1,1,1,1,2.8284263956052778,3.9639353538437367,6.500215062419582,0.7287559509277344,0.14354538917541504
500,19.0,3,1,1,1,1,2,2.8284209741513777,5.272497732477622,8.083415018228454,0.7105162143707275,0.1533360481262207
500,19.0,3,1,1,1,1,3,2.828416239271056,3.8592955788732506,6.6687987891343425,0.7888259887695312,0.12562155723571777
500,19.0,3,1,1,1,1,4,2.828427088541068,3.233202571160041,6.037376748625882,0.7235400676727295,0.133103609085083
500,19.0,3,1,1,1,1,5,2.8284197199918086,4.344136391535811,7.170548990740944,0.7311172485351562,0.1380763053894043
500,19.0,3,1,1,1,1,6,2.8284247458997265,4.154133706998271,6.948522951351269,0.6935915946960449,0.13588762283325195
500,19.0,3,1,1,1,1,7,2.828420797256341,5.408688333037906,8.038693691287142,0.8793172836303711,0.17680120468139648
500,19.0,3,1,1,1,1,8,2.8283933881987884,4.362186553369917,7.135906487667295,0.7250247001647949,0.13009166717529297
500,19.0,3,1,1,1,1,9,2.8283965626463834,3.9857181734004166,6.58154341525365,0.6572911739349365,0.13953423500061035
500,19.0,3,1,1,1,1,10,2.828408221168657,4.269229483607749,7.097239838233872,0.7420461177825928,0.1495189666748047
500,19.0,3,1,1,1,1,11,2.828426965915489,4.48037026816072,6.9613714162388085,0.694058895111084,0.17200183868408203
500,19.0,3,1,1,1,1,12,2.8284252961848146,3.8499677401007686,6.66682113989479,0.7333159446716309,0.14752411842346191
500,19.0,3,1,1,1,1,13,2.828425318961811,4.654053834581704,7.472487928761513,0.7231059074401855,0.13169527053833008
500,19.0,3,1,1,1,1,14,2.828413337066734,3.594708165368689,6.162093442385721,0.7194676399230957,0.1401200294494629
500,19.0,3,1,1,1,1,15,2.8284189271757936,3.863691297545337,6.689028548810203,0.8696904182434082,0.17159199714660645
500,19.0,3,1,1,1,1,16,2.828427115708261,3.450863847794952,6.2253073620973485,0.8716375827789307,0.15697956085205078
500,19.0,3,1,1,1,1,17,2.828425008729756,4.242570722885163,6.9898168551920605,0.6787941455841064,0.14953827857971191
500,19.0,3,1,1,1,1,18,2.828424910110859,3.806321017855685,6.629139318397766,0.7402739524841309,0.11353206634521484
500,19.0,3,1,1,1,1,19,2.8283740248132254,4.035025101927237,6.720115886026575,0.7045280933380127,0.13154888153076172
500,19.0,3,1,1,1,1,20,2.8283899245518405,5.496014579078897,8.277263722938848,0.7929751873016357,0.15906572341918945
500,19.0,3,1,1,1,1,21,2.8284069357440558,4.744737310218767,7.544951992991596,1.1156270503997803,0.16807961463928223
500,19.0,3,1,1,1,1,22,2.8284269331002285,4.720355518339452,7.467949119540288,0.6920630931854248,0.12502431869506836
500,19.0,3,1,1,1,1,23,2.8284252844696955,4.071688699583504,6.716751247211143,0.6627473831176758,0.12752985954284668
500,19.0,3,1,1,1,1,24,2.828424747612592,4.1090633660383595,6.935767971305947,0.604215145111084,0.13423466682434082
500,19.5,3,1,1,1,1,0,2.8282111317228167,3.775694477084608,6.39021861270124,0.6596989631652832,0.14032745361328125
500,19.5,3,1,1,1,1,1,2.828426745418942,4.5997674968072575,7.369909385202998,0.7076194286346436,0.13463592529296875
500,19.5,3,1,1,1,1,2,2.8283950585649733,3.8810875092723003,6.6083813886971985,0.7148356437683105,0.11551833152770996
500,19.5,3,1,1,1,1,3,2.828426473160134,3.333055949868656,6.1584284786645185,0.6550805568695068,0.13904476165771484
500,19.5,3,1,1,1,1,4,2.828423450398404,5.447200026569982,8.234724389946784,0.7466342449188232,0.1442091464996338
500,19.5,3,1,1,1,1,5,2.82839245914967,3.8398906885160953,6.3704813478201,0.7020790576934814,0.13403844833374023
500,19.5,3,1,1,1,1,6,2.828142026140264,3.6129855331956353,6.40812560659922,0.7645373344421387,0.13756060600280762
500,19.5,3,1,1,1,1,7,2.828391407845236,4.342000187386258,7.1672203822195675,0.8591723442077637,0.1480879783630371
500,19.5,3,1,1,1,1,8,2.8284259558608604,4.135656846901488,6.956868389535941,0.6872813701629639,0.11251568794250488
500,19.5,3,1,1,1,1,9,2.828417753217344,4.671694366351356,7.2662336913088215,0.7687869071960449,0.14706110954284668
500,19.5,3,1,1,1,1,10,2.8277991924601955,3.8292696647695164,6.382939757322798,0.7240211963653564,0.11197161674499512
500,19.5,3,1,1,1,1,11,2.8284254246779534,4.248181692469702,7.0725709210919785,0.714806318283081,0.13088059425354004
500,19.5,3,1,1,1,1,12,2.8283024658947133,6.038501684586745,8.719722952061954,0.7372560501098633,0.13551759719848633
500,19.5,3,1,1,1,1,13,2.828235594566218,4.934590909274163,7.600008359460872,0.8124573230743408,0.16611814498901367
500,19.5,3,1,1,1,1,14,2.8284120783823763,5.626433269730076,8.34348966862488,0.7089643478393555,0.16402077674865723
500,19.5,3,1,1,1,1,15,2.828408483671618,4.1582750762538625,6.9760405695731516,0.7321999073028564,0.13004827499389648
500,19.5,3,1,1,1,1,16,2.828225435557479,3.7440220945014806,6.528755908905042,0.7073969841003418,0.135850191116333
500,19.5,3,1,1,1,1,17,2.8284268739754737,4.602560267822468,7.430160672128524,0.683598518371582,0.12511467933654785
500,19.5,3,1,1,1,1,18,2.828414851420894,4.187317990889137,6.957533826297271,0.7424757480621338,0.1610257625579834
500,19.5,3,1,1,1,1,19,2.8284269868632417,4.504706188209483,7.186483945742282,0.6731081008911133,0.11534953117370605
500,19.5,3,1,1,1,1,20,2.827049137007916,3.2347231692098144,5.925872877767103,0.6194291114807129,0.12710213661193848
500,19.5,3,1,1,1,1,21,2.828425352278398,4.4481681600685805,7.201816571264265,0.6828107833862305,0.1506497859954834
500,19.5,3,1,1,1,1,22,2.8283335098753426,5.229744817272568,8.004416753390672,0.7624986171722412,0.11833548545837402
500,19.5,3,1,1,1,1,23,2.8284235687527266,4.596738666878907,7.406522441575573,0.920891284942627,0.15450334548950195
500,19.5,3,1,1,1,1,24,2.8283565611446653,4.356883694826753,7.120732981752729,0.8636023998260498,0.17179012298583984
500,20.0,3,1,1,1,1,0,2.828426848957927,4.582221195012041,7.402067409029721,0.7266044616699219,0.1330709457397461
500,20.0,3,1,1,1,1,1,2.8284221964652416,4.838068349377661,7.584296928643327,0.748654842376709,0.10952234268188477
500,20.0,3,1,1,1,1,2,2.8284268402626482,4.153168546438076,6.876337990961262,0.8653690814971924,0.15852904319763184
500,20.0,3,1,1,1,1,3,2.8284258245878817,5.439020138580473,7.946040429026104,0.7144274711608887,0.1467278003692627
500,20.0,3,1,1,1,1,4,2.8284271216603782,5.381358119755134,8.148954917481532,0.691737174987793,0.12796878814697266
500,20.0,3,1,1,1,1,5,2.8283931954330415,4.465650851459735,7.0625746535733755,0.733100175857544,0.13721823692321777
500,20.0,3,1,1,1,1,6,2.828425886062602,4.191026619722019,6.913069118358051,0.7079520225524902,0.12552666664123535
500,20.0,3,1,1,1,1,7,2.828373050007751,3.579760672984837,6.299641309959307,0.7612566947937012,0.14052820205688477
500,20.0,3,1,1,1,1,8,2.828423657666326,4.744968069421751,7.384310911670179,0.6361384391784668,0.14907455444335938
500,20.0,3,1,1,1,1,9,2.8284239156519537,4.1888277889355034,6.9051358795577915,0.6749508380889893,0.14864301681518555
500,20.0,3,1,1,1,1,10,2.8283938880912323,4.078641140653528,6.756959520569593,0.7218303680419922,0.11652922630310059
500,20.0,3,1,1,1,1,11,2.828419142567939,3.532150976217924,6.2464025036553394,0.6807847023010254,0.15308475494384766
500,20.0,3,1,1,1,1,12,2.82836111360763,4.566915274254694,7.293980087869896,0.7502427101135254,0.15589570999145508
500,20.0,3,1,1,1,1,13,2.8284199128154253,5.141757168514398,7.8360015704979515,0.756995677947998,0.1390392780303955
500,20.0,3,1,1,1,1,14,2.8284259369565126,4.758310808369115,7.5824476053161245,0.7365500926971436,0.14902448654174805
500,20.0,3,1,1,1,1,15,2.8283621476474385,3.4857363255863874,6.31275680617642,0.7395620346069336,0.15693140029907227
500,20.0,3,1,1,1,1,16,2.828426908461477,4.231038428978636,7.058378853599432,0.8055150508880615,0.17058563232421875
500,20.0,3,1,1,1,1,17,2.828424600489674,4.976996579887569,7.525002560596489,0.6782772541046143,0.1319570541381836
500,20.0,3,1,1,1,1,18,2.8271755476291207,4.21803199924357,7.042531679049562,0.7677340507507324,0.12455534934997559
500,20.0,3,1,1,1,1,19,2.828414340344548,4.549976511441089,7.3313533942815035,0.7130916118621826,0.12906217575073242
500,20.0,3,1,1,1,1,20,2.828424193466487,4.569596248257799,6.745839838386372,0.707892894744873,0.1442394256591797
500,20.0,3,1,1,1,1,21,2.8284247555540625,5.601564167266875,8.406513405246887,0.735973596572876,0.12610077857971191
500,20.0,3,1,1,1,1,22,2.828371120050373,5.313604735276914,8.038700004930858,0.6655063629150391,0.1328275203704834
500,20.0,3,1,1,1,1,23,2.8284271227162794,3.961717471781565,6.7312181138391916,0.6695456504821777,0.13348960876464844
500,20.0,3,1,1,1,1,24,2.82820445344489,4.274326701609513,6.828979491984146,0.6770541667938232,0.1162569522857666
500,20.5,3,1,1,1,1,0,2.8284245319200165,4.285738890041577,6.699110946212139,0.7085731029510498,0.15209627151489258
500,20.5,3,1,1,1,1,1,2.8284040014571454,3.82526401663523,6.574403562841488,0.6591722965240479,0.1355271339416504
500,20.5,3,1,1,1,1,2,2.8284256840469655,4.29043835545863,7.118774443650302,0.6719863414764404,0.14960193634033203
500,20.5,3,1,1,1,1,3,2.8284225142888317,4.27299449914926,7.101417013438092,0.6851153373718262,0.12505865097045898
500,20.5,3,1,1,1,1,4,2.8284265600575,4.474085473541279,7.004440340962768,0.6814939975738525,0.1394965648651123
500,20.5,3,1,1,1,1,5,2.828427119401906,4.373739890691423,7.073075192653149,0.7975406646728516,0.16567277908325195
500,20.5,3,1,1,1,1,6,2.828424943101341,4.183971422690668,6.997815531152387,0.6281099319458008,0.13224339485168457
500,20.5,3,1,1,1,1,7,2.8284270679956878,4.69094410598998,7.493358096570679,0.670478343963623,0.15114665031433105
500,20.5,3,1,1,1,1,8,2.828427079051869,4.683695216673662,7.483150010040724,0.7037267684936523,0.11941862106323242
500,20.5,3,1,1,1,1,9,2.828427118558245,4.564880603071768,7.388591724135363,0.7367675304412842,0.15285086631774902
500,20.5,3,1,1,1,1,10,2.8284270875746635,3.771643548794799,6.400454355816116,0.8049337863922119,0.16111016273498535
500,20.5,3,1,1,1,1,11,2.8284253445038754,4.479620797360213,7.283424992375862,0.7166979312896729,0.14610838890075684
500,20.5,3,1,1,1,1,12,2.8283249897068554,5.250804537214646,8.070186745192467,0.7645149230957031,0.11650228500366211
500,20.5,3,1,1,1,1,13,2.8284269516366782,5.2125916336910985,8.0191102500791,0.713792085647583,0.11252427101135254
500,20.5,3,1,1,1,1,14,2.82842410711444,4.811586942421324,7.592581336717492,0.6828734874725342,0.14718341827392578
500,20.5,3,1,1,1,1,15,2.8284081131849703,4.249416708192065,6.550934462186891,0.7664871215820312,0.13307404518127441
500,20.5,3,1,1,1,1,16,2.828410262058522,4.327685217078443,7.1224674312807466,0.7244429588317871,0.1215205192565918
500,20.5,3,1,1,1,1,17,2.828427031723056,4.543236810262895,7.358171548729895,0.7301373481750488,0.15203094482421875
500,20.5,3,1,1,1,1,18,2.8284265208101385,5.606368742122042,8.434682509190925,0.7020976543426514,0.13307809829711914
500,20.5,3,1,1,1,1,19,2.8284084986815228,3.4738832106239927,6.222732662444437,0.8090534210205078,0.147172212600708
500,20.5,3,1,1,1,1,20,2.8284170081002786,4.032117690277085,6.845787433823256,0.7163207530975342,0.13231539726257324
500,20.5,3,1,1,1,1,21,2.828415559787535,4.326857387317914,6.998984453243971,0.6471672058105469,0.10953879356384277
500,20.5,3,1,1,1,1,22,2.828427103156362,4.674868056852129,7.417350542505162,0.6891040802001953,0.14718031883239746
500,20.5,3,1,1,1,1,23,2.8278294983556145,3.674082895133454,6.483429736025288,0.689152717590332,0.12701153755187988
500,20.5,3,1,1,1,1,24,2.828414933737518,4.020829661315622,6.687299619560557,0.8101603984832764,0.14250826835632324
500,21.0,3,1,1,1,1,0,2.8284041656710204,5.715242185775107,8.20598324739243,0.686272382736206,0.13753533363342285
500,21.0,3,1,1,1,1,1,2.8284141592993017,4.2032864418745275,6.731379933735488,0.7777409553527832,0.16781258583068848
500,21.0,3,1,1,1,1,2,2.8284155622754352,4.778604660574471,7.6002533003899675,0.6999661922454834,0.1345517635345459
500,21.0,3,1,1,1,1,3,2.828425644710698,4.212514540552083,7.014803269422812,0.8295416831970215,0.164534330368042
500,21.0,3,1,1,1,1,4,2.828277573092266,3.952455731050687,6.356764195329763,0.7551863193511963,0.13411951065063477
500,21.0,3,1,1,1,1,5,2.828427043775307,3.7455117642296396,6.5137026254667765,0.6873025894165039,0.11104440689086914
500,21.0,3,1,1,1,1,6,2.828427124551102,5.375793138712897,8.204174159277756,0.7094018459320068,0.13705968856811523
500,21.0,3,1,1,1,1,7,2.8283962332092654,5.042334823407016,7.705279062734203,0.705047607421875,0.11841225624084473
500,21.0,3,1,1,1,1,8,2.8284262862295497,6.810234075886702,9.634362023461007,0.8680534362792969,0.16103506088256836
500,21.0,3,1,1,1,1,9,2.828426834206223,4.740282148274245,7.5627128222071285,0.7207479476928711,0.1319136619567871
500,21.0,3,1,1,1,1,10,2.8283752292429796,4.039459759612414,6.842858242528607,0.7019314765930176,0.15435338020324707
500,21.0,3,1,1,1,1,11,2.82828193603656,3.8733279383662658,6.620705783825118,0.7391343116760254,0.14603614807128906
500,21.0,3,1,1,1,1,12,2.828421691220593,4.185815033776867,7.0097210672027845,0.8349542617797852,0.18010425567626953
500,21.0,3,1,1,1,1,13,2.8284110793827106,5.058763209961888,7.525075477569288,0.7002878189086914,0.16434240341186523
500,21.0,3,1,1,1,1,14,2.828394413063788,3.8445583803561454,6.377331924872862,0.729724645614624,0.10551118850708008
500,21.0,3,1,1,1,1,15,2.82842549748898,4.82246683043892,7.488393064137898,0.6321191787719727,0.1374828815460205
500,21.0,3,1,1,1,1,16,2.8284186414601753,4.398958430480068,7.12876102472017,0.6352455615997314,0.14253902435302734
500,21.0,3,1,1,1,1,17,2.8284271233273506,6.362853665130696,9.169647148817067,0.7768149375915527,0.14463400840759277
500,21.0,3,1,1,1,1,18,2.8283563161409613,4.015632245491299,6.838961184920127,0.631385326385498,0.14027023315429688
500,21.0,3,1,1,1,1,19,2.8284115174210505,4.310958750359197,7.0005192853557014,0.6723027229309082,0.13567590713500977
500,21.0,3,1,1,1,1,20,2.828406593001036,5.397344356959241,8.12684280697445,0.6655583381652832,0.11850476264953613
500,21.0,3,1,1,1,1,21,2.8283901280577832,4.37667778249243,7.204841572003574,0.6423532962799072,0.13296246528625488
500,21.0,3,1,1,1,1,22,2.828424898282712,3.8448814103309985,6.102977321579806,0.6918704509735107,0.14920854568481445
500,21.0,3,1,1,1,1,23,2.828420517514713,3.694755540015163,6.52298728368919,0.6507625579833984,0.1288313865661621
500,21.0,3,1,1,1,1,24,2.828107907450597,3.907773264497002,6.734643115090057,0.6472439765930176,0.12752079963684082
500,21.5,3,1,1,1,1,0,2.8284271146790765,4.610057733243305,7.436237244991028,0.5906772613525391,0.11945557594299316
500,21.5,3,1,1,1,1,1,2.8283507015287097,5.002626911445985,7.724289166976227,0.6275112628936768,0.13407301902770996
500,21.5,3,1,1,1,1,2,2.8284265229895227,4.970561577194435,7.795632255703351,0.6719481945037842,0.13349056243896484
500,21.5,3,1,1,1,1,3,2.82842241728131,4.095605444708049,6.870002383477857,0.6129083633422852,0.14200854301452637
500,21.5,3,1,1,1,1,4,2.828414896087507,4.2802985845339965,6.740624034785907,0.6451106071472168,0.11899232864379883
500,21.5,3,1,1,1,1,5,2.8284229640717657,5.64252027607243,8.210146831652063,0.6367754936218262,0.1251235008239746
500,21.5,3,1,1,1,1,6,2.82842709743737,5.145922758418286,7.706320750167359,0.6247849464416504,0.12251758575439453
500,21.5,3,1,1,1,1,7,2.8282771408477863,4.276142346005563,7.092495326552507,0.6608700752258301,0.12072992324829102
500,21.5,3,1,1,1,1,8,2.828424445136924,4.259361769057414,6.822236291978463,0.617804765701294,0.12675881385803223
500,21.5,3,1,1,1,1,9,2.8284122163741983,4.593929778581121,7.332012674724075,0.6001942157745361,0.14152026176452637
500,21.5,3,1,1,1,1,10,2.8284147517790745,3.7229333448581414,6.378048112005681,0.6461949348449707,0.12806129455566406
500,21.5,3,1,1,1,1,11,2.82841469169441,3.790099052198482,6.568283554510156,0.6594254970550537,0.09351325035095215
500,21.5,3,1,1,1,1,12,2.828415460233695,4.265645546890029,7.093830714548764,0.6078755855560303,0.11729073524475098
500,21.5,3,1,1,1,1,13,2.8284267769915017,4.725012279078767,7.549686782951607,0.905644416809082,0.1514759063720703
500,21.5,3,1,1,1,1,14,2.8284271246251445,4.5436346794172335,7.308466712413045,0.6949448585510254,0.12903904914855957
500,21.5,3,1,1,1,1,15,2.8284178292663404,3.983105026690006,6.483732887900994,0.6172115802764893,0.13288283348083496
500,21.5,3,1,1,1,1,16,2.828405688662172,4.631513540755915,7.275614857219587,0.6571788787841797,0.13621950149536133
500,21.5,3,1,1,1,1,17,2.8283401090973905,4.459949741711105,7.19239595527308,0.6508777141571045,0.13653850555419922
500,21.5,3,1,1,1,1,18,2.828408627471712,4.516726583458989,6.982064661420443,0.7262907028198242,0.15165162086486816
500,21.5,3,1,1,1,1,19,2.828426173007459,5.184943188937751,7.997804527904281,0.6779613494873047,0.13449859619140625
500,21.5,3,1,1,1,1,20,2.828402873895093,5.152266819794242,7.697524172249134,0.6689133644104004,0.14592647552490234
500,21.5,3,1,1,1,1,21,2.828374120018688,4.133272420458027,6.955808470303693,0.7066595554351807,0.13450169563293457
500,21.5,3,1,1,1,1,22,2.82842709939308,5.638454015126403,8.444550811306465,0.8527491092681885,0.17450547218322754
500,21.5,3,1,1,1,1,23,2.8284242086468736,4.830407096086267,7.55523499164548,0.7879738807678223,0.1646592617034912
500,21.5,3,1,1,1,1,24,2.828426613347327,5.012299807003098,7.814555871367799,0.7496473789215088,0.13703560829162598
500,22.0,3,1,1,1,1,0,2.828420676690587,5.058265546948949,7.86455268322751,0.7189788818359375,0.14408278465270996
500,22.0,3,1,1,1,1,1,2.8284268237517383,4.591313877120566,7.233573518416423,0.7331018447875977,0.13151955604553223
500,22.0,3,1,1,1,1,2,2.8284232594985084,3.7806383651230195,6.5935692424153665,0.86846923828125,0.16432499885559082
500,22.0,3,1,1,1,1,3,2.8283751645930075,4.681298929706206,7.506685027106422,0.7415971755981445,0.1622779369354248
500,22.0,3,1,1,1,1,4,2.8284231810433638,5.32986690436328,7.92403347608449,0.7277123928070068,0.14058589935302734
500,22.0,3,1,1,1,1,5,2.8284056127212125,5.126555565992649,7.838172970911431,0.8268439769744873,0.15206289291381836
500,22.0,3,1,1,1,1,6,2.8284269645269866,4.554183181722214,7.369431309398065,0.8654725551605225,0.15154314041137695
500,22.0,3,1,1,1,1,7,2.8283857162904247,4.129857140439357,6.892585367824248,0.7047004699707031,0.1540389060974121
500,22.0,3,1,1,1,1,8,2.8284245446095655,4.665177855841714,7.493469948122579,0.7258205413818359,0.1560502052307129
500,22.0,3,1,1,1,1,9,2.8284265895587044,4.992747742165774,7.794740534695913,0.7789781093597412,0.12393736839294434
500,22.0,3,1,1,1,1,10,2.8284202848138844,4.159498608569497,6.905239338152037,0.758962869644165,0.15462660789489746
500,22.0,3,1,1,1,1,11,2.828426431664955,4.668197794766303,7.416244022288703,0.7425711154937744,0.15004944801330566
500,22.0,3,1,1,1,1,12,2.8284269691310477,4.555542621002759,7.3471149484197245,0.7487263679504395,0.15451717376708984
500,22.0,3,1,1,1,1,13,2.8284270716390454,4.193439422017176,6.7777754554446545,0.70723557472229,0.12624764442443848
500,22.0,3,1,1,1,1,14,2.8284266612316067,4.938735619555326,7.765098367568961,0.6651675701141357,0.14125728607177734
500,22.0,3,1,1,1,1,15,2.828425331318727,4.10169815252389,6.8765151364199095,0.8286147117614746,0.14803194999694824
500,22.0,3,1,1,1,1,16,2.828427015260032,5.006449348418669,7.832731140919835,0.7375838756561279,0.14705920219421387
500,22.0,3,1,1,1,1,17,2.8284266216366714,5.163884659333047,7.984275517029383,0.7051072120666504,0.1569976806640625
500,22.0,3,1,1,1,1,18,2.8284005616150765,4.938664381868842,7.749832143751827,0.7020330429077148,0.15115666389465332
500,22.0,3,1,1,1,1,19,2.8284252081926917,5.209350907794351,7.996300587321698,0.7018365859985352,0.14134955406188965
500,22.0,3,1,1,1,1,20,2.8284129295202494,4.33846158104772,6.915847076980442,0.8339118957519531,0.16744756698608398
500,22.0,3,1,1,1,1,21,2.828424644466503,4.753595675602463,7.411254611454689,0.7905411720275879,0.12752723693847656
500,22.0,3,1,1,1,1,22,2.8283034000176563,5.031342936614527,7.456606100237106,0.7494773864746094,0.16032028198242188
500,22.0,3,1,1,1,1,23,2.8283651753118924,4.219257234375707,6.893121080318032,0.6925609111785889,0.14203453063964844
500,22.0,3,1,1,1,1,24,2.8284265654653846,3.805418583105025,6.506344313374855,0.8016290664672852,0.13202857971191406
500,22.5,3,1,1,1,1,0,2.8284237084925663,4.657782660984377,7.390108562390863,0.6282598972320557,0.12717914581298828
500,22.5,3,1,1,1,1,1,2.828425270954253,5.005416299866046,7.80677986090604,0.6597115993499756,0.1265273094177246
500,22.5,3,1,1,1,1,2,2.828427001959405,4.454294868729557,7.278430300078797,0.6673338413238525,0.15252399444580078
500,22.5,3,1,1,1,1,3,2.828425361818778,3.9230320418110263,6.750224823799794,0.7779958248138428,0.13010120391845703
500,22.5,3,1,1,1,1,4,2.828418352146016,4.895696406069607,7.70529602799337,0.8260035514831543,0.15402007102966309
500,22.5,3,1,1,1,1,5,2.828415829669297,3.8523513054857914,6.573012974693565,0.6769893169403076,0.14108610153198242
500,22.5,3,1,1,1,1,6,2.8284269880819664,5.545172568090095,8.29644415133648,0.7111871242523193,0.14053821563720703
500,22.5,3,1,1,1,1,7,2.8284247721675944,4.709690511510779,7.353257577481689,0.6628668308258057,0.11127948760986328
500,22.5,3,1,1,1,1,8,2.828423772292471,4.904388211840562,7.714617483031997,0.6940860748291016,0.1424112319946289
500,22.5,3,1,1,1,1,9,2.8284271090126025,6.214437444606876,9.037543834019539,0.8543624877929688,0.14209580421447754
500,22.5,3,1,1,1,1,10,2.8284202778744767,4.789545514207559,7.204807030351865,0.6931562423706055,0.14176011085510254
500,22.5,3,1,1,1,1,11,2.828346978757903,4.642137551039272,7.3345481549852725,0.6439621448516846,0.12938356399536133
500,22.5,3,1,1,1,1,12,2.8284268754875903,4.528122034319903,7.32567999221893,0.6519715785980225,0.15116548538208008
500,22.5,3,1,1,1,1,13,2.8283647690017713,4.309408408887143,6.899526333070513,0.7363853454589844,0.14816689491271973
500,22.5,3,1,1,1,1,14,2.8283888642086747,5.007999394078485,7.817109184108352,0.8052668571472168,0.15359282493591309
500,22.5,3,1,1,1,1,15,2.828426774613761,4.8359914797731305,7.591274512170193,0.7335009574890137,0.14502620697021484
500,22.5,3,1,1,1,1,16,2.828427110615335,4.6170807904863045,7.372953603960331,0.646928071975708,0.12851691246032715
500,22.5,3,1,1,1,1,17,2.828427123301092,4.643201240559413,7.411397977441066,0.619297981262207,0.12591123580932617
500,22.5,3,1,1,1,1,18,2.8284219819122547,4.488418416084646,7.130344324298776,0.616654634475708,0.12254023551940918
500,22.5,3,1,1,1,1,19,2.8283904354217673,4.440902567869258,7.177019684076642,0.7447154521942139,0.13852620124816895
500,22.5,3,1,1,1,1,20,2.8284271216239625,5.196506727707171,7.9104191203289025,0.6257035732269287,0.12853407859802246
500,22.5,3,1,1,1,1,21,2.828420509014956,5.459740842332411,8.169396456913532,0.6660254001617432,0.12105464935302734
500,22.5,3,1,1,1,1,22,2.82842225882839,5.713315616290279,8.517354430931743,0.688239336013794,0.14686799049377441
500,22.5,3,1,1,1,1,23,2.828324242931302,6.243071645187173,8.923080036705743,0.660158634185791,0.10029315948486328
500,22.5,3,1,1,1,1,24,2.828426950501576,4.892584962207338,7.584467893565094,0.7390925884246826,0.1595311164855957
500,23.0,3,1,1,1,1,0,2.828427122872547,4.093121132417822,6.862647737032443,0.7064304351806641,0.14061856269836426
500,23.0,3,1,1,1,1,1,2.8284157961191605,4.160977446705554,6.957023977468214,0.6381502151489258,0.1313469409942627
500,23.0,3,1,1,1,1,2,2.8284229616278074,4.501936651346314,7.275807553258847,0.6403007507324219,0.15114736557006836
500,23.0,3,1,1,1,1,3,2.8283836632530375,4.6033051978374155,7.355409317151343,0.7080461978912354,0.12004661560058594
500,23.0,3,1,1,1,1,4,2.8284262277080803,4.540592355755519,7.322637955869562,0.8450486660003662,0.1412055492401123
500,23.0,3,1,1,1,1,5,2.828427105746169,4.399688292645651,7.1772514987438,0.7019081115722656,0.14629793167114258
500,23.0,3,1,1,1,1,6,2.828344301852795,4.379442176899824,7.173384270178003,0.6716892719268799,0.14212322235107422
500,23.0,3,1,1,1,1,7,2.828422732892521,6.02887412422456,8.837519901970449,0.7104315757751465,0.11313128471374512
500,23.0,3,1,1,1,1,8,2.828422762964982,4.985074780181469,7.665527028451606,0.649254322052002,0.1436152458190918
500,23.0,3,1,1,1,1,9,2.8284262745783857,4.564329062681607,7.248414199673487,0.7835471630096436,0.14261198043823242
500,23.0,3,1,1,1,1,10,2.8284270039486166,4.710867696915338,7.442348839946454,0.6496036052703857,0.11255192756652832
500,23.0,3,1,1,1,1,11,2.8284268018531966,4.263026492500271,7.021313283524375,0.6308870315551758,0.13210630416870117
500,23.0,3,1,1,1,1,12,2.8284270925143393,3.9568038147748363,6.708172269068399,0.658355712890625,0.10614371299743652
500,23.0,3,1,1,1,1,13,2.8284198444708024,4.0189516742106575,6.821937441328845,0.7012648582458496,0.1301889419555664
500,23.0,3,1,1,1,1,14,2.828424260918637,4.498705319002189,7.3150032554488575,0.6516523361206055,0.11808896064758301
500,23.0,3,1,1,1,1,15,2.8283622305775697,4.520696490592792,7.318218961147814,0.696326494216919,0.08861184120178223
500,23.0,3,1,1,1,1,16,2.828423527344614,4.553108742182321,7.325307789116365,0.6743905544281006,0.09856367111206055
500,23.0,3,1,1,1,1,17,2.828416413207218,4.740249616846219,7.514403648000023,0.6920199394226074,0.13204240798950195
500,23.0,3,1,1,1,1,18,2.828427099514415,4.245893512278827,7.046092818379084,0.7493889331817627,0.14226198196411133
500,23.0,3,1,1,1,1,19,2.828425258838795,5.075945481206815,7.783131922944968,0.7110419273376465,0.13910579681396484
500,23.0,3,1,1,1,1,20,2.828412428857794,4.922470046393686,7.728418067849244,0.693098783493042,0.11454391479492188
500,23.0,3,1,1,1,1,21,2.8284256451701144,4.877723384838516,7.698509795541357,0.7026240825653076,0.11302947998046875
500,23.0,3,1,1,1,1,22,2.828389787556984,4.644491014992119,7.443209693987076,0.7265641689300537,0.13303232192993164
500,23.0,3,1,1,1,1,23,2.828408532243814,5.338571097637299,8.135480495981472,0.846320390701294,0.1667318344116211
500,23.0,3,1,1,1,1,24,2.8284270343986986,5.21335318756775,8.033668510714698,0.72782301902771,0.1418468952178955
500,23.5,3,1,1,1,1,0,2.828424909984732,6.0829928561841795,8.897473558817463,0.751152515411377,0.16260719299316406
500,23.5,3,1,1,1,1,1,2.828399034187382,4.23573192696852,6.982842161205243,0.7486639022827148,0.12630152702331543
500,23.5,3,1,1,1,1,2,2.828421926553895,5.539986184674258,8.362434528009118,0.8383681774139404,0.1660594940185547
500,23.5,3,1,1,1,1,3,2.828424941850762,6.154028281792732,8.92419014580301,0.7451028823852539,0.14310216903686523
500,23.5,3,1,1,1,1,4,2.828426967172597,4.723207076243864,7.550797902430247,0.7199554443359375,0.14194393157958984
500,23.5,3,1,1,1,1,5,2.828421478608335,4.377131423902506,7.107862653817351,0.7254996299743652,0.13842558860778809
500,23.5,3,1,1,1,1,6,2.8284197855035687,4.14228151253456,6.935920831087683,0.7463514804840088,0.13350272178649902
500,23.5,3,1,1,1,1,7,2.828423116901779,4.371040228914305,7.109401940065993,0.8563370704650879,0.17453217506408691
500,23.5,3,1,1,1,1,8,2.8284238241230635,3.726719744170482,6.257384273003153,0.7280576229095459,0.16050338745117188
500,23.5,3,1,1,1,1,9,2.828185461538723,4.256824382996025,6.508304553232,0.7047040462493896,0.15228056907653809
500,23.5,3,1,1,1,1,10,2.8284192326410356,5.247165252734965,8.071133079243646,0.746450662612915,0.12442803382873535
500,23.5,3,1,1,1,1,11,2.8284079211186204,5.0629538551494795,7.878431158501744,0.7932512760162354,0.17685294151306152
500,23.5,3,1,1,1,1,12,2.8284223690924395,4.8870500670281585,7.693241541069904,0.7005321979522705,0.13704299926757812
500,23.5,3,1,1,1,1,13,2.828426490400837,5.171562130770035,7.97031078630731,0.7286686897277832,0.13936948776245117
500,23.5,3,1,1,1,1,14,2.8284264976158537,3.934898037575413,6.762177413660555,0.6992058753967285,0.1547384262084961
500,23.5,3,1,1,1,1,15,2.828425809842506,4.426585431948503,7.1023196700564695,0.7093713283538818,0.1155862808227539
500,23.5,3,1,1,1,1,16,2.8284072252354133,4.744401442829376,7.542298183773993,0.7375876903533936,0.1552257537841797
500,23.5,3,1,1,1,1,17,2.8284261396980384,4.297318046695983,7.122461962351049,0.6402451992034912,0.0970313549041748
500,23.5,3,1,1,1,1,18,2.828423697489956,3.943507961754916,6.687405661403146,0.6165156364440918,0.09097504615783691
500,23.5,3,1,1,1,1,19,2.828364193215829,4.842258092513328,7.0946444968543805,0.731879711151123,0.13159537315368652
500,23.5,3,1,1,1,1,20,2.8284271246612684,5.31115514981445,7.947105865751378,0.6243486404418945,0.10094237327575684
500,23.5,3,1,1,1,1,21,2.828426403946483,4.34798156088383,7.167512534393976,0.7080397605895996,0.13651490211486816
500,23.5,3,1,1,1,1,22,2.828418482377339,6.401961030089934,9.100183421342415,0.6317310333251953,0.11812138557434082
500,23.5,3,1,1,1,1,23,2.8284231660628265,5.22019743668762,7.60096775058858,0.6226565837860107,0.09103274345397949
500,23.5,3,1,1,1,1,24,2.8283521557365057,4.305798908921236,6.902905335558739,0.5928530693054199,0.12851643562316895
500,24.0,3,1,1,1,1,0,2.828426782281478,5.6922243119000395,8.437471396557857,0.6314196586608887,0.1205143928527832
500,24.0,3,1,1,1,1,1,2.8283563784759447,4.628079474801189,7.447949484862044,0.6060168743133545,0.13651585578918457
500,24.0,3,1,1,1,1,2,2.8284162972784235,4.742593120323307,7.173445623952588,0.7123067378997803,0.10014152526855469
500,24.0,3,1,1,1,1,3,2.828414021992503,5.42158534005479,8.241308782745321,0.6685020923614502,0.1351020336151123
500,24.0,3,1,1,1,1,4,2.828409157785583,4.6010122374897975,7.139961405217387,0.7219967842102051,0.13620877265930176
500,24.0,3,1,1,1,1,5,2.828425834778035,5.43873723997631,8.098114866917182,0.6919424533843994,0.15441656112670898
500,24.0,3,1,1,1,1,6,2.8284259150968514,4.459244922659566,7.110800479599844,0.7835280895233154,0.15386366844177246
500,24.0,3,1,1,1,1,7,2.828418257931428,4.507560230761175,7.330039135318142,0.7637889385223389,0.11992645263671875
500,24.0,3,1,1,1,1,8,2.828376789815274,4.778232940507595,7.537719534221289,0.7295646667480469,0.1490323543548584
500,24.0,3,1,1,1,1,9,2.8284182238466804,5.145790110019702,7.95829790413001,0.6974797248840332,0.11704063415527344
500,24.0,3,1,1,1,1,10,2.828426030647325,4.638101709243942,7.417408907405936,0.6465556621551514,0.13637471199035645
500,24.0,3,1,1,1,1,11,2.8284199476098424,5.21765369873126,7.7379107874301996,0.7897827625274658,0.1415882110595703
500,24.0,3,1,1,1,1,12,2.8284264106845116,5.1108343809087335,7.817257831808793,0.7546677589416504,0.15173888206481934
500,24.0,3,1,1,1,1,13,2.8284234799901116,5.130621102304037,7.804878896612094,0.7326624393463135,0.1285400390625
500,24.0,3,1,1,1,1,14,2.8284260799579575,5.499225544148678,8.21045557982842,0.6886684894561768,0.1320805549621582
500,24.0,3,1,1,1,1,15,2.828426801410178,4.493292943587095,7.188340287010902,0.6878187656402588,0.13852310180664062
500,24.0,3,1,1,1,1,16,2.8284251779580663,5.251063918485318,7.8687717259686245,0.8448030948638916,0.140533447265625
500,24.0,3,1,1,1,1,17,2.828424141431797,4.828074678649604,7.288151945211251,0.7210628986358643,0.13650012016296387
500,24.0,3,1,1,1,1,18,2.828425815024398,4.697328212458753,7.439593782510116,0.7278730869293213,0.12705254554748535
500,24.0,3,1,1,1,1,19,2.8284240948471195,5.454379344340226,8.18845010513217,0.7450590133666992,0.1352851390838623
500,24.0,3,1,1,1,1,20,2.8284270070341018,5.2869893613320595,7.894294122970731,0.8321890830993652,0.15606355667114258
500,24.0,3,1,1,1,1,21,2.8284215647366864,4.438027368356632,7.250038521935609,0.6810140609741211,0.12754416465759277
500,24.0,3,1,1,1,1,22,2.8284181752659063,5.082213996116518,7.75417064837272,0.677670955657959,0.09207558631896973
500,24.0,3,1,1,1,1,23,2.8284269109103546,4.932678885722286,7.570299713627193,0.6531741619110107,0.1460716724395752
500,24.0,3,1,1,1,1,24,2.8284268573148186,4.555030072510188,7.3354308274519076,0.676581621170044,0.11355090141296387
500,24.5,3,1,1,1,1,0,2.8284133388171084,5.668624778552194,8.369735764049192,0.7385742664337158,0.1433415412902832
500,24.5,3,1,1,1,1,1,2.8283852439917583,4.320393898399258,6.9543249853603575,0.6308581829071045,0.12651324272155762
500,24.5,3,1,1,1,1,2,2.828422849370687,3.748212174035371,6.538776380861437,0.6144051551818848,0.11344790458679199
500,24.5,3,1,1,1,1,3,2.828395618214972,3.8133596792939954,6.573649028069588,0.6849865913391113,0.12914156913757324
500,24.5,3,1,1,1,1,4,2.828416256113037,4.983902595516747,7.794531014701571,0.6740865707397461,0.13211488723754883
500,24.5,3,1,1,1,1,5,2.828395229938416,3.9525652965881113,6.6754091139572775,0.889371395111084,0.16178154945373535
500,24.5,3,1,1,1,1,6,2.8284270197938475,5.200050191858577,7.984753263128944,0.691392183303833,0.14204955101013184
500,24.5,3,1,1,1,1,7,2.828427051917542,4.658716798703322,7.408710698033051,0.7007806301116943,0.13307476043701172
500,24.5,3,1,1,1,1,8,2.8283386568846063,4.900618063149357,7.571857767686986,0.7433230876922607,0.1320335865020752
500,24.5,3,1,1,1,1,9,2.828427112798539,4.931249727155918,7.696106114679578,0.7431144714355469,0.16525793075561523
500,24.5,3,1,1,1,1,10,2.828424302746519,4.472241149179599,7.0686204086847475,0.7533767223358154,0.13036704063415527
500,24.5,3,1,1,1,1,11,2.8284259029257024,4.168161864108313,6.900266353149407,0.738166093826294,0.14643597602844238
500,24.5,3,1,1,1,1,12,2.828427065371474,4.7874604340667375,7.48850974654896,0.7493550777435303,0.13415217399597168
500,24.5,3,1,1,1,1,13,2.8282697023254757,4.4724219712318565,7.12700050657894,0.7291920185089111,0.15576553344726562
500,24.5,3,1,1,1,1,14,2.8284243716846045,4.404034850958975,7.0906735237143685,0.8646368980407715,0.16504931449890137
500,24.5,3,1,1,1,1,15,2.8284253680842926,4.8215201674385755,7.52039586812722,0.7357182502746582,0.13016557693481445
500,24.5,3,1,1,1,1,16,2.8284267885531182,4.8933082017028084,7.716161819912909,0.7286508083343506,0.14007163047790527
500,24.5,3,1,1,1,1,17,2.8284113014465038,4.080270028745428,6.669195374121748,0.772019624710083,0.13563895225524902
500,24.5,3,1,1,1,1,18,2.8284271075379235,4.683612673690659,7.45527419910999,0.7413499355316162,0.16372966766357422
500,24.5,3,1,1,1,1,19,2.8284060365921766,4.20694521903094,6.970877926139954,0.7355363368988037,0.1220695972442627
500,24.5,3,1,1,1,1,20,2.8283900821247285,6.228521426120654,9.048978678984838,0.716536283493042,0.11107897758483887
500,24.5,3,1,1,1,1,21,2.828426410048694,5.1176888956532745,7.789658593396647,0.6637284755706787,0.14820599555969238
500,24.5,3,1,1,1,1,22,2.8284263702803103,4.503237952221479,7.300485541263214,0.7932384014129639,0.1588449478149414
500,24.5,3,1,1,1,1,23,2.828404312103223,4.218017336785862,6.978731708917783,0.8486835956573486,0.17089414596557617
500,24.5,3,1,1,1,1,24,2.828427106206272,4.627906841030956,7.417511098377313,0.6849117279052734,0.10854077339172363
500,25.0,3,1,1,1,1,0,2.828427124736008,4.639506681217308,7.305895402451358,0.6344971656799316,0.1445920467376709
500,25.0,3,1,1,1,1,1,2.828424899643506,4.433887772118521,7.257547884638347,0.6493351459503174,0.11453652381896973
500,25.0,3,1,1,1,1,2,2.8284271205436524,4.898023622376845,7.374350646580618,0.6503598690032959,0.11972618103027344
500,25.0,3,1,1,1,1,3,2.828425932512272,3.9097092819322152,6.534091892951087,0.7265756130218506,0.13251638412475586
500,25.0,3,1,1,1,1,4,2.8284271022710916,5.323904754397618,8.07154610071626,0.6333105564117432,0.1256251335144043
500,25.0,3,1,1,1,1,5,2.828412670590447,5.1020742129398355,7.927797402682332,0.6401855945587158,0.10053873062133789
500,25.0,3,1,1,1,1,6,2.8283998367423826,4.602559612184297,7.422605877720384,0.6627919673919678,0.11122775077819824
500,25.0,3,1,1,1,1,7,2.8284214364236693,4.958950346717326,7.562770456927005,0.6170790195465088,0.13108205795288086
500,25.0,3,1,1,1,1,8,2.828353902899848,5.00403254121382,7.692367323260882,0.7225451469421387,0.12932109832763672
500,25.0,3,1,1,1,1,9,2.828426440097303,4.6139498753854395,7.29571141230775,0.6074597835540771,0.09254646301269531
500,25.0,3,1,1,1,1,10,2.8284254359454297,4.60917744362503,6.856681052123729,0.6022024154663086,0.10795259475708008
500,25.0,3,1,1,1,1,11,2.8284008236132414,4.869549504757795,7.64426027213208,0.5877704620361328,0.12061047554016113
500,25.0,3,1,1,1,1,12,2.8284173331855924,4.665212380110519,7.492468788191688,0.6420199871063232,0.10313296318054199
500,25.0,3,1,1,1,1,13,2.8284256346597556,4.8079206193217345,7.450118494760133,0.6176633834838867,0.11951494216918945
500,25.0,3,1,1,1,1,14,2.82842635868642,4.5638554945305545,7.357105930700872,0.616741418838501,0.0980675220489502
500,25.0,3,1,1,1,1,15,2.8284221374548437,5.20142931553654,7.895064173367032,0.6013355255126953,0.11018109321594238
500,25.0,3,1,1,1,1,16,2.8284269595250286,4.487543406555422,7.084015994630979,0.6232612133026123,0.1060786247253418
500,25.0,3,1,1,1,1,17,2.82842550314135,5.439039304751077,8.171630552210772,0.6716415882110596,0.12503409385681152
500,25.0,3,1,1,1,1,18,2.828356221214014,4.791037604232613,7.481983760211276,0.6175305843353271,0.12551498413085938
500,25.0,3,1,1,1,1,19,2.828423734713615,4.846456255572512,7.480505766326228,0.6697461605072021,0.13999032974243164
500,25.0,3,1,1,1,1,20,2.8283826534788563,5.457679258577637,8.261009323788803,0.6395697593688965,0.09602832794189453
500,25.0,3,1,1,1,1,21,2.828423677872932,4.717122415723436,7.5454006077560445,0.6224803924560547,0.13004517555236816
500,25.0,3,1,1,1,1,22,2.8284271082018173,5.0255583984265995,7.54568058962343,0.6323304176330566,0.12600350379943848
500,25.0,3,1,1,1,1,23,2.8283619969197575,5.122252181215874,7.906797962811064,0.6239609718322754,0.1347663402557373
500,25.0,3,1,1,1,1,24,2.8284271245429196,4.456538429381483,7.284962176385845,0.787665843963623,0.13481497764587402
500,25.5,3,1,1,1,1,0,2.8284212675343703,5.082160323142899,7.858178874892239,0.6642498970031738,0.15336203575134277
500,25.5,3,1,1,1,1,1,2.8284270373741203,5.688483312137499,8.516283718902063,0.7514431476593018,0.13743901252746582
500,25.5,3,1,1,1,1,2,2.828426525066042,4.3723187398778345,6.944118436547626,0.7004752159118652,0.1563403606414795
500,25.5,3,1,1,1,1,3,2.828427116299705,4.765876196006423,7.357026956198553,0.768312931060791,0.14480018615722656
500,25.5,3,1,1,1,1,4,2.8284210076571514,4.196512608903433,7.0177990099168985,0.851778507232666,0.1630876064300537
500,25.5,3,1,1,1,1,5,2.828426465782596,4.833497681360662,7.642349711409859,0.7407042980194092,0.1541283130645752
500,25.5,3,1,1,1,1,6,2.828264750856449,5.253959420484274,8.0817169144325,0.7453851699829102,0.1292405128479004
500,25.5,3,1,1,1,1,7,2.8284036829203445,4.846399930008002,7.391442056384976,0.7681670188903809,0.14260387420654297
500,25.5,3,1,1,1,1,8,2.8284149365478903,5.7265712412719445,8.548266345724574,0.8317852020263672,0.1561295986175537
500,25.5,3,1,1,1,1,9,2.828425058485455,5.269418946541703,8.079557299557226,0.7041385173797607,0.16304445266723633
500,25.5,3,1,1,1,1,10,2.828408041748613,4.1980668445635265,7.0194808145137895,0.7397851943969727,0.15229153633117676
500,25.5,3,1,1,1,1,11,2.828426717852069,4.850315687060099,7.646331701417649,0.7203829288482666,0.137542724609375
500,25.5,3,1,1,1,1,12,2.828402672096686,4.366715303010968,7.176803314189296,0.7370960712432861,0.1505451202392578
500,25.5,3,1,1,1,1,13,2.8284266342287316,4.196491871204859,7.0127498081847595,0.7844040393829346,0.1145164966583252
500,25.5,3,1,1,1,1,14,2.828279009345932,4.731539216799023,7.337383806040502,0.7171370983123779,0.1605219841003418
500,25.5,3,1,1,1,1,15,2.8284267993346894,4.697270097075401,7.525059211556231,0.737499475479126,0.1385514736175537
500,25.5,3,1,1,1,1,16,2.828423989073993,5.985020031184191,8.735779997746578,0.727888822555542,0.14794015884399414
500,25.5,3,1,1,1,1,17,2.8284270840340318,3.9037160964776136,6.630563864695906,0.8853988647460938,0.1489887237548828
500,25.5,3,1,1,1,1,18,2.8284250341803334,4.614387198373792,7.303845574531621,0.7257928848266602,0.12001419067382812
500,25.5,3,1,1,1,1,19,2.8284270473535114,4.189378358886054,6.993796977149577,0.7411923408508301,0.14654922485351562
500,25.5,3,1,1,1,1,20,2.82842709243243,5.397957685849514,8.200512838270345,0.7268378734588623,0.12407279014587402
500,25.5,3,1,1,1,1,21,2.8284139882368793,4.824563264672314,7.238341204014697,0.73856520652771,0.14911365509033203
500,25.5,3,1,1,1,1,22,2.8284260178285225,4.707211001352798,7.304518673834223,0.8105752468109131,0.13719582557678223
500,25.5,3,1,1,1,1,23,2.828407716479035,4.036010428849303,6.84296381691404,0.7327980995178223,0.12698745727539062
500,25.5,3,1,1,1,1,24,2.8284269949313634,4.66233588393228,7.452567993289581,0.7494354248046875,0.12227249145507812
